# Rounded 20 x 10 x 8 cm bread loaf with recessed scoring cuts
mtllib bread.mtl
o bread
v 0.0000000 0.0000000 0.0040000
v -0.0119170 -0.0000000 0.0040635
v -0.0119088 -0.0006247 0.0040635
v -0.0118843 -0.0010284 0.0040635
v -0.0118435 -0.0013754 0.0040635
v -0.0117864 -0.0016893 0.0040635
v -0.0117129 -0.0019796 0.0040635
v -0.0116232 -0.0022516 0.0040635
v -0.0115173 -0.0025084 0.0040635
v -0.0113951 -0.0027520 0.0040635
v -0.0112567 -0.0029839 0.0040635
v -0.0111021 -0.0032049 0.0040635
v -0.0109314 -0.0034159 0.0040635
v -0.0107446 -0.0036174 0.0040635
v -0.0105416 -0.0038097 0.0040635
v -0.0103226 -0.0039932 0.0040635
v -0.0100875 -0.0041681 0.0040635
v -0.0098363 -0.0043346 0.0040635
v -0.0095689 -0.0044927 0.0040635
v -0.0092853 -0.0046427 0.0040635
v -0.0089854 -0.0047844 0.0040635
v -0.0086691 -0.0049181 0.0040635
v -0.0083362 -0.0050437 0.0040635
v -0.0079864 -0.0051613 0.0040635
v -0.0076194 -0.0052708 0.0040635
v -0.0072348 -0.0053723 0.0040635
v -0.0068319 -0.0054657 0.0040635
v -0.0064099 -0.0055511 0.0040635
v -0.0059678 -0.0056283 0.0040635
v -0.0055041 -0.0056975 0.0040635
v -0.0050168 -0.0057586 0.0040635
v -0.0045032 -0.0058116 0.0040635
v -0.0039592 -0.0058565 0.0040635
v -0.0033785 -0.0058932 0.0040635
v -0.0027509 -0.0059218 0.0040635
v -0.0020567 -0.0059422 0.0040635
v -0.0012495 -0.0059544 0.0040635
v 0.0000000 -0.0059585 0.0040635
v 0.0012495 -0.0059544 0.0040635
v 0.0020567 -0.0059422 0.0040635
v 0.0027509 -0.0059218 0.0040635
v 0.0033785 -0.0058932 0.0040635
v 0.0039592 -0.0058565 0.0040635
v 0.0045032 -0.0058116 0.0040635
v 0.0050168 -0.0057586 0.0040635
v 0.0055041 -0.0056975 0.0040635
v 0.0059678 -0.0056283 0.0040635
v 0.0064099 -0.0055511 0.0040635
v 0.0068319 -0.0054657 0.0040635
v 0.0072348 -0.0053723 0.0040635
v 0.0076194 -0.0052708 0.0040635
v 0.0079864 -0.0051613 0.0040635
v 0.0083362 -0.0050437 0.0040635
v 0.0086691 -0.0049181 0.0040635
v 0.0089854 -0.0047844 0.0040635
v 0.0092853 -0.0046427 0.0040635
v 0.0095689 -0.0044927 0.0040635
v 0.0098363 -0.0043346 0.0040635
v 0.0100875 -0.0041681 0.0040635
v 0.0103226 -0.0039932 0.0040635
v 0.0105416 -0.0038097 0.0040635
v 0.0107446 -0.0036174 0.0040635
v 0.0109314 -0.0034159 0.0040635
v 0.0111021 -0.0032049 0.0040635
v 0.0112567 -0.0029839 0.0040635
v 0.0113951 -0.0027520 0.0040635
v 0.0115173 -0.0025084 0.0040635
v 0.0116232 -0.0022516 0.0040635
v 0.0117129 -0.0019796 0.0040635
v 0.0117864 -0.0016893 0.0040635
v 0.0118435 -0.0013754 0.0040635
v 0.0118843 -0.0010284 0.0040635
v 0.0119088 -0.0006247 0.0040635
v 0.0119170 0.0000000 0.0040635
v 0.0119088 0.0006247 0.0040635
v 0.0118843 0.0010284 0.0040635
v 0.0118435 0.0013754 0.0040635
v 0.0117864 0.0016893 0.0040635
v 0.0117129 0.0019796 0.0040635
v 0.0116232 0.0022516 0.0040635
v 0.0115173 0.0025084 0.0040635
v 0.0113951 0.0027520 0.0040635
v 0.0112567 0.0029839 0.0040635
v 0.0111021 0.0032049 0.0040635
v 0.0109314 0.0034159 0.0040635
v 0.0107446 0.0036174 0.0040635
v 0.0105416 0.0038097 0.0040635
v 0.0103226 0.0039932 0.0040635
v 0.0100875 0.0041681 0.0040635
v 0.0098363 0.0043346 0.0040635
v 0.0095689 0.0044927 0.0040635
v 0.0092853 0.0046427 0.0040635
v 0.0089854 0.0047844 0.0040635
v 0.0086691 0.0049181 0.0040635
v 0.0083362 0.0050437 0.0040635
v 0.0079864 0.0051613 0.0040635
v 0.0076194 0.0052708 0.0040635
v 0.0072348 0.0053723 0.0040635
v 0.0068319 0.0054657 0.0040635
v 0.0064099 0.0055511 0.0040635
v 0.0059678 0.0056283 0.0040635
v 0.0055041 0.0056975 0.0040635
v 0.0050168 0.0057586 0.0040635
v 0.0045032 0.0058116 0.0040635
v 0.0039592 0.0058565 0.0040635
v 0.0033785 0.0058932 0.0040635
v 0.0027509 0.0059218 0.0040635
v 0.0020567 0.0059422 0.0040635
v 0.0012495 0.0059544 0.0040635
v 0.0000000 0.0059585 0.0040635
v -0.0012495 0.0059544 0.0040635
v -0.0020567 0.0059422 0.0040635
v -0.0027509 0.0059218 0.0040635
v -0.0033785 0.0058932 0.0040635
v -0.0039592 0.0058565 0.0040635
v -0.0045032 0.0058116 0.0040635
v -0.0050168 0.0057586 0.0040635
v -0.0055041 0.0056975 0.0040635
v -0.0059678 0.0056283 0.0040635
v -0.0064099 0.0055511 0.0040635
v -0.0068319 0.0054657 0.0040635
v -0.0072348 0.0053723 0.0040635
v -0.0076194 0.0052708 0.0040635
v -0.0079864 0.0051613 0.0040635
v -0.0083362 0.0050437 0.0040635
v -0.0086691 0.0049181 0.0040635
v -0.0089854 0.0047844 0.0040635
v -0.0092853 0.0046427 0.0040635
v -0.0095689 0.0044927 0.0040635
v -0.0098363 0.0043346 0.0040635
v -0.0100875 0.0041681 0.0040635
v -0.0103226 0.0039932 0.0040635
v -0.0105416 0.0038097 0.0040635
v -0.0107446 0.0036174 0.0040635
v -0.0109314 0.0034159 0.0040635
v -0.0111021 0.0032049 0.0040635
v -0.0112567 0.0029839 0.0040635
v -0.0113951 0.0027520 0.0040635
v -0.0115173 0.0025084 0.0040635
v -0.0116232 0.0022516 0.0040635
v -0.0117129 0.0019796 0.0040635
v -0.0117864 0.0016893 0.0040635
v -0.0118435 0.0013754 0.0040635
v -0.0118843 0.0010284 0.0040635
v -0.0119088 0.0006247 0.0040635
v -0.0204289 -0.0000000 0.0042538
v -0.0204149 -0.0010710 0.0042538
v -0.0203729 -0.0017629 0.0042538
v -0.0203029 -0.0023579 0.0042538
v -0.0202049 -0.0028959 0.0042538
v -0.0200790 -0.0033936 0.0042538
v -0.0199252 -0.0038599 0.0042538
v -0.0197436 -0.0043001 0.0042538
v -0.0195341 -0.0047177 0.0042538
v -0.0192969 -0.0051152 0.0042538
v -0.0190319 -0.0054941 0.0042538
v -0.0187393 -0.0058558 0.0042538
v -0.0184190 -0.0062012 0.0042538
v -0.0180711 -0.0065309 0.0042538
v -0.0176957 -0.0068454 0.0042538
v -0.0172926 -0.0071452 0.0042538
v -0.0168619 -0.0074306 0.0042538
v -0.0164036 -0.0077017 0.0042538
v -0.0159174 -0.0079587 0.0042538
v -0.0154034 -0.0082018 0.0042538
v -0.0148612 -0.0084310 0.0042538
v -0.0142905 -0.0086463 0.0042538
v -0.0136908 -0.0088478 0.0042538
v -0.0130617 -0.0090356 0.0042538
v -0.0124023 -0.0092095 0.0042538
v -0.0117116 -0.0093696 0.0042538
v -0.0109882 -0.0095160 0.0042538
v -0.0102303 -0.0096484 0.0042538
v -0.0094354 -0.0097671 0.0042538
v -0.0086002 -0.0098718 0.0042538
v -0.0077197 -0.0099626 0.0042538
v -0.0067871 -0.0100395 0.0042538
v -0.0057917 -0.0101025 0.0042538
v -0.0047157 -0.0101514 0.0042538
v -0.0035258 -0.0101864 0.0042538
v -0.0021420 -0.0102074 0.0042538
v 0.0000000 -0.0102144 0.0042538
v 0.0021420 -0.0102074 0.0042538
v 0.0035258 -0.0101864 0.0042538
v 0.0047157 -0.0101514 0.0042538
v 0.0057917 -0.0101025 0.0042538
v 0.0067871 -0.0100395 0.0042538
v 0.0077197 -0.0099626 0.0042538
v 0.0086002 -0.0098718 0.0042538
v 0.0094354 -0.0097671 0.0042538
v 0.0102303 -0.0096484 0.0042538
v 0.0109882 -0.0095160 0.0042538
v 0.0117116 -0.0093696 0.0042538
v 0.0124023 -0.0092095 0.0042538
v 0.0130617 -0.0090356 0.0042538
v 0.0136908 -0.0088478 0.0042538
v 0.0142905 -0.0086463 0.0042538
v 0.0148612 -0.0084310 0.0042538
v 0.0154034 -0.0082018 0.0042538
v 0.0159174 -0.0079587 0.0042538
v 0.0164036 -0.0077017 0.0042538
v 0.0168619 -0.0074306 0.0042538
v 0.0172926 -0.0071452 0.0042538
v 0.0176957 -0.0068454 0.0042538
v 0.0180711 -0.0065309 0.0042538
v 0.0184190 -0.0062012 0.0042538
v 0.0187393 -0.0058558 0.0042538
v 0.0190319 -0.0054941 0.0042538
v 0.0192969 -0.0051152 0.0042538
v 0.0195341 -0.0047177 0.0042538
v 0.0197436 -0.0043001 0.0042538
v 0.0199252 -0.0038599 0.0042538
v 0.0200790 -0.0033936 0.0042538
v 0.0202049 -0.0028959 0.0042538
v 0.0203029 -0.0023579 0.0042538
v 0.0203729 -0.0017629 0.0042538
v 0.0204149 -0.0010710 0.0042538
v 0.0204289 0.0000000 0.0042538
v 0.0204149 0.0010710 0.0042538
v 0.0203729 0.0017629 0.0042538
v 0.0203029 0.0023579 0.0042538
v 0.0202049 0.0028959 0.0042538
v 0.0200790 0.0033936 0.0042538
v 0.0199252 0.0038599 0.0042538
v 0.0197436 0.0043001 0.0042538
v 0.0195341 0.0047177 0.0042538
v 0.0192969 0.0051152 0.0042538
v 0.0190319 0.0054941 0.0042538
v 0.0187393 0.0058558 0.0042538
v 0.0184190 0.0062012 0.0042538
v 0.0180711 0.0065309 0.0042538
v 0.0176957 0.0068454 0.0042538
v 0.0172926 0.0071452 0.0042538
v 0.0168619 0.0074306 0.0042538
v 0.0164036 0.0077017 0.0042538
v 0.0159174 0.0079587 0.0042538
v 0.0154034 0.0082018 0.0042538
v 0.0148612 0.0084310 0.0042538
v 0.0142905 0.0086463 0.0042538
v 0.0136908 0.0088478 0.0042538
v 0.0130617 0.0090356 0.0042538
v 0.0124023 0.0092095 0.0042538
v 0.0117116 0.0093696 0.0042538
v 0.0109882 0.0095160 0.0042538
v 0.0102303 0.0096484 0.0042538
v 0.0094354 0.0097671 0.0042538
v 0.0086002 0.0098718 0.0042538
v 0.0077197 0.0099626 0.0042538
v 0.0067871 0.0100395 0.0042538
v 0.0057917 0.0101025 0.0042538
v 0.0047157 0.0101514 0.0042538
v 0.0035258 0.0101864 0.0042538
v 0.0021420 0.0102074 0.0042538
v 0.0000000 0.0102144 0.0042538
v -0.0021420 0.0102074 0.0042538
v -0.0035258 0.0101864 0.0042538
v -0.0047157 0.0101514 0.0042538
v -0.0057917 0.0101025 0.0042538
v -0.0067871 0.0100395 0.0042538
v -0.0077197 0.0099626 0.0042538
v -0.0086002 0.0098718 0.0042538
v -0.0094354 0.0097671 0.0042538
v -0.0102303 0.0096484 0.0042538
v -0.0109882 0.0095160 0.0042538
v -0.0117116 0.0093696 0.0042538
v -0.0124023 0.0092095 0.0042538
v -0.0130617 0.0090356 0.0042538
v -0.0136908 0.0088478 0.0042538
v -0.0142905 0.0086463 0.0042538
v -0.0148612 0.0084310 0.0042538
v -0.0154034 0.0082018 0.0042538
v -0.0159174 0.0079587 0.0042538
v -0.0164036 0.0077017 0.0042538
v -0.0168619 0.0074306 0.0042538
v -0.0172926 0.0071452 0.0042538
v -0.0176957 0.0068454 0.0042538
v -0.0180711 0.0065309 0.0042538
v -0.0184190 0.0062012 0.0042538
v -0.0187393 0.0058558 0.0042538
v -0.0190319 0.0054941 0.0042538
v -0.0192969 0.0051152 0.0042538
v -0.0195341 0.0047177 0.0042538
v -0.0197436 0.0043001 0.0042538
v -0.0199252 0.0038599 0.0042538
v -0.0200790 0.0033936 0.0042538
v -0.0202049 0.0028959 0.0042538
v -0.0203029 0.0023579 0.0042538
v -0.0203729 0.0017629 0.0042538
v -0.0204149 0.0010710 0.0042538
v -0.0279501 -0.0000000 0.0045707
v -0.0279310 -0.0014653 0.0045707
v -0.0278735 -0.0024119 0.0045707
v -0.0277778 -0.0032259 0.0045707
v -0.0276437 -0.0039620 0.0045707
v -0.0274715 -0.0046430 0.0045707
v -0.0272611 -0.0052809 0.0045707
v -0.0270126 -0.0058832 0.0045707
v -0.0267260 -0.0064546 0.0045707
v -0.0264014 -0.0069984 0.0045707
v -0.0260389 -0.0075169 0.0045707
v -0.0256385 -0.0080117 0.0045707
v -0.0252003 -0.0084842 0.0045707
v -0.0247244 -0.0089353 0.0045707
v -0.0242106 -0.0093657 0.0045707
v -0.0236592 -0.0097759 0.0045707
v -0.0230700 -0.0101663 0.0045707
v -0.0224429 -0.0105372 0.0045707
v -0.0217778 -0.0108889 0.0045707
v -0.0210744 -0.0112214 0.0045707
v -0.0203326 -0.0115350 0.0045707
v -0.0195518 -0.0118296 0.0045707
v -0.0187314 -0.0121053 0.0045707
v -0.0178706 -0.0123622 0.0045707
v -0.0169685 -0.0126002 0.0045707
v -0.0160234 -0.0128193 0.0045707
v -0.0150337 -0.0130194 0.0045707
v -0.0139968 -0.0132007 0.0045707
v -0.0129093 -0.0133630 0.0045707
v -0.0117665 -0.0135063 0.0045707
v -0.0105619 -0.0136306 0.0045707
v -0.0092859 -0.0137358 0.0045707
v -0.0079240 -0.0138219 0.0045707
v -0.0064519 -0.0138889 0.0045707
v -0.0048239 -0.0139368 0.0045707
v -0.0029306 -0.0139655 0.0045707
v 0.0000000 -0.0139751 0.0045707
v 0.0029306 -0.0139655 0.0045707
v 0.0048239 -0.0139368 0.0045707
v 0.0064519 -0.0138889 0.0045707
v 0.0079240 -0.0138219 0.0045707
v 0.0092859 -0.0137358 0.0045707
v 0.0105619 -0.0136306 0.0045707
v 0.0117665 -0.0135063 0.0045707
v 0.0129093 -0.0133630 0.0045707
v 0.0139968 -0.0132007 0.0045707
v 0.0150337 -0.0130194 0.0045707
v 0.0160234 -0.0128193 0.0045707
v 0.0169685 -0.0126002 0.0045707
v 0.0178706 -0.0123622 0.0045707
v 0.0187314 -0.0121053 0.0045707
v 0.0195518 -0.0118296 0.0045707
v 0.0203326 -0.0115350 0.0045707
v 0.0210744 -0.0112214 0.0045707
v 0.0217778 -0.0108889 0.0045707
v 0.0224429 -0.0105372 0.0045707
v 0.0230700 -0.0101663 0.0045707
v 0.0236592 -0.0097759 0.0045707
v 0.0242106 -0.0093657 0.0045707
v 0.0247244 -0.0089353 0.0045707
v 0.0252003 -0.0084842 0.0045707
v 0.0256385 -0.0080117 0.0045707
v 0.0260389 -0.0075169 0.0045707
v 0.0264014 -0.0069984 0.0045707
v 0.0267260 -0.0064546 0.0045707
v 0.0270126 -0.0058832 0.0045707
v 0.0272611 -0.0052809 0.0045707
v 0.0274715 -0.0046430 0.0045707
v 0.0276437 -0.0039620 0.0045707
v 0.0277778 -0.0032259 0.0045707
v 0.0278735 -0.0024119 0.0045707
v 0.0279310 -0.0014653 0.0045707
v 0.0279501 0.0000000 0.0045707
v 0.0279310 0.0014653 0.0045707
v 0.0278735 0.0024119 0.0045707
v 0.0277778 0.0032259 0.0045707
v 0.0276437 0.0039620 0.0045707
v 0.0274715 0.0046430 0.0045707
v 0.0272611 0.0052809 0.0045707
v 0.0270126 0.0058832 0.0045707
v 0.0267260 0.0064546 0.0045707
v 0.0264014 0.0069984 0.0045707
v 0.0260389 0.0075169 0.0045707
v 0.0256385 0.0080117 0.0045707
v 0.0252003 0.0084842 0.0045707
v 0.0247244 0.0089353 0.0045707
v 0.0242106 0.0093657 0.0045707
v 0.0236592 0.0097759 0.0045707
v 0.0230700 0.0101663 0.0045707
v 0.0224429 0.0105372 0.0045707
v 0.0217778 0.0108889 0.0045707
v 0.0210744 0.0112214 0.0045707
v 0.0203326 0.0115350 0.0045707
v 0.0195518 0.0118296 0.0045707
v 0.0187314 0.0121053 0.0045707
v 0.0178706 0.0123622 0.0045707
v 0.0169685 0.0126002 0.0045707
v 0.0160234 0.0128193 0.0045707
v 0.0150337 0.0130194 0.0045707
v 0.0139968 0.0132007 0.0045707
v 0.0129093 0.0133630 0.0045707
v 0.0117665 0.0135063 0.0045707
v 0.0105619 0.0136306 0.0045707
v 0.0092859 0.0137358 0.0045707
v 0.0079240 0.0138219 0.0045707
v 0.0064519 0.0138889 0.0045707
v 0.0048239 0.0139368 0.0045707
v 0.0029306 0.0139655 0.0045707
v 0.0000000 0.0139751 0.0045707
v -0.0029306 0.0139655 0.0045707
v -0.0048239 0.0139368 0.0045707
v -0.0064519 0.0138889 0.0045707
v -0.0079240 0.0138219 0.0045707
v -0.0092859 0.0137358 0.0045707
v -0.0105619 0.0136306 0.0045707
v -0.0117665 0.0135063 0.0045707
v -0.0129093 0.0133630 0.0045707
v -0.0139968 0.0132007 0.0045707
v -0.0150337 0.0130194 0.0045707
v -0.0160234 0.0128193 0.0045707
v -0.0169685 0.0126002 0.0045707
v -0.0178706 0.0123622 0.0045707
v -0.0187314 0.0121053 0.0045707
v -0.0195518 0.0118296 0.0045707
v -0.0203326 0.0115350 0.0045707
v -0.0210744 0.0112214 0.0045707
v -0.0217778 0.0108889 0.0045707
v -0.0224429 0.0105372 0.0045707
v -0.0230700 0.0101663 0.0045707
v -0.0236592 0.0097759 0.0045707
v -0.0242106 0.0093657 0.0045707
v -0.0247244 0.0089353 0.0045707
v -0.0252003 0.0084842 0.0045707
v -0.0256385 0.0080117 0.0045707
v -0.0260389 0.0075169 0.0045707
v -0.0264014 0.0069984 0.0045707
v -0.0267260 0.0064546 0.0045707
v -0.0270126 0.0058832 0.0045707
v -0.0272611 0.0052809 0.0045707
v -0.0274715 0.0046430 0.0045707
v -0.0276437 0.0039620 0.0045707
v -0.0277778 0.0032259 0.0045707
v -0.0278735 0.0024119 0.0045707
v -0.0279310 0.0014653 0.0045707
v -0.0348447 -0.0000000 0.0050138
v -0.0348208 -0.0018267 0.0050138
v -0.0347492 -0.0030069 0.0050138
v -0.0346298 -0.0040217 0.0050138
v -0.0344628 -0.0049393 0.0050138
v -0.0342480 -0.0057883 0.0050138
v -0.0339857 -0.0065836 0.0050138
v -0.0336759 -0.0073345 0.0050138
v -0.0333186 -0.0080468 0.0050138
v -0.0329140 -0.0087247 0.0050138
v -0.0324620 -0.0093711 0.0050138
v -0.0319629 -0.0099880 0.0050138
v -0.0314166 -0.0105771 0.0050138
v -0.0308232 -0.0111394 0.0050138
v -0.0301828 -0.0116760 0.0050138
v -0.0294953 -0.0121873 0.0050138
v -0.0287607 -0.0126741 0.0050138
v -0.0279789 -0.0131365 0.0050138
v -0.0271498 -0.0135749 0.0050138
v -0.0262730 -0.0139895 0.0050138
v -0.0253481 -0.0143804 0.0050138
v -0.0243747 -0.0147477 0.0050138
v -0.0233519 -0.0150914 0.0050138
v -0.0222789 -0.0154116 0.0050138
v -0.0211541 -0.0157083 0.0050138
v -0.0199760 -0.0159814 0.0050138
v -0.0187422 -0.0162310 0.0050138
v -0.0174494 -0.0164570 0.0050138
v -0.0160936 -0.0166593 0.0050138
v -0.0146690 -0.0168379 0.0050138
v -0.0131672 -0.0169929 0.0050138
v -0.0115766 -0.0171240 0.0050138
v -0.0098787 -0.0172314 0.0050138
v -0.0080434 -0.0173149 0.0050138
v -0.0060138 -0.0173746 0.0050138
v -0.0036535 -0.0174104 0.0050138
v 0.0000000 -0.0174224 0.0050138
v 0.0036535 -0.0174104 0.0050138
v 0.0060138 -0.0173746 0.0050138
v 0.0080434 -0.0173149 0.0050138
v 0.0098787 -0.0172314 0.0050138
v 0.0115766 -0.0171240 0.0050138
v 0.0131672 -0.0169929 0.0050138
v 0.0146690 -0.0168379 0.0050138
v 0.0160936 -0.0166593 0.0050138
v 0.0174494 -0.0164570 0.0050138
v 0.0187422 -0.0162310 0.0050138
v 0.0199760 -0.0159814 0.0050138
v 0.0211541 -0.0157083 0.0050138
v 0.0222789 -0.0154116 0.0050138
v 0.0233519 -0.0150914 0.0050138
v 0.0243747 -0.0147477 0.0050138
v 0.0253481 -0.0143804 0.0050138
v 0.0262730 -0.0139895 0.0050138
v 0.0271498 -0.0135749 0.0050138
v 0.0279789 -0.0131365 0.0050138
v 0.0287607 -0.0126741 0.0050138
v 0.0294953 -0.0121873 0.0050138
v 0.0301828 -0.0116760 0.0050138
v 0.0308232 -0.0111394 0.0050138
v 0.0314166 -0.0105771 0.0050138
v 0.0319629 -0.0099880 0.0050138
v 0.0324620 -0.0093711 0.0050138
v 0.0329140 -0.0087247 0.0050138
v 0.0333186 -0.0080468 0.0050138
v 0.0336759 -0.0073345 0.0050138
v 0.0339857 -0.0065836 0.0050138
v 0.0342480 -0.0057883 0.0050138
v 0.0344628 -0.0049393 0.0050138
v 0.0346298 -0.0040217 0.0050138
v 0.0347492 -0.0030069 0.0050138
v 0.0348208 -0.0018267 0.0050138
v 0.0348447 0.0000000 0.0050138
v 0.0348208 0.0018267 0.0050138
v 0.0347492 0.0030069 0.0050138
v 0.0346298 0.0040217 0.0050138
v 0.0344628 0.0049393 0.0050138
v 0.0342480 0.0057883 0.0050138
v 0.0339857 0.0065836 0.0050138
v 0.0336759 0.0073345 0.0050138
v 0.0333186 0.0080468 0.0050138
v 0.0329140 0.0087247 0.0050138
v 0.0324620 0.0093711 0.0050138
v 0.0319629 0.0099880 0.0050138
v 0.0314166 0.0105771 0.0050138
v 0.0308232 0.0111394 0.0050138
v 0.0301828 0.0116760 0.0050138
v 0.0294953 0.0121873 0.0050138
v 0.0287607 0.0126741 0.0050138
v 0.0279789 0.0131365 0.0050138
v 0.0271498 0.0135749 0.0050138
v 0.0262730 0.0139895 0.0050138
v 0.0253481 0.0143804 0.0050138
v 0.0243747 0.0147477 0.0050138
v 0.0233519 0.0150914 0.0050138
v 0.0222789 0.0154116 0.0050138
v 0.0211541 0.0157083 0.0050138
v 0.0199760 0.0159814 0.0050138
v 0.0187422 0.0162310 0.0050138
v 0.0174494 0.0164570 0.0050138
v 0.0160936 0.0166593 0.0050138
v 0.0146690 0.0168379 0.0050138
v 0.0131672 0.0169929 0.0050138
v 0.0115766 0.0171240 0.0050138
v 0.0098787 0.0172314 0.0050138
v 0.0080434 0.0173149 0.0050138
v 0.0060138 0.0173746 0.0050138
v 0.0036535 0.0174104 0.0050138
v 0.0000000 0.0174224 0.0050138
v -0.0036535 0.0174104 0.0050138
v -0.0060138 0.0173746 0.0050138
v -0.0080434 0.0173149 0.0050138
v -0.0098787 0.0172314 0.0050138
v -0.0115766 0.0171240 0.0050138
v -0.0131672 0.0169929 0.0050138
v -0.0146690 0.0168379 0.0050138
v -0.0160936 0.0166593 0.0050138
v -0.0174494 0.0164570 0.0050138
v -0.0187422 0.0162310 0.0050138
v -0.0199760 0.0159814 0.0050138
v -0.0211541 0.0157083 0.0050138
v -0.0222789 0.0154116 0.0050138
v -0.0233519 0.0150914 0.0050138
v -0.0243747 0.0147477 0.0050138
v -0.0253481 0.0143804 0.0050138
v -0.0262730 0.0139895 0.0050138
v -0.0271498 0.0135749 0.0050138
v -0.0279789 0.0131365 0.0050138
v -0.0287607 0.0126741 0.0050138
v -0.0294953 0.0121873 0.0050138
v -0.0301828 0.0116760 0.0050138
v -0.0308232 0.0111394 0.0050138
v -0.0314166 0.0105771 0.0050138
v -0.0319629 0.0099880 0.0050138
v -0.0324620 0.0093711 0.0050138
v -0.0329140 0.0087247 0.0050138
v -0.0333186 0.0080468 0.0050138
v -0.0336759 0.0073345 0.0050138
v -0.0339857 0.0065836 0.0050138
v -0.0342480 0.0057883 0.0050138
v -0.0344628 0.0049393 0.0050138
v -0.0346298 0.0040217 0.0050138
v -0.0347492 0.0030069 0.0050138
v -0.0348208 0.0018267 0.0050138
v -0.0412608 -0.0000000 0.0055824
v -0.0412325 -0.0021631 0.0055824
v -0.0411477 -0.0035606 0.0055824
v -0.0410063 -0.0047622 0.0055824
v -0.0408085 -0.0058488 0.0055824
v -0.0405542 -0.0068541 0.0055824
v -0.0402436 -0.0077959 0.0055824
v -0.0398767 -0.0086850 0.0055824
v -0.0394536 -0.0095285 0.0055824
v -0.0389745 -0.0103312 0.0055824
v -0.0384393 -0.0110966 0.0055824
v -0.0378483 -0.0118271 0.0055824
v -0.0372014 -0.0125247 0.0055824
v -0.0364988 -0.0131906 0.0055824
v -0.0357404 -0.0138259 0.0055824
v -0.0349264 -0.0144314 0.0055824
v -0.0340565 -0.0150078 0.0055824
v -0.0331308 -0.0155553 0.0055824
v -0.0321489 -0.0160745 0.0055824
v -0.0311107 -0.0165654 0.0055824
v -0.0300155 -0.0170283 0.0055824
v -0.0288629 -0.0174632 0.0055824
v -0.0276518 -0.0178702 0.0055824
v -0.0263811 -0.0182494 0.0055824
v -0.0250493 -0.0186007 0.0055824
v -0.0236543 -0.0189241 0.0055824
v -0.0221932 -0.0192197 0.0055824
v -0.0206625 -0.0194872 0.0055824
v -0.0190570 -0.0197268 0.0055824
v -0.0173700 -0.0199384 0.0055824
v -0.0155917 -0.0201218 0.0055824
v -0.0137082 -0.0202771 0.0055824
v -0.0116977 -0.0204042 0.0055824
v -0.0095244 -0.0205032 0.0055824
v -0.0071212 -0.0205738 0.0055824
v -0.0043262 -0.0206162 0.0055824
v 0.0000000 -0.0206304 0.0055824
v 0.0043262 -0.0206162 0.0055824
v 0.0071212 -0.0205738 0.0055824
v 0.0095244 -0.0205032 0.0055824
v 0.0116977 -0.0204042 0.0055824
v 0.0137082 -0.0202771 0.0055824
v 0.0155917 -0.0201218 0.0055824
v 0.0173700 -0.0199384 0.0055824
v 0.0190570 -0.0197268 0.0055824
v 0.0206625 -0.0194872 0.0055824
v 0.0221932 -0.0192197 0.0055824
v 0.0236543 -0.0189241 0.0055824
v 0.0250493 -0.0186007 0.0055824
v 0.0263811 -0.0182494 0.0055824
v 0.0276518 -0.0178702 0.0055824
v 0.0288629 -0.0174632 0.0055824
v 0.0300155 -0.0170283 0.0055824
v 0.0311107 -0.0165654 0.0055824
v 0.0321489 -0.0160745 0.0055824
v 0.0331308 -0.0155553 0.0055824
v 0.0340565 -0.0150078 0.0055824
v 0.0349264 -0.0144314 0.0055824
v 0.0357404 -0.0138259 0.0055824
v 0.0364988 -0.0131906 0.0055824
v 0.0372014 -0.0125247 0.0055824
v 0.0378483 -0.0118271 0.0055824
v 0.0384393 -0.0110966 0.0055824
v 0.0389745 -0.0103312 0.0055824
v 0.0394536 -0.0095285 0.0055824
v 0.0398767 -0.0086850 0.0055824
v 0.0402436 -0.0077959 0.0055824
v 0.0405542 -0.0068541 0.0055824
v 0.0408085 -0.0058488 0.0055824
v 0.0410063 -0.0047622 0.0055824
v 0.0411477 -0.0035606 0.0055824
v 0.0412325 -0.0021631 0.0055824
v 0.0412608 0.0000000 0.0055824
v 0.0412325 0.0021631 0.0055824
v 0.0411477 0.0035606 0.0055824
v 0.0410063 0.0047622 0.0055824
v 0.0408085 0.0058488 0.0055824
v 0.0405542 0.0068541 0.0055824
v 0.0402436 0.0077959 0.0055824
v 0.0398767 0.0086850 0.0055824
v 0.0394536 0.0095285 0.0055824
v 0.0389745 0.0103312 0.0055824
v 0.0384393 0.0110966 0.0055824
v 0.0378483 0.0118271 0.0055824
v 0.0372014 0.0125247 0.0055824
v 0.0364988 0.0131906 0.0055824
v 0.0357404 0.0138259 0.0055824
v 0.0349264 0.0144314 0.0055824
v 0.0340565 0.0150078 0.0055824
v 0.0331308 0.0155553 0.0055824
v 0.0321489 0.0160745 0.0055824
v 0.0311107 0.0165654 0.0055824
v 0.0300155 0.0170283 0.0055824
v 0.0288629 0.0174632 0.0055824
v 0.0276518 0.0178702 0.0055824
v 0.0263811 0.0182494 0.0055824
v 0.0250493 0.0186007 0.0055824
v 0.0236543 0.0189241 0.0055824
v 0.0221932 0.0192197 0.0055824
v 0.0206625 0.0194872 0.0055824
v 0.0190570 0.0197268 0.0055824
v 0.0173700 0.0199384 0.0055824
v 0.0155917 0.0201218 0.0055824
v 0.0137082 0.0202771 0.0055824
v 0.0116977 0.0204042 0.0055824
v 0.0095244 0.0205032 0.0055824
v 0.0071212 0.0205738 0.0055824
v 0.0043262 0.0206162 0.0055824
v 0.0000000 0.0206304 0.0055824
v -0.0043262 0.0206162 0.0055824
v -0.0071212 0.0205738 0.0055824
v -0.0095244 0.0205032 0.0055824
v -0.0116977 0.0204042 0.0055824
v -0.0137082 0.0202771 0.0055824
v -0.0155917 0.0201218 0.0055824
v -0.0173700 0.0199384 0.0055824
v -0.0190570 0.0197268 0.0055824
v -0.0206625 0.0194872 0.0055824
v -0.0221932 0.0192197 0.0055824
v -0.0236543 0.0189241 0.0055824
v -0.0250493 0.0186007 0.0055824
v -0.0263811 0.0182494 0.0055824
v -0.0276518 0.0178702 0.0055824
v -0.0288629 0.0174632 0.0055824
v -0.0300155 0.0170283 0.0055824
v -0.0311107 0.0165654 0.0055824
v -0.0321489 0.0160745 0.0055824
v -0.0331308 0.0155553 0.0055824
v -0.0340565 0.0150078 0.0055824
v -0.0349264 0.0144314 0.0055824
v -0.0357404 0.0138259 0.0055824
v -0.0364988 0.0131906 0.0055824
v -0.0372014 0.0125247 0.0055824
v -0.0378483 0.0118271 0.0055824
v -0.0384393 0.0110966 0.0055824
v -0.0389745 0.0103312 0.0055824
v -0.0394536 0.0095285 0.0055824
v -0.0398767 0.0086850 0.0055824
v -0.0402436 0.0077959 0.0055824
v -0.0405542 0.0068541 0.0055824
v -0.0408085 0.0058488 0.0055824
v -0.0410063 0.0047622 0.0055824
v -0.0411477 0.0035606 0.0055824
v -0.0412325 0.0021631 0.0055824
v -0.0472732 -0.0000000 0.0062757
v -0.0472408 -0.0024783 0.0062757
v -0.0471436 -0.0040794 0.0062757
v -0.0469817 -0.0054562 0.0062757
v -0.0467550 -0.0067011 0.0062757
v -0.0464637 -0.0078529 0.0062757
v -0.0461078 -0.0089319 0.0062757
v -0.0456875 -0.0099505 0.0062757
v -0.0452027 -0.0109170 0.0062757
v -0.0446538 -0.0118367 0.0062757
v -0.0440406 -0.0127136 0.0062757
v -0.0433634 -0.0135506 0.0062757
v -0.0426223 -0.0143497 0.0062757
v -0.0418173 -0.0151127 0.0062757
v -0.0409484 -0.0158406 0.0062757
v -0.0400157 -0.0165343 0.0062757
v -0.0390191 -0.0171947 0.0062757
v -0.0379585 -0.0178220 0.0062757
v -0.0368336 -0.0184168 0.0062757
v -0.0356440 -0.0189793 0.0062757
v -0.0343893 -0.0195096 0.0062757
v -0.0330687 -0.0200079 0.0062757
v -0.0316811 -0.0204742 0.0062757
v -0.0302253 -0.0209086 0.0062757
v -0.0286994 -0.0213112 0.0062757
v -0.0271011 -0.0216817 0.0062757
v -0.0254271 -0.0220203 0.0062757
v -0.0236733 -0.0223269 0.0062757
v -0.0218339 -0.0226014 0.0062757
v -0.0199011 -0.0228437 0.0062757
v -0.0178637 -0.0230539 0.0062757
v -0.0157057 -0.0232318 0.0062757
v -0.0134022 -0.0233775 0.0062757
v -0.0109123 -0.0234908 0.0062757
v -0.0081588 -0.0235718 0.0062757
v -0.0049566 -0.0236204 0.0062757
v 0.0000000 -0.0236366 0.0062757
v 0.0049566 -0.0236204 0.0062757
v 0.0081588 -0.0235718 0.0062757
v 0.0109123 -0.0234908 0.0062757
v 0.0134022 -0.0233775 0.0062757
v 0.0157057 -0.0232318 0.0062757
v 0.0178637 -0.0230539 0.0062757
v 0.0199011 -0.0228437 0.0062757
v 0.0218339 -0.0226014 0.0062757
v 0.0236733 -0.0223269 0.0062757
v 0.0254271 -0.0220203 0.0062757
v 0.0271011 -0.0216817 0.0062757
v 0.0286994 -0.0213112 0.0062757
v 0.0302253 -0.0209086 0.0062757
v 0.0316811 -0.0204742 0.0062757
v 0.0330687 -0.0200079 0.0062757
v 0.0343893 -0.0195096 0.0062757
v 0.0356440 -0.0189793 0.0062757
v 0.0368336 -0.0184168 0.0062757
v 0.0379585 -0.0178220 0.0062757
v 0.0390191 -0.0171947 0.0062757
v 0.0400157 -0.0165343 0.0062757
v 0.0409484 -0.0158406 0.0062757
v 0.0418173 -0.0151127 0.0062757
v 0.0426223 -0.0143497 0.0062757
v 0.0433634 -0.0135506 0.0062757
v 0.0440406 -0.0127136 0.0062757
v 0.0446538 -0.0118367 0.0062757
v 0.0452027 -0.0109170 0.0062757
v 0.0456875 -0.0099505 0.0062757
v 0.0461078 -0.0089319 0.0062757
v 0.0464637 -0.0078529 0.0062757
v 0.0467550 -0.0067011 0.0062757
v 0.0469817 -0.0054562 0.0062757
v 0.0471436 -0.0040794 0.0062757
v 0.0472408 -0.0024783 0.0062757
v 0.0472732 0.0000000 0.0062757
v 0.0472408 0.0024783 0.0062757
v 0.0471436 0.0040794 0.0062757
v 0.0469817 0.0054562 0.0062757
v 0.0467550 0.0067011 0.0062757
v 0.0464637 0.0078529 0.0062757
v 0.0461078 0.0089319 0.0062757
v 0.0456875 0.0099505 0.0062757
v 0.0452027 0.0109170 0.0062757
v 0.0446538 0.0118367 0.0062757
v 0.0440406 0.0127136 0.0062757
v 0.0433634 0.0135506 0.0062757
v 0.0426223 0.0143497 0.0062757
v 0.0418173 0.0151127 0.0062757
v 0.0409484 0.0158406 0.0062757
v 0.0400157 0.0165343 0.0062757
v 0.0390191 0.0171947 0.0062757
v 0.0379585 0.0178220 0.0062757
v 0.0368336 0.0184168 0.0062757
v 0.0356440 0.0189793 0.0062757
v 0.0343893 0.0195096 0.0062757
v 0.0330687 0.0200079 0.0062757
v 0.0316811 0.0204742 0.0062757
v 0.0302253 0.0209086 0.0062757
v 0.0286994 0.0213112 0.0062757
v 0.0271011 0.0216817 0.0062757
v 0.0254271 0.0220203 0.0062757
v 0.0236733 0.0223269 0.0062757
v 0.0218339 0.0226014 0.0062757
v 0.0199011 0.0228437 0.0062757
v 0.0178637 0.0230539 0.0062757
v 0.0157057 0.0232318 0.0062757
v 0.0134022 0.0233775 0.0062757
v 0.0109123 0.0234908 0.0062757
v 0.0081588 0.0235718 0.0062757
v 0.0049566 0.0236204 0.0062757
v 0.0000000 0.0236366 0.0062757
v -0.0049566 0.0236204 0.0062757
v -0.0081588 0.0235718 0.0062757
v -0.0109123 0.0234908 0.0062757
v -0.0134022 0.0233775 0.0062757
v -0.0157057 0.0232318 0.0062757
v -0.0178637 0.0230539 0.0062757
v -0.0199011 0.0228437 0.0062757
v -0.0218339 0.0226014 0.0062757
v -0.0236733 0.0223269 0.0062757
v -0.0254271 0.0220203 0.0062757
v -0.0271011 0.0216817 0.0062757
v -0.0286994 0.0213112 0.0062757
v -0.0302253 0.0209086 0.0062757
v -0.0316811 0.0204742 0.0062757
v -0.0330687 0.0200079 0.0062757
v -0.0343893 0.0195096 0.0062757
v -0.0356440 0.0189793 0.0062757
v -0.0368336 0.0184168 0.0062757
v -0.0379585 0.0178220 0.0062757
v -0.0390191 0.0171947 0.0062757
v -0.0400157 0.0165343 0.0062757
v -0.0409484 0.0158406 0.0062757
v -0.0418173 0.0151127 0.0062757
v -0.0426223 0.0143497 0.0062757
v -0.0433634 0.0135506 0.0062757
v -0.0440406 0.0127136 0.0062757
v -0.0446538 0.0118367 0.0062757
v -0.0452027 0.0109170 0.0062757
v -0.0456875 0.0099505 0.0062757
v -0.0461078 0.0089319 0.0062757
v -0.0464637 0.0078529 0.0062757
v -0.0467550 0.0067011 0.0062757
v -0.0469817 0.0054562 0.0062757
v -0.0471436 0.0040794 0.0062757
v -0.0472408 0.0024783 0.0062757
v -0.0529237 -0.0000000 0.0070929
v -0.0528875 -0.0027745 0.0070929
v -0.0527787 -0.0045670 0.0070929
v -0.0525974 -0.0061083 0.0070929
v -0.0523436 -0.0075021 0.0070929
v -0.0520175 -0.0087915 0.0070929
v -0.0516191 -0.0099995 0.0070929
v -0.0511485 -0.0111399 0.0070929
v -0.0506058 -0.0122219 0.0070929
v -0.0499912 -0.0132515 0.0070929
v -0.0493048 -0.0142332 0.0070929
v -0.0485467 -0.0151702 0.0070929
v -0.0477169 -0.0160649 0.0070929
v -0.0468157 -0.0169191 0.0070929
v -0.0458430 -0.0177340 0.0070929
v -0.0447988 -0.0185107 0.0070929
v -0.0436831 -0.0192499 0.0070929
v -0.0424957 -0.0199523 0.0070929
v -0.0412363 -0.0206182 0.0070929
v -0.0399046 -0.0212478 0.0070929
v -0.0384999 -0.0218415 0.0070929
v -0.0370214 -0.0223994 0.0070929
v -0.0354680 -0.0229215 0.0070929
v -0.0338381 -0.0234079 0.0070929
v -0.0321299 -0.0238585 0.0070929
v -0.0303405 -0.0242733 0.0070929
v -0.0284664 -0.0246524 0.0070929
v -0.0265030 -0.0249956 0.0070929
v -0.0244437 -0.0253029 0.0070929
v -0.0222799 -0.0255742 0.0070929
v -0.0199990 -0.0258095 0.0070929
v -0.0175830 -0.0260087 0.0070929
v -0.0150042 -0.0261718 0.0070929
v -0.0122167 -0.0262987 0.0070929
v -0.0091341 -0.0263893 0.0070929
v -0.0055491 -0.0264437 0.0070929
v 0.0000000 -0.0264619 0.0070929
v 0.0055491 -0.0264437 0.0070929
v 0.0091341 -0.0263893 0.0070929
v 0.0122167 -0.0262987 0.0070929
v 0.0150042 -0.0261718 0.0070929
v 0.0175830 -0.0260087 0.0070929
v 0.0199990 -0.0258095 0.0070929
v 0.0222799 -0.0255742 0.0070929
v 0.0244437 -0.0253029 0.0070929
v 0.0265030 -0.0249956 0.0070929
v 0.0284664 -0.0246524 0.0070929
v 0.0303405 -0.0242733 0.0070929
v 0.0321299 -0.0238585 0.0070929
v 0.0338381 -0.0234079 0.0070929
v 0.0354680 -0.0229215 0.0070929
v 0.0370214 -0.0223994 0.0070929
v 0.0384999 -0.0218415 0.0070929
v 0.0399046 -0.0212478 0.0070929
v 0.0412363 -0.0206182 0.0070929
v 0.0424957 -0.0199523 0.0070929
v 0.0436831 -0.0192499 0.0070929
v 0.0447988 -0.0185107 0.0070929
v 0.0458430 -0.0177340 0.0070929
v 0.0468157 -0.0169191 0.0070929
v 0.0477169 -0.0160649 0.0070929
v 0.0485467 -0.0151702 0.0070929
v 0.0493048 -0.0142332 0.0070929
v 0.0499912 -0.0132515 0.0070929
v 0.0506058 -0.0122219 0.0070929
v 0.0511485 -0.0111399 0.0070929
v 0.0516191 -0.0099995 0.0070929
v 0.0520175 -0.0087915 0.0070929
v 0.0523436 -0.0075021 0.0070929
v 0.0525974 -0.0061083 0.0070929
v 0.0527787 -0.0045670 0.0070929
v 0.0528875 -0.0027745 0.0070929
v 0.0529237 0.0000000 0.0070929
v 0.0528875 0.0027745 0.0070929
v 0.0527787 0.0045670 0.0070929
v 0.0525974 0.0061083 0.0070929
v 0.0523436 0.0075021 0.0070929
v 0.0520175 0.0087915 0.0070929
v 0.0516191 0.0099995 0.0070929
v 0.0511485 0.0111399 0.0070929
v 0.0506058 0.0122219 0.0070929
v 0.0499912 0.0132515 0.0070929
v 0.0493048 0.0142332 0.0070929
v 0.0485467 0.0151702 0.0070929
v 0.0477169 0.0160649 0.0070929
v 0.0468157 0.0169191 0.0070929
v 0.0458430 0.0177340 0.0070929
v 0.0447988 0.0185107 0.0070929
v 0.0436831 0.0192499 0.0070929
v 0.0424957 0.0199523 0.0070929
v 0.0412363 0.0206182 0.0070929
v 0.0399046 0.0212478 0.0070929
v 0.0384999 0.0218415 0.0070929
v 0.0370214 0.0223994 0.0070929
v 0.0354680 0.0229215 0.0070929
v 0.0338381 0.0234079 0.0070929
v 0.0321299 0.0238585 0.0070929
v 0.0303405 0.0242733 0.0070929
v 0.0284664 0.0246524 0.0070929
v 0.0265030 0.0249956 0.0070929
v 0.0244437 0.0253029 0.0070929
v 0.0222799 0.0255742 0.0070929
v 0.0199990 0.0258095 0.0070929
v 0.0175830 0.0260087 0.0070929
v 0.0150042 0.0261718 0.0070929
v 0.0122167 0.0262987 0.0070929
v 0.0091341 0.0263893 0.0070929
v 0.0055491 0.0264437 0.0070929
v 0.0000000 0.0264619 0.0070929
v -0.0055491 0.0264437 0.0070929
v -0.0091341 0.0263893 0.0070929
v -0.0122167 0.0262987 0.0070929
v -0.0150042 0.0261718 0.0070929
v -0.0175830 0.0260087 0.0070929
v -0.0199990 0.0258095 0.0070929
v -0.0222799 0.0255742 0.0070929
v -0.0244437 0.0253029 0.0070929
v -0.0265030 0.0249956 0.0070929
v -0.0284664 0.0246524 0.0070929
v -0.0303405 0.0242733 0.0070929
v -0.0321299 0.0238585 0.0070929
v -0.0338381 0.0234079 0.0070929
v -0.0354680 0.0229215 0.0070929
v -0.0370214 0.0223994 0.0070929
v -0.0384999 0.0218415 0.0070929
v -0.0399046 0.0212478 0.0070929
v -0.0412363 0.0206182 0.0070929
v -0.0424957 0.0199523 0.0070929
v -0.0436831 0.0192499 0.0070929
v -0.0447988 0.0185107 0.0070929
v -0.0458430 0.0177340 0.0070929
v -0.0468157 0.0169191 0.0070929
v -0.0477169 0.0160649 0.0070929
v -0.0485467 0.0151702 0.0070929
v -0.0493048 0.0142332 0.0070929
v -0.0499912 0.0132515 0.0070929
v -0.0506058 0.0122219 0.0070929
v -0.0511485 0.0111399 0.0070929
v -0.0516191 0.0099995 0.0070929
v -0.0520175 0.0087915 0.0070929
v -0.0523436 0.0075021 0.0070929
v -0.0525974 0.0061083 0.0070929
v -0.0527787 0.0045670 0.0070929
v -0.0528875 0.0027745 0.0070929
v -0.0582367 -0.0000000 0.0080330
v -0.0581968 -0.0030531 0.0080330
v -0.0580770 -0.0050255 0.0080330
v -0.0578775 -0.0067215 0.0080330
v -0.0575983 -0.0082552 0.0080330
v -0.0572394 -0.0096741 0.0080330
v -0.0568010 -0.0110033 0.0080330
v -0.0562832 -0.0122583 0.0080330
v -0.0556860 -0.0134488 0.0080330
v -0.0550097 -0.0145818 0.0080330
v -0.0542544 -0.0156621 0.0080330
v -0.0534202 -0.0166932 0.0080330
v -0.0525072 -0.0176777 0.0080330
v -0.0515155 -0.0186175 0.0080330
v -0.0504451 -0.0195143 0.0080330
v -0.0492961 -0.0203689 0.0080330
v -0.0480684 -0.0211824 0.0080330
v -0.0467618 -0.0219553 0.0080330
v -0.0453760 -0.0226880 0.0080330
v -0.0439105 -0.0233809 0.0080330
v -0.0423648 -0.0240342 0.0080330
v -0.0407379 -0.0246481 0.0080330
v -0.0390285 -0.0252226 0.0080330
v -0.0372351 -0.0257577 0.0080330
v -0.0353553 -0.0262536 0.0080330
v -0.0333863 -0.0267101 0.0080330
v -0.0313242 -0.0271272 0.0080330
v -0.0291636 -0.0275049 0.0080330
v -0.0268976 -0.0278430 0.0080330
v -0.0245165 -0.0281416 0.0080330
v -0.0220066 -0.0284005 0.0080330
v -0.0193481 -0.0286197 0.0080330
v -0.0165105 -0.0287991 0.0080330
v -0.0134431 -0.0289388 0.0080330
v -0.0100510 -0.0290385 0.0080330
v -0.0061061 -0.0290984 0.0080330
v 0.0000000 -0.0291183 0.0080330
v 0.0061061 -0.0290984 0.0080330
v 0.0100510 -0.0290385 0.0080330
v 0.0134431 -0.0289388 0.0080330
v 0.0165105 -0.0287991 0.0080330
v 0.0193481 -0.0286197 0.0080330
v 0.0220066 -0.0284005 0.0080330
v 0.0245165 -0.0281416 0.0080330
v 0.0268976 -0.0278430 0.0080330
v 0.0291636 -0.0275049 0.0080330
v 0.0313242 -0.0271272 0.0080330
v 0.0333863 -0.0267101 0.0080330
v 0.0353553 -0.0262536 0.0080330
v 0.0372351 -0.0257577 0.0080330
v 0.0390285 -0.0252226 0.0080330
v 0.0407379 -0.0246481 0.0080330
v 0.0423648 -0.0240342 0.0080330
v 0.0439105 -0.0233809 0.0080330
v 0.0453760 -0.0226880 0.0080330
v 0.0467618 -0.0219553 0.0080330
v 0.0480684 -0.0211824 0.0080330
v 0.0492961 -0.0203689 0.0080330
v 0.0504451 -0.0195143 0.0080330
v 0.0515155 -0.0186175 0.0080330
v 0.0525072 -0.0176777 0.0080330
v 0.0534202 -0.0166932 0.0080330
v 0.0542544 -0.0156621 0.0080330
v 0.0550097 -0.0145818 0.0080330
v 0.0556860 -0.0134488 0.0080330
v 0.0562832 -0.0122583 0.0080330
v 0.0568010 -0.0110033 0.0080330
v 0.0572394 -0.0096741 0.0080330
v 0.0575983 -0.0082552 0.0080330
v 0.0578775 -0.0067215 0.0080330
v 0.0580770 -0.0050255 0.0080330
v 0.0581968 -0.0030531 0.0080330
v 0.0582367 0.0000000 0.0080330
v 0.0581968 0.0030531 0.0080330
v 0.0580770 0.0050255 0.0080330
v 0.0578775 0.0067215 0.0080330
v 0.0575983 0.0082552 0.0080330
v 0.0572394 0.0096741 0.0080330
v 0.0568010 0.0110033 0.0080330
v 0.0562832 0.0122583 0.0080330
v 0.0556860 0.0134488 0.0080330
v 0.0550097 0.0145818 0.0080330
v 0.0542544 0.0156621 0.0080330
v 0.0534202 0.0166932 0.0080330
v 0.0525072 0.0176777 0.0080330
v 0.0515155 0.0186175 0.0080330
v 0.0504451 0.0195143 0.0080330
v 0.0492961 0.0203689 0.0080330
v 0.0480684 0.0211824 0.0080330
v 0.0467618 0.0219553 0.0080330
v 0.0453760 0.0226880 0.0080330
v 0.0439105 0.0233809 0.0080330
v 0.0423648 0.0240342 0.0080330
v 0.0407379 0.0246481 0.0080330
v 0.0390285 0.0252226 0.0080330
v 0.0372351 0.0257577 0.0080330
v 0.0353553 0.0262536 0.0080330
v 0.0333863 0.0267101 0.0080330
v 0.0313242 0.0271272 0.0080330
v 0.0291636 0.0275049 0.0080330
v 0.0268976 0.0278430 0.0080330
v 0.0245165 0.0281416 0.0080330
v 0.0220066 0.0284005 0.0080330
v 0.0193481 0.0286197 0.0080330
v 0.0165105 0.0287991 0.0080330
v 0.0134431 0.0289388 0.0080330
v 0.0100510 0.0290385 0.0080330
v 0.0061061 0.0290984 0.0080330
v 0.0000000 0.0291183 0.0080330
v -0.0061061 0.0290984 0.0080330
v -0.0100510 0.0290385 0.0080330
v -0.0134431 0.0289388 0.0080330
v -0.0165105 0.0287991 0.0080330
v -0.0193481 0.0286197 0.0080330
v -0.0220066 0.0284005 0.0080330
v -0.0245165 0.0281416 0.0080330
v -0.0268976 0.0278430 0.0080330
v -0.0291636 0.0275049 0.0080330
v -0.0313242 0.0271272 0.0080330
v -0.0333863 0.0267101 0.0080330
v -0.0353553 0.0262536 0.0080330
v -0.0372351 0.0257577 0.0080330
v -0.0390285 0.0252226 0.0080330
v -0.0407379 0.0246481 0.0080330
v -0.0423648 0.0240342 0.0080330
v -0.0439105 0.0233809 0.0080330
v -0.0453760 0.0226880 0.0080330
v -0.0467618 0.0219553 0.0080330
v -0.0480684 0.0211824 0.0080330
v -0.0492961 0.0203689 0.0080330
v -0.0504451 0.0195143 0.0080330
v -0.0515155 0.0186175 0.0080330
v -0.0525072 0.0176777 0.0080330
v -0.0534202 0.0166932 0.0080330
v -0.0542544 0.0156621 0.0080330
v -0.0550097 0.0145818 0.0080330
v -0.0556860 0.0134488 0.0080330
v -0.0562832 0.0122583 0.0080330
v -0.0568010 0.0110033 0.0080330
v -0.0572394 0.0096741 0.0080330
v -0.0575983 0.0082552 0.0080330
v -0.0578775 0.0067215 0.0080330
v -0.0580770 0.0050255 0.0080330
v -0.0581968 0.0030531 0.0080330
v -0.0632261 -0.0000000 0.0090949
v -0.0631828 -0.0033146 0.0090949
v -0.0630528 -0.0054561 0.0090949
v -0.0628362 -0.0072974 0.0090949
v -0.0625330 -0.0089625 0.0090949
v -0.0621434 -0.0105029 0.0090949
v -0.0616674 -0.0119460 0.0090949
v -0.0611052 -0.0133085 0.0090949
v -0.0604569 -0.0146010 0.0090949
v -0.0597227 -0.0158311 0.0090949
v -0.0589027 -0.0170039 0.0090949
v -0.0579970 -0.0181233 0.0090949
v -0.0570057 -0.0191922 0.0090949
v -0.0559290 -0.0202126 0.0090949
v -0.0547670 -0.0211862 0.0090949
v -0.0535195 -0.0221141 0.0090949
v -0.0521866 -0.0229972 0.0090949
v -0.0507681 -0.0238363 0.0090949
v -0.0492635 -0.0246318 0.0090949
v -0.0476726 -0.0253840 0.0090949
v -0.0459944 -0.0260933 0.0090949
v -0.0442281 -0.0267598 0.0090949
v -0.0423723 -0.0273835 0.0090949
v -0.0404252 -0.0279645 0.0090949
v -0.0383844 -0.0285029 0.0090949
v -0.0362467 -0.0289985 0.0090949
v -0.0340078 -0.0294513 0.0090949
v -0.0316622 -0.0298614 0.0090949
v -0.0292021 -0.0302285 0.0090949
v -0.0266170 -0.0305526 0.0090949
v -0.0238921 -0.0308337 0.0090949
v -0.0210058 -0.0310717 0.0090949
v -0.0179250 -0.0312665 0.0090949
v -0.0145948 -0.0314181 0.0090949
v -0.0109121 -0.0315264 0.0090949
v -0.0066293 -0.0315914 0.0090949
v 0.0000000 -0.0316131 0.0090949
v 0.0066293 -0.0315914 0.0090949
v 0.0109121 -0.0315264 0.0090949
v 0.0145948 -0.0314181 0.0090949
v 0.0179250 -0.0312665 0.0090949
v 0.0210058 -0.0310717 0.0090949
v 0.0238921 -0.0308337 0.0090949
v 0.0266170 -0.0305526 0.0090949
v 0.0292021 -0.0302285 0.0090949
v 0.0316622 -0.0298614 0.0090949
v 0.0340078 -0.0294513 0.0090949
v 0.0362467 -0.0289985 0.0090949
v 0.0383844 -0.0285029 0.0090949
v 0.0404252 -0.0279645 0.0090949
v 0.0423723 -0.0273835 0.0090949
v 0.0442281 -0.0267598 0.0090949
v 0.0459944 -0.0260933 0.0090949
v 0.0476726 -0.0253840 0.0090949
v 0.0492635 -0.0246318 0.0090949
v 0.0507681 -0.0238363 0.0090949
v 0.0521866 -0.0229972 0.0090949
v 0.0535195 -0.0221141 0.0090949
v 0.0547670 -0.0211862 0.0090949
v 0.0559290 -0.0202126 0.0090949
v 0.0570057 -0.0191922 0.0090949
v 0.0579970 -0.0181233 0.0090949
v 0.0589027 -0.0170039 0.0090949
v 0.0597227 -0.0158311 0.0090949
v 0.0604569 -0.0146010 0.0090949
v 0.0611052 -0.0133085 0.0090949
v 0.0616674 -0.0119460 0.0090949
v 0.0621434 -0.0105029 0.0090949
v 0.0625330 -0.0089625 0.0090949
v 0.0628362 -0.0072974 0.0090949
v 0.0630528 -0.0054561 0.0090949
v 0.0631828 -0.0033146 0.0090949
v 0.0632261 0.0000000 0.0090949
v 0.0631828 0.0033146 0.0090949
v 0.0630528 0.0054561 0.0090949
v 0.0628362 0.0072974 0.0090949
v 0.0625330 0.0089625 0.0090949
v 0.0621434 0.0105029 0.0090949
v 0.0616674 0.0119460 0.0090949
v 0.0611052 0.0133085 0.0090949
v 0.0604569 0.0146010 0.0090949
v 0.0597227 0.0158311 0.0090949
v 0.0589027 0.0170039 0.0090949
v 0.0579970 0.0181233 0.0090949
v 0.0570057 0.0191922 0.0090949
v 0.0559290 0.0202126 0.0090949
v 0.0547670 0.0211862 0.0090949
v 0.0535195 0.0221141 0.0090949
v 0.0521866 0.0229972 0.0090949
v 0.0507681 0.0238363 0.0090949
v 0.0492635 0.0246318 0.0090949
v 0.0476726 0.0253840 0.0090949
v 0.0459944 0.0260933 0.0090949
v 0.0442281 0.0267598 0.0090949
v 0.0423723 0.0273835 0.0090949
v 0.0404252 0.0279645 0.0090949
v 0.0383844 0.0285029 0.0090949
v 0.0362467 0.0289985 0.0090949
v 0.0340078 0.0294513 0.0090949
v 0.0316622 0.0298614 0.0090949
v 0.0292021 0.0302285 0.0090949
v 0.0266170 0.0305526 0.0090949
v 0.0238921 0.0308337 0.0090949
v 0.0210058 0.0310717 0.0090949
v 0.0179250 0.0312665 0.0090949
v 0.0145948 0.0314181 0.0090949
v 0.0109121 0.0315264 0.0090949
v 0.0066293 0.0315914 0.0090949
v 0.0000000 0.0316131 0.0090949
v -0.0066293 0.0315914 0.0090949
v -0.0109121 0.0315264 0.0090949
v -0.0145948 0.0314181 0.0090949
v -0.0179250 0.0312665 0.0090949
v -0.0210058 0.0310717 0.0090949
v -0.0238921 0.0308337 0.0090949
v -0.0266170 0.0305526 0.0090949
v -0.0292021 0.0302285 0.0090949
v -0.0316622 0.0298614 0.0090949
v -0.0340078 0.0294513 0.0090949
v -0.0362467 0.0289985 0.0090949
v -0.0383844 0.0285029 0.0090949
v -0.0404252 0.0279645 0.0090949
v -0.0423723 0.0273835 0.0090949
v -0.0442281 0.0267598 0.0090949
v -0.0459944 0.0260933 0.0090949
v -0.0476726 0.0253840 0.0090949
v -0.0492635 0.0246318 0.0090949
v -0.0507681 0.0238363 0.0090949
v -0.0521866 0.0229972 0.0090949
v -0.0535195 0.0221141 0.0090949
v -0.0547670 0.0211862 0.0090949
v -0.0559290 0.0202126 0.0090949
v -0.0570057 0.0191922 0.0090949
v -0.0579970 0.0181233 0.0090949
v -0.0589027 0.0170039 0.0090949
v -0.0597227 0.0158311 0.0090949
v -0.0604569 0.0146010 0.0090949
v -0.0611052 0.0133085 0.0090949
v -0.0616674 0.0119460 0.0090949
v -0.0621434 0.0105029 0.0090949
v -0.0625330 0.0089625 0.0090949
v -0.0628362 0.0072974 0.0090949
v -0.0630528 0.0054561 0.0090949
v -0.0631828 0.0033146 0.0090949
v -0.0678998 -0.0000000 0.0102775
v -0.0678533 -0.0035597 0.0102775
v -0.0677137 -0.0058594 0.0102775
v -0.0674811 -0.0078368 0.0102775
v -0.0671555 -0.0096250 0.0102775
v -0.0667371 -0.0112793 0.0102775
v -0.0662260 -0.0128291 0.0102775
v -0.0656222 -0.0142923 0.0102775
v -0.0649260 -0.0156804 0.0102775
v -0.0641375 -0.0170013 0.0102775
v -0.0632568 -0.0182609 0.0102775
v -0.0622842 -0.0194630 0.0102775
v -0.0612196 -0.0206109 0.0102775
v -0.0600634 -0.0217067 0.0102775
v -0.0588154 -0.0227523 0.0102775
v -0.0574758 -0.0237487 0.0102775
v -0.0560443 -0.0246972 0.0102775
v -0.0545209 -0.0255983 0.0102775
v -0.0529052 -0.0264526 0.0102775
v -0.0511966 -0.0272604 0.0102775
v -0.0493944 -0.0280222 0.0102775
v -0.0474975 -0.0287379 0.0102775
v -0.0455045 -0.0294077 0.0102775
v -0.0434135 -0.0300317 0.0102775
v -0.0412218 -0.0306098 0.0102775
v -0.0389261 -0.0311421 0.0102775
v -0.0365217 -0.0316284 0.0102775
v -0.0340027 -0.0320687 0.0102775
v -0.0313607 -0.0324630 0.0102775
v -0.0285845 -0.0328111 0.0102775
v -0.0256582 -0.0331130 0.0102775
v -0.0225586 -0.0333686 0.0102775
v -0.0192500 -0.0335778 0.0102775
v -0.0156737 -0.0337405 0.0102775
v -0.0117188 -0.0338569 0.0102775
v -0.0071193 -0.0339267 0.0102775
v 0.0000000 -0.0339499 0.0102775
v 0.0071193 -0.0339267 0.0102775
v 0.0117188 -0.0338569 0.0102775
v 0.0156737 -0.0337405 0.0102775
v 0.0192500 -0.0335778 0.0102775
v 0.0225586 -0.0333686 0.0102775
v 0.0256582 -0.0331130 0.0102775
v 0.0285845 -0.0328111 0.0102775
v 0.0313607 -0.0324630 0.0102775
v 0.0340027 -0.0320687 0.0102775
v 0.0365217 -0.0316284 0.0102775
v 0.0389261 -0.0311421 0.0102775
v 0.0412218 -0.0306098 0.0102775
v 0.0434135 -0.0300317 0.0102775
v 0.0455045 -0.0294077 0.0102775
v 0.0474975 -0.0287379 0.0102775
v 0.0493944 -0.0280222 0.0102775
v 0.0511966 -0.0272604 0.0102775
v 0.0529052 -0.0264526 0.0102775
v 0.0545209 -0.0255983 0.0102775
v 0.0560443 -0.0246972 0.0102775
v 0.0574758 -0.0237487 0.0102775
v 0.0588154 -0.0227523 0.0102775
v 0.0600634 -0.0217067 0.0102775
v 0.0612196 -0.0206109 0.0102775
v 0.0622842 -0.0194630 0.0102775
v 0.0632568 -0.0182609 0.0102775
v 0.0641375 -0.0170013 0.0102775
v 0.0649260 -0.0156804 0.0102775
v 0.0656222 -0.0142923 0.0102775
v 0.0662260 -0.0128291 0.0102775
v 0.0667371 -0.0112793 0.0102775
v 0.0671555 -0.0096250 0.0102775
v 0.0674811 -0.0078368 0.0102775
v 0.0677137 -0.0058594 0.0102775
v 0.0678533 -0.0035597 0.0102775
v 0.0678998 0.0000000 0.0102775
v 0.0678533 0.0035597 0.0102775
v 0.0677137 0.0058594 0.0102775
v 0.0674811 0.0078368 0.0102775
v 0.0671555 0.0096250 0.0102775
v 0.0667371 0.0112793 0.0102775
v 0.0662260 0.0128291 0.0102775
v 0.0656222 0.0142923 0.0102775
v 0.0649260 0.0156804 0.0102775
v 0.0641375 0.0170013 0.0102775
v 0.0632568 0.0182609 0.0102775
v 0.0622842 0.0194630 0.0102775
v 0.0612196 0.0206109 0.0102775
v 0.0600634 0.0217067 0.0102775
v 0.0588154 0.0227523 0.0102775
v 0.0574758 0.0237487 0.0102775
v 0.0560443 0.0246972 0.0102775
v 0.0545209 0.0255983 0.0102775
v 0.0529052 0.0264526 0.0102775
v 0.0511966 0.0272604 0.0102775
v 0.0493944 0.0280222 0.0102775
v 0.0474975 0.0287379 0.0102775
v 0.0455045 0.0294077 0.0102775
v 0.0434135 0.0300317 0.0102775
v 0.0412218 0.0306098 0.0102775
v 0.0389261 0.0311421 0.0102775
v 0.0365217 0.0316284 0.0102775
v 0.0340027 0.0320687 0.0102775
v 0.0313607 0.0324630 0.0102775
v 0.0285845 0.0328111 0.0102775
v 0.0256582 0.0331130 0.0102775
v 0.0225586 0.0333686 0.0102775
v 0.0192500 0.0335778 0.0102775
v 0.0156737 0.0337405 0.0102775
v 0.0117188 0.0338569 0.0102775
v 0.0071193 0.0339267 0.0102775
v 0.0000000 0.0339499 0.0102775
v -0.0071193 0.0339267 0.0102775
v -0.0117188 0.0338569 0.0102775
v -0.0156737 0.0337405 0.0102775
v -0.0192500 0.0335778 0.0102775
v -0.0225586 0.0333686 0.0102775
v -0.0256582 0.0331130 0.0102775
v -0.0285845 0.0328111 0.0102775
v -0.0313607 0.0324630 0.0102775
v -0.0340027 0.0320687 0.0102775
v -0.0365217 0.0316284 0.0102775
v -0.0389261 0.0311421 0.0102775
v -0.0412218 0.0306098 0.0102775
v -0.0434135 0.0300317 0.0102775
v -0.0455045 0.0294077 0.0102775
v -0.0474975 0.0287379 0.0102775
v -0.0493944 0.0280222 0.0102775
v -0.0511966 0.0272604 0.0102775
v -0.0529052 0.0264526 0.0102775
v -0.0545209 0.0255983 0.0102775
v -0.0560443 0.0246972 0.0102775
v -0.0574758 0.0237487 0.0102775
v -0.0588154 0.0227523 0.0102775
v -0.0600634 0.0217067 0.0102775
v -0.0612196 0.0206109 0.0102775
v -0.0622842 0.0194630 0.0102775
v -0.0632568 0.0182609 0.0102775
v -0.0641375 0.0170013 0.0102775
v -0.0649260 0.0156804 0.0102775
v -0.0656222 0.0142923 0.0102775
v -0.0662260 0.0128291 0.0102775
v -0.0667371 0.0112793 0.0102775
v -0.0671555 0.0096250 0.0102775
v -0.0674811 0.0078368 0.0102775
v -0.0677137 0.0058594 0.0102775
v -0.0678533 0.0035597 0.0102775
v -0.0722617 -0.0000000 0.0115799
v -0.0722122 -0.0037883 0.0115799
v -0.0720636 -0.0062358 0.0115799
v -0.0718161 -0.0083403 0.0115799
v -0.0714696 -0.0102433 0.0115799
v -0.0710243 -0.0120039 0.0115799
v -0.0704803 -0.0136532 0.0115799
v -0.0698378 -0.0152104 0.0115799
v -0.0690968 -0.0166877 0.0115799
v -0.0682577 -0.0180935 0.0115799
v -0.0673204 -0.0194340 0.0115799
v -0.0662853 -0.0207134 0.0115799
v -0.0651524 -0.0219350 0.0115799
v -0.0639219 -0.0231012 0.0115799
v -0.0625937 -0.0242139 0.0115799
v -0.0611680 -0.0252744 0.0115799
v -0.0596446 -0.0262837 0.0115799
v -0.0580233 -0.0272427 0.0115799
v -0.0563038 -0.0281519 0.0115799
v -0.0544854 -0.0290117 0.0115799
v -0.0525675 -0.0298223 0.0115799
v -0.0505487 -0.0305840 0.0115799
v -0.0484277 -0.0312969 0.0115799
v -0.0462024 -0.0319609 0.0115799
v -0.0438699 -0.0325762 0.0115799
v -0.0414267 -0.0331426 0.0115799
v -0.0388679 -0.0336602 0.0115799
v -0.0361870 -0.0341288 0.0115799
v -0.0333753 -0.0345484 0.0115799
v -0.0304208 -0.0349189 0.0115799
v -0.0273065 -0.0352402 0.0115799
v -0.0240077 -0.0355122 0.0115799
v -0.0204866 -0.0357348 0.0115799
v -0.0166806 -0.0359080 0.0115799
v -0.0124716 -0.0360318 0.0115799
v -0.0075767 -0.0361061 0.0115799
v 0.0000000 -0.0361309 0.0115799
v 0.0075767 -0.0361061 0.0115799
v 0.0124716 -0.0360318 0.0115799
v 0.0166806 -0.0359080 0.0115799
v 0.0204866 -0.0357348 0.0115799
v 0.0240077 -0.0355122 0.0115799
v 0.0273065 -0.0352402 0.0115799
v 0.0304208 -0.0349189 0.0115799
v 0.0333753 -0.0345484 0.0115799
v 0.0361870 -0.0341288 0.0115799
v 0.0388679 -0.0336602 0.0115799
v 0.0414267 -0.0331426 0.0115799
v 0.0438699 -0.0325762 0.0115799
v 0.0462024 -0.0319609 0.0115799
v 0.0484277 -0.0312969 0.0115799
v 0.0505487 -0.0305840 0.0115799
v 0.0525675 -0.0298223 0.0115799
v 0.0544854 -0.0290117 0.0115799
v 0.0563038 -0.0281519 0.0115799
v 0.0580233 -0.0272427 0.0115799
v 0.0596446 -0.0262837 0.0115799
v 0.0611680 -0.0252744 0.0115799
v 0.0625937 -0.0242139 0.0115799
v 0.0639219 -0.0231012 0.0115799
v 0.0651524 -0.0219350 0.0115799
v 0.0662853 -0.0207134 0.0115799
v 0.0673204 -0.0194340 0.0115799
v 0.0682577 -0.0180935 0.0115799
v 0.0690968 -0.0166877 0.0115799
v 0.0698378 -0.0152104 0.0115799
v 0.0704803 -0.0136532 0.0115799
v 0.0710243 -0.0120039 0.0115799
v 0.0714696 -0.0102433 0.0115799
v 0.0718161 -0.0083403 0.0115799
v 0.0720636 -0.0062358 0.0115799
v 0.0722122 -0.0037883 0.0115799
v 0.0722617 0.0000000 0.0115799
v 0.0722122 0.0037883 0.0115799
v 0.0720636 0.0062358 0.0115799
v 0.0718161 0.0083403 0.0115799
v 0.0714696 0.0102433 0.0115799
v 0.0710243 0.0120039 0.0115799
v 0.0704803 0.0136532 0.0115799
v 0.0698378 0.0152104 0.0115799
v 0.0690968 0.0166877 0.0115799
v 0.0682577 0.0180935 0.0115799
v 0.0673204 0.0194340 0.0115799
v 0.0662853 0.0207134 0.0115799
v 0.0651524 0.0219350 0.0115799
v 0.0639219 0.0231012 0.0115799
v 0.0625937 0.0242139 0.0115799
v 0.0611680 0.0252744 0.0115799
v 0.0596446 0.0262837 0.0115799
v 0.0580233 0.0272427 0.0115799
v 0.0563038 0.0281519 0.0115799
v 0.0544854 0.0290117 0.0115799
v 0.0525675 0.0298223 0.0115799
v 0.0505487 0.0305840 0.0115799
v 0.0484277 0.0312969 0.0115799
v 0.0462024 0.0319609 0.0115799
v 0.0438699 0.0325762 0.0115799
v 0.0414267 0.0331426 0.0115799
v 0.0388679 0.0336602 0.0115799
v 0.0361870 0.0341288 0.0115799
v 0.0333753 0.0345484 0.0115799
v 0.0304208 0.0349189 0.0115799
v 0.0273065 0.0352402 0.0115799
v 0.0240077 0.0355122 0.0115799
v 0.0204866 0.0357348 0.0115799
v 0.0166806 0.0359080 0.0115799
v 0.0124716 0.0360318 0.0115799
v 0.0075767 0.0361061 0.0115799
v 0.0000000 0.0361309 0.0115799
v -0.0075767 0.0361061 0.0115799
v -0.0124716 0.0360318 0.0115799
v -0.0166806 0.0359080 0.0115799
v -0.0204866 0.0357348 0.0115799
v -0.0240077 0.0355122 0.0115799
v -0.0273065 0.0352402 0.0115799
v -0.0304208 0.0349189 0.0115799
v -0.0333753 0.0345484 0.0115799
v -0.0361870 0.0341288 0.0115799
v -0.0388679 0.0336602 0.0115799
v -0.0414267 0.0331426 0.0115799
v -0.0438699 0.0325762 0.0115799
v -0.0462024 0.0319609 0.0115799
v -0.0484277 0.0312969 0.0115799
v -0.0505487 0.0305840 0.0115799
v -0.0525675 0.0298223 0.0115799
v -0.0544854 0.0290117 0.0115799
v -0.0563038 0.0281519 0.0115799
v -0.0580233 0.0272427 0.0115799
v -0.0596446 0.0262837 0.0115799
v -0.0611680 0.0252744 0.0115799
v -0.0625937 0.0242139 0.0115799
v -0.0639219 0.0231012 0.0115799
v -0.0651524 0.0219350 0.0115799
v -0.0662853 0.0207134 0.0115799
v -0.0673204 0.0194340 0.0115799
v -0.0682577 0.0180935 0.0115799
v -0.0690968 0.0166877 0.0115799
v -0.0698378 0.0152104 0.0115799
v -0.0704803 0.0136532 0.0115799
v -0.0710243 0.0120039 0.0115799
v -0.0714696 0.0102433 0.0115799
v -0.0718161 0.0083403 0.0115799
v -0.0720636 0.0062358 0.0115799
v -0.0722122 0.0037883 0.0115799
v -0.0763130 -0.0000000 0.0130011
v -0.0762607 -0.0040007 0.0130011
v -0.0761038 -0.0065854 0.0130011
v -0.0758423 -0.0088079 0.0130011
v -0.0754764 -0.0108176 0.0130011
v -0.0750062 -0.0126768 0.0130011
v -0.0744317 -0.0144187 0.0130011
v -0.0737531 -0.0160631 0.0130011
v -0.0729706 -0.0176232 0.0130011
v -0.0720844 -0.0191079 0.0130011
v -0.0710946 -0.0205235 0.0130011
v -0.0700015 -0.0218746 0.0130011
v -0.0688051 -0.0231647 0.0130011
v -0.0675055 -0.0243963 0.0130011
v -0.0661029 -0.0255714 0.0130011
v -0.0645973 -0.0266913 0.0130011
v -0.0629885 -0.0277573 0.0130011
v -0.0612763 -0.0287700 0.0130011
v -0.0594604 -0.0297302 0.0130011
v -0.0575401 -0.0306382 0.0130011
v -0.0555146 -0.0314942 0.0130011
v -0.0533827 -0.0322986 0.0130011
v -0.0511427 -0.0330515 0.0130011
v -0.0487926 -0.0337528 0.0130011
v -0.0463294 -0.0344025 0.0130011
v -0.0437492 -0.0350007 0.0130011
v -0.0410470 -0.0355473 0.0130011
v -0.0382158 -0.0360422 0.0130011
v -0.0352465 -0.0364853 0.0130011
v -0.0321263 -0.0368766 0.0130011
v -0.0288374 -0.0372158 0.0130011
v -0.0253537 -0.0375031 0.0130011
v -0.0216352 -0.0377382 0.0130011
v -0.0176157 -0.0379212 0.0130011
v -0.0131708 -0.0380519 0.0130011
v -0.0080014 -0.0381303 0.0130011
v 0.0000000 -0.0381565 0.0130011
v 0.0080014 -0.0381303 0.0130011
v 0.0131708 -0.0380519 0.0130011
v 0.0176157 -0.0379212 0.0130011
v 0.0216352 -0.0377382 0.0130011
v 0.0253537 -0.0375031 0.0130011
v 0.0288374 -0.0372158 0.0130011
v 0.0321263 -0.0368766 0.0130011
v 0.0352465 -0.0364853 0.0130011
v 0.0382158 -0.0360422 0.0130011
v 0.0410470 -0.0355473 0.0130011
v 0.0437492 -0.0350007 0.0130011
v 0.0463294 -0.0344025 0.0130011
v 0.0487926 -0.0337528 0.0130011
v 0.0511427 -0.0330515 0.0130011
v 0.0533827 -0.0322986 0.0130011
v 0.0555146 -0.0314942 0.0130011
v 0.0575401 -0.0306382 0.0130011
v 0.0594604 -0.0297302 0.0130011
v 0.0612763 -0.0287700 0.0130011
v 0.0629885 -0.0277573 0.0130011
v 0.0645973 -0.0266913 0.0130011
v 0.0661029 -0.0255714 0.0130011
v 0.0675055 -0.0243963 0.0130011
v 0.0688051 -0.0231647 0.0130011
v 0.0700015 -0.0218746 0.0130011
v 0.0710946 -0.0205235 0.0130011
v 0.0720844 -0.0191079 0.0130011
v 0.0729706 -0.0176232 0.0130011
v 0.0737531 -0.0160631 0.0130011
v 0.0744317 -0.0144187 0.0130011
v 0.0750062 -0.0126768 0.0130011
v 0.0754764 -0.0108176 0.0130011
v 0.0758423 -0.0088079 0.0130011
v 0.0761038 -0.0065854 0.0130011
v 0.0762607 -0.0040007 0.0130011
v 0.0763130 0.0000000 0.0130011
v 0.0762607 0.0040007 0.0130011
v 0.0761038 0.0065854 0.0130011
v 0.0758423 0.0088079 0.0130011
v 0.0754764 0.0108176 0.0130011
v 0.0750062 0.0126768 0.0130011
v 0.0744317 0.0144187 0.0130011
v 0.0737531 0.0160631 0.0130011
v 0.0729706 0.0176232 0.0130011
v 0.0720844 0.0191079 0.0130011
v 0.0710946 0.0205235 0.0130011
v 0.0700015 0.0218746 0.0130011
v 0.0688051 0.0231647 0.0130011
v 0.0675055 0.0243963 0.0130011
v 0.0661029 0.0255714 0.0130011
v 0.0645973 0.0266913 0.0130011
v 0.0629885 0.0277573 0.0130011
v 0.0612763 0.0287700 0.0130011
v 0.0594604 0.0297302 0.0130011
v 0.0575401 0.0306382 0.0130011
v 0.0555146 0.0314942 0.0130011
v 0.0533827 0.0322986 0.0130011
v 0.0511427 0.0330515 0.0130011
v 0.0487926 0.0337528 0.0130011
v 0.0463294 0.0344025 0.0130011
v 0.0437492 0.0350007 0.0130011
v 0.0410470 0.0355473 0.0130011
v 0.0382158 0.0360422 0.0130011
v 0.0352465 0.0364853 0.0130011
v 0.0321263 0.0368766 0.0130011
v 0.0288374 0.0372158 0.0130011
v 0.0253537 0.0375031 0.0130011
v 0.0216352 0.0377382 0.0130011
v 0.0176157 0.0379212 0.0130011
v 0.0131708 0.0380519 0.0130011
v 0.0080014 0.0381303 0.0130011
v 0.0000000 0.0381565 0.0130011
v -0.0080014 0.0381303 0.0130011
v -0.0131708 0.0380519 0.0130011
v -0.0176157 0.0379212 0.0130011
v -0.0216352 0.0377382 0.0130011
v -0.0253537 0.0375031 0.0130011
v -0.0288374 0.0372158 0.0130011
v -0.0321263 0.0368766 0.0130011
v -0.0352465 0.0364853 0.0130011
v -0.0382158 0.0360422 0.0130011
v -0.0410470 0.0355473 0.0130011
v -0.0437492 0.0350007 0.0130011
v -0.0463294 0.0344025 0.0130011
v -0.0487926 0.0337528 0.0130011
v -0.0511427 0.0330515 0.0130011
v -0.0533827 0.0322986 0.0130011
v -0.0555146 0.0314942 0.0130011
v -0.0575401 0.0306382 0.0130011
v -0.0594604 0.0297302 0.0130011
v -0.0612763 0.0287700 0.0130011
v -0.0629885 0.0277573 0.0130011
v -0.0645973 0.0266913 0.0130011
v -0.0661029 0.0255714 0.0130011
v -0.0675055 0.0243963 0.0130011
v -0.0688051 0.0231647 0.0130011
v -0.0700015 0.0218746 0.0130011
v -0.0710946 0.0205235 0.0130011
v -0.0720844 0.0191079 0.0130011
v -0.0729706 0.0176232 0.0130011
v -0.0737531 0.0160631 0.0130011
v -0.0744317 0.0144187 0.0130011
v -0.0750062 0.0126768 0.0130011
v -0.0754764 0.0108176 0.0130011
v -0.0758423 0.0088079 0.0130011
v -0.0761038 0.0065854 0.0130011
v -0.0762607 0.0040007 0.0130011
v -0.0800530 -0.0000000 0.0145405
v -0.0799982 -0.0041968 0.0145405
v -0.0798336 -0.0069081 0.0145405
v -0.0795593 -0.0092395 0.0145405
v -0.0791755 -0.0113478 0.0145405
v -0.0786822 -0.0132981 0.0145405
v -0.0780795 -0.0151253 0.0145405
v -0.0773677 -0.0168504 0.0145405
v -0.0765469 -0.0184869 0.0145405
v -0.0756172 -0.0200444 0.0145405
v -0.0745789 -0.0215293 0.0145405
v -0.0734322 -0.0229467 0.0145405
v -0.0721772 -0.0243000 0.0145405
v -0.0708139 -0.0255920 0.0145405
v -0.0693426 -0.0268246 0.0145405
v -0.0677632 -0.0279995 0.0145405
v -0.0660755 -0.0291177 0.0145405
v -0.0642794 -0.0301800 0.0145405
v -0.0623745 -0.0311872 0.0145405
v -0.0603601 -0.0321397 0.0145405
v -0.0582353 -0.0330378 0.0145405
v -0.0559989 -0.0338816 0.0145405
v -0.0536492 -0.0346713 0.0145405
v -0.0511839 -0.0354070 0.0145405
v -0.0486000 -0.0360886 0.0145405
v -0.0458934 -0.0367161 0.0145405
v -0.0430587 -0.0372895 0.0145405
v -0.0400887 -0.0378086 0.0145405
v -0.0369739 -0.0382734 0.0145405
v -0.0337008 -0.0386839 0.0145405
v -0.0302507 -0.0390398 0.0145405
v -0.0265962 -0.0393411 0.0145405
v -0.0226955 -0.0395877 0.0145405
v -0.0184791 -0.0397797 0.0145405
v -0.0138163 -0.0399168 0.0145405
v -0.0083936 -0.0399991 0.0145405
v 0.0000000 -0.0400265 0.0145405
v 0.0083936 -0.0399991 0.0145405
v 0.0138163 -0.0399168 0.0145405
v 0.0184791 -0.0397797 0.0145405
v 0.0226955 -0.0395877 0.0145405
v 0.0265962 -0.0393411 0.0145405
v 0.0302507 -0.0390398 0.0145405
v 0.0337008 -0.0386839 0.0145405
v 0.0369739 -0.0382734 0.0145405
v 0.0400887 -0.0378086 0.0145405
v 0.0430587 -0.0372895 0.0145405
v 0.0458934 -0.0367161 0.0145405
v 0.0486000 -0.0360886 0.0145405
v 0.0511839 -0.0354070 0.0145405
v 0.0536492 -0.0346713 0.0145405
v 0.0559989 -0.0338816 0.0145405
v 0.0582353 -0.0330378 0.0145405
v 0.0603601 -0.0321397 0.0145405
v 0.0623745 -0.0311872 0.0145405
v 0.0642794 -0.0301800 0.0145405
v 0.0660755 -0.0291177 0.0145405
v 0.0677632 -0.0279995 0.0145405
v 0.0693426 -0.0268246 0.0145405
v 0.0708139 -0.0255920 0.0145405
v 0.0721772 -0.0243000 0.0145405
v 0.0734322 -0.0229467 0.0145405
v 0.0745789 -0.0215293 0.0145405
v 0.0756172 -0.0200444 0.0145405
v 0.0765469 -0.0184869 0.0145405
v 0.0773677 -0.0168504 0.0145405
v 0.0780795 -0.0151253 0.0145405
v 0.0786822 -0.0132981 0.0145405
v 0.0791755 -0.0113478 0.0145405
v 0.0795593 -0.0092395 0.0145405
v 0.0798336 -0.0069081 0.0145405
v 0.0799982 -0.0041968 0.0145405
v 0.0800530 0.0000000 0.0145405
v 0.0799982 0.0041968 0.0145405
v 0.0798336 0.0069081 0.0145405
v 0.0795593 0.0092395 0.0145405
v 0.0791755 0.0113478 0.0145405
v 0.0786822 0.0132981 0.0145405
v 0.0780795 0.0151253 0.0145405
v 0.0773677 0.0168504 0.0145405
v 0.0765469 0.0184869 0.0145405
v 0.0756172 0.0200444 0.0145405
v 0.0745789 0.0215293 0.0145405
v 0.0734322 0.0229467 0.0145405
v 0.0721772 0.0243000 0.0145405
v 0.0708139 0.0255920 0.0145405
v 0.0693426 0.0268246 0.0145405
v 0.0677632 0.0279995 0.0145405
v 0.0660755 0.0291177 0.0145405
v 0.0642794 0.0301800 0.0145405
v 0.0623745 0.0311872 0.0145405
v 0.0603601 0.0321397 0.0145405
v 0.0582353 0.0330378 0.0145405
v 0.0559989 0.0338816 0.0145405
v 0.0536492 0.0346713 0.0145405
v 0.0511839 0.0354070 0.0145405
v 0.0486000 0.0360886 0.0145405
v 0.0458934 0.0367161 0.0145405
v 0.0430587 0.0372895 0.0145405
v 0.0400887 0.0378086 0.0145405
v 0.0369739 0.0382734 0.0145405
v 0.0337008 0.0386839 0.0145405
v 0.0302507 0.0390398 0.0145405
v 0.0265962 0.0393411 0.0145405
v 0.0226955 0.0395877 0.0145405
v 0.0184791 0.0397797 0.0145405
v 0.0138163 0.0399168 0.0145405
v 0.0083936 0.0399991 0.0145405
v 0.0000000 0.0400265 0.0145405
v -0.0083936 0.0399991 0.0145405
v -0.0138163 0.0399168 0.0145405
v -0.0184791 0.0397797 0.0145405
v -0.0226955 0.0395877 0.0145405
v -0.0265962 0.0393411 0.0145405
v -0.0302507 0.0390398 0.0145405
v -0.0337008 0.0386839 0.0145405
v -0.0369739 0.0382734 0.0145405
v -0.0400887 0.0378086 0.0145405
v -0.0430587 0.0372895 0.0145405
v -0.0458934 0.0367161 0.0145405
v -0.0486000 0.0360886 0.0145405
v -0.0511839 0.0354070 0.0145405
v -0.0536492 0.0346713 0.0145405
v -0.0559989 0.0338816 0.0145405
v -0.0582353 0.0330378 0.0145405
v -0.0603601 0.0321397 0.0145405
v -0.0623745 0.0311872 0.0145405
v -0.0642794 0.0301800 0.0145405
v -0.0660755 0.0291177 0.0145405
v -0.0677632 0.0279995 0.0145405
v -0.0693426 0.0268246 0.0145405
v -0.0708139 0.0255920 0.0145405
v -0.0721772 0.0243000 0.0145405
v -0.0734322 0.0229467 0.0145405
v -0.0745789 0.0215293 0.0145405
v -0.0756172 0.0200444 0.0145405
v -0.0765469 0.0184869 0.0145405
v -0.0773677 0.0168504 0.0145405
v -0.0780795 0.0151253 0.0145405
v -0.0786822 0.0132981 0.0145405
v -0.0791755 0.0113478 0.0145405
v -0.0795593 0.0092395 0.0145405
v -0.0798336 0.0069081 0.0145405
v -0.0799982 0.0041968 0.0145405
v -0.0834803 -0.0000000 0.0162010
v -0.0834231 -0.0043765 0.0162012
v -0.0832515 -0.0072039 0.0162013
v -0.0829655 -0.0096351 0.0162014
v -0.0825652 -0.0118336 0.0162014
v -0.0820508 -0.0138674 0.0162014
v -0.0814223 -0.0157729 0.0162013
v -0.0806800 -0.0175718 0.0162012
v -0.0798241 -0.0192784 0.0162011
v -0.0788546 -0.0209025 0.0162009
v -0.0777719 -0.0224511 0.0162007
v -0.0765760 -0.0239291 0.0162005
v -0.0752672 -0.0253403 0.0162002
v -0.0738457 -0.0266876 0.0161999
v -0.0723113 -0.0279730 0.0161995
v -0.0706643 -0.0291982 0.0161991
v -0.0689044 -0.0303643 0.0161987
v -0.0670314 -0.0314721 0.0161982
v -0.0650449 -0.0325224 0.0161977
v -0.0629442 -0.0335157 0.0161972
v -0.0607285 -0.0344522 0.0161966
v -0.0583964 -0.0353321 0.0161960
v -0.0559461 -0.0361557 0.0161954
v -0.0533752 -0.0369228 0.0161947
v -0.0506807 -0.0376336 0.0161941
v -0.0478582 -0.0382880 0.0161935
v -0.0449021 -0.0388859 0.0161929
v -0.0418050 -0.0394273 0.0161924
v -0.0385568 -0.0399120 0.0161920
v -0.0351436 -0.0403400 0.0161916
v -0.0315458 -0.0407112 0.0161914
v -0.0277349 -0.0410254 0.0161913
v -0.0236672 -0.0412826 0.0161914
v -0.0192702 -0.0414827 0.0161918
v -0.0144078 -0.0416257 0.0161924
v -0.0087529 -0.0417115 0.0161935
v 0.0000000 -0.0417401 0.0161956
v 0.0087529 -0.0417115 0.0161981
v 0.0144078 -0.0416257 0.0161997
v 0.0192702 -0.0414827 0.0162010
v 0.0236672 -0.0412826 0.0162021
v 0.0277349 -0.0410254 0.0162030
v 0.0315458 -0.0407112 0.0162037
v 0.0351436 -0.0403400 0.0162042
v 0.0385568 -0.0399120 0.0162046
v 0.0418050 -0.0394273 0.0162047
v 0.0449021 -0.0388859 0.0162048
v 0.0478582 -0.0382880 0.0162047
v 0.0506807 -0.0376336 0.0162046
v 0.0533752 -0.0369228 0.0162043
v 0.0559461 -0.0361557 0.0162039
v 0.0583964 -0.0353321 0.0162035
v 0.0607285 -0.0344522 0.0162031
v 0.0629442 -0.0335157 0.0162026
v 0.0650449 -0.0325224 0.0162021
v 0.0670314 -0.0314721 0.0162015
v 0.0689044 -0.0303643 0.0162010
v 0.0706643 -0.0291982 0.0162005
v 0.0723113 -0.0279730 0.0161999
v 0.0738457 -0.0266876 0.0161994
v 0.0752672 -0.0253403 0.0161990
v 0.0765760 -0.0239291 0.0161985
v 0.0777719 -0.0224511 0.0161981
v 0.0788546 -0.0209025 0.0161976
v 0.0798241 -0.0192784 0.0161973
v 0.0806800 -0.0175718 0.0161969
v 0.0814223 -0.0157729 0.0161966
v 0.0820508 -0.0138674 0.0161963
v 0.0825652 -0.0118336 0.0161961
v 0.0829655 -0.0096351 0.0161958
v 0.0832515 -0.0072039 0.0161956
v 0.0834231 -0.0043765 0.0161954
v 0.0834803 0.0000000 0.0161951
v 0.0834231 0.0043765 0.0161949
v 0.0832515 0.0072039 0.0161948
v 0.0829655 0.0096351 0.0161948
v 0.0825652 0.0118336 0.0161947
v 0.0820508 0.0138674 0.0161948
v 0.0814223 0.0157729 0.0161948
v 0.0806800 0.0175718 0.0161949
v 0.0798241 0.0192784 0.0161950
v 0.0788546 0.0209025 0.0161952
v 0.0777719 0.0224511 0.0161954
v 0.0765760 0.0239291 0.0161956
v 0.0752672 0.0253403 0.0161959
v 0.0738457 0.0266876 0.0161962
v 0.0723113 0.0279730 0.0161966
v 0.0706643 0.0291982 0.0161970
v 0.0689044 0.0303643 0.0161974
v 0.0670314 0.0314721 0.0161979
v 0.0650449 0.0325224 0.0161984
v 0.0629442 0.0335157 0.0161990
v 0.0607285 0.0344522 0.0161995
v 0.0583964 0.0353321 0.0162001
v 0.0559461 0.0361557 0.0162007
v 0.0533752 0.0369228 0.0162014
v 0.0506807 0.0376336 0.0162020
v 0.0478582 0.0382880 0.0162026
v 0.0449021 0.0388859 0.0162032
v 0.0418050 0.0394273 0.0162037
v 0.0385568 0.0399120 0.0162041
v 0.0351436 0.0403400 0.0162045
v 0.0315458 0.0407112 0.0162047
v 0.0277349 0.0410254 0.0162048
v 0.0236672 0.0412826 0.0162047
v 0.0192702 0.0414827 0.0162043
v 0.0144078 0.0416257 0.0162037
v 0.0087529 0.0417115 0.0162027
v 0.0000000 0.0417401 0.0162005
v -0.0087529 0.0417115 0.0161981
v -0.0144078 0.0416257 0.0161964
v -0.0192702 0.0414827 0.0161951
v -0.0236672 0.0412826 0.0161940
v -0.0277349 0.0410254 0.0161931
v -0.0315458 0.0407112 0.0161924
v -0.0351436 0.0403400 0.0161919
v -0.0385568 0.0399120 0.0161916
v -0.0418050 0.0394273 0.0161914
v -0.0449021 0.0388859 0.0161913
v -0.0478582 0.0382880 0.0161914
v -0.0506807 0.0376336 0.0161916
v -0.0533752 0.0369228 0.0161918
v -0.0559461 0.0361557 0.0161922
v -0.0583964 0.0353321 0.0161926
v -0.0607285 0.0344522 0.0161930
v -0.0629442 0.0335157 0.0161935
v -0.0650449 0.0325224 0.0161940
v -0.0670314 0.0314721 0.0161946
v -0.0689044 0.0303643 0.0161951
v -0.0706643 0.0291982 0.0161956
v -0.0723113 0.0279730 0.0161962
v -0.0738457 0.0266876 0.0161967
v -0.0752672 0.0253403 0.0161972
v -0.0765760 0.0239291 0.0161976
v -0.0777719 0.0224511 0.0161981
v -0.0788546 0.0209025 0.0161985
v -0.0798241 0.0192784 0.0161988
v -0.0806800 0.0175718 0.0161992
v -0.0814223 0.0157729 0.0161995
v -0.0820508 0.0138674 0.0161998
v -0.0825652 0.0118336 0.0162001
v -0.0829655 0.0096351 0.0162003
v -0.0832515 0.0072039 0.0162005
v -0.0834231 0.0043765 0.0162007
v -0.0865925 -0.0000000 0.0179833
v -0.0865331 -0.0045396 0.0179838
v -0.0863551 -0.0074725 0.0179841
v -0.0860585 -0.0099943 0.0179842
v -0.0856433 -0.0122748 0.0179842
v -0.0851097 -0.0143844 0.0179842
v -0.0844578 -0.0163609 0.0179840
v -0.0836878 -0.0182269 0.0179838
v -0.0827999 -0.0199971 0.0179835
v -0.0817943 -0.0216818 0.0179831
v -0.0806712 -0.0232880 0.0179826
v -0.0794308 -0.0248212 0.0179821
v -0.0780732 -0.0262850 0.0179814
v -0.0765987 -0.0276825 0.0179806
v -0.0750071 -0.0290159 0.0179797
v -0.0732987 -0.0302867 0.0179788
v -0.0714732 -0.0314962 0.0179777
v -0.0695303 -0.0326454 0.0179764
v -0.0674698 -0.0337349 0.0179751
v -0.0652908 -0.0347652 0.0179737
v -0.0629925 -0.0357366 0.0179722
v -0.0605734 -0.0366493 0.0179706
v -0.0580318 -0.0375036 0.0179690
v -0.0553651 -0.0382993 0.0179673
v -0.0525701 -0.0390366 0.0179656
v -0.0496423 -0.0397154 0.0179640
v -0.0465761 -0.0403356 0.0179624
v -0.0433635 -0.0408972 0.0179609
v -0.0399942 -0.0414000 0.0179596
v -0.0364538 -0.0418439 0.0179585
v -0.0327218 -0.0422289 0.0179577
v -0.0287689 -0.0425548 0.0179574
v -0.0245495 -0.0428216 0.0179575
v -0.0199886 -0.0430292 0.0179582
v -0.0149449 -0.0431776 0.0179597
v -0.0090792 -0.0432666 0.0179623
v 0.0000000 -0.0432962 0.0179677
v 0.0090792 -0.0432666 0.0179741
v 0.0149449 -0.0431776 0.0179783
v 0.0199886 -0.0430292 0.0179817
v 0.0245495 -0.0428216 0.0179845
v 0.0287689 -0.0425548 0.0179867
v 0.0327218 -0.0422289 0.0179884
v 0.0364538 -0.0418439 0.0179896
v 0.0399942 -0.0414000 0.0179904
v 0.0433635 -0.0408972 0.0179908
v 0.0465761 -0.0403356 0.0179908
v 0.0496423 -0.0397154 0.0179905
v 0.0525701 -0.0390366 0.0179899
v 0.0553651 -0.0382993 0.0179890
v 0.0580318 -0.0375036 0.0179880
v 0.0605734 -0.0366493 0.0179868
v 0.0629925 -0.0357366 0.0179855
v 0.0652908 -0.0347652 0.0179842
v 0.0674698 -0.0337349 0.0179827
v 0.0695303 -0.0326454 0.0179813
v 0.0714732 -0.0314962 0.0179798
v 0.0732987 -0.0302867 0.0179784
v 0.0750071 -0.0290159 0.0179770
v 0.0765987 -0.0276825 0.0179757
v 0.0780732 -0.0262850 0.0179744
v 0.0794308 -0.0248212 0.0179732
v 0.0806712 -0.0232880 0.0179721
v 0.0817943 -0.0216818 0.0179711
v 0.0827999 -0.0199971 0.0179701
v 0.0836878 -0.0182269 0.0179693
v 0.0844578 -0.0163609 0.0179685
v 0.0851097 -0.0143844 0.0179677
v 0.0856433 -0.0122748 0.0179671
v 0.0860585 -0.0099943 0.0179665
v 0.0863551 -0.0074725 0.0179660
v 0.0865331 -0.0045396 0.0179655
v 0.0865925 0.0000000 0.0179649
v 0.0865331 0.0045396 0.0179644
v 0.0863551 0.0074725 0.0179641
v 0.0860585 0.0099943 0.0179640
v 0.0856433 0.0122748 0.0179639
v 0.0851097 0.0143844 0.0179640
v 0.0844578 0.0163609 0.0179641
v 0.0836878 0.0182269 0.0179643
v 0.0827999 0.0199971 0.0179647
v 0.0817943 0.0216818 0.0179650
v 0.0806712 0.0232880 0.0179655
v 0.0794308 0.0248212 0.0179661
v 0.0780732 0.0262850 0.0179668
v 0.0765987 0.0276825 0.0179675
v 0.0750071 0.0290159 0.0179684
v 0.0732987 0.0302867 0.0179694
v 0.0714732 0.0314962 0.0179705
v 0.0695303 0.0326454 0.0179717
v 0.0674698 0.0337349 0.0179730
v 0.0652908 0.0347652 0.0179744
v 0.0629925 0.0357366 0.0179759
v 0.0605734 0.0366493 0.0179775
v 0.0580318 0.0375036 0.0179792
v 0.0553651 0.0382993 0.0179808
v 0.0525701 0.0390366 0.0179825
v 0.0496423 0.0397154 0.0179842
v 0.0465761 0.0403356 0.0179858
v 0.0433635 0.0408972 0.0179873
v 0.0399942 0.0414000 0.0179886
v 0.0364538 0.0418439 0.0179897
v 0.0327218 0.0422289 0.0179904
v 0.0287689 0.0425548 0.0179908
v 0.0245495 0.0428216 0.0179907
v 0.0199886 0.0430292 0.0179899
v 0.0149449 0.0431776 0.0179884
v 0.0090792 0.0432666 0.0179858
v 0.0000000 0.0432962 0.0179804
v -0.0090792 0.0432666 0.0179741
v -0.0149449 0.0431776 0.0179699
v -0.0199886 0.0430292 0.0179665
v -0.0245495 0.0428216 0.0179637
v -0.0287689 0.0425548 0.0179615
v -0.0327218 0.0422289 0.0179598
v -0.0364538 0.0418439 0.0179585
v -0.0399942 0.0414000 0.0179578
v -0.0433635 0.0408972 0.0179574
v -0.0465761 0.0403356 0.0179574
v -0.0496423 0.0397154 0.0179577
v -0.0525701 0.0390366 0.0179583
v -0.0553651 0.0382993 0.0179591
v -0.0580318 0.0375036 0.0179602
v -0.0605734 0.0366493 0.0179613
v -0.0629925 0.0357366 0.0179626
v -0.0652908 0.0347652 0.0179640
v -0.0674698 0.0337349 0.0179654
v -0.0695303 0.0326454 0.0179669
v -0.0714732 0.0314962 0.0179683
v -0.0732987 0.0302867 0.0179697
v -0.0750071 0.0290159 0.0179711
v -0.0765987 0.0276825 0.0179725
v -0.0780732 0.0262850 0.0179737
v -0.0794308 0.0248212 0.0179749
v -0.0806712 0.0232880 0.0179760
v -0.0817943 0.0216818 0.0179771
v -0.0827999 0.0199971 0.0179780
v -0.0836878 0.0182269 0.0179789
v -0.0844578 0.0163609 0.0179797
v -0.0851097 0.0143844 0.0179804
v -0.0856433 0.0122748 0.0179811
v -0.0860585 0.0099943 0.0179816
v -0.0863551 0.0074725 0.0179822
v -0.0865331 0.0045396 0.0179827
v -0.0893869 -0.0000000 0.0198878
v -0.0893256 -0.0046861 0.0198886
v -0.0891419 -0.0077136 0.0198890
v -0.0888356 -0.0103168 0.0198892
v -0.0884071 -0.0126709 0.0198892
v -0.0878562 -0.0148486 0.0198891
v -0.0871833 -0.0168889 0.0198889
v -0.0863885 -0.0188151 0.0198886
v -0.0854720 -0.0206424 0.0198881
v -0.0844339 -0.0223815 0.0198875
v -0.0832746 -0.0240396 0.0198868
v -0.0819941 -0.0256222 0.0198859
v -0.0805927 -0.0271333 0.0198848
v -0.0790706 -0.0285759 0.0198836
v -0.0774277 -0.0299523 0.0198822
v -0.0756641 -0.0312641 0.0198806
v -0.0737797 -0.0325127 0.0198788
v -0.0717742 -0.0336989 0.0198768
v -0.0696471 -0.0348236 0.0198746
v -0.0673978 -0.0358871 0.0198722
v -0.0650253 -0.0368898 0.0198697
v -0.0625282 -0.0378321 0.0198670
v -0.0599045 -0.0387138 0.0198642
v -0.0571518 -0.0395353 0.0198612
v -0.0542666 -0.0402964 0.0198583
v -0.0512443 -0.0409971 0.0198553
v -0.0480791 -0.0416373 0.0198524
v -0.0447629 -0.0422170 0.0198497
v -0.0412849 -0.0427360 0.0198473
v -0.0376302 -0.0431943 0.0198452
v -0.0337778 -0.0435917 0.0198437
v -0.0296973 -0.0439281 0.0198428
v -0.0253417 -0.0442035 0.0198428
v -0.0206337 -0.0444178 0.0198438
v -0.0154272 -0.0445709 0.0198461
v -0.0093722 -0.0446628 0.0198503
v 0.0000000 -0.0446935 0.0198593
v 0.0093722 -0.0446628 0.0198701
v 0.0154272 -0.0445709 0.0198772
v 0.0206337 -0.0444178 0.0198829
v 0.0253417 -0.0442035 0.0198875
v 0.0296973 -0.0439281 0.0198912
v 0.0337778 -0.0435917 0.0198940
v 0.0376302 -0.0431943 0.0198959
v 0.0412849 -0.0427360 0.0198970
v 0.0447629 -0.0422170 0.0198974
v 0.0480791 -0.0416373 0.0198973
v 0.0512443 -0.0409971 0.0198965
v 0.0542666 -0.0402964 0.0198953
v 0.0571518 -0.0395353 0.0198937
v 0.0599045 -0.0387138 0.0198918
v 0.0625282 -0.0378321 0.0198896
v 0.0650253 -0.0368898 0.0198872
v 0.0673978 -0.0358871 0.0198848
v 0.0696471 -0.0348236 0.0198822
v 0.0717742 -0.0336989 0.0198797
v 0.0737797 -0.0325127 0.0198771
v 0.0756641 -0.0312641 0.0198747
v 0.0774277 -0.0299523 0.0198723
v 0.0790706 -0.0285759 0.0198700
v 0.0805927 -0.0271333 0.0198679
v 0.0819941 -0.0256222 0.0198659
v 0.0832746 -0.0240396 0.0198640
v 0.0844339 -0.0223815 0.0198623
v 0.0854720 -0.0206424 0.0198607
v 0.0863885 -0.0188151 0.0198593
v 0.0871833 -0.0168889 0.0198580
v 0.0878562 -0.0148486 0.0198569
v 0.0884071 -0.0126709 0.0198558
v 0.0888356 -0.0103168 0.0198549
v 0.0891419 -0.0077136 0.0198541
v 0.0893256 -0.0046861 0.0198533
v 0.0893869 0.0000000 0.0198524
v 0.0893256 0.0046861 0.0198516
v 0.0891419 0.0077136 0.0198512
v 0.0888356 0.0103168 0.0198510
v 0.0884071 0.0126709 0.0198509
v 0.0878562 0.0148486 0.0198510
v 0.0871833 0.0168889 0.0198512
v 0.0863885 0.0188151 0.0198515
v 0.0854720 0.0206424 0.0198520
v 0.0844339 0.0223815 0.0198526
v 0.0832746 0.0240396 0.0198534
v 0.0819941 0.0256222 0.0198543
v 0.0805927 0.0271333 0.0198553
v 0.0790706 0.0285759 0.0198566
v 0.0774277 0.0299523 0.0198580
v 0.0756641 0.0312641 0.0198596
v 0.0737797 0.0325127 0.0198614
v 0.0717742 0.0336989 0.0198633
v 0.0696471 0.0348236 0.0198655
v 0.0673978 0.0358871 0.0198679
v 0.0650253 0.0368898 0.0198704
v 0.0625282 0.0378321 0.0198731
v 0.0599045 0.0387138 0.0198760
v 0.0571518 0.0395353 0.0198789
v 0.0542666 0.0402964 0.0198819
v 0.0512443 0.0409971 0.0198848
v 0.0480791 0.0416373 0.0198877
v 0.0447629 0.0422170 0.0198904
v 0.0412849 0.0427360 0.0198928
v 0.0376302 0.0431943 0.0198949
v 0.0337778 0.0435917 0.0198964
v 0.0296973 0.0439281 0.0198973
v 0.0253417 0.0442035 0.0198974
v 0.0206337 0.0444178 0.0198964
v 0.0154272 0.0445709 0.0198940
v 0.0093722 0.0446628 0.0198898
v 0.0000000 0.0446935 0.0198808
v -0.0093722 0.0446628 0.0198700
v -0.0154272 0.0445709 0.0198630
v -0.0206337 0.0444178 0.0198572
v -0.0253417 0.0442035 0.0198526
v -0.0296973 0.0439281 0.0198489
v -0.0337778 0.0435917 0.0198462
v -0.0376302 0.0431943 0.0198442
v -0.0412849 0.0427360 0.0198431
v -0.0447629 0.0422170 0.0198427
v -0.0480791 0.0416373 0.0198429
v -0.0512443 0.0409971 0.0198436
v -0.0542666 0.0402964 0.0198448
v -0.0571518 0.0395353 0.0198464
v -0.0599045 0.0387138 0.0198484
v -0.0625282 0.0378321 0.0198505
v -0.0650253 0.0368898 0.0198529
v -0.0673978 0.0358871 0.0198554
v -0.0696471 0.0348236 0.0198579
v -0.0717742 0.0336989 0.0198604
v -0.0737797 0.0325127 0.0198630
v -0.0756641 0.0312641 0.0198654
v -0.0774277 0.0299523 0.0198678
v -0.0790706 0.0285759 0.0198701
v -0.0805927 0.0271333 0.0198722
v -0.0819941 0.0256222 0.0198743
v -0.0832746 0.0240396 0.0198761
v -0.0844339 0.0223815 0.0198778
v -0.0854720 0.0206424 0.0198794
v -0.0863885 0.0188151 0.0198808
v -0.0871833 0.0168889 0.0198821
v -0.0878562 0.0148486 0.0198833
v -0.0884071 0.0126709 0.0198843
v -0.0888356 0.0103168 0.0198852
v -0.0891419 0.0077136 0.0198860
v -0.0893256 0.0046861 0.0198868
v -0.0918608 -0.0000000 0.0219170
v -0.0917978 -0.0048158 0.0219181
v -0.0916089 -0.0079271 0.0219186
v -0.0912942 -0.0106024 0.0219188
v -0.0908538 -0.0130215 0.0219189
v -0.0902877 -0.0152596 0.0219188
v -0.0895962 -0.0173563 0.0219185
v -0.0887794 -0.0193358 0.0219181
v -0.0878375 -0.0212137 0.0219175
v -0.0867707 -0.0230009 0.0219167
v -0.0855793 -0.0247049 0.0219157
v -0.0842634 -0.0263313 0.0219145
v -0.0828232 -0.0278842 0.0219131
v -0.0812589 -0.0293668 0.0219114
v -0.0795706 -0.0307812 0.0219095
v -0.0777582 -0.0321294 0.0219073
v -0.0758216 -0.0334125 0.0219048
v -0.0737606 -0.0346316 0.0219020
v -0.0715747 -0.0357873 0.0218989
v -0.0692631 -0.0368803 0.0218955
v -0.0668249 -0.0379108 0.0218918
v -0.0642587 -0.0388791 0.0218879
v -0.0615624 -0.0397853 0.0218837
v -0.0587335 -0.0406295 0.0218794
v -0.0557684 -0.0414116 0.0218749
v -0.0526626 -0.0421317 0.0218705
v -0.0494098 -0.0427896 0.0218661
v -0.0460018 -0.0433853 0.0218619
v -0.0424275 -0.0439187 0.0218581
v -0.0386716 -0.0443897 0.0218548
v -0.0347126 -0.0447981 0.0218523
v -0.0305192 -0.0451439 0.0218506
v -0.0260431 -0.0454269 0.0218503
v -0.0212047 -0.0456471 0.0218514
v -0.0158542 -0.0458045 0.0218545
v -0.0096316 -0.0458989 0.0218605
v 0.0000000 -0.0459304 0.0218734
v 0.0096316 -0.0458989 0.0218890
v 0.0158542 -0.0458045 0.0218993
v 0.0212047 -0.0456471 0.0219076
v 0.0260431 -0.0454269 0.0219143
v 0.0305192 -0.0451439 0.0219195
v 0.0347126 -0.0447981 0.0219233
v 0.0386716 -0.0443897 0.0219259
v 0.0424275 -0.0439187 0.0219273
v 0.0460018 -0.0433853 0.0219277
v 0.0494098 -0.0427896 0.0219272
v 0.0526626 -0.0421317 0.0219258
v 0.0557684 -0.0414116 0.0219238
v 0.0587335 -0.0406295 0.0219212
v 0.0615624 -0.0397853 0.0219182
v 0.0642587 -0.0388791 0.0219148
v 0.0668249 -0.0379108 0.0219112
v 0.0692631 -0.0368803 0.0219074
v 0.0715747 -0.0357873 0.0219036
v 0.0737606 -0.0346316 0.0218997
v 0.0758216 -0.0334125 0.0218960
v 0.0777582 -0.0321294 0.0218924
v 0.0795706 -0.0307812 0.0218889
v 0.0812589 -0.0293668 0.0218856
v 0.0828232 -0.0278842 0.0218825
v 0.0842634 -0.0263313 0.0218796
v 0.0855793 -0.0247049 0.0218769
v 0.0867707 -0.0230009 0.0218745
v 0.0878375 -0.0212137 0.0218723
v 0.0887794 -0.0193358 0.0218703
v 0.0895962 -0.0173563 0.0218686
v 0.0902877 -0.0152596 0.0218670
v 0.0908538 -0.0130215 0.0218656
v 0.0912942 -0.0106024 0.0218644
v 0.0916089 -0.0079271 0.0218632
v 0.0917978 -0.0048158 0.0218622
v 0.0918608 0.0000000 0.0218610
v 0.0917978 0.0048158 0.0218599
v 0.0916089 0.0079271 0.0218594
v 0.0912942 0.0106024 0.0218591
v 0.0908538 0.0130215 0.0218591
v 0.0902877 0.0152596 0.0218592
v 0.0895962 0.0173563 0.0218594
v 0.0887794 0.0193358 0.0218599
v 0.0878375 0.0212137 0.0218605
v 0.0867707 0.0230009 0.0218613
v 0.0855793 0.0247049 0.0218623
v 0.0842634 0.0263313 0.0218635
v 0.0828232 0.0278842 0.0218649
v 0.0812589 0.0293668 0.0218666
v 0.0795706 0.0307812 0.0218685
v 0.0777582 0.0321294 0.0218707
v 0.0758216 0.0334125 0.0218732
v 0.0737606 0.0346316 0.0218760
v 0.0715747 0.0357873 0.0218791
v 0.0692631 0.0368803 0.0218825
v 0.0668249 0.0379108 0.0218861
v 0.0642587 0.0388791 0.0218901
v 0.0615624 0.0397853 0.0218942
v 0.0587335 0.0406295 0.0218986
v 0.0557684 0.0414116 0.0219030
v 0.0526626 0.0421317 0.0219075
v 0.0494098 0.0427896 0.0219119
v 0.0460018 0.0433853 0.0219160
v 0.0424275 0.0439187 0.0219199
v 0.0386716 0.0443897 0.0219231
v 0.0347126 0.0447981 0.0219257
v 0.0305192 0.0451439 0.0219273
v 0.0260431 0.0454269 0.0219277
v 0.0212047 0.0456471 0.0219265
v 0.0158542 0.0458045 0.0219234
v 0.0096316 0.0458989 0.0219175
v 0.0000000 0.0459304 0.0219045
v -0.0096316 0.0458989 0.0218889
v -0.0158542 0.0458045 0.0218787
v -0.0212047 0.0456471 0.0218704
v -0.0260431 0.0454269 0.0218637
v -0.0305192 0.0451439 0.0218585
v -0.0347126 0.0447981 0.0218546
v -0.0386716 0.0443897 0.0218520
v -0.0424275 0.0439187 0.0218506
v -0.0460018 0.0433853 0.0218502
v -0.0494098 0.0427896 0.0218508
v -0.0526626 0.0421317 0.0218521
v -0.0557684 0.0414116 0.0218542
v -0.0587335 0.0406295 0.0218568
v -0.0615624 0.0397853 0.0218598
v -0.0642587 0.0388791 0.0218632
v -0.0668249 0.0379108 0.0218668
v -0.0692631 0.0368803 0.0218706
v -0.0715747 0.0357873 0.0218744
v -0.0737606 0.0346316 0.0218782
v -0.0758216 0.0334125 0.0218820
v -0.0777582 0.0321294 0.0218856
v -0.0795706 0.0307812 0.0218891
v -0.0812589 0.0293668 0.0218924
v -0.0828232 0.0278842 0.0218955
v -0.0842634 0.0263313 0.0218984
v -0.0855793 0.0247049 0.0219010
v -0.0867707 0.0230009 0.0219034
v -0.0878375 0.0212137 0.0219056
v -0.0887794 0.0193358 0.0219076
v -0.0895962 0.0173563 0.0219094
v -0.0902877 0.0152596 0.0219110
v -0.0908538 0.0130215 0.0219124
v -0.0912942 0.0106024 0.0219136
v -0.0916089 0.0079271 0.0219147
v -0.0917978 0.0048158 0.0219157
v -0.0940113 -0.0000000 0.0240760
v -0.0939468 -0.0049286 0.0240773
v -0.0937536 -0.0081127 0.0240779
v -0.0934315 -0.0108506 0.0240782
v -0.0929807 -0.0133264 0.0240783
v -0.0924014 -0.0156168 0.0240782
v -0.0916937 -0.0177626 0.0240779
v -0.0908578 -0.0197885 0.0240773
v -0.0898938 -0.0217104 0.0240766
v -0.0888021 -0.0235394 0.0240756
v -0.0875827 -0.0252832 0.0240744
v -0.0862360 -0.0269477 0.0240730
v -0.0847622 -0.0285370 0.0240712
v -0.0831612 -0.0300542 0.0240691
v -0.0814334 -0.0315018 0.0240667
v -0.0795785 -0.0328815 0.0240639
v -0.0775966 -0.0341947 0.0240607
v -0.0754874 -0.0354423 0.0240571
v -0.0732503 -0.0366251 0.0240530
v -0.0708846 -0.0377437 0.0240486
v -0.0683894 -0.0387983 0.0240437
v -0.0657630 -0.0397893 0.0240384
v -0.0630036 -0.0407167 0.0240328
v -0.0601085 -0.0415806 0.0240270
v -0.0570740 -0.0423811 0.0240209
v -0.0538954 -0.0431180 0.0240147
v -0.0505665 -0.0437914 0.0240086
v -0.0470787 -0.0444010 0.0240028
v -0.0434207 -0.0449469 0.0239973
v -0.0395769 -0.0454289 0.0239926
v -0.0355253 -0.0458468 0.0239888
v -0.0312336 -0.0462007 0.0239863
v -0.0266528 -0.0464904 0.0239854
v -0.0217011 -0.0467158 0.0239866
v -0.0162253 -0.0468768 0.0239904
v -0.0098571 -0.0469734 0.0239981
v 0.0000000 -0.0470056 0.0240153
v 0.0098571 -0.0469734 0.0240362
v 0.0162253 -0.0468768 0.0240500
v 0.0217011 -0.0467158 0.0240611
v 0.0266528 -0.0464904 0.0240700
v 0.0312336 -0.0462007 0.0240768
v 0.0355253 -0.0458468 0.0240818
v 0.0395769 -0.0454289 0.0240851
v 0.0434207 -0.0449469 0.0240867
v 0.0470787 -0.0444010 0.0240869
v 0.0505665 -0.0437914 0.0240859
v 0.0538954 -0.0431180 0.0240838
v 0.0570740 -0.0423811 0.0240807
v 0.0601085 -0.0415806 0.0240770
v 0.0630036 -0.0407167 0.0240726
v 0.0657630 -0.0397893 0.0240678
v 0.0683894 -0.0387983 0.0240628
v 0.0708846 -0.0377437 0.0240575
v 0.0732503 -0.0366251 0.0240522
v 0.0754874 -0.0354423 0.0240470
v 0.0775966 -0.0341947 0.0240419
v 0.0795785 -0.0328815 0.0240370
v 0.0814334 -0.0315018 0.0240323
v 0.0831612 -0.0300542 0.0240279
v 0.0847622 -0.0285370 0.0240238
v 0.0862360 -0.0269477 0.0240200
v 0.0875827 -0.0252832 0.0240165
v 0.0888021 -0.0235394 0.0240134
v 0.0898938 -0.0217104 0.0240106
v 0.0908578 -0.0197885 0.0240080
v 0.0916937 -0.0177626 0.0240058
v 0.0924014 -0.0156168 0.0240038
v 0.0929807 -0.0133264 0.0240020
v 0.0934315 -0.0108506 0.0240005
v 0.0937536 -0.0081127 0.0239991
v 0.0939468 -0.0049286 0.0239979
v 0.0940113 0.0000000 0.0239963
v 0.0939468 0.0049286 0.0239951
v 0.0937536 0.0081127 0.0239945
v 0.0934315 0.0108506 0.0239942
v 0.0929807 0.0133264 0.0239941
v 0.0924014 0.0156168 0.0239942
v 0.0916937 0.0177626 0.0239945
v 0.0908578 0.0197885 0.0239950
v 0.0898938 0.0217104 0.0239958
v 0.0888021 0.0235394 0.0239967
v 0.0875827 0.0252832 0.0239979
v 0.0862360 0.0269477 0.0239994
v 0.0847622 0.0285370 0.0240012
v 0.0831612 0.0300542 0.0240033
v 0.0814334 0.0315018 0.0240057
v 0.0795785 0.0328815 0.0240085
v 0.0775966 0.0341947 0.0240117
v 0.0754874 0.0354423 0.0240153
v 0.0732503 0.0366251 0.0240193
v 0.0708846 0.0377437 0.0240238
v 0.0683894 0.0387983 0.0240287
v 0.0657630 0.0397893 0.0240339
v 0.0630036 0.0407167 0.0240395
v 0.0601085 0.0415806 0.0240454
v 0.0570740 0.0423811 0.0240515
v 0.0538954 0.0431180 0.0240577
v 0.0505665 0.0437914 0.0240637
v 0.0470787 0.0444010 0.0240696
v 0.0434207 0.0449469 0.0240750
v 0.0395769 0.0454289 0.0240798
v 0.0355253 0.0458468 0.0240836
v 0.0312336 0.0462007 0.0240861
v 0.0266528 0.0464904 0.0240870
v 0.0217011 0.0467158 0.0240858
v 0.0162253 0.0468768 0.0240819
v 0.0098571 0.0469734 0.0240743
v 0.0000000 0.0470056 0.0240571
v -0.0098571 0.0469734 0.0240361
v -0.0162253 0.0468768 0.0240223
v -0.0217011 0.0467158 0.0240113
v -0.0266528 0.0464904 0.0240024
v -0.0312336 0.0462007 0.0239955
v -0.0355253 0.0458468 0.0239905
v -0.0395769 0.0454289 0.0239873
v -0.0434207 0.0449469 0.0239857
v -0.0470787 0.0444010 0.0239854
v -0.0505665 0.0437914 0.0239865
v -0.0538954 0.0431180 0.0239886
v -0.0570740 0.0423811 0.0239916
v -0.0601085 0.0415806 0.0239954
v -0.0630036 0.0407167 0.0239998
v -0.0657630 0.0397893 0.0240045
v -0.0683894 0.0387983 0.0240096
v -0.0708846 0.0377437 0.0240148
v -0.0732503 0.0366251 0.0240201
v -0.0754874 0.0354423 0.0240254
v -0.0775966 0.0341947 0.0240305
v -0.0795785 0.0328815 0.0240354
v -0.0814334 0.0315018 0.0240401
v -0.0831612 0.0300542 0.0240445
v -0.0847622 0.0285370 0.0240486
v -0.0862360 0.0269477 0.0240524
v -0.0875827 0.0252832 0.0240558
v -0.0888021 0.0235394 0.0240590
v -0.0898938 0.0217104 0.0240618
v -0.0908578 0.0197885 0.0240643
v -0.0916937 0.0177626 0.0240666
v -0.0924014 0.0156168 0.0240686
v -0.0929807 0.0133264 0.0240703
v -0.0934315 0.0108506 0.0240719
v -0.0937536 0.0081127 0.0240732
v -0.0939468 0.0049286 0.0240745
v -0.0958358 -0.0000000 0.0263738
v -0.0957702 -0.0050242 0.0263752
v -0.0955731 -0.0082701 0.0263759
v -0.0952448 -0.0110612 0.0263763
v -0.0947853 -0.0135850 0.0263763
v -0.0941947 -0.0159199 0.0263762
v -0.0934733 -0.0181074 0.0263758
v -0.0926211 -0.0201725 0.0263753
v -0.0916385 -0.0221317 0.0263744
v -0.0905255 -0.0239962 0.0263733
v -0.0892825 -0.0257739 0.0263719
v -0.0879097 -0.0274707 0.0263702
v -0.0864072 -0.0290908 0.0263681
v -0.0847752 -0.0306375 0.0263657
v -0.0830138 -0.0321132 0.0263628
v -0.0811230 -0.0335197 0.0263594
v -0.0791026 -0.0348583 0.0263555
v -0.0769524 -0.0361302 0.0263510
v -0.0746719 -0.0373359 0.0263460
v -0.0722603 -0.0384762 0.0263404
v -0.0697167 -0.0395513 0.0263343
v -0.0670394 -0.0405615 0.0263277
v -0.0642264 -0.0415069 0.0263205
v -0.0612751 -0.0423876 0.0263129
v -0.0581817 -0.0432036 0.0263051
v -0.0549414 -0.0439549 0.0262971
v -0.0515479 -0.0446413 0.0262891
v -0.0479924 -0.0452628 0.0262813
v -0.0442634 -0.0458192 0.0262741
v -0.0403450 -0.0463106 0.0262677
v -0.0362147 -0.0467366 0.0262624
v -0.0318398 -0.0470974 0.0262588
v -0.0271701 -0.0473927 0.0262572
v -0.0221223 -0.0476224 0.0262584
v -0.0165402 -0.0477866 0.0262630
v -0.0100484 -0.0478851 0.0262725
v 0.0000000 -0.0479179 0.0262943
v 0.0100484 -0.0478851 0.0263210
v 0.0165402 -0.0477866 0.0263386
v 0.0221223 -0.0476224 0.0263527
v 0.0271701 -0.0473927 0.0263639
v 0.0318398 -0.0470974 0.0263725
v 0.0362147 -0.0467366 0.0263787
v 0.0403450 -0.0463106 0.0263826
v 0.0442634 -0.0458192 0.0263844
v 0.0479924 -0.0452628 0.0263844
v 0.0515479 -0.0446413 0.0263827
v 0.0549414 -0.0439549 0.0263797
v 0.0581817 -0.0432036 0.0263755
v 0.0612751 -0.0423876 0.0263703
v 0.0642264 -0.0415069 0.0263645
v 0.0670394 -0.0405615 0.0263581
v 0.0697167 -0.0395513 0.0263514
v 0.0722603 -0.0384762 0.0263446
v 0.0746719 -0.0373359 0.0263377
v 0.0769524 -0.0361302 0.0263309
v 0.0791026 -0.0348583 0.0263243
v 0.0811230 -0.0335197 0.0263180
v 0.0830138 -0.0321132 0.0263121
v 0.0847752 -0.0306375 0.0263065
v 0.0864072 -0.0290908 0.0263014
v 0.0879097 -0.0274707 0.0262966
v 0.0892825 -0.0257739 0.0262923
v 0.0905255 -0.0239962 0.0262884
v 0.0916385 -0.0221317 0.0262850
v 0.0926211 -0.0201725 0.0262819
v 0.0934733 -0.0181074 0.0262792
v 0.0941947 -0.0159199 0.0262768
v 0.0947853 -0.0135850 0.0262747
v 0.0952448 -0.0110612 0.0262729
v 0.0955731 -0.0082701 0.0262713
v 0.0957702 -0.0050242 0.0262698
v 0.0958358 0.0000000 0.0262680
v 0.0957702 0.0050242 0.0262666
v 0.0955731 0.0082701 0.0262659
v 0.0952448 0.0110612 0.0262656
v 0.0947853 0.0135850 0.0262655
v 0.0941947 0.0159199 0.0262656
v 0.0934733 0.0181074 0.0262660
v 0.0926211 0.0201725 0.0262666
v 0.0916385 0.0221317 0.0262674
v 0.0905255 0.0239962 0.0262685
v 0.0892825 0.0257739 0.0262699
v 0.0879097 0.0274707 0.0262716
v 0.0864072 0.0290908 0.0262737
v 0.0847752 0.0306375 0.0262761
v 0.0830138 0.0321132 0.0262791
v 0.0811230 0.0335197 0.0262824
v 0.0791026 0.0348583 0.0262864
v 0.0769524 0.0361302 0.0262908
v 0.0746719 0.0373359 0.0262958
v 0.0722603 0.0384762 0.0263014
v 0.0697167 0.0395513 0.0263075
v 0.0670394 0.0405615 0.0263142
v 0.0642264 0.0415069 0.0263213
v 0.0612751 0.0423876 0.0263289
v 0.0581817 0.0432036 0.0263367
v 0.0549414 0.0439549 0.0263447
v 0.0515479 0.0446413 0.0263527
v 0.0479924 0.0452628 0.0263605
v 0.0442634 0.0458192 0.0263677
v 0.0403450 0.0463106 0.0263741
v 0.0362147 0.0467366 0.0263794
v 0.0318398 0.0470974 0.0263830
v 0.0271701 0.0473927 0.0263846
v 0.0221223 0.0476224 0.0263834
v 0.0165402 0.0477866 0.0263788
v 0.0100484 0.0478851 0.0263693
v 0.0000000 0.0479179 0.0263475
v -0.0100484 0.0478851 0.0263208
v -0.0165402 0.0477866 0.0263032
v -0.0221223 0.0476224 0.0262891
v -0.0271701 0.0473927 0.0262779
v -0.0318398 0.0470974 0.0262693
v -0.0362147 0.0467366 0.0262631
v -0.0403450 0.0463106 0.0262592
v -0.0442634 0.0458192 0.0262574
v -0.0479924 0.0452628 0.0262575
v -0.0515479 0.0446413 0.0262591
v -0.0549414 0.0439549 0.0262622
v -0.0581817 0.0432036 0.0262664
v -0.0612751 0.0423876 0.0262715
v -0.0642264 0.0415069 0.0262773
v -0.0670394 0.0405615 0.0262837
v -0.0697167 0.0395513 0.0262904
v -0.0722603 0.0384762 0.0262972
v -0.0746719 0.0373359 0.0263041
v -0.0769524 0.0361302 0.0263109
v -0.0791026 0.0348583 0.0263175
v -0.0811230 0.0335197 0.0263238
v -0.0830138 0.0321132 0.0263297
v -0.0847752 0.0306375 0.0263353
v -0.0864072 0.0290908 0.0263405
v -0.0879097 0.0274707 0.0263452
v -0.0892825 0.0257739 0.0263495
v -0.0905255 0.0239962 0.0263534
v -0.0916385 0.0221317 0.0263568
v -0.0926211 0.0201725 0.0263599
v -0.0934733 0.0181074 0.0263626
v -0.0941947 0.0159199 0.0263650
v -0.0947853 0.0135850 0.0263671
v -0.0952448 0.0110612 0.0263689
v -0.0955731 0.0082701 0.0263705
v -0.0957702 0.0050242 0.0263720
v -0.0973321 -0.0000000 0.0288259
v -0.0972654 -0.0051026 0.0288275
v -0.0970653 -0.0083992 0.0288283
v -0.0967319 -0.0112338 0.0288286
v -0.0962652 -0.0137971 0.0288287
v -0.0956654 -0.0161685 0.0288286
v -0.0949327 -0.0183901 0.0288282
v -0.0940672 -0.0204875 0.0288275
v -0.0930692 -0.0224773 0.0288266
v -0.0919389 -0.0243709 0.0288254
v -0.0906765 -0.0261763 0.0288238
v -0.0892822 -0.0278996 0.0288219
v -0.0877563 -0.0295450 0.0288195
v -0.0860988 -0.0311159 0.0288167
v -0.0843099 -0.0326146 0.0288133
v -0.0823896 -0.0340430 0.0288093
v -0.0803376 -0.0354026 0.0288047
v -0.0781539 -0.0366943 0.0287994
v -0.0758377 -0.0379189 0.0287934
v -0.0733885 -0.0390769 0.0287867
v -0.0708051 -0.0401688 0.0287792
v -0.0680860 -0.0411948 0.0287711
v -0.0652292 -0.0421550 0.0287623
v -0.0622318 -0.0430494 0.0287530
v -0.0590901 -0.0438781 0.0287432
v -0.0557992 -0.0446411 0.0287332
v -0.0523527 -0.0453382 0.0287231
v -0.0487417 -0.0459694 0.0287133
v -0.0449545 -0.0465346 0.0287040
v -0.0409749 -0.0470336 0.0286958
v -0.0367801 -0.0474663 0.0286889
v -0.0323369 -0.0478327 0.0286840
v -0.0275943 -0.0481326 0.0286817
v -0.0224677 -0.0483659 0.0286827
v -0.0167985 -0.0485326 0.0286881
v -0.0102053 -0.0486327 0.0286995
v 0.0000000 -0.0486661 0.0287262
v 0.0102053 -0.0486327 0.0287591
v 0.0167985 -0.0485326 0.0287808
v 0.0224677 -0.0483659 0.0287982
v 0.0275943 -0.0481326 0.0288119
v 0.0323369 -0.0478327 0.0288224
v 0.0367801 -0.0474663 0.0288298
v 0.0409749 -0.0470336 0.0288343
v 0.0449545 -0.0465346 0.0288363
v 0.0487417 -0.0459694 0.0288359
v 0.0523527 -0.0453382 0.0288335
v 0.0557992 -0.0446411 0.0288295
v 0.0590901 -0.0438781 0.0288239
v 0.0622318 -0.0430494 0.0288173
v 0.0652292 -0.0421550 0.0288098
v 0.0680860 -0.0411948 0.0288017
v 0.0708051 -0.0401688 0.0287933
v 0.0733885 -0.0390769 0.0287846
v 0.0758377 -0.0379189 0.0287760
v 0.0781539 -0.0366943 0.0287676
v 0.0803376 -0.0354026 0.0287594
v 0.0823896 -0.0340430 0.0287517
v 0.0843099 -0.0326146 0.0287444
v 0.0860988 -0.0311159 0.0287376
v 0.0877563 -0.0295450 0.0287313
v 0.0892822 -0.0278996 0.0287256
v 0.0906765 -0.0261763 0.0287204
v 0.0919389 -0.0243709 0.0287158
v 0.0930692 -0.0224773 0.0287117
v 0.0940672 -0.0204875 0.0287080
v 0.0949327 -0.0183901 0.0287048
v 0.0956654 -0.0161685 0.0287021
v 0.0962652 -0.0137971 0.0286997
v 0.0967319 -0.0112338 0.0286976
v 0.0970653 -0.0083992 0.0286958
v 0.0972654 -0.0051026 0.0286941
v 0.0973321 0.0000000 0.0286921
v 0.0972654 0.0051026 0.0286905
v 0.0970653 0.0083992 0.0286898
v 0.0967319 0.0112338 0.0286894
v 0.0962652 0.0137971 0.0286893
v 0.0956654 0.0161685 0.0286894
v 0.0949327 0.0183901 0.0286898
v 0.0940672 0.0204875 0.0286905
v 0.0930692 0.0224773 0.0286914
v 0.0919389 0.0243709 0.0286926
v 0.0906765 0.0261763 0.0286942
v 0.0892822 0.0278996 0.0286961
v 0.0877563 0.0295450 0.0286985
v 0.0860988 0.0311159 0.0287013
v 0.0843099 0.0326146 0.0287047
v 0.0823896 0.0340430 0.0287087
v 0.0803376 0.0354026 0.0287133
v 0.0781539 0.0366943 0.0287186
v 0.0758377 0.0379189 0.0287246
v 0.0733885 0.0390769 0.0287313
v 0.0708051 0.0401688 0.0287388
v 0.0680860 0.0411948 0.0287469
v 0.0652292 0.0421550 0.0287557
v 0.0622318 0.0430494 0.0287650
v 0.0590901 0.0438781 0.0287748
v 0.0557992 0.0446411 0.0287848
v 0.0523527 0.0453382 0.0287949
v 0.0487417 0.0459694 0.0288047
v 0.0449545 0.0465346 0.0288140
v 0.0409749 0.0470336 0.0288222
v 0.0367801 0.0474663 0.0288291
v 0.0323369 0.0478327 0.0288340
v 0.0275943 0.0481326 0.0288363
v 0.0224677 0.0483659 0.0288353
v 0.0167985 0.0485326 0.0288299
v 0.0102053 0.0486327 0.0288185
v 0.0000000 0.0486661 0.0287918
v -0.0102053 0.0486327 0.0287589
v -0.0167985 0.0485326 0.0287372
v -0.0224677 0.0483659 0.0287198
v -0.0275943 0.0481326 0.0287061
v -0.0323369 0.0478327 0.0286956
v -0.0367801 0.0474663 0.0286882
v -0.0409749 0.0470336 0.0286837
v -0.0449545 0.0465346 0.0286817
v -0.0487417 0.0459694 0.0286821
v -0.0523527 0.0453382 0.0286845
v -0.0557992 0.0446411 0.0286886
v -0.0590901 0.0438781 0.0286941
v -0.0622318 0.0430494 0.0287007
v -0.0652292 0.0421550 0.0287082
v -0.0680860 0.0411948 0.0287163
v -0.0708051 0.0401688 0.0287247
v -0.0733885 0.0390769 0.0287334
v -0.0758377 0.0379189 0.0287420
v -0.0781539 0.0366943 0.0287504
v -0.0803376 0.0354026 0.0287586
v -0.0823896 0.0340430 0.0287663
v -0.0843099 0.0326146 0.0287736
v -0.0860988 0.0311159 0.0287804
v -0.0877563 0.0295450 0.0287867
v -0.0892822 0.0278996 0.0287924
v -0.0906765 0.0261763 0.0287976
v -0.0919389 0.0243709 0.0288022
v -0.0930692 0.0224773 0.0288063
v -0.0940672 0.0204875 0.0288100
v -0.0949327 0.0183901 0.0288132
v -0.0956654 0.0161685 0.0288159
v -0.0962652 0.0137971 0.0288183
v -0.0967319 0.0112338 0.0288204
v -0.0970653 0.0083992 0.0288223
v -0.0972654 0.0051026 0.0288239
v -0.0984981 -0.0000000 0.0314608
v -0.0984306 -0.0051638 0.0314626
v -0.0982280 -0.0084998 0.0314634
v -0.0978906 -0.0113684 0.0314638
v -0.0974183 -0.0139624 0.0314639
v -0.0968114 -0.0163621 0.0314637
v -0.0960699 -0.0186104 0.0314633
v -0.0951940 -0.0207329 0.0314626
v -0.0941841 -0.0227465 0.0314616
v -0.0930402 -0.0246628 0.0314603
v -0.0917627 -0.0264899 0.0314585
v -0.0903517 -0.0282338 0.0314564
v -0.0888075 -0.0298990 0.0314537
v -0.0871302 -0.0314886 0.0314504
v -0.0853199 -0.0330053 0.0314466
v -0.0833765 -0.0344508 0.0314420
v -0.0813000 -0.0358267 0.0314366
v -0.0790901 -0.0371338 0.0314305
v -0.0767462 -0.0383731 0.0314234
v -0.0742676 -0.0395450 0.0314155
v -0.0716533 -0.0406500 0.0314066
v -0.0689016 -0.0416883 0.0313969
v -0.0660106 -0.0426599 0.0313864
v -0.0629772 -0.0435651 0.0313751
v -0.0597979 -0.0444038 0.0313633
v -0.0564676 -0.0451759 0.0313511
v -0.0529798 -0.0458814 0.0313388
v -0.0493256 -0.0465201 0.0313268
v -0.0454930 -0.0470920 0.0313154
v -0.0414658 -0.0475970 0.0313051
v -0.0372207 -0.0480349 0.0312965
v -0.0327243 -0.0484057 0.0312902
v -0.0279248 -0.0487092 0.0312870
v -0.0227368 -0.0489453 0.0312879
v -0.0169997 -0.0491140 0.0312940
v -0.0103275 -0.0492153 0.0313075
v 0.0000000 -0.0492490 0.0313394
v 0.0103275 -0.0492153 0.0313791
v 0.0169997 -0.0491140 0.0314052
v 0.0227368 -0.0489453 0.0314261
v 0.0279248 -0.0487092 0.0314426
v 0.0327243 -0.0484057 0.0314550
v 0.0372207 -0.0480349 0.0314637
v 0.0414658 -0.0475970 0.0314689
v 0.0454930 -0.0470920 0.0314710
v 0.0493256 -0.0465201 0.0314703
v 0.0529798 -0.0458814 0.0314671
v 0.0564676 -0.0451759 0.0314619
v 0.0597979 -0.0444038 0.0314549
v 0.0629772 -0.0435651 0.0314467
v 0.0660106 -0.0426599 0.0314374
v 0.0689016 -0.0416883 0.0314274
v 0.0716533 -0.0406500 0.0314171
v 0.0742676 -0.0395450 0.0314065
v 0.0767462 -0.0383731 0.0313961
v 0.0790901 -0.0371338 0.0313858
v 0.0813000 -0.0358267 0.0313760
v 0.0833765 -0.0344508 0.0313667
v 0.0853199 -0.0330053 0.0313579
v 0.0871302 -0.0314886 0.0313498
v 0.0888075 -0.0298990 0.0313424
v 0.0903517 -0.0282338 0.0313356
v 0.0917627 -0.0264899 0.0313296
v 0.0930402 -0.0246628 0.0313241
v 0.0941841 -0.0227465 0.0313193
v 0.0951940 -0.0207329 0.0313151
v 0.0960699 -0.0186104 0.0313115
v 0.0968114 -0.0163621 0.0313083
v 0.0974183 -0.0139624 0.0313056
v 0.0978906 -0.0113684 0.0313032
v 0.0982280 -0.0084998 0.0313011
v 0.0984306 -0.0051638 0.0312993
v 0.0984981 0.0000000 0.0312971
v 0.0984306 0.0051638 0.0312953
v 0.0982280 0.0084998 0.0312945
v 0.0978906 0.0113684 0.0312941
v 0.0974183 0.0139624 0.0312940
v 0.0968114 0.0163621 0.0312942
v 0.0960699 0.0186104 0.0312946
v 0.0951940 0.0207329 0.0312953
v 0.0941841 0.0227465 0.0312963
v 0.0930402 0.0246628 0.0312976
v 0.0917627 0.0264899 0.0312994
v 0.0903517 0.0282338 0.0313015
v 0.0888075 0.0298990 0.0313042
v 0.0871302 0.0314886 0.0313074
v 0.0853199 0.0330053 0.0313113
v 0.0833765 0.0344508 0.0313159
v 0.0813000 0.0358267 0.0313213
v 0.0790901 0.0371338 0.0313274
v 0.0767462 0.0383731 0.0313345
v 0.0742676 0.0395450 0.0313424
v 0.0716533 0.0406500 0.0313513
v 0.0689016 0.0416883 0.0313610
v 0.0660106 0.0426599 0.0313715
v 0.0629772 0.0435651 0.0313828
v 0.0597979 0.0444038 0.0313946
v 0.0564676 0.0451759 0.0314068
v 0.0529798 0.0458814 0.0314191
v 0.0493256 0.0465201 0.0314311
v 0.0454930 0.0470920 0.0314425
v 0.0414658 0.0475970 0.0314528
v 0.0372207 0.0480349 0.0314614
v 0.0327243 0.0484057 0.0314677
v 0.0279248 0.0487092 0.0314709
v 0.0227368 0.0489453 0.0314700
v 0.0169997 0.0491140 0.0314639
v 0.0103275 0.0492153 0.0314504
v 0.0000000 0.0492490 0.0314185
v -0.0103275 0.0492153 0.0313788
v -0.0169997 0.0491140 0.0313527
v -0.0227368 0.0489453 0.0313318
v -0.0279248 0.0487092 0.0313153
v -0.0327243 0.0484057 0.0313029
v -0.0372207 0.0480349 0.0312942
v -0.0414658 0.0475970 0.0312890
v -0.0454930 0.0470920 0.0312869
v -0.0493256 0.0465201 0.0312876
v -0.0529798 0.0458814 0.0312908
v -0.0564676 0.0451759 0.0312960
v -0.0597979 0.0444038 0.0313030
v -0.0629772 0.0435651 0.0313112
v -0.0660106 0.0426599 0.0313205
v -0.0689016 0.0416883 0.0313305
v -0.0716533 0.0406500 0.0313408
v -0.0742676 0.0395450 0.0313514
v -0.0767462 0.0383731 0.0313618
v -0.0790901 0.0371338 0.0313721
v -0.0813000 0.0358267 0.0313819
v -0.0833765 0.0344508 0.0313912
v -0.0853199 0.0330053 0.0314000
v -0.0871302 0.0314886 0.0314081
v -0.0888075 0.0298990 0.0314155
v -0.0903517 0.0282338 0.0314223
v -0.0917627 0.0264899 0.0314283
v -0.0930402 0.0246628 0.0314338
v -0.0941841 0.0227465 0.0314386
v -0.0951940 0.0207329 0.0314428
v -0.0960699 0.0186104 0.0314464
v -0.0968114 0.0163621 0.0314496
v -0.0974183 0.0139624 0.0314523
v -0.0978906 0.0113684 0.0314547
v -0.0982280 0.0084998 0.0314568
v -0.0984306 0.0051638 0.0314586
v -0.0993321 -0.0000000 0.0343349
v -0.0992640 -0.0052075 0.0343368
v -0.0990598 -0.0085718 0.0343377
v -0.0987195 -0.0114647 0.0343381
v -0.0982432 -0.0140806 0.0343383
v -0.0976311 -0.0165007 0.0343381
v -0.0968833 -0.0187679 0.0343376
v -0.0960001 -0.0209084 0.0343369
v -0.0949816 -0.0229391 0.0343358
v -0.0938280 -0.0248716 0.0343343
v -0.0925397 -0.0267142 0.0343324
v -0.0911168 -0.0284729 0.0343299
v -0.0895595 -0.0301521 0.0343269
v -0.0878680 -0.0317552 0.0343233
v -0.0860423 -0.0332847 0.0343189
v -0.0840825 -0.0347425 0.0343136
v -0.0819884 -0.0361300 0.0343075
v -0.0797597 -0.0374482 0.0343004
v -0.0773960 -0.0386980 0.0342922
v -0.0748965 -0.0398799 0.0342829
v -0.0722600 -0.0409942 0.0342726
v -0.0694851 -0.0420412 0.0342611
v -0.0665695 -0.0430211 0.0342487
v -0.0635105 -0.0439340 0.0342354
v -0.0603042 -0.0447797 0.0342213
v -0.0569458 -0.0455584 0.0342068
v -0.0534284 -0.0462698 0.0341921
v -0.0497432 -0.0469140 0.0341777
v -0.0458782 -0.0474908 0.0341640
v -0.0418169 -0.0480000 0.0341515
v -0.0375359 -0.0484417 0.0341410
v -0.0330014 -0.0488155 0.0341333
v -0.0281613 -0.0491216 0.0341292
v -0.0229294 -0.0493597 0.0341299
v -0.0171436 -0.0495299 0.0341369
v -0.0104150 -0.0496320 0.0341526
v 0.0000000 -0.0496660 0.0341903
v 0.0104150 -0.0496320 0.0342372
v 0.0171436 -0.0495299 0.0342681
v 0.0229294 -0.0493597 0.0342928
v 0.0281613 -0.0491216 0.0343123
v 0.0330014 -0.0488155 0.0343269
v 0.0375359 -0.0484417 0.0343370
v 0.0418169 -0.0480000 0.0343430
v 0.0458782 -0.0474908 0.0343452
v 0.0497432 -0.0469140 0.0343441
v 0.0534284 -0.0462698 0.0343401
v 0.0569458 -0.0455584 0.0343336
v 0.0603042 -0.0447797 0.0343251
v 0.0635105 -0.0439340 0.0343151
v 0.0665695 -0.0430211 0.0343039
v 0.0694851 -0.0420412 0.0342919
v 0.0722600 -0.0409942 0.0342795
v 0.0748965 -0.0398799 0.0342669
v 0.0773960 -0.0386980 0.0342545
v 0.0797597 -0.0374482 0.0342423
v 0.0819884 -0.0361300 0.0342307
v 0.0840825 -0.0347425 0.0342197
v 0.0860423 -0.0332847 0.0342094
v 0.0878680 -0.0317552 0.0341998
v 0.0895595 -0.0301521 0.0341911
v 0.0911168 -0.0284729 0.0341832
v 0.0925397 -0.0267142 0.0341762
v 0.0938280 -0.0248716 0.0341699
v 0.0949816 -0.0229391 0.0341644
v 0.0960001 -0.0209084 0.0341595
v 0.0968833 -0.0187679 0.0341553
v 0.0976311 -0.0165007 0.0341517
v 0.0982432 -0.0140806 0.0341486
v 0.0987195 -0.0114647 0.0341460
v 0.0990598 -0.0085718 0.0341437
v 0.0992640 -0.0052075 0.0341416
v 0.0993321 0.0000000 0.0341392
v 0.0992640 0.0052075 0.0341372
v 0.0990598 0.0085718 0.0341364
v 0.0987195 0.0114647 0.0341359
v 0.0982432 0.0140806 0.0341358
v 0.0976311 0.0165007 0.0341360
v 0.0968833 0.0187679 0.0341364
v 0.0960001 0.0209084 0.0341372
v 0.0949816 0.0229391 0.0341383
v 0.0938280 0.0248716 0.0341398
v 0.0925397 0.0267142 0.0341417
v 0.0911168 0.0284729 0.0341441
v 0.0895595 0.0301521 0.0341471
v 0.0878680 0.0317552 0.0341508
v 0.0860423 0.0332847 0.0341552
v 0.0840825 0.0347425 0.0341604
v 0.0819884 0.0361300 0.0341666
v 0.0797597 0.0374482 0.0341737
v 0.0773960 0.0386980 0.0341819
v 0.0748965 0.0398799 0.0341912
v 0.0722600 0.0409942 0.0342015
v 0.0694851 0.0420412 0.0342129
v 0.0665695 0.0430211 0.0342254
v 0.0635105 0.0439340 0.0342387
v 0.0603042 0.0447797 0.0342527
v 0.0569458 0.0455584 0.0342672
v 0.0534284 0.0462698 0.0342819
v 0.0497432 0.0469140 0.0342964
v 0.0458782 0.0474908 0.0343101
v 0.0418169 0.0480000 0.0343226
v 0.0375359 0.0484417 0.0343331
v 0.0330014 0.0488155 0.0343408
v 0.0281613 0.0491216 0.0343449
v 0.0229294 0.0493597 0.0343442
v 0.0171436 0.0495299 0.0343372
v 0.0104150 0.0496320 0.0343214
v 0.0000000 0.0496660 0.0342838
v -0.0104150 0.0496320 0.0342369
v -0.0171436 0.0495299 0.0342059
v -0.0229294 0.0493597 0.0341812
v -0.0281613 0.0491216 0.0341618
v -0.0330014 0.0488155 0.0341472
v -0.0375359 0.0484417 0.0341371
v -0.0418169 0.0480000 0.0341311
v -0.0458782 0.0474908 0.0341289
v -0.0497432 0.0469140 0.0341300
v -0.0534284 0.0462698 0.0341340
v -0.0569458 0.0455584 0.0341405
v -0.0603042 0.0447797 0.0341489
v -0.0635105 0.0439340 0.0341590
v -0.0665695 0.0430211 0.0341702
v -0.0694851 0.0420412 0.0341821
v -0.0722600 0.0409942 0.0341946
v -0.0748965 0.0398799 0.0342071
v -0.0773960 0.0386980 0.0342196
v -0.0797597 0.0374482 0.0342317
v -0.0819884 0.0361300 0.0342434
v -0.0840825 0.0347425 0.0342544
v -0.0860423 0.0332847 0.0342647
v -0.0878680 0.0317552 0.0342742
v -0.0895595 0.0301521 0.0342829
v -0.0911168 0.0284729 0.0342908
v -0.0925397 0.0267142 0.0342979
v -0.0938280 0.0248716 0.0343042
v -0.0949816 0.0229391 0.0343097
v -0.0960001 0.0209084 0.0343145
v -0.0968833 0.0187679 0.0343187
v -0.0976311 0.0165007 0.0343223
v -0.0982432 0.0140806 0.0343254
v -0.0987195 0.0114647 0.0343281
v -0.0990598 0.0085718 0.0343304
v -0.0992640 0.0052075 0.0343325
v -0.0998330 -0.0000000 0.0375870
v -0.0997645 -0.0052338 0.0375891
v -0.0995593 -0.0086150 0.0375901
v -0.0992173 -0.0115225 0.0375906
v -0.0987386 -0.0141516 0.0375907
v -0.0981234 -0.0165839 0.0375905
v -0.0973719 -0.0188626 0.0375900
v -0.0964841 -0.0210139 0.0375892
v -0.0954605 -0.0230548 0.0375880
v -0.0943011 -0.0249970 0.0375863
v -0.0930063 -0.0268489 0.0375842
v -0.0915762 -0.0286165 0.0375814
v -0.0900111 -0.0303042 0.0375780
v -0.0883110 -0.0319154 0.0375738
v -0.0864762 -0.0334526 0.0375688
v -0.0845065 -0.0349177 0.0375628
v -0.0824018 -0.0363122 0.0375557
v -0.0801619 -0.0376371 0.0375474
v -0.0777863 -0.0388932 0.0375380
v -0.0752742 -0.0400810 0.0375272
v -0.0726244 -0.0412009 0.0375151
v -0.0698354 -0.0422532 0.0375018
v -0.0669052 -0.0432381 0.0374872
v -0.0638307 -0.0441555 0.0374716
v -0.0606083 -0.0450055 0.0374551
v -0.0572329 -0.0457881 0.0374380
v -0.0536978 -0.0465032 0.0374207
v -0.0499941 -0.0471506 0.0374036
v -0.0461096 -0.0477303 0.0373873
v -0.0420277 -0.0482421 0.0373725
v -0.0377252 -0.0486859 0.0373600
v -0.0331678 -0.0490617 0.0373507
v -0.0283033 -0.0493693 0.0373457
v -0.0230450 -0.0496086 0.0373463
v -0.0172301 -0.0497796 0.0373542
v -0.0104675 -0.0498823 0.0373726
v 0.0000000 -0.0499165 0.0374166
v 0.0104675 -0.0498823 0.0374717
v 0.0172301 -0.0497796 0.0375080
v 0.0230450 -0.0496086 0.0375370
v 0.0283033 -0.0493693 0.0375598
v 0.0331678 -0.0490617 0.0375768
v 0.0377252 -0.0486859 0.0375886
v 0.0420277 -0.0482421 0.0375955
v 0.0461096 -0.0477303 0.0375979
v 0.0499941 -0.0471506 0.0375964
v 0.0536978 -0.0465032 0.0375915
v 0.0572329 -0.0457881 0.0375838
v 0.0606083 -0.0450055 0.0375737
v 0.0638307 -0.0441555 0.0375617
v 0.0669052 -0.0432381 0.0375484
v 0.0698354 -0.0422532 0.0375342
v 0.0726244 -0.0412009 0.0375195
v 0.0752742 -0.0400810 0.0375047
v 0.0777863 -0.0388932 0.0374900
v 0.0801619 -0.0376371 0.0374758
v 0.0824018 -0.0363122 0.0374621
v 0.0845065 -0.0349177 0.0374492
v 0.0864762 -0.0334526 0.0374371
v 0.0883110 -0.0319154 0.0374260
v 0.0900111 -0.0303042 0.0374159
v 0.0915762 -0.0286165 0.0374067
v 0.0930063 -0.0268489 0.0373985
v 0.0943011 -0.0249970 0.0373912
v 0.0954605 -0.0230548 0.0373849
v 0.0964841 -0.0210139 0.0373793
v 0.0973719 -0.0188626 0.0373745
v 0.0981234 -0.0165839 0.0373703
v 0.0987386 -0.0141516 0.0373668
v 0.0992173 -0.0115225 0.0373638
v 0.0995593 -0.0086150 0.0373612
v 0.0997645 -0.0052338 0.0373588
v 0.0998330 0.0000000 0.0373561
v 0.0997645 0.0052338 0.0373539
v 0.0995593 0.0086150 0.0373530
v 0.0992173 0.0115225 0.0373525
v 0.0987386 0.0141516 0.0373523
v 0.0981234 0.0165839 0.0373525
v 0.0973719 0.0188626 0.0373530
v 0.0964841 0.0210139 0.0373539
v 0.0954605 0.0230548 0.0373551
v 0.0943011 0.0249970 0.0373568
v 0.0930063 0.0268489 0.0373589
v 0.0915762 0.0286165 0.0373617
v 0.0900111 0.0303042 0.0373651
v 0.0883110 0.0319154 0.0373692
v 0.0864762 0.0334526 0.0373743
v 0.0845065 0.0349177 0.0373803
v 0.0824018 0.0363122 0.0373874
v 0.0801619 0.0376371 0.0373956
v 0.0777863 0.0388932 0.0374051
v 0.0752742 0.0400810 0.0374159
v 0.0726244 0.0412009 0.0374280
v 0.0698354 0.0422532 0.0374413
v 0.0669052 0.0432381 0.0374558
v 0.0638307 0.0441555 0.0374715
v 0.0606083 0.0450055 0.0374880
v 0.0572329 0.0457881 0.0375051
v 0.0536978 0.0465032 0.0375224
v 0.0499941 0.0471506 0.0375395
v 0.0461096 0.0477303 0.0375558
v 0.0420277 0.0482421 0.0375706
v 0.0377252 0.0486859 0.0375831
v 0.0331678 0.0490617 0.0375924
v 0.0283033 0.0493693 0.0375974
v 0.0230450 0.0496086 0.0375968
v 0.0172301 0.0497796 0.0375888
v 0.0104675 0.0498823 0.0375705
v 0.0000000 0.0499165 0.0375264
v -0.0104675 0.0498823 0.0374714
v -0.0172301 0.0497796 0.0374350
v -0.0230450 0.0496086 0.0374061
v -0.0283033 0.0493693 0.0373833
v -0.0331678 0.0490617 0.0373662
v -0.0377252 0.0486859 0.0373545
v -0.0420277 0.0482421 0.0373476
v -0.0461096 0.0477303 0.0373452
v -0.0499941 0.0471506 0.0373466
v -0.0536978 0.0465032 0.0373515
v -0.0572329 0.0457881 0.0373593
v -0.0606083 0.0450055 0.0373694
v -0.0638307 0.0441555 0.0373814
v -0.0669052 0.0432381 0.0373947
v -0.0698354 0.0422532 0.0374088
v -0.0726244 0.0412009 0.0374235
v -0.0752742 0.0400810 0.0374384
v -0.0777863 0.0388932 0.0374530
v -0.0801619 0.0376371 0.0374673
v -0.0824018 0.0363122 0.0374810
v -0.0845065 0.0349177 0.0374939
v -0.0864762 0.0334526 0.0375060
v -0.0883110 0.0319154 0.0375171
v -0.0900111 0.0303042 0.0375272
v -0.0915762 0.0286165 0.0375364
v -0.0930063 0.0268489 0.0375446
v -0.0943011 0.0249970 0.0375518
v -0.0954605 0.0230548 0.0375582
v -0.0964841 0.0210139 0.0375638
v -0.0973719 0.0188626 0.0375686
v -0.0981234 0.0165839 0.0375728
v -0.0987386 0.0141516 0.0375763
v -0.0992173 0.0115225 0.0375793
v -0.0995593 0.0086150 0.0375819
v -0.0997645 0.0052338 0.0375843
v -0.1000000 -0.0000000 0.0421391
v -0.0999315 -0.0052425 0.0421417
v -0.0997259 -0.0086295 0.0421428
v -0.0993833 -0.0115418 0.0421434
v -0.0989038 -0.0141753 0.0421436
v -0.0982876 -0.0166116 0.0421434
v -0.0975348 -0.0188941 0.0421428
v -0.0966456 -0.0210490 0.0421418
v -0.0956202 -0.0230934 0.0421403
v -0.0944589 -0.0250389 0.0421383
v -0.0931619 -0.0268938 0.0421358
v -0.0917295 -0.0286643 0.0421325
v -0.0901617 -0.0303549 0.0421285
v -0.0884588 -0.0319688 0.0421235
v -0.0866209 -0.0335086 0.0421175
v -0.0846479 -0.0349761 0.0421103
v -0.0825397 -0.0363730 0.0421018
v -0.0802961 -0.0377001 0.0420920
v -0.0779165 -0.0389582 0.0420806
v -0.0754001 -0.0401480 0.0420677
v -0.0727459 -0.0412698 0.0420532
v -0.0699523 -0.0423239 0.0420372
v -0.0670171 -0.0433104 0.0420197
v -0.0639375 -0.0442294 0.0420009
v -0.0607097 -0.0450808 0.0419810
v -0.0573287 -0.0458647 0.0419604
v -0.0537877 -0.0465810 0.0419395
v -0.0500777 -0.0472295 0.0419189
v -0.0461867 -0.0478101 0.0418993
v -0.0420981 -0.0483228 0.0418814
v -0.0377883 -0.0487674 0.0418662
v -0.0332233 -0.0491438 0.0418549
v -0.0283506 -0.0494519 0.0418488
v -0.0230835 -0.0496916 0.0418494
v -0.0172589 -0.0498629 0.0418590
v -0.0104850 -0.0499657 0.0418810
v 0.0000000 -0.0500000 0.0419339
v 0.0104850 -0.0499657 0.0420002
v 0.0172589 -0.0498629 0.0420439
v 0.0230835 -0.0496916 0.0420788
v 0.0283506 -0.0494519 0.0421062
v 0.0332233 -0.0491438 0.0421267
v 0.0377883 -0.0487674 0.0421408
v 0.0420981 -0.0483228 0.0421490
v 0.0461867 -0.0478101 0.0421519
v 0.0500777 -0.0472295 0.0421500
v 0.0537877 -0.0465810 0.0421440
v 0.0573287 -0.0458647 0.0421346
v 0.0607097 -0.0450808 0.0421224
v 0.0639375 -0.0442294 0.0421079
v 0.0670171 -0.0433104 0.0420919
v 0.0699523 -0.0423239 0.0420747
v 0.0727459 -0.0412698 0.0420570
v 0.0754001 -0.0401480 0.0420391
v 0.0779165 -0.0389582 0.0420215
v 0.0802961 -0.0377001 0.0420043
v 0.0825397 -0.0363730 0.0419878
v 0.0846479 -0.0349761 0.0419723
v 0.0866209 -0.0335086 0.0419578
v 0.0884588 -0.0319688 0.0419445
v 0.0901617 -0.0303549 0.0419323
v 0.0917295 -0.0286643 0.0419213
v 0.0931619 -0.0268938 0.0419115
v 0.0944589 -0.0250389 0.0419028
v 0.0956202 -0.0230934 0.0418951
v 0.0966456 -0.0210490 0.0418885
v 0.0975348 -0.0188941 0.0418827
v 0.0982876 -0.0166116 0.0418778
v 0.0989038 -0.0141753 0.0418736
v 0.0993833 -0.0115418 0.0418700
v 0.0997259 -0.0086295 0.0418669
v 0.0999315 -0.0052425 0.0418641
v 0.1000000 0.0000000 0.0418609
v 0.0999315 0.0052425 0.0418583
v 0.0997259 0.0086295 0.0418572
v 0.0993833 0.0115418 0.0418566
v 0.0989038 0.0141753 0.0418564
v 0.0982876 0.0166116 0.0418566
v 0.0975348 0.0188941 0.0418572
v 0.0966456 0.0210490 0.0418582
v 0.0956202 0.0230934 0.0418597
v 0.0944589 0.0250389 0.0418617
v 0.0931619 0.0268938 0.0418642
v 0.0917295 0.0286643 0.0418675
v 0.0901617 0.0303549 0.0418715
v 0.0884588 0.0319688 0.0418765
v 0.0866209 0.0335086 0.0418825
v 0.0846479 0.0349761 0.0418897
v 0.0825397 0.0363730 0.0418982
v 0.0802961 0.0377001 0.0419080
v 0.0779165 0.0389582 0.0419194
v 0.0754001 0.0401480 0.0419323
v 0.0727459 0.0412698 0.0419468
v 0.0699523 0.0423239 0.0419628
v 0.0670171 0.0433104 0.0419803
v 0.0639375 0.0442294 0.0419991
v 0.0607097 0.0450808 0.0420190
v 0.0573287 0.0458647 0.0420396
v 0.0537877 0.0465810 0.0420605
v 0.0500777 0.0472295 0.0420811
v 0.0461867 0.0478101 0.0421007
v 0.0420981 0.0483228 0.0421186
v 0.0377883 0.0487674 0.0421338
v 0.0332233 0.0491438 0.0421451
v 0.0283506 0.0494519 0.0421512
v 0.0230835 0.0496916 0.0421506
v 0.0172589 0.0498629 0.0421410
v 0.0104850 0.0499657 0.0421190
v 0.0000000 0.0500000 0.0420661
v -0.0104850 0.0499657 0.0419998
v -0.0172589 0.0498629 0.0419561
v -0.0230835 0.0496916 0.0419212
v -0.0283506 0.0494519 0.0418938
v -0.0332233 0.0491438 0.0418733
v -0.0377883 0.0487674 0.0418592
v -0.0420981 0.0483228 0.0418510
v -0.0461867 0.0478101 0.0418481
v -0.0500777 0.0472295 0.0418500
v -0.0537877 0.0465810 0.0418560
v -0.0573287 0.0458647 0.0418654
v -0.0607097 0.0450808 0.0418776
v -0.0639375 0.0442294 0.0418921
v -0.0670171 0.0433104 0.0419081
v -0.0699523 0.0423239 0.0419253
v -0.0727459 0.0412698 0.0419430
v -0.0754001 0.0401480 0.0419609
v -0.0779165 0.0389582 0.0419785
v -0.0802961 0.0377001 0.0419957
v -0.0825397 0.0363730 0.0420122
v -0.0846479 0.0349761 0.0420277
v -0.0866209 0.0335086 0.0420422
v -0.0884588 0.0319688 0.0420555
v -0.0901617 0.0303549 0.0420677
v -0.0917295 0.0286643 0.0420787
v -0.0931619 0.0268938 0.0420885
v -0.0944589 0.0250389 0.0420972
v -0.0956202 0.0230934 0.0421049
v -0.0966456 0.0210490 0.0421115
v -0.0975348 0.0188941 0.0421173
v -0.0982876 0.0166116 0.0421222
v -0.0989038 0.0141753 0.0421264
v -0.0993833 0.0115418 0.0421300
v -0.0997259 0.0086295 0.0421331
v -0.0999315 0.0052425 0.0421359
v -0.0998330 -0.0000000 0.0466904
v -0.0997645 -0.0052338 0.0466935
v -0.0995593 -0.0086150 0.0466948
v -0.0992173 -0.0115225 0.0466955
v -0.0987386 -0.0141516 0.0466957
v -0.0981234 -0.0165839 0.0466954
v -0.0973719 -0.0188626 0.0466947
v -0.0964841 -0.0210139 0.0466935
v -0.0954605 -0.0230548 0.0466918
v -0.0943011 -0.0249970 0.0466895
v -0.0930063 -0.0268489 0.0466865
v -0.0915762 -0.0286165 0.0466826
v -0.0900111 -0.0303042 0.0466778
v -0.0883110 -0.0319154 0.0466720
v -0.0864762 -0.0334526 0.0466649
v -0.0845065 -0.0349177 0.0466565
v -0.0824018 -0.0363122 0.0466465
v -0.0801619 -0.0376371 0.0466350
v -0.0777863 -0.0388932 0.0466216
v -0.0752742 -0.0400810 0.0466065
v -0.0726244 -0.0412009 0.0465896
v -0.0698354 -0.0422532 0.0465709
v -0.0669052 -0.0432381 0.0465505
v -0.0638307 -0.0441555 0.0465286
v -0.0606083 -0.0450055 0.0465054
v -0.0572329 -0.0457881 0.0464814
v -0.0536978 -0.0465032 0.0464571
v -0.0499941 -0.0471506 0.0464331
v -0.0461096 -0.0477303 0.0464103
v -0.0420277 -0.0482421 0.0463895
v -0.0377252 -0.0486859 0.0463719
v -0.0331678 -0.0490617 0.0463589
v -0.0283033 -0.0493693 0.0463518
v -0.0230450 -0.0496086 0.0463527
v -0.0172301 -0.0497796 0.0463639
v -0.0104675 -0.0498823 0.0463896
v 0.0000000 -0.0499165 0.0464514
v 0.0104675 -0.0498823 0.0465287
v 0.0172301 -0.0497796 0.0465797
v 0.0230450 -0.0496086 0.0466203
v 0.0283033 -0.0493693 0.0466523
v 0.0331678 -0.0490617 0.0466762
v 0.0377252 -0.0486859 0.0466927
v 0.0420277 -0.0482421 0.0467023
v 0.0461096 -0.0477303 0.0467058
v 0.0499941 -0.0471506 0.0467037
v 0.0536978 -0.0465032 0.0466968
v 0.0572329 -0.0457881 0.0466859
v 0.0606083 -0.0450055 0.0466717
v 0.0638307 -0.0441555 0.0466550
v 0.0669052 -0.0432381 0.0466363
v 0.0698354 -0.0422532 0.0466164
v 0.0726244 -0.0412009 0.0465958
v 0.0752742 -0.0400810 0.0465750
v 0.0777863 -0.0388932 0.0465544
v 0.0801619 -0.0376371 0.0465344
v 0.0824018 -0.0363122 0.0465152
v 0.0845065 -0.0349177 0.0464971
v 0.0864762 -0.0334526 0.0464802
v 0.0883110 -0.0319154 0.0464646
v 0.0900111 -0.0303042 0.0464503
v 0.0915762 -0.0286165 0.0464375
v 0.0930063 -0.0268489 0.0464260
v 0.0943011 -0.0249970 0.0464158
v 0.0954605 -0.0230548 0.0464068
v 0.0964841 -0.0210139 0.0463990
v 0.0973719 -0.0188626 0.0463923
v 0.0981234 -0.0165839 0.0463865
v 0.0987386 -0.0141516 0.0463815
v 0.0992173 -0.0115225 0.0463772
v 0.0995593 -0.0086150 0.0463736
v 0.0997645 -0.0052338 0.0463703
v 0.0998330 0.0000000 0.0463665
v 0.0997645 0.0052338 0.0463635
v 0.0995593 0.0086150 0.0463621
v 0.0992173 0.0115225 0.0463614
v 0.0987386 0.0141516 0.0463612
v 0.0981234 0.0165839 0.0463615
v 0.0973719 0.0188626 0.0463622
v 0.0964841 0.0210139 0.0463634
v 0.0954605 0.0230548 0.0463651
v 0.0943011 0.0249970 0.0463674
v 0.0930063 0.0268489 0.0463705
v 0.0915762 0.0286165 0.0463743
v 0.0900111 0.0303042 0.0463791
v 0.0883110 0.0319154 0.0463849
v 0.0864762 0.0334526 0.0463920
v 0.0845065 0.0349177 0.0464004
v 0.0824018 0.0363122 0.0464104
v 0.0801619 0.0376371 0.0464220
v 0.0777863 0.0388932 0.0464353
v 0.0752742 0.0400810 0.0464504
v 0.0726244 0.0412009 0.0464673
v 0.0698354 0.0422532 0.0464860
v 0.0669052 0.0432381 0.0465064
v 0.0638307 0.0441555 0.0465284
v 0.0606083 0.0450055 0.0465515
v 0.0572329 0.0457881 0.0465755
v 0.0536978 0.0465032 0.0465998
v 0.0499941 0.0471506 0.0466238
v 0.0461096 0.0477303 0.0466466
v 0.0420277 0.0482421 0.0466674
v 0.0377252 0.0486859 0.0466850
v 0.0331678 0.0490617 0.0466980
v 0.0283033 0.0493693 0.0467051
v 0.0230450 0.0496086 0.0467042
v 0.0172301 0.0497796 0.0466930
v 0.0104675 0.0498823 0.0466673
v 0.0000000 0.0499165 0.0466055
v -0.0104675 0.0498823 0.0465283
v -0.0172301 0.0497796 0.0464773
v -0.0230450 0.0496086 0.0464366
v -0.0283033 0.0493693 0.0464047
v -0.0331678 0.0490617 0.0463807
v -0.0377252 0.0486859 0.0463642
v -0.0420277 0.0482421 0.0463546
v -0.0461096 0.0477303 0.0463511
v -0.0499941 0.0471506 0.0463532
v -0.0536978 0.0465032 0.0463601
v -0.0572329 0.0457881 0.0463710
v -0.0606083 0.0450055 0.0463852
v -0.0638307 0.0441555 0.0464019
v -0.0669052 0.0432381 0.0464206
v -0.0698354 0.0422532 0.0464405
v -0.0726244 0.0412009 0.0464611
v -0.0752742 0.0400810 0.0464819
v -0.0777863 0.0388932 0.0465025
v -0.0801619 0.0376371 0.0465225
v -0.0824018 0.0363122 0.0465417
v -0.0845065 0.0349177 0.0465598
v -0.0864762 0.0334526 0.0465768
v -0.0883110 0.0319154 0.0465923
v -0.0900111 0.0303042 0.0466066
v -0.0915762 0.0286165 0.0466194
v -0.0930063 0.0268489 0.0466309
v -0.0943011 0.0249970 0.0466411
v -0.0954605 0.0230548 0.0466501
v -0.0964841 0.0210139 0.0466579
v -0.0973719 0.0188626 0.0466647
v -0.0981234 0.0165839 0.0466705
v -0.0987386 0.0141516 0.0466754
v -0.0992173 0.0115225 0.0466797
v -0.0995593 0.0086150 0.0466833
v -0.0997645 0.0052338 0.0466866
v -0.0993321 -0.0000000 0.0499398
v -0.0992640 -0.0052075 0.0499433
v -0.0990598 -0.0085718 0.0499449
v -0.0987195 -0.0114647 0.0499457
v -0.0982432 -0.0140806 0.0499459
v -0.0976311 -0.0165007 0.0499456
v -0.0968833 -0.0187679 0.0499447
v -0.0960001 -0.0209084 0.0499434
v -0.0949816 -0.0229391 0.0499414
v -0.0938280 -0.0248716 0.0499387
v -0.0925397 -0.0267142 0.0499352
v -0.0911168 -0.0284729 0.0499309
v -0.0895595 -0.0301521 0.0499255
v -0.0878680 -0.0317552 0.0499188
v -0.0860423 -0.0332847 0.0499109
v -0.0840825 -0.0347425 0.0499014
v -0.0819884 -0.0361300 0.0498903
v -0.0797597 -0.0374482 0.0498774
v -0.0773960 -0.0386980 0.0498626
v -0.0748965 -0.0398799 0.0498459
v -0.0722600 -0.0409942 0.0498216
v -0.0694851 -0.0420412 0.0491207
v -0.0665695 -0.0430211 0.0475809
v -0.0635105 -0.0439340 0.0477065
v -0.0603042 -0.0447797 0.0481669
v -0.0569458 -0.0455584 0.0493545
v -0.0534284 -0.0462698 0.0496814
v -0.0497432 -0.0469140 0.0496557
v -0.0458782 -0.0474908 0.0496309
v -0.0418169 -0.0480000 0.0496084
v -0.0375359 -0.0484417 0.0495895
v -0.0330014 -0.0488155 0.0495755
v -0.0281613 -0.0491216 0.0495681
v -0.0229294 -0.0493597 0.0495555
v -0.0171436 -0.0495299 0.0493770
v -0.0104150 -0.0496320 0.0494601
v 0.0000000 -0.0496660 0.0496784
v 0.0104150 -0.0496320 0.0497632
v 0.0171436 -0.0495299 0.0498191
v 0.0229294 -0.0493597 0.0498638
v 0.0281613 -0.0491216 0.0498467
v 0.0330014 -0.0488155 0.0496042
v 0.0375359 -0.0484417 0.0495443
v 0.0418169 -0.0480000 0.0497618
v 0.0458782 -0.0474908 0.0499577
v 0.0497432 -0.0469140 0.0499564
v 0.0534284 -0.0462698 0.0499492
v 0.0569458 -0.0455584 0.0499375
v 0.0603042 -0.0447797 0.0499222
v 0.0635105 -0.0439340 0.0499041
v 0.0665695 -0.0430211 0.0498838
v 0.0694851 -0.0420412 0.0498622
v 0.0722600 -0.0409942 0.0498397
v 0.0748965 -0.0398799 0.0498170
v 0.0773960 -0.0386980 0.0497945
v 0.0797597 -0.0374482 0.0497725
v 0.0819884 -0.0361300 0.0497515
v 0.0840825 -0.0347425 0.0497316
v 0.0860423 -0.0332847 0.0497130
v 0.0878680 -0.0317552 0.0496957
v 0.0895595 -0.0301521 0.0496800
v 0.0911168 -0.0284729 0.0496658
v 0.0925397 -0.0267142 0.0496530
v 0.0938280 -0.0248716 0.0496417
v 0.0949816 -0.0229391 0.0496317
v 0.0960001 -0.0209084 0.0496229
v 0.0968833 -0.0187679 0.0496154
v 0.0976311 -0.0165007 0.0496088
v 0.0982432 -0.0140806 0.0496032
v 0.0987195 -0.0114647 0.0495984
v 0.0990598 -0.0085718 0.0495942
v 0.0992640 -0.0052075 0.0495905
v 0.0993321 0.0000000 0.0495861
v 0.0992640 0.0052075 0.0495826
v 0.0990598 0.0085718 0.0495811
v 0.0987195 0.0114647 0.0495803
v 0.0982432 0.0140806 0.0495800
v 0.0976311 0.0165007 0.0495804
v 0.0968833 0.0187679 0.0495812
v 0.0960001 0.0209084 0.0495826
v 0.0949816 0.0229391 0.0495846
v 0.0938280 0.0248716 0.0495872
v 0.0925397 0.0267142 0.0495907
v 0.0911168 0.0284729 0.0495951
v 0.0895595 0.0301521 0.0496005
v 0.0878680 0.0317552 0.0496071
v 0.0860423 0.0332847 0.0496151
v 0.0840825 0.0347425 0.0496245
v 0.0819884 0.0361300 0.0496356
v 0.0797597 0.0374482 0.0496485
v 0.0773960 0.0386980 0.0496633
v 0.0748965 0.0398799 0.0496801
v 0.0722600 0.0409942 0.0496932
v 0.0694851 0.0420412 0.0490353
v 0.0665695 0.0430211 0.0475414
v 0.0635105 0.0439340 0.0477121
v 0.0603042 0.0447797 0.0482211
v 0.0569458 0.0455584 0.0494626
v 0.0534284 0.0462698 0.0498436
v 0.0497432 0.0469140 0.0498702
v 0.0458782 0.0474908 0.0498950
v 0.0418169 0.0480000 0.0499175
v 0.0375359 0.0484417 0.0499365
v 0.0330014 0.0488155 0.0499505
v 0.0281613 0.0491216 0.0499578
v 0.0229294 0.0493597 0.0499426
v 0.0171436 0.0495299 0.0497369
v 0.0104150 0.0496320 0.0497638
v 0.0000000 0.0496660 0.0498475
v -0.0104150 0.0496320 0.0497627
v -0.0171436 0.0495299 0.0497068
v -0.0229294 0.0493597 0.0496621
v -0.0281613 0.0491216 0.0495751
v -0.0330014 0.0488155 0.0492824
v -0.0375359 0.0484417 0.0491872
v -0.0418169 0.0480000 0.0493810
v -0.0458782 0.0474908 0.0495668
v -0.0497432 0.0469140 0.0495695
v -0.0534284 0.0462698 0.0495768
v -0.0569458 0.0455584 0.0495884
v -0.0603042 0.0447797 0.0496037
v -0.0635105 0.0439340 0.0496219
v -0.0665695 0.0430211 0.0496421
v -0.0694851 0.0420412 0.0496638
v -0.0722600 0.0409942 0.0496862
v -0.0748965 0.0398799 0.0497089
v -0.0773960 0.0386980 0.0497315
v -0.0797597 0.0374482 0.0497534
v -0.0819884 0.0361300 0.0497744
v -0.0840825 0.0347425 0.0497944
v -0.0860423 0.0332847 0.0498130
v -0.0878680 0.0317552 0.0498302
v -0.0895595 0.0301521 0.0498459
v -0.0911168 0.0284729 0.0498602
v -0.0925397 0.0267142 0.0498729
v -0.0938280 0.0248716 0.0498843
v -0.0949816 0.0229391 0.0498943
v -0.0960001 0.0209084 0.0499030
v -0.0968833 0.0187679 0.0499106
v -0.0976311 0.0165007 0.0499171
v -0.0982432 0.0140806 0.0499227
v -0.0987195 0.0114647 0.0499275
v -0.0990598 0.0085718 0.0499317
v -0.0992640 0.0052075 0.0499354
v -0.0984981 -0.0000000 0.0528090
v -0.0984306 -0.0051638 0.0528131
v -0.0982280 -0.0084998 0.0528150
v -0.0978906 -0.0113684 0.0528159
v -0.0974183 -0.0139624 0.0528161
v -0.0968114 -0.0163621 0.0528158
v -0.0960699 -0.0186104 0.0528148
v -0.0951940 -0.0207329 0.0528132
v -0.0941841 -0.0227465 0.0528109
v -0.0930402 -0.0246628 0.0528078
v -0.0917627 -0.0264899 0.0528038
v -0.0903517 -0.0282338 0.0527989
v -0.0888075 -0.0298990 0.0527927
v -0.0871302 -0.0314886 0.0527853
v -0.0853199 -0.0330053 0.0527764
v -0.0833765 -0.0344508 0.0527659
v -0.0813000 -0.0358267 0.0527536
v -0.0790901 -0.0371338 0.0527394
v -0.0767462 -0.0383731 0.0527232
v -0.0742676 -0.0395450 0.0527050
v -0.0716533 -0.0406500 0.0526653
v -0.0689016 -0.0416883 0.0516250
v -0.0660106 -0.0426599 0.0501735
v -0.0629772 -0.0435651 0.0503888
v -0.0597979 -0.0444038 0.0509230
v -0.0564676 -0.0451759 0.0522664
v -0.0529798 -0.0458814 0.0525287
v -0.0493256 -0.0465201 0.0525012
v -0.0454930 -0.0470920 0.0524750
v -0.0414658 -0.0475970 0.0524514
v -0.0372207 -0.0480349 0.0524316
v -0.0327243 -0.0484057 0.0524172
v -0.0279248 -0.0487092 0.0524099
v -0.0227368 -0.0489453 0.0523923
v -0.0169997 -0.0491140 0.0521589
v -0.0103275 -0.0492153 0.0522584
v 0.0000000 -0.0492490 0.0525303
v 0.0103275 -0.0492153 0.0526213
v 0.0169997 -0.0491140 0.0526814
v 0.0227368 -0.0489453 0.0527293
v 0.0279248 -0.0487092 0.0527208
v 0.0327243 -0.0484057 0.0523992
v 0.0372207 -0.0480349 0.0523188
v 0.0414658 -0.0475970 0.0525239
v 0.0454930 -0.0470920 0.0528296
v 0.0493256 -0.0465201 0.0528308
v 0.0529798 -0.0458814 0.0528236
v 0.0564676 -0.0451759 0.0528115
v 0.0597979 -0.0444038 0.0527956
v 0.0629772 -0.0435651 0.0527766
v 0.0660106 -0.0426599 0.0527553
v 0.0689016 -0.0416883 0.0527324
v 0.0716533 -0.0406500 0.0527086
v 0.0742676 -0.0395450 0.0526844
v 0.0767462 -0.0383731 0.0526604
v 0.0790901 -0.0371338 0.0526369
v 0.0813000 -0.0358267 0.0526143
v 0.0833765 -0.0344508 0.0525929
v 0.0853199 -0.0330053 0.0525728
v 0.0871302 -0.0314886 0.0525542
v 0.0888075 -0.0298990 0.0525371
v 0.0903517 -0.0282338 0.0525216
v 0.0917627 -0.0264899 0.0525076
v 0.0930402 -0.0246628 0.0524952
v 0.0941841 -0.0227465 0.0524841
v 0.0951940 -0.0207329 0.0524745
v 0.0960699 -0.0186104 0.0524660
v 0.0968114 -0.0163621 0.0524588
v 0.0974183 -0.0139624 0.0524525
v 0.0978906 -0.0113684 0.0524470
v 0.0982280 -0.0084998 0.0524423
v 0.0984306 -0.0051638 0.0524381
v 0.0984981 0.0000000 0.0524331
v 0.0984306 0.0051638 0.0524290
v 0.0982280 0.0084998 0.0524271
v 0.0978906 0.0113684 0.0524262
v 0.0974183 0.0139624 0.0524260
v 0.0968114 0.0163621 0.0524263
v 0.0960699 0.0186104 0.0524273
v 0.0951940 0.0207329 0.0524289
v 0.0941841 0.0227465 0.0524312
v 0.0930402 0.0246628 0.0524343
v 0.0917627 0.0264899 0.0524383
v 0.0903517 0.0282338 0.0524433
v 0.0888075 0.0298990 0.0524494
v 0.0871302 0.0314886 0.0524568
v 0.0853199 0.0330053 0.0524657
v 0.0833765 0.0344508 0.0524762
v 0.0813000 0.0358267 0.0524885
v 0.0790901 0.0371338 0.0525027
v 0.0767462 0.0383731 0.0525189
v 0.0742676 0.0395450 0.0525371
v 0.0716533 0.0406500 0.0525381
v 0.0689016 0.0416883 0.0515447
v 0.0660106 0.0426599 0.0501415
v 0.0629772 0.0435651 0.0504053
v 0.0597979 0.0444038 0.0509917
v 0.0564676 0.0451759 0.0523932
v 0.0529798 0.0458814 0.0527130
v 0.0493256 0.0465201 0.0527409
v 0.0454930 0.0470920 0.0527671
v 0.0414658 0.0475970 0.0527907
v 0.0372207 0.0480349 0.0528105
v 0.0327243 0.0484057 0.0528249
v 0.0279248 0.0487092 0.0528322
v 0.0227368 0.0489453 0.0528104
v 0.0169997 0.0491140 0.0525463
v 0.0103275 0.0492153 0.0525848
v 0.0000000 0.0492490 0.0527118
v -0.0103275 0.0492153 0.0526208
v -0.0169997 0.0491140 0.0525607
v -0.0227368 0.0489453 0.0525128
v -0.0279248 0.0487092 0.0524288
v -0.0327243 0.0484057 0.0520534
v -0.0372207 0.0480349 0.0519345
v -0.0414658 0.0475970 0.0521139
v -0.0454930 0.0470920 0.0524067
v -0.0493256 0.0465201 0.0524113
v -0.0529798 0.0458814 0.0524185
v -0.0564676 0.0451759 0.0524306
v -0.0597979 0.0444038 0.0524465
v -0.0629772 0.0435651 0.0524655
v -0.0660106 0.0426599 0.0524868
v -0.0689016 0.0416883 0.0525097
v -0.0716533 0.0406500 0.0525335
v -0.0742676 0.0395450 0.0525577
v -0.0767462 0.0383731 0.0525817
v -0.0790901 0.0371338 0.0526052
v -0.0813000 0.0358267 0.0526278
v -0.0833765 0.0344508 0.0526492
v -0.0853199 0.0330053 0.0526693
v -0.0871302 0.0314886 0.0526879
v -0.0888075 0.0298990 0.0527050
v -0.0903517 0.0282338 0.0527205
v -0.0917627 0.0264899 0.0527345
v -0.0930402 0.0246628 0.0527469
v -0.0941841 0.0227465 0.0527580
v -0.0951940 0.0207329 0.0527676
v -0.0960699 0.0186104 0.0527761
v -0.0968114 0.0163621 0.0527833
v -0.0974183 0.0139624 0.0527896
v -0.0978906 0.0113684 0.0527951
v -0.0982280 0.0084998 0.0527998
v -0.0984306 0.0051638 0.0528040
v -0.0973321 -0.0000000 0.0554366
v -0.0972654 -0.0051026 0.0554413
v -0.0970653 -0.0083992 0.0554435
v -0.0967319 -0.0112338 0.0554446
v -0.0962652 -0.0137971 0.0554449
v -0.0956654 -0.0161685 0.0554445
v -0.0949327 -0.0183901 0.0554433
v -0.0940672 -0.0204875 0.0554414
v -0.0930692 -0.0224773 0.0554388
v -0.0919389 -0.0243709 0.0554352
v -0.0906765 -0.0261763 0.0554306
v -0.0892822 -0.0278996 0.0554249
v -0.0877563 -0.0295450 0.0554180
v -0.0860988 -0.0311159 0.0554097
v -0.0843099 -0.0326146 0.0553997
v -0.0823896 -0.0340430 0.0553881
v -0.0803376 -0.0354026 0.0553746
v -0.0781539 -0.0366943 0.0553592
v -0.0758377 -0.0379189 0.0553416
v -0.0733885 -0.0390769 0.0553219
v -0.0708051 -0.0401688 0.0552190
v -0.0680860 -0.0411948 0.0536453
v -0.0652292 -0.0421550 0.0524649
v -0.0622318 -0.0430494 0.0527628
v -0.0590901 -0.0438781 0.0534577
v -0.0557992 -0.0446411 0.0549658
v -0.0523527 -0.0453382 0.0551359
v -0.0487417 -0.0459694 0.0551073
v -0.0449545 -0.0465346 0.0550802
v -0.0409749 -0.0470336 0.0550560
v -0.0367801 -0.0474663 0.0550360
v -0.0323369 -0.0478327 0.0550217
v -0.0275943 -0.0481326 0.0550149
v -0.0224677 -0.0483659 0.0549871
v -0.0167985 -0.0485326 0.0546592
v -0.0102053 -0.0486327 0.0547836
v 0.0000000 -0.0486661 0.0551450
v 0.0102053 -0.0486327 0.0552413
v 0.0167985 -0.0485326 0.0553048
v 0.0224677 -0.0483659 0.0553556
v 0.0275943 -0.0481326 0.0553611
v 0.0323369 -0.0478327 0.0549169
v 0.0367801 -0.0474663 0.0547946
v 0.0409749 -0.0470336 0.0549505
v 0.0449545 -0.0465346 0.0554511
v 0.0487417 -0.0459694 0.0554659
v 0.0523527 -0.0453382 0.0554590
v 0.0557992 -0.0446411 0.0554470
v 0.0590901 -0.0438781 0.0554309
v 0.0622318 -0.0430494 0.0554115
v 0.0652292 -0.0421550 0.0553896
v 0.0680860 -0.0411948 0.0553659
v 0.0708051 -0.0401688 0.0553412
v 0.0733885 -0.0390769 0.0553160
v 0.0758377 -0.0379189 0.0552908
v 0.0781539 -0.0366943 0.0552661
v 0.0803376 -0.0354026 0.0552423
v 0.0823896 -0.0340430 0.0552196
v 0.0843099 -0.0326146 0.0551982
v 0.0860988 -0.0311159 0.0551783
v 0.0877563 -0.0295450 0.0551600
v 0.0892822 -0.0278996 0.0551433
v 0.0906765 -0.0261763 0.0551281
v 0.0919389 -0.0243709 0.0551146
v 0.0930692 -0.0224773 0.0551026
v 0.0940672 -0.0204875 0.0550919
v 0.0949327 -0.0183901 0.0550826
v 0.0956654 -0.0161685 0.0550745
v 0.0962652 -0.0137971 0.0550675
v 0.0967319 -0.0112338 0.0550614
v 0.0970653 -0.0083992 0.0550560
v 0.0972654 -0.0051026 0.0550512
v 0.0973321 0.0000000 0.0550454
v 0.0972654 0.0051026 0.0550406
v 0.0970653 0.0083992 0.0550385
v 0.0967319 0.0112338 0.0550374
v 0.0962652 0.0137971 0.0550371
v 0.0956654 0.0161685 0.0550375
v 0.0949327 0.0183901 0.0550387
v 0.0940672 0.0204875 0.0550405
v 0.0930692 0.0224773 0.0550432
v 0.0919389 0.0243709 0.0550468
v 0.0906765 0.0261763 0.0550514
v 0.0892822 0.0278996 0.0550571
v 0.0877563 0.0295450 0.0550640
v 0.0860988 0.0311159 0.0550723
v 0.0843099 0.0326146 0.0550822
v 0.0823896 0.0340430 0.0550939
v 0.0803376 0.0354026 0.0551074
v 0.0781539 0.0366943 0.0551228
v 0.0758377 0.0379189 0.0551404
v 0.0733885 0.0390769 0.0551600
v 0.0708051 0.0401688 0.0551008
v 0.0680860 0.0411948 0.0535775
v 0.0652292 0.0421550 0.0524469
v 0.0622318 0.0430494 0.0527960
v 0.0590901 0.0438781 0.0535463
v 0.0557992 0.0446411 0.0551163
v 0.0523527 0.0453382 0.0553460
v 0.0487417 0.0459694 0.0553747
v 0.0449545 0.0465346 0.0554017
v 0.0409749 0.0470336 0.0554260
v 0.0367801 0.0474663 0.0554460
v 0.0323369 0.0478327 0.0554603
v 0.0275943 0.0481326 0.0554671
v 0.0224677 0.0483659 0.0554330
v 0.0167985 0.0485326 0.0550702
v 0.0102053 0.0486327 0.0551291
v 0.0000000 0.0486661 0.0553370
v -0.0102053 0.0486327 0.0552407
v -0.0167985 0.0485326 0.0551772
v -0.0224677 0.0483659 0.0551264
v -0.0275943 0.0481326 0.0550517
v -0.0323369 0.0478327 0.0545507
v -0.0367801 0.0474663 0.0543872
v -0.0409749 0.0470336 0.0545155
v -0.0449545 0.0465346 0.0549993
v -0.0487417 0.0459694 0.0550160
v -0.0523527 0.0453382 0.0550230
v -0.0557992 0.0446411 0.0550349
v -0.0590901 0.0438781 0.0550511
v -0.0622318 0.0430494 0.0550705
v -0.0652292 0.0421550 0.0550924
v -0.0680860 0.0411948 0.0551161
v -0.0708051 0.0401688 0.0551408
v -0.0733885 0.0390769 0.0551660
v -0.0758377 0.0379189 0.0551912
v -0.0781539 0.0366943 0.0552159
v -0.0803376 0.0354026 0.0552397
v -0.0823896 0.0340430 0.0552624
v -0.0843099 0.0326146 0.0552838
v -0.0860988 0.0311159 0.0553037
v -0.0877563 0.0295450 0.0553220
v -0.0892822 0.0278996 0.0553387
v -0.0906765 0.0261763 0.0553538
v -0.0919389 0.0243709 0.0553674
v -0.0930692 0.0224773 0.0553794
v -0.0940672 0.0204875 0.0553901
v -0.0949327 0.0183901 0.0553994
v -0.0956654 0.0161685 0.0554075
v -0.0962652 0.0137971 0.0554145
v -0.0967319 0.0112338 0.0554206
v -0.0970653 0.0083992 0.0554260
v -0.0972654 0.0051026 0.0554308
v -0.0958358 -0.0000000 0.0578784
v -0.0957702 -0.0050242 0.0578839
v -0.0955731 -0.0082701 0.0578864
v -0.0952448 -0.0110612 0.0578878
v -0.0947853 -0.0135850 0.0578881
v -0.0941947 -0.0159199 0.0578876
v -0.0934733 -0.0181074 0.0578862
v -0.0926211 -0.0201725 0.0578840
v -0.0916385 -0.0221317 0.0578809
v -0.0905255 -0.0239962 0.0578767
v -0.0892825 -0.0257739 0.0578715
v -0.0879097 -0.0274707 0.0578650
v -0.0864072 -0.0290908 0.0578572
v -0.0847752 -0.0306375 0.0578478
v -0.0830138 -0.0321132 0.0578369
v -0.0811230 -0.0335197 0.0578241
v -0.0791026 -0.0348583 0.0578094
v -0.0769524 -0.0361302 0.0577926
v -0.0746719 -0.0373359 0.0577738
v -0.0722603 -0.0384762 0.0577520
v -0.0697167 -0.0395513 0.0573989
v -0.0670394 -0.0405615 0.0552534
v -0.0642264 -0.0415069 0.0545501
v -0.0612751 -0.0423876 0.0548958
v -0.0581817 -0.0432036 0.0559181
v -0.0549414 -0.0439549 0.0574878
v -0.0515479 -0.0446413 0.0575591
v -0.0479924 -0.0452628 0.0575299
v -0.0442634 -0.0458192 0.0575026
v -0.0403450 -0.0463106 0.0574784
v -0.0362147 -0.0467366 0.0574586
v -0.0318398 -0.0470974 0.0574449
v -0.0271701 -0.0473927 0.0574391
v -0.0221223 -0.0476224 0.0573913
v -0.0165402 -0.0477866 0.0569114
v -0.0100484 -0.0478851 0.0570717
v 0.0000000 -0.0479179 0.0575787
v 0.0100484 -0.0478851 0.0576794
v 0.0165402 -0.0477866 0.0577457
v 0.0221223 -0.0476224 0.0577989
v 0.0271701 -0.0473927 0.0578223
v 0.0318398 -0.0470974 0.0572275
v 0.0362147 -0.0467366 0.0570086
v 0.0403450 -0.0463106 0.0570659
v 0.0442634 -0.0458192 0.0578331
v 0.0479924 -0.0452628 0.0579183
v 0.0515479 -0.0446413 0.0579121
v 0.0549414 -0.0439549 0.0579006
v 0.0581817 -0.0432036 0.0578847
v 0.0612751 -0.0423876 0.0578654
v 0.0642264 -0.0415069 0.0578433
v 0.0670394 -0.0405615 0.0578194
v 0.0697167 -0.0395513 0.0577941
v 0.0722603 -0.0384762 0.0577683
v 0.0746719 -0.0373359 0.0577424
v 0.0769524 -0.0361302 0.0577168
v 0.0791026 -0.0348583 0.0576920
v 0.0811230 -0.0335197 0.0576683
v 0.0830138 -0.0321132 0.0576458
v 0.0847752 -0.0306375 0.0576248
v 0.0864072 -0.0290908 0.0576054
v 0.0879097 -0.0274707 0.0575875
v 0.0892825 -0.0257739 0.0575713
v 0.0905255 -0.0239962 0.0575567
v 0.0916385 -0.0221317 0.0575436
v 0.0926211 -0.0201725 0.0575320
v 0.0934733 -0.0181074 0.0575217
v 0.0941947 -0.0159199 0.0575127
v 0.0947853 -0.0135850 0.0575049
v 0.0952448 -0.0110612 0.0574980
v 0.0955731 -0.0082701 0.0574920
v 0.0957702 -0.0050242 0.0574865
v 0.0958358 0.0000000 0.0574798
v 0.0957702 0.0050242 0.0574743
v 0.0955731 0.0082701 0.0574718
v 0.0952448 0.0110612 0.0574704
v 0.0947853 0.0135850 0.0574701
v 0.0941947 0.0159199 0.0574706
v 0.0934733 0.0181074 0.0574720
v 0.0926211 0.0201725 0.0574742
v 0.0916385 0.0221317 0.0574773
v 0.0905255 0.0239962 0.0574815
v 0.0892825 0.0257739 0.0574867
v 0.0879097 0.0274707 0.0574932
v 0.0864072 0.0290908 0.0575010
v 0.0847752 0.0306375 0.0575103
v 0.0830138 0.0321132 0.0575213
v 0.0811230 0.0335197 0.0575341
v 0.0791026 0.0348583 0.0575488
v 0.0769524 0.0361302 0.0575656
v 0.0746719 0.0373359 0.0575844
v 0.0722603 0.0384762 0.0576046
v 0.0697167 0.0395513 0.0572985
v 0.0670394 0.0405615 0.0552055
v 0.0642264 0.0415069 0.0545529
v 0.0612751 0.0423876 0.0549519
v 0.0581817 0.0432036 0.0560326
v 0.0549414 0.0439549 0.0576671
v 0.0515479 0.0446413 0.0577991
v 0.0479924 0.0452628 0.0578283
v 0.0442634 0.0458192 0.0578556
v 0.0403450 0.0463106 0.0578798
v 0.0362147 0.0467366 0.0578995
v 0.0318398 0.0470974 0.0579133
v 0.0271701 0.0473927 0.0579191
v 0.0221223 0.0476224 0.0578621
v 0.0165402 0.0477866 0.0573423
v 0.0100484 0.0478851 0.0574329
v 0.0000000 0.0479179 0.0577794
v -0.0100484 0.0478851 0.0576788
v -0.0165402 0.0477866 0.0576125
v -0.0221223 0.0476224 0.0575593
v -0.0271701 0.0473927 0.0574981
v -0.0318398 0.0470974 0.0568441
v -0.0362147 0.0467366 0.0565820
v -0.0403450 0.0463106 0.0566102
v -0.0442634 0.0458192 0.0573554
v -0.0479924 0.0452628 0.0574399
v -0.0515479 0.0446413 0.0574461
v -0.0549414 0.0439549 0.0574576
v -0.0581817 0.0432036 0.0574735
v -0.0612751 0.0423876 0.0574928
v -0.0642264 0.0415069 0.0575149
v -0.0670394 0.0405615 0.0575388
v -0.0697167 0.0395513 0.0575641
v -0.0722603 0.0384762 0.0575899
v -0.0746719 0.0373359 0.0576158
v -0.0769524 0.0361302 0.0576414
v -0.0791026 0.0348583 0.0576662
v -0.0811230 0.0335197 0.0576899
v -0.0830138 0.0321132 0.0577124
v -0.0847752 0.0306375 0.0577334
v -0.0864072 0.0290908 0.0577528
v -0.0879097 0.0274707 0.0577707
v -0.0892825 0.0257739 0.0577869
v -0.0905255 0.0239962 0.0578015
v -0.0916385 0.0221317 0.0578146
v -0.0926211 0.0201725 0.0578262
v -0.0934733 0.0181074 0.0578365
v -0.0941947 0.0159199 0.0578454
v -0.0947853 0.0135850 0.0578533
v -0.0952448 0.0110612 0.0578601
v -0.0955731 0.0082701 0.0578662
v -0.0957702 0.0050242 0.0578717
v -0.0940113 -0.0000000 0.0601621
v -0.0939468 -0.0049286 0.0601684
v -0.0937536 -0.0081127 0.0601714
v -0.0934315 -0.0108506 0.0601730
v -0.0929807 -0.0133264 0.0601734
v -0.0924014 -0.0156168 0.0601728
v -0.0916937 -0.0177626 0.0601712
v -0.0908578 -0.0197885 0.0601686
v -0.0898938 -0.0217104 0.0601649
v -0.0888021 -0.0235394 0.0601602
v -0.0875827 -0.0252832 0.0601542
v -0.0862360 -0.0269477 0.0601468
v -0.0847622 -0.0285370 0.0601381
v -0.0831612 -0.0300542 0.0601277
v -0.0814334 -0.0315018 0.0601156
v -0.0795785 -0.0328815 0.0601016
v -0.0775966 -0.0341947 0.0600857
v -0.0754874 -0.0354423 0.0600677
v -0.0732503 -0.0366251 0.0600476
v -0.0708846 -0.0377437 0.0600059
v -0.0683894 -0.0387983 0.0589252
v -0.0657630 -0.0397893 0.0566546
v -0.0630036 -0.0407167 0.0564789
v -0.0601085 -0.0415806 0.0568673
v -0.0570740 -0.0423811 0.0584566
v -0.0538954 -0.0431180 0.0598253
v -0.0505665 -0.0437914 0.0598267
v -0.0470787 -0.0444010 0.0597975
v -0.0434207 -0.0449469 0.0597705
v -0.0395769 -0.0454289 0.0597469
v -0.0355253 -0.0458468 0.0597280
v -0.0312336 -0.0462007 0.0597154
v -0.0266528 -0.0464904 0.0597109
v -0.0217011 -0.0467158 0.0596250
v -0.0162253 -0.0468768 0.0589162
v -0.0098571 -0.0469734 0.0591248
v 0.0000000 -0.0470056 0.0598600
v 0.0098571 -0.0469734 0.0599641
v 0.0162253 -0.0468768 0.0600327
v 0.0217011 -0.0467158 0.0600879
v 0.0266528 -0.0464904 0.0601259
v 0.0312336 -0.0462007 0.0594225
v 0.0355253 -0.0458468 0.0589682
v 0.0395769 -0.0454289 0.0589036
v 0.0434207 -0.0449469 0.0598485
v 0.0470787 -0.0444010 0.0602154
v 0.0505665 -0.0437914 0.0602112
v 0.0538954 -0.0431180 0.0602006
v 0.0570740 -0.0423811 0.0601855
v 0.0601085 -0.0415806 0.0601667
v 0.0630036 -0.0407167 0.0601451
v 0.0657630 -0.0397893 0.0601212
v 0.0683894 -0.0387983 0.0600960
v 0.0708846 -0.0377437 0.0600700
v 0.0732503 -0.0366251 0.0600437
v 0.0754874 -0.0354423 0.0600177
v 0.0775966 -0.0341947 0.0599923
v 0.0795785 -0.0328815 0.0599678
v 0.0814334 -0.0315018 0.0599445
v 0.0831612 -0.0300542 0.0599226
v 0.0847622 -0.0285370 0.0599021
v 0.0862360 -0.0269477 0.0598833
v 0.0875827 -0.0252832 0.0598660
v 0.0888021 -0.0235394 0.0598504
v 0.0898938 -0.0217104 0.0598363
v 0.0908578 -0.0197885 0.0598237
v 0.0916937 -0.0177626 0.0598125
v 0.0924014 -0.0156168 0.0598026
v 0.0929807 -0.0133264 0.0597939
v 0.0934315 -0.0108506 0.0597862
v 0.0937536 -0.0081127 0.0597794
v 0.0939468 -0.0049286 0.0597732
v 0.0940113 0.0000000 0.0597656
v 0.0939468 0.0049286 0.0597592
v 0.0937536 0.0081127 0.0597562
v 0.0934315 0.0108506 0.0597547
v 0.0929807 0.0133264 0.0597543
v 0.0924014 0.0156168 0.0597549
v 0.0916937 0.0177626 0.0597565
v 0.0908578 0.0197885 0.0597591
v 0.0898938 0.0217104 0.0597627
v 0.0888021 0.0235394 0.0597675
v 0.0875827 0.0252832 0.0597735
v 0.0862360 0.0269477 0.0597808
v 0.0847622 0.0285370 0.0597896
v 0.0831612 0.0300542 0.0597999
v 0.0814334 0.0315018 0.0598120
v 0.0795785 0.0328815 0.0598260
v 0.0775966 0.0341947 0.0598419
v 0.0754874 0.0354423 0.0598599
v 0.0732503 0.0366251 0.0598800
v 0.0708846 0.0377437 0.0598827
v 0.0683894 0.0387983 0.0588522
v 0.0657630 0.0397893 0.0566338
v 0.0630036 0.0407167 0.0565096
v 0.0601085 0.0415806 0.0569529
v 0.0570740 0.0423811 0.0586041
v 0.0538954 0.0431180 0.0600388
v 0.0505665 0.0437914 0.0601010
v 0.0470787 0.0444010 0.0601301
v 0.0434207 0.0449469 0.0601571
v 0.0395769 0.0454289 0.0601808
v 0.0355253 0.0458468 0.0601997
v 0.0312336 0.0462007 0.0602123
v 0.0266528 0.0464904 0.0602167
v 0.0217011 0.0467158 0.0601179
v 0.0162253 0.0468768 0.0593630
v 0.0098571 0.0469734 0.0594982
v 0.0000000 0.0470056 0.0600676
v -0.0098571 0.0469734 0.0599635
v -0.0162253 0.0468768 0.0598949
v -0.0217011 0.0467158 0.0598397
v -0.0266528 0.0464904 0.0597895
v -0.0312336 0.0462007 0.0590245
v -0.0355253 0.0458468 0.0585263
v -0.0395769 0.0454289 0.0584312
v -0.0434207 0.0449469 0.0593497
v -0.0470787 0.0444010 0.0597103
v -0.0505665 0.0437914 0.0597164
v -0.0538954 0.0431180 0.0597270
v -0.0570740 0.0423811 0.0597421
v -0.0601085 0.0415806 0.0597609
v -0.0630036 0.0407167 0.0597826
v -0.0657630 0.0397893 0.0598064
v -0.0683894 0.0387983 0.0598316
v -0.0708846 0.0377437 0.0598576
v -0.0732503 0.0366251 0.0598839
v -0.0754874 0.0354423 0.0599099
v -0.0775966 0.0341947 0.0599354
v -0.0795785 0.0328815 0.0599599
v -0.0814334 0.0315018 0.0599831
v -0.0831612 0.0300542 0.0600051
v -0.0847622 0.0285370 0.0600255
v -0.0862360 0.0269477 0.0600443
v -0.0875827 0.0252832 0.0600616
v -0.0888021 0.0235394 0.0600772
v -0.0898938 0.0217104 0.0600913
v -0.0908578 0.0197885 0.0601039
v -0.0916937 0.0177626 0.0601151
v -0.0924014 0.0156168 0.0601250
v -0.0929807 0.0133264 0.0601337
v -0.0934315 0.0108506 0.0601414
v -0.0937536 0.0081127 0.0601482
v -0.0939468 0.0049286 0.0601545
v -0.0918608 -0.0000000 0.0623027
v -0.0917978 -0.0048158 0.0623099
v -0.0916089 -0.0079271 0.0623134
v -0.0912942 -0.0106024 0.0623152
v -0.0908538 -0.0130215 0.0623157
v -0.0902877 -0.0152596 0.0623149
v -0.0895962 -0.0173563 0.0623131
v -0.0887794 -0.0193358 0.0623101
v -0.0878375 -0.0212137 0.0623059
v -0.0867707 -0.0230009 0.0623005
v -0.0855793 -0.0247049 0.0622937
v -0.0842634 -0.0263313 0.0622855
v -0.0828232 -0.0278842 0.0622757
v -0.0812589 -0.0293668 0.0622643
v -0.0795706 -0.0307812 0.0622511
v -0.0777582 -0.0321294 0.0622360
v -0.0758216 -0.0334125 0.0622189
v -0.0737606 -0.0346316 0.0621998
v -0.0715747 -0.0357873 0.0621781
v -0.0692631 -0.0368803 0.0619090
v -0.0668249 -0.0379108 0.0596560
v -0.0642587 -0.0388791 0.0581087
v -0.0615624 -0.0397853 0.0582612
v -0.0587335 -0.0406295 0.0588552
v -0.0557684 -0.0414116 0.0611250
v -0.0526626 -0.0421317 0.0619799
v -0.0494098 -0.0427896 0.0619545
v -0.0460018 -0.0433853 0.0619260
v -0.0424275 -0.0439187 0.0618999
v -0.0386716 -0.0443897 0.0618774
v -0.0347126 -0.0447981 0.0618599
v -0.0305192 -0.0451439 0.0618489
v -0.0260431 -0.0454269 0.0618463
v -0.0212047 -0.0456471 0.0616907
v -0.0158542 -0.0458045 0.0606638
v -0.0096316 -0.0458989 0.0609315
v 0.0000000 -0.0459304 0.0620046
v 0.0096316 -0.0458989 0.0621113
v 0.0158542 -0.0458045 0.0621816
v 0.0212047 -0.0456471 0.0622383
v 0.0260431 -0.0454269 0.0622831
v 0.0305192 -0.0451439 0.0616430
v 0.0347126 -0.0447981 0.0606886
v 0.0386716 -0.0443897 0.0605273
v 0.0424275 -0.0439187 0.0612808
v 0.0460018 -0.0433853 0.0623443
v 0.0494098 -0.0427896 0.0623723
v 0.0526626 -0.0421317 0.0623630
v 0.0557684 -0.0414116 0.0623491
v 0.0587335 -0.0406295 0.0623314
v 0.0615624 -0.0397853 0.0623105
v 0.0642587 -0.0388791 0.0622874
v 0.0668249 -0.0379108 0.0622627
v 0.0692631 -0.0368803 0.0622370
v 0.0715747 -0.0357873 0.0622108
v 0.0737606 -0.0346316 0.0621847
v 0.0758216 -0.0334125 0.0621590
v 0.0777582 -0.0321294 0.0621341
v 0.0795706 -0.0307812 0.0621103
v 0.0812589 -0.0293668 0.0620877
v 0.0828232 -0.0278842 0.0620665
v 0.0842634 -0.0263313 0.0620468
v 0.0855793 -0.0247049 0.0620287
v 0.0867707 -0.0230009 0.0620121
v 0.0878375 -0.0212137 0.0619971
v 0.0887794 -0.0193358 0.0619835
v 0.0895962 -0.0173563 0.0619714
v 0.0902877 -0.0152596 0.0619606
v 0.0908538 -0.0130215 0.0619511
v 0.0912942 -0.0106024 0.0619426
v 0.0916089 -0.0079271 0.0619350
v 0.0917978 -0.0048158 0.0619280
v 0.0918608 0.0000000 0.0619194
v 0.0917978 0.0048158 0.0619121
v 0.0916089 0.0079271 0.0619087
v 0.0912942 0.0106024 0.0619069
v 0.0908538 0.0130215 0.0619064
v 0.0902877 0.0152596 0.0619071
v 0.0895962 0.0173563 0.0619089
v 0.0887794 0.0193358 0.0619119
v 0.0878375 0.0212137 0.0619161
v 0.0867707 0.0230009 0.0619216
v 0.0855793 0.0247049 0.0619283
v 0.0842634 0.0263313 0.0619365
v 0.0828232 0.0278842 0.0619463
v 0.0812589 0.0293668 0.0619577
v 0.0795706 0.0307812 0.0619709
v 0.0777582 0.0321294 0.0619860
v 0.0758216 0.0334125 0.0620031
v 0.0737606 0.0346316 0.0620222
v 0.0715747 0.0357873 0.0620427
v 0.0692631 0.0368803 0.0618205
v 0.0668249 0.0379108 0.0596193
v 0.0642587 0.0388791 0.0581226
v 0.0615624 0.0397853 0.0583274
v 0.0587335 0.0406295 0.0589776
v 0.0557684 0.0414116 0.0613135
v 0.0526626 0.0421317 0.0622330
v 0.0494098 0.0427896 0.0622675
v 0.0460018 0.0433853 0.0622961
v 0.0424275 0.0439187 0.0623222
v 0.0386716 0.0443897 0.0623446
v 0.0347126 0.0447981 0.0623621
v 0.0305192 0.0451439 0.0623731
v 0.0260431 0.0454269 0.0623758
v 0.0212047 0.0456471 0.0622027
v 0.0158542 0.0458045 0.0611225
v 0.0096316 0.0458989 0.0613134
v 0.0000000 0.0459304 0.0622175
v -0.0096316 0.0458989 0.0621107
v -0.0158542 0.0458045 0.0620405
v -0.0212047 0.0456471 0.0619837
v -0.0260431 0.0454269 0.0619372
v -0.0305192 0.0451439 0.0612318
v -0.0347126 0.0447981 0.0602352
v -0.0386716 0.0443897 0.0600417
v -0.0424275 0.0439187 0.0607682
v -0.0460018 0.0433853 0.0618147
v -0.0494098 0.0427896 0.0618498
v -0.0526626 0.0421317 0.0618590
v -0.0557684 0.0414116 0.0618729
v -0.0587335 0.0406295 0.0618907
v -0.0615624 0.0397853 0.0619115
v -0.0642587 0.0388791 0.0619346
v -0.0668249 0.0379108 0.0619594
v -0.0692631 0.0368803 0.0619851
v -0.0715747 0.0357873 0.0620113
v -0.0737606 0.0346316 0.0620374
v -0.0758216 0.0334125 0.0620631
v -0.0777582 0.0321294 0.0620880
v -0.0795706 0.0307812 0.0621118
v -0.0812589 0.0293668 0.0621344
v -0.0828232 0.0278842 0.0621556
v -0.0842634 0.0263313 0.0621752
v -0.0855793 0.0247049 0.0621934
v -0.0867707 0.0230009 0.0622099
v -0.0878375 0.0212137 0.0622250
v -0.0887794 0.0193358 0.0622385
v -0.0895962 0.0173563 0.0622506
v -0.0902877 0.0152596 0.0622614
v -0.0908538 0.0130215 0.0622710
v -0.0912942 0.0106024 0.0622794
v -0.0916089 0.0079271 0.0622870
v -0.0917978 0.0048158 0.0622940
v -0.0893869 -0.0000000 0.0643084
v -0.0893256 -0.0046861 0.0643166
v -0.0891419 -0.0077136 0.0643205
v -0.0888356 -0.0103168 0.0643226
v -0.0884071 -0.0126709 0.0643231
v -0.0878562 -0.0148486 0.0643223
v -0.0871833 -0.0168889 0.0643202
v -0.0863885 -0.0188151 0.0643168
v -0.0854720 -0.0206424 0.0643121
v -0.0844339 -0.0223815 0.0643060
v -0.0832746 -0.0240396 0.0642984
v -0.0819941 -0.0256222 0.0642893
v -0.0805927 -0.0271333 0.0642786
v -0.0790706 -0.0285759 0.0642662
v -0.0774277 -0.0299523 0.0642520
v -0.0756641 -0.0312641 0.0642359
v -0.0737797 -0.0325127 0.0642178
v -0.0717742 -0.0336989 0.0641977
v -0.0696471 -0.0348236 0.0641281
v -0.0673978 -0.0358871 0.0627765
v -0.0650253 -0.0368898 0.0601766
v -0.0625282 -0.0378321 0.0596971
v -0.0599045 -0.0387138 0.0599335
v -0.0571518 -0.0395353 0.0612099
v -0.0542666 -0.0402964 0.0636924
v -0.0512443 -0.0409971 0.0639808
v -0.0480791 -0.0416373 0.0639520
v -0.0447629 -0.0422170 0.0639247
v -0.0412849 -0.0427360 0.0639002
v -0.0376302 -0.0431943 0.0638794
v -0.0337778 -0.0435917 0.0638639
v -0.0296973 -0.0439281 0.0638550
v -0.0253417 -0.0442035 0.0638545
v -0.0206337 -0.0444178 0.0635788
v -0.0154272 -0.0445709 0.0621539
v -0.0093722 -0.0446628 0.0624849
v 0.0000000 -0.0446935 0.0640217
v 0.0093722 -0.0446628 0.0641302
v 0.0154272 -0.0445709 0.0642016
v 0.0206337 -0.0444178 0.0642594
v 0.0253417 -0.0442035 0.0643062
v 0.0296973 -0.0439281 0.0639556
v 0.0337778 -0.0435917 0.0622852
v 0.0376302 -0.0431943 0.0619826
v 0.0412849 -0.0427360 0.0622235
v 0.0447629 -0.0422170 0.0640108
v 0.0480791 -0.0416373 0.0644033
v 0.0512443 -0.0409971 0.0643967
v 0.0542666 -0.0402964 0.0643845
v 0.0571518 -0.0395353 0.0643683
v 0.0599045 -0.0387138 0.0643488
v 0.0625282 -0.0378321 0.0643269
v 0.0650253 -0.0368898 0.0643032
v 0.0673978 -0.0358871 0.0642782
v 0.0696471 -0.0348236 0.0642527
v 0.0717742 -0.0336989 0.0642269
v 0.0737797 -0.0325127 0.0642014
v 0.0756641 -0.0312641 0.0641765
v 0.0774277 -0.0299523 0.0641525
v 0.0790706 -0.0285759 0.0641296
v 0.0805927 -0.0271333 0.0641079
v 0.0819941 -0.0256222 0.0640877
v 0.0832746 -0.0240396 0.0640689
v 0.0844339 -0.0223815 0.0640515
v 0.0854720 -0.0206424 0.0640357
v 0.0863885 -0.0188151 0.0640214
v 0.0871833 -0.0168889 0.0640084
v 0.0878562 -0.0148486 0.0639968
v 0.0884071 -0.0126709 0.0639865
v 0.0888356 -0.0103168 0.0639772
v 0.0891419 -0.0077136 0.0639689
v 0.0893256 -0.0046861 0.0639611
v 0.0893869 0.0000000 0.0639515
v 0.0893256 0.0046861 0.0639433
v 0.0891419 0.0077136 0.0639394
v 0.0888356 0.0103168 0.0639373
v 0.0884071 0.0126709 0.0639368
v 0.0878562 0.0148486 0.0639376
v 0.0871833 0.0168889 0.0639397
v 0.0863885 0.0188151 0.0639431
v 0.0854720 0.0206424 0.0639478
v 0.0844339 0.0223815 0.0639539
v 0.0832746 0.0240396 0.0639615
v 0.0819941 0.0256222 0.0639705
v 0.0805927 0.0271333 0.0639813
v 0.0790706 0.0285759 0.0639937
v 0.0774277 0.0299523 0.0640079
v 0.0756641 0.0312641 0.0640240
v 0.0737797 0.0325127 0.0640421
v 0.0717742 0.0336989 0.0640621
v 0.0696471 0.0348236 0.0640365
v 0.0673978 0.0358871 0.0627338
v 0.0650253 0.0368898 0.0601834
v 0.0625282 0.0378321 0.0597535
v 0.0599045 0.0387138 0.0600426
v 0.0571518 0.0395353 0.0613778
v 0.0542666 0.0402964 0.0639290
v 0.0512443 0.0409971 0.0642787
v 0.0480791 0.0416373 0.0643079
v 0.0447629 0.0422170 0.0643351
v 0.0412849 0.0427360 0.0643597
v 0.0376302 0.0431943 0.0643804
v 0.0337778 0.0435917 0.0643960
v 0.0296973 0.0439281 0.0644049
v 0.0253417 0.0442035 0.0644053
v 0.0206337 0.0444178 0.0641064
v 0.0154272 0.0445709 0.0626202
v 0.0093722 0.0446628 0.0628715
v 0.0000000 0.0446935 0.0642381
v -0.0093722 0.0446628 0.0641297
v -0.0154272 0.0445709 0.0640583
v -0.0206337 0.0444178 0.0640005
v -0.0253417 0.0442035 0.0639536
v -0.0296973 0.0439281 0.0635324
v -0.0337778 0.0435917 0.0618234
v -0.0376302 0.0431943 0.0614871
v -0.0412849 0.0427360 0.0617037
v -0.0447629 0.0422170 0.0634627
v -0.0480791 0.0416373 0.0638547
v -0.0512443 0.0409971 0.0638631
v -0.0542666 0.0402964 0.0638754
v -0.0571518 0.0395353 0.0638916
v -0.0599045 0.0387138 0.0639111
v -0.0625282 0.0378321 0.0639330
v -0.0650253 0.0368898 0.0639567
v -0.0673978 0.0358871 0.0639816
v -0.0696471 0.0348236 0.0640072
v -0.0717742 0.0336989 0.0640329
v -0.0737797 0.0325127 0.0640584
v -0.0756641 0.0312641 0.0640833
v -0.0774277 0.0299523 0.0641074
v -0.0790706 0.0285759 0.0641303
v -0.0805927 0.0271333 0.0641519
v -0.0819941 0.0256222 0.0641722
v -0.0832746 0.0240396 0.0641910
v -0.0844339 0.0223815 0.0642083
v -0.0854720 0.0206424 0.0642242
v -0.0863885 0.0188151 0.0642385
v -0.0871833 0.0168889 0.0642515
v -0.0878562 0.0148486 0.0642631
v -0.0884071 0.0126709 0.0642734
v -0.0888356 0.0103168 0.0642827
v -0.0891419 0.0077136 0.0642910
v -0.0893256 0.0046861 0.0642988
v -0.0865925 -0.0000000 0.0661837
v -0.0865331 -0.0045396 0.0661927
v -0.0863551 -0.0074725 0.0661971
v -0.0860585 -0.0099943 0.0661994
v -0.0856433 -0.0122748 0.0662000
v -0.0851097 -0.0143844 0.0661991
v -0.0844578 -0.0163609 0.0661967
v -0.0836878 -0.0182269 0.0661929
v -0.0827999 -0.0199971 0.0661877
v -0.0817943 -0.0216818 0.0661810
v -0.0806712 -0.0232880 0.0661727
v -0.0794308 -0.0248212 0.0661628
v -0.0780732 -0.0262850 0.0661513
v -0.0765987 -0.0276825 0.0661380
v -0.0750071 -0.0290159 0.0661229
v -0.0732987 -0.0302867 0.0661060
v -0.0714732 -0.0314962 0.0660872
v -0.0695303 -0.0326454 0.0660513
v -0.0674698 -0.0337349 0.0652728
v -0.0652908 -0.0347652 0.0625396
v -0.0629925 -0.0357366 0.0612261
v -0.0605734 -0.0366493 0.0612891
v -0.0580318 -0.0375036 0.0617563
v -0.0553651 -0.0382993 0.0641957
v -0.0525701 -0.0390366 0.0658374
v -0.0496423 -0.0397154 0.0658523
v -0.0465761 -0.0403356 0.0658249
v -0.0433635 -0.0408972 0.0657995
v -0.0399942 -0.0414000 0.0657771
v -0.0364538 -0.0418439 0.0657587
v -0.0327218 -0.0422289 0.0657456
v -0.0287689 -0.0425548 0.0657392
v -0.0245495 -0.0428216 0.0657413
v -0.0199886 -0.0430292 0.0652730
v -0.0149449 -0.0431776 0.0634126
v -0.0090792 -0.0432666 0.0637999
v 0.0000000 -0.0432962 0.0659169
v 0.0090792 -0.0432666 0.0660262
v 0.0149449 -0.0431776 0.0660980
v 0.0199886 -0.0430292 0.0661565
v 0.0245495 -0.0428216 0.0662042
v 0.0287689 -0.0425548 0.0661461
v 0.0327218 -0.0422289 0.0641476
v 0.0364538 -0.0418439 0.0632755
v 0.0399942 -0.0414000 0.0631655
v 0.0433635 -0.0408972 0.0645345
v 0.0465761 -0.0403356 0.0662206
v 0.0496423 -0.0397154 0.0663068
v 0.0525701 -0.0390366 0.0662967
v 0.0553651 -0.0382993 0.0662824
v 0.0580318 -0.0375036 0.0662649
v 0.0605734 -0.0366493 0.0662447
v 0.0629925 -0.0357366 0.0662225
v 0.0652908 -0.0347652 0.0661989
v 0.0674698 -0.0337349 0.0661745
v 0.0695303 -0.0326454 0.0661496
v 0.0714732 -0.0314962 0.0661248
v 0.0732987 -0.0302867 0.0661004
v 0.0750071 -0.0290159 0.0660766
v 0.0765987 -0.0276825 0.0660537
v 0.0780732 -0.0262850 0.0660319
v 0.0794308 -0.0248212 0.0660114
v 0.0806712 -0.0232880 0.0659922
v 0.0817943 -0.0216818 0.0659744
v 0.0827999 -0.0199971 0.0659580
v 0.0836878 -0.0182269 0.0659430
v 0.0844578 -0.0163609 0.0659294
v 0.0851097 -0.0143844 0.0659172
v 0.0856433 -0.0122748 0.0659061
v 0.0860585 -0.0099943 0.0658962
v 0.0863551 -0.0074725 0.0658872
v 0.0865331 -0.0045396 0.0658787
v 0.0865925 0.0000000 0.0658682
v 0.0865331 0.0045396 0.0658591
v 0.0863551 0.0074725 0.0658548
v 0.0860585 0.0099943 0.0658525
v 0.0856433 0.0122748 0.0658519
v 0.0851097 0.0143844 0.0658528
v 0.0844578 0.0163609 0.0658551
v 0.0836878 0.0182269 0.0658589
v 0.0827999 0.0199971 0.0658641
v 0.0817943 0.0216818 0.0658709
v 0.0806712 0.0232880 0.0658791
v 0.0794308 0.0248212 0.0658890
v 0.0780732 0.0262850 0.0659005
v 0.0765987 0.0276825 0.0659138
v 0.0750071 0.0290159 0.0659289
v 0.0732987 0.0302867 0.0659458
v 0.0714732 0.0314962 0.0659646
v 0.0695303 0.0326454 0.0659700
v 0.0674698 0.0337349 0.0652371
v 0.0652908 0.0347652 0.0625509
v 0.0629925 0.0357366 0.0612839
v 0.0605734 0.0366493 0.0613963
v 0.0580318 0.0375036 0.0619164
v 0.0553651 0.0382993 0.0644200
v 0.0525701 0.0390366 0.0661272
v 0.0496423 0.0397154 0.0661995
v 0.0465761 0.0403356 0.0662269
v 0.0433635 0.0408972 0.0662523
v 0.0399942 0.0414000 0.0662748
v 0.0364538 0.0418439 0.0662932
v 0.0327218 0.0422289 0.0663063
v 0.0287689 0.0425548 0.0663126
v 0.0245495 0.0428216 0.0663105
v 0.0199886 0.0430292 0.0658121
v 0.0149449 0.0431776 0.0638821
v 0.0090792 0.0432666 0.0641875
v 0.0000000 0.0432962 0.0661350
v -0.0090792 0.0432666 0.0660256
v -0.0149449 0.0431776 0.0659538
v -0.0199886 0.0430292 0.0658954
v -0.0245495 0.0428216 0.0658476
v -0.0287689 0.0425548 0.0657141
v -0.0327218 0.0422289 0.0636767
v -0.0364538 0.0418439 0.0627737
v -0.0399942 0.0414000 0.0626400
v -0.0433635 0.0408972 0.0639818
v -0.0465761 0.0403356 0.0656490
v -0.0496423 0.0397154 0.0657450
v -0.0525701 0.0390366 0.0657552
v -0.0553651 0.0382993 0.0657694
v -0.0580318 0.0375036 0.0657869
v -0.0605734 0.0366493 0.0658071
v -0.0629925 0.0357366 0.0658293
v -0.0652908 0.0347652 0.0658529
v -0.0674698 0.0337349 0.0658774
v -0.0695303 0.0326454 0.0659022
v -0.0714732 0.0314962 0.0659270
v -0.0732987 0.0302867 0.0659515
v -0.0750071 0.0290159 0.0659753
v -0.0765987 0.0276825 0.0659981
v -0.0780732 0.0262850 0.0660199
v -0.0794308 0.0248212 0.0660404
v -0.0806712 0.0232880 0.0660596
v -0.0817943 0.0216818 0.0660774
v -0.0827999 0.0199971 0.0660938
v -0.0836878 0.0182269 0.0661088
v -0.0844578 0.0163609 0.0661224
v -0.0851097 0.0143844 0.0661347
v -0.0856433 0.0122748 0.0661457
v -0.0860585 0.0099943 0.0661556
v -0.0863551 0.0074725 0.0661646
v -0.0865331 0.0045396 0.0661731
v -0.0834803 -0.0000000 0.0679306
v -0.0834231 -0.0043765 0.0679404
v -0.0832515 -0.0072039 0.0679451
v -0.0829655 -0.0096351 0.0679476
v -0.0825652 -0.0118336 0.0679483
v -0.0820508 -0.0138674 0.0679473
v -0.0814223 -0.0157729 0.0679447
v -0.0806800 -0.0175718 0.0679406
v -0.0798241 -0.0192784 0.0679350
v -0.0788546 -0.0209025 0.0679277
v -0.0777719 -0.0224511 0.0679189
v -0.0765760 -0.0239291 0.0679084
v -0.0752672 -0.0253403 0.0678962
v -0.0738457 -0.0266876 0.0678823
v -0.0723113 -0.0279730 0.0678666
v -0.0706643 -0.0291982 0.0678492
v -0.0689044 -0.0303643 0.0678164
v -0.0670314 -0.0314721 0.0671935
v -0.0650449 -0.0325224 0.0646349
v -0.0629442 -0.0335157 0.0628441
v -0.0607285 -0.0344522 0.0626997
v -0.0583964 -0.0353321 0.0628739
v -0.0559461 -0.0361557 0.0644043
v -0.0533752 -0.0369228 0.0671864
v -0.0506807 -0.0376336 0.0676273
v -0.0478582 -0.0382880 0.0676019
v -0.0449021 -0.0388859 0.0675767
v -0.0418050 -0.0394273 0.0675538
v -0.0385568 -0.0399120 0.0675340
v -0.0351436 -0.0403400 0.0675185
v -0.0315458 -0.0407112 0.0675084
v -0.0277349 -0.0410254 0.0675049
v -0.0236672 -0.0412826 0.0675097
v -0.0192702 -0.0414827 0.0667575
v -0.0144078 -0.0416257 0.0644974
v -0.0087529 -0.0417115 0.0649217
v 0.0000000 -0.0417401 0.0676930
v 0.0087529 -0.0417115 0.0678022
v 0.0144078 -0.0416257 0.0678740
v 0.0192702 -0.0414827 0.0679325
v 0.0236672 -0.0412826 0.0679808
v 0.0277349 -0.0410254 0.0680141
v 0.0315458 -0.0407112 0.0667476
v 0.0351436 -0.0403400 0.0645724
v 0.0385568 -0.0399120 0.0642958
v 0.0418050 -0.0394273 0.0645592
v 0.0449021 -0.0388859 0.0668638
v 0.0478582 -0.0382880 0.0680655
v 0.0506807 -0.0376336 0.0680882
v 0.0533752 -0.0369228 0.0680764
v 0.0559461 -0.0361557 0.0680612
v 0.0583964 -0.0353321 0.0680433
v 0.0607285 -0.0344522 0.0680232
v 0.0629442 -0.0335157 0.0680015
v 0.0650449 -0.0325224 0.0679787
v 0.0670314 -0.0314721 0.0679553
v 0.0689044 -0.0303643 0.0679317
v 0.0706643 -0.0291982 0.0679082
v 0.0723113 -0.0279730 0.0678852
v 0.0738457 -0.0266876 0.0678628
v 0.0752672 -0.0253403 0.0678414
v 0.0765760 -0.0239291 0.0678210
v 0.0777719 -0.0224511 0.0678018
v 0.0788546 -0.0209025 0.0677838
v 0.0798241 -0.0192784 0.0677672
v 0.0806800 -0.0175718 0.0677518
v 0.0814223 -0.0157729 0.0677378
v 0.0820508 -0.0138674 0.0677251
v 0.0825652 -0.0118336 0.0677135
v 0.0829655 -0.0096351 0.0677031
v 0.0832515 -0.0072039 0.0676936
v 0.0834231 -0.0043765 0.0676846
v 0.0834803 0.0000000 0.0676733
v 0.0834231 0.0043765 0.0676635
v 0.0832515 0.0072039 0.0676587
v 0.0829655 0.0096351 0.0676563
v 0.0825652 0.0118336 0.0676556
v 0.0820508 0.0138674 0.0676566
v 0.0814223 0.0157729 0.0676591
v 0.0806800 0.0175718 0.0676633
v 0.0798241 0.0192784 0.0676689
v 0.0788546 0.0209025 0.0676762
v 0.0777719 0.0224511 0.0676850
v 0.0765760 0.0239291 0.0676955
v 0.0752672 0.0253403 0.0677077
v 0.0738457 0.0266876 0.0677216
v 0.0723113 0.0279730 0.0677373
v 0.0706643 0.0291982 0.0677547
v 0.0689044 0.0303643 0.0677603
v 0.0670314 0.0314721 0.0671794
v 0.0650449 0.0325224 0.0646639
v 0.0629442 0.0335157 0.0629157
v 0.0607285 0.0344522 0.0628171
v 0.0583964 0.0353321 0.0630398
v 0.0559461 0.0361557 0.0646266
v 0.0533752 0.0369228 0.0674759
v 0.0506807 0.0376336 0.0679742
v 0.0478582 0.0382880 0.0680020
v 0.0449021 0.0388859 0.0680272
v 0.0418050 0.0394273 0.0680501
v 0.0385568 0.0399120 0.0680699
v 0.0351436 0.0403400 0.0680854
v 0.0315458 0.0407112 0.0680955
v 0.0277349 0.0410254 0.0680989
v 0.0236672 0.0412826 0.0680940
v 0.0192702 0.0414827 0.0673035
v 0.0144078 0.0416257 0.0649664
v 0.0087529 0.0417115 0.0653068
v 0.0000000 0.0417401 0.0679109
v -0.0087529 0.0417115 0.0678017
v -0.0144078 0.0416257 0.0677299
v -0.0192702 0.0414827 0.0676713
v -0.0236672 0.0412826 0.0676231
v -0.0277349 0.0410254 0.0675785
v -0.0315458 0.0407112 0.0662632
v -0.0351436 0.0403400 0.0640664
v -0.0385568 0.0399120 0.0637645
v -0.0418050 0.0394273 0.0640093
v -0.0449021 0.0388859 0.0662836
v -0.0478582 0.0382880 0.0674778
v -0.0506807 0.0376336 0.0675157
v -0.0533752 0.0369228 0.0675275
v -0.0559461 0.0361557 0.0675427
v -0.0583964 0.0353321 0.0675606
v -0.0607285 0.0344522 0.0675807
v -0.0629442 0.0335157 0.0676024
v -0.0650449 0.0325224 0.0676252
v -0.0670314 0.0314721 0.0676486
v -0.0689044 0.0303643 0.0676722
v -0.0706643 0.0291982 0.0676957
v -0.0723113 0.0279730 0.0677187
v -0.0738457 0.0266876 0.0677411
v -0.0752672 0.0253403 0.0677625
v -0.0765760 0.0239291 0.0677829
v -0.0777719 0.0224511 0.0678021
v -0.0788546 0.0209025 0.0678201
v -0.0798241 0.0192784 0.0678367
v -0.0806800 0.0175718 0.0678520
v -0.0814223 0.0157729 0.0678661
v -0.0820508 0.0138674 0.0678788
v -0.0825652 0.0118336 0.0678903
v -0.0829655 0.0096351 0.0679008
v -0.0832515 0.0072039 0.0679103
v -0.0834231 0.0043765 0.0679193
v -0.0800530 -0.0000000 0.0695502
v -0.0799982 -0.0041968 0.0695605
v -0.0798336 -0.0069081 0.0695655
v -0.0795593 -0.0092395 0.0695681
v -0.0791755 -0.0113478 0.0695688
v -0.0786822 -0.0132981 0.0695678
v -0.0780795 -0.0151253 0.0695651
v -0.0773677 -0.0168504 0.0695607
v -0.0765469 -0.0184869 0.0695547
v -0.0756172 -0.0200444 0.0695472
v -0.0745789 -0.0215293 0.0695379
v -0.0734322 -0.0229467 0.0695271
v -0.0721772 -0.0243000 0.0695145
v -0.0708139 -0.0255920 0.0695003
v -0.0693426 -0.0268246 0.0694843
v -0.0677632 -0.0279995 0.0694299
v -0.0660755 -0.0291177 0.0686264
v -0.0642794 -0.0301800 0.0661172
v -0.0623745 -0.0311872 0.0643628
v -0.0603601 -0.0321397 0.0641228
v -0.0582353 -0.0330378 0.0641980
v -0.0559989 -0.0338816 0.0651385
v -0.0536492 -0.0346713 0.0680100
v -0.0511839 -0.0354070 0.0692527
v -0.0486000 -0.0360886 0.0692559
v -0.0458934 -0.0367161 0.0692318
v -0.0430587 -0.0372895 0.0692095
v -0.0400887 -0.0378086 0.0691896
v -0.0369739 -0.0382734 0.0691731
v -0.0337008 -0.0386839 0.0691609
v -0.0302507 -0.0390398 0.0691541
v -0.0265962 -0.0393411 0.0691539
v -0.0226955 -0.0395877 0.0691613
v -0.0184791 -0.0397797 0.0680259
v -0.0138163 -0.0399168 0.0654846
v -0.0083936 -0.0399991 0.0659180
v 0.0000000 -0.0400265 0.0693515
v 0.0083936 -0.0399991 0.0694597
v 0.0138163 -0.0399168 0.0695307
v 0.0184791 -0.0397797 0.0695890
v 0.0226955 -0.0395877 0.0696374
v 0.0265962 -0.0393411 0.0696769
v 0.0302507 -0.0390398 0.0694369
v 0.0337008 -0.0386839 0.0666723
v 0.0369739 -0.0382734 0.0654508
v 0.0400887 -0.0378086 0.0653319
v 0.0430587 -0.0372895 0.0660657
v 0.0458934 -0.0367161 0.0686951
v 0.0486000 -0.0360886 0.0697315
v 0.0511839 -0.0354070 0.0697510
v 0.0536492 -0.0346713 0.0697387
v 0.0559989 -0.0338816 0.0697234
v 0.0582353 -0.0330378 0.0697059
v 0.0603601 -0.0321397 0.0696866
v 0.0623745 -0.0311872 0.0696661
v 0.0642794 -0.0301800 0.0696447
v 0.0660755 -0.0291177 0.0696228
v 0.0677632 -0.0279995 0.0696009
v 0.0693426 -0.0268246 0.0695791
v 0.0708139 -0.0255920 0.0695578
v 0.0721772 -0.0243000 0.0695372
v 0.0734322 -0.0229467 0.0695175
v 0.0745789 -0.0215293 0.0694987
v 0.0756172 -0.0200444 0.0694810
v 0.0765469 -0.0184869 0.0694645
v 0.0773677 -0.0168504 0.0694492
v 0.0780795 -0.0151253 0.0694351
v 0.0786822 -0.0132981 0.0694222
v 0.0791755 -0.0113478 0.0694104
v 0.0795593 -0.0092395 0.0693997
v 0.0798336 -0.0069081 0.0693899
v 0.0799982 -0.0041968 0.0693805
v 0.0800530 0.0000000 0.0693687
v 0.0799982 0.0041968 0.0693584
v 0.0798336 0.0069081 0.0693534
v 0.0795593 0.0092395 0.0693508
v 0.0791755 0.0113478 0.0693501
v 0.0786822 0.0132981 0.0693511
v 0.0780795 0.0151253 0.0693539
v 0.0773677 0.0168504 0.0693582
v 0.0765469 0.0184869 0.0693642
v 0.0756172 0.0200444 0.0693718
v 0.0745789 0.0215293 0.0693810
v 0.0734322 0.0229467 0.0693919
v 0.0721772 0.0243000 0.0694044
v 0.0708139 0.0255920 0.0694186
v 0.0693426 0.0268246 0.0694344
v 0.0677632 0.0279995 0.0694151
v 0.0660755 0.0291177 0.0686495
v 0.0642794 0.0301800 0.0661781
v 0.0623745 0.0311872 0.0644617
v 0.0603601 0.0321397 0.0642634
v 0.0582353 0.0330378 0.0643830
v 0.0559989 0.0338816 0.0653735
v 0.0536492 0.0346713 0.0683085
v 0.0511839 0.0354070 0.0696095
v 0.0486000 0.0360886 0.0696631
v 0.0458934 0.0367161 0.0696871
v 0.0430587 0.0372895 0.0697094
v 0.0400887 0.0378086 0.0697293
v 0.0369739 0.0382734 0.0697458
v 0.0337008 0.0386839 0.0697580
v 0.0302507 0.0390398 0.0697648
v 0.0265962 0.0393411 0.0697650
v 0.0226955 0.0395877 0.0697566
v 0.0184791 0.0397797 0.0685738
v 0.0138163 0.0399168 0.0659498
v 0.0083936 0.0399991 0.0662975
v 0.0000000 0.0400265 0.0695674
v -0.0083936 0.0399991 0.0694592
v -0.0138163 0.0399168 0.0693882
v -0.0184791 0.0397797 0.0693299
v -0.0226955 0.0395877 0.0692816
v -0.0265962 0.0393411 0.0692419
v -0.0302507 0.0390398 0.0689412
v -0.0337008 0.0386839 0.0661565
v -0.0369739 0.0382734 0.0649158
v -0.0400887 0.0378086 0.0647787
v -0.0430587 0.0372895 0.0654953
v -0.0458934 0.0367161 0.0680960
v -0.0486000 0.0360886 0.0691306
v -0.0511839 0.0354070 0.0691678
v -0.0536492 0.0346713 0.0691803
v -0.0559989 0.0338816 0.0691955
v -0.0582353 0.0330378 0.0692130
v -0.0603601 0.0321397 0.0692323
v -0.0623745 0.0311872 0.0692529
v -0.0642794 0.0301800 0.0692743
v -0.0660755 0.0291177 0.0692961
v -0.0677632 0.0279995 0.0693181
v -0.0693426 0.0268246 0.0693398
v -0.0708139 0.0255920 0.0693611
v -0.0721772 0.0243000 0.0693817
v -0.0734322 0.0229467 0.0694014
v -0.0745789 0.0215293 0.0694202
v -0.0756172 0.0200444 0.0694379
v -0.0765469 0.0184869 0.0694544
v -0.0773677 0.0168504 0.0694697
v -0.0780795 0.0151253 0.0694838
v -0.0786822 0.0132981 0.0694968
v -0.0791755 0.0113478 0.0695085
v -0.0795593 0.0092395 0.0695192
v -0.0798336 0.0069081 0.0695290
v -0.0799982 0.0041968 0.0695384
v -0.0763130 -0.0000000 0.0710428
v -0.0762607 -0.0040007 0.0710533
v -0.0761038 -0.0065854 0.0710585
v -0.0758423 -0.0088079 0.0710612
v -0.0754764 -0.0108176 0.0710619
v -0.0750062 -0.0126768 0.0710608
v -0.0744317 -0.0144187 0.0710580
v -0.0737531 -0.0160631 0.0710536
v -0.0729706 -0.0176232 0.0710475
v -0.0720844 -0.0191079 0.0710398
v -0.0710946 -0.0205235 0.0710304
v -0.0700015 -0.0218746 0.0710195
v -0.0688051 -0.0231647 0.0710069
v -0.0675055 -0.0243963 0.0709878
v -0.0661029 -0.0255714 0.0707717
v -0.0645973 -0.0266913 0.0693560
v -0.0629885 -0.0277573 0.0669381
v -0.0612763 -0.0287700 0.0656766
v -0.0594604 -0.0297302 0.0655185
v -0.0575401 -0.0306382 0.0655614
v -0.0555146 -0.0314942 0.0663230
v -0.0533827 -0.0322986 0.0689575
v -0.0511427 -0.0330515 0.0706990
v -0.0487926 -0.0337528 0.0707865
v -0.0463294 -0.0344025 0.0707644
v -0.0437492 -0.0350007 0.0707436
v -0.0410470 -0.0355473 0.0707247
v -0.0382158 -0.0360422 0.0707084
v -0.0352465 -0.0364853 0.0706956
v -0.0321263 -0.0368766 0.0706871
v -0.0288374 -0.0372158 0.0706839
v -0.0253537 -0.0375031 0.0706871
v -0.0216352 -0.0377382 0.0706952
v -0.0176157 -0.0379212 0.0690871
v -0.0131708 -0.0380519 0.0664440
v -0.0080014 -0.0381303 0.0668575
v 0.0000000 -0.0381565 0.0708928
v 0.0080014 -0.0381303 0.0709992
v 0.0131708 -0.0380519 0.0710689
v 0.0176157 -0.0379212 0.0711263
v 0.0216352 -0.0377382 0.0711744
v 0.0253537 -0.0375031 0.0712143
v 0.0288374 -0.0372158 0.0712397
v 0.0321263 -0.0368766 0.0701204
v 0.0352465 -0.0364853 0.0671551
v 0.0382158 -0.0360422 0.0664801
v 0.0410470 -0.0355473 0.0664258
v 0.0437492 -0.0350007 0.0672703
v 0.0463294 -0.0344025 0.0698861
v 0.0487926 -0.0337528 0.0712214
v 0.0511427 -0.0330515 0.0712965
v 0.0533827 -0.0322986 0.0712847
v 0.0555146 -0.0314942 0.0712702
v 0.0575401 -0.0306382 0.0712539
v 0.0594604 -0.0297302 0.0712361
v 0.0612763 -0.0287700 0.0712172
v 0.0629885 -0.0277573 0.0711977
v 0.0645973 -0.0266913 0.0711779
v 0.0661029 -0.0255714 0.0711580
v 0.0675055 -0.0243963 0.0711383
v 0.0688051 -0.0231647 0.0711191
v 0.0700015 -0.0218746 0.0711005
v 0.0710946 -0.0205235 0.0710827
v 0.0720844 -0.0191079 0.0710658
v 0.0729706 -0.0176232 0.0710499
v 0.0737531 -0.0160631 0.0710350
v 0.0744317 -0.0144187 0.0710212
v 0.0750062 -0.0126768 0.0710085
v 0.0754764 -0.0108176 0.0709969
v 0.0758423 -0.0088079 0.0709862
v 0.0761038 -0.0065854 0.0709764
v 0.0762607 -0.0040007 0.0709670
v 0.0763130 0.0000000 0.0709550
v 0.0762607 0.0040007 0.0709445
v 0.0761038 0.0065854 0.0709394
v 0.0758423 0.0088079 0.0709367
v 0.0754764 0.0108176 0.0709360
v 0.0750062 0.0126768 0.0709370
v 0.0744317 0.0144187 0.0709398
v 0.0737531 0.0160631 0.0709443
v 0.0729706 0.0176232 0.0709504
v 0.0720844 0.0191079 0.0709581
v 0.0710946 0.0205235 0.0709674
v 0.0700015 0.0218746 0.0709784
v 0.0688051 0.0231647 0.0709909
v 0.0675055 0.0243963 0.0710000
v 0.0661029 0.0255714 0.0708150
v 0.0645973 0.0266913 0.0694315
v 0.0629885 0.0277573 0.0670447
v 0.0612763 0.0287700 0.0658167
v 0.0594604 0.0297302 0.0656960
v 0.0575401 0.0306382 0.0657789
v 0.0555146 0.0314942 0.0665857
v 0.0533827 0.0322986 0.0692786
v 0.0511427 0.0330515 0.0710770
v 0.0487926 0.0337528 0.0712111
v 0.0463294 0.0344025 0.0712334
v 0.0437492 0.0350007 0.0712543
v 0.0410470 0.0355473 0.0712732
v 0.0382158 0.0360422 0.0712894
v 0.0352465 0.0364853 0.0713022
v 0.0321263 0.0368766 0.0713107
v 0.0288374 0.0372158 0.0713139
v 0.0253537 0.0375031 0.0713107
v 0.0216352 0.0377382 0.0712969
v 0.0176157 0.0379212 0.0696317
v 0.0131708 0.0380519 0.0669025
v 0.0080014 0.0381303 0.0672289
v 0.0000000 0.0381565 0.0711049
v -0.0080014 0.0381303 0.0709986
v -0.0131708 0.0380519 0.0709290
v -0.0176157 0.0379212 0.0708716
v -0.0216352 0.0377382 0.0708235
v -0.0253537 0.0375031 0.0707836
v -0.0288374 0.0372158 0.0707443
v -0.0321263 0.0368766 0.0695853
v -0.0352465 0.0364853 0.0666138
v -0.0382158 0.0360422 0.0659222
v -0.0410470 0.0355473 0.0658550
v -0.0437492 0.0350007 0.0666856
v -0.0463294 0.0344025 0.0692759
v -0.0487926 0.0337528 0.0706080
v -0.0511427 0.0330515 0.0707007
v -0.0533827 0.0322986 0.0707131
v -0.0555146 0.0314942 0.0707276
v -0.0575401 0.0306382 0.0707440
v -0.0594604 0.0297302 0.0707618
v -0.0612763 0.0287700 0.0707806
v -0.0629885 0.0277573 0.0708001
v -0.0645973 0.0266913 0.0708200
v -0.0661029 0.0255714 0.0708399
v -0.0675055 0.0243963 0.0708595
v -0.0688051 0.0231647 0.0708787
v -0.0700015 0.0218746 0.0708973
v -0.0710946 0.0205235 0.0709151
v -0.0720844 0.0191079 0.0709320
v -0.0729706 0.0176232 0.0709480
v -0.0737531 0.0160631 0.0709629
v -0.0744317 0.0144187 0.0709766
v -0.0750062 0.0126768 0.0709893
v -0.0754764 0.0108176 0.0710010
v -0.0758423 0.0088079 0.0710116
v -0.0761038 0.0065854 0.0710215
v -0.0762607 0.0040007 0.0710309
v -0.0722617 -0.0000000 0.0724091
v -0.0722122 -0.0037883 0.0724194
v -0.0720636 -0.0062358 0.0724244
v -0.0718161 -0.0083403 0.0724271
v -0.0714696 -0.0102433 0.0724278
v -0.0710243 -0.0120039 0.0724268
v -0.0704803 -0.0136532 0.0724240
v -0.0698378 -0.0152104 0.0724196
v -0.0690968 -0.0166877 0.0724136
v -0.0682577 -0.0180935 0.0724060
v -0.0673204 -0.0194340 0.0723969
v -0.0662853 -0.0207134 0.0723794
v -0.0651524 -0.0219350 0.0722095
v -0.0639219 -0.0231012 0.0711985
v -0.0625937 -0.0242139 0.0691014
v -0.0611680 -0.0252744 0.0674166
v -0.0596446 -0.0262837 0.0668882
v -0.0580233 -0.0272427 0.0668513
v -0.0563038 -0.0281519 0.0669249
v -0.0544854 -0.0290117 0.0678585
v -0.0525675 -0.0298223 0.0704022
v -0.0505487 -0.0305840 0.0720675
v -0.0484277 -0.0312969 0.0721931
v -0.0462024 -0.0319609 0.0721739
v -0.0438699 -0.0325762 0.0721552
v -0.0414267 -0.0331426 0.0721381
v -0.0388679 -0.0336602 0.0721231
v -0.0361870 -0.0341288 0.0721109
v -0.0333753 -0.0345484 0.0721021
v -0.0304208 -0.0349189 0.0720976
v -0.0273065 -0.0352402 0.0720982
v -0.0240077 -0.0355122 0.0721049
v -0.0204866 -0.0357348 0.0721057
v -0.0166806 -0.0359080 0.0699654
v -0.0124716 -0.0360318 0.0674169
v -0.0075767 -0.0361061 0.0677875
v 0.0000000 -0.0361309 0.0723164
v 0.0075767 -0.0361061 0.0724204
v 0.0124716 -0.0360318 0.0724881
v 0.0166806 -0.0359080 0.0725442
v 0.0204866 -0.0357348 0.0725915
v 0.0240077 -0.0355122 0.0726314
v 0.0273065 -0.0352402 0.0726643
v 0.0304208 -0.0349189 0.0726330
v 0.0333753 -0.0345484 0.0708464
v 0.0361870 -0.0341288 0.0681303
v 0.0388679 -0.0336602 0.0675770
v 0.0414267 -0.0331426 0.0675388
v 0.0438699 -0.0325762 0.0680480
v 0.0462024 -0.0319609 0.0701825
v 0.0484277 -0.0312969 0.0722611
v 0.0505487 -0.0305840 0.0727098
v 0.0525675 -0.0298223 0.0727148
v 0.0544854 -0.0290117 0.0727019
v 0.0563038 -0.0281519 0.0726873
v 0.0580233 -0.0272427 0.0726715
v 0.0596446 -0.0262837 0.0726548
v 0.0611680 -0.0252744 0.0726377
v 0.0625937 -0.0242139 0.0726202
v 0.0639219 -0.0231012 0.0726028
v 0.0651524 -0.0219350 0.0725855
v 0.0662853 -0.0207134 0.0725687
v 0.0673204 -0.0194340 0.0725524
v 0.0682577 -0.0180935 0.0725368
v 0.0690968 -0.0166877 0.0725219
v 0.0698378 -0.0152104 0.0725080
v 0.0704803 -0.0136532 0.0724950
v 0.0710243 -0.0120039 0.0724829
v 0.0714696 -0.0102433 0.0724718
v 0.0718161 -0.0083403 0.0724616
v 0.0720636 -0.0062358 0.0724521
v 0.0722122 -0.0037883 0.0724429
v 0.0722617 0.0000000 0.0724312
v 0.0722122 0.0037883 0.0724209
v 0.0720636 0.0062358 0.0724159
v 0.0718161 0.0083403 0.0724132
v 0.0714696 0.0102433 0.0724125
v 0.0710243 0.0120039 0.0724135
v 0.0704803 0.0136532 0.0724163
v 0.0698378 0.0152104 0.0724207
v 0.0690968 0.0166877 0.0724267
v 0.0682577 0.0180935 0.0724343
v 0.0673204 0.0194340 0.0724433
v 0.0662853 0.0207134 0.0724471
v 0.0651524 0.0219350 0.0723010
v 0.0639219 0.0231012 0.0713149
v 0.0625937 0.0242139 0.0692416
v 0.0611680 0.0252744 0.0675820
v 0.0596446 0.0262837 0.0670834
v 0.0580233 0.0272427 0.0670797
v 0.0563038 0.0281519 0.0671887
v 0.0544854 0.0290117 0.0681639
v 0.0525675 0.0298223 0.0707618
v 0.0505487 0.0305840 0.0724790
v 0.0484277 0.0312969 0.0726463
v 0.0462024 0.0319609 0.0726664
v 0.0438699 0.0325762 0.0726851
v 0.0414267 0.0331426 0.0727022
v 0.0388679 0.0336602 0.0727172
v 0.0361870 0.0341288 0.0727294
v 0.0333753 0.0345484 0.0727382
v 0.0304208 0.0349189 0.0727427
v 0.0273065 0.0352402 0.0727421
v 0.0240077 0.0355122 0.0727354
v 0.0204866 0.0357348 0.0727082
v 0.0166806 0.0359080 0.0705014
v 0.0124716 0.0360318 0.0678660
v 0.0075767 0.0361061 0.0681485
v 0.0000000 0.0361309 0.0725227
v -0.0075767 0.0361061 0.0724199
v -0.0124716 0.0360318 0.0723522
v -0.0166806 0.0359080 0.0722961
v -0.0204866 0.0357348 0.0722488
v -0.0240077 0.0355122 0.0722089
v -0.0273065 0.0352402 0.0721760
v -0.0304208 0.0349189 0.0720922
v -0.0333753 0.0345484 0.0702826
v -0.0361870 0.0341288 0.0675663
v -0.0388679 0.0336602 0.0670007
v -0.0414267 0.0331426 0.0669533
v -0.0438699 0.0325762 0.0674547
v -0.0462024 0.0319609 0.0695703
v -0.0484277 0.0312969 0.0716373
v -0.0505487 0.0305840 0.0720983
v -0.0525675 0.0298223 0.0721253
v -0.0544854 0.0290117 0.0721384
v -0.0563038 0.0281519 0.0721530
v -0.0580233 0.0272427 0.0721688
v -0.0596446 0.0262837 0.0721855
v -0.0611680 0.0252744 0.0722026
v -0.0625937 0.0242139 0.0722201
v -0.0639219 0.0231012 0.0722375
v -0.0651524 0.0219350 0.0722548
v -0.0662853 0.0207134 0.0722716
v -0.0673204 0.0194340 0.0722879
v -0.0682577 0.0180935 0.0723035
v -0.0690968 0.0166877 0.0723184
v -0.0698378 0.0152104 0.0723323
v -0.0704803 0.0136532 0.0723453
v -0.0710243 0.0120039 0.0723574
v -0.0714696 0.0102433 0.0723685
v -0.0718161 0.0083403 0.0723787
v -0.0720636 0.0062358 0.0723882
v -0.0722122 0.0037883 0.0723974
v -0.0678998 -0.0000000 0.0736498
v -0.0678533 -0.0035597 0.0736595
v -0.0677137 -0.0058594 0.0736643
v -0.0674811 -0.0078368 0.0736668
v -0.0671555 -0.0096250 0.0736675
v -0.0667371 -0.0112793 0.0736665
v -0.0662260 -0.0128291 0.0736639
v -0.0656222 -0.0142923 0.0736596
v -0.0649260 -0.0156804 0.0736495
v -0.0641375 -0.0170013 0.0735748
v -0.0632568 -0.0182609 0.0731290
v -0.0622842 -0.0194630 0.0718388
v -0.0612196 -0.0206109 0.0700042
v -0.0600634 -0.0217067 0.0686590
v -0.0588154 -0.0227523 0.0681668
v -0.0574758 -0.0237487 0.0681021
v -0.0560443 -0.0246972 0.0681058
v -0.0545209 -0.0255983 0.0684278
v -0.0529052 -0.0264526 0.0699341
v -0.0511966 -0.0272604 0.0723494
v -0.0493944 -0.0280222 0.0734190
v -0.0474975 -0.0287379 0.0734762
v -0.0455045 -0.0294077 0.0734597
v -0.0434135 -0.0300317 0.0734438
v -0.0412218 -0.0306098 0.0734291
v -0.0389261 -0.0311421 0.0734162
v -0.0365217 -0.0316284 0.0734055
v -0.0340027 -0.0320687 0.0733975
v -0.0313607 -0.0324630 0.0733930
v -0.0285845 -0.0328111 0.0733926
v -0.0256582 -0.0331130 0.0733969
v -0.0225586 -0.0333686 0.0734070
v -0.0192500 -0.0335778 0.0733726
v -0.0156737 -0.0337405 0.0706950
v -0.0117188 -0.0338569 0.0684100
v -0.0071193 -0.0339267 0.0687244
v 0.0000000 -0.0339499 0.0736184
v 0.0071193 -0.0339267 0.0737228
v 0.0117188 -0.0338569 0.0737879
v 0.0156737 -0.0337405 0.0738421
v 0.0192500 -0.0335778 0.0738882
v 0.0225586 -0.0333686 0.0739276
v 0.0256582 -0.0331130 0.0739607
v 0.0285845 -0.0328111 0.0739880
v 0.0313607 -0.0324630 0.0739206
v 0.0340027 -0.0320687 0.0722162
v 0.0365217 -0.0316284 0.0695185
v 0.0389261 -0.0311421 0.0687201
v 0.0412218 -0.0306098 0.0686661
v 0.0434135 -0.0300317 0.0687616
v 0.0455045 -0.0294077 0.0697233
v 0.0474975 -0.0287379 0.0718514
v 0.0493944 -0.0280222 0.0735444
v 0.0511966 -0.0272604 0.0739923
v 0.0529052 -0.0264526 0.0740169
v 0.0545209 -0.0255983 0.0740053
v 0.0560443 -0.0246972 0.0739920
v 0.0574758 -0.0237487 0.0739779
v 0.0588154 -0.0227523 0.0739634
v 0.0600634 -0.0217067 0.0739487
v 0.0612196 -0.0206109 0.0739340
v 0.0622842 -0.0194630 0.0739194
v 0.0632568 -0.0182609 0.0739052
v 0.0641375 -0.0170013 0.0738914
v 0.0649260 -0.0156804 0.0738782
v 0.0656222 -0.0142923 0.0738657
v 0.0662260 -0.0128291 0.0738540
v 0.0667371 -0.0112793 0.0738430
v 0.0671555 -0.0096250 0.0738328
v 0.0674811 -0.0078368 0.0738234
v 0.0677137 -0.0058594 0.0738146
v 0.0678533 -0.0035597 0.0738061
v 0.0678998 0.0000000 0.0737952
v 0.0678533 0.0035597 0.0737855
v 0.0677137 0.0058594 0.0737807
v 0.0674811 0.0078368 0.0737782
v 0.0671555 0.0096250 0.0737775
v 0.0667371 0.0112793 0.0737785
v 0.0662260 0.0128291 0.0737811
v 0.0656222 0.0142923 0.0737852
v 0.0649260 0.0156804 0.0737863
v 0.0641375 0.0170013 0.0737256
v 0.0632568 0.0182609 0.0732956
v 0.0622842 0.0194630 0.0720208
v 0.0612196 0.0206109 0.0702014
v 0.0600634 0.0217067 0.0688741
v 0.0588154 0.0227523 0.0684045
v 0.0574758 0.0237487 0.0683661
v 0.0560443 0.0246972 0.0683980
v 0.0545209 0.0255983 0.0687515
v 0.0529052 0.0264526 0.0702987
v 0.0511966 0.0272604 0.0727639
v 0.0493944 0.0280222 0.0738761
v 0.0474975 0.0287379 0.0739683
v 0.0455045 0.0294077 0.0739854
v 0.0434135 0.0300317 0.0740013
v 0.0412218 0.0306098 0.0740159
v 0.0389261 0.0311421 0.0740289
v 0.0365217 0.0316284 0.0740396
v 0.0340027 0.0320687 0.0740475
v 0.0313607 0.0324630 0.0740520
v 0.0285845 0.0328111 0.0740525
v 0.0256582 0.0331130 0.0740481
v 0.0225586 0.0333686 0.0740380
v 0.0192500 0.0335778 0.0739696
v 0.0156737 0.0337405 0.0712170
v 0.0117188 0.0338569 0.0688464
v 0.0071193 0.0339267 0.0690725
v 0.0000000 0.0339499 0.0738172
v -0.0071193 0.0339267 0.0737223
v -0.0117188 0.0338569 0.0736572
v -0.0156737 0.0337405 0.0736030
v -0.0192500 0.0335778 0.0735568
v -0.0225586 0.0333686 0.0735175
v -0.0256582 0.0331130 0.0734843
v -0.0285845 0.0328111 0.0734569
v -0.0313607 0.0324630 0.0733463
v -0.0340027 0.0320687 0.0716257
v -0.0365217 0.0316284 0.0689330
v -0.0389261 0.0311421 0.0681285
v -0.0412218 0.0306098 0.0680673
v -0.0434135 0.0300317 0.0681604
v -0.0455045 0.0294077 0.0691155
v -0.0474975 0.0287379 0.0712297
v -0.0493944 0.0280222 0.0729187
v -0.0511966 0.0272604 0.0733804
v -0.0529052 0.0264526 0.0734267
v -0.0545209 0.0255983 0.0734397
v -0.0560443 0.0246972 0.0734531
v -0.0574758 0.0237487 0.0734671
v -0.0588154 0.0227523 0.0734816
v -0.0600634 0.0217067 0.0734963
v -0.0612196 0.0206109 0.0735111
v -0.0622842 0.0194630 0.0735256
v -0.0632568 0.0182609 0.0735399
v -0.0641375 0.0170013 0.0735536
v -0.0649260 0.0156804 0.0735668
v -0.0656222 0.0142923 0.0735793
v -0.0662260 0.0128291 0.0735910
v -0.0667371 0.0112793 0.0736020
v -0.0671555 0.0096250 0.0736122
v -0.0674811 0.0078368 0.0736216
v -0.0677137 0.0058594 0.0736304
v -0.0678533 0.0035597 0.0736389
v -0.0632261 -0.0000000 0.0747669
v -0.0631828 -0.0033146 0.0747755
v -0.0630528 -0.0054561 0.0747797
v -0.0628362 -0.0072974 0.0747807
v -0.0625330 -0.0089625 0.0747703
v -0.0621434 -0.0105029 0.0747032
v -0.0616674 -0.0119460 0.0744366
v -0.0611052 -0.0133085 0.0737345
v -0.0604569 -0.0146010 0.0725070
v -0.0597227 -0.0158311 0.0710765
v -0.0589027 -0.0170039 0.0699667
v -0.0579970 -0.0181233 0.0694142
v -0.0570057 -0.0191922 0.0692637
v -0.0559290 -0.0202126 0.0692462
v -0.0547670 -0.0211862 0.0692597
v -0.0535195 -0.0221141 0.0695524
v -0.0521866 -0.0229972 0.0707182
v -0.0507681 -0.0238363 0.0728165
v -0.0492635 -0.0246318 0.0743413
v -0.0476726 -0.0253840 0.0746395
v -0.0459944 -0.0260933 0.0746352
v -0.0442281 -0.0267598 0.0746218
v -0.0423723 -0.0273835 0.0746091
v -0.0404252 -0.0279645 0.0745973
v -0.0383844 -0.0285029 0.0745870
v -0.0362467 -0.0289985 0.0745786
v -0.0340078 -0.0294513 0.0745723
v -0.0316622 -0.0298614 0.0745688
v -0.0292021 -0.0302285 0.0745685
v -0.0266170 -0.0305526 0.0745720
v -0.0238921 -0.0308337 0.0745800
v -0.0210058 -0.0310717 0.0745932
v -0.0179250 -0.0312665 0.0744464
v -0.0145948 -0.0314181 0.0713120
v -0.0109121 -0.0315264 0.0694032
v -0.0066293 -0.0315914 0.0696574
v 0.0000000 -0.0316131 0.0747829
v 0.0066293 -0.0315914 0.0749054
v 0.0109121 -0.0315264 0.0749673
v 0.0145948 -0.0314181 0.0750190
v 0.0179250 -0.0312665 0.0750635
v 0.0210058 -0.0310717 0.0751019
v 0.0238921 -0.0308337 0.0751348
v 0.0266170 -0.0305526 0.0751626
v 0.0292021 -0.0302285 0.0751856
v 0.0316622 -0.0298614 0.0751688
v 0.0340078 -0.0294513 0.0742306
v 0.0362467 -0.0289985 0.0716650
v 0.0383844 -0.0285029 0.0700819
v 0.0404252 -0.0279645 0.0697763
v 0.0423723 -0.0273835 0.0697596
v 0.0442281 -0.0267598 0.0698397
v 0.0459944 -0.0260933 0.0704484
v 0.0476726 -0.0253840 0.0719169
v 0.0492635 -0.0246318 0.0736800
v 0.0507681 -0.0238363 0.0747868
v 0.0521866 -0.0229972 0.0751401
v 0.0535195 -0.0221141 0.0751901
v 0.0547670 -0.0211862 0.0751842
v 0.0559290 -0.0202126 0.0751729
v 0.0570057 -0.0191922 0.0751612
v 0.0579970 -0.0181233 0.0751494
v 0.0589027 -0.0170039 0.0751377
v 0.0597227 -0.0158311 0.0751263
v 0.0604569 -0.0146010 0.0751153
v 0.0611052 -0.0133085 0.0751047
v 0.0616674 -0.0119460 0.0750947
v 0.0621434 -0.0105029 0.0750853
v 0.0625330 -0.0089625 0.0750765
v 0.0628362 -0.0072974 0.0750683
v 0.0630528 -0.0054561 0.0750606
v 0.0631828 -0.0033146 0.0750531
v 0.0632261 0.0000000 0.0750434
v 0.0631828 0.0033146 0.0750348
v 0.0630528 0.0054561 0.0750304
v 0.0628362 0.0072974 0.0750269
v 0.0625330 0.0089625 0.0750153
v 0.0621434 0.0105029 0.0749497
v 0.0616674 0.0119460 0.0746866
v 0.0611052 0.0133085 0.0739889
v 0.0604569 0.0146010 0.0727658
v 0.0597227 0.0158311 0.0713407
v 0.0589027 0.0170039 0.0702395
v 0.0579970 0.0181233 0.0697001
v 0.0570057 0.0191922 0.0695666
v 0.0559290 0.0202126 0.0695686
v 0.0547670 0.0211862 0.0696034
v 0.0535195 0.0221141 0.0699207
v 0.0521866 0.0229972 0.0711190
v 0.0507681 0.0238363 0.0732587
v 0.0492635 0.0246318 0.0748229
v 0.0476726 0.0253840 0.0751516
v 0.0459944 0.0260933 0.0751750
v 0.0442281 0.0267598 0.0751885
v 0.0423723 0.0273835 0.0752012
v 0.0404252 0.0279645 0.0752129
v 0.0383844 0.0285029 0.0752232
v 0.0362467 0.0289985 0.0752317
v 0.0340078 0.0294513 0.0752380
v 0.0316622 0.0298614 0.0752415
v 0.0292021 0.0302285 0.0752418
v 0.0266170 0.0305526 0.0752383
v 0.0238921 0.0308337 0.0752303
v 0.0210058 0.0310717 0.0752170
v 0.0179250 0.0312665 0.0750301
v 0.0145948 0.0314181 0.0718146
v 0.0109121 0.0315264 0.0698233
v 0.0066293 0.0315914 0.0699899
v 0.0000000 0.0316131 0.0749720
v -0.0066293 0.0315914 0.0749049
v -0.0109121 0.0315264 0.0748430
v -0.0145948 0.0314181 0.0747912
v -0.0179250 0.0312665 0.0747467
v -0.0210058 0.0310717 0.0747084
v -0.0238921 0.0308337 0.0746755
v -0.0266170 0.0305526 0.0746477
v -0.0292021 0.0302285 0.0746246
v -0.0316622 0.0298614 0.0745708
v -0.0340078 0.0294513 0.0736135
v -0.0362467 0.0289985 0.0710545
v -0.0383844 0.0285029 0.0694752
v -0.0404252 0.0279645 0.0691656
v -0.0423723 0.0273835 0.0691470
v -0.0442281 0.0267598 0.0692287
v -0.0459944 0.0260933 0.0698373
v -0.0476726 0.0253840 0.0712999
v -0.0492635 0.0246318 0.0730579
v -0.0507681 0.0238363 0.0741699
v -0.0521866 0.0229972 0.0745388
v -0.0535195 0.0221141 0.0746092
v -0.0547670 0.0211862 0.0746255
v -0.0559290 0.0202126 0.0746373
v -0.0570057 0.0191922 0.0746491
v -0.0579970 0.0181233 0.0746609
v -0.0589027 0.0170039 0.0746726
v -0.0597227 0.0158311 0.0746840
v -0.0604569 0.0146010 0.0746950
v -0.0611052 0.0133085 0.0747056
v -0.0616674 0.0119460 0.0747156
v -0.0621434 0.0105029 0.0747250
v -0.0625330 0.0089625 0.0747338
v -0.0628362 0.0072974 0.0747420
v -0.0630528 0.0054561 0.0747497
v -0.0631828 0.0033146 0.0747572
v -0.0582367 -0.0000000 0.0754870
v -0.0581968 -0.0030531 0.0748863
v -0.0580770 -0.0050255 0.0741381
v -0.0578775 -0.0067215 0.0732278
v -0.0575983 -0.0082552 0.0722692
v -0.0572394 -0.0096741 0.0714183
v -0.0568010 -0.0110033 0.0707999
v -0.0562832 -0.0122583 0.0704497
v -0.0556860 -0.0134488 0.0703107
v -0.0550097 -0.0145818 0.0702801
v -0.0542544 -0.0156621 0.0702742
v -0.0534202 -0.0166932 0.0702903
v -0.0525072 -0.0176777 0.0704740
v -0.0515155 -0.0186175 0.0711473
v -0.0504451 -0.0195143 0.0725811
v -0.0492961 -0.0203689 0.0743627
v -0.0480684 -0.0211824 0.0754457
v -0.0467618 -0.0219553 0.0756786
v -0.0453760 -0.0226880 0.0756809
v -0.0439105 -0.0233809 0.0756707
v -0.0423648 -0.0240342 0.0756608
v -0.0407379 -0.0246481 0.0756515
v -0.0390285 -0.0252226 0.0756431
v -0.0372351 -0.0257577 0.0756358
v -0.0353553 -0.0262536 0.0756300
v -0.0333863 -0.0267101 0.0756260
v -0.0313242 -0.0271272 0.0756242
v -0.0291636 -0.0275049 0.0756249
v -0.0268976 -0.0278430 0.0756287
v -0.0245165 -0.0281416 0.0756359
v -0.0220066 -0.0284005 0.0756472
v -0.0193481 -0.0286197 0.0756621
v -0.0165105 -0.0287991 0.0752379
v -0.0134431 -0.0289388 0.0718484
v -0.0100510 -0.0290385 0.0703641
v -0.0061061 -0.0290984 0.0705614
v 0.0000000 -0.0291183 0.0757551
v 0.0061061 -0.0290984 0.0759673
v 0.0100510 -0.0290385 0.0760253
v 0.0134431 -0.0289388 0.0760741
v 0.0165105 -0.0287991 0.0761164
v 0.0193481 -0.0286197 0.0761534
v 0.0220066 -0.0284005 0.0761855
v 0.0245165 -0.0281416 0.0762133
v 0.0268976 -0.0278430 0.0762369
v 0.0291636 -0.0275049 0.0762568
v 0.0313242 -0.0271272 0.0762713
v 0.0333863 -0.0267101 0.0761289
v 0.0353553 -0.0262536 0.0748892
v 0.0372351 -0.0257577 0.0726801
v 0.0390285 -0.0252226 0.0712584
v 0.0407379 -0.0246481 0.0708390
v 0.0423648 -0.0240342 0.0707920
v 0.0439105 -0.0233809 0.0707898
v 0.0453760 -0.0226880 0.0708623
v 0.0467618 -0.0219553 0.0712083
v 0.0480684 -0.0211824 0.0719844
v 0.0492961 -0.0203689 0.0731148
v 0.0504451 -0.0195143 0.0742922
v 0.0515155 -0.0186175 0.0752114
v 0.0525072 -0.0176777 0.0757703
v 0.0534202 -0.0166932 0.0760461
v 0.0542544 -0.0156621 0.0761608
v 0.0550097 -0.0145818 0.0762013
v 0.0556860 -0.0134488 0.0762120
v 0.0562832 -0.0122583 0.0762112
v 0.0568010 -0.0110033 0.0762062
v 0.0572394 -0.0096741 0.0761994
v 0.0575983 -0.0082552 0.0761912
v 0.0578775 -0.0067215 0.0761805
v 0.0580770 -0.0050255 0.0761622
v 0.0581968 -0.0030531 0.0761164
v 0.0582367 0.0000000 0.0758934
v 0.0581968 0.0030531 0.0752744
v 0.0580770 0.0050255 0.0745144
v 0.0578775 0.0067215 0.0735947
v 0.0575983 0.0082552 0.0726291
v 0.0572394 0.0096741 0.0717743
v 0.0568010 0.0110033 0.0711556
v 0.0562832 0.0122583 0.0708088
v 0.0556860 0.0134488 0.0706765
v 0.0550097 0.0145818 0.0706553
v 0.0542544 0.0156621 0.0706605
v 0.0534202 0.0166932 0.0706897
v 0.0525072 0.0176777 0.0708893
v 0.0515155 0.0186175 0.0715836
v 0.0504451 0.0195143 0.0730462
v 0.0492961 0.0203689 0.0748615
v 0.0480684 0.0211824 0.0759739
v 0.0467618 0.0219553 0.0762296
v 0.0453760 0.0226880 0.0762529
v 0.0439105 0.0233809 0.0762633
v 0.0423648 0.0240342 0.0762732
v 0.0407379 0.0246481 0.0762825
v 0.0390285 0.0252226 0.0762910
v 0.0372351 0.0257577 0.0762982
v 0.0353553 0.0262536 0.0763041
v 0.0333863 0.0267101 0.0763081
v 0.0313242 0.0271272 0.0763099
v 0.0291636 0.0275049 0.0763091
v 0.0268976 0.0278430 0.0763054
v 0.0245165 0.0281416 0.0762981
v 0.0220066 0.0284005 0.0762869
v 0.0193481 0.0286197 0.0762701
v 0.0165105 0.0287991 0.0757992
v 0.0134431 0.0289388 0.0723260
v 0.0100510 0.0290385 0.0707637
v 0.0061061 0.0290984 0.0708752
v 0.0000000 0.0291183 0.0759324
v -0.0061061 0.0290984 0.0759668
v -0.0100510 0.0290385 0.0759087
v -0.0134431 0.0289388 0.0758599
v -0.0165105 0.0287991 0.0758176
v -0.0193481 0.0286197 0.0757807
v -0.0220066 0.0284005 0.0757485
v -0.0245165 0.0281416 0.0757208
v -0.0268976 0.0278430 0.0756971
v -0.0291636 0.0275049 0.0756773
v -0.0313242 0.0271272 0.0756592
v -0.0333863 0.0267101 0.0754925
v -0.0353553 0.0262536 0.0742464
v -0.0372351 0.0257577 0.0720478
v -0.0390285 0.0252226 0.0706335
v -0.0407379 0.0246481 0.0702148
v -0.0423648 0.0240342 0.0701682
v -0.0439105 0.0233809 0.0701692
v -0.0453760 0.0226880 0.0702470
v -0.0467618 0.0219553 0.0705977
v -0.0480684 0.0211824 0.0713763
v -0.0492961 0.0203689 0.0725074
v -0.0504451 0.0195143 0.0736870
v -0.0515155 0.0186175 0.0746126
v -0.0525072 0.0176777 0.0751826
v -0.0534202 0.0166932 0.0754728
v -0.0542544 0.0156621 0.0756038
v -0.0550097 0.0145818 0.0756613
v -0.0556860 0.0134488 0.0756887
v -0.0562832 0.0122583 0.0757044
v -0.0568010 0.0110033 0.0757151
v -0.0572394 0.0096741 0.0757233
v -0.0575983 0.0082552 0.0757292
v -0.0578775 0.0067215 0.0757317
v -0.0580770 0.0050255 0.0757260
v -0.0581968 0.0030531 0.0756928
v -0.0529237 -0.0000000 0.0714192
v -0.0528875 -0.0027745 0.0712334
v -0.0527787 -0.0045670 0.0711867
v -0.0525974 -0.0061083 0.0711753
v -0.0523436 -0.0075021 0.0711744
v -0.0520175 -0.0087915 0.0711744
v -0.0516191 -0.0099995 0.0711854
v -0.0511485 -0.0111399 0.0712521
v -0.0506058 -0.0122219 0.0714710
v -0.0499912 -0.0132515 0.0719908
v -0.0493048 -0.0142332 0.0729457
v -0.0485467 -0.0151702 0.0742766
v -0.0477169 -0.0160649 0.0755762
v -0.0468157 -0.0169191 0.0763523
v -0.0458430 -0.0177340 0.0765830
v -0.0447988 -0.0185107 0.0766043
v -0.0436831 -0.0192499 0.0765983
v -0.0424957 -0.0199523 0.0765915
v -0.0412363 -0.0206182 0.0765847
v -0.0399046 -0.0212478 0.0765784
v -0.0384999 -0.0218415 0.0765725
v -0.0370214 -0.0223994 0.0765675
v -0.0354680 -0.0229215 0.0765633
v -0.0338381 -0.0234079 0.0765604
v -0.0321299 -0.0238585 0.0765590
v -0.0303405 -0.0242733 0.0765593
v -0.0284664 -0.0246524 0.0765616
v -0.0265030 -0.0249956 0.0765662
v -0.0244437 -0.0253029 0.0765736
v -0.0222799 -0.0255742 0.0765840
v -0.0199990 -0.0258095 0.0765980
v -0.0175830 -0.0260087 0.0766016
v -0.0150042 -0.0261718 0.0756435
v -0.0122167 -0.0262987 0.0723289
v -0.0091341 -0.0263893 0.0712608
v -0.0055491 -0.0264437 0.0714083
v 0.0000000 -0.0264619 0.0764110
v 0.0055491 -0.0264437 0.0769073
v 0.0091341 -0.0263893 0.0769609
v 0.0122167 -0.0262987 0.0770062
v 0.0150042 -0.0261718 0.0770458
v 0.0175830 -0.0260087 0.0770807
v 0.0199990 -0.0258095 0.0771116
v 0.0222799 -0.0255742 0.0771388
v 0.0244437 -0.0253029 0.0771625
v 0.0265030 -0.0249956 0.0771830
v 0.0284664 -0.0246524 0.0772005
v 0.0303405 -0.0242733 0.0772152
v 0.0321299 -0.0238585 0.0772262
v 0.0338381 -0.0234079 0.0771775
v 0.0354680 -0.0229215 0.0766510
v 0.0370214 -0.0223994 0.0752105
v 0.0384999 -0.0218415 0.0735088
v 0.0399046 -0.0212478 0.0723749
v 0.0412363 -0.0206182 0.0718835
v 0.0424957 -0.0199523 0.0717445
v 0.0436831 -0.0192499 0.0717233
v 0.0447988 -0.0185107 0.0717197
v 0.0458430 -0.0177340 0.0717224
v 0.0468157 -0.0169191 0.0717573
v 0.0477169 -0.0160649 0.0718535
v 0.0485467 -0.0151702 0.0720228
v 0.0493048 -0.0142332 0.0722530
v 0.0499912 -0.0132515 0.0725125
v 0.0506058 -0.0122219 0.0727617
v 0.0511485 -0.0111399 0.0729637
v 0.0516191 -0.0099995 0.0730903
v 0.0520175 -0.0087915 0.0731236
v 0.0523436 -0.0075021 0.0730549
v 0.0525974 -0.0061083 0.0728849
v 0.0527787 -0.0045670 0.0726252
v 0.0528875 -0.0027745 0.0723000
v 0.0529237 0.0000000 0.0719048
v 0.0528875 0.0027745 0.0717075
v 0.0527787 0.0045670 0.0716555
v 0.0525974 0.0061083 0.0716414
v 0.0523436 0.0075021 0.0716398
v 0.0520175 0.0087915 0.0716408
v 0.0516191 0.0099995 0.0716547
v 0.0511485 0.0111399 0.0717262
v 0.0506058 0.0122219 0.0719526
v 0.0499912 0.0132515 0.0724841
v 0.0493048 0.0142332 0.0734559
v 0.0485467 0.0151702 0.0748086
v 0.0477169 0.0160649 0.0761312
v 0.0468157 0.0169191 0.0769268
v 0.0458430 0.0177340 0.0771728
v 0.0447988 0.0185107 0.0772080
v 0.0436831 0.0192499 0.0772158
v 0.0424957 0.0199523 0.0772227
v 0.0412363 0.0206182 0.0772294
v 0.0399046 0.0212478 0.0772358
v 0.0384999 0.0218415 0.0772416
v 0.0370214 0.0223994 0.0772467
v 0.0354680 0.0229215 0.0772508
v 0.0338381 0.0234079 0.0772537
v 0.0321299 0.0238585 0.0772552
v 0.0303405 0.0242733 0.0772549
v 0.0284664 0.0246524 0.0772526
v 0.0265030 0.0249956 0.0772479
v 0.0244437 0.0253029 0.0772406
v 0.0222799 0.0255742 0.0772301
v 0.0199990 0.0258095 0.0772162
v 0.0175830 0.0260087 0.0771838
v 0.0150042 0.0261718 0.0761720
v 0.0122167 0.0262987 0.0727759
v 0.0091341 0.0263893 0.0716350
v 0.0055491 0.0264437 0.0717002
v 0.0000000 0.0264619 0.0765742
v -0.0055491 0.0264437 0.0769069
v -0.0091341 0.0263893 0.0768532
v -0.0122167 0.0262987 0.0768080
v -0.0150042 0.0261718 0.0767684
v -0.0175830 0.0260087 0.0767335
v -0.0199990 0.0258095 0.0767026
v -0.0222799 0.0255742 0.0766754
v -0.0244437 0.0253029 0.0766517
v -0.0265030 0.0249956 0.0766312
v -0.0284664 0.0246524 0.0766137
v -0.0303405 0.0242733 0.0765990
v -0.0321299 0.0238585 0.0765858
v -0.0338381 0.0234079 0.0765185
v -0.0354680 0.0229215 0.0759830
v -0.0370214 0.0223994 0.0745478
v -0.0384999 0.0218415 0.0728584
v -0.0399046 0.0212478 0.0717338
v -0.0412363 0.0206182 0.0712473
v -0.0424957 0.0199523 0.0711116
v -0.0436831 0.0192499 0.0710944
v -0.0447988 0.0185107 0.0710965
v -0.0458430 0.0177340 0.0711061
v -0.0468157 0.0169191 0.0711487
v -0.0477169 0.0160649 0.0712529
v -0.0485467 0.0151702 0.0714302
v -0.0493048 0.0142332 0.0716682
v -0.0499912 0.0132515 0.0719355
v -0.0506058 0.0122219 0.0721928
v -0.0511485 0.0111399 0.0724033
v -0.0516191 0.0099995 0.0725389
v -0.0520175 0.0087915 0.0725816
v -0.0523436 0.0075021 0.0725229
v -0.0525974 0.0061083 0.0723633
v -0.0527787 0.0045670 0.0721143
v -0.0528875 0.0027745 0.0718003
v -0.0472732 -0.0000000 0.0721291
v -0.0472408 -0.0024783 0.0724489
v -0.0471436 -0.0040794 0.0728423
v -0.0469817 -0.0054562 0.0733802
v -0.0467550 -0.0067011 0.0740799
v -0.0464637 -0.0078529 0.0749125
v -0.0461078 -0.0089319 0.0757836
v -0.0456875 -0.0099505 0.0765445
v -0.0452027 -0.0109170 0.0770627
v -0.0446538 -0.0118367 0.0773140
v -0.0440406 -0.0127136 0.0773901
v -0.0433634 -0.0135506 0.0774004
v -0.0426223 -0.0143497 0.0773981
v -0.0418173 -0.0151127 0.0773945
v -0.0409484 -0.0158406 0.0773908
v -0.0400157 -0.0165343 0.0773871
v -0.0390191 -0.0171947 0.0773835
v -0.0379585 -0.0178220 0.0773801
v -0.0368336 -0.0184168 0.0773771
v -0.0356440 -0.0189793 0.0773746
v -0.0343893 -0.0195096 0.0773727
v -0.0330687 -0.0200079 0.0773716
v -0.0316811 -0.0204742 0.0773716
v -0.0302253 -0.0209086 0.0773727
v -0.0286994 -0.0213112 0.0773752
v -0.0271011 -0.0216817 0.0773792
v -0.0254271 -0.0220203 0.0773851
v -0.0236733 -0.0223269 0.0773931
v -0.0218339 -0.0226014 0.0774034
v -0.0199011 -0.0228437 0.0774163
v -0.0178637 -0.0230539 0.0774316
v -0.0157057 -0.0232318 0.0773269
v -0.0134022 -0.0233775 0.0756214
v -0.0109123 -0.0234908 0.0727701
v -0.0081588 -0.0235718 0.0720681
v -0.0049566 -0.0236204 0.0721749
v 0.0000000 -0.0236366 0.0765884
v 0.0049566 -0.0236204 0.0777245
v 0.0081588 -0.0235718 0.0777731
v 0.0109123 -0.0234908 0.0778142
v 0.0134022 -0.0233775 0.0778505
v 0.0157057 -0.0232318 0.0778829
v 0.0178637 -0.0230539 0.0779119
v 0.0199011 -0.0228437 0.0779379
v 0.0218339 -0.0226014 0.0779610
v 0.0236733 -0.0223269 0.0779815
v 0.0254271 -0.0220203 0.0779996
v 0.0271011 -0.0216817 0.0780154
v 0.0286994 -0.0213112 0.0780290
v 0.0302253 -0.0209086 0.0780405
v 0.0316811 -0.0204742 0.0780502
v 0.0330687 -0.0200079 0.0780577
v 0.0343893 -0.0195096 0.0780492
v 0.0356440 -0.0189793 0.0779266
v 0.0368336 -0.0184168 0.0774690
v 0.0379585 -0.0178220 0.0765753
v 0.0390191 -0.0171947 0.0754549
v 0.0400157 -0.0165343 0.0744204
v 0.0409484 -0.0158406 0.0736467
v 0.0418173 -0.0151127 0.0731464
v 0.0426223 -0.0143497 0.0728545
v 0.0433634 -0.0135506 0.0726963
v 0.0440406 -0.0127136 0.0726148
v 0.0446538 -0.0118367 0.0725739
v 0.0452027 -0.0109170 0.0725534
v 0.0456875 -0.0099505 0.0725425
v 0.0461078 -0.0089319 0.0725364
v 0.0464637 -0.0078529 0.0725329
v 0.0467550 -0.0067011 0.0725316
v 0.0469817 -0.0054562 0.0725338
v 0.0471436 -0.0040794 0.0725437
v 0.0472408 -0.0024783 0.0725747
v 0.0472732 0.0000000 0.0727074
v 0.0472408 0.0024783 0.0730241
v 0.0471436 0.0040794 0.0734183
v 0.0469817 0.0054562 0.0739599
v 0.0467550 0.0067011 0.0746660
v 0.0464637 0.0078529 0.0755076
v 0.0461078 0.0089319 0.0763892
v 0.0456875 0.0099505 0.0771606
v 0.0452027 0.0109170 0.0776880
v 0.0446538 0.0118367 0.0779467
v 0.0440406 0.0127136 0.0780291
v 0.0433634 0.0135506 0.0780459
v 0.0426223 0.0143497 0.0780504
v 0.0418173 0.0151127 0.0780541
v 0.0409484 0.0158406 0.0780578
v 0.0400157 0.0165343 0.0780615
v 0.0390191 0.0171947 0.0780651
v 0.0379585 0.0178220 0.0780685
v 0.0368336 0.0184168 0.0780715
v 0.0356440 0.0189793 0.0780740
v 0.0343893 0.0195096 0.0780759
v 0.0330687 0.0200079 0.0780769
v 0.0316811 0.0204742 0.0780770
v 0.0302253 0.0209086 0.0780759
v 0.0286994 0.0213112 0.0780734
v 0.0271011 0.0216817 0.0780693
v 0.0254271 0.0220203 0.0780634
v 0.0236733 0.0223269 0.0780555
v 0.0218339 0.0226014 0.0780452
v 0.0199011 0.0228437 0.0780323
v 0.0178637 0.0230539 0.0780160
v 0.0157057 0.0232318 0.0778717
v 0.0134022 0.0233775 0.0761062
v 0.0109123 0.0234908 0.0731805
v 0.0081588 0.0235718 0.0724118
v 0.0049566 0.0236204 0.0724412
v 0.0000000 0.0236366 0.0767349
v -0.0049566 0.0236204 0.0777241
v -0.0081588 0.0235718 0.0776755
v -0.0109123 0.0234908 0.0776343
v -0.0134022 0.0233775 0.0775981
v -0.0157057 0.0232318 0.0775657
v -0.0178637 0.0230539 0.0775367
v -0.0199011 0.0228437 0.0775107
v -0.0218339 0.0226014 0.0774876
v -0.0236733 0.0223269 0.0774670
v -0.0254271 0.0220203 0.0774490
v -0.0271011 0.0216817 0.0774332
v -0.0286994 0.0213112 0.0774196
v -0.0302253 0.0209086 0.0774080
v -0.0316811 0.0204742 0.0773983
v -0.0330687 0.0200079 0.0773899
v -0.0343893 0.0195096 0.0773689
v -0.0356440 0.0189793 0.0772379
v -0.0368336 0.0184168 0.0767782
v -0.0379585 0.0178220 0.0758898
v -0.0390191 0.0171947 0.0747793
v -0.0400157 0.0165343 0.0737557
v -0.0409484 0.0158406 0.0729913
v -0.0418173 0.0151127 0.0724986
v -0.0426223 0.0143497 0.0722130
v -0.0433634 0.0135506 0.0720603
v -0.0440406 0.0127136 0.0719841
v -0.0446538 0.0118367 0.0719486
v -0.0452027 0.0109170 0.0719335
v -0.0456875 0.0099505 0.0719282
v -0.0461078 0.0089319 0.0719276
v -0.0464637 0.0078529 0.0719295
v -0.0467550 0.0067011 0.0719335
v -0.0469817 0.0054562 0.0719408
v -0.0471436 0.0040794 0.0719555
v -0.0472408 0.0024783 0.0719912
v -0.0412608 -0.0000000 0.0779444
v -0.0412325 -0.0021631 0.0780365
v -0.0411477 -0.0035606 0.0780602
v -0.0410063 -0.0047622 0.0780682
v -0.0408085 -0.0058488 0.0780703
v -0.0405542 -0.0068541 0.0780706
v -0.0402436 -0.0077959 0.0780703
v -0.0398767 -0.0086850 0.0780697
v -0.0394536 -0.0095285 0.0780688
v -0.0389745 -0.0103312 0.0780679
v -0.0384393 -0.0110966 0.0780668
v -0.0378483 -0.0118271 0.0780656
v -0.0372014 -0.0125247 0.0780645
v -0.0364988 -0.0131906 0.0780634
v -0.0357404 -0.0138259 0.0780624
v -0.0349264 -0.0144314 0.0780616
v -0.0340565 -0.0150078 0.0780610
v -0.0331308 -0.0155553 0.0780609
v -0.0321489 -0.0160745 0.0780612
v -0.0311107 -0.0165654 0.0780622
v -0.0300155 -0.0170283 0.0780638
v -0.0288629 -0.0174632 0.0780662
v -0.0276518 -0.0178702 0.0780696
v -0.0263811 -0.0182494 0.0780740
v -0.0250493 -0.0186007 0.0780797
v -0.0236543 -0.0189241 0.0780868
v -0.0221932 -0.0192197 0.0780954
v -0.0206625 -0.0194872 0.0781058
v -0.0190570 -0.0197268 0.0781180
v -0.0173700 -0.0199384 0.0781323
v -0.0155917 -0.0201218 0.0781249
v -0.0137082 -0.0202771 0.0775592
v -0.0116977 -0.0204042 0.0752682
v -0.0095244 -0.0205032 0.0731800
v -0.0071212 -0.0205738 0.0727695
v -0.0043262 -0.0206162 0.0728445
v 0.0000000 -0.0206304 0.0762342
v 0.0043262 -0.0206162 0.0784158
v 0.0071212 -0.0205738 0.0784607
v 0.0095244 -0.0205032 0.0784972
v 0.0116977 -0.0204042 0.0785296
v 0.0137082 -0.0202771 0.0785588
v 0.0155917 -0.0201218 0.0785853
v 0.0173700 -0.0199384 0.0786094
v 0.0190570 -0.0197268 0.0786312
v 0.0206625 -0.0194872 0.0786510
v 0.0221932 -0.0192197 0.0786688
v 0.0236543 -0.0189241 0.0786849
v 0.0250493 -0.0186007 0.0786992
v 0.0263811 -0.0182494 0.0787119
v 0.0276518 -0.0178702 0.0787231
v 0.0288629 -0.0174632 0.0787329
v 0.0300155 -0.0170283 0.0787414
v 0.0311107 -0.0165654 0.0787486
v 0.0321489 -0.0160745 0.0787547
v 0.0331308 -0.0155553 0.0787598
v 0.0340565 -0.0150078 0.0787639
v 0.0349264 -0.0144314 0.0787664
v 0.0357404 -0.0138259 0.0787637
v 0.0364988 -0.0131906 0.0787465
v 0.0372014 -0.0125247 0.0787010
v 0.0378483 -0.0118271 0.0786164
v 0.0384393 -0.0110966 0.0784939
v 0.0389745 -0.0103312 0.0783481
v 0.0394536 -0.0095285 0.0782018
v 0.0398767 -0.0086850 0.0780788
v 0.0402436 -0.0077959 0.0779986
v 0.0405542 -0.0068541 0.0779745
v 0.0408085 -0.0058488 0.0780127
v 0.0410063 -0.0047622 0.0781112
v 0.0411477 -0.0035606 0.0782598
v 0.0412325 -0.0021631 0.0784392
v 0.0412608 0.0000000 0.0786418
v 0.0412325 0.0021631 0.0787321
v 0.0411477 0.0035606 0.0787547
v 0.0410063 0.0047622 0.0787619
v 0.0408085 0.0058488 0.0787639
v 0.0405542 0.0068541 0.0787645
v 0.0402436 0.0077959 0.0787650
v 0.0398767 0.0086850 0.0787656
v 0.0394536 0.0095285 0.0787664
v 0.0389745 0.0103312 0.0787674
v 0.0384393 0.0110966 0.0787685
v 0.0378483 0.0118271 0.0787696
v 0.0372014 0.0125247 0.0787708
v 0.0364988 0.0131906 0.0787719
v 0.0357404 0.0138259 0.0787729
v 0.0349264 0.0144314 0.0787737
v 0.0340565 0.0150078 0.0787742
v 0.0331308 0.0155553 0.0787743
v 0.0321489 0.0160745 0.0787740
v 0.0311107 0.0165654 0.0787731
v 0.0300155 0.0170283 0.0787715
v 0.0288629 0.0174632 0.0787691
v 0.0276518 0.0178702 0.0787657
v 0.0263811 0.0182494 0.0787612
v 0.0250493 0.0186007 0.0787555
v 0.0236543 0.0189241 0.0787485
v 0.0221932 0.0192197 0.0787398
v 0.0206625 0.0194872 0.0787295
v 0.0190570 0.0197268 0.0787172
v 0.0173700 0.0199384 0.0787027
v 0.0155917 0.0201218 0.0786614
v 0.0137082 0.0202771 0.0780521
v 0.0116977 0.0204042 0.0756995
v 0.0095244 0.0205032 0.0735475
v 0.0071212 0.0205738 0.0730770
v 0.0043262 0.0206162 0.0730812
v 0.0000000 0.0206304 0.0763615
v -0.0043262 0.0206162 0.0784155
v -0.0071212 0.0205738 0.0783745
v -0.0095244 0.0205032 0.0783380
v -0.0116977 0.0204042 0.0783056
v -0.0137082 0.0202771 0.0782764
v -0.0155917 0.0201218 0.0782499
v -0.0173700 0.0199384 0.0782259
v -0.0190570 0.0197268 0.0782040
v -0.0206625 0.0194872 0.0781843
v -0.0221932 0.0192197 0.0781664
v -0.0236543 0.0189241 0.0781504
v -0.0250493 0.0186007 0.0781360
v -0.0263811 0.0182494 0.0781233
v -0.0276518 0.0178702 0.0781121
v -0.0288629 0.0174632 0.0781023
v -0.0300155 0.0170283 0.0780939
v -0.0311107 0.0165654 0.0780866
v -0.0321489 0.0160745 0.0780805
v -0.0331308 0.0155553 0.0780754
v -0.0340565 0.0150078 0.0780712
v -0.0349264 0.0144314 0.0780670
v -0.0357404 0.0138259 0.0780592
v -0.0364988 0.0131906 0.0780385
v -0.0372014 0.0125247 0.0779908
v -0.0378483 0.0118271 0.0779056
v -0.0384393 0.0110966 0.0777837
v -0.0389745 0.0103312 0.0776395
v -0.0394536 0.0095285 0.0774953
v -0.0398767 0.0086850 0.0773746
v -0.0402436 0.0077959 0.0772966
v -0.0405542 0.0068541 0.0772744
v -0.0408085 0.0058488 0.0773138
v -0.0410063 0.0047622 0.0774130
v -0.0411477 0.0035606 0.0775619
v -0.0412325 0.0021631 0.0777413
v -0.0348447 -0.0000000 0.0786272
v -0.0348208 -0.0018267 0.0786269
v -0.0347492 -0.0030069 0.0786267
v -0.0346298 -0.0040217 0.0786267
v -0.0344628 -0.0049393 0.0786266
v -0.0342480 -0.0057883 0.0786267
v -0.0339857 -0.0065836 0.0786267
v -0.0336759 -0.0073345 0.0786269
v -0.0333186 -0.0080468 0.0786271
v -0.0329140 -0.0087247 0.0786273
v -0.0324620 -0.0093711 0.0786278
v -0.0319629 -0.0099880 0.0786283
v -0.0314166 -0.0105771 0.0786291
v -0.0308232 -0.0111394 0.0786301
v -0.0301828 -0.0116760 0.0786313
v -0.0294953 -0.0121873 0.0786329
v -0.0287607 -0.0126741 0.0786350
v -0.0279789 -0.0131365 0.0786374
v -0.0271498 -0.0135749 0.0786404
v -0.0262730 -0.0139895 0.0786440
v -0.0253481 -0.0143804 0.0786483
v -0.0243747 -0.0147477 0.0786533
v -0.0233519 -0.0150914 0.0786592
v -0.0222789 -0.0154116 0.0786660
v -0.0211541 -0.0157083 0.0786738
v -0.0199760 -0.0159814 0.0786828
v -0.0187422 -0.0162310 0.0786930
v -0.0174494 -0.0164570 0.0787046
v -0.0160936 -0.0166593 0.0787174
v -0.0146690 -0.0168379 0.0787113
v -0.0131672 -0.0169929 0.0784001
v -0.0115766 -0.0171240 0.0769735
v -0.0098787 -0.0172314 0.0748055
v -0.0080434 -0.0173149 0.0735582
v -0.0060138 -0.0173746 0.0733555
v -0.0036535 -0.0174104 0.0734068
v 0.0000000 -0.0174224 0.0755459
v 0.0036535 -0.0174104 0.0788888
v 0.0060138 -0.0173746 0.0790227
v 0.0080434 -0.0173149 0.0790542
v 0.0098787 -0.0172314 0.0790821
v 0.0115766 -0.0171240 0.0791075
v 0.0131672 -0.0169929 0.0791307
v 0.0146690 -0.0168379 0.0791522
v 0.0160936 -0.0166593 0.0791719
v 0.0174494 -0.0164570 0.0791901
v 0.0187422 -0.0162310 0.0792068
v 0.0199760 -0.0159814 0.0792222
v 0.0211541 -0.0157083 0.0792363
v 0.0222789 -0.0154116 0.0792492
v 0.0233519 -0.0150914 0.0792609
v 0.0243747 -0.0147477 0.0792715
v 0.0253481 -0.0143804 0.0792812
v 0.0262730 -0.0139895 0.0792898
v 0.0271498 -0.0135749 0.0792976
v 0.0279789 -0.0131365 0.0793045
v 0.0287607 -0.0126741 0.0793106
v 0.0294953 -0.0121873 0.0793160
v 0.0301828 -0.0116760 0.0793207
v 0.0308232 -0.0111394 0.0793248
v 0.0314166 -0.0105771 0.0793284
v 0.0319629 -0.0099880 0.0793315
v 0.0324620 -0.0093711 0.0793341
v 0.0329140 -0.0087247 0.0793363
v 0.0333186 -0.0080468 0.0793382
v 0.0336759 -0.0073345 0.0793397
v 0.0339857 -0.0065836 0.0793410
v 0.0342480 -0.0057883 0.0793421
v 0.0344628 -0.0049393 0.0793429
v 0.0346298 -0.0040217 0.0793436
v 0.0347492 -0.0030069 0.0793442
v 0.0348208 -0.0018267 0.0793447
v 0.0348447 0.0000000 0.0793452
v 0.0348208 0.0018267 0.0793455
v 0.0347492 0.0030069 0.0793457
v 0.0346298 0.0040217 0.0793458
v 0.0344628 0.0049393 0.0793458
v 0.0342480 0.0057883 0.0793457
v 0.0339857 0.0065836 0.0793457
v 0.0336759 0.0073345 0.0793455
v 0.0333186 0.0080468 0.0793453
v 0.0329140 0.0087247 0.0793451
v 0.0324620 0.0093711 0.0793446
v 0.0319629 0.0099880 0.0793441
v 0.0314166 0.0105771 0.0793433
v 0.0308232 0.0111394 0.0793423
v 0.0301828 0.0116760 0.0793411
v 0.0294953 0.0121873 0.0793395
v 0.0287607 0.0126741 0.0793374
v 0.0279789 0.0131365 0.0793350
v 0.0271498 0.0135749 0.0793320
v 0.0262730 0.0139895 0.0793284
v 0.0253481 0.0143804 0.0793241
v 0.0243747 0.0147477 0.0793191
v 0.0233519 0.0150914 0.0793132
v 0.0222789 0.0154116 0.0793064
v 0.0211541 0.0157083 0.0792986
v 0.0199760 0.0159814 0.0792896
v 0.0187422 0.0162310 0.0792794
v 0.0174494 0.0164570 0.0792678
v 0.0160936 0.0166593 0.0792544
v 0.0146690 0.0168379 0.0792186
v 0.0131672 0.0169929 0.0788717
v 0.0115766 0.0171240 0.0773980
v 0.0098787 0.0172314 0.0751753
v 0.0080434 0.0173149 0.0738759
v 0.0060138 0.0173746 0.0736208
v 0.0036535 0.0174104 0.0736099
v 0.0000000 0.0174224 0.0756523
v -0.0036535 0.0174104 0.0788885
v -0.0060138 0.0173746 0.0789493
v -0.0080434 0.0173149 0.0789182
v -0.0098787 0.0172314 0.0788903
v -0.0115766 0.0171240 0.0788649
v -0.0131672 0.0169929 0.0788417
v -0.0146690 0.0168379 0.0788202
v -0.0160936 0.0166593 0.0788005
v -0.0174494 0.0164570 0.0787823
v -0.0187422 0.0162310 0.0787656
v -0.0199760 0.0159814 0.0787502
v -0.0211541 0.0157083 0.0787361
v -0.0222789 0.0154116 0.0787232
v -0.0233519 0.0150914 0.0787115
v -0.0243747 0.0147477 0.0787009
v -0.0253481 0.0143804 0.0786912
v -0.0262730 0.0139895 0.0786826
v -0.0271498 0.0135749 0.0786748
v -0.0279789 0.0131365 0.0786679
v -0.0287607 0.0126741 0.0786618
v -0.0294953 0.0121873 0.0786564
v -0.0301828 0.0116760 0.0786517
v -0.0308232 0.0111394 0.0786476
v -0.0314166 0.0105771 0.0786440
v -0.0319629 0.0099880 0.0786409
v -0.0324620 0.0093711 0.0786383
v -0.0329140 0.0087247 0.0786361
v -0.0333186 0.0080468 0.0786342
v -0.0336759 0.0073345 0.0786327
v -0.0339857 0.0065836 0.0786314
v -0.0342480 0.0057883 0.0786303
v -0.0344628 0.0049393 0.0786295
v -0.0346298 0.0040217 0.0786288
v -0.0347492 0.0030069 0.0786282
v -0.0348208 0.0018267 0.0786277
v -0.0279501 -0.0000000 0.0790912
v -0.0279310 -0.0014653 0.0790896
v -0.0278735 -0.0024119 0.0790889
v -0.0277778 -0.0032259 0.0790885
v -0.0276437 -0.0039620 0.0790884
v -0.0274715 -0.0046430 0.0790885
v -0.0272611 -0.0052809 0.0790889
v -0.0270126 -0.0058832 0.0790896
v -0.0267260 -0.0064546 0.0790905
v -0.0264014 -0.0069984 0.0790917
v -0.0260389 -0.0075169 0.0790932
v -0.0256385 -0.0080117 0.0790949
v -0.0252003 -0.0084842 0.0790970
v -0.0247244 -0.0089353 0.0790994
v -0.0242106 -0.0093657 0.0791022
v -0.0236592 -0.0097759 0.0791054
v -0.0230700 -0.0101663 0.0791090
v -0.0224429 -0.0105372 0.0791131
v -0.0217778 -0.0108889 0.0791177
v -0.0210744 -0.0112214 0.0791229
v -0.0203326 -0.0115350 0.0791287
v -0.0195518 -0.0118296 0.0791351
v -0.0187314 -0.0121053 0.0791422
v -0.0178706 -0.0123622 0.0791500
v -0.0169685 -0.0126002 0.0791587
v -0.0160234 -0.0128193 0.0791682
v -0.0150337 -0.0130194 0.0791784
v -0.0139968 -0.0132007 0.0791826
v -0.0129093 -0.0133630 0.0791096
v -0.0117665 -0.0135063 0.0786671
v -0.0105619 -0.0136306 0.0774779
v -0.0092859 -0.0137358 0.0757939
v -0.0079240 -0.0138219 0.0744602
v -0.0064519 -0.0138889 0.0738958
v -0.0048239 -0.0139368 0.0738216
v -0.0029306 -0.0139655 0.0738557
v 0.0000000 -0.0139751 0.0748869
v 0.0029306 -0.0139655 0.0783932
v 0.0048239 -0.0139368 0.0793820
v 0.0064519 -0.0138889 0.0794829
v 0.0079240 -0.0138219 0.0795071
v 0.0092859 -0.0137358 0.0795279
v 0.0105619 -0.0136306 0.0795472
v 0.0117665 -0.0135063 0.0795652
v 0.0129093 -0.0133630 0.0795819
v 0.0139968 -0.0132007 0.0795976
v 0.0150337 -0.0130194 0.0796122
v 0.0160234 -0.0128193 0.0796259
v 0.0169685 -0.0126002 0.0796387
v 0.0178706 -0.0123622 0.0796507
v 0.0187314 -0.0121053 0.0796618
v 0.0195518 -0.0118296 0.0796721
v 0.0203326 -0.0115350 0.0796817
v 0.0210744 -0.0112214 0.0796906
v 0.0217778 -0.0108889 0.0796988
v 0.0224429 -0.0105372 0.0797063
v 0.0230700 -0.0101663 0.0797133
v 0.0236592 -0.0097759 0.0797196
v 0.0242106 -0.0093657 0.0797255
v 0.0247244 -0.0089353 0.0797308
v 0.0252003 -0.0084842 0.0797356
v 0.0256385 -0.0080117 0.0797400
v 0.0260389 -0.0075169 0.0797440
v 0.0264014 -0.0069984 0.0797476
v 0.0267260 -0.0064546 0.0797508
v 0.0270126 -0.0058832 0.0797536
v 0.0272611 -0.0052809 0.0797562
v 0.0274715 -0.0046430 0.0797585
v 0.0276437 -0.0039620 0.0797605
v 0.0277778 -0.0032259 0.0797623
v 0.0278735 -0.0024119 0.0797639
v 0.0279310 -0.0014653 0.0797654
v 0.0279501 0.0000000 0.0797673
v 0.0279310 0.0014653 0.0797689
v 0.0278735 0.0024119 0.0797696
v 0.0277778 0.0032259 0.0797700
v 0.0276437 0.0039620 0.0797701
v 0.0274715 0.0046430 0.0797700
v 0.0272611 0.0052809 0.0797696
v 0.0270126 0.0058832 0.0797689
v 0.0267260 0.0064546 0.0797680
v 0.0264014 0.0069984 0.0797668
v 0.0260389 0.0075169 0.0797654
v 0.0256385 0.0080117 0.0797636
v 0.0252003 0.0084842 0.0797615
v 0.0247244 0.0089353 0.0797591
v 0.0242106 0.0093657 0.0797563
v 0.0236592 0.0097759 0.0797531
v 0.0230700 0.0101663 0.0797495
v 0.0224429 0.0105372 0.0797454
v 0.0217778 0.0108889 0.0797408
v 0.0210744 0.0112214 0.0797356
v 0.0203326 0.0115350 0.0797299
v 0.0195518 0.0118296 0.0797235
v 0.0187314 0.0121053 0.0797164
v 0.0178706 0.0123622 0.0797085
v 0.0169685 0.0126002 0.0796999
v 0.0160234 0.0128193 0.0796903
v 0.0150337 0.0130194 0.0796796
v 0.0139968 0.0132007 0.0796608
v 0.0129093 0.0133630 0.0795621
v 0.0117665 0.0135063 0.0790890
v 0.0105619 0.0136306 0.0778624
v 0.0092859 0.0137358 0.0761364
v 0.0079240 0.0138219 0.0747610
v 0.0064519 0.0138889 0.0741559
v 0.0048239 0.0139368 0.0740382
v 0.0029306 0.0139655 0.0740209
v 0.0000000 0.0139751 0.0749715
v -0.0029306 0.0139655 0.0783930
v -0.0048239 0.0139368 0.0793227
v -0.0064519 0.0138889 0.0793728
v -0.0079240 0.0138219 0.0793515
v -0.0092859 0.0137358 0.0793306
v -0.0105619 0.0136306 0.0793113
v -0.0117665 0.0135063 0.0792934
v -0.0129093 0.0133630 0.0792766
v -0.0139968 0.0132007 0.0792609
v -0.0150337 0.0130194 0.0792463
v -0.0160234 0.0128193 0.0792326
v -0.0169685 0.0126002 0.0792198
v -0.0178706 0.0123622 0.0792079
v -0.0187314 0.0121053 0.0791968
v -0.0195518 0.0118296 0.0791864
v -0.0203326 0.0115350 0.0791768
v -0.0210744 0.0112214 0.0791680
v -0.0217778 0.0108889 0.0791598
v -0.0224429 0.0105372 0.0791522
v -0.0230700 0.0101663 0.0791453
v -0.0236592 0.0097759 0.0791389
v -0.0242106 0.0093657 0.0791330
v -0.0247244 0.0089353 0.0791277
v -0.0252003 0.0084842 0.0791229
v -0.0256385 0.0080117 0.0791185
v -0.0260389 0.0075169 0.0791145
v -0.0264014 0.0069984 0.0791110
v -0.0267260 0.0064546 0.0791077
v -0.0270126 0.0058832 0.0791049
v -0.0272611 0.0052809 0.0791023
v -0.0274715 0.0046430 0.0791000
v -0.0276437 0.0039620 0.0790980
v -0.0277778 0.0032259 0.0790962
v -0.0278735 0.0024119 0.0790946
v -0.0279310 0.0014653 0.0790931
v -0.0204289 -0.0000000 0.0794658
v -0.0204149 -0.0010710 0.0794638
v -0.0203729 -0.0017629 0.0794627
v -0.0203029 -0.0023579 0.0794622
v -0.0202049 -0.0028959 0.0794621
v -0.0200790 -0.0033936 0.0794623
v -0.0199252 -0.0038599 0.0794628
v -0.0197436 -0.0043001 0.0794637
v -0.0195341 -0.0047177 0.0794649
v -0.0192969 -0.0051152 0.0794665
v -0.0190319 -0.0054941 0.0794683
v -0.0187393 -0.0058558 0.0794705
v -0.0184190 -0.0062012 0.0794731
v -0.0180711 -0.0065309 0.0794760
v -0.0176957 -0.0068454 0.0794793
v -0.0172926 -0.0071452 0.0794829
v -0.0168619 -0.0074306 0.0794870
v -0.0164036 -0.0077017 0.0794914
v -0.0159174 -0.0079587 0.0794963
v -0.0154034 -0.0082018 0.0795016
v -0.0148612 -0.0084310 0.0795074
v -0.0142905 -0.0086463 0.0795137
v -0.0136908 -0.0088478 0.0795201
v -0.0130617 -0.0090356 0.0795247
v -0.0124023 -0.0092095 0.0795156
v -0.0117116 -0.0093696 0.0794511
v -0.0109882 -0.0095160 0.0792336
v -0.0102303 -0.0096484 0.0787268
v -0.0094354 -0.0097671 0.0778593
v -0.0086002 -0.0098718 0.0767394
v -0.0077197 -0.0099626 0.0756337
v -0.0067871 -0.0100395 0.0748002
v -0.0057917 -0.0101025 0.0743384
v -0.0047157 -0.0101514 0.0741773
v -0.0035258 -0.0101864 0.0741661
v -0.0021420 -0.0102074 0.0741878
v 0.0000000 -0.0102144 0.0745215
v 0.0021420 -0.0102074 0.0763306
v 0.0035258 -0.0101864 0.0781416
v 0.0047157 -0.0101514 0.0792652
v 0.0057917 -0.0101025 0.0796959
v 0.0067871 -0.0100395 0.0798053
v 0.0077197 -0.0099626 0.0798325
v 0.0086002 -0.0098718 0.0798471
v 0.0094354 -0.0097671 0.0798600
v 0.0102303 -0.0096484 0.0798721
v 0.0109882 -0.0095160 0.0798836
v 0.0117116 -0.0093696 0.0798944
v 0.0124023 -0.0092095 0.0799047
v 0.0130617 -0.0090356 0.0799145
v 0.0136908 -0.0088478 0.0799237
v 0.0142905 -0.0086463 0.0799324
v 0.0148612 -0.0084310 0.0799406
v 0.0154034 -0.0082018 0.0799484
v 0.0159174 -0.0079587 0.0799557
v 0.0164036 -0.0077017 0.0799625
v 0.0168619 -0.0074306 0.0799690
v 0.0172926 -0.0071452 0.0799750
v 0.0176957 -0.0068454 0.0799806
v 0.0180711 -0.0065309 0.0799859
v 0.0184190 -0.0062012 0.0799907
v 0.0187393 -0.0058558 0.0799953
v 0.0190319 -0.0054941 0.0799994
v 0.0192969 -0.0051152 0.0800033
v 0.0195341 -0.0047177 0.0800068
v 0.0197436 -0.0043001 0.0800100
v 0.0199252 -0.0038599 0.0800130
v 0.0200790 -0.0033936 0.0800156
v 0.0202049 -0.0028959 0.0800181
v 0.0203029 -0.0023579 0.0800202
v 0.0203729 -0.0017629 0.0800222
v 0.0204149 -0.0010710 0.0800241
v 0.0204289 0.0000000 0.0800265
v 0.0204149 0.0010710 0.0800286
v 0.0203729 0.0017629 0.0800296
v 0.0203029 0.0023579 0.0800302
v 0.0202049 0.0028959 0.0800303
v 0.0200790 0.0033936 0.0800301
v 0.0199252 0.0038599 0.0800295
v 0.0197436 0.0043001 0.0800287
v 0.0195341 0.0047177 0.0800274
v 0.0192969 0.0051152 0.0800259
v 0.0190319 0.0054941 0.0800240
v 0.0187393 0.0058558 0.0800218
v 0.0184190 0.0062012 0.0800193
v 0.0180711 0.0065309 0.0800164
v 0.0176957 0.0068454 0.0800131
v 0.0172926 0.0071452 0.0800094
v 0.0168619 0.0074306 0.0800054
v 0.0164036 0.0077017 0.0800009
v 0.0159174 0.0079587 0.0799961
v 0.0154034 0.0082018 0.0799907
v 0.0148612 0.0084310 0.0799849
v 0.0142905 0.0086463 0.0799786
v 0.0136908 0.0088478 0.0799715
v 0.0130617 0.0090356 0.0799614
v 0.0124023 0.0092095 0.0799364
v 0.0117116 0.0093696 0.0798545
v 0.0109882 0.0095160 0.0796174
v 0.0102303 0.0096484 0.0790883
v 0.0094354 0.0097671 0.0781953
v 0.0086002 0.0098718 0.0770477
v 0.0077197 0.0099626 0.0759135
v 0.0067871 0.0100395 0.0750517
v 0.0057917 0.0101025 0.0745614
v 0.0047157 0.0101514 0.0743706
v 0.0035258 0.0101864 0.0743266
v 0.0021420 0.0102074 0.0743097
v 0.0000000 0.0102144 0.0745830
v -0.0021420 0.0102074 0.0763305
v -0.0035258 0.0101864 0.0780991
v -0.0047157 0.0101514 0.0791848
v -0.0057917 0.0101025 0.0795814
v -0.0067871 0.0100395 0.0796595
v -0.0077197 0.0099626 0.0796577
v -0.0086002 0.0098718 0.0796452
v -0.0094354 0.0097671 0.0796324
v -0.0102303 0.0096484 0.0796203
v -0.0109882 0.0095160 0.0796088
v -0.0117116 0.0093696 0.0795979
v -0.0124023 0.0092095 0.0795876
v -0.0130617 0.0090356 0.0795779
v -0.0136908 0.0088478 0.0795687
v -0.0142905 0.0086463 0.0795600
v -0.0148612 0.0084310 0.0795518
v -0.0154034 0.0082018 0.0795440
v -0.0159174 0.0079587 0.0795367
v -0.0164036 0.0077017 0.0795298
v -0.0168619 0.0074306 0.0795234
v -0.0172926 0.0071452 0.0795174
v -0.0176957 0.0068454 0.0795118
v -0.0180711 0.0065309 0.0795065
v -0.0184190 0.0062012 0.0795016
v -0.0187393 0.0058558 0.0794971
v -0.0190319 0.0054941 0.0794929
v -0.0192969 0.0051152 0.0794891
v -0.0195341 0.0047177 0.0794856
v -0.0197436 0.0043001 0.0794823
v -0.0199252 0.0038599 0.0794794
v -0.0200790 0.0033936 0.0794767
v -0.0202049 0.0028959 0.0794743
v -0.0203029 0.0023579 0.0794721
v -0.0203729 0.0017629 0.0794701
v -0.0204149 0.0010710 0.0794682
v -0.0119170 -0.0000000 0.0797574
v -0.0119088 -0.0006247 0.0797557
v -0.0118843 -0.0010284 0.0797549
v -0.0118435 -0.0013754 0.0797544
v -0.0117864 -0.0016893 0.0797542
v -0.0117129 -0.0019796 0.0797543
v -0.0116232 -0.0022516 0.0797545
v -0.0115173 -0.0025084 0.0797548
v -0.0113951 -0.0027520 0.0797550
v -0.0112567 -0.0029839 0.0797548
v -0.0111021 -0.0032049 0.0797537
v -0.0109314 -0.0034159 0.0797506
v -0.0107446 -0.0036174 0.0797439
v -0.0105416 -0.0038097 0.0797309
v -0.0103226 -0.0039932 0.0797071
v -0.0100875 -0.0041681 0.0796662
v -0.0098363 -0.0043346 0.0795992
v -0.0095689 -0.0044927 0.0794946
v -0.0092853 -0.0046427 0.0793391
v -0.0089854 -0.0047844 0.0791194
v -0.0086691 -0.0049181 0.0788246
v -0.0083362 -0.0050437 0.0784499
v -0.0079864 -0.0051613 0.0779993
v -0.0076194 -0.0052708 0.0774878
v -0.0072348 -0.0053723 0.0769405
v -0.0068319 -0.0054657 0.0763895
v -0.0064099 -0.0055511 0.0758692
v -0.0059678 -0.0056283 0.0754099
v -0.0055041 -0.0056975 0.0750335
v -0.0050168 -0.0057586 0.0747501
v -0.0045032 -0.0058116 0.0745582
v -0.0039592 -0.0058565 0.0744459
v -0.0033785 -0.0058932 0.0743946
v -0.0027509 -0.0059218 0.0743827
v -0.0020567 -0.0059422 0.0743893
v -0.0012495 -0.0059544 0.0744010
v 0.0000000 -0.0059585 0.0744549
v 0.0012495 -0.0059544 0.0747318
v 0.0020567 -0.0059422 0.0751722
v 0.0027509 -0.0059218 0.0757721
v 0.0033785 -0.0058932 0.0764810
v 0.0039592 -0.0058565 0.0772281
v 0.0045032 -0.0058116 0.0779404
v 0.0050168 -0.0057586 0.0785600
v 0.0055041 -0.0056975 0.0790550
v 0.0059678 -0.0056283 0.0794201
v 0.0064099 -0.0055511 0.0796703
v 0.0068319 -0.0054657 0.0798308
v 0.0072348 -0.0053723 0.0799282
v 0.0076194 -0.0052708 0.0799851
v 0.0079864 -0.0051613 0.0800177
v 0.0083362 -0.0050437 0.0800368
v 0.0086691 -0.0049181 0.0800487
v 0.0089854 -0.0047844 0.0800569
v 0.0092853 -0.0046427 0.0800632
v 0.0095689 -0.0044927 0.0800684
v 0.0098363 -0.0043346 0.0800731
v 0.0100875 -0.0041681 0.0800774
v 0.0103226 -0.0039932 0.0800814
v 0.0105416 -0.0038097 0.0800851
v 0.0107446 -0.0036174 0.0800886
v 0.0109314 -0.0034159 0.0800919
v 0.0111021 -0.0032049 0.0800949
v 0.0112567 -0.0029839 0.0800978
v 0.0113951 -0.0027520 0.0801004
v 0.0115173 -0.0025084 0.0801028
v 0.0116232 -0.0022516 0.0801050
v 0.0117129 -0.0019796 0.0801071
v 0.0117864 -0.0016893 0.0801089
v 0.0118435 -0.0013754 0.0801106
v 0.0118843 -0.0010284 0.0801122
v 0.0119088 -0.0006247 0.0801137
v 0.0119170 0.0000000 0.0801156
v 0.0119088 0.0006247 0.0801173
v 0.0118843 0.0010284 0.0801181
v 0.0118435 0.0013754 0.0801185
v 0.0117864 0.0016893 0.0801185
v 0.0117129 0.0019796 0.0801182
v 0.0116232 0.0022516 0.0801175
v 0.0115173 0.0025084 0.0801164
v 0.0113951 0.0027520 0.0801147
v 0.0112567 0.0029839 0.0801120
v 0.0111021 0.0032049 0.0801079
v 0.0109314 0.0034159 0.0801013
v 0.0107446 0.0036174 0.0800906
v 0.0105416 0.0038097 0.0800729
v 0.0103226 0.0039932 0.0800440
v 0.0100875 0.0041681 0.0799973
v 0.0098363 0.0043346 0.0799239
v 0.0095689 0.0044927 0.0798122
v 0.0092853 0.0046427 0.0796489
v 0.0089854 0.0047844 0.0794205
v 0.0086691 0.0049181 0.0791161
v 0.0083362 0.0050437 0.0787310
v 0.0079864 0.0051613 0.0782693
v 0.0076194 0.0052708 0.0777459
v 0.0072348 0.0053723 0.0771861
v 0.0068319 0.0054657 0.0766222
v 0.0064099 0.0055511 0.0760886
v 0.0059678 0.0056283 0.0756158
v 0.0055041 0.0056975 0.0752256
v 0.0050168 0.0057586 0.0749281
v 0.0045032 0.0058116 0.0747215
v 0.0039592 0.0058565 0.0745939
v 0.0033785 0.0058932 0.0745264
v 0.0027509 0.0059218 0.0744968
v 0.0020567 0.0059422 0.0744838
v 0.0012495 0.0059544 0.0744726
v 0.0000000 0.0059585 0.0744908
v -0.0012495 0.0059544 0.0747317
v -0.0020567 0.0059422 0.0751486
v -0.0027509 0.0059218 0.0757277
v -0.0033785 0.0058932 0.0764173
v -0.0039592 0.0058565 0.0771461
v -0.0045032 0.0058116 0.0778408
v -0.0050168 0.0057586 0.0784435
v -0.0055041 0.0056975 0.0789223
v -0.0059678 0.0056283 0.0792720
v -0.0064099 0.0055511 0.0795077
v -0.0068319 0.0054657 0.0796544
v -0.0072348 0.0053723 0.0797388
v -0.0076194 0.0052708 0.0797832
v -0.0079864 0.0051613 0.0798040
v -0.0083362 0.0050437 0.0798119
v -0.0086691 0.0049181 0.0798130
v -0.0089854 0.0047844 0.0798110
v -0.0092853 0.0046427 0.0798075
v -0.0095689 0.0044927 0.0798035
v -0.0098363 0.0043346 0.0797994
v -0.0100875 0.0041681 0.0797954
v -0.0103226 0.0039932 0.0797916
v -0.0105416 0.0038097 0.0797879
v -0.0107446 0.0036174 0.0797844
v -0.0109314 0.0034159 0.0797812
v -0.0111021 0.0032049 0.0797781
v -0.0112567 0.0029839 0.0797753
v -0.0113951 0.0027520 0.0797727
v -0.0115173 0.0025084 0.0797702
v -0.0116232 0.0022516 0.0797680
v -0.0117129 0.0019796 0.0797660
v -0.0117864 0.0016893 0.0797641
v -0.0118435 0.0013754 0.0797624
v -0.0118843 0.0010284 0.0797608
v -0.0119088 0.0006247 0.0797593
v 0.0000000 0.0000000 0.0800000
vn -0.0000000 -0.0000000 -1.0000000
vn -0.0150375 -0.0000769 -0.9998869
vn -0.0145794 -0.0006046 -0.9998935
vn -0.0148092 -0.0014577 -0.9998893
vn -0.0147633 -0.0023777 -0.9998882
vn -0.0146540 -0.0033730 -0.9998869
vn -0.0144991 -0.0044272 -0.9998851
vn -0.0143045 -0.0055274 -0.9998824
vn -0.0140730 -0.0066635 -0.9998788
vn -0.0138064 -0.0078266 -0.9998741
vn -0.0135062 -0.0090090 -0.9998682
vn -0.0131740 -0.0102038 -0.9998612
vn -0.0128110 -0.0114044 -0.9998529
vn -0.0124188 -0.0126050 -0.9998434
vn -0.0119989 -0.0137998 -0.9998328
vn -0.0115529 -0.0149835 -0.9998210
vn -0.0110825 -0.0161509 -0.9998081
vn -0.0105894 -0.0172972 -0.9997943
vn -0.0100757 -0.0184178 -0.9997796
vn -0.0095432 -0.0195081 -0.9997642
vn -0.0089940 -0.0205640 -0.9997481
vn -0.0084304 -0.0215814 -0.9997315
vn -0.0078545 -0.0225566 -0.9997147
vn -0.0072689 -0.0234860 -0.9996977
vn -0.0066759 -0.0243662 -0.9996808
vn -0.0060782 -0.0251941 -0.9996641
vn -0.0054786 -0.0259668 -0.9996478
vn -0.0048799 -0.0266819 -0.9996321
vn -0.0042852 -0.0273369 -0.9996171
vn -0.0036979 -0.0279300 -0.9996030
vn -0.0031215 -0.0284598 -0.9995901
vn -0.0025601 -0.0289256 -0.9995783
vn -0.0020184 -0.0293276 -0.9995678
vn -0.0015019 -0.0296686 -0.9995587
vn -0.0010178 -0.0299572 -0.9995507
vn -0.0005763 -0.0302243 -0.9995430
vn -0.0001816 -0.0308270 -0.9995247
vn 0.0000384 -0.0300649 -0.9995479
vn 0.0003022 -0.0291495 -0.9995750
vn 0.0007286 -0.0296086 -0.9995613
vn 0.0011885 -0.0295170 -0.9995636
vn 0.0016860 -0.0292987 -0.9995693
vn 0.0022129 -0.0289894 -0.9995773
vn 0.0027629 -0.0286006 -0.9995871
vn 0.0033308 -0.0281381 -0.9995985
vn 0.0039123 -0.0276055 -0.9996112
vn 0.0045034 -0.0270059 -0.9996251
vn 0.0051008 -0.0263421 -0.9996400
vn 0.0057011 -0.0256170 -0.9996556
vn 0.0063014 -0.0248334 -0.9996717
vn 0.0068989 -0.0239943 -0.9996883
vn 0.0074909 -0.0231031 -0.9997050
vn 0.0080748 -0.0221630 -0.9997218
vn 0.0086481 -0.0211777 -0.9997383
vn 0.0092087 -0.0201508 -0.9997545
vn 0.0097541 -0.0190864 -0.9997703
vn 0.0102824 -0.0179887 -0.9997853
vn 0.0107914 -0.0168619 -0.9997996
vn 0.0112794 -0.0157106 -0.9998130
vn 0.0117445 -0.0145396 -0.9998253
vn 0.0121850 -0.0133539 -0.9998366
vn 0.0125993 -0.0121587 -0.9998467
vn 0.0129861 -0.0109595 -0.9998556
vn 0.0133440 -0.0097621 -0.9998633
vn 0.0136719 -0.0085726 -0.9998698
vn 0.0139688 -0.0073978 -0.9998751
vn 0.0142340 -0.0062448 -0.9998792
vn 0.0144672 -0.0051218 -0.9998822
vn 0.0146684 -0.0040380 -0.9998843
vn 0.0148392 -0.0030047 -0.9998854
vn 0.0149836 -0.0020362 -0.9998857
vn 0.0151173 -0.0011529 -0.9998851
vn 0.0154190 -0.0003634 -0.9998811
vn 0.0150375 0.0000769 -0.9998869
vn 0.0145794 0.0006046 -0.9998935
vn 0.0148092 0.0014577 -0.9998893
vn 0.0147633 0.0023777 -0.9998882
vn 0.0146540 0.0033730 -0.9998869
vn 0.0144991 0.0044272 -0.9998851
vn 0.0143045 0.0055274 -0.9998824
vn 0.0140730 0.0066635 -0.9998788
vn 0.0138064 0.0078266 -0.9998741
vn 0.0135062 0.0090090 -0.9998682
vn 0.0131740 0.0102038 -0.9998612
vn 0.0128110 0.0114044 -0.9998529
vn 0.0124188 0.0126050 -0.9998434
vn 0.0119989 0.0137998 -0.9998328
vn 0.0115529 0.0149835 -0.9998210
vn 0.0110825 0.0161509 -0.9998081
vn 0.0105894 0.0172972 -0.9997943
vn 0.0100757 0.0184178 -0.9997796
vn 0.0095432 0.0195081 -0.9997642
vn 0.0089940 0.0205640 -0.9997481
vn 0.0084304 0.0215814 -0.9997315
vn 0.0078545 0.0225566 -0.9997147
vn 0.0072689 0.0234860 -0.9996977
vn 0.0066759 0.0243662 -0.9996808
vn 0.0060782 0.0251941 -0.9996641
vn 0.0054786 0.0259668 -0.9996478
vn 0.0048799 0.0266819 -0.9996321
vn 0.0042852 0.0273369 -0.9996171
vn 0.0036979 0.0279300 -0.9996030
vn 0.0031215 0.0284598 -0.9995901
vn 0.0025601 0.0289256 -0.9995783
vn 0.0020184 0.0293276 -0.9995678
vn 0.0015019 0.0296686 -0.9995587
vn 0.0010178 0.0299572 -0.9995507
vn 0.0005763 0.0302243 -0.9995430
vn 0.0001816 0.0308270 -0.9995247
vn -0.0000384 0.0300649 -0.9995479
vn -0.0003022 0.0291495 -0.9995750
vn -0.0007286 0.0296086 -0.9995613
vn -0.0011885 0.0295170 -0.9995636
vn -0.0016860 0.0292987 -0.9995693
vn -0.0022129 0.0289894 -0.9995773
vn -0.0027629 0.0286006 -0.9995871
vn -0.0033308 0.0281381 -0.9995985
vn -0.0039123 0.0276055 -0.9996112
vn -0.0045034 0.0270059 -0.9996251
vn -0.0051008 0.0263421 -0.9996400
vn -0.0057011 0.0256170 -0.9996556
vn -0.0063014 0.0248334 -0.9996717
vn -0.0068989 0.0239943 -0.9996883
vn -0.0074909 0.0231031 -0.9997050
vn -0.0080748 0.0221630 -0.9997218
vn -0.0086481 0.0211777 -0.9997383
vn -0.0092087 0.0201508 -0.9997545
vn -0.0097541 0.0190864 -0.9997703
vn -0.0102824 0.0179887 -0.9997853
vn -0.0107914 0.0168619 -0.9997996
vn -0.0112794 0.0157106 -0.9998130
vn -0.0117445 0.0145396 -0.9998253
vn -0.0121850 0.0133539 -0.9998366
vn -0.0125993 0.0121587 -0.9998467
vn -0.0129861 0.0109595 -0.9998556
vn -0.0133440 0.0097621 -0.9998633
vn -0.0136719 0.0085726 -0.9998698
vn -0.0139688 0.0073978 -0.9998751
vn -0.0142340 0.0062448 -0.9998792
vn -0.0144672 0.0051218 -0.9998822
vn -0.0146684 0.0040380 -0.9998843
vn -0.0148392 0.0030047 -0.9998854
vn -0.0149836 0.0020362 -0.9998857
vn -0.0151173 0.0011529 -0.9998851
vn -0.0154190 0.0003634 -0.9998811
vn -0.0329300 -0.0000891 -0.9994577
vn -0.0322100 -0.0011816 -0.9994804
vn -0.0325301 -0.0030243 -0.9994662
vn -0.0324049 -0.0050210 -0.9994622
vn -0.0321577 -0.0071872 -0.9994570
vn -0.0318166 -0.0094852 -0.9994487
vn -0.0313911 -0.0118862 -0.9994365
vn -0.0308861 -0.0143674 -0.9994196
vn -0.0303050 -0.0169091 -0.9993977
vn -0.0296508 -0.0194944 -0.9993702
vn -0.0289265 -0.0221078 -0.9993370
vn -0.0281349 -0.0247349 -0.9992981
vn -0.0272792 -0.0273626 -0.9992533
vn -0.0263627 -0.0299784 -0.9992028
vn -0.0253889 -0.0325704 -0.9991469
vn -0.0243614 -0.0351273 -0.9990859
vn -0.0232842 -0.0376384 -0.9990201
vn -0.0221614 -0.0400935 -0.9989501
vn -0.0209973 -0.0424827 -0.9988765
vn -0.0197965 -0.0447969 -0.9987999
vn -0.0185638 -0.0470273 -0.9987211
vn -0.0173041 -0.0491653 -0.9986407
vn -0.0160226 -0.0512033 -0.9985597
vn -0.0147249 -0.0531338 -0.9984788
vn -0.0134165 -0.0549500 -0.9983990
vn -0.0121036 -0.0566455 -0.9983210
vn -0.0107923 -0.0582148 -0.9982457
vn -0.0094895 -0.0596526 -0.9981741
vn -0.0082022 -0.0609546 -0.9981068
vn -0.0069383 -0.0621174 -0.9980447
vn -0.0057066 -0.0631387 -0.9979884
vn -0.0045170 -0.0640182 -0.9979385
vn -0.0033814 -0.0647597 -0.9978952
vn -0.0023151 -0.0653766 -0.9978580
vn -0.0013391 -0.0659196 -0.9978240
vn -0.0004567 -0.0669934 -0.9977533
vn 0.0000445 -0.0657532 -0.9978359
vn 0.0005899 -0.0643201 -0.9979291
vn 0.0015098 -0.0649573 -0.9978869
vn 0.0025066 -0.0647087 -0.9979011
vn 0.0035881 -0.0642171 -0.9979295
vn 0.0047356 -0.0635390 -0.9979681
vn 0.0059347 -0.0626929 -0.9980152
vn 0.0071740 -0.0616887 -0.9980697
vn 0.0084438 -0.0605331 -0.9981305
vn 0.0097358 -0.0592320 -0.9981968
vn 0.0110420 -0.0577910 -0.9982676
vn 0.0123556 -0.0562160 -0.9983422
vn 0.0136699 -0.0545130 -0.9984195
vn 0.0149786 -0.0526883 -0.9984987
vn 0.0162759 -0.0507489 -0.9985788
vn 0.0175561 -0.0487020 -0.9986590
vn 0.0188139 -0.0465553 -0.9987385
vn 0.0200440 -0.0443168 -0.9988164
vn 0.0212417 -0.0419953 -0.9988920
vn 0.0224022 -0.0395995 -0.9989645
vn 0.0235210 -0.0371391 -0.9990333
vn 0.0245939 -0.0346240 -0.9990978
vn 0.0256170 -0.0320644 -0.9991575
vn 0.0265864 -0.0294714 -0.9992120
vn 0.0274987 -0.0268563 -0.9992610
vn 0.0283507 -0.0242310 -0.9993043
vn 0.0291393 -0.0216084 -0.9993418
vn 0.0298621 -0.0190018 -0.9993734
vn 0.0305168 -0.0164256 -0.9993993
vn 0.0311015 -0.0138958 -0.9994196
vn 0.0316151 -0.0114297 -0.9994348
vn 0.0320574 -0.0090476 -0.9994451
vn 0.0324303 -0.0067733 -0.9994510
vn 0.0327406 -0.0046377 -0.9994531
vn 0.0330136 -0.0026825 -0.9994513
vn 0.0335532 -0.0009149 -0.9994365
vn 0.0329300 0.0000891 -0.9994577
vn 0.0322100 0.0011816 -0.9994804
vn 0.0325301 0.0030243 -0.9994662
vn 0.0324049 0.0050210 -0.9994622
vn 0.0321577 0.0071872 -0.9994570
vn 0.0318166 0.0094852 -0.9994487
vn 0.0313911 0.0118862 -0.9994365
vn 0.0308861 0.0143674 -0.9994196
vn 0.0303050 0.0169091 -0.9993977
vn 0.0296508 0.0194944 -0.9993702
vn 0.0289265 0.0221078 -0.9993370
vn 0.0281349 0.0247349 -0.9992981
vn 0.0272792 0.0273626 -0.9992533
vn 0.0263627 0.0299784 -0.9992028
vn 0.0253889 0.0325704 -0.9991469
vn 0.0243614 0.0351273 -0.9990859
vn 0.0232842 0.0376384 -0.9990201
vn 0.0221614 0.0400935 -0.9989501
vn 0.0209973 0.0424827 -0.9988765
vn 0.0197965 0.0447969 -0.9987999
vn 0.0185638 0.0470273 -0.9987211
vn 0.0173041 0.0491653 -0.9986407
vn 0.0160226 0.0512033 -0.9985597
vn 0.0147249 0.0531338 -0.9984788
vn 0.0134165 0.0549500 -0.9983990
vn 0.0121036 0.0566455 -0.9983210
vn 0.0107923 0.0582148 -0.9982457
vn 0.0094895 0.0596526 -0.9981741
vn 0.0082022 0.0609546 -0.9981068
vn 0.0069383 0.0621174 -0.9980447
vn 0.0057066 0.0631387 -0.9979884
vn 0.0045170 0.0640182 -0.9979385
vn 0.0033814 0.0647597 -0.9978952
vn 0.0023151 0.0653766 -0.9978580
vn 0.0013391 0.0659196 -0.9978240
vn 0.0004567 0.0669934 -0.9977533
vn -0.0000445 0.0657532 -0.9978359
vn -0.0005899 0.0643201 -0.9979291
vn -0.0015098 0.0649573 -0.9978869
vn -0.0025066 0.0647087 -0.9979011
vn -0.0035881 0.0642171 -0.9979295
vn -0.0047356 0.0635390 -0.9979681
vn -0.0059347 0.0626929 -0.9980152
vn -0.0071740 0.0616887 -0.9980697
vn -0.0084438 0.0605331 -0.9981305
vn -0.0097358 0.0592320 -0.9981968
vn -0.0110420 0.0577910 -0.9982676
vn -0.0123556 0.0562160 -0.9983422
vn -0.0136699 0.0545130 -0.9984195
vn -0.0149786 0.0526883 -0.9984987
vn -0.0162759 0.0507489 -0.9985788
vn -0.0175561 0.0487020 -0.9986590
vn -0.0188139 0.0465553 -0.9987385
vn -0.0200440 0.0443168 -0.9988164
vn -0.0212417 0.0419953 -0.9988920
vn -0.0224022 0.0395995 -0.9989645
vn -0.0235210 0.0371391 -0.9990333
vn -0.0245939 0.0346240 -0.9990978
vn -0.0256170 0.0320644 -0.9991575
vn -0.0265864 0.0294714 -0.9992120
vn -0.0274987 0.0268563 -0.9992610
vn -0.0283507 0.0242310 -0.9993043
vn -0.0291393 0.0216084 -0.9993418
vn -0.0298621 0.0190018 -0.9993734
vn -0.0305168 0.0164256 -0.9993993
vn -0.0311015 0.0138958 -0.9994196
vn -0.0316151 0.0114297 -0.9994348
vn -0.0320574 0.0090476 -0.9994451
vn -0.0324303 0.0067733 -0.9994510
vn -0.0327406 0.0046377 -0.9994531
vn -0.0330136 0.0026825 -0.9994513
vn -0.0335532 0.0009149 -0.9994365
vn -0.0535977 -0.0000975 -0.9985626
vn -0.0527590 -0.0018479 -0.9986056
vn -0.0530640 -0.0048290 -0.9985794
vn -0.0528248 -0.0080681 -0.9985712
vn -0.0524073 -0.0115858 -0.9985586
vn -0.0518443 -0.0153195 -0.9985377
vn -0.0511471 -0.0192221 -0.9985061
vn -0.0503222 -0.0232558 -0.9984622
vn -0.0493743 -0.0273885 -0.9984048
vn -0.0483078 -0.0315922 -0.9983328
vn -0.0471272 -0.0358415 -0.9982457
vn -0.0458372 -0.0401131 -0.9981432
vn -0.0444429 -0.0443851 -0.9980254
vn -0.0429495 -0.0486371 -0.9978927
vn -0.0413626 -0.0528497 -0.9977455
vn -0.0396885 -0.0570045 -0.9975847
vn -0.0379335 -0.0610838 -0.9974116
vn -0.0361043 -0.0650711 -0.9972273
vn -0.0342082 -0.0689504 -0.9970334
vn -0.0322525 -0.0727066 -0.9968317
vn -0.0302451 -0.0763254 -0.9966241
vn -0.0281941 -0.0797933 -0.9964126
vn -0.0261081 -0.0830976 -0.9961994
vn -0.0239960 -0.0862265 -0.9959865
vn -0.0218670 -0.0891689 -0.9957765
vn -0.0197309 -0.0919146 -0.9955714
vn -0.0175978 -0.0944546 -0.9953736
vn -0.0154788 -0.0967804 -0.9951854
vn -0.0133852 -0.0988849 -0.9950088
vn -0.0113299 -0.1007623 -0.9948460
vn -0.0093269 -0.1024084 -0.9946987
vn -0.0073921 -0.1038214 -0.9945685
vn -0.0055448 -0.1050042 -0.9944563
vn -0.0038093 -0.1059716 -0.9943619
vn -0.0022190 -0.1067814 -0.9942800
vn -0.0007758 -0.1081380 -0.9941356
vn 0.0000486 -0.1067365 -0.9942873
vn 0.0009201 -0.1050803 -0.9944633
vn 0.0024044 -0.1056835 -0.9943969
vn 0.0040174 -0.1052126 -0.9944416
vn 0.0057694 -0.1043906 -0.9945196
vn 0.0076297 -0.1032821 -0.9946228
vn 0.0095749 -0.1019092 -0.9947476
vn 0.0115863 -0.1002844 -0.9948913
vn 0.0136483 -0.0984169 -0.9950517
vn 0.0157470 -0.0963149 -0.9952263
vn 0.0178699 -0.0939869 -0.9954130
vn 0.0200056 -0.0914418 -0.9956095
vn 0.0221434 -0.0886887 -0.9958132
vn 0.0242730 -0.0857379 -0.9960220
vn 0.0263848 -0.0825999 -0.9962335
vn 0.0284697 -0.0792864 -0.9964453
vn 0.0305188 -0.0758095 -0.9966552
vn 0.0325236 -0.0721821 -0.9968611
vn 0.0344761 -0.0684182 -0.9970609
vn 0.0363686 -0.0645322 -0.9972527
vn 0.0381937 -0.0605393 -0.9974348
vn 0.0399444 -0.0564557 -0.9976057
vn 0.0416141 -0.0522982 -0.9977641
vn 0.0431964 -0.0480846 -0.9979088
vn 0.0446857 -0.0438333 -0.9980390
vn 0.0460765 -0.0395641 -0.9981541
vn 0.0473639 -0.0352975 -0.9982538
vn 0.0485435 -0.0310556 -0.9983382
vn 0.0496113 -0.0268619 -0.9984073
vn 0.0505643 -0.0227422 -0.9984618
vn 0.0514000 -0.0187250 -0.9985026
vn 0.0521175 -0.0148430 -0.9985306
vn 0.0527181 -0.0111352 -0.9985473
vn 0.0532092 -0.0076508 -0.9985541
vn 0.0536201 -0.0044571 -0.9985515
vn 0.0543076 -0.0015585 -0.9985230
vn 0.0535977 0.0000975 -0.9985626
vn 0.0527590 0.0018479 -0.9986056
vn 0.0530640 0.0048290 -0.9985794
vn 0.0528248 0.0080681 -0.9985712
vn 0.0524073 0.0115858 -0.9985586
vn 0.0518443 0.0153195 -0.9985377
vn 0.0511471 0.0192221 -0.9985061
vn 0.0503222 0.0232558 -0.9984622
vn 0.0493743 0.0273885 -0.9984048
vn 0.0483078 0.0315922 -0.9983328
vn 0.0471272 0.0358415 -0.9982457
vn 0.0458372 0.0401131 -0.9981432
vn 0.0444429 0.0443851 -0.9980254
vn 0.0429495 0.0486371 -0.9978927
vn 0.0413626 0.0528497 -0.9977455
vn 0.0396885 0.0570045 -0.9975847
vn 0.0379335 0.0610838 -0.9974116
vn 0.0361043 0.0650711 -0.9972273
vn 0.0342082 0.0689504 -0.9970334
vn 0.0322525 0.0727066 -0.9968317
vn 0.0302451 0.0763254 -0.9966241
vn 0.0281941 0.0797933 -0.9964126
vn 0.0261081 0.0830976 -0.9961994
vn 0.0239960 0.0862265 -0.9959865
vn 0.0218670 0.0891689 -0.9957765
vn 0.0197309 0.0919146 -0.9955714
vn 0.0175978 0.0944546 -0.9953736
vn 0.0154788 0.0967804 -0.9951854
vn 0.0133852 0.0988849 -0.9950088
vn 0.0113299 0.1007623 -0.9948460
vn 0.0093269 0.1024084 -0.9946987
vn 0.0073921 0.1038214 -0.9945685
vn 0.0055448 0.1050042 -0.9944563
vn 0.0038093 0.1059716 -0.9943619
vn 0.0022190 0.1067814 -0.9942800
vn 0.0007758 0.1081380 -0.9941356
vn -0.0000486 0.1067365 -0.9942873
vn -0.0009201 0.1050803 -0.9944633
vn -0.0024044 0.1056835 -0.9943969
vn -0.0040174 0.1052126 -0.9944416
vn -0.0057694 0.1043906 -0.9945196
vn -0.0076297 0.1032821 -0.9946228
vn -0.0095749 0.1019092 -0.9947476
vn -0.0115863 0.1002844 -0.9948913
vn -0.0136483 0.0984169 -0.9950517
vn -0.0157470 0.0963149 -0.9952263
vn -0.0178699 0.0939869 -0.9954130
vn -0.0200056 0.0914418 -0.9956095
vn -0.0221434 0.0886887 -0.9958132
vn -0.0242730 0.0857379 -0.9960220
vn -0.0263848 0.0825999 -0.9962335
vn -0.0284697 0.0792864 -0.9964453
vn -0.0305188 0.0758095 -0.9966552
vn -0.0325236 0.0721821 -0.9968611
vn -0.0344761 0.0684182 -0.9970609
vn -0.0363686 0.0645322 -0.9972527
vn -0.0381937 0.0605393 -0.9974348
vn -0.0399444 0.0564557 -0.9976057
vn -0.0416141 0.0522982 -0.9977641
vn -0.0431964 0.0480846 -0.9979088
vn -0.0446857 0.0438333 -0.9980390
vn -0.0460765 0.0395641 -0.9981541
vn -0.0473639 0.0352975 -0.9982538
vn -0.0485435 0.0310556 -0.9983382
vn -0.0496113 0.0268619 -0.9984073
vn -0.0505643 0.0227422 -0.9984618
vn -0.0514000 0.0187250 -0.9985026
vn -0.0521175 0.0148430 -0.9985306
vn -0.0527181 0.0111352 -0.9985473
vn -0.0532092 0.0076508 -0.9985541
vn -0.0536201 0.0044571 -0.9985515
vn -0.0543076 0.0015585 -0.9985230
vn -0.0765549 -0.0001042 -0.9970654
vn -0.0756131 -0.0025849 -0.9971339
vn -0.0758836 -0.0068290 -0.9970933
vn -0.0755140 -0.0114474 -0.9970790
vn -0.0749053 -0.0164657 -0.9970547
vn -0.0740939 -0.0217936 -0.9970131
vn -0.0730929 -0.0273631 -0.9969497
vn -0.0719100 -0.0331197 -0.9968611
vn -0.0705516 -0.0390173 -0.9967448
vn -0.0690235 -0.0450155 -0.9965989
vn -0.0673320 -0.0510775 -0.9964223
vn -0.0654839 -0.0571698 -0.9962146
vn -0.0634863 -0.0632609 -0.9959757
vn -0.0613469 -0.0693212 -0.9957063
vn -0.0590739 -0.0753228 -0.9954078
vn -0.0566762 -0.0812393 -0.9950819
vn -0.0541632 -0.0870453 -0.9947308
vn -0.0515447 -0.0927171 -0.9943574
vn -0.0488311 -0.0982320 -0.9939648
vn -0.0460332 -0.1035685 -0.9935565
vn -0.0431623 -0.1087065 -0.9931364
vn -0.0402304 -0.1136269 -0.9927086
vn -0.0372496 -0.1183120 -0.9922776
vn -0.0342327 -0.1227451 -0.9918476
vn -0.0311931 -0.1269110 -0.9914235
vn -0.0281446 -0.1307956 -0.9910098
vn -0.0251018 -0.1343863 -0.9906110
vn -0.0220801 -0.1376717 -0.9902318
vn -0.0190959 -0.1406419 -0.9898764
vn -0.0161671 -0.1432888 -0.9895489
vn -0.0133135 -0.1456063 -0.9892530
vn -0.0105577 -0.1475912 -0.9889921
vn -0.0079268 -0.1492458 -0.9887683
vn -0.0054549 -0.1505855 -0.9885819
vn -0.0031888 -0.1516733 -0.9884255
vn -0.0011287 -0.1532877 -0.9881810
vn 0.0000517 -0.1517814 -0.9884141
vn 0.0012815 -0.1499461 -0.9886933
vn 0.0033854 -0.1504756 -0.9886079
vn 0.0056756 -0.1497597 -0.9887061
vn 0.0081652 -0.1485802 -0.9888666
vn 0.0108100 -0.1470081 -0.9890762
vn 0.0135769 -0.1450683 -0.9893285
vn 0.0164395 -0.1427752 -0.9896186
vn 0.0193755 -0.1401401 -0.9899421
vn 0.0223654 -0.1371737 -0.9902945
vn 0.0253914 -0.1338869 -0.9906713
vn 0.0284372 -0.1302912 -0.9910679
vn 0.0314877 -0.1263994 -0.9914796
vn 0.0345282 -0.1222249 -0.9919016
vn 0.0375449 -0.1177824 -0.9923294
vn 0.0405248 -0.1130878 -0.9927582
vn 0.0434550 -0.1081579 -0.9931835
vn 0.0463233 -0.1030110 -0.9936010
vn 0.0491181 -0.0976662 -0.9940064
vn 0.0518280 -0.0921441 -0.9943960
vn 0.0544425 -0.0864663 -0.9947661
vn 0.0569511 -0.0806557 -0.9951137
vn 0.0593443 -0.0747363 -0.9954360
vn 0.0616128 -0.0687335 -0.9957307
vn 0.0637482 -0.0626740 -0.9959961
vn 0.0657424 -0.0565858 -0.9962309
vn 0.0675882 -0.0504987 -0.9964345
vn 0.0692790 -0.0444445 -0.9966068
vn 0.0708091 -0.0384569 -0.9967483
vn 0.0721737 -0.0325731 -0.9968600
vn 0.0733691 -0.0268341 -0.9969438
vn 0.0743932 -0.0212865 -0.9970018
vn 0.0752469 -0.0159862 -0.9970368
vn 0.0759378 -0.0110033 -0.9970518
vn 0.0764983 -0.0064333 -0.9970490
vn 0.0773281 -0.0022775 -0.9970031
vn 0.0765549 0.0001042 -0.9970654
vn 0.0756131 0.0025849 -0.9971339
vn 0.0758836 0.0068290 -0.9970933
vn 0.0755140 0.0114474 -0.9970790
vn 0.0749053 0.0164657 -0.9970547
vn 0.0740939 0.0217936 -0.9970131
vn 0.0730929 0.0273631 -0.9969497
vn 0.0719100 0.0331197 -0.9968611
vn 0.0705516 0.0390173 -0.9967448
vn 0.0690235 0.0450155 -0.9965989
vn 0.0673320 0.0510775 -0.9964223
vn 0.0654839 0.0571698 -0.9962146
vn 0.0634863 0.0632609 -0.9959757
vn 0.0613469 0.0693212 -0.9957063
vn 0.0590739 0.0753228 -0.9954078
vn 0.0566762 0.0812393 -0.9950819
vn 0.0541632 0.0870453 -0.9947308
vn 0.0515447 0.0927171 -0.9943574
vn 0.0488311 0.0982320 -0.9939648
vn 0.0460332 0.1035685 -0.9935565
vn 0.0431623 0.1087065 -0.9931364
vn 0.0402304 0.1136269 -0.9927086
vn 0.0372496 0.1183120 -0.9922776
vn 0.0342327 0.1227451 -0.9918476
vn 0.0311931 0.1269110 -0.9914235
vn 0.0281446 0.1307956 -0.9910098
vn 0.0251018 0.1343863 -0.9906110
vn 0.0220801 0.1376717 -0.9902318
vn 0.0190959 0.1406419 -0.9898764
vn 0.0161671 0.1432888 -0.9895489
vn 0.0133135 0.1456063 -0.9892530
vn 0.0105577 0.1475912 -0.9889921
vn 0.0079268 0.1492458 -0.9887683
vn 0.0054549 0.1505855 -0.9885819
vn 0.0031888 0.1516733 -0.9884255
vn 0.0011287 0.1532877 -0.9881810
vn -0.0000517 0.1517814 -0.9884141
vn -0.0012815 0.1499461 -0.9886933
vn -0.0033854 0.1504756 -0.9886079
vn -0.0056756 0.1497597 -0.9887061
vn -0.0081652 0.1485802 -0.9888666
vn -0.0108100 0.1470081 -0.9890762
vn -0.0135769 0.1450683 -0.9893285
vn -0.0164395 0.1427752 -0.9896186
vn -0.0193755 0.1401401 -0.9899421
vn -0.0223654 0.1371737 -0.9902945
vn -0.0253914 0.1338869 -0.9906713
vn -0.0284372 0.1302912 -0.9910679
vn -0.0314877 0.1263994 -0.9914796
vn -0.0345282 0.1222249 -0.9919016
vn -0.0375449 0.1177824 -0.9923294
vn -0.0405248 0.1130878 -0.9927582
vn -0.0434550 0.1081579 -0.9931835
vn -0.0463233 0.1030110 -0.9936010
vn -0.0491181 0.0976662 -0.9940064
vn -0.0518280 0.0921441 -0.9943960
vn -0.0544425 0.0864663 -0.9947661
vn -0.0569511 0.0806557 -0.9951137
vn -0.0593443 0.0747363 -0.9954360
vn -0.0616128 0.0687335 -0.9957307
vn -0.0637482 0.0626740 -0.9959961
vn -0.0657424 0.0565858 -0.9962309
vn -0.0675882 0.0504987 -0.9964345
vn -0.0692790 0.0444445 -0.9966068
vn -0.0708091 0.0384569 -0.9967483
vn -0.0721737 0.0325731 -0.9968600
vn -0.0733691 0.0268341 -0.9969438
vn -0.0743932 0.0212865 -0.9970018
vn -0.0752469 0.0159862 -0.9970368
vn -0.0759378 0.0110033 -0.9970518
vn -0.0764983 0.0064333 -0.9970490
vn -0.0773281 0.0022775 -0.9970031
vn -0.1016763 -0.0001100 -0.9948175
vn -0.1006313 -0.0033892 -0.9949180
vn -0.1008583 -0.0090145 -0.9948600
vn -0.1003447 -0.0151418 -0.9948375
vn -0.0995253 -0.0218016 -0.9947962
vn -0.0984401 -0.0288731 -0.9947240
vn -0.0971038 -0.0362652 -0.9946133
vn -0.0955254 -0.0439048 -0.9944583
vn -0.0937128 -0.0517301 -0.9942544
vn -0.0916737 -0.0596865 -0.9939987
vn -0.0894164 -0.0677249 -0.9936891
vn -0.0869499 -0.0757997 -0.9933248
vn -0.0842838 -0.0838687 -0.9929060
vn -0.0814288 -0.0918922 -0.9924340
vn -0.0783960 -0.0998325 -0.9919110
vn -0.0751977 -0.1076543 -0.9913404
vn -0.0718466 -0.1153239 -0.9907262
vn -0.0683563 -0.1228097 -0.9900733
vn -0.0647409 -0.1300815 -0.9893874
vn -0.0610153 -0.1371114 -0.9886747
vn -0.0571948 -0.1438728 -0.9879420
vn -0.0532954 -0.1503412 -0.9871966
vn -0.0493337 -0.1564936 -0.9864461
vn -0.0453268 -0.1623089 -0.9856984
vn -0.0412924 -0.1677678 -0.9849614
vn -0.0372490 -0.1728526 -0.9842431
vn -0.0332158 -0.1775476 -0.9835515
vn -0.0292133 -0.1818387 -0.9828943
vn -0.0252628 -0.1857138 -0.9822791
vn -0.0213879 -0.1891630 -0.9817127
vn -0.0176143 -0.1921788 -0.9812018
vn -0.0139715 -0.1947571 -0.9807520
vn -0.0104949 -0.1969000 -0.9803674
vn -0.0072290 -0.1986235 -0.9800492
vn -0.0042347 -0.1999953 -0.9797877
vn -0.0015099 -0.2018578 -0.9794137
vn 0.0000541 -0.2002707 -0.9797406
vn 0.0016694 -0.1982743 -0.9801452
vn 0.0044401 -0.1987133 -0.9800476
vn 0.0074597 -0.1977417 -0.9802258
vn 0.0107442 -0.1961915 -0.9805067
vn 0.0142355 -0.1941384 -0.9808709
vn 0.0178900 -0.1916096 -0.9813082
vn 0.0216732 -0.1886211 -0.9818108
vn 0.0255559 -0.1851855 -0.9823712
vn 0.0295125 -0.1813154 -0.9829821
vn 0.0335198 -0.1770236 -0.9836356
vn 0.0375564 -0.1723240 -0.9843241
vn 0.0416021 -0.1672321 -0.9850394
vn 0.0456377 -0.1617645 -0.9857735
vn 0.0496449 -0.1559396 -0.9865182
vn 0.0536059 -0.1497772 -0.9872655
vn 0.0575037 -0.1432989 -0.9880075
vn 0.0613219 -0.1365280 -0.9887364
vn 0.0650446 -0.1294894 -0.9894451
vn 0.0686564 -0.1222098 -0.9901268
vn 0.0721427 -0.1147176 -0.9907751
vn 0.0754895 -0.1070430 -0.9913845
vn 0.0786834 -0.0992179 -0.9919500
vn 0.0817118 -0.0912761 -0.9924676
vn 0.0845629 -0.0832532 -0.9929340
vn 0.0872257 -0.0751870 -0.9933472
vn 0.0896903 -0.0671175 -0.9937056
vn 0.0919475 -0.0590872 -0.9940092
vn 0.0939894 -0.0511418 -0.9942588
vn 0.0958093 -0.0433310 -0.9944561
vn 0.0974019 -0.0357097 -0.9946043
vn 0.0987642 -0.0283407 -0.9947072
vn 0.0998963 -0.0212981 -0.9947699
vn 0.1008063 -0.0146755 -0.9947978
vn 0.1015294 -0.0085990 -0.9947954
vn 0.1025070 -0.0030671 -0.9947276
vn 0.1016763 0.0001100 -0.9948175
vn 0.1006313 0.0033892 -0.9949180
vn 0.1008583 0.0090145 -0.9948600
vn 0.1003447 0.0151418 -0.9948375
vn 0.0995253 0.0218016 -0.9947962
vn 0.0984401 0.0288731 -0.9947240
vn 0.0971038 0.0362652 -0.9946133
vn 0.0955254 0.0439048 -0.9944583
vn 0.0937128 0.0517301 -0.9942544
vn 0.0916737 0.0596865 -0.9939987
vn 0.0894164 0.0677249 -0.9936891
vn 0.0869499 0.0757997 -0.9933248
vn 0.0842838 0.0838687 -0.9929060
vn 0.0814288 0.0918922 -0.9924340
vn 0.0783960 0.0998325 -0.9919110
vn 0.0751977 0.1076543 -0.9913404
vn 0.0718466 0.1153239 -0.9907262
vn 0.0683563 0.1228097 -0.9900733
vn 0.0647409 0.1300815 -0.9893874
vn 0.0610153 0.1371114 -0.9886747
vn 0.0571948 0.1438728 -0.9879420
vn 0.0532954 0.1503412 -0.9871966
vn 0.0493337 0.1564936 -0.9864461
vn 0.0453268 0.1623089 -0.9856984
vn 0.0412924 0.1677678 -0.9849614
vn 0.0372490 0.1728526 -0.9842431
vn 0.0332158 0.1775476 -0.9835515
vn 0.0292133 0.1818387 -0.9828943
vn 0.0252628 0.1857138 -0.9822791
vn 0.0213879 0.1891630 -0.9817127
vn 0.0176143 0.1921788 -0.9812018
vn 0.0139715 0.1947571 -0.9807520
vn 0.0104949 0.1969000 -0.9803674
vn 0.0072290 0.1986235 -0.9800492
vn 0.0042347 0.1999953 -0.9797877
vn 0.0015099 0.2018578 -0.9794137
vn -0.0000541 0.2002707 -0.9797406
vn -0.0016694 0.1982743 -0.9801452
vn -0.0044401 0.1987133 -0.9800476
vn -0.0074597 0.1977417 -0.9802258
vn -0.0107442 0.1961915 -0.9805067
vn -0.0142355 0.1941384 -0.9808709
vn -0.0178900 0.1916096 -0.9813082
vn -0.0216732 0.1886211 -0.9818108
vn -0.0255559 0.1851855 -0.9823712
vn -0.0295125 0.1813154 -0.9829821
vn -0.0335198 0.1770236 -0.9836356
vn -0.0375564 0.1723240 -0.9843241
vn -0.0416021 0.1672321 -0.9850394
vn -0.0456377 0.1617645 -0.9857735
vn -0.0496449 0.1559396 -0.9865182
vn -0.0536059 0.1497772 -0.9872655
vn -0.0575037 0.1432989 -0.9880075
vn -0.0613219 0.1365280 -0.9887364
vn -0.0650446 0.1294894 -0.9894451
vn -0.0686564 0.1222098 -0.9901268
vn -0.0721427 0.1147176 -0.9907751
vn -0.0754895 0.1070430 -0.9913845
vn -0.0786834 0.0992179 -0.9919500
vn -0.0817118 0.0912761 -0.9924676
vn -0.0845629 0.0832532 -0.9929340
vn -0.0872257 0.0751870 -0.9933472
vn -0.0896903 0.0671175 -0.9937056
vn -0.0919475 0.0590872 -0.9940092
vn -0.0939894 0.0511418 -0.9942588
vn -0.0958093 0.0433310 -0.9944561
vn -0.0974019 0.0357097 -0.9946043
vn -0.0987642 0.0283407 -0.9947072
vn -0.0998963 0.0212981 -0.9947699
vn -0.1008063 0.0146755 -0.9947978
vn -0.1015294 0.0085990 -0.9947954
vn -0.1025070 0.0030671 -0.9947276
vn -0.1290310 -0.0001151 -0.9916406
vn -0.1278770 -0.0042633 -0.9917809
vn -0.1280551 -0.0113921 -0.9917016
vn -0.1273839 -0.0191621 -0.9916684
vn -0.1263337 -0.0276089 -0.9916035
vn -0.1249475 -0.0365779 -0.9914889
vn -0.1232417 -0.0459525 -0.9913122
vn -0.1212267 -0.0556390 -0.9910643
vn -0.1189119 -0.0655576 -0.9907382
vn -0.1163072 -0.0756381 -0.9903290
vn -0.1134230 -0.0858169 -0.9898337
vn -0.1102710 -0.0960353 -0.9892510
vn -0.1068641 -0.1062385 -0.9885815
vn -0.1032162 -0.1163752 -0.9878275
vn -0.0993422 -0.1263972 -0.9869928
vn -0.0952582 -0.1362589 -0.9860828
vn -0.0909813 -0.1459176 -0.9851043
vn -0.0865293 -0.1553330 -0.9840652
vn -0.0819209 -0.1644673 -0.9829748
vn -0.0771757 -0.1732855 -0.9818432
vn -0.0723138 -0.1817548 -0.9806813
vn -0.0673560 -0.1898452 -0.9795009
vn -0.0623236 -0.1975289 -0.9783139
vn -0.0572388 -0.2047808 -0.9771328
vn -0.0521241 -0.2115779 -0.9759702
vn -0.0470030 -0.2178998 -0.9748387
vn -0.0418998 -0.2237283 -0.9737505
vn -0.0368400 -0.2290478 -0.9727178
vn -0.0318504 -0.2338447 -0.9717521
vn -0.0269601 -0.2381081 -0.9708644
vn -0.0222013 -0.2418302 -0.9700646
vn -0.0176103 -0.2450066 -0.9693615
vn -0.0132310 -0.2476399 -0.9687618
vn -0.0091186 -0.2497475 -0.9682680
vn -0.0053487 -0.2514021 -0.9678680
vn -0.0019165 -0.2535033 -0.9673326
vn 0.0000561 -0.2518491 -0.9677665
vn 0.0020812 -0.2497041 -0.9683200
vn 0.0055612 -0.2500455 -0.9682181
vn 0.0093573 -0.2488171 -0.9685053
vn 0.0134890 -0.2468947 -0.9689484
vn 0.0178837 -0.2443580 -0.9695202
vn 0.0224871 -0.2412354 -0.9702061
vn 0.0272561 -0.2375435 -0.9709944
vn 0.0321547 -0.2332956 -0.9718741
vn 0.0371510 -0.2285049 -0.9728336
vn 0.0422161 -0.2231855 -0.9738614
vn 0.0473232 -0.2173528 -0.9749453
vn 0.0524471 -0.2110239 -0.9760728
vn 0.0575634 -0.2042180 -0.9772315
vn 0.0626489 -0.1969563 -0.9784086
vn 0.0676810 -0.1892622 -0.9795913
vn 0.0726376 -0.1811614 -0.9807672
vn 0.0774975 -0.1726820 -0.9819242
vn 0.0822400 -0.1638545 -0.9830505
vn 0.0868450 -0.1547118 -0.9841353
vn 0.0912932 -0.1452894 -0.9851683
vn 0.0955660 -0.1356251 -0.9861404
vn 0.0996458 -0.1257595 -0.9870437
vn 0.1035156 -0.1157356 -0.9878713
vn 0.1071599 -0.1055992 -0.9886180
vn 0.1105639 -0.0953986 -0.9892799
vn 0.1137142 -0.0851856 -0.9898548
vn 0.1165989 -0.0750149 -0.9903421
vn 0.1192073 -0.0649457 -0.9907430
vn 0.1215306 -0.0550419 -0.9910604
vn 0.1235619 -0.0453745 -0.9912990
vn 0.1252967 -0.0360238 -0.9914651
vn 0.1267347 -0.0270849 -0.9915668
vn 0.1278845 -0.0186768 -0.9916132
vn 0.1287848 -0.0109598 -0.9916120
vn 0.1299205 -0.0039288 -0.9915166
vn 0.1290310 0.0001151 -0.9916406
vn 0.1278770 0.0042633 -0.9917809
vn 0.1280551 0.0113921 -0.9917016
vn 0.1273839 0.0191621 -0.9916684
vn 0.1263337 0.0276089 -0.9916035
vn 0.1249475 0.0365779 -0.9914889
vn 0.1232417 0.0459525 -0.9913122
vn 0.1212267 0.0556390 -0.9910643
vn 0.1189119 0.0655576 -0.9907382
vn 0.1163072 0.0756381 -0.9903290
vn 0.1134230 0.0858169 -0.9898337
vn 0.1102710 0.0960353 -0.9892510
vn 0.1068641 0.1062385 -0.9885815
vn 0.1032162 0.1163752 -0.9878275
vn 0.0993422 0.1263972 -0.9869928
vn 0.0952582 0.1362589 -0.9860828
vn 0.0909813 0.1459176 -0.9851043
vn 0.0865293 0.1553330 -0.9840652
vn 0.0819209 0.1644673 -0.9829748
vn 0.0771757 0.1732855 -0.9818432
vn 0.0723138 0.1817548 -0.9806813
vn 0.0673560 0.1898452 -0.9795009
vn 0.0623236 0.1975289 -0.9783139
vn 0.0572388 0.2047808 -0.9771328
vn 0.0521241 0.2115779 -0.9759702
vn 0.0470030 0.2178998 -0.9748387
vn 0.0418998 0.2237283 -0.9737505
vn 0.0368400 0.2290478 -0.9727178
vn 0.0318504 0.2338447 -0.9717521
vn 0.0269601 0.2381081 -0.9708644
vn 0.0222013 0.2418302 -0.9700646
vn 0.0176103 0.2450066 -0.9693615
vn 0.0132310 0.2476399 -0.9687618
vn 0.0091186 0.2497475 -0.9682680
vn 0.0053487 0.2514021 -0.9678680
vn 0.0019165 0.2535033 -0.9673326
vn -0.0000561 0.2518491 -0.9677665
vn -0.0020812 0.2497041 -0.9683200
vn -0.0055612 0.2500455 -0.9682181
vn -0.0093573 0.2488171 -0.9685053
vn -0.0134890 0.2468947 -0.9689484
vn -0.0178837 0.2443580 -0.9695202
vn -0.0224871 0.2412354 -0.9702061
vn -0.0272561 0.2375435 -0.9709944
vn -0.0321547 0.2332956 -0.9718741
vn -0.0371510 0.2285049 -0.9728336
vn -0.0422161 0.2231855 -0.9738614
vn -0.0473232 0.2173528 -0.9749453
vn -0.0524471 0.2110239 -0.9760728
vn -0.0575634 0.2042180 -0.9772315
vn -0.0626489 0.1969563 -0.9784086
vn -0.0676810 0.1892622 -0.9795913
vn -0.0726376 0.1811614 -0.9807672
vn -0.0774975 0.1726820 -0.9819242
vn -0.0822400 0.1638545 -0.9830505
vn -0.0868450 0.1547118 -0.9841353
vn -0.0912932 0.1452894 -0.9851683
vn -0.0955660 0.1356251 -0.9861404
vn -0.0996458 0.1257595 -0.9870437
vn -0.1035156 0.1157356 -0.9878713
vn -0.1071599 0.1055992 -0.9886180
vn -0.1105639 0.0953986 -0.9892799
vn -0.1137142 0.0851856 -0.9898548
vn -0.1165989 0.0750149 -0.9903421
vn -0.1192073 0.0649457 -0.9907430
vn -0.1215306 0.0550419 -0.9910604
vn -0.1235619 0.0453745 -0.9912990
vn -0.1252967 0.0360238 -0.9914651
vn -0.1267347 0.0270849 -0.9915668
vn -0.1278845 0.0186768 -0.9916132
vn -0.1287848 0.0109598 -0.9916120
vn -0.1299205 0.0039288 -0.9915166
vn -0.1588008 -0.0001197 -0.9873106
vn -0.1575280 -0.0052131 -0.9875008
vn -0.1576537 -0.0139778 -0.9873955
vn -0.1568106 -0.0235353 -0.9873482
vn -0.1555069 -0.0339262 -0.9872521
vn -0.1537890 -0.0449587 -0.9870804
vn -0.1516747 -0.0564879 -0.9868150
vn -0.1491756 -0.0683966 -0.9864424
vn -0.1463030 -0.0805850 -0.9859521
vn -0.1430688 -0.0929649 -0.9853369
vn -0.1394864 -0.1054559 -0.9845926
vn -0.1355707 -0.1179842 -0.9837176
vn -0.1313383 -0.1304808 -0.9827131
vn -0.1268072 -0.1428812 -0.9815828
vn -0.1219971 -0.1551250 -0.9803331
vn -0.1169290 -0.1671555 -0.9789722
vn -0.1116250 -0.1789196 -0.9775109
vn -0.1061085 -0.1903682 -0.9759616
vn -0.1004036 -0.2014552 -0.9743382
vn -0.0945355 -0.2121387 -0.9726563
vn -0.0885299 -0.2223799 -0.9709324
vn -0.0824134 -0.2321436 -0.9691839
vn -0.0762127 -0.2413980 -0.9674289
vn -0.0699556 -0.2501148 -0.9656857
vn -0.0636701 -0.2582687 -0.9639727
vn -0.0573849 -0.2658375 -0.9623084
vn -0.0511297 -0.2728022 -0.9607105
vn -0.0449352 -0.2791464 -0.9591966
vn -0.0388340 -0.2848569 -0.9577831
vn -0.0328607 -0.2899231 -0.9564856
vn -0.0270537 -0.2943380 -0.9553184
vn -0.0214564 -0.2980984 -0.9542940
vn -0.0161209 -0.3012084 -0.9534221
vn -0.0111135 -0.3036878 -0.9527068
vn -0.0065246 -0.3056144 -0.9521330
vn -0.0023459 -0.3079401 -0.9514028
vn 0.0000577 -0.3062292 -0.9519578
vn 0.0025146 -0.3039482 -0.9526852
vn 0.0067425 -0.3041919 -0.9525869
vn 0.0113584 -0.3027151 -0.9530134
vn 0.0163859 -0.3004320 -0.9536625
vn 0.0217373 -0.2974252 -0.9544976
vn 0.0273476 -0.2937228 -0.9554994
vn 0.0331655 -0.2893409 -0.9566514
vn 0.0391477 -0.2842921 -0.9579381
vn 0.0452562 -0.2785892 -0.9593435
vn 0.0514565 -0.2722459 -0.9608509
vn 0.0577163 -0.2652776 -0.9624431
vn 0.0640049 -0.2577019 -0.9641022
vn 0.0702927 -0.2495392 -0.9658101
vn 0.0765510 -0.2408123 -0.9675481
vn 0.0827518 -0.2315470 -0.9692978
vn 0.0888677 -0.2217723 -0.9710405
vn 0.0948717 -0.2115204 -0.9727582
vn 0.1007375 -0.2008268 -0.9744335
vn 0.1064394 -0.1897306 -0.9760497
vn 0.1119525 -0.1782742 -0.9775914
vn 0.1172527 -0.1665037 -0.9790446
vn 0.1223169 -0.1544687 -0.9803969
vn 0.1271232 -0.1422224 -0.9816377
vn 0.1316509 -0.1298217 -0.9827585
vn 0.1358808 -0.1173274 -0.9837534
vn 0.1397955 -0.1048041 -0.9846184
vn 0.1433791 -0.0923211 -0.9853523
vn 0.1466180 -0.0799527 -0.9859568
vn 0.1495007 -0.0677794 -0.9864358
vn 0.1520182 -0.0558902 -0.9867962
vn 0.1541650 -0.0443857 -0.9870477
vn 0.1559402 -0.0333842 -0.9872022
vn 0.1573532 -0.0230334 -0.9872737
vn 0.1584471 -0.0135308 -0.9872748
vn 0.1597544 -0.0048681 -0.9871448
vn 0.1588008 0.0001197 -0.9873106
vn 0.1575280 0.0052131 -0.9875008
vn 0.1576537 0.0139778 -0.9873955
vn 0.1568106 0.0235353 -0.9873482
vn 0.1555069 0.0339262 -0.9872521
vn 0.1537890 0.0449587 -0.9870804
vn 0.1516747 0.0564879 -0.9868150
vn 0.1491756 0.0683966 -0.9864424
vn 0.1463030 0.0805850 -0.9859521
vn 0.1430688 0.0929649 -0.9853369
vn 0.1394864 0.1054559 -0.9845926
vn 0.1355707 0.1179842 -0.9837176
vn 0.1313383 0.1304808 -0.9827131
vn 0.1268072 0.1428812 -0.9815828
vn 0.1219971 0.1551250 -0.9803331
vn 0.1169290 0.1671555 -0.9789722
vn 0.1116250 0.1789196 -0.9775109
vn 0.1061085 0.1903682 -0.9759616
vn 0.1004036 0.2014552 -0.9743382
vn 0.0945355 0.2121387 -0.9726563
vn 0.0885299 0.2223799 -0.9709324
vn 0.0824134 0.2321436 -0.9691839
vn 0.0762127 0.2413980 -0.9674289
vn 0.0699556 0.2501148 -0.9656857
vn 0.0636701 0.2582687 -0.9639727
vn 0.0573849 0.2658375 -0.9623084
vn 0.0511297 0.2728022 -0.9607105
vn 0.0449352 0.2791464 -0.9591966
vn 0.0388340 0.2848569 -0.9577831
vn 0.0328607 0.2899231 -0.9564856
vn 0.0270537 0.2943380 -0.9553184
vn 0.0214564 0.2980984 -0.9542940
vn 0.0161209 0.3012084 -0.9534221
vn 0.0111135 0.3036878 -0.9527068
vn 0.0065246 0.3056144 -0.9521330
vn 0.0023459 0.3079401 -0.9514028
vn -0.0000577 0.3062292 -0.9519578
vn -0.0025146 0.3039482 -0.9526852
vn -0.0067425 0.3041919 -0.9525869
vn -0.0113584 0.3027151 -0.9530134
vn -0.0163859 0.3004320 -0.9536625
vn -0.0217373 0.2974252 -0.9544976
vn -0.0273476 0.2937228 -0.9554994
vn -0.0331655 0.2893409 -0.9566514
vn -0.0391477 0.2842921 -0.9579381
vn -0.0452562 0.2785892 -0.9593435
vn -0.0514565 0.2722459 -0.9608509
vn -0.0577163 0.2652776 -0.9624431
vn -0.0640049 0.2577019 -0.9641022
vn -0.0702927 0.2495392 -0.9658101
vn -0.0765510 0.2408123 -0.9675481
vn -0.0827518 0.2315470 -0.9692978
vn -0.0888677 0.2217723 -0.9710405
vn -0.0948717 0.2115204 -0.9727582
vn -0.1007375 0.2008268 -0.9744335
vn -0.1064394 0.1897306 -0.9760497
vn -0.1119525 0.1782742 -0.9775914
vn -0.1172527 0.1665037 -0.9790446
vn -0.1223169 0.1544687 -0.9803969
vn -0.1271232 0.1422224 -0.9816377
vn -0.1316509 0.1298217 -0.9827585
vn -0.1358808 0.1173274 -0.9837534
vn -0.1397955 0.1048041 -0.9846184
vn -0.1433791 0.0923211 -0.9853523
vn -0.1466180 0.0799527 -0.9859568
vn -0.1495007 0.0677794 -0.9864358
vn -0.1520182 0.0558902 -0.9867962
vn -0.1541650 0.0443857 -0.9870477
vn -0.1559402 0.0333842 -0.9872022
vn -0.1573532 0.0230334 -0.9872737
vn -0.1584471 0.0135308 -0.9872748
vn -0.1597544 0.0048681 -0.9871448
vn -0.1912521 -0.0001242 -0.9815409
vn -0.1898476 -0.0062473 -0.9817937
vn -0.1899187 -0.0167951 -0.9816562
vn -0.1888875 -0.0283008 -0.9815908
vn -0.1873045 -0.0408100 -0.9814538
vn -0.1852191 -0.0540898 -0.9812075
vn -0.1826500 -0.0679632 -0.9808262
vn -0.1796103 -0.0822867 -0.9802903
vn -0.1761130 -0.0969373 -0.9795853
vn -0.1721727 -0.1118056 -0.9787012
vn -0.1678060 -0.1267924 -0.9776323
vn -0.1630320 -0.1418057 -0.9763768
vn -0.1578719 -0.1567602 -0.9749373
vn -0.1523492 -0.1715762 -0.9733197
vn -0.1464894 -0.1861795 -0.9715339
vn -0.1403197 -0.2005007 -0.9695926
vn -0.1338688 -0.2144759 -0.9675119
vn -0.1271667 -0.2280461 -0.9653101
vn -0.1202446 -0.2411574 -0.9630080
vn -0.1131344 -0.2537607 -0.9606280
vn -0.1058686 -0.2658121 -0.9581940
vn -0.0984802 -0.2772724 -0.9557310
vn -0.0910028 -0.2881069 -0.9532643
vn -0.0834699 -0.2982855 -0.9508199
vn -0.0759157 -0.3077823 -0.9484233
vn -0.0683748 -0.3165754 -0.9460999
vn -0.0608821 -0.3246464 -0.9438740
vn -0.0534741 -0.3319808 -0.9417692
vn -0.0461885 -0.3385672 -0.9398079
vn -0.0390656 -0.3443973 -0.9380109
vn -0.0321496 -0.3494667 -0.9363970
vn -0.0254910 -0.3537751 -0.9349831
vn -0.0191498 -0.3573295 -0.9337821
vn -0.0132029 -0.3601532 -0.9327997
vn -0.0077558 -0.3623301 -0.9320176
vn -0.0027958 -0.3648587 -0.9310587
vn 0.0000589 -0.3631008 -0.9317499
vn 0.0029674 -0.3607001 -0.9326771
vn 0.0079778 -0.3608516 -0.9325891
vn 0.0134526 -0.3591454 -0.9331847
vn 0.0194201 -0.3565281 -0.9340828
vn 0.0257778 -0.3530828 -0.9352369
vn 0.0324501 -0.3488365 -0.9366216
vn 0.0393775 -0.3438028 -0.9382159
vn 0.0465099 -0.3379921 -0.9399990
vn 0.0538036 -0.3314147 -0.9419498
vn 0.0612182 -0.3240821 -0.9440461
vn 0.0687162 -0.3160079 -0.9462648
vn 0.0762613 -0.3072083 -0.9485817
vn 0.0838184 -0.2977025 -0.9509720
vn 0.0913532 -0.2875134 -0.9534100
vn 0.0988315 -0.2766675 -0.9558700
vn 0.1062198 -0.2651956 -0.9583260
vn 0.1134847 -0.2531326 -0.9607524
vn 0.1205932 -0.2405183 -0.9631242
vn 0.1275130 -0.2273969 -0.9654176
vn 0.1342121 -0.2138178 -0.9676100
vn 0.1406597 -0.1998353 -0.9696807
vn 0.1468260 -0.1855085 -0.9716114
vn 0.1526824 -0.1709019 -0.9733862
vn 0.1582022 -0.1560848 -0.9749921
vn 0.1633603 -0.1411319 -0.9764196
vn 0.1681340 -0.1261232 -0.9776625
vn 0.1725029 -0.1111442 -0.9787184
vn 0.1764492 -0.0962871 -0.9795889
vn 0.1799583 -0.0816519 -0.9802795
vn 0.1830190 -0.0673483 -0.9807998
vn 0.1856243 -0.0535000 -0.9811633
vn 0.1877733 -0.0402522 -0.9813873
vn 0.1894766 -0.0277842 -0.9814920
vn 0.1907827 -0.0163351 -0.9814964
vn 0.1922780 -0.0058934 -0.9813228
vn 0.1912521 0.0001242 -0.9815409
vn 0.1898476 0.0062473 -0.9817937
vn 0.1899187 0.0167951 -0.9816562
vn 0.1888875 0.0283008 -0.9815908
vn 0.1873045 0.0408100 -0.9814538
vn 0.1852191 0.0540898 -0.9812075
vn 0.1826500 0.0679632 -0.9808262
vn 0.1796103 0.0822867 -0.9802903
vn 0.1761130 0.0969373 -0.9795853
vn 0.1721727 0.1118056 -0.9787012
vn 0.1678060 0.1267924 -0.9776323
vn 0.1630320 0.1418057 -0.9763768
vn 0.1578719 0.1567602 -0.9749373
vn 0.1523492 0.1715762 -0.9733197
vn 0.1464894 0.1861795 -0.9715339
vn 0.1403197 0.2005007 -0.9695926
vn 0.1338688 0.2144759 -0.9675119
vn 0.1271667 0.2280461 -0.9653101
vn 0.1202446 0.2411574 -0.9630080
vn 0.1131344 0.2537607 -0.9606280
vn 0.1058686 0.2658121 -0.9581940
vn 0.0984802 0.2772724 -0.9557310
vn 0.0910028 0.2881069 -0.9532643
vn 0.0834699 0.2982855 -0.9508199
vn 0.0759157 0.3077823 -0.9484233
vn 0.0683748 0.3165754 -0.9460999
vn 0.0608821 0.3246464 -0.9438740
vn 0.0534741 0.3319808 -0.9417692
vn 0.0461885 0.3385672 -0.9398079
vn 0.0390656 0.3443973 -0.9380109
vn 0.0321496 0.3494667 -0.9363970
vn 0.0254910 0.3537751 -0.9349831
vn 0.0191498 0.3573295 -0.9337821
vn 0.0132029 0.3601532 -0.9327997
vn 0.0077558 0.3623301 -0.9320176
vn 0.0027958 0.3648587 -0.9310587
vn -0.0000589 0.3631008 -0.9317499
vn -0.0029674 0.3607001 -0.9326771
vn -0.0079778 0.3608516 -0.9325891
vn -0.0134526 0.3591454 -0.9331847
vn -0.0194201 0.3565281 -0.9340828
vn -0.0257778 0.3530828 -0.9352369
vn -0.0324501 0.3488365 -0.9366216
vn -0.0393775 0.3438028 -0.9382159
vn -0.0465099 0.3379921 -0.9399990
vn -0.0538036 0.3314147 -0.9419498
vn -0.0612182 0.3240821 -0.9440461
vn -0.0687162 0.3160079 -0.9462648
vn -0.0762613 0.3072083 -0.9485817
vn -0.0838184 0.2977025 -0.9509720
vn -0.0913532 0.2875134 -0.9534100
vn -0.0988315 0.2766675 -0.9558700
vn -0.1062198 0.2651956 -0.9583260
vn -0.1134847 0.2531326 -0.9607524
vn -0.1205932 0.2405183 -0.9631242
vn -0.1275130 0.2273969 -0.9654176
vn -0.1342121 0.2138178 -0.9676100
vn -0.1406597 0.1998353 -0.9696807
vn -0.1468260 0.1855085 -0.9716114
vn -0.1526824 0.1709019 -0.9733862
vn -0.1582022 0.1560848 -0.9749921
vn -0.1633603 0.1411319 -0.9764196
vn -0.1681340 0.1261232 -0.9776625
vn -0.1725029 0.1111442 -0.9787184
vn -0.1764492 0.0962871 -0.9795889
vn -0.1799583 0.0816519 -0.9802795
vn -0.1830190 0.0673483 -0.9807998
vn -0.1856243 0.0535000 -0.9811633
vn -0.1877733 0.0402522 -0.9813873
vn -0.1894766 0.0277842 -0.9814920
vn -0.1907827 0.0163351 -0.9814964
vn -0.1922780 0.0058934 -0.9813228
vn -0.2267253 -0.0001285 -0.9739587
vn -0.2251737 -0.0073767 -0.9742907
vn -0.2251883 -0.0198734 -0.9741126
vn -0.2239507 -0.0335085 -0.9740243
vn -0.2220581 -0.0483322 -0.9738348
vn -0.2195624 -0.0640656 -0.9734927
vn -0.2164828 -0.0804954 -0.9729623
vn -0.2128335 -0.0974476 -0.9722170
vn -0.2086296 -0.1147721 -0.9712369
vn -0.2038887 -0.1323353 -0.9700087
vn -0.1986317 -0.1500148 -0.9685252
vn -0.1928830 -0.1676978 -0.9667852
vn -0.1866698 -0.1852797 -0.9647931
vn -0.1800227 -0.2026631 -0.9625588
vn -0.1729747 -0.2197579 -0.9600970
vn -0.1655611 -0.2364811 -0.9574269
vn -0.1578191 -0.2527567 -0.9545717
vn -0.1497873 -0.2685158 -0.9515582
vn -0.1415054 -0.2836967 -0.9484157
vn -0.1330138 -0.2982444 -0.9451760
vn -0.1243532 -0.3121108 -0.9418722
vn -0.1155645 -0.3252543 -0.9385385
vn -0.1066886 -0.3376397 -0.9352096
vn -0.0977660 -0.3492373 -0.9319201
vn -0.0888374 -0.3600230 -0.9287041
vn -0.0799433 -0.3699778 -0.9255947
vn -0.0711244 -0.3790868 -0.9226237
vn -0.0624223 -0.3873396 -0.9198215
vn -0.0538800 -0.3947292 -0.9172163
vn -0.0455429 -0.4012523 -0.9148346
vn -0.0374607 -0.4069092 -0.9127002
vn -0.0296900 -0.4117045 -0.9108336
vn -0.0222985 -0.4156499 -0.9092513
vn -0.0153731 -0.4187737 -0.9079605
vn -0.0090339 -0.4211665 -0.9069383
vn -0.0032629 -0.4238661 -0.9057190
vn 0.0000598 -0.4220724 -0.9065621
vn 0.0034363 -0.4195740 -0.9077146
vn 0.0092587 -0.4196441 -0.9076415
vn 0.0156260 -0.4177393 -0.9084325
vn 0.0225725 -0.4148306 -0.9096186
vn 0.0299812 -0.4109997 -0.9111424
vn 0.0377661 -0.4062701 -0.9129722
vn 0.0458604 -0.4006515 -0.9150821
vn 0.0542078 -0.3941498 -0.9174462
vn 0.0627590 -0.3867704 -0.9200380
vn 0.0714685 -0.3785204 -0.9228297
vn 0.0802936 -0.3694087 -0.9257916
vn 0.0891927 -0.3594475 -0.9288930
vn 0.0981252 -0.3486527 -0.9321012
vn 0.1070506 -0.3370442 -0.9353830
vn 0.1159283 -0.3246469 -0.9387039
vn 0.1247178 -0.3114908 -0.9420292
vn 0.1333783 -0.2976118 -0.9453240
vn 0.1418690 -0.2830520 -0.9485540
vn 0.1501493 -0.2678598 -0.9516860
vn 0.1581788 -0.2520906 -0.9546883
vn 0.1659182 -0.2358063 -0.9575315
vn 0.1733290 -0.2190764 -0.9601888
vn 0.1803743 -0.2019770 -0.9626372
vn 0.1870191 -0.1845915 -0.9648574
vn 0.1932311 -0.1670103 -0.9668347
vn 0.1989804 -0.1493311 -0.9685593
vn 0.2042406 -0.1316588 -0.9700267
vn 0.2089889 -0.1141067 -0.9712380
vn 0.2132066 -0.0967974 -0.9722002
vn 0.2168798 -0.0798652 -0.9729258
vn 0.2200001 -0.0634610 -0.9734334
vn 0.2225665 -0.0477603 -0.9737469
vn 0.2245921 -0.0329789 -0.9738946
vn 0.2261320 -0.0194020 -0.9739034
vn 0.2278343 -0.0070153 -0.9736746
vn 0.2267253 0.0001285 -0.9739587
vn 0.2251737 0.0073767 -0.9742907
vn 0.2251883 0.0198734 -0.9741126
vn 0.2239507 0.0335085 -0.9740243
vn 0.2220581 0.0483322 -0.9738348
vn 0.2195624 0.0640656 -0.9734927
vn 0.2164828 0.0804954 -0.9729623
vn 0.2128335 0.0974476 -0.9722170
vn 0.2086296 0.1147721 -0.9712369
vn 0.2038887 0.1323353 -0.9700087
vn 0.1986317 0.1500148 -0.9685252
vn 0.1928830 0.1676978 -0.9667852
vn 0.1866698 0.1852797 -0.9647931
vn 0.1800227 0.2026631 -0.9625588
vn 0.1729747 0.2197579 -0.9600970
vn 0.1655611 0.2364811 -0.9574269
vn 0.1578191 0.2527567 -0.9545717
vn 0.1497873 0.2685158 -0.9515582
vn 0.1415054 0.2836967 -0.9484157
vn 0.1330138 0.2982444 -0.9451760
vn 0.1243532 0.3121108 -0.9418722
vn 0.1155645 0.3252543 -0.9385385
vn 0.1066886 0.3376397 -0.9352096
vn 0.0977660 0.3492373 -0.9319201
vn 0.0888374 0.3600230 -0.9287041
vn 0.0799433 0.3699778 -0.9255947
vn 0.0711244 0.3790868 -0.9226237
vn 0.0624223 0.3873396 -0.9198215
vn 0.0538800 0.3947292 -0.9172163
vn 0.0455429 0.4012523 -0.9148346
vn 0.0374607 0.4069092 -0.9127002
vn 0.0296900 0.4117045 -0.9108336
vn 0.0222985 0.4156499 -0.9092513
vn 0.0153731 0.4187737 -0.9079605
vn 0.0090339 0.4211665 -0.9069383
vn 0.0032629 0.4238661 -0.9057190
vn -0.0000598 0.4220724 -0.9065621
vn -0.0034363 0.4195740 -0.9077146
vn -0.0092587 0.4196441 -0.9076415
vn -0.0156260 0.4177393 -0.9084325
vn -0.0225725 0.4148306 -0.9096186
vn -0.0299812 0.4109997 -0.9111424
vn -0.0377661 0.4062701 -0.9129722
vn -0.0458604 0.4006515 -0.9150821
vn -0.0542078 0.3941498 -0.9174462
vn -0.0627590 0.3867704 -0.9200380
vn -0.0714685 0.3785204 -0.9228297
vn -0.0802936 0.3694087 -0.9257916
vn -0.0891927 0.3594475 -0.9288930
vn -0.0981252 0.3486527 -0.9321012
vn -0.1070506 0.3370442 -0.9353830
vn -0.1159283 0.3246469 -0.9387039
vn -0.1247178 0.3114908 -0.9420292
vn -0.1333783 0.2976118 -0.9453240
vn -0.1418690 0.2830520 -0.9485540
vn -0.1501493 0.2678598 -0.9516860
vn -0.1581788 0.2520906 -0.9546883
vn -0.1659182 0.2358063 -0.9575315
vn -0.1733290 0.2190764 -0.9601888
vn -0.1803743 0.2019770 -0.9626372
vn -0.1870191 0.1845915 -0.9648574
vn -0.1932311 0.1670103 -0.9668347
vn -0.1989804 0.1493311 -0.9685593
vn -0.2042406 0.1316588 -0.9700267
vn -0.2089889 0.1141067 -0.9712380
vn -0.2132066 0.0967974 -0.9722002
vn -0.2168798 0.0798652 -0.9729258
vn -0.2200001 0.0634610 -0.9734334
vn -0.2225665 0.0477603 -0.9737469
vn -0.2245921 0.0329789 -0.9738946
vn -0.2261320 0.0194020 -0.9739034
vn -0.2278343 0.0070153 -0.9736746
vn -0.2656286 -0.0001326 -0.9640754
vn -0.2639123 -0.0086144 -0.9645082
vn -0.2638690 -0.0232484 -0.9642783
vn -0.2624037 -0.0392184 -0.9641609
vn -0.2601653 -0.0565789 -0.9639050
vn -0.2572072 -0.0749989 -0.9634415
vn -0.2535486 -0.0942236 -0.9627227
vn -0.2492044 -0.1140432 -0.9617127
vn -0.2441920 -0.1342759 -0.9603855
vn -0.2385328 -0.1547584 -0.9587241
vn -0.2322533 -0.1753414 -0.9567203
vn -0.2253846 -0.1958870 -0.9543742
vn -0.2179623 -0.2162675 -0.9516937
vn -0.2100262 -0.2363651 -0.9486941
vn -0.2016195 -0.2560719 -0.9453977
vn -0.1927882 -0.2752895 -0.9418325
vn -0.1835805 -0.2939294 -0.9380318
vn -0.1740461 -0.3119133 -0.9340332
vn -0.1642355 -0.3291724 -0.9298775
vn -0.1541996 -0.3456476 -0.9256080
vn -0.1439891 -0.3612888 -0.9212695
vn -0.1336541 -0.3760551 -0.9169074
vn -0.1232438 -0.3899131 -0.9125671
vn -0.1128067 -0.4028374 -0.9082933
vn -0.1023901 -0.4148091 -0.9041292
vn -0.0920407 -0.4258151 -0.9001166
vn -0.0818047 -0.4358479 -0.8962949
vn -0.0717284 -0.4449043 -0.8927011
vn -0.0618595 -0.4529849 -0.8893695
vn -0.0522478 -0.4600942 -0.8863315
vn -0.0429475 -0.4662397 -0.8836153
vn -0.0340205 -0.4714331 -0.8812454
vn -0.0255412 -0.4756931 -0.8792404
vn -0.0176057 -0.4790546 -0.8776085
vn -0.0103480 -0.4816152 -0.8763217
vn -0.0037431 -0.4844428 -0.8748149
vn 0.0000602 -0.4826271 -0.8758259
vn 0.0039174 -0.4800601 -0.8772269
vn 0.0105741 -0.4800644 -0.8771695
vn 0.0178604 -0.4780044 -0.8781758
vn 0.0258176 -0.4748647 -0.8796800
vn 0.0343145 -0.4707235 -0.8816132
vn 0.0432564 -0.4655988 -0.8839381
vn 0.0525694 -0.4594939 -0.8866238
vn 0.0621923 -0.4524078 -0.8896400
vn 0.0720710 -0.4443387 -0.8929552
vn 0.0821556 -0.4352859 -0.8965359
vn 0.0923989 -0.4252509 -0.9003467
vn 0.1027544 -0.4142386 -0.9043495
vn 0.1131760 -0.4022576 -0.9085043
vn 0.1236170 -0.3893220 -0.9127690
vn 0.1340302 -0.3754512 -0.9170999
vn 0.1443671 -0.3606715 -0.9214522
vn 0.1545787 -0.3450165 -0.9257803
vn 0.1646147 -0.3285278 -0.9300384
vn 0.1744246 -0.3112558 -0.9341819
vn 0.1839578 -0.2932602 -0.9381674
vn 0.1931637 -0.2746100 -0.9419539
vn 0.2019930 -0.2553840 -0.9455040
vn 0.2103978 -0.2356712 -0.9487844
vn 0.2183325 -0.2155700 -0.9517670
vn 0.2257544 -0.1951889 -0.9544298
vn 0.2326247 -0.1746461 -0.9567573
vn 0.2389087 -0.1540696 -0.9587415
vn 0.2445770 -0.1335975 -0.9603821
vn 0.2496056 -0.1133797 -0.9616871
vn 0.2539771 -0.0935801 -0.9626725
vn 0.2576814 -0.0743814 -0.9633627
vn 0.2607183 -0.0559946 -0.9637897
vn 0.2631040 -0.0386773 -0.9639919
vn 0.2649028 -0.0227668 -0.9640063
vn 0.2668342 -0.0082468 -0.9637072
vn 0.2656286 0.0001326 -0.9640754
vn 0.2639123 0.0086144 -0.9645082
vn 0.2638690 0.0232484 -0.9642783
vn 0.2624037 0.0392184 -0.9641609
vn 0.2601653 0.0565789 -0.9639050
vn 0.2572072 0.0749989 -0.9634415
vn 0.2535486 0.0942236 -0.9627227
vn 0.2492044 0.1140432 -0.9617127
vn 0.2441920 0.1342759 -0.9603855
vn 0.2385328 0.1547584 -0.9587241
vn 0.2322533 0.1753414 -0.9567203
vn 0.2253846 0.1958870 -0.9543742
vn 0.2179623 0.2162675 -0.9516937
vn 0.2100262 0.2363651 -0.9486941
vn 0.2016195 0.2560719 -0.9453977
vn 0.1927882 0.2752895 -0.9418325
vn 0.1835805 0.2939294 -0.9380318
vn 0.1740461 0.3119133 -0.9340332
vn 0.1642355 0.3291724 -0.9298775
vn 0.1541996 0.3456476 -0.9256080
vn 0.1439891 0.3612888 -0.9212695
vn 0.1336541 0.3760551 -0.9169074
vn 0.1232438 0.3899131 -0.9125671
vn 0.1128067 0.4028374 -0.9082933
vn 0.1023901 0.4148091 -0.9041292
vn 0.0920407 0.4258151 -0.9001166
vn 0.0818047 0.4358479 -0.8962949
vn 0.0717284 0.4449043 -0.8927011
vn 0.0618595 0.4529849 -0.8893695
vn 0.0522478 0.4600942 -0.8863315
vn 0.0429475 0.4662397 -0.8836153
vn 0.0340205 0.4714331 -0.8812454
vn 0.0255412 0.4756931 -0.8792404
vn 0.0176057 0.4790546 -0.8776085
vn 0.0103480 0.4816152 -0.8763217
vn 0.0037431 0.4844428 -0.8748149
vn -0.0000602 0.4826271 -0.8758259
vn -0.0039174 0.4800601 -0.8772269
vn -0.0105741 0.4800644 -0.8771695
vn -0.0178604 0.4780044 -0.8781758
vn -0.0258176 0.4748647 -0.8796800
vn -0.0343145 0.4707235 -0.8816132
vn -0.0432564 0.4655988 -0.8839381
vn -0.0525694 0.4594939 -0.8866238
vn -0.0621923 0.4524078 -0.8896400
vn -0.0720710 0.4443387 -0.8929552
vn -0.0821556 0.4352859 -0.8965359
vn -0.0923989 0.4252509 -0.9003467
vn -0.1027544 0.4142386 -0.9043495
vn -0.1131760 0.4022576 -0.9085043
vn -0.1236170 0.3893220 -0.9127690
vn -0.1340302 0.3754512 -0.9170999
vn -0.1443671 0.3606715 -0.9214522
vn -0.1545787 0.3450165 -0.9257803
vn -0.1646147 0.3285278 -0.9300384
vn -0.1744246 0.3112558 -0.9341819
vn -0.1839578 0.2932602 -0.9381674
vn -0.1931637 0.2746100 -0.9419539
vn -0.2019930 0.2553840 -0.9455040
vn -0.2103978 0.2356712 -0.9487844
vn -0.2183325 0.2155700 -0.9517670
vn -0.2257544 0.1951889 -0.9544298
vn -0.2326247 0.1746461 -0.9567573
vn -0.2389087 0.1540696 -0.9587415
vn -0.2445770 0.1335975 -0.9603821
vn -0.2496056 0.1133797 -0.9616871
vn -0.2539771 0.0935801 -0.9626725
vn -0.2576814 0.0743814 -0.9633627
vn -0.2607183 0.0559946 -0.9637897
vn -0.2631040 0.0386773 -0.9639919
vn -0.2649028 0.0227668 -0.9640063
vn -0.2668342 0.0082468 -0.9637072
vn -0.3084303 -0.0001368 -0.9512469
vn -0.3065295 -0.0099752 -0.9518089
vn -0.3064270 -0.0269608 -0.9515123
vn -0.3047090 -0.0454993 -0.9513581
vn -0.3020812 -0.0656487 -0.9510190
vn -0.2985970 -0.0870186 -0.9504039
vn -0.2942742 -0.1093058 -0.9494498
vn -0.2891283 -0.1322585 -0.9481100
vn -0.2831792 -0.1556563 -0.9463512
vn -0.2764534 -0.1793005 -0.9441530
vn -0.2689846 -0.2030087 -0.9415066
vn -0.2608135 -0.2266130 -0.9384151
vn -0.2519868 -0.2499585 -0.9348922
vn -0.2425570 -0.2729036 -0.9309617
vn -0.2325811 -0.2953203 -0.9266563
vn -0.2221193 -0.3170940 -0.9220165
vn -0.2112344 -0.3381239 -0.9170890
vn -0.1999904 -0.3583231 -0.9119257
vn -0.1884517 -0.3776181 -0.9065818
vn -0.1766821 -0.3959485 -0.9011150
vn -0.1647442 -0.4132662 -0.8955838
vn -0.1526990 -0.4295344 -0.8900468
vn -0.1406051 -0.4447267 -0.8845611
vn -0.1285191 -0.4588259 -0.8791824
vn -0.1164954 -0.4718227 -0.8739635
vn -0.1045864 -0.4837150 -0.8689542
vn -0.0928433 -0.4945061 -0.8642013
vn -0.0813164 -0.5042040 -0.8597476
vn -0.0700567 -0.5128207 -0.8556325
vn -0.0591174 -0.5203711 -0.8518915
vn -0.0485560 -0.5268731 -0.8485558
vn -0.0384382 -0.5323481 -0.8456524
vn -0.0288437 -0.5368232 -0.8432016
vn -0.0198766 -0.5403415 -0.8412110
vn -0.0116834 -0.5430085 -0.8396459
vn -0.0042310 -0.5459089 -0.8378339
vn 0.0000603 -0.5440890 -0.8390275
vn 0.0044054 -0.5414907 -0.8406952
vn 0.0119098 -0.5414489 -0.8406493
vn 0.0201317 -0.5392890 -0.8418801
vn 0.0291208 -0.5359963 -0.8437180
vn 0.0387335 -0.5316428 -0.8460826
vn 0.0488668 -0.5262388 -0.8489315
vn 0.0594418 -0.5197791 -0.8522302
vn 0.0703931 -0.5122532 -0.8559448
vn 0.0816634 -0.5036492 -0.8600399
vn 0.0931998 -0.4939555 -0.8644777
vn 0.1049514 -0.4831627 -0.8692175
vn 0.1168677 -0.4712643 -0.8742150
vn 0.1288978 -0.4582579 -0.8794232
vn 0.1409891 -0.4441468 -0.8847913
vn 0.1530873 -0.4289409 -0.8902662
vn 0.1651359 -0.4126580 -0.8957921
vn 0.1770762 -0.3953252 -0.9013113
vn 0.1888472 -0.3769796 -0.9067652
vn 0.2003866 -0.3576699 -0.9120951
vn 0.2116305 -0.3374570 -0.9172433
vn 0.2225147 -0.3164149 -0.9221544
vn 0.2329756 -0.2946308 -0.9267767
vn 0.2429507 -0.2722061 -0.9310633
vn 0.2523801 -0.2492555 -0.9349738
vn 0.2612075 -0.2259078 -0.9384755
vn 0.2693814 -0.2023049 -0.9415447
vn 0.2768562 -0.1786019 -0.9441674
vn 0.2835931 -0.1549673 -0.9463404
vn 0.2895610 -0.1315838 -0.9480718
vn 0.2947381 -0.1086509 -0.9493811
vn 0.2991123 -0.0863896 -0.9502993
vn 0.3026845 -0.0650533 -0.9508681
vn 0.3054760 -0.0449479 -0.9511383
vn 0.3075628 -0.0264702 -0.9511595
vn 0.3097475 -0.0096027 -0.9507703
vn 0.3084303 0.0001368 -0.9512469
vn 0.3065295 0.0099752 -0.9518089
vn 0.3064270 0.0269608 -0.9515123
vn 0.3047090 0.0454993 -0.9513581
vn 0.3020812 0.0656487 -0.9510190
vn 0.2985970 0.0870186 -0.9504039
vn 0.2942742 0.1093058 -0.9494498
vn 0.2891283 0.1322585 -0.9481100
vn 0.2831792 0.1556563 -0.9463512
vn 0.2764534 0.1793005 -0.9441530
vn 0.2689846 0.2030087 -0.9415066
vn 0.2608135 0.2266130 -0.9384151
vn 0.2519868 0.2499585 -0.9348922
vn 0.2425570 0.2729036 -0.9309617
vn 0.2325811 0.2953203 -0.9266563
vn 0.2221193 0.3170940 -0.9220165
vn 0.2112344 0.3381239 -0.9170890
vn 0.1999904 0.3583231 -0.9119257
vn 0.1884517 0.3776181 -0.9065818
vn 0.1766821 0.3959485 -0.9011150
vn 0.1647442 0.4132662 -0.8955838
vn 0.1526990 0.4295344 -0.8900468
vn 0.1406051 0.4447267 -0.8845611
vn 0.1285191 0.4588259 -0.8791824
vn 0.1164954 0.4718227 -0.8739635
vn 0.1045864 0.4837150 -0.8689542
vn 0.0928433 0.4945061 -0.8642013
vn 0.0813164 0.5042040 -0.8597476
vn 0.0700567 0.5128207 -0.8556325
vn 0.0591174 0.5203711 -0.8518915
vn 0.0485560 0.5268731 -0.8485558
vn 0.0384382 0.5323481 -0.8456524
vn 0.0288437 0.5368232 -0.8432016
vn 0.0198766 0.5403415 -0.8412110
vn 0.0116834 0.5430085 -0.8396459
vn 0.0042310 0.5459089 -0.8378339
vn -0.0000603 0.5440890 -0.8390275
vn -0.0044054 0.5414907 -0.8406952
vn -0.0119098 0.5414489 -0.8406493
vn -0.0201317 0.5392890 -0.8418801
vn -0.0291208 0.5359963 -0.8437180
vn -0.0387335 0.5316428 -0.8460826
vn -0.0488668 0.5262388 -0.8489315
vn -0.0594418 0.5197791 -0.8522302
vn -0.0703931 0.5122532 -0.8559448
vn -0.0816634 0.5036492 -0.8600399
vn -0.0931998 0.4939555 -0.8644777
vn -0.1049514 0.4831627 -0.8692175
vn -0.1168677 0.4712643 -0.8742150
vn -0.1288978 0.4582579 -0.8794232
vn -0.1409891 0.4441468 -0.8847913
vn -0.1530873 0.4289409 -0.8902662
vn -0.1651359 0.4126580 -0.8957921
vn -0.1770762 0.3953252 -0.9013113
vn -0.1888472 0.3769796 -0.9067652
vn -0.2003866 0.3576699 -0.9120951
vn -0.2116305 0.3374570 -0.9172433
vn -0.2225147 0.3164149 -0.9221544
vn -0.2329756 0.2946308 -0.9267767
vn -0.2429507 0.2722061 -0.9310633
vn -0.2523801 0.2492555 -0.9349738
vn -0.2612075 0.2259078 -0.9384755
vn -0.2693814 0.2023049 -0.9415447
vn -0.2768562 0.1786019 -0.9441674
vn -0.2835931 0.1549673 -0.9463404
vn -0.2895610 0.1315838 -0.9480718
vn -0.2947381 0.1086509 -0.9493811
vn -0.2991123 0.0863896 -0.9502993
vn -0.3026845 0.0650533 -0.9508681
vn -0.3054760 0.0449479 -0.9511383
vn -0.3075628 0.0264702 -0.9511595
vn -0.3097475 0.0096027 -0.9507703
vn -0.3556401 -0.0001409 -0.9346230
vn -0.3535344 -0.0114755 -0.9353511
vn -0.3533708 -0.0310548 -0.9349677
vn -0.3513707 -0.0524259 -0.9347674
vn -0.3483005 -0.0756484 -0.9343255
vn -0.3442113 -0.1002639 -0.9335233
vn -0.3391179 -0.1259118 -0.9322796
vn -0.3330355 -0.1522898 -0.9305349
vn -0.3259874 -0.1791307 -0.9282480
vn -0.3180070 -0.2061922 -0.9253952
vn -0.3091380 -0.2332520 -0.9219692
vn -0.2994343 -0.2601054 -0.9179784
vn -0.2889585 -0.2865658 -0.9134457
vn -0.2777805 -0.3124643 -0.9084074
vn -0.2659759 -0.3376510 -0.9029112
vn -0.2536246 -0.3619948 -0.8970141
vn -0.2408083 -0.3853840 -0.8907809
vn -0.2276098 -0.4077261 -0.8842812
vn -0.2141106 -0.4289467 -0.8775884
vn -0.2003907 -0.4489890 -0.8707769
vn -0.1865265 -0.4678119 -0.8639212
vn -0.1725913 -0.4853891 -0.8570937
vn -0.1586539 -0.5017065 -0.8503643
vn -0.1447793 -0.5167613 -0.8437990
vn -0.1310283 -0.5305593 -0.8374595
vn -0.1174583 -0.5431141 -0.8314028
vn -0.1041242 -0.5544446 -0.8256811
vn -0.0910788 -0.5645745 -0.8203416
vn -0.0783749 -0.5735302 -0.8154266
vn -0.0660672 -0.5813406 -0.8109736
vn -0.0542147 -0.5880365 -0.8070154
vn -0.0428851 -0.5936506 -0.8035794
vn -0.0321617 -0.5982208 -0.8006856
vn -0.0221547 -0.6017993 -0.7983400
vn -0.0130219 -0.6044994 -0.7964992
vn -0.0047200 -0.6074065 -0.7943772
vn 0.0000600 -0.6056049 -0.7957655
vn 0.0048934 -0.6030208 -0.7977105
vn 0.0132471 -0.6029548 -0.7976654
vn 0.0224089 -0.6007604 -0.7991150
vn 0.0324382 -0.5974078 -0.8012812
vn 0.0431802 -0.5929601 -0.8040732
vn 0.0545259 -0.5874180 -0.8074447
vn 0.0663928 -0.5807656 -0.8113589
vn 0.0787135 -0.5729807 -0.8157802
vn 0.0914291 -0.5640383 -0.8206713
vn 0.1044852 -0.5539134 -0.8259920
vn 0.1178291 -0.5425813 -0.8316981
vn 0.1314079 -0.5300204 -0.8377412
vn 0.1451668 -0.5162125 -0.8440682
vn 0.1590484 -0.5011453 -0.8506215
vn 0.1729918 -0.4848133 -0.8573389
vn 0.1869321 -0.4672202 -0.8641537
vn 0.2008003 -0.4483805 -0.8709961
vn 0.2145234 -0.4283212 -0.8777931
vn 0.2280247 -0.4070838 -0.8844702
vn 0.2412247 -0.3847257 -0.8909527
vn 0.2540418 -0.3613217 -0.8971674
vn 0.2663936 -0.3369651 -0.9030443
vn 0.2781985 -0.3117679 -0.9085188
vn 0.2893775 -0.2858616 -0.9135337
vn 0.2998554 -0.2593968 -0.9180414
vn 0.3095633 -0.2325427 -0.9220057
vn 0.3184399 -0.2054866 -0.9254033
vn 0.3264336 -0.1784333 -0.9282255
vn 0.3335036 -0.1516058 -0.9304789
vn 0.3396213 -0.1252471 -0.9321859
vn 0.3447726 -0.0996250 -0.9333845
vn 0.3489602 -0.0750435 -0.9341281
vn 0.3522125 -0.0518656 -0.9344819
vn 0.3546212 -0.0305564 -0.9345106
vn 0.3570855 -0.0110992 -0.9340058
vn 0.3556401 0.0001409 -0.9346230
vn 0.3535344 0.0114755 -0.9353511
vn 0.3533708 0.0310548 -0.9349677
vn 0.3513707 0.0524259 -0.9347674
vn 0.3483005 0.0756484 -0.9343255
vn 0.3442113 0.1002639 -0.9335233
vn 0.3391179 0.1259118 -0.9322796
vn 0.3330355 0.1522898 -0.9305349
vn 0.3259874 0.1791307 -0.9282480
vn 0.3180070 0.2061922 -0.9253952
vn 0.3091380 0.2332520 -0.9219692
vn 0.2994343 0.2601054 -0.9179784
vn 0.2889585 0.2865658 -0.9134457
vn 0.2777805 0.3124643 -0.9084074
vn 0.2659759 0.3376510 -0.9029112
vn 0.2536246 0.3619948 -0.8970141
vn 0.2408083 0.3853840 -0.8907809
vn 0.2276098 0.4077261 -0.8842812
vn 0.2141106 0.4289467 -0.8775884
vn 0.2003907 0.4489890 -0.8707769
vn 0.1865265 0.4678119 -0.8639212
vn 0.1725913 0.4853891 -0.8570937
vn 0.1586539 0.5017065 -0.8503643
vn 0.1447793 0.5167613 -0.8437990
vn 0.1310283 0.5305593 -0.8374595
vn 0.1174583 0.5431141 -0.8314028
vn 0.1041242 0.5544446 -0.8256811
vn 0.0910788 0.5645745 -0.8203416
vn 0.0783749 0.5735302 -0.8154266
vn 0.0660672 0.5813406 -0.8109736
vn 0.0542147 0.5880365 -0.8070154
vn 0.0428851 0.5936506 -0.8035794
vn 0.0321617 0.5982208 -0.8006856
vn 0.0221547 0.6017993 -0.7983400
vn 0.0130219 0.6044994 -0.7964992
vn 0.0047200 0.6074065 -0.7943772
vn -0.0000600 0.6056049 -0.7957655
vn -0.0048934 0.6030208 -0.7977105
vn -0.0132471 0.6029548 -0.7976654
vn -0.0224089 0.6007604 -0.7991150
vn -0.0324382 0.5974078 -0.8012812
vn -0.0431802 0.5929601 -0.8040732
vn -0.0545259 0.5874180 -0.8074447
vn -0.0663928 0.5807656 -0.8113589
vn -0.0787135 0.5729807 -0.8157802
vn -0.0914291 0.5640383 -0.8206713
vn -0.1044852 0.5539134 -0.8259920
vn -0.1178291 0.5425813 -0.8316981
vn -0.1314079 0.5300204 -0.8377412
vn -0.1451668 0.5162125 -0.8440682
vn -0.1590484 0.5011453 -0.8506215
vn -0.1729918 0.4848133 -0.8573389
vn -0.1869321 0.4672202 -0.8641537
vn -0.2008003 0.4483805 -0.8709961
vn -0.2145234 0.4283212 -0.8777931
vn -0.2280247 0.4070838 -0.8844702
vn -0.2412247 0.3847257 -0.8909527
vn -0.2540418 0.3613217 -0.8971674
vn -0.2663936 0.3369651 -0.9030443
vn -0.2781985 0.3117679 -0.9085188
vn -0.2893775 0.2858616 -0.9135337
vn -0.2998554 0.2593968 -0.9180414
vn -0.3095633 0.2325427 -0.9220057
vn -0.3184399 0.2054866 -0.9254033
vn -0.3264336 0.1784333 -0.9282255
vn -0.3335036 0.1516058 -0.9304789
vn -0.3396213 0.1252471 -0.9321859
vn -0.3447726 0.0996250 -0.9333845
vn -0.3489602 0.0750435 -0.9341281
vn -0.3522125 0.0518656 -0.9344819
vn -0.3546212 0.0305564 -0.9345106
vn -0.3570855 0.0110992 -0.9340058
vn -0.4080935 -0.0001546 -0.9129401
vn -0.4057585 -0.0131493 -0.9138857
vn -0.4055549 -0.0356122 -0.9133767
vn -0.4032434 -0.0601306 -0.9131151
vn -0.3996647 -0.0867636 -0.9125460
vn -0.3948653 -0.1149721 -0.9115168
vn -0.3888553 -0.1443265 -0.9099239
vn -0.3816494 -0.1744614 -0.9076932
vn -0.3732758 -0.2050509 -0.9047759
vn -0.3637779 -0.2357980 -0.9011464
vn -0.3532150 -0.2664302 -0.8968022
vn -0.3416601 -0.2966985 -0.8917614
vn -0.3291989 -0.3263780 -0.8860618
vn -0.3159265 -0.3552693 -0.8797580
vn -0.3019452 -0.3831995 -0.8729188
vn -0.2873615 -0.4100227 -0.8656239
vn -0.2722833 -0.4356201 -0.8579609
vn -0.2568174 -0.4598991 -0.8500222
vn -0.2410678 -0.4827916 -0.8419018
vn -0.2251335 -0.5042524 -0.8336933
vn -0.2091076 -0.5242565 -0.8254872
vn -0.1930765 -0.5427966 -0.8173698
vn -0.1771197 -0.5598801 -0.8094213
vn -0.1613096 -0.5755267 -0.8017158
vn -0.1457124 -0.5897657 -0.7943200
vn -0.1303885 -0.6026336 -0.7872938
vn -0.1153940 -0.6141719 -0.7806901
vn -0.1007818 -0.6244257 -0.7745550
vn -0.0866038 -0.6334420 -0.7689284
vn -0.0729129 -0.6412688 -0.7638443
vn -0.0597668 -0.6479544 -0.7593307
vn -0.0472321 -0.6535483 -0.7554097
vn -0.0353926 -0.6581038 -0.7520949
vn -0.0243617 -0.6616882 -0.7493832
vn -0.0143047 -0.6644303 -0.7472133
vn -0.0051622 -0.6674293 -0.7446552
vn 0.0000944 -0.6659516 -0.7459950
vn 0.0054026 -0.6636760 -0.7480006
vn 0.0146020 -0.6637903 -0.7477762
vn 0.0247002 -0.6617800 -0.7492911
vn 0.0357714 -0.6585918 -0.7516497
vn 0.0476518 -0.6542801 -0.7547495
vn 0.0602277 -0.6488361 -0.7585409
vn 0.0734148 -0.6422332 -0.7629855
vn 0.0871451 -0.6344367 -0.7680467
vn 0.1013599 -0.6254084 -0.7736863
vn 0.1160049 -0.6151076 -0.7798625
vn 0.1310273 -0.6034936 -0.7865286
vn 0.1463731 -0.5905267 -0.7936329
vn 0.1619853 -0.5761700 -0.8011173
vn 0.1778027 -0.5603916 -0.8089174
vn 0.1937585 -0.5431666 -0.8169625
vn 0.2097799 -0.5244792 -0.8251751
vn 0.2257873 -0.5043259 -0.8334719
vn 0.2416942 -0.4827178 -0.8417645
vn 0.2574081 -0.4596831 -0.8499603
vn 0.2728304 -0.4352703 -0.8579646
vn 0.2878582 -0.4095503 -0.8656825
vn 0.3023859 -0.3826180 -0.8730213
vn 0.3163070 -0.3545945 -0.8798935
vn 0.3295171 -0.3256271 -0.8862198
vn 0.3419161 -0.2958896 -0.8919320
vn 0.3534112 -0.2655820 -0.8969764
vn 0.3639201 -0.2349292 -0.9013160
vn 0.3733731 -0.2041795 -0.9049327
vn 0.3817159 -0.1736047 -0.9078295
vn 0.3889116 -0.1435007 -0.9100304
vn 0.3949429 -0.1141921 -0.9115812
vn 0.3998155 -0.0860437 -0.9125481
vn 0.4035676 -0.0594853 -0.9130141
vn 0.4063108 -0.0350605 -0.9130621
vn 0.4090414 -0.0127560 -0.9124266
vn 0.4074479 0.0001355 -0.9132284
vn 0.4051238 0.0131137 -0.9141678
vn 0.4048713 0.0355380 -0.9136828
vn 0.4025491 0.0600165 -0.9134288
vn 0.3989737 0.0866075 -0.9128631
vn 0.3941887 0.1147743 -0.9118345
vn 0.3882032 0.1440896 -0.9102398
vn 0.3810309 0.1741905 -0.9080050
vn 0.3726989 0.2047535 -0.9050810
vn 0.3632499 0.2354838 -0.9014416
vn 0.3527417 0.2661108 -0.8970833
vn 0.3412462 0.2963872 -0.8920234
vn 0.3288476 0.3260895 -0.8862984
vn 0.3156396 0.3550193 -0.8799619
vn 0.3017230 0.3830042 -0.8730813
vn 0.2872028 0.4098983 -0.8657355
vn 0.2721856 0.4355823 -0.8580111
vn 0.2567770 0.4599628 -0.8499999
vn 0.2410798 0.4829703 -0.8417958
vn 0.2251921 0.5045579 -0.8334926
vn 0.2092064 0.5246983 -0.8251814
vn 0.1932084 0.5433817 -0.8169497
vn 0.1772774 0.5606127 -0.8088796
vn 0.1614856 0.5764076 -0.8010472
vn 0.1458995 0.5907922 -0.7935225
vn 0.1305797 0.6037991 -0.7863686
vn 0.1155829 0.6154656 -0.7796427
vn 0.1009627 0.6258323 -0.7733954
vn 0.0867720 0.6349412 -0.7676720
vn 0.0730648 0.6428349 -0.7625122
vn 0.0599001 0.6495560 -0.7579505
vn 0.0473464 0.6551471 -0.7540163
vn 0.0354889 0.6596535 -0.7507315
vn 0.0244432 0.6631321 -0.7481032
vn 0.0143772 0.6656943 -0.7460861
vn 0.0052410 0.6683754 -0.7438057
vn -0.0000241 0.6663414 -0.7456468
vn -0.0053443 0.6635819 -0.7480846
vn -0.0145262 0.6633319 -0.7481843
vn -0.0246088 0.6610277 -0.7499578
vn -0.0356592 0.6575968 -0.7525256
vn -0.0475138 0.6530883 -0.7557897
vn -0.0600597 0.6474903 -0.7597034
vn -0.0732137 0.6407733 -0.7642312
vn -0.0869092 0.6329006 -0.7693397
vn -0.1010890 0.6238310 -0.7749941
vn -0.1157003 0.6135213 -0.7811563
vn -0.1306916 0.6019276 -0.7877835
vn -0.1460104 0.5890073 -0.7948279
vn -0.1616008 0.5747200 -0.8022357
vn -0.1774029 0.5590304 -0.8099464
vn -0.1933509 0.5419100 -0.8178930
vn -0.2093727 0.5233394 -0.8260018
vn -0.2253893 0.5033112 -0.8341927
vn -0.2413147 0.4818330 -0.8423801
vn -0.2570562 0.4589294 -0.8504740
vn -0.2725151 0.4346455 -0.8583815
vn -0.2875881 0.4090490 -0.8660092
vn -0.3021686 0.3822322 -0.8732655
vn -0.3161494 0.3543136 -0.8800633
vn -0.3294246 0.3254386 -0.8863234
vn -0.3418928 0.2957799 -0.8919774
vn -0.3534596 0.2655364 -0.8969708
vn -0.3640411 0.2349329 -0.9012661
vn -0.3735662 0.2042181 -0.9048443
vn -0.3819791 0.1736646 -0.9077073
vn -0.3892417 0.1435696 -0.9098784
vn -0.3953359 0.1142594 -0.9114024
vn -0.4002670 0.0861005 -0.9123448
vn -0.4040735 0.0595251 -0.9127877
vn -0.4068696 0.0350790 -0.9128125
vn -0.4096791 0.0127489 -0.9121406
vn -0.4662435 -0.0002010 -0.8846564
vn -0.4636974 -0.0150304 -0.8858661
vn -0.4634416 -0.0406818 -0.8851931
vn -0.4607778 -0.0686803 -0.8848541
vn -0.4566113 -0.0990800 -0.8841319
vn -0.4509775 -0.1312467 -0.8828327
vn -0.4438782 -0.1646671 -0.8808274
vn -0.4353270 -0.1988978 -0.8780262
vn -0.4253591 -0.2335401 -0.8743733
vn -0.4140332 -0.2682291 -0.8698446
vn -0.4014304 -0.3026311 -0.8644467
vn -0.3876525 -0.3364440 -0.8582138
vn -0.3728176 -0.3694001 -0.8512054
vn -0.3570564 -0.4012676 -0.8435017
vn -0.3405077 -0.4318524 -0.8351994
vn -0.3233137 -0.4609987 -0.8264070
vn -0.3056158 -0.4885874 -0.8172401
vn -0.2875514 -0.5145350 -0.8078168
vn -0.2692506 -0.5387899 -0.7982541
vn -0.2508345 -0.5613289 -0.7886647
vn -0.2324136 -0.5821533 -0.7791543
vn -0.2140875 -0.6012846 -0.7698204
vn -0.1959444 -0.6187603 -0.7607506
vn -0.1780625 -0.6346305 -0.7520226
vn -0.1605103 -0.6489538 -0.7437039
vn -0.1433481 -0.6617951 -0.7358523
vn -0.1266302 -0.6732225 -0.7285165
vn -0.1104062 -0.6833057 -0.7217367
vn -0.0947236 -0.6921143 -0.7155454
vn -0.0796311 -0.6997170 -0.7099683
vn -0.0651820 -0.7061812 -0.7050244
vn -0.0514395 -0.7115737 -0.7007259
vn -0.0384856 -0.7159640 -0.6970756
vn -0.0264346 -0.7194347 -0.6940568
vn -0.0154573 -0.7221298 -0.6915849
vn -0.0054740 -0.7251473 -0.6885720
vn 0.0002601 -0.7239618 -0.6898400
vn 0.0060331 -0.7220979 -0.6917645
vn 0.0160468 -0.7224911 -0.6911940
vn 0.0270419 -0.7207789 -0.6926374
vn 0.0391128 -0.7178942 -0.6950526
vn 0.0520905 -0.7138840 -0.6983239
vn 0.0658599 -0.7087302 -0.7023987
vn 0.0803378 -0.7023954 -0.7072387
vn 0.0954588 -0.6948322 -0.7128084
vn 0.1111675 -0.6859875 -0.7190709
vn 0.1274132 -0.6758040 -0.7259854
vn 0.1441458 -0.6642221 -0.7335060
vn 0.1613137 -0.6511810 -0.7415802
vn 0.1788606 -0.6366210 -0.7501483
vn 0.1967243 -0.6204856 -0.7591424
vn 0.2148346 -0.6027237 -0.7684857
vn 0.2331125 -0.5832931 -0.7780924
vn 0.2514684 -0.5621638 -0.7878677
vn 0.2698027 -0.5393215 -0.7977085
vn 0.2880049 -0.5147722 -0.8075040
vn 0.3059549 -0.4885456 -0.8171382
vn 0.3235239 -0.4606994 -0.8264916
vn 0.3405768 -0.4313229 -0.8354448
vn 0.3569750 -0.4005395 -0.8438821
vn 0.3725798 -0.3685088 -0.8516957
vn 0.3872569 -0.3354271 -0.8587903
vn 0.4008801 -0.3015275 -0.8650875
vn 0.4133368 -0.2670774 -0.8705299
vn 0.4245314 -0.2323775 -0.8750850
vn 0.4343898 -0.1977587 -0.8787474
vn 0.4428624 -0.1635825 -0.8815405
vn 0.4499274 -0.1302435 -0.8835168
vn 0.4555946 -0.0981808 -0.8847565
vn 0.4599160 -0.0679049 -0.8853622
vn 0.4630305 -0.0400507 -0.8854370
vn 0.4660562 -0.0146120 -0.8846345
vn 0.4642790 0.0000975 -0.8856890
vn 0.4616913 0.0148846 -0.8869158
vn 0.4613490 0.0404388 -0.8862967
vn 0.4586636 0.0683334 -0.8859787
vn 0.4545063 0.0986224 -0.8852670
vn 0.4489080 0.1306778 -0.8839711
vn 0.4418686 0.1639924 -0.8819630
vn 0.4333997 0.1981292 -0.8791527
vn 0.4235344 0.2326953 -0.8754836
vn 0.4123288 0.2673315 -0.8709299
vn 0.3998611 0.3017089 -0.8654957
vn 0.3862296 0.3355297 -0.8592127
vn 0.3715490 0.3685290 -0.8521371
vn 0.3559464 0.4004771 -0.8443461
vn 0.3395570 0.4311806 -0.8359332
vn 0.3225194 0.4604832 -0.8270045
vn 0.3049722 0.4882645 -0.8176734
vn 0.2870500 0.5144383 -0.8080567
vn 0.2688808 0.5389494 -0.7982710
vn 0.2505839 0.5617705 -0.7884298
vn 0.2322689 0.5828978 -0.7786407
vn 0.2140344 0.6023470 -0.7690042
vn 0.1959687 0.6201494 -0.7596124
vn 0.1781502 0.6363482 -0.7505488
vn 0.1606481 0.6509947 -0.7418882
vn 0.1435240 0.6641458 -0.7336970
vn 0.1268334 0.6758611 -0.7260338
vn 0.1106277 0.6862012 -0.7189503
vn 0.0949567 0.6952256 -0.7124919
vn 0.0798715 0.7029920 -0.7066985
vn 0.0654279 0.7095557 -0.7016052
vn 0.0516921 0.7149695 -0.6972421
vn 0.0387493 0.7192860 -0.6936326
vn 0.0267175 0.7225655 -0.6907860
vn 0.0157724 0.7249152 -0.6886575
vn 0.0058588 0.7272918 -0.6863034
vn 0.0001435 0.7251215 -0.6886209
vn -0.0056393 0.7221979 -0.6916635
vn -0.0156234 0.7217047 -0.6920248
vn -0.0266080 0.7193197 -0.6941694
vn -0.0386649 0.7158798 -0.6971521
vn -0.0516224 0.7114150 -0.7008736
vn -0.0653654 0.7058991 -0.7052899
vn -0.0798118 0.6992886 -0.7103700
vn -0.0948980 0.6915309 -0.7160861
vn -0.1105706 0.6825679 -0.7224093
vn -0.1267812 0.6723368 -0.7293077
vn -0.1434825 0.6607723 -0.7367447
vn -0.1606252 0.6478076 -0.7446777
vn -0.1781558 0.6333766 -0.7530568
vn -0.1960144 0.6174159 -0.7618241
vn -0.2141332 0.5998671 -0.7709127
vn -0.2324351 0.5806808 -0.7802460
vn -0.2508325 0.5598188 -0.7897379
vn -0.2692267 0.5372593 -0.7992931
vn -0.2875080 0.5130000 -0.8088079
vn -0.3055564 0.4870628 -0.8181718
vn -0.3232426 0.4594978 -0.8272702
vn -0.3404301 0.4303873 -0.8359869
vn -0.3569784 0.3998483 -0.8442084
vn -0.3727460 0.3680352 -0.8518277
vn -0.3875954 0.3351402 -0.8587496
vn -0.4013970 0.3013934 -0.8648945
vn -0.4140340 0.2670611 -0.8702035
vn -0.4254072 0.2324440 -0.8746419
vn -0.4354386 0.1978749 -0.8782020
vn -0.4440757 0.1637177 -0.8809048
vn -0.4512939 0.1303712 -0.8828007
vn -0.4571019 0.0982792 -0.8839678
vn -0.4615516 0.0679573 -0.8845066
vn -0.4647855 0.0400463 -0.8845172
vn -0.4679584 0.0145406 -0.8836309
vn -0.5298719 -0.0002593 -0.8480777
vn -0.5271024 -0.0170961 -0.8496298
vn -0.5267572 -0.0462301 -0.8487577
vn -0.5236856 -0.0780290 -0.8483306
vn -0.5188367 -0.1125362 -0.8474338
vn -0.5122251 -0.1490064 -0.8458266
vn -0.5038391 -0.1868258 -0.8433518
vn -0.4936906 -0.2254568 -0.8399041
vn -0.4818249 -0.2644117 -0.8354228
vn -0.4683226 -0.3032437 -0.8298899
vn -0.4532970 -0.3415472 -0.8233270
vn -0.4368897 -0.3789604 -0.8157919
vn -0.4192647 -0.4151699 -0.8073729
vn -0.4006010 -0.4499137 -0.7981833
vn -0.3810852 -0.4829826 -0.7883539
vn -0.3609053 -0.5142197 -0.7780266
vn -0.3402440 -0.5435176 -0.7673478
vn -0.3192742 -0.5708140 -0.7564624
vn -0.2981552 -0.5960865 -0.7455095
vn -0.2770308 -0.6193460 -0.7346186
vn -0.2560279 -0.6406309 -0.7239073
vn -0.2352566 -0.6600005 -0.7134800
vn -0.2148110 -0.6775295 -0.7034273
vn -0.1947706 -0.6933033 -0.6938263
vn -0.1752022 -0.7074137 -0.6847409
vn -0.1561619 -0.7199552 -0.6762233
vn -0.1376980 -0.7310229 -0.6683148
vn -0.1198532 -0.7407101 -0.6610475
vn -0.1026676 -0.7491070 -0.6544449
vn -0.0861827 -0.7563002 -0.6485234
vn -0.0704451 -0.7623725 -0.6432929
vn -0.0555128 -0.7674039 -0.6387563
vn -0.0414643 -0.7714752 -0.6349069
vn -0.0284138 -0.7746780 -0.6317172
vn -0.0165370 -0.7771607 -0.6290848
vn -0.0057356 -0.7799640 -0.6257981
vn 0.0004730 -0.7788832 -0.6271688
vn 0.0067006 -0.7772268 -0.6291849
vn 0.0174729 -0.7776873 -0.6284085
vn 0.0293014 -0.7761718 -0.6298403
vn 0.0423007 -0.7735498 -0.6323222
vn 0.0562997 -0.7698547 -0.6357311
vn 0.0711856 -0.7650576 -0.6400152
vn 0.0868800 -0.7591091 -0.6451397
vn 0.1033240 -0.7519485 -0.6510742
vn 0.1204696 -0.7435070 -0.6577875
vn 0.1382738 -0.7337096 -0.6652448
vn 0.1566945 -0.7224755 -0.6734063
vn 0.1756867 -0.7097203 -0.6822253
vn 0.1952002 -0.6953572 -0.6916468
vn 0.2151766 -0.6792995 -0.7016062
vn 0.2355471 -0.6614632 -0.7120281
vn 0.2562303 -0.6417707 -0.7228253
vn 0.2771306 -0.6201549 -0.7338982
vn 0.2981369 -0.5965642 -0.7451346
vn 0.3191216 -0.5709680 -0.7564106
vn 0.3399412 -0.5433631 -0.7675914
vn 0.3604374 -0.5137791 -0.7785345
vn 0.3804390 -0.4822850 -0.7890927
vn 0.3997663 -0.4489944 -0.7991189
vn 0.4182351 -0.4140691 -0.8084715
vn 0.4356636 -0.3777219 -0.8170211
vn 0.4518783 -0.3402169 -0.8246566
vn 0.4667219 -0.3018677 -0.8312921
vn 0.4800600 -0.2630346 -0.8368723
vn 0.4917877 -0.2241204 -0.8413768
vn 0.5018349 -0.1855671 -0.8448234
vn 0.5101712 -0.1478571 -0.8472683
vn 0.5168108 -0.1115222 -0.8488047
vn 0.5218237 -0.0771714 -0.8495555
vn 0.5253855 -0.0455487 -0.8496443
vn 0.5287580 -0.0166602 -0.8486091
vn 0.5268085 0.0000478 -0.8499840
vn 0.5239673 0.0168261 -0.8515722
vn 0.5235470 0.0458316 -0.8507632
vn 0.5204596 0.0774903 -0.8503629
vn 0.5156289 0.1118470 -0.8494805
vn 0.5090664 0.1481649 -0.8478789
vn 0.5007587 0.1858383 -0.8454022
vn 0.4907157 0.2243378 -0.8419445
vn 0.4789803 0.2631836 -0.8374439
vn 0.4656295 0.3019360 -0.8318797
vn 0.4507731 0.3401952 -0.8252702
vn 0.4345482 0.3776045 -0.8176691
vn 0.4171143 0.4138536 -0.8091606
vn 0.3986457 0.4486823 -0.7998536
vn 0.3793250 0.4818815 -0.7898751
vn 0.3593361 0.5132930 -0.7793638
vn 0.3388585 0.5428068 -0.7684632
vn 0.3180625 0.5703569 -0.7573171
vn 0.2971058 0.5959163 -0.7460643
vn 0.2761308 0.6194907 -0.7348354
vn 0.2552642 0.6411124 -0.7237507
vn 0.2346161 0.6608344 -0.7129188
vn 0.2142815 0.6787246 -0.7024360
vn 0.1943411 0.6948614 -0.6923866
vn 0.1748633 0.7093288 -0.6828437
vn 0.1559063 0.7222135 -0.6738700
vn 0.1375203 0.7336020 -0.6655195
vn 0.1197505 0.7435782 -0.6578383
vn 0.1026395 0.7522224 -0.6508660
vn 0.0862314 0.7596100 -0.6446369
vn 0.0705754 0.7658112 -0.6391810
vn 0.0557321 0.7708914 -0.6345238
vn 0.0417825 0.7749133 -0.6306850
vn 0.0288438 0.7779446 -0.6276704
vn 0.0170957 0.7800943 -0.6254284
vn 0.0064729 0.7822508 -0.6229300
vn 0.0003585 0.7801976 -0.6255331
vn -0.0058434 0.7774267 -0.6289464
vn -0.0165930 0.7769306 -0.6293676
vn -0.0284456 0.7746970 -0.6316925
vn -0.0414800 0.7714820 -0.6348976
vn -0.0555175 0.7672999 -0.6388807
vn -0.0704422 0.7621127 -0.6436009
vn -0.0861742 0.7558644 -0.6490324
vn -0.1026545 0.7484888 -0.6551538
vn -0.1198355 0.7399120 -0.6619439
vn -0.1376753 0.7300533 -0.6693786
vn -0.1561333 0.7188267 -0.6774294
vn -0.1751665 0.7061417 -0.6860617
vn -0.1947268 0.6919053 -0.6952327
vn -0.2147579 0.6760244 -0.7048901
vn -0.2351934 0.6584077 -0.7149709
vn -0.2559541 0.6389704 -0.7253995
vn -0.2769465 0.6176373 -0.7360875
vn -0.2980611 0.5943487 -0.7469332
vn -0.3191717 0.5690655 -0.7578218
vn -0.3401355 0.5417757 -0.7686267
vn -0.3607939 0.5125002 -0.7792120
vn -0.3809750 0.4812997 -0.7894356
vn -0.4004972 0.4482799 -0.7991540
vn -0.4191737 0.4135959 -0.8082276
vn -0.4368188 0.3774547 -0.8165276
vn -0.4532552 0.3401163 -0.8239421
vn -0.4683207 0.3018925 -0.8303834
vn -0.4818763 0.2631429 -0.8357937
vn -0.4938124 0.2242719 -0.8401497
vn -0.5040550 0.1857250 -0.8434659
vn -0.5125706 0.1479894 -0.8457958
vn -0.5193716 0.1116029 -0.8472296
vn -0.5245280 0.0771812 -0.8478877
vn -0.5282186 0.0454760 -0.8478898
vn -0.5317328 0.0164950 -0.8467515
vn -0.5986434 -0.0003078 -0.8010156
vn -0.5956555 -0.0193183 -0.8030077
vn -0.5951923 -0.0522193 -0.8018848
vn -0.5916577 -0.0881274 -0.8013581
vn -0.5860196 -0.1270666 -0.8002719
vn -0.5782601 -0.1681619 -0.7983338
vn -0.5683487 -0.2106790 -0.7953578
vn -0.5562955 -0.2539653 -0.7912250
vn -0.5421620 -0.2974252 -0.7858744
vn -0.5260618 -0.3405146 -0.7793002
vn -0.5081550 -0.3827447 -0.7715472
vn -0.4886406 -0.4236892 -0.7627043
vn -0.4677458 -0.4629902 -0.7528970
vn -0.4457144 -0.5003624 -0.7422777
vn -0.4227957 -0.5355929 -0.7310157
vn -0.3992343 -0.5685387 -0.7192884
vn -0.3752620 -0.5991201 -0.7072719
vn -0.3510914 -0.6273132 -0.6951352
vn -0.3269123 -0.6531401 -0.6830347
vn -0.3028896 -0.6766597 -0.6711106
vn -0.2791632 -0.6979588 -0.6594857
vn -0.2558492 -0.7171433 -0.6482643
vn -0.2330419 -0.7343316 -0.6375333
vn -0.2108166 -0.7496483 -0.6273626
vn -0.1892329 -0.7632201 -0.6178075
vn -0.1683374 -0.7751719 -0.6089097
vn -0.1481676 -0.7856246 -0.6007000
vn -0.1287549 -0.7946931 -0.5931990
vn -0.1101286 -0.8024858 -0.5864198
vn -0.0923197 -0.8091042 -0.5803684
vn -0.0753654 -0.8146431 -0.5750450
vn -0.0593162 -0.8191922 -0.5704434
vn -0.0442454 -0.8228398 -0.5665483
vn -0.0302653 -0.8256822 -0.5633231
vn -0.0175543 -0.8278655 -0.5606519
vn -0.0059972 -0.8303372 -0.5572290
vn 0.0006531 -0.8293265 -0.5587639
vn 0.0073032 -0.8278246 -0.5609395
vn 0.0187683 -0.8282598 -0.5600299
vn 0.0313593 -0.8269211 -0.5614429
vn 0.0452100 -0.8245801 -0.5639359
vn 0.0601498 -0.8212544 -0.5673828
vn 0.0760705 -0.8169040 -0.5717352
vn 0.0929012 -0.8114689 -0.5769642
vn 0.1105924 -0.8048763 -0.5830467
vn 0.1291066 -0.7970437 -0.5899600
vn 0.1484124 -0.7878790 -0.5976792
vn 0.1684794 -0.7772820 -0.6061744
vn 0.1892745 -0.7651445 -0.6154096
vn 0.2107584 -0.7513524 -0.6253403
vn 0.2328823 -0.7357868 -0.6359117
vn 0.2555845 -0.7183272 -0.6470569
vn 0.2787873 -0.6988550 -0.6586952
vn 0.3023943 -0.6772582 -0.6707302
vn 0.3262875 -0.6534375 -0.6830490
vn 0.3503256 -0.6273130 -0.6955217
vn 0.3743427 -0.5988329 -0.7080020
vn 0.3981491 -0.5679820 -0.7203289
vn 0.4215330 -0.5347916 -0.7323305
vn 0.4442647 -0.4993477 -0.7438284
vn 0.4661029 -0.4617995 -0.7546452
vn 0.4868025 -0.4223643 -0.7646121
vn 0.5061254 -0.3813309 -0.7735786
vn 0.5238512 -0.3390584 -0.7814214
vn 0.5397888 -0.2959726 -0.7880535
vn 0.5537870 -0.2525595 -0.7934316
vn 0.5657439 -0.2093589 -0.7975605
vn 0.5756138 -0.1669608 -0.8004954
vn 0.5834145 -0.1260114 -0.8023395
vn 0.5892392 -0.0872396 -0.8032349
vn 0.5933102 -0.0515184 -0.8033236
vn 0.5970391 -0.0188738 -0.8019901
vn 0.5949501 0.0000081 -0.8037626
vn 0.5918951 0.0189550 -0.8057921
vn 0.5913786 0.0517201 -0.8047337
vn 0.5878387 0.0874770 -0.8042347
vn 0.5822272 0.1262534 -0.8031635
vn 0.5745242 0.1671835 -0.8012313
vn 0.5646982 0.2095423 -0.7982531
vn 0.5527575 0.2526861 -0.7941089
vn 0.5387609 0.2960278 -0.7887359
vn 0.5228182 0.3390307 -0.7821249
vn 0.5050852 0.3812122 -0.7743166
vn 0.4857562 0.4221501 -0.7653955
vn 0.4650532 0.4614891 -0.7554822
vn 0.4432152 0.4989446 -0.7447245
vn 0.4204874 0.5343027 -0.7332878
vn 0.3971110 0.5674178 -0.7213459
vn 0.3733149 0.5982069 -0.7090730
vn 0.3493104 0.6266412 -0.6966370
vn 0.3252863 0.6527379 -0.6841944
vn 0.3014077 0.6765506 -0.6718874
vn 0.2778153 0.6981601 -0.6598417
vn 0.2546267 0.7176667 -0.6481664
vn 0.2319383 0.7351828 -0.6369544
vn 0.2098277 0.7508272 -0.6262834
vn 0.1883570 0.7647202 -0.6162181
vn 0.1675756 0.7769803 -0.6068114
vn 0.1475238 0.7877216 -0.5981066
vn 0.1282358 0.7970515 -0.5901393
vn 0.1097436 0.8050704 -0.5829390
vn 0.0920803 0.8118705 -0.5765306
vn 0.0752855 0.8175360 -0.5709352
vn 0.0594115 0.8221442 -0.5661706
vn 0.0445327 0.8257676 -0.5622497
vn 0.0307627 0.8284812 -0.5591714
vn 0.0182821 0.8303960 -0.5568737
vn 0.0070138 0.8323245 -0.5542443
vn 0.0005412 0.8304884 -0.5570356
vn -0.0060387 0.8280252 -0.5606584
vn -0.0174932 0.8276307 -0.5610004
vn -0.0301485 0.8256693 -0.5633483
vn -0.0440918 0.8228135 -0.5665985
vn -0.0591400 0.8190639 -0.5706459
vn -0.0751780 0.8143722 -0.5754531
vn -0.0921303 0.8086722 -0.5810003
vn -0.1099444 0.8018864 -0.5872737
vn -0.1285814 0.7939276 -0.5942608
vn -0.1480086 0.7846994 -0.6019471
vn -0.1681956 0.7740971 -0.6103146
vn -0.1891096 0.7620080 -0.6193394
vn -0.2107123 0.7483132 -0.6289894
vn -0.2329561 0.7328889 -0.6392224
vn -0.2557810 0.7156092 -0.6499842
vn -0.2791113 0.6963499 -0.6612062
vn -0.3028524 0.6749928 -0.6728039
vn -0.3268884 0.6514318 -0.6846755
vn -0.3510796 0.6255801 -0.6967013
vn -0.3752615 0.5973781 -0.7087441
vn -0.3992452 0.5668030 -0.7206508
vn -0.4228187 0.5338779 -0.7322559
vn -0.4457514 0.4986812 -0.7433860
vn -0.4678000 0.4613547 -0.7538667
vn -0.4887165 0.4221097 -0.7635310
vn -0.5082590 0.3812298 -0.7722283
vn -0.5262027 0.3390712 -0.7798342
vn -0.5423517 0.2960586 -0.7862595
vn -0.5565502 0.2526788 -0.7914577
vn -0.5686922 0.2094748 -0.7954304
vn -0.5787290 0.1670412 -0.7982293
vn -0.5866765 0.1260305 -0.7999544
vn -0.5926280 0.0871786 -0.8007446
vn -0.5968090 0.0513667 -0.8007375
vn -0.6006510 0.0186241 -0.7992944
vn -0.6716036 -0.0003407 -0.7409105
vn -0.6684567 -0.0216624 -0.7434355
vn -0.6678338 -0.0585659 -0.7420027
vn -0.6637808 -0.0988372 -0.7413679
vn -0.6572394 -0.1424709 -0.7400935
vn -0.6481439 -0.1884414 -0.7378342
vn -0.6364385 -0.2358706 -0.7343781
vn -0.6221338 -0.2839683 -0.7295968
vn -0.6053175 -0.3320106 -0.7234360
vn -0.5861519 -0.3793407 -0.7159096
vn -0.5648649 -0.4253788 -0.7070930
vn -0.5417351 -0.4696333 -0.6971138
vn -0.5170749 -0.5117092 -0.6861394
vn -0.4912124 -0.5513112 -0.6743637
vn -0.4644745 -0.5882410 -0.6619939
vn -0.4371731 -0.6223896 -0.6492387
vn -0.4095944 -0.6537255 -0.6362982
vn -0.3819921 -0.6822818 -0.6233567
vn -0.3545838 -0.7081414 -0.6105785
vn -0.3275508 -0.7314240 -0.5981049
vn -0.3010395 -0.7522739 -0.5860539
vn -0.2751649 -0.7708499 -0.5745213
vn -0.2500141 -0.7873170 -0.5635822
vn -0.2256514 -0.8018402 -0.5532935
vn -0.2021225 -0.8145802 -0.5436963
vn -0.1794590 -0.8256900 -0.5348182
vn -0.1576828 -0.8353133 -0.5266763
vn -0.1368102 -0.8435834 -0.5192784
vn -0.1168558 -0.8506230 -0.5126258
vn -0.0978373 -0.8565449 -0.5067137
vn -0.0797808 -0.8614523 -0.5015326
vn -0.0627269 -0.8654414 -0.4970678
vn -0.0467419 -0.8686047 -0.4932961
vn -0.0319344 -0.8710399 -0.4901731
vn -0.0184839 -0.8728871 -0.4875721
vn -0.0062591 -0.8749789 -0.4841206
vn 0.0007810 -0.8740585 -0.4858201
vn 0.0078062 -0.8727366 -0.4881290
vn 0.0198855 -0.8731279 -0.4870854
vn 0.0331552 -0.8719833 -0.4884115
vn 0.0477670 -0.8699600 -0.4908033
vn 0.0635523 -0.8670598 -0.4941340
vn 0.0804091 -0.8632335 -0.4983596
vn 0.0982756 -0.8584126 -0.5034577
vn 0.1171133 -0.8525154 -0.5094134
vn 0.1368979 -0.8454482 -0.5162134
vn 0.1576120 -0.8371060 -0.5238436
vn 0.1792406 -0.8273718 -0.5322862
vn 0.2017664 -0.8161176 -0.5415185
vn 0.2251661 -0.8032041 -0.5515101
vn 0.2494061 -0.7884825 -0.5622206
vn 0.2744383 -0.7717962 -0.5735976
vn 0.3001959 -0.7529845 -0.5855739
vn 0.3265891 -0.7318867 -0.5980647
vn 0.3535004 -0.7083492 -0.6109656
vn 0.3807808 -0.6822329 -0.6241509
vn 0.4082472 -0.6534240 -0.6374726
vn 0.4356806 -0.6218460 -0.6507611
vn 0.4628269 -0.5874726 -0.6638277
vn 0.4894009 -0.5503420 -0.6764691
vn 0.5150926 -0.5105698 -0.6884752
vn 0.5395786 -0.4683601 -0.6996383
vn 0.5625362 -0.4240128 -0.7097649
vn 0.5836594 -0.3779257 -0.7186890
vn 0.6026777 -0.3305911 -0.7262844
vn 0.6193730 -0.2825874 -0.7324763
vn 0.6335949 -0.2345679 -0.7372485
vn 0.6452730 -0.1872511 -0.7406482
vn 0.6544259 -0.1414212 -0.7427831
vn 0.6611752 -0.0979504 -0.7438098
vn 0.6658008 -0.0578623 -0.7438826
vn 0.6698583 -0.0212124 -0.7421859
vn 0.6676794 -0.0000151 -0.7444490
vn 0.6644709 0.0212461 -0.7470121
vn 0.6638193 0.0580203 -0.7456390
vn 0.6597714 0.0981446 -0.7450297
vn 0.6532629 0.1416195 -0.7437684
vn 0.6442279 0.1874289 -0.7415125
vn 0.6326101 0.2347048 -0.7380502
vn 0.6184183 0.2826664 -0.7332520
vn 0.6017371 0.3305982 -0.7270607
vn 0.5827249 0.3778507 -0.7194863
vn 0.5616042 0.4238493 -0.7106001
vn 0.5386486 0.4681058 -0.7005245
vn 0.5141650 0.5102265 -0.6894224
vn 0.4884768 0.5499152 -0.6774833
vn 0.4619071 0.5869713 -0.6649110
vn 0.4347651 0.6212818 -0.6519113
vn 0.4073354 0.6528109 -0.6386829
vn 0.3798712 0.6815865 -0.6254100
vn 0.3525909 0.7076865 -0.6122577
vn 0.3256771 0.7312253 -0.5993696
vn 0.2992786 0.7523424 -0.5868674
vn 0.2735130 0.7711915 -0.5748515
vn 0.2484708 0.7879333 -0.5634034
vn 0.2242196 0.8027283 -0.5525875
vn 0.2008086 0.8157326 -0.5424540
vn 0.1782728 0.8270947 -0.5330414
vn 0.1566375 0.8369536 -0.5243790
vn 0.1359220 0.8454373 -0.5164891
vn 0.1161437 0.8526625 -0.5093891
vn 0.0973225 0.8587352 -0.5030927
vn 0.0794861 0.8637505 -0.4976113
vn 0.0626761 0.8677949 -0.4929541
vn 0.0469590 0.8709480 -0.4891262
vn 0.0324428 0.8732902 -0.4861190
vn 0.0193075 0.8749319 -0.4838609
vn 0.0074629 0.8765936 -0.4811735
vn 0.0006719 0.8750153 -0.4840948
vn -0.0062432 0.8729155 -0.4878316
vn -0.0183235 0.8726334 -0.4880319
vn -0.0316928 0.8709840 -0.4902880
vn -0.0464478 0.8685429 -0.4934327
vn -0.0624030 0.8652971 -0.4973598
vn -0.0794461 0.8611901 -0.5020358
vn -0.0975078 0.8561480 -0.5074473
vn -0.1165445 0.8500850 -0.5135883
vn -0.1365277 0.8429036 -0.5204553
vn -0.1574371 0.8344954 -0.5280444
vn -0.1792559 0.8247404 -0.5363493
vn -0.2019656 0.8135071 -0.5453587
vn -0.2255426 0.8006533 -0.5550540
vn -0.2499534 0.7860268 -0.5654071
vn -0.2751510 0.7694678 -0.5763777
vn -0.3010700 0.7508119 -0.5879102
vn -0.3276222 0.7298944 -0.5999315
vn -0.3546922 0.7065570 -0.6123484
vn -0.3821331 0.6806558 -0.6250455
vn -0.4097638 0.6520713 -0.6378845
vn -0.4373668 0.6207205 -0.6507045
vn -0.4646892 0.5865706 -0.6633241
vn -0.4914457 0.5496527 -0.6755465
vn -0.5173260 0.5100753 -0.6871659
vn -0.5420048 0.4680362 -0.6979777
vn -0.5651564 0.4238295 -0.7077901
vn -0.5864712 0.3778490 -0.7164368
vn -0.6056744 0.3305846 -0.7237903
vn -0.6225435 0.2826147 -0.7297730
vn -0.6369242 0.2345944 -0.7343658
vn -0.6487429 0.1872463 -0.7376120
vn -0.6580165 0.1413601 -0.7396158
vn -0.6648667 0.0978149 -0.7405299
vn -0.6695757 0.0576423 -0.7405037
vn -0.6737104 0.0209026 -0.7386998
vn -0.7465462 -0.0003576 -0.6653335
vn -0.7433537 -0.0240604 -0.6684657
vn -0.7425078 -0.0650816 -0.6666683
vn -0.7378869 -0.1098384 -0.6659267
vn -0.7303370 -0.1582841 -0.6644953
vn -0.7197265 -0.2092227 -0.6619815
vn -0.7059691 -0.2616107 -0.6581546
vn -0.6890802 -0.3144987 -0.6528852
vn -0.6691872 -0.3670171 -0.6461322
vn -0.6465224 -0.4183859 -0.6379357
vn -0.6214057 -0.4679321 -0.6284063
vn -0.5942212 -0.5151061 -0.6177110
vn -0.5653895 -0.5594906 -0.6060570
vn -0.5353410 -0.6008006 -0.5936739
vn -0.5044926 -0.6388754 -0.5807973
vn -0.4732294 -0.6736625 -0.5676554
vn -0.4418925 -0.7051996 -0.5544588
vn -0.4107725 -0.7335930 -0.5413938
vn -0.3801081 -0.7589992 -0.5286190
vn -0.3500883 -0.7816064 -0.5162651
vn -0.3208571 -0.8016206 -0.5044354
vn -0.2925192 -0.8192542 -0.4932090
vn -0.2651466 -0.8347171 -0.4826434
vn -0.2387854 -0.8482114 -0.4727778
vn -0.2134616 -0.8599274 -0.4636367
vn -0.1891868 -0.8700412 -0.4552325
vn -0.1659635 -0.8787143 -0.4475681
vn -0.1437898 -0.8860933 -0.4406394
vn -0.1226638 -0.8923107 -0.4344367
vn -0.1025882 -0.8974858 -0.4289463
vn -0.0835761 -0.9017267 -0.4241509
vn -0.0656577 -0.9051325 -0.4200289
vn -0.0488912 -0.9077965 -0.4165514
vn -0.0333803 -0.9098154 -0.4136687
vn -0.0193042 -0.9113192 -0.4112477
vn -0.0065175 -0.9130114 -0.4078819
vn 0.0008499 -0.9122035 -0.4097365
vn 0.0081938 -0.9110819 -0.4121439
vn 0.0207971 -0.9114097 -0.4109743
vn 0.0346493 -0.9104580 -0.4121477
vn 0.0499174 -0.9087586 -0.4143260
vn 0.0664355 -0.9062984 -0.4173841
vn 0.0841086 -0.9030210 -0.4212824
vn 0.1028843 -0.8988520 -0.4260046
vn 0.1227363 -0.8937038 -0.4315429
vn 0.1436541 -0.8874758 -0.4378928
vn 0.1656363 -0.8800539 -0.4450502
vn 0.1886851 -0.8713096 -0.4530093
vn 0.2128023 -0.8610995 -0.4617605
vn 0.2379842 -0.8492648 -0.4712886
vn 0.2642174 -0.8356314 -0.4815697
vn 0.2914739 -0.8200114 -0.4925691
vn 0.3197050 -0.8022050 -0.5042380
vn 0.3488357 -0.7820045 -0.5165100
vn 0.3787581 -0.7592008 -0.5292981
vn 0.4093254 -0.7335911 -0.5424913
vn 0.4403455 -0.7049913 -0.5559524
vn 0.4715771 -0.6732503 -0.5695166
vn 0.5027279 -0.6382669 -0.5829924
vn 0.5334558 -0.6000101 -0.5961651
vn 0.5633766 -0.5585386 -0.6088033
vn 0.5920754 -0.5140199 -0.6206692
vn 0.6191257 -0.4667446 -0.6315322
vn 0.6441126 -0.4171343 -0.6411848
vn 0.6666598 -0.3657413 -0.6494597
vn 0.6864571 -0.3132389 -0.6562455
vn 0.7032845 -0.2604052 -0.6614983
vn 0.7170325 -0.2081059 -0.6652491
vn 0.7277152 -0.1572850 -0.6676016
vn 0.7354861 -0.1089810 -0.6687177
vn 0.7406923 -0.0643885 -0.6687518
vn 0.7450055 -0.0236035 -0.6666406
vn 0.7428316 -0.0000204 -0.6694783
vn 0.7395823 0.0236339 -0.6726511
vn 0.7387312 0.0645475 -0.6709023
vn 0.7341232 0.1091782 -0.6701815
vn 0.7266086 0.1574869 -0.6687584
vn 0.7160572 0.2082875 -0.6662420
vn 0.7023822 0.2605459 -0.6624010
vn 0.6855974 0.3133221 -0.6571039
vn 0.6658266 0.3657543 -0.6503066
vn 0.6432975 0.4170686 -0.6420452
vn 0.6183246 0.4665963 -0.6324259
vn 0.5912864 0.5137892 -0.6216116
vn 0.5625983 0.5582298 -0.6098054
vn 0.5326866 0.5996308 -0.5972335
vn 0.5019653 0.6378275 -0.5841292
vn 0.4708178 0.6727632 -0.5707191
vn 0.4395849 0.7044702 -0.5572134
vn 0.4085584 0.7330502 -0.5437990
vn 0.3779790 0.7586548 -0.5306362
vn 0.3480385 0.7814680 -0.5178582
vn 0.3188842 0.8016919 -0.5055719
vn 0.2906248 0.8195355 -0.4938611
vn 0.2633364 0.8352058 -0.4827890
vn 0.2370691 0.8489021 -0.4724018
vn 0.2118530 0.8608120 -0.4627321
vn 0.1877037 0.8711091 -0.4538021
vn 0.1646273 0.8799519 -0.4456259
vn 0.1426251 0.8874840 -0.4382125
vn 0.1216978 0.8938341 -0.4315671
vn 0.1018502 0.8991173 -0.4256931
vn 0.0830966 0.9034361 -0.4205925
vn 0.0654675 0.9068826 -0.4162666
vn 0.0490201 0.9095410 -0.4127132
vn 0.0338563 0.9114943 -0.4099168
vn 0.0201540 0.9128502 -0.4077970
vn 0.0078098 0.9142248 -0.4051322
vn 0.0007431 0.9129303 -0.4081149
vn -0.0064594 0.9112252 -0.4118579
vn -0.0190739 0.9110480 -0.4118588
vn -0.0330523 0.9097189 -0.4139070
vn -0.0485015 0.9077066 -0.4167929
vn -0.0652358 0.9049858 -0.4204105
vn -0.0831471 0.9014937 -0.4247301
vn -0.1021735 0.8971516 -0.4297437
vn -0.1222813 0.8918683 -0.4354518
vn -0.1434543 0.8855403 -0.4418589
vn -0.1656863 0.8780510 -0.4489704
vn -0.1889763 0.8692700 -0.4567906
vn -0.2133234 0.8590518 -0.4653205
vn -0.2387224 0.8472360 -0.4745553
vn -0.2651593 0.8336470 -0.4844824
vn -0.2926058 0.8180954 -0.4950776
vn -0.3210141 0.8003795 -0.5063028
vn -0.3503106 0.7802901 -0.5181021
vn -0.3803891 0.7576156 -0.5303987
vn -0.4111049 0.7321507 -0.5430912
vn -0.4422683 0.7037081 -0.5560519
vn -0.4736405 0.6721324 -0.5691245
vn -0.5049311 0.6373180 -0.5821258
vn -0.5357999 0.5992283 -0.5948478
vn -0.5658632 0.5579163 -0.6070653
vn -0.5947061 0.5135433 -0.6185450
vn -0.6219010 0.4663942 -0.6290593
vn -0.6470305 0.4168858 -0.6384024
vn -0.6697155 0.3655668 -0.6464071
vn -0.6896418 0.3131087 -0.6529603
vn -0.7065864 0.2602899 -0.6580158
vn -0.7204366 0.2079785 -0.6616011
vn -0.7312050 0.1571226 -0.6638160
vn -0.7390446 0.1087662 -0.6648180
vn -0.7443042 0.0641111 -0.6647563
vn -0.7486566 0.0232590 -0.6625498
vn -0.8197648 -0.0003604 -0.5727002
vn -0.8166996 -0.0263997 -0.5764588
vn -0.8155443 -0.0714507 -0.5742668
vn -0.8103251 -0.1205933 -0.5734374
vn -0.8016994 -0.1737287 -0.5719234
vn -0.7894531 -0.2294777 -0.5693011
vn -0.7734651 -0.2866162 -0.5653343
vn -0.7537630 -0.3440220 -0.5599019
vn -0.7305298 -0.4006710 -0.5529818
vn -0.7040894 -0.4556584 -0.5446407
vn -0.6748784 -0.5082255 -0.5350195
vn -0.6434086 -0.5577798 -0.5243158
vn -0.6102269 -0.6039023 -0.5127623
vn -0.5758775 -0.6463421 -0.5006066
vn -0.5408718 -0.6849981 -0.4880936
vn -0.5056663 -0.7198942 -0.4754513
vn -0.4706504 -0.7511513 -0.4628821
vn -0.4361428 -0.7789592 -0.4505575
vn -0.4023924 -0.8035516 -0.4386174
vn -0.3695857 -0.8251857 -0.4271709
vn -0.3378541 -0.8441264 -0.4162995
vn -0.3072838 -0.8606343 -0.4060607
vn -0.2779249 -0.8749582 -0.3964921
vn -0.2497999 -0.8873300 -0.3876151
vn -0.2229112 -0.8979628 -0.3794383
vn -0.1972479 -0.9070492 -0.3719610
vn -0.1727912 -0.9147625 -0.3651749
vn -0.1495201 -0.9212572 -0.3590666
vn -0.1274154 -0.9266708 -0.3536193
vn -0.1064650 -0.9311254 -0.3488133
vn -0.0866689 -0.9347304 -0.3446266
vn -0.0680470 -0.9375848 -0.3410343
vn -0.0506492 -0.9397806 -0.3380046
vn -0.0345740 -0.9414106 -0.3354858
vn -0.0199992 -0.9425933 -0.3333435
vn -0.0067687 -0.9438959 -0.3301738
vn 0.0008557 -0.9432220 -0.3321620
vn 0.0084563 -0.9423133 -0.3346254
vn 0.0214863 -0.9425592 -0.3333474
vn 0.0358175 -0.9417816 -0.3343119
vn 0.0516279 -0.9403826 -0.3361772
vn 0.0687547 -0.9383350 -0.3388218
vn 0.0871091 -0.9355770 -0.3422100
vn 0.1066479 -0.9320310 -0.3463299
vn 0.1273563 -0.9276064 -0.3511790
vn 0.1492374 -0.9221991 -0.3567592
vn 0.1723055 -0.9156900 -0.3630738
vn 0.1965806 -0.9079441 -0.3701263
vn 0.2220843 -0.8988084 -0.3779179
vn 0.2488346 -0.8881108 -0.3864462
vn 0.2768412 -0.8756590 -0.3957024
vn 0.3060998 -0.8612407 -0.4056690
vn 0.3365856 -0.8446246 -0.4163165
vn 0.3682459 -0.8255624 -0.4276000
vn 0.4009912 -0.8037945 -0.4394548
vn 0.4346865 -0.7790576 -0.4517930
vn 0.4691421 -0.7510967 -0.4644991
vn 0.5041054 -0.7196810 -0.4774274
vn 0.5392549 -0.6846247 -0.4904010
vn 0.5741987 -0.6458120 -0.5032123
vn 0.6084790 -0.6032246 -0.5156291
vn 0.6415847 -0.5569699 -0.5274027
vn 0.6729736 -0.5073051 -0.5382825
vn 0.7021028 -0.4546550 -0.5480333
vn 0.7284669 -0.3996163 -0.5564556
vn 0.7516381 -0.3429504 -0.5634050
vn 0.7713044 -0.2855625 -0.5688089
vn 0.7873002 -0.2284749 -0.5726759
vn 0.7996268 -0.1728065 -0.5750956
vn 0.8084693 -0.1197778 -0.5762210
vn 0.8142473 -0.0707681 -0.5761885
vn 0.8186893 -0.0259246 -0.5736512
vn 0.8166700 -0.0000069 -0.5771049
vn 0.8135520 0.0260031 -0.5809104
vn 0.8124095 0.0709814 -0.5787508
vn 0.8072066 0.1200339 -0.5779354
vn 0.7986133 0.1730703 -0.5764230
vn 0.7864173 0.2287204 -0.5737898
vn 0.7704974 0.2857688 -0.5697981
vn 0.7508792 0.3431013 -0.5643243
vn 0.7277418 0.3997002 -0.5573433
vn 0.7014046 0.4546651 -0.5489183
vn 0.6722986 0.5072397 -0.5391869
vn 0.6409306 0.5568315 -0.5283433
vn 0.6078433 0.6030196 -0.5166178
vn 0.5735778 0.6455496 -0.5042562
vn 0.5386438 0.6843159 -0.4915024
vn 0.5034977 0.7193381 -0.4785841
vn 0.4685303 0.7507322 -0.4657043
vn 0.4340623 0.7786839 -0.4530357
vn 0.4003460 0.8034232 -0.4407202
vn 0.3675714 0.8252044 -0.4288693
vn 0.3358742 0.8442900 -0.4175679
vn 0.3053450 0.8609386 -0.4068774
vn 0.2760382 0.8753975 -0.3968401
vn 0.2479808 0.8878977 -0.3874832
vn 0.2211795 0.8986509 -0.3788222
vn 0.1956271 0.9078489 -0.3708644
vn 0.1713088 0.9156639 -0.3636111
vn 0.1482064 0.9222489 -0.3570600
vn 0.1263033 0.9277398 -0.3512070
vn 0.1055890 0.9322565 -0.3460474
vn 0.0860646 0.9359052 -0.3415762
vn 0.0677495 0.9387806 -0.3377884
vn 0.0506919 0.9409687 -0.3346763
vn 0.0349877 0.9425532 -0.3322187
vn 0.0208119 0.9436366 -0.3303283
vn 0.0080482 0.9447242 -0.3277674
vn 0.0007499 0.9437226 -0.3307371
vn -0.0066904 0.9424162 -0.3343756
vn -0.0197396 0.9423194 -0.3341323
vn -0.0342112 0.9412872 -0.3358691
vn -0.0502231 0.9396763 -0.3383580
vn -0.0675911 0.9374502 -0.3414945
vn -0.0862119 0.9345419 -0.3452519
vn -0.1060316 0.9308702 -0.3496255
vn -0.1270267 0.9263416 -0.3546201
vn -0.1491933 0.9208499 -0.3602455
vn -0.1725400 0.9142745 -0.3665134
vn -0.1970823 0.9064791 -0.3734357
vn -0.2228381 0.8973098 -0.3810228
vn -0.2498230 0.8865939 -0.3892811
vn -0.2780449 0.8741390 -0.3982110
vn -0.3074989 0.8597327 -0.4078041
vn -0.3381600 0.8431433 -0.4180396
vn -0.3699760 0.8241229 -0.4288813
vn -0.4028587 0.8024116 -0.4402732
vn -0.4366752 0.7777457 -0.4521353
vn -0.4712381 0.7498693 -0.4643606
vn -0.5062972 0.7185502 -0.4768110
vn -0.5415341 0.6836003 -0.4893173
vn -0.5765596 0.6449009 -0.5016790
vn -0.6109182 0.6024298 -0.5136705
vn -0.6441007 0.5562896 -0.5250487
vn -0.6755656 0.5067329 -0.5355677
vn -0.7047701 0.4541792 -0.5449957
vn -0.7312076 0.3992209 -0.5531347
vn -0.7544485 0.3426161 -0.5598408
vn -0.7741783 0.2852680 -0.5650399
vn -0.7902293 0.2281991 -0.5687380
vn -0.8026010 0.1725300 -0.5710210
vn -0.8114781 0.1194848 -0.5720373
vn -0.8172802 0.0704476 -0.5719179
vn -0.8217283 0.0255716 -0.5693054
vn -0.8861433 -0.0003540 -0.4634113
vn -0.8834191 -0.0285262 -0.4677147
vn -0.8818545 -0.0772388 -0.4651524
vn -0.8760435 -0.1303620 -0.4642774
vn -0.8663535 -0.1877385 -0.4628022
vn -0.8524758 -0.2478081 -0.4603000
vn -0.8342547 -0.3091663 -0.4565471
vn -0.8117376 -0.3705194 -0.4514393
vn -0.7851758 -0.4306944 -0.4449733
vn -0.7550004 -0.4886732 -0.4372333
vn -0.7217787 -0.5436277 -0.4283741
vn -0.6861611 -0.5949426 -0.4186003
vn -0.6488253 -0.6422183 -0.4081438
vn -0.6104281 -0.6852560 -0.3972427
vn -0.5715684 -0.7240288 -0.3861242
vn -0.5327640 -0.7586455 -0.3749928
vn -0.4944408 -0.7893132 -0.3640232
vn -0.4569329 -0.8163030 -0.3533578
vn -0.4204888 -0.8399205 -0.3431073
vn -0.3852828 -0.8604838 -0.3333539
vn -0.3514269 -0.8783069 -0.3241544
vn -0.3189838 -0.8936892 -0.3155454
vn -0.2879784 -0.9069087 -0.3075468
vn -0.2584078 -0.9182189 -0.3001656
vn -0.2302506 -0.9278478 -0.2933993
vn -0.2034734 -0.9359982 -0.2872385
vn -0.1780374 -0.9428496 -0.2816686
vn -0.1539036 -0.9485601 -0.2766722
vn -0.1310372 -0.9532683 -0.2722293
vn -0.1094124 -0.9570966 -0.2683188
vn -0.0890180 -0.9601532 -0.2649180
vn -0.0698643 -0.9625351 -0.2620021
vn -0.0519939 -0.9643318 -0.2595398
vn -0.0355006 -0.9656310 -0.2574809
vn -0.0205600 -0.9665388 -0.2556952
vn -0.0070092 -0.9674881 -0.2528193
vn 0.0007976 -0.9669656 -0.2549058
vn 0.0085911 -0.9662735 -0.2573748
vn 0.0219493 -0.9664233 -0.2560162
vn 0.0366542 -0.9657874 -0.2567316
vn 0.0528906 -0.9646404 -0.2582082
vn 0.0704975 -0.9629426 -0.2603298
vn 0.0893913 -0.9606283 -0.2630638
vn 0.1095366 -0.9576181 -0.2664008
vn 0.1309281 -0.9538205 -0.2703411
vn 0.1535809 -0.9491305 -0.2748895
vn 0.1775230 -0.9434276 -0.2800535
vn 0.2027908 -0.9365739 -0.2858414
vn 0.2294239 -0.9284117 -0.2922610
vn 0.2574610 -0.9187615 -0.2993179
vn 0.2869347 -0.9074199 -0.3070140
vn 0.3178653 -0.8941584 -0.3153448
vn 0.3502535 -0.8787229 -0.3242970
vn 0.3840723 -0.8608345 -0.3338448
vn 0.4192562 -0.8401936 -0.3439463
vn 0.4556897 -0.8164857 -0.3545391
vn 0.4931952 -0.7893934 -0.3655360
vn 0.5315202 -0.7586119 -0.3768212
vn 0.5703268 -0.7238725 -0.3882473
vn 0.6091856 -0.6849710 -0.3996344
vn 0.6475757 -0.6418030 -0.4107733
vn 0.6848964 -0.5944006 -0.4214319
vn 0.7204906 -0.5429689 -0.4313677
vn 0.7536822 -0.4879137 -0.4403446
vn 0.7838251 -0.4298562 -0.4481538
vn 0.8103587 -0.3696292 -0.4546350
vn 0.8328625 -0.3082537 -0.4596953
vn 0.8511005 -0.2469039 -0.4633212
vn 0.8650517 -0.1868725 -0.4655794
vn 0.8749288 -0.1295632 -0.4665973
vn 0.8812193 -0.0765388 -0.4664700
vn 0.8856191 -0.0280034 -0.4635673
vn 0.8839466 0.0000270 -0.4675879
vn 0.8811752 0.0281925 -0.4719487
vn 0.8796328 0.0768735 -0.4694003
vn 0.8738366 0.1299503 -0.4685323
vn 0.8641704 0.1872745 -0.4670521
vn 0.8503275 0.2472929 -0.4645314
vn 0.8321516 0.3086075 -0.4607441
vn 0.8096879 0.3699309 -0.4555839
vn 0.7831844 0.4300942 -0.4490448
vn 0.7530677 0.4880818 -0.4412087
vn 0.7199011 0.5430664 -0.4322283
vn 0.6843309 0.5944311 -0.4223067
vn 0.6470320 0.6417737 -0.4116748
vn 0.6086598 0.6848917 -0.4005703
vn 0.5698132 0.7237541 -0.3892208
vn 0.5310111 0.7584659 -0.3778315
vn 0.4926817 0.7892308 -0.3665781
vn 0.4551622 0.8163167 -0.3556044
vn 0.4187047 0.8400271 -0.3450229
vn 0.3834875 0.8606785 -0.3349178
vn 0.3496267 0.8785838 -0.3253485
vn 0.3171894 0.8940418 -0.3163544
vn 0.2862046 0.9073302 -0.3079590
vn 0.2566736 0.9187026 -0.3001738
vn 0.2285787 0.9283868 -0.2930013
vn 0.2018903 0.9365860 -0.2864383
vn 0.1765730 0.9434798 -0.2804779
vn 0.1525903 0.9492260 -0.2751112
vn 0.1299097 0.9539633 -0.2703285
vn 0.1085067 0.9578132 -0.2661207
vn 0.0883707 0.9608826 -0.2624789
vn 0.0695112 0.9632666 -0.2593946
vn 0.0519689 0.9650513 -0.2568564
vn 0.0358341 0.9663192 -0.2548394
vn 0.0212794 0.9671662 -0.2532524
vn 0.0081761 0.9679861 -0.2508707
vn 0.0006897 0.9672694 -0.2537506
vn -0.0069397 0.9663388 -0.2571791
vn -0.0203220 0.9662859 -0.2566682
vn -0.0351669 0.9655008 -0.2580146
vn -0.0516039 0.9642288 -0.2599997
vn -0.0694513 0.9624236 -0.2625212
vn -0.0886113 0.9600152 -0.2655540
vn -0.1090373 0.9569215 -0.2690949
vn -0.1307152 0.9530491 -0.2731501
vn -0.1536528 0.9482912 -0.2777311
vn -0.1778719 0.9425266 -0.2828518
vn -0.2034040 0.9356167 -0.2885277
vn -0.2302846 0.9274037 -0.2947736
vn -0.2585493 0.9177081 -0.3016024
vn -0.2882284 0.9063273 -0.3090230
vn -0.3193406 0.8930334 -0.3170378
vn -0.3518860 0.8775732 -0.3256403
vn -0.3858373 0.8596691 -0.3348113
vn -0.4211296 0.8390227 -0.3445153
vn -0.4576487 0.8153209 -0.3546964
vn -0.4952189 0.7882470 -0.3652736
vn -0.5335901 0.7574974 -0.3761375
vn -0.5724273 0.7228032 -0.3871466
vn -0.6113044 0.6839599 -0.3981278
vn -0.6497041 0.6408617 -0.4088776
vn -0.6870290 0.5935383 -0.4191700
vn -0.7226250 0.5421913 -0.4287677
vn -0.7558184 0.4872224 -0.4374390
vn -0.7859645 0.4292484 -0.4449783
vn -0.8125031 0.3690975 -0.4512270
vn -0.8350131 0.3077873 -0.4560922
vn -0.8532576 0.2464893 -0.4595590
vn -0.8672144 0.1864955 -0.4616911
vn -0.8770947 0.1292101 -0.4626117
vn -0.8833853 0.0761982 -0.4624113
vn -0.8877684 0.0276694 -0.4594580
vn -0.9400521 -0.0003498 -0.3410307
vn -0.9378704 -0.0302787 -0.3456623
vn -0.9358113 -0.0819769 -0.3428367
vn -0.9294683 -0.1383403 -0.3419805
vn -0.9188382 -0.1991563 -0.3406951
vn -0.9035177 -0.2627066 -0.3385868
vn -0.8833206 -0.3274279 -0.3354635
vn -0.8583178 -0.3918779 -0.3312436
vn -0.8288316 -0.4547577 -0.3259351
vn -0.7953990 -0.5149591 -0.3196211
vn -0.7587128 -0.5716067 -0.3124430
vn -0.7195516 -0.6240802 -0.3045807
vn -0.6787098 -0.6720118 -0.2962316
vn -0.6369399 -0.7152606 -0.2875933
vn -0.5949111 -0.7538728 -0.2788488
vn -0.5531859 -0.7880355 -0.2701582
vn -0.5122130 -0.8180312 -0.2616539
vn -0.4723312 -0.8441986 -0.2534402
vn -0.4337810 -0.8669009 -0.2455950
vn -0.3967204 -0.8865025 -0.2381729
vn -0.3612401 -0.9033537 -0.2312093
vn -0.3273796 -0.9177809 -0.2247239
vn -0.2951403 -0.9300816 -0.2187244
vn -0.2644970 -0.9405227 -0.2132097
vn -0.2354074 -0.9493407 -0.2081721
vn -0.2078193 -0.9567436 -0.2035995
vn -0.1816776 -0.9629135 -0.1994766
vn -0.1569286 -0.9680088 -0.1957866
vn -0.1335251 -0.9721679 -0.1925115
vn -0.1114307 -0.9755115 -0.1896324
vn -0.0906251 -0.9781460 -0.1871297
vn -0.0711112 -0.9801658 -0.1849817
vn -0.0529258 -0.9816572 -0.1831610
vn -0.0361585 -0.9827034 -0.1816219
vn -0.0209834 -0.9833982 -0.1802436
vn -0.0072347 -0.9840506 -0.1777417
vn 0.0006794 -0.9836894 -0.1798741
vn 0.0086048 -0.9832074 -0.1822888
vn 0.0221973 -0.9832531 -0.1808883
vn 0.0371755 -0.9827185 -0.1813348
vn 0.0537257 -0.9817594 -0.1823786
vn 0.0716880 -0.9803253 -0.1839105
vn 0.0909819 -0.9783473 -0.1859004
vn 0.1115772 -0.9757452 -0.1883398
vn 0.1334760 -0.9724277 -0.1912291
vn 0.1567020 -0.9682901 -0.1945733
vn 0.1812940 -0.9632122 -0.1983802
vn 0.2073009 -0.9570558 -0.2026585
vn 0.2347772 -0.9496618 -0.2074178
vn 0.2637783 -0.9408474 -0.2126667
vn 0.2943560 -0.9304037 -0.2184114
vn 0.3265519 -0.9180927 -0.2246547
vn 0.3603896 -0.9036462 -0.2313932
vn 0.3958662 -0.8867654 -0.2386148
vn 0.4329399 -0.8671225 -0.2462958
vn 0.4715170 -0.8443659 -0.2543971
vn 0.5114365 -0.8181304 -0.2628600
vn 0.5524539 -0.7880523 -0.2716030
vn 0.5942264 -0.7537937 -0.2805174
vn 0.6363010 -0.7150735 -0.2894666
vn 0.6781109 -0.6717075 -0.2982861
vn 0.7189835 -0.6236538 -0.3067878
vn 0.7581637 -0.5710585 -0.3147697
vn 0.7948565 -0.5142962 -0.3220290
vn 0.8282849 -0.4539939 -0.3283804
vn 0.8577607 -0.3910335 -0.3336754
vn 0.8827550 -0.3265286 -0.3378204
vn 0.9029585 -0.2617817 -0.3407878
vn 0.9183220 -0.1982373 -0.3426175
vn 0.9290768 -0.1374606 -0.3433960
vn 0.9357639 -0.0811758 -0.3431566
vn 0.9399423 -0.0296415 -0.3400439
vn 0.9388051 0.0000875 -0.3444487
vn 0.9365863 0.0300285 -0.3491480
vn 0.9345496 0.0817314 -0.3463193
vn 0.9282164 0.1380885 -0.3454646
vn 0.9175987 0.1988950 -0.3441705
vn 0.9022944 0.2624370 -0.3420406
vn 0.8821163 0.3271556 -0.3388804
vn 0.8571338 0.3916120 -0.3346068
vn 0.8276662 0.4545095 -0.3292261
vn 0.7942476 0.5147407 -0.3228201
vn 0.7575681 0.5714294 -0.3155296
vn 0.7184041 0.6239537 -0.3075342
vn 0.6775490 0.6719429 -0.2990318
vn 0.6357555 0.7152532 -0.2902202
vn 0.5936936 0.7539280 -0.2812836
vn 0.5519281 0.7881516 -0.2723829
vn 0.5109101 0.8182045 -0.2636517
vn 0.4709814 0.8444239 -0.2551954
vn 0.4323863 0.8671719 -0.2470932
vn 0.3952857 0.8868125 -0.2394010
vn 0.3597744 0.9036958 -0.2321557
vn 0.3258952 0.9181484 -0.2253792
vn 0.2936529 0.9304683 -0.2190814
vn 0.2630258 0.9409229 -0.2132641
vn 0.2339745 0.9497494 -0.2079231
vn 0.2064502 0.9571566 -0.2030507
vn 0.1804000 0.9633272 -0.1986369
vn 0.1557727 0.9684204 -0.1946711
vn 0.1325227 0.9725751 -0.1911426
vn 0.1106145 0.9759123 -0.1880414
vn 0.0900282 0.9785384 -0.1853580
vn 0.0707659 0.9805472 -0.1830828
vn 0.0528622 0.9820240 -0.1812029
vn 0.0364037 0.9830491 -0.1796918
vn 0.0215609 0.9837113 -0.1784579
vn 0.0081945 0.9842984 -0.1763219
vn 0.0005617 0.9838428 -0.1790335
vn -0.0072127 0.9832432 -0.1821557
vn -0.0208306 0.9831921 -0.1813816
vn -0.0359322 0.9825875 -0.1822926
vn -0.0526592 0.9815691 -0.1837095
vn -0.0708335 0.9800815 -0.1855339
vn -0.0903621 0.9780531 -0.1877412
vn -0.1112051 0.9754019 -0.1903277
vn -0.1333565 0.9720349 -0.1932984
vn -0.1568333 0.9678465 -0.1966632
vn -0.1816687 0.9627162 -0.2004346
vn -0.2079069 0.9565054 -0.2046268
vn -0.2355983 0.9490553 -0.2092544
vn -0.2647955 0.9401838 -0.2143311
vn -0.2955476 0.9296825 -0.2198685
vn -0.3278943 0.9173147 -0.2258739
vn -0.3618583 0.9028137 -0.2323488
vn -0.3974357 0.8858822 -0.2392856
vn -0.4345849 0.8661941 -0.2466652
vn -0.4732125 0.8434002 -0.2544525
vn -0.5131587 0.8171369 -0.2625935
vn -0.5541808 0.7870431 -0.2710107
vn -0.5959384 0.7527823 -0.2796002
vn -0.6379816 0.7140750 -0.2882297
vn -0.6797475 0.6707376 -0.2967396
vn -0.7205674 0.6227278 -0.3049469
vn -0.7596908 0.5701907 -0.3126539
vn -0.7963265 0.5134979 -0.3196623
vn -0.8297014 0.4532729 -0.3257903
vn -0.8591297 0.3903931 -0.3308918
vn -0.8840841 0.3259675 -0.3348740
vn -0.9042554 0.2612944 -0.3377091
vn -0.9195939 0.1978153 -0.3394351
vn -0.9303297 0.1370934 -0.3401354
vn -0.9370014 0.0808526 -0.3398399
vn -0.9411539 0.0293560 -0.3367010
vn -0.9771038 -0.0003804 -0.2127628
vn -0.9755785 -0.0315696 -0.2173704
vn -0.9729918 -0.0853461 -0.2144830
vn -0.9662299 -0.1439538 -0.2137219
vn -0.9548945 -0.2071403 -0.2127660
vn -0.9385025 -0.2730731 -0.2112914
vn -0.9168447 -0.3400743 -0.2091536
vn -0.8900131 -0.4065943 -0.2062954
vn -0.8583876 -0.4712467 -0.2027246
vn -0.8225892 -0.5328638 -0.1985024
vn -0.7834076 -0.5905436 -0.1937289
vn -0.7417173 -0.6436709 -0.1885292
vn -0.6983977 -0.6919087 -0.1830379
vn -0.6542684 -0.7351644 -0.1773872
vn -0.6100450 -0.7735406 -0.1716974
vn -0.5663175 -0.8072824 -0.1660712
vn -0.5235455 -0.8367259 -0.1605920
vn -0.4820668 -0.8622564 -0.1553238
vn -0.4421125 -0.8842752 -0.1503127
vn -0.4038259 -0.9031768 -0.1455897
vn -0.3672807 -0.9193339 -0.1411737
vn -0.3324987 -0.9330892 -0.1370736
vn -0.2994638 -0.9447512 -0.1332911
vn -0.2681349 -0.9545940 -0.1298226
vn -0.2384550 -0.9628584 -0.1266609
vn -0.2103592 -0.9697544 -0.1237960
vn -0.1837811 -0.9754645 -0.1212165
vn -0.1586574 -0.9801470 -0.1189102
vn -0.1349325 -0.9839390 -0.1168640
vn -0.1125630 -0.9869598 -0.1150646
vn -0.0915228 -0.9893138 -0.1134979
vn -0.0718097 -0.9910935 -0.1121476
vn -0.0534566 -0.9923825 -0.1109922
vn -0.0365503 -0.9932600 -0.1099934
vn -0.0212636 -0.9938094 -0.1090444
vn -0.0074330 -0.9942330 -0.1069838
vn 0.0005137 -0.9940327 -0.1090816
vn 0.0085205 -0.9937433 -0.1113629
vn 0.0222653 -0.9936849 -0.1099758
vn 0.0374278 -0.9932093 -0.1101569
vn 0.0541920 -0.9923687 -0.1107590
vn 0.0723970 -0.9911032 -0.1116831
vn 0.0919638 -0.9893412 -0.1129012
vn 0.1128650 -0.9870021 -0.1144046
vn 0.1351067 -0.9839947 -0.1161925
vn 0.1587179 -0.9802150 -0.1182676
vn 0.1837441 -0.9755436 -0.1206351
vn 0.2102422 -0.9698427 -0.1233016
vn 0.2382765 -0.9629534 -0.1262740
vn 0.2679137 -0.9546919 -0.1295594
vn 0.2992187 -0.9448468 -0.1331638
vn 0.3322479 -0.9331759 -0.1370911
vn 0.3670416 -0.9194035 -0.1413420
vn 0.4036145 -0.9032193 -0.1459120
vn 0.4419429 -0.8842788 -0.1507894
vn 0.4819506 -0.8622078 -0.1559530
vn 0.5234915 -0.8366103 -0.1613691
vn 0.5663306 -0.8070839 -0.1669888
vn 0.6101259 -0.7732435 -0.1727453
vn 0.6544130 -0.7347535 -0.1785520
vn 0.6985970 -0.6913717 -0.1843026
vn 0.7419573 -0.6429989 -0.1898730
vn 0.7836706 -0.5897338 -0.1951269
vn 0.8228552 -0.5319204 -0.1999250
vn 0.8586366 -0.4701823 -0.2041368
vn 0.8902283 -0.4054297 -0.2076546
vn 0.9170159 -0.3388378 -0.2104063
vn 0.9386303 -0.2717992 -0.2123637
vn 0.9549966 -0.2058680 -0.2135413
vn 0.9663555 -0.1427271 -0.2139767
vn 0.9732774 -0.0842186 -0.2136314
vn 0.9771009 -0.0306465 -0.2105580
vn 0.9766111 0.0002012 -0.2150134
vn 0.9750637 0.0314104 -0.2196909
vn 0.9724926 0.0852113 -0.2167883
vn 0.9657350 0.1438363 -0.2160255
vn 0.9544023 0.2070386 -0.2150611
vn 0.9380117 0.2729883 -0.2135685
vn 0.9163531 0.3400093 -0.2114015
vn 0.8895175 0.4065535 -0.2085015
vn 0.8578830 0.4712351 -0.2048760
vn 0.8220693 0.5328860 -0.2005856
vn 0.7828647 0.5906034 -0.1957307
vn 0.7411435 0.6437704 -0.1904366
vn 0.6977851 0.6920481 -0.1848387
vn 0.6536100 0.7353421 -0.1790700
vn 0.6093352 0.7737536 -0.1732513
vn 0.5655528 0.8075261 -0.1674864
vn 0.5227245 0.8369950 -0.1618594
vn 0.4811904 0.8625451 -0.1564348
vn 0.4411842 0.8845773 -0.1512594
vn 0.4028516 0.9034865 -0.1463652
vn 0.3662687 0.9196456 -0.1417717
vn 0.3314598 0.9333977 -0.1374889
vn 0.2984113 0.9450519 -0.1335198
vn 0.2670840 0.9548831 -0.1298626
vn 0.2374234 0.9631328 -0.1265119
vn 0.2093666 0.9700119 -0.1234606
vn 0.1828489 0.9757037 -0.1207003
vn 0.1578084 0.9803673 -0.1182225
vn 0.1341908 0.9841405 -0.1160188
vn 0.1119533 0.9871433 -0.1140814
vn 0.0910699 0.9894807 -0.1124023
vn 0.0715376 0.9912454 -0.1109729
vn 0.0533879 0.9925210 -0.1097809
vn 0.0367047 0.9933858 -0.1088001
vn 0.0216581 0.9939212 -0.1079421
vn 0.0081004 0.9943209 -0.1061144
vn 0.0003635 0.9940889 -0.1085682
vn -0.0075225 0.9937594 -0.1112907
vn -0.0212904 0.9936709 -0.1102948
vn -0.0365440 0.9931746 -0.1107643
vn -0.0534383 0.9923157 -0.1115973
vn -0.0717994 0.9910314 -0.1127015
vn -0.0915392 0.9892485 -0.1140527
vn -0.1126230 0.9868851 -0.1156454
vn -0.1350507 0.9838493 -0.1174815
vn -0.1588465 0.9800365 -0.1195672
vn -0.1840514 0.9753271 -0.1219106
vn -0.2107189 0.9695834 -0.1245215
vn -0.2389100 0.9626467 -0.1274104
vn -0.2686890 0.9543339 -0.1305872
vn -0.3001188 0.9444344 -0.1340613
vn -0.3332540 0.9327068 -0.1378394
vn -0.3681339 0.9188769 -0.1419252
vn -0.4047721 0.9026355 -0.1463168
vn -0.4431447 0.8836403 -0.1510053
vn -0.4831755 0.8615186 -0.1559717
vn -0.5247187 0.8358766 -0.1611851
vn -0.5675405 0.8063142 -0.1665989
vn -0.6113003 0.7724485 -0.1721490
vn -0.6555362 0.7339460 -0.1777516
vn -0.6996560 0.6905660 -0.1833033
vn -0.7429431 0.6422105 -0.1886829
vn -0.7845782 0.5889780 -0.1937574
vn -0.8236841 0.5312117 -0.1983902
vn -0.8593903 0.4695325 -0.2024537
vn -0.8909139 0.4048474 -0.2058420
vn -0.9176431 0.3383275 -0.2084842
vn -0.9392099 0.2713610 -0.2103520
vn -0.9555393 0.2054983 -0.2114595
vn -0.9668710 0.1424191 -0.2118423
vn -0.9737733 0.0839641 -0.2114606
vn -0.9775737 0.0304402 -0.2083820
vn -0.9963627 -0.0007771 -0.0852104
vn -0.9954586 -0.0329501 -0.0893109
vn -0.9923461 -0.0879726 -0.0866600
vn -0.9852572 -0.1478501 -0.0860731
vn -0.9734460 -0.2123333 -0.0855426
vn -0.9563791 -0.2795354 -0.0848465
vn -0.9338373 -0.3477193 -0.0838993
vn -0.9059291 -0.4152813 -0.0826679
vn -0.8730713 -0.4807919 -0.0811522
vn -0.8359353 -0.5430576 -0.0793764
vn -0.7953663 -0.6011692 -0.0773822
vn -0.7522920 -0.6545215 -0.0752214
vn -0.7076367 -0.7028005 -0.0729500
vn -0.6622534 -0.7459443 -0.0706220
vn -0.6168796 -0.7840897 -0.0682863
vn -0.5721161 -0.8175141 -0.0659843
vn -0.5284253 -0.8465830 -0.0637491
vn -0.4861411 -0.8717061 -0.0616055
vn -0.4454875 -0.8933041 -0.0595713
vn -0.4065980 -0.9117860 -0.0576580
vn -0.3695362 -0.9275351 -0.0558721
vn -0.3343137 -0.9409011 -0.0542164
vn -0.3009051 -0.9521974 -0.0526908
vn -0.2692605 -0.9617005 -0.0512930
vn -0.2393157 -0.9696526 -0.0500194
vn -0.2109992 -0.9762641 -0.0488653
vn -0.1842391 -0.9817172 -0.0478257
vn -0.1589675 -0.9861695 -0.0468948
vn -0.1351249 -0.9897571 -0.0460666
vn -0.1126648 -0.9925983 -0.0453347
vn -0.0915582 -0.9947963 -0.0446918
vn -0.0718009 -0.9964423 -0.0441286
vn -0.0534244 -0.9976183 -0.0436310
vn -0.0365145 -0.9984002 -0.0431704
vn -0.0212460 -0.9988637 -0.0426608
vn -0.0074702 -0.9991254 -0.0411404
vn 0.0003847 -0.9990730 -0.0430464
vn 0.0084939 -0.9989480 -0.0450632
vn 0.0223575 -0.9987910 -0.0437798
vn 0.0376553 -0.9983339 -0.0437200
vn 0.0545716 -0.9975444 -0.0438987
vn 0.0729453 -0.9963546 -0.0442318
vn 0.0926977 -0.9946907 -0.0446949
vn 0.1138022 -0.9924711 -0.0452791
vn 0.1362663 -0.9896046 -0.0459814
vn 0.1601214 -0.9859872 -0.0468016
vn 0.1854157 -0.9814998 -0.0477412
vn 0.2122100 -0.9760047 -0.0488023
vn 0.2405727 -0.9693431 -0.0499878
vn 0.2705764 -0.9613307 -0.0513003
vn 0.3022922 -0.9517550 -0.0527427
vn 0.3357837 -0.9403717 -0.0543166
vn 0.3710997 -0.9269015 -0.0560228
vn 0.4082635 -0.9110286 -0.0578599
vn 0.4472608 -0.8924006 -0.0598238
vn 0.4880241 -0.8706320 -0.0619065
vn 0.5304148 -0.8453118 -0.0640948
vn 0.5742027 -0.8160186 -0.0663695
vn 0.6190460 -0.7823438 -0.0687039
vn 0.6644741 -0.7439249 -0.0710627
vn 0.7098770 -0.7004904 -0.0734024
vn 0.7545085 -0.6519131 -0.0756717
vn 0.7975090 -0.5982678 -0.0778134
vn 0.8379508 -0.5398847 -0.0797685
vn 0.8749072 -0.4773868 -0.0814809
vn 0.9075401 -0.4117015 -0.0829029
vn 0.9351906 -0.3440384 -0.0840007
vn 0.9574595 -0.2758400 -0.0847562
vn 0.9742601 -0.2087205 -0.0851642
vn 0.9858392 -0.1444284 -0.0852142
vn 0.9927761 -0.0848763 -0.0848040
vn 0.9961568 -0.0304279 -0.0821330
vn 0.9962849 0.0006970 -0.0861157
vn 0.9953741 0.0328825 -0.0902727
vn 0.9922678 0.0879253 -0.0876000
vn 0.9851795 0.1478194 -0.0870097
vn 0.9733668 0.2123187 -0.0864740
vn 0.9562963 0.2795373 -0.0857688
vn 0.9337481 0.3477386 -0.0848078
vn 0.9058303 0.4153188 -0.0835572
vn 0.8729592 0.4808487 -0.0820168
vn 0.8358059 0.5431341 -0.0802109
vn 0.7952154 0.6012654 -0.0781812
vn 0.7521156 0.6546366 -0.0759801
vn 0.7074313 0.7029329 -0.0736636
vn 0.6620161 0.7460918 -0.0712864
vn 0.6166084 0.7842494 -0.0688977
vn 0.5718103 0.8176830 -0.0665391
vn 0.5280850 0.8467579 -0.0642440
vn 0.4857677 0.8718837 -0.0620375
vn 0.4450833 0.8934810 -0.0599376
vn 0.4061665 0.9119594 -0.0579560
vn 0.3690821 0.9277021 -0.0560997
vn 0.3338426 0.9410594 -0.0543716
vn 0.3004237 0.9523448 -0.0527722
vn 0.2687766 0.9618355 -0.0512998
vn 0.2388378 0.9697739 -0.0499517
vn 0.2105369 0.9763709 -0.0487243
vn 0.1838027 0.9818093 -0.0476135
vn 0.1585680 0.9862470 -0.0466153
vn 0.1347739 0.9898208 -0.0457255
vn 0.1123740 0.9926492 -0.0449397
vn 0.0913394 0.9948361 -0.0442533
vn 0.0716655 0.9964727 -0.0436600
vn 0.0533828 0.9976414 -0.0431495
vn 0.0365761 0.9984183 -0.0426982
vn 0.0214182 0.9988784 -0.0422279
vn 0.0077635 0.9991368 -0.0408086
vn 0.0000141 0.9990815 -0.0428514
vn -0.0080228 0.9989528 -0.0450448
vn -0.0219037 0.9987950 -0.0439174
vn -0.0372451 0.9983383 -0.0439718
vn -0.0542228 0.9975483 -0.0442413
vn -0.0726701 0.9963563 -0.0446448
vn -0.0925042 0.9946877 -0.0451595
vn -0.1136948 0.9924605 -0.0457777
vn -0.1362468 0.9895831 -0.0464978
vn -0.1601890 0.9859514 -0.0473209
vn -0.1855676 0.9814462 -0.0482497
vn -0.2124416 0.9759300 -0.0492878
vn -0.2408779 0.9692439 -0.0504392
vn -0.2709479 0.9612042 -0.0517081
vn -0.3027214 0.9515988 -0.0530984
vn -0.3362615 0.9401838 -0.0546130
vn -0.3716159 0.9266807 -0.0562538
vn -0.4088078 0.9107743 -0.0580206
vn -0.4478223 0.8921132 -0.0599101
vn -0.4885918 0.8703129 -0.0619154
vn -0.5309778 0.8449636 -0.0640242
vn -0.5747504 0.8156452 -0.0662183
vn -0.6195686 0.7819504 -0.0684717
vn -0.6649627 0.7435180 -0.0707505
vn -0.7103242 0.7000777 -0.0730121
vn -0.7549090 0.6515032 -0.0752062
vn -0.7978597 0.5978697 -0.0772769
vn -0.8382510 0.5395072 -0.0791662
vn -0.8751590 0.4770377 -0.0808191
vn -0.9077476 0.4113870 -0.0821889
vn -0.9353598 0.3437626 -0.0832420
vn -0.9575974 0.2756046 -0.0839607
vn -0.9743738 0.2085248 -0.0843397
vn -0.9859352 0.1442696 -0.0843682
vn -0.9928598 0.0847505 -0.0839445
vn -0.9962292 0.0303331 -0.0812847
vn -1.0000000 0.0000003 -0.0000000
vn -0.9994924 -0.0317514 -0.0026140
vn -0.9962346 -0.0866943 -0.0008917
vn -0.9891918 -0.1466266 -0.0005693
vn -0.9774336 -0.2112426 -0.0004138
vn -0.9603979 -0.2786318 -0.0003195
vn -0.9378503 -0.3470400 -0.0002549
vn -0.9098908 -0.4148477 -0.0002070
vn -0.8769340 -0.4806108 -0.0001695
vn -0.8396536 -0.5431222 -0.0001391
vn -0.7989015 -0.6014619 -0.0001138
vn -0.7556142 -0.6550169 -0.0000923
vn -0.7107263 -0.7034686 -0.0000738
vn -0.6651005 -0.7467539 -0.0000577
vn -0.6194826 -0.7850104 -0.0000436
vn -0.5744804 -0.8185184 -0.0000310
vn -0.5305611 -0.8476467 -0.0000197
vn -0.4880624 -0.8728088 -0.0000094
vn -0.4472099 -0.8944290 -0.0000000
vn -0.4081385 -0.9129200 0.0000088
vn -0.3709121 -0.9286680 0.0000173
vn -0.3355420 -0.9420252 0.0000255
vn -0.3020024 -0.9533072 0.0000336
vn -0.2702428 -0.9627922 0.0000420
vn -0.2401982 -0.9707239 0.0000507
vn -0.2117965 -0.9773138 0.0000601
vn -0.1849648 -0.9827451 0.0000705
vn -0.1596346 -0.9871762 0.0000824
vn -0.1357454 -0.9907437 0.0000966
vn -0.1132497 -0.9935665 0.0001141
vn -0.0921175 -0.9957481 0.0001367
vn -0.0723429 -0.9973798 0.0001677
vn -0.0539552 -0.9985433 0.0002137
vn -0.0370372 -0.9993138 0.0002907
vn -0.0217576 -0.9997632 0.0004521
vn -0.0079542 -0.9999675 0.0013199
vn -0.0000073 -1.0000000 -0.0000000
vn 0.0079467 -0.9999676 -0.0013148
vn 0.0217516 -0.9997633 -0.0004491
vn 0.0370331 -0.9993140 -0.0002883
vn 0.0539530 -0.9985435 -0.0002117
vn 0.0723425 -0.9973798 -0.0001660
vn 0.0921188 -0.9957480 -0.0001353
vn 0.1132527 -0.9935662 -0.0001130
vn 0.1357497 -0.9907432 -0.0000957
vn 0.1596401 -0.9871753 -0.0000817
vn 0.1849714 -0.9827439 -0.0000700
vn 0.2118038 -0.9773122 -0.0000597
vn 0.2402062 -0.9707219 -0.0000504
vn 0.2702512 -0.9627898 -0.0000418
vn 0.3020110 -0.9533044 -0.0000335
vn 0.3355507 -0.9420222 -0.0000254
vn 0.3709207 -0.9286645 -0.0000173
vn 0.4081469 -0.9129163 -0.0000089
vn 0.4472179 -0.8944250 -0.0000000
vn 0.4880699 -0.8728046 0.0000095
vn 0.5305680 -0.8476423 0.0000198
vn 0.5744867 -0.8185139 0.0000311
vn 0.6194882 -0.7850060 0.0000438
vn 0.6651053 -0.7467496 0.0000581
vn 0.7107304 -0.7034644 0.0000743
vn 0.7556176 -0.6550130 0.0000930
vn 0.7989042 -0.6014583 0.0001147
vn 0.8396557 -0.5431190 0.0001403
vn 0.8769356 -0.4806080 0.0001710
vn 0.9098920 -0.4148452 0.0002089
vn 0.9378511 -0.3470379 0.0002573
vn 0.9603984 -0.2786301 0.0003227
vn 0.9774339 -0.2112412 0.0004179
vn 0.9891919 -0.1466253 0.0005751
vn 0.9962347 -0.0866929 0.0009009
vn 0.9994924 -0.0317484 0.0026409
vn 1.0000000 0.0000003 -0.0000000
vn 0.9994924 0.0317495 -0.0026414
vn 0.9962346 0.0866942 -0.0009012
vn 0.9891917 0.1466266 -0.0005754
vn 0.9774336 0.2112426 -0.0004182
vn 0.9603980 0.2786315 -0.0003229
vn 0.9378505 0.3470393 -0.0002576
vn 0.9098913 0.4148466 -0.0002092
vn 0.8769349 0.4806092 -0.0001713
vn 0.8396550 0.5431202 -0.0001405
vn 0.7989034 0.6014594 -0.0001149
vn 0.7556169 0.6550139 -0.0000932
vn 0.7107297 0.7034652 -0.0000745
vn 0.6651046 0.7467502 -0.0000582
vn 0.6194875 0.7850065 -0.0000439
vn 0.5744860 0.8185144 -0.0000312
vn 0.5305675 0.8476427 -0.0000198
vn 0.4880693 0.8728049 -0.0000095
vn 0.4472173 0.8944253 0.0000000
vn 0.4081462 0.9129166 0.0000089
vn 0.3709200 0.9286648 0.0000173
vn 0.3355498 0.9420225 0.0000255
vn 0.3020100 0.9533048 0.0000337
vn 0.2702500 0.9627902 0.0000420
vn 0.2402046 0.9707223 0.0000506
vn 0.2118020 0.9773126 0.0000599
vn 0.1849691 0.9827443 0.0000702
vn 0.1596374 0.9871757 0.0000819
vn 0.1357466 0.9907436 0.0000959
vn 0.1132490 0.9935666 0.0001131
vn 0.0921146 0.9957484 0.0001354
vn 0.0723376 0.9973802 0.0001659
vn 0.0539473 0.9985438 0.0002113
vn 0.0370264 0.9993142 0.0002875
vn 0.0217431 0.9997635 0.0004475
vn 0.0079286 0.9999677 0.0013091
vn -0.0000073 1.0000000 0.0000000
vn -0.0079361 0.9999676 -0.0013141
vn -0.0217490 0.9997634 -0.0004505
vn -0.0370304 0.9993141 -0.0002899
vn -0.0539494 0.9985436 -0.0002133
vn -0.0723379 0.9973802 -0.0001676
vn -0.0921131 0.9957485 -0.0001367
vn -0.1132460 0.9935670 -0.0001142
vn -0.1357422 0.9907442 -0.0000968
vn -0.1596319 0.9871766 -0.0000826
vn -0.1849626 0.9827456 -0.0000707
vn -0.2117946 0.9773142 -0.0000603
vn -0.2401966 0.9707242 -0.0000509
vn -0.2702416 0.9627926 -0.0000421
vn -0.3020013 0.9533075 -0.0000338
vn -0.3355411 0.9420256 -0.0000256
vn -0.3709113 0.9286683 -0.0000173
vn -0.4081378 0.9129203 -0.0000089
vn -0.4472093 0.8944293 0.0000000
vn -0.4880618 0.8728091 0.0000095
vn -0.5305605 0.8476471 0.0000198
vn -0.5744797 0.8185188 0.0000311
vn -0.6194819 0.7850109 0.0000437
vn -0.6650998 0.7467545 0.0000579
vn -0.7107256 0.7034693 0.0000740
vn -0.7556135 0.6550178 0.0000925
vn -0.7989007 0.6014630 0.0001140
vn -0.8396529 0.5431234 0.0001393
vn -0.8769333 0.4806121 0.0001697
vn -0.9098902 0.4148490 0.0002072
vn -0.9378498 0.3470414 0.0002551
vn -0.9603975 0.2786332 0.0003198
vn -0.9774333 0.2112441 0.0004140
vn -0.9891916 0.1466279 0.0005696
vn -0.9962345 0.0866955 0.0008920
vn -0.9994923 0.0317525 0.0026145
vn -0.9963593 0.0007935 0.0852503
vn -0.9962274 -0.0303399 0.0813050
vn -0.9928559 -0.0847883 0.0839528
vn -0.9859251 -0.1443403 0.0843653
vn -0.9743523 -0.2086308 0.0843258
vn -0.9575584 -0.2757477 0.0839351
vn -0.9352967 -0.3439436 0.0832040
vn -0.9076534 -0.4116051 0.0821375
vn -0.8750271 -0.4772908 0.0807535
vn -0.8380756 -0.5397914 0.0790854
vn -0.7976365 -0.5981799 0.0771803
vn -0.7546353 -0.6518332 0.0750935
vn -0.7099992 -0.7004207 0.0728834
vn -0.6645874 -0.7438672 0.0706061
vn -0.6191457 -0.7822992 0.0683123
vn -0.5742843 -0.8159875 0.0660451
vn -0.5304743 -0.8452938 0.0638387
vn -0.4880578 -0.8706264 0.0617195
vn -0.4472655 -0.8924061 0.0597063
vn -0.4082152 -0.9110525 0.0578243
vn -0.3684640 -0.9278533 0.0576417
vn -0.3299893 -0.9418172 0.0639326
vn -0.3048114 -0.9495881 0.0732969
vn -0.2741284 -0.9592652 0.0682920
vn -0.2457507 -0.9675137 0.0593622
vn -0.2132320 -0.9756845 0.0507127
vn -0.1851835 -0.9815256 0.0481094
vn -0.1598727 -0.9860083 0.0472058
vn -0.1360097 -0.9896197 0.0464140
vn -0.1135460 -0.9924798 0.0457292
vn -0.0924513 -0.9946930 0.0451496
vn -0.0727194 -0.9963513 0.0446762
vn -0.0543534 -0.9975367 0.0443420
vn -0.0372018 -0.9983143 0.0445483
vn -0.0224259 -0.9987266 0.0451908
vn -0.0086997 -0.9989108 0.0458415
vn -0.0004786 -0.9990727 0.0430528
vn 0.0073140 -0.9991329 0.0409873
vn 0.0210264 -0.9988803 0.0423794
vn 0.0363515 -0.9984176 0.0429047
vn 0.0536193 -0.9975911 0.0440100
vn 0.0715332 -0.9963909 0.0456956
vn 0.0906640 -0.9948111 0.0461622
vn 0.1119245 -0.9926689 0.0456225
vn 0.1349465 -0.9898011 0.0456431
vn 0.1588282 -0.9862107 0.0464974
vn 0.1841406 -0.9817531 0.0474664
vn 0.2109437 -0.9762917 0.0485520
vn 0.2393039 -0.9696689 0.0497582
vn 0.2692919 -0.9617025 0.0510891
vn 0.3009779 -0.9521822 0.0525482
vn 0.3344250 -0.9408661 0.0541380
vn 0.3696820 -0.9274777 0.0558598
vn 0.4067733 -0.9117043 0.0577132
vn 0.4456866 -0.8931965 0.0596946
vn 0.4863575 -0.8715719 0.0617968
vn 0.5286518 -0.8464220 0.0640078
vn 0.5723453 -0.8173273 0.0663094
vn 0.6171038 -0.7838792 0.0686760
vn 0.6624651 -0.7457134 0.0710742
vn 0.7078290 -0.7025536 0.0734620
vn 0.7524588 -0.6542642 0.0757899
vn 0.7955031 -0.6009079 0.0780031
vn 0.8360393 -0.5427993 0.0800455
vn 0.8731416 -0.4805434 0.0818644
vn 0.9059670 -0.4150485 0.0834180
vn 0.9338457 -0.3475070 0.0846818
vn 0.9563623 -0.2793462 0.0856559
vn 0.9734086 -0.2121680 0.0863739
vn 0.9852041 -0.1477074 0.0869221
vn 0.9922812 -0.0878492 0.0875250
vn 0.9953812 -0.0328399 0.0902099
vn 0.9962884 -0.0006805 0.0860750
vn 0.9961587 0.0304211 0.0821122
vn 0.9927800 0.0848380 0.0847956
vn 0.9858494 0.1443570 0.0852171
vn 0.9742818 0.2086135 0.0851784
vn 0.9574988 0.2756955 0.0847822
vn 0.9352543 0.3438557 0.0840394
vn 0.9076351 0.4114813 0.0829553
vn 0.8750402 0.4771316 0.0815477
vn 0.8381275 0.5395982 0.0798507
vn 0.7977339 0.5979553 0.0779115
vn 0.7547841 0.6515807 0.0757861
vn 0.7102041 0.7001450 0.0735330
vn 0.6648517 0.7435735 0.0712090
vn 0.6194711 0.7819930 0.0688651
vn 0.5746708 0.8156748 0.0665445
vn 0.5309201 0.8449803 0.0642818
vn 0.4885597 0.8703175 0.0621035
vn 0.4478186 0.8921071 0.0600285
vn 0.4088132 0.9107679 0.0580823
vn 0.3691153 0.9275820 0.0578402
vn 0.3307584 0.9415371 0.0640834
vn 0.3057387 0.9492838 0.0733764
vn 0.2750259 0.9590096 0.0682736
vn 0.2465471 0.9673174 0.0592581
vn 0.2139077 0.9755451 0.0505492
vn 0.1858005 0.9814201 0.0478832
vn 0.1604356 0.9859307 0.0469149
vn 0.1365017 0.9895683 0.0460636
vn 0.1139498 0.9924520 0.0453266
vn 0.0927500 0.9946853 0.0447045
vn 0.0728963 0.9963596 0.0442011
vn 0.0543932 0.9975562 0.0438527
vn 0.0370895 0.9983401 0.0440608
vn 0.0221438 0.9987536 0.0447304
vn 0.0082135 0.9989322 0.0454643
vn -0.0001076 0.9990817 0.0428451
vn -0.0079208 0.9991294 0.0409603
vn -0.0216396 0.9988618 0.0425072
vn -0.0369069 0.9983868 0.0431477
vn -0.0540946 0.9975505 0.0443494
vn -0.0719120 0.9963442 0.0461188
vn -0.0909217 0.9947653 0.0466400
vn -0.1120514 0.9926314 0.0461241
vn -0.1349469 0.9897772 0.0461559
vn -0.1587055 0.9862060 0.0470148
vn -0.1838990 0.9817737 0.0479751
vn -0.2105900 0.9763437 0.0490399
vn -0.2388472 0.9697580 0.0502149
vn -0.2687430 0.9618339 0.0515054
vn -0.3003491 0.9523604 0.0529160
vn -0.3337300 0.9410948 0.0544507
vn -0.3689355 0.9277597 0.0561120
vn -0.4059910 0.9120411 0.0579004
vn -0.4448845 0.8935883 0.0598133
vn -0.4855522 0.8720174 0.0618447
vn -0.5278598 0.8469180 0.0639833
vn -0.5715829 0.8178686 0.0662118
vn -0.6163863 0.7844584 0.0685054
vn -0.6618065 0.7463210 0.0708315
vn -0.7072412 0.7031779 0.0731488
vn -0.7519509 0.6548918 0.0754088
vn -0.7950806 0.6015244 0.0775574
vn -0.8357037 0.5433901 0.0795390
vn -0.8728904 0.4810950 0.0813019
vn -0.9057936 0.4155495 0.0828046
vn -0.9337406 0.3479491 0.0840230
vn -0.9563139 0.2797250 0.0849573
vn -0.9734047 0.2124828 0.0856408
vn -0.9852330 0.1479612 0.0861589
vn -0.9923330 0.0880480 0.0867336
vn -0.9954517 0.0329923 0.0893725
vn -0.9770492 0.0004535 0.2130134
vn -0.9775324 -0.0304256 0.2085776
vn -0.9737318 -0.0840269 0.2116266
vn -0.9668194 -0.1425628 0.2119812
vn -0.9554649 -0.2057285 0.2115716
vn -0.9390982 -0.2716822 0.2104363
vn -0.9174780 -0.3387416 0.2085383
vn -0.8906789 -0.4053536 0.2058628
vn -0.8590694 -0.4701263 0.2024377
vn -0.8232629 -0.5318851 0.1983343
vn -0.7840453 -0.5897197 0.1936586
vn -0.7422907 -0.6430067 0.1885392
vn -0.6988805 -0.6914011 0.1831135
vn -0.6546382 -0.7348040 0.1775160
vn -0.6102849 -0.7733133 0.1718687
vn -0.5664164 -0.8071708 0.1662764
vn -0.5234982 -0.8367109 0.1608241
vn -0.4818739 -0.8623186 0.1555770
vn -0.4417798 -0.8843955 0.1505828
vn -0.4030934 -0.9034460 0.1459488
vn -0.3469607 -0.9270539 0.1420890
vn -0.2825669 -0.9473642 0.1505228
vn -0.2715423 -0.9435802 0.1895289
vn -0.2807001 -0.9372819 0.2066642
vn -0.2775245 -0.9429832 0.1837468
vn -0.2306726 -0.9624878 0.1428544
vn -0.1866353 -0.9745317 0.1243188
vn -0.1579988 -0.9802043 0.1193145
vn -0.1343903 -0.9839614 0.1172994
vn -0.1121788 -0.9869472 0.1155472
vn -0.0913332 -0.9892682 0.1140469
vn -0.0718497 -0.9910172 0.1127944
vn -0.0535683 -0.9922838 0.1118186
vn -0.0347469 -0.9931465 0.1115917
vn -0.0216090 -0.9932012 0.1143868
vn -0.0100739 -0.9932796 0.1153006
vn -0.0013949 -0.9939345 0.1099651
vn 0.0068972 -0.9942821 0.1065628
vn 0.0205961 -0.9939035 0.1083130
vn 0.0363868 -0.9933678 0.1090703
vn 0.0566840 -0.9921828 0.1111764
vn 0.0744486 -0.9903146 0.1171937
vn 0.0886430 -0.9886192 0.1215506
vn 0.1066444 -0.9870196 0.1200803
vn 0.1327697 -0.9842266 0.1169194
vn 0.1583857 -0.9803101 0.1179243
vn 0.1836408 -0.9756015 0.1203238
vn 0.2103459 -0.9698562 0.1230187
vn 0.2385672 -0.9629155 0.1260138
vn 0.2683676 -0.9545972 0.1293174
vn 0.2998088 -0.9446918 0.1329362
vn 0.3329446 -0.9329594 0.1368750
vn 0.3678134 -0.9191268 0.1411351
vn 0.4044288 -0.9028871 0.1457128
vn 0.4427668 -0.8838993 0.1505972
vn 0.4827518 -0.8617929 0.1557682
vn 0.5242391 -0.8361759 0.1611930
vn 0.5669966 -0.8066502 0.1668244
vn 0.6106866 -0.7728339 0.1725971
vn 0.6548501 -0.7343945 0.1784267
vn 0.6988992 -0.6910910 0.1842095
vn 0.7421215 -0.6428239 0.1898242
vn 0.7837019 -0.5896884 0.1951379
vn 0.8227669 -0.5320231 0.2000154
vn 0.8584478 -0.4704424 0.2043312
vn 0.8899614 -0.4058460 0.2079847
vn 0.9166921 -0.3393974 0.2109149
vn 0.9382636 -0.2724773 0.2131141
vn 0.9545858 -0.2066290 0.2146402
vn 0.9658678 -0.1435243 0.2156389
vn 0.9725902 -0.0849901 0.2164369
vn 0.9751393 -0.0312738 0.2193748
vn 0.9766672 -0.0001277 0.2147582
vn 0.9771433 0.0306610 0.2103587
vn 0.9733200 0.0841551 0.2134623
vn 0.9664082 0.1425820 0.2138353
vn 0.9550722 0.2056356 0.2134271
vn 0.9387435 0.2714751 0.2122779
vn 0.9171828 0.3384200 0.2103513
vn 0.8904655 0.4049192 0.2076335
vn 0.8589603 0.4695836 0.2041530
vn 0.8232797 0.5312417 0.1999819
vn 0.7842074 0.5889865 0.1952273
vn 0.7426141 0.6421971 0.1900188
vn 0.6993773 0.6905310 0.1844948
vn 0.6553159 0.7338904 0.1787904
vn 0.6111462 0.7723739 0.1730284
vn 0.5674592 0.8062234 0.1673140
vn 0.5247159 0.8357726 0.1617325
vn 0.4832554 0.8614053 0.1563496
vn 0.4433100 0.8835219 0.1512130
vn 0.4047540 0.9026252 0.1464309
vn 0.3487491 0.9263309 0.1424258
vn 0.2846065 0.9467235 0.1507109
vn 0.2741865 0.9428281 0.1894649
vn 0.2835667 0.9365123 0.2062393
vn 0.2801103 0.9423343 0.1831508
vn 0.2327140 0.9620856 0.1422515
vn 0.1883849 0.9742795 0.1236548
vn 0.1595681 0.9800462 0.1185223
vn 0.1357620 0.9838834 0.1163711
vn 0.1133054 0.9869404 0.1145009
vn 0.0921678 0.9893216 0.1129068
vn 0.0723468 0.9911171 0.1115920
vn 0.0536860 0.9924146 0.1105938
vn 0.0344476 0.9932911 0.1103909
vn 0.0208374 0.9933474 0.1132548
vn 0.0087479 0.9933964 0.1143990
vn -0.0002346 0.9939884 0.1094854
vn -0.0086386 0.9942718 0.1065318
vn -0.0223305 0.9938272 0.1086684
vn -0.0379540 0.9932390 0.1097073
vn -0.0580185 0.9920080 0.1120445
vn -0.0755331 0.9901032 0.1182813
vn -0.0894070 0.9883955 0.1228033
vn -0.1070322 0.9868175 0.1213893
vn -0.1327914 0.9840685 0.1182190
vn -0.1580623 0.9802054 0.1192213
vn -0.1829837 0.9755669 0.1215986
vn -0.2093737 0.9699104 0.1242434
vn -0.2373048 0.9630762 0.1271641
vn -0.2668451 0.9548805 0.1303721
vn -0.2980608 0.9451119 0.1338778
vn -0.3310095 0.9335280 0.1376891
vn -0.3657328 0.9198529 0.1418105
vn -0.4022468 0.9037760 0.1462409
vn -0.4405295 0.8849526 0.1509722
vn -0.4805064 0.8630074 0.1559864
vn -0.5220331 0.8375433 0.1612532
vn -0.5648769 0.8081560 0.1667271
vn -0.6086978 0.7744575 0.1723446
vn -0.6530329 0.7361086 0.1780228
vn -0.6972886 0.6928621 0.1836591
vn -0.7407444 0.6446134 0.1891332
vn -0.7825754 0.5914543 0.1943130
vn -0.8218964 0.5337226 0.1990639
vn -0.8578273 0.4720354 0.2032610
vn -0.8895732 0.4072980 0.2068039
vn -0.9165094 0.3406828 0.2096322
vn -0.9382539 0.2735812 0.2117381
vn -0.9547138 0.2075474 0.2131797
vn -0.9660996 0.1442638 0.2141018
vn -0.9728963 0.0855660 0.2148283
vn -0.9755049 0.0317054 0.2176808
vn -0.9398107 0.0005219 0.3416952
vn -0.9409531 -0.0292775 0.3372686
vn -0.9368098 -0.0808959 0.3403574
vn -0.9301313 -0.1372637 0.3406089
vn -0.9193685 -0.1981215 0.3398668
vn -0.9039803 -0.2617432 0.3380978
vn -0.8837347 -0.3265628 0.3352159
vn -0.8586807 -0.3911347 0.3311813
vn -0.8291279 -0.4541556 0.3260208
vn -0.7956060 -0.5145112 0.3198271
vn -0.7588043 -0.5713192 0.3127465
vn -0.7195012 -0.6239520 0.3049620
vn -0.6784938 -0.6720348 0.2966738
vn -0.6365391 -0.7154209 0.2880813
vn -0.5943121 -0.7541523 0.2793697
vn -0.5523818 -0.7884131 0.2707012
vn -0.5112038 -0.8184844 0.2622099
vn -0.4711235 -0.8447044 0.2540021
vn -0.4323876 -0.8674373 0.2461575
vn -0.3934319 -0.8876762 0.2392535
vn -0.3111964 -0.9215180 0.2322959
vn -0.2379741 -0.9414206 0.2389467
vn -0.2523453 -0.9385557 0.2354465
vn -0.2908749 -0.9275626 0.2345621
vn -0.2975681 -0.9278389 0.2248738
vn -0.2500115 -0.9454638 0.2087883
vn -0.1878976 -0.9614983 0.2005382
vn -0.1553826 -0.9681517 0.1963124
vn -0.1322034 -0.9722401 0.1930579
vn -0.1103991 -0.9755160 0.1902119
vn -0.0899420 -0.9780875 0.1877641
vn -0.0708325 -0.9800490 0.1857058
vn -0.0526481 -0.9814921 0.1841236
vn -0.0315829 -0.9824189 0.1839991
vn -0.0201704 -0.9822175 0.1866597
vn -0.0123427 -0.9823835 0.1864682
vn -0.0030172 -0.9835990 0.1803438
vn 0.0061502 -0.9841867 0.1770275
vn 0.0197225 -0.9836447 0.1790367
vn 0.0356195 -0.9830098 0.1800639
vn 0.0601091 -0.9812623 0.1830605
vn 0.0785541 -0.9786620 0.1898685
vn 0.0872966 -0.9771237 0.1939291
vn 0.0970850 -0.9760739 0.1945615
vn 0.1267573 -0.9732616 0.1915578
vn 0.1565623 -0.9683861 0.1942075
vn 0.1816001 -0.9632258 0.1980343
vn 0.2079762 -0.9569767 0.2023400
vn 0.2357915 -0.9494760 0.2071175
vn 0.2650951 -0.9405429 0.2123761
vn 0.2959334 -0.9299708 0.2181233
vn 0.3283436 -0.9175250 0.2243622
vn 0.3623464 -0.9029410 0.2310900
vn 0.3979362 -0.8859244 0.2382956
vn 0.4350700 -0.8661523 0.2459560
vn 0.4736540 -0.8432787 0.2540333
vn 0.5135282 -0.8169443 0.2624705
vn 0.5544510 -0.7867918 0.2711878
vn 0.5960838 -0.7524889 0.2800794
vn 0.6379803 -0.7137601 0.2890115
vn 0.6795820 -0.6704249 0.2978235
vn 0.7202259 -0.6224431 0.3063318
vn 0.7591683 -0.5699599 0.3143394
vn 0.7956247 -0.5133452 0.3216489
vn 0.8288281 -0.4532179 0.3280816
vn 0.8580964 -0.3904490 0.3334968
vn 0.8829022 -0.3261390 0.3378122
vn 0.9029300 -0.2615764 0.3410208
vn 0.9181123 -0.1981927 0.3432047
vn 0.9286352 -0.1375397 0.3445570
vn 0.9348980 -0.0813259 0.3454732
vn 0.9368860 -0.0297568 0.3483664
vn 0.9390524 0.0000851 0.3437740
vn 0.9401481 0.0297201 0.3394675
vn 0.9359602 0.0811318 0.3426312
vn 0.9292798 0.1372888 0.3429152
vn 0.9185519 0.1979289 0.3421792
vn 0.9032382 0.2613296 0.3403933
vn 0.8831092 0.3259291 0.3374735
vn 0.8582148 0.3902868 0.3333819
vn 0.8288638 0.4531053 0.3281468
vn 0.7955829 0.5132763 0.3218622
vn 0.7590565 0.5699230 0.3146761
vn 0.7200562 0.6224224 0.3067725
vn 0.6793713 0.6704031 0.2983526
vn 0.6377501 0.7137206 0.2896164
vn 0.5958589 0.7524173 0.2807496
vn 0.5542585 0.7866766 0.2719143
vn 0.5133960 0.8167781 0.2632452
vn 0.4736093 0.8430578 0.2548485
vn 0.4351380 0.8658768 0.2468041
vn 0.3964217 0.8862265 0.2396922
vn 0.3144729 0.9203382 0.2325606
vn 0.2416179 0.9404769 0.2390064
vn 0.2559440 0.9376358 0.2352270
vn 0.2943331 0.9266143 0.2339959
vn 0.3009121 0.9269626 0.2240364
vn 0.2531613 0.9448497 0.2077702
vn 0.1909266 0.9611495 0.1993455
vn 0.1581550 0.9679854 0.1949136
vn 0.1346196 0.9722236 0.1914649
vn 0.1123760 0.9756316 0.1884532
vn 0.0913976 0.9783128 0.1858779
vn 0.0716881 0.9803570 0.1837418
vn 0.0528313 0.9818514 0.1821444
vn 0.0310273 0.9827950 0.1820752
vn 0.0187958 0.9825807 0.1848836
vn 0.0100271 0.9826710 0.1850870
vn 0.0001361 0.9837350 0.1796257
vn -0.0092829 0.9841616 0.1770302
vn -0.0228300 0.9834644 0.1796567
vn -0.0384309 0.9827085 0.1811274
vn -0.0625026 0.9808470 0.1844791
vn -0.0804764 0.9781678 0.1916019
vn -0.0886423 0.9766121 0.1958860
vn -0.0978026 0.9755868 0.1966345
vn -0.1268354 0.9728397 0.1936382
vn -0.1560254 0.9680519 0.1962946
vn -0.1804689 0.9630139 0.2000879
vn -0.2062830 0.9569228 0.2043188
vn -0.2335792 0.9496135 0.2089857
vn -0.2624165 0.9409022 0.2141042
vn -0.2928494 0.9305787 0.2196872
vn -0.3249219 0.9184039 0.2257435
vn -0.3586605 0.9041078 0.2322754
vn -0.3940642 0.8873896 0.2392763
vn -0.4310936 0.8679191 0.2467279
vn -0.4696571 0.8453421 0.2545959
vn -0.5095952 0.8192892 0.2628267
vn -0.5506651 0.7893927 0.2713432
vn -0.5925244 0.7553089 0.2800415
vn -0.6347199 0.7167506 0.2887894
vn -0.6766827 0.6735266 0.2974264
vn -0.7177365 0.6255876 0.3057688
vn -0.7571200 0.5730730 0.3136187
vn -0.7940296 0.5163515 0.3207774
vn -0.8276777 0.4560463 0.3270648
vn -0.8573633 0.3930381 0.3323390
vn -0.8825428 0.3284421 0.3365174
vn -0.9028900 0.2635648 0.3395927
vn -0.9183323 0.1998566 0.3416475
vn -0.9290569 0.1388874 0.3428753
vn -0.9354699 0.0823811 0.3436706
vn -0.9375773 0.0305496 0.3464326
vn -0.8854799 0.0006728 0.4646772
vn -0.8871910 -0.0274754 0.4605835
vn -0.8828362 -0.0761641 0.4634645
vn -0.8765507 -0.1293430 0.4636046
vn -0.8666476 -0.1868069 0.4626285
vn -0.8526379 -0.2469885 0.4604404
vn -0.8343084 -0.3084802 0.4569131
vn -0.8116805 -0.3699854 0.4519797
vn -0.7849918 -0.4303268 0.4456532
vn -0.7546659 -0.4884806 0.4380253
vn -0.7212671 -0.5436121 0.4292548
vn -0.6854459 -0.5950991 0.4195486
vn -0.6478833 -0.6425352 0.4091403
vn -0.6092411 -0.6857160 0.3982698
vn -0.5701250 -0.7246099 0.3871665
vn -0.5310602 -0.7593230 0.3760369
vn -0.4924806 -0.7900606 0.3650577
vn -0.4547283 -0.8170934 0.3543734
vn -0.4180407 -0.8407330 0.3441077
vn -0.3726400 -0.8647448 0.3366838
vn -0.2473839 -0.9127741 0.3250303
vn -0.1796090 -0.9209745 0.3457550
vn -0.2366404 -0.9097043 0.3412320
vn -0.3105947 -0.8867462 0.3423624
vn -0.3302324 -0.8873765 0.3217289
vn -0.2667788 -0.9166756 0.2975483
vn -0.1838941 -0.9414115 0.2827144
vn -0.1515462 -0.9487390 0.2773590
vn -0.1290236 -0.9533487 0.2729089
vn -0.1078263 -0.9570839 0.2690056
vn -0.0879386 -0.9600543 0.2656360
vn -0.0693673 -0.9623565 0.2627891
vn -0.0511028 -0.9640685 0.2606924
vn -0.0257506 -0.9648209 0.2616439
vn -0.0179759 -0.9629301 0.2691513
vn -0.0162796 -0.9634806 0.2672828
vn -0.0053361 -0.9666175 0.2561681
vn 0.0052101 -0.9677662 0.2517964
vn 0.0185640 -0.9670239 0.2540080
vn 0.0342586 -0.9662685 0.2552481
vn 0.0655225 -0.9632593 0.2604580
vn 0.0857048 -0.9579099 0.2739767
vn 0.0873447 -0.9549805 0.2835193
vn 0.0815197 -0.9554849 0.2835546
vn 0.1144715 -0.9551483 0.2731080
vn 0.1531944 -0.9492723 0.2746153
vn 0.1781089 -0.9434280 0.2796800
vn 0.2039081 -0.9364379 0.2854916
vn 0.2310326 -0.9281197 0.2919207
vn 0.2595123 -0.9182962 0.2989739
vn 0.2893725 -0.9067675 0.3066533
vn 0.3206276 -0.8933091 0.3149553
vn 0.3532740 -0.8776718 0.3238669
vn 0.3872810 -0.8595826 0.3333633
vn 0.4225814 -0.8387484 0.3434035
vn 0.4590595 -0.8148621 0.3539269
vn 0.4965386 -0.7876135 0.3648483
vn 0.5347697 -0.7567061 0.3760547
vn 0.5734202 -0.7218786 0.3874023
vn 0.6120680 -0.6829337 0.3987158
vn 0.6502023 -0.6397719 0.4097912
vn 0.6872340 -0.5924281 0.4204026
vn 0.7225189 -0.5411065 0.4303141
vn 0.7553938 -0.4862084 0.4392966
vn 0.7852243 -0.4283467 0.4471486
vn 0.8114580 -0.3683422 0.4537179
vn 0.8336767 -0.3072019 0.4589228
vn 0.8516385 -0.2460846 0.4627681
vn 0.8653010 -0.1862681 0.4653583
vn 0.8748204 -0.1291414 0.4669173
vn 0.8805007 -0.0762503 0.4678722
vn 0.8819553 -0.0277434 0.4705158
vn 0.8846223 0.0002919 0.4663082
vn 0.8862078 0.0281975 0.4624290
vn 0.8817793 0.0765726 0.4654051
vn 0.8754832 0.1294294 0.4655934
vn 0.8656285 0.1865597 0.4646318
vn 0.8517300 0.2464026 0.4624303
vn 0.8335768 0.3075580 0.4588658
vn 0.8111906 0.3687377 0.4538747
vn 0.7848068 0.4287735 0.4474724
vn 0.7548435 0.4866505 0.4397529
vn 0.7218570 0.5415424 0.4308762
vn 0.6864874 0.5928338 0.4210501
vn 0.6494038 0.6401231 0.4105084
vn 0.6112553 0.6832086 0.3994909
vn 0.5726346 0.7220594 0.3882266
vn 0.5340541 0.7567804 0.3769213
vn 0.4959359 0.7875745 0.3657513
vn 0.4586106 0.8147086 0.3548610
vn 0.4223049 0.8384899 0.3443738
vn 0.3773074 0.8627013 0.3367278
vn 0.2525885 0.9113564 0.3250055
vn 0.1855042 0.9199113 0.3454728
vn 0.2422679 0.9085056 0.3404759
vn 0.3159056 0.8853837 0.3410270
vn 0.3351992 0.8861068 0.3200879
vn 0.2714924 0.9158623 0.2957838
vn 0.1884258 0.9410751 0.2808439
vn 0.1556772 0.9486842 0.2752508
vn 0.1326052 0.9535218 0.2705771
vn 0.1107362 0.9574558 0.2664880
vn 0.0900569 0.9605882 0.2629831
vn 0.0705795 0.9630077 0.2600667
vn 0.0513038 0.9647864 0.2579829
vn 0.0248374 0.9655497 0.2590307
vn 0.0158083 0.9636371 0.2667466
vn 0.0127168 0.9640356 0.2654686
vn 0.0009610 0.9668670 0.2552786
vn -0.0099806 0.9677057 0.2518850
vn -0.0232873 0.9666794 0.2549285
vn -0.0385400 0.9657073 0.2567567
vn -0.0691897 0.9624675 0.2624292
vn -0.0887062 0.9569434 0.2763885
vn -0.0894994 0.9539618 0.2862633
vn -0.0827211 0.9545165 0.2864532
vn -0.1146788 0.9543034 0.2759597
vn -0.1524695 0.9485627 0.2774559
vn -0.1764900 0.9428986 0.2824775
vn -0.2014413 0.9361434 0.2881961
vn -0.2277805 0.9281119 0.2944898
vn -0.2555521 0.9186223 0.3013737
vn -0.2847936 0.9074685 0.3088584
vn -0.3155297 0.8944189 0.3169476
vn -0.3477652 0.8792158 0.3256360
vn -0.3814767 0.8615764 0.3349053
vn -0.4166018 0.8411959 0.3447207
vn -0.4530275 0.8177544 0.3550265
vn -0.4905781 0.7909274 0.3657416
vn -0.5290018 0.7604025 0.3767561
vn -0.5679600 0.7259020 0.3879274
vn -0.6070205 0.6872124 0.3990805
vn -0.6456575 0.6442193 0.4100097
vn -0.6832624 0.5969455 0.4204861
vn -0.7191673 0.5455882 0.4302697
vn -0.7526823 0.4905477 0.4391267
vn -0.7831455 0.4324432 0.4468511
vn -0.8099786 0.3721094 0.4532871
vn -0.8327419 0.3105731 0.4583507
vn -0.8511779 0.2490173 0.4620461
vn -0.8652364 0.1887454 0.4644794
vn -0.8750734 0.1311710 0.4658762
vn -0.8810002 0.0778619 0.4666649
vn -0.8826522 0.0289751 0.4691327
vn -0.8183779 0.0008762 0.5746798
vn -0.8204870 -0.0252043 0.5711093
vn -0.8160958 -0.0702671 0.5736290
vn -0.8103190 -0.1195005 0.5736747
vn -0.8014318 -0.1727556 0.5725928
vn -0.7890131 -0.2286460 0.5702450
vn -0.7728771 -0.2859441 0.5664776
vn -0.7530238 -0.3435248 0.5612004
vn -0.7296219 -0.4003597 0.5544042
vn -0.7029884 -0.4555387 0.5461610
vn -0.6735571 -0.5082968 0.5366146
vn -0.6418408 -0.5580350 0.5259632
vn -0.6083899 -0.6043279 0.5144409
vn -0.5737546 -0.6469187 0.5022966
vn -0.5384533 -0.6857018 0.4897767
vn -0.5029509 -0.7206978 0.4771112
vn -0.4676461 -0.7520256 0.4645047
vn -0.4328665 -0.7798745 0.4521310
vn -0.3982522 -0.8046291 0.4404171
vn -0.3208617 -0.8420847 0.4335217
vn -0.1519312 -0.8923426 0.4250195
vn -0.1170255 -0.8862067 0.4482664
vn -0.2362089 -0.8590404 0.4541530
vn -0.3486707 -0.8200692 0.4537788
vn -0.3649785 -0.8352345 0.4113076
vn -0.2812058 -0.8772301 0.3890894
vn -0.1759195 -0.9139308 0.3657633
vn -0.1464218 -0.9214151 0.3599374
vn -0.1247866 -0.9267131 0.3544448
vn -0.1044060 -0.9310596 0.3496105
vn -0.0852775 -0.9345650 0.3454216
vn -0.0674160 -0.9373269 0.3418674
vn -0.0484950 -0.9393682 0.3394638
vn -0.0151004 -0.9392872 0.3427995
vn -0.0135076 -0.9328533 0.3600030
vn -0.0235143 -0.9343676 0.3555339
vn -0.0092261 -0.9421567 0.3350459
vn 0.0041044 -0.9443740 0.3288478
vn 0.0171420 -0.9434024 0.3312069
vn 0.0322910 -0.9424839 0.3326881
vn 0.0727876 -0.9376126 0.3399774
vn 0.1005616 -0.9269115 0.3615555
vn 0.0921779 -0.9187547 0.3839181
vn 0.0596354 -0.9210504 0.3848503
vn 0.0864431 -0.9272519 0.3643234
vn 0.1463147 -0.9225050 0.3571786
vn 0.1730694 -0.9157023 0.3626793
vn 0.1980352 -0.9077812 0.3697503
vn 0.2241806 -0.8984465 0.3775407
vn 0.2515133 -0.8875291 0.3860481
vn 0.2800338 -0.8748412 0.3952644
vn 0.3097306 -0.8601757 0.4051725
vn 0.3405734 -0.8433072 0.4157437
vn 0.3725054 -0.8239947 0.4269338
vn 0.4054350 -0.8019864 0.4386801
vn 0.4392271 -0.7770276 0.4508966
vn 0.4736936 -0.7488719 0.4634708
vn 0.5085859 -0.7172976 0.4762610
vn 0.5435888 -0.6821270 0.4890951
vn 0.5783190 -0.6432516 0.5017714
vn 0.6123297 -0.6006580 0.5140645
vn 0.6451227 -0.5544560 0.5257331
vn 0.6761694 -0.5049018 0.5365344
vn 0.7049409 -0.4524147 0.5462411
vn 0.7309438 -0.3975829 0.5546612
vn 0.7537592 -0.3411555 0.5616583
vn 0.7730781 -0.2840233 0.5671693
vn 0.7887286 -0.2271932 0.5712183
vn 0.8006894 -0.1717688 0.5739267
vn 0.8090829 -0.1189554 0.5755297
vn 0.8141194 -0.0701148 0.5764491
vn 0.8151264 -0.0253360 0.5787289
vn 0.8180742 0.0005218 0.5751124
vn 0.8199472 0.0262915 0.5718350
vn 0.8154479 0.0709484 0.5744659
vn 0.8096439 0.1197619 0.5745727
vn 0.8008109 0.1725808 0.5735136
vn 0.7885306 0.2280279 0.5711592
vn 0.7726190 0.2848860 0.5673622
vn 0.7530751 0.3420411 0.5620372
vn 0.7300637 0.3984765 0.5551787
vn 0.7038944 0.4532939 0.5468613
vn 0.6749904 0.5057390 0.5372299
vn 0.6438513 0.5552216 0.5264832
vn 0.6110121 0.6013229 0.5148543
vn 0.5770066 0.6437900 0.5025911
vn 0.5423365 0.6825186 0.4899382
vn 0.5074502 0.7175284 0.4771240
vn 0.4727301 0.7489352 0.4643516
vn 0.4384885 0.7769237 0.4517935
vn 0.4043591 0.8018740 0.4398770
vn 0.3277137 0.8397675 0.4328905
vn 0.1596790 0.8911912 0.4245950
vn 0.1254368 0.8854233 0.4475390
vn 0.2441162 0.8577139 0.4524756
vn 0.3559106 0.8183780 0.4512041
vn 0.3714744 0.8337013 0.4085938
vn 0.2876250 0.8763566 0.3863560
vn 0.1820650 0.9137804 0.3631221
vn 0.1519875 0.9216339 0.3570584
vn 0.1295764 0.9272343 0.3513495
vn 0.1082580 0.9318404 0.3463434
vn 0.0880337 0.9355516 0.3420427
vn 0.0689267 0.9384547 0.3384550
vn 0.0486221 0.9405652 0.3361145
vn 0.0136905 0.9404717 0.3395961
vn 0.0103308 0.9340186 0.3570749
vn 0.0184593 0.9352832 0.3534185
vn 0.0031549 0.9425361 0.3340893
vn -0.0107194 0.9442406 0.3290817
vn -0.0236849 0.9428232 0.3324507
vn -0.0382393 0.9415723 0.3346331
vn -0.0779039 0.9363031 0.3424435
vn -0.1048090 0.9252704 0.3645405
vn -0.0953533 0.9169798 0.3873704
vn -0.0615267 0.9193823 0.3885236
vn -0.0869229 0.9257948 0.3678972
vn -0.1454829 0.9212768 0.3606714
vn -0.1710164 0.9147188 0.3661188
vn -0.1948221 0.9071111 0.3730868
vn -0.2198892 0.8981609 0.3807304
vn -0.2462446 0.8876920 0.3890585
vn -0.2739056 0.8755075 0.3980733
vn -0.3028743 0.8613899 0.4077678
vn -0.3331317 0.8451017 0.4181225
vn -0.3646297 0.8263880 0.4291015
vn -0.3972830 0.8049811 0.4406491
vn -0.4309593 0.7806089 0.4526851
vn -0.4654704 0.7530061 0.4651012
vn -0.5005634 0.7219307 0.4777577
vn -0.5359144 0.6871846 0.4904825
vn -0.5711263 0.6486397 0.5030719
vn -0.6057331 0.6062656 0.5152955
vn -0.6392122 0.5601589 0.5269059
vn -0.6710064 0.5105688 0.5376523
vn -0.7005552 0.4579153 0.5472989
vn -0.7273332 0.4027954 0.5556459
vn -0.7508914 0.3459750 0.5625508
vn -0.7708956 0.2883684 0.5679468
vn -0.7871554 0.2310107 0.5718571
vn -0.7996386 0.1750349 0.5744048
vn -0.8084653 0.1216753 0.5758289
vn -0.8138517 0.0723199 0.5765547
vn -0.8151429 0.0270683 0.5786272
vn -0.7441262 0.0011202 0.6680381
vn -0.7464473 -0.0226591 0.6650587
vn -0.7421860 -0.0637118 0.6671587
vn -0.7369774 -0.1085794 0.6671393
vn -0.7291465 -0.1571633 0.6660669
vn -0.7183446 -0.2082598 0.6637838
vn -0.7044185 -0.2608215 0.6601263
vn -0.6873559 -0.3138959 0.6549894
vn -0.6672708 -0.3666095 0.6483418
vn -0.6443892 -0.4181774 0.6402268
vn -0.6190292 -0.4679208 0.6307559
vn -0.5915763 -0.5152842 0.6200965
vn -0.5624552 -0.5598441 0.6084560
vn -0.5321027 -0.6013102 0.5960644
vn -0.5009433 -0.6395168 0.5831587
vn -0.4693712 -0.6744083 0.5699685
vn -0.4377370 -0.7060199 0.5567066
vn -0.4063179 -0.7344630 0.5435714
vn -0.3653378 -0.7626157 0.5338030
vn -0.2071132 -0.8308341 0.5165450
vn -0.0322292 -0.8419124 0.5386509
vn -0.0758926 -0.8398260 0.5375246
vn -0.2611959 -0.7822316 0.5655886
vn -0.4119490 -0.7233794 0.5540941
vn -0.3955215 -0.7798697 0.4851453
vn -0.2823508 -0.8329458 0.4758984
vn -0.1651899 -0.8786556 0.4479695
vn -0.1400488 -0.8861675 0.4416940
vn -0.1195217 -0.8922661 0.4354030
vn -0.1001602 -0.8973309 0.4298431
vn -0.0819747 -0.9014711 0.4250058
vn -0.0649891 -0.9047833 0.4208843
vn -0.0440089 -0.9071646 0.4184681
vn 0.0034664 -0.9048519 0.4257124
vn -0.0047262 -0.8882744 0.4592888
vn -0.0366105 -0.8914052 0.4517260
vn -0.0158892 -0.9094452 0.4155201
vn 0.0028579 -0.9137439 0.4062805
vn 0.0154777 -0.9125252 0.4087276
vn 0.0299189 -0.9113625 0.4105158
vn 0.0780622 -0.9055607 0.4169726
vn 0.1287815 -0.8872424 0.4429629
vn 0.1072074 -0.8643944 0.4912524
vn 0.0423066 -0.8643129 0.5011720
vn 0.0261558 -0.8797702 0.4746791
vn 0.1264758 -0.8881909 0.4417249
vn 0.1664276 -0.8801047 0.4446544
vn 0.1903564 -0.8711514 0.4526143
vn 0.2152589 -0.8607072 0.4613531
vn 0.2411586 -0.8486163 0.4708428
vn 0.2680316 -0.8347097 0.4810601
vn 0.2958413 -0.8188056 0.4919708
vn 0.3245328 -0.8007115 0.5035271
vn 0.3540268 -0.7802278 0.5156643
vn 0.3842133 -0.7571538 0.5282974
vn 0.4149455 -0.7312963 0.5413187
vn 0.4460336 -0.7024803 0.5545948
vn 0.4772412 -0.6705635 0.5679660
vn 0.5082828 -0.6354531 0.5812469
vn 0.5388261 -0.5971244 0.5942297
vn 0.5684980 -0.5556404 0.6066908
vn 0.5968970 -0.5111699 0.6184006
vn 0.6236102 -0.4640015 0.6291366
vn 0.6482364 -0.4145513 0.6386993
vn 0.6704113 -0.3633624 0.6469285
vn 0.6898330 -0.3110965 0.6537197
vn 0.7062851 -0.2585181 0.6590371
vn 0.7196520 -0.2064782 0.6629237
vn 0.7299255 -0.1559065 0.6655088
vn 0.7371948 -0.1078267 0.6670212
vn 0.7415891 -0.0634157 0.6678503
vn 0.7422557 -0.0227104 0.6697319
vn 0.7452666 0.0007800 0.6667661
vn 0.7472305 0.0242015 0.6641242
vn 0.7428259 0.0647867 0.6663425
vn 0.7375683 0.1091676 0.6663898
vn 0.7297880 0.1572448 0.6653447
vn 0.7191377 0.2078257 0.6630607
vn 0.7054642 0.2598752 0.6593824
vn 0.6887529 0.3124534 0.6542112
vn 0.6691123 0.3647004 0.6475201
vn 0.6467594 0.4158443 0.6393558
vn 0.6220003 0.4652189 0.6298309
vn 0.5952052 0.5122792 0.6191130
vn 0.5667814 0.5566098 0.6074079
vn 0.5371468 0.5979260 0.5949436
vn 0.5067062 0.6360645 0.5819542
vn 0.4758339 0.6709695 0.5686668
vn 0.4448610 0.7026736 0.5552913
vn 0.4140459 0.7312837 0.5420242
vn 0.3737299 0.7597125 0.5321305
vn 0.2167129 0.8290818 0.5154211
vn 0.0431773 0.8418512 0.5379797
vn 0.0866829 0.8395767 0.5362808
vn 0.2713408 0.7809667 0.5625523
vn 0.4207621 0.7215522 0.5498379
vn 0.4032930 0.7783063 0.4812423
vn 0.2905389 0.8322759 0.4721270
vn 0.1729750 0.8789057 0.4445273
vn 0.1470303 0.8868451 0.4380500
vn 0.1254709 0.8933025 0.4315874
vn 0.1048784 0.8986689 0.4259046
vn 0.0852690 0.9030392 0.4210100
vn 0.0666783 0.9064955 0.4169171
vn 0.0439207 0.9089278 0.4146338
vn -0.0055613 0.9065432 0.4220763
vn 0.0002718 0.8899648 0.4560292
vn 0.0298083 0.8927624 0.4495407
vn 0.0079554 0.9099525 0.4146363
vn -0.0114782 0.9134816 0.4067180
vn -0.0240002 0.9116351 0.4102993
vn -0.0376960 0.9100143 0.4128595
vn -0.0847423 0.9036404 0.4198247
vn -0.1343035 0.8847618 0.4462724
vn -0.1115928 0.8616056 0.4951595
vn -0.0451587 0.8616837 0.5054325
vn -0.0272100 0.8774578 0.4788815
vn -0.1256982 0.8863056 0.4457155
vn -0.1640698 0.8785557 0.4485766
vn -0.1865145 0.8699902 0.4564312
vn -0.2100314 0.8600224 0.4650251
vn -0.2346681 0.8484863 0.4743436
vn -0.2604212 0.8352011 0.4843758
vn -0.2872709 0.8199710 0.4950989
vn -0.3151759 0.8025874 0.5064756
vn -0.3440670 0.7828329 0.5184502
vn -0.3738407 0.7604869 0.5309451
vn -0.4043528 0.7353349 0.5438579
vn -0.4354120 0.7071792 0.5570584
vn -0.4667753 0.6758544 0.5703873
vn -0.4981458 0.6412451 0.5836570
vn -0.5291743 0.6033057 0.5966547
vn -0.5594652 0.5620821 0.6091489
vn -0.5885894 0.5177309 0.6209004
vn -0.6161028 0.4705352 0.6316756
vn -0.6415704 0.4209138 0.6412636
vn -0.6645941 0.3694208 0.6494944
vn -0.6848407 0.3167364 0.6562555
vn -0.7020667 0.2636504 0.6615065
vn -0.7161362 0.2110428 0.6652894
vn -0.7270278 0.1598738 0.6677356
vn -0.7348258 0.1111975 0.6690785
vn -0.7396624 0.0662192 0.6697123
vn -0.7406942 0.0249881 0.6713775
vn -0.6678899 0.0013955 0.7442588
vn -0.6702659 -0.0200149 0.7418511
vn -0.6662565 -0.0569561 0.7435444
vn -0.6616247 -0.0973445 0.7434896
vn -0.6548045 -0.1411217 0.7425064
vn -0.6455150 -0.1872537 0.7404366
vn -0.6336357 -0.2348585 0.7371209
vn -0.6191507 -0.2831425 0.7324498
vn -0.6021355 -0.3313783 0.7263754
vn -0.5827475 -0.3789046 0.7189136
vn -0.5612134 -0.4251367 0.7101397
vn -0.5378141 -0.4695776 0.7001806
vn -0.5128667 -0.5118269 0.6892031
vn -0.4867055 -0.5515844 0.6774012
vn -0.4596658 -0.5886472 0.6649826
vn -0.4320687 -0.6229028 0.6521571
vn -0.4042092 -0.6543178 0.6391268
vn -0.3741822 -0.6835001 0.6267498
vn -0.2747723 -0.7338238 0.6212913
vn -0.0345529 -0.8044965 0.5929515
vn 0.0687587 -0.7776568 0.6249177
vn -0.0876988 -0.7712220 0.6304963
vn -0.3215541 -0.6802070 0.6587270
vn -0.4842815 -0.6187950 0.6185177
vn -0.4228183 -0.7152577 0.5564451
vn -0.2567168 -0.7959019 0.5483034
vn -0.1538974 -0.8354465 0.5275839
vn -0.1325603 -0.8435151 0.5204903
vn -0.1133355 -0.8504476 0.5137061
vn -0.0951729 -0.8562715 0.5076823
vn -0.0780947 -0.8610907 0.5024183
vn -0.0621341 -0.8649977 0.4979140
vn -0.0361776 -0.8677455 0.4956904
vn 0.0336143 -0.8608526 0.5077429
vn 0.0113047 -0.8257968 0.5638545
vn -0.0590741 -0.8301402 0.5544164
vn -0.0271188 -0.8678890 0.4960174
vn 0.0014988 -0.8760091 0.4822923
vn 0.0136012 -0.8745394 0.4847637
vn 0.0273690 -0.8730955 0.4867804
vn 0.0737866 -0.8697172 0.4880036
vn 0.1711160 -0.8433909 0.5093242
vn 0.1447564 -0.7933038 0.5913668
vn 0.0508905 -0.7803806 0.6232305
vn -0.0668278 -0.7961959 0.6013370
vn 0.0608709 -0.8411537 0.5373594
vn 0.1567079 -0.8372644 0.5238615
vn 0.1809859 -0.8272521 0.5318815
vn 0.2044290 -0.8157379 0.5410919
vn 0.2286732 -0.8025426 0.5510299
vn 0.2536730 -0.7875232 0.5616558
vn 0.2793714 -0.7705300 0.5729180
vn 0.3056947 -0.7514102 0.5847508
vn 0.3325486 -0.7300115 0.5970717
vn 0.3598135 -0.7061894 0.6097793
vn 0.3873409 -0.6798140 0.6227519
vn 0.4149505 -0.6507805 0.6358465
vn 0.4424285 -0.6190207 0.6488994
vn 0.4695283 -0.5845155 0.6617287
vn 0.4959742 -0.5473084 0.6741388
vn 0.5214679 -0.5075180 0.6859276
vn 0.5456987 -0.4653488 0.6968956
vn 0.5683568 -0.4210978 0.7068573
vn 0.5891492 -0.3751570 0.7156539
vn 0.6078165 -0.3280102 0.7231655
vn 0.6241488 -0.2802250 0.7293231
vn 0.6379992 -0.2324426 0.7341168
vn 0.6492920 -0.1853685 0.7376031
vn 0.6580250 -0.1397737 0.7399098
vn 0.6642578 -0.0965167 0.7412463
vn 0.6680568 -0.0566043 0.7419542
vn 0.6684830 -0.0200322 0.7434576
vn 0.6713949 0.0010638 0.7410990
vn 0.6733070 0.0220954 0.7390328
vn 0.6691246 0.0585452 0.7408405
vn 0.6644218 0.0984188 0.7408491
vn 0.6576419 0.1416589 0.7398918
vn 0.6485035 0.1872440 0.7378230
vn 0.6368843 0.2343049 0.7344927
vn 0.6227644 0.2820613 0.7297985
vn 0.6062125 0.3297994 0.7236979
vn 0.5873760 0.3768719 0.7162102
vn 0.5664685 0.4227069 0.7074124
vn 0.5437549 0.4668189 0.6974315
vn 0.5195336 0.5088168 0.6864330
vn 0.4941189 0.5484071 0.6746082
vn 0.4678243 0.5853908 0.6621616
vn 0.4409491 0.6196563 0.6492996
vn 0.4137659 0.6511688 0.6362209
vn 0.3843827 0.6805420 0.6237888
vn 0.2863085 0.7315772 0.6187263
vn 0.0472069 0.8045477 0.5920089
vn -0.0552130 0.7791250 0.6244323
vn 0.1007858 0.7714151 0.6283001
vn 0.3333809 0.6791355 0.6539359
vn 0.4938407 0.6171382 0.6125862
vn 0.4318136 0.7139423 0.5512018
vn 0.2666178 0.7957862 0.5437273
vn 0.1632344 0.8363099 0.5233930
vn 0.1408301 0.8448282 0.5161708
vn 0.1202932 0.8521453 0.5092917
vn 0.1005889 0.8582825 0.5032227
vn 0.0817474 0.8633264 0.4979809
vn 0.0638172 0.8673520 0.4935867
vn 0.0356778 0.8701025 0.4915777
vn -0.0366384 0.8630041 0.5038666
vn -0.0173418 0.8279462 0.5605394
vn 0.0503134 0.8319707 0.5525336
vn 0.0172080 0.8685049 0.4953817
vn -0.0122344 0.8755454 0.4829809
vn -0.0242135 0.8732632 0.4866467
vn -0.0370938 0.8712382 0.4894569
vn -0.0821077 0.8672031 0.4911385
vn -0.1777729 0.8400025 0.5126330
vn -0.1503580 0.7893562 0.5952388
vn -0.0548934 0.7766027 0.6275946
vn 0.0646713 0.7929201 0.6058839
vn -0.0604952 0.8384215 0.5416547
vn -0.1542544 0.8350752 0.5280672
vn -0.1767260 0.8255218 0.5359867
vn -0.1984763 0.8145621 0.5450649
vn -0.2211672 0.8020110 0.5548545
vn -0.2447770 0.7877101 0.5653291
vn -0.2692682 0.7714926 0.5764493
vn -0.2945822 0.7531860 0.5881600
vn -0.3206357 0.7326169 0.6003875
vn -0.3473155 0.7096178 0.6130371
vn -0.3744749 0.6840349 0.6259910
vn -0.4019305 0.6557387 0.6391076
vn -0.4294602 0.6246367 0.6522216
vn -0.4568036 0.5906868 0.6651463
vn -0.4836660 0.5539126 0.6776784
vn -0.5097247 0.5144170 0.6896056
vn -0.5346403 0.4723942 0.7007164
vn -0.5580713 0.4281383 0.7108123
vn -0.5796908 0.3820456 0.7197219
vn -0.5992063 0.3346121 0.7273146
vn -0.6163767 0.2864244 0.7335126
vn -0.6310281 0.2381479 0.7383015
vn -0.6430636 0.1905163 0.7417363
vn -0.6524658 0.1443299 0.7439470
vn -0.6592869 0.1004766 0.7451478
vn -0.6635923 0.0599914 0.7456851
vn -0.6644433 0.0228841 0.7469883
vn -0.5934615 0.0016915 0.8048606
vn -0.5957799 -0.0174030 0.8029592
vn -0.5920903 -0.0503371 0.8042980
vn -0.5880088 -0.0863570 0.8042314
vn -0.5821069 -0.1254337 0.8033791
vn -0.5741621 -0.1666834 0.8015949
vn -0.5640831 -0.2093675 0.7987337
vn -0.5518556 -0.2528302 0.7946901
vn -0.5375307 -0.2964723 0.7894079
vn -0.5212181 -0.3397460 0.7828821
vn -0.5030779 -0.3821584 0.7751565
vn -0.4833120 -0.4232786 0.7663190
vn -0.4621523 -0.4627442 0.7564939
vn -0.4398496 -0.5002652 0.7458331
vn -0.4166612 -0.5356251 0.7345061
vn -0.3928411 -0.5686777 0.7226905
vn -0.3678398 -0.5996158 0.7107424
vn -0.3020757 -0.6414598 0.7051806
vn -0.0713806 -0.7314678 0.6781295
vn 0.1427180 -0.7218325 0.6771923
vn 0.0861034 -0.7344714 0.6731553
vn -0.1681499 -0.6682255 0.7247070
vn -0.4286233 -0.5509222 0.7160774
vn -0.5274908 -0.5619547 0.6371502
vn -0.4351081 -0.6343284 0.6389902
vn -0.2089443 -0.7641704 0.6102342
vn -0.1430147 -0.7854959 0.6021155
vn -0.1241675 -0.7944386 0.5945165
vn -0.1063984 -0.8021498 0.5875671
vn -0.0895788 -0.8086960 0.5813660
vn -0.0737416 -0.8141720 0.5759219
vn -0.0589276 -0.8186625 0.5712436
vn -0.0226708 -0.8221028 0.5688875
vn 0.0781455 -0.8074943 0.5846762
vn 0.0372690 -0.7466567 0.6641647
vn -0.0941172 -0.7482142 0.6567476
vn -0.0450796 -0.8173401 0.5743892
vn 0.0000589 -0.8316914 0.5552381
vn 0.0115515 -0.8299823 0.5576701
vn 0.0246580 -0.8282792 0.5597728
vn 0.0576428 -0.8277745 0.5580920
vn 0.2091470 -0.7972096 0.5663165
vn 0.2244568 -0.7231892 0.6531588
vn 0.0900107 -0.6854799 0.7225063
vn -0.1199569 -0.6756789 0.7273709
vn -0.1097220 -0.7449816 0.6579997
vn 0.1205755 -0.7871354 0.6048797
vn 0.1700770 -0.7772408 0.6057809
vn 0.1919649 -0.7648213 0.6149780
vn 0.2144064 -0.7507323 0.6248447
vn 0.2374007 -0.7348561 0.6353169
vn 0.2608761 -0.7170793 0.6463289
vn 0.2847480 -0.6972912 0.6578021
vn 0.3089152 -0.6753885 0.6696430
vn 0.3332579 -0.6512804 0.6817426
vn 0.3576352 -0.6248958 0.6939757
vn 0.3818843 -0.5961910 0.7062016
vn 0.4058208 -0.5651580 0.7182659
vn 0.4292403 -0.5318340 0.7300036
vn 0.4519226 -0.4963092 0.7412443
vn 0.4736371 -0.4587344 0.7518183
vn 0.4941507 -0.4193265 0.7615644
vn 0.5132374 -0.3783711 0.7703394
vn 0.5306885 -0.3362218 0.7780262
vn 0.5463232 -0.2932966 0.7845432
vn 0.5599981 -0.2500722 0.7898519
vn 0.5716146 -0.2070778 0.7939619
vn 0.5811231 -0.1648924 0.7969357
vn 0.5885223 -0.1241506 0.7988918
vn 0.5938484 -0.0855689 0.8000138
vn 0.5971222 -0.0500043 0.8005902
vn 0.5973887 -0.0174234 0.8017626
vn 0.6001094 0.0013657 0.7999167
vn 0.6018917 0.0200864 0.7983251
vn 0.5980116 0.0525411 0.7997634
vn 0.5938417 0.0880555 0.7997489
vn 0.5879669 0.1266038 0.7989158
vn 0.5801623 0.1673152 0.7971307
vn 0.5703329 0.2094636 0.7942577
vn 0.5584592 0.2524062 0.7901990
vn 0.5445842 0.2955570 0.7849039
vn 0.5288069 0.3383815 0.7783709
vn 0.5112738 0.3803994 0.7706461
vn 0.4921703 0.4211910 0.7618179
vn 0.4717098 0.4604037 0.7520095
vn 0.4501219 0.4977550 0.7413705
vn 0.4276420 0.5330328 0.7300673
vn 0.4045006 0.5660932 0.7182741
vn 0.3801379 0.5971323 0.7063484
vn 0.3155276 0.6394215 0.7011295
vn 0.0863987 0.7315294 0.6763135
vn -0.1273972 0.7245756 0.6773183
vn -0.0710212 0.7367256 0.6724518
vn 0.1831237 0.6685978 0.7207237
vn 0.4408897 0.5500891 0.7092378
vn 0.5371537 0.5606260 0.6302098
vn 0.4456996 0.6336870 0.6322916
vn 0.2204206 0.7649535 0.6051950
vn 0.1536759 0.7871377 0.5973256
vn 0.1334817 0.7965185 0.5896956
vn 0.1141073 0.8046013 0.5827488
vn 0.0954303 0.8114354 0.5765983
vn 0.0774942 0.8170958 0.5712698
vn 0.0603585 0.8216471 0.5667917
vn 0.0215042 0.8249977 0.5647267
vn -0.0823812 0.8099165 0.5807310
vn -0.0451537 0.7489758 0.6610570
vn 0.0833602 0.7504261 0.6556765
vn 0.0331582 0.8180344 0.5742127
vn -0.0129657 0.8309429 0.5562066
vn -0.0243114 0.8282534 0.5598261
vn -0.0364041 0.8258629 0.5626945
vn -0.0677754 0.8247230 0.5614610
vn -0.2168907 0.7929314 0.5694017
vn -0.2307764 0.7182218 0.6564295
vn -0.0950669 0.6807142 0.7263543
vn 0.1163218 0.6715974 0.7317282
vn 0.1087730 0.7413256 0.6622725
vn -0.1183760 0.7841925 0.6091217
vn -0.1656974 0.7749100 0.6099662
vn -0.1856002 0.7631048 0.6190506
vn -0.2062069 0.7497259 0.6288003
vn -0.2275428 0.7346379 0.6391646
vn -0.2495579 0.7177074 0.6500899
vn -0.2721837 0.6988019 0.6615073
vn -0.2953304 0.6777945 0.6733310
vn -0.3188845 0.6545698 0.6854568
vn -0.3427062 0.6290316 0.6977620
vn -0.3666283 0.6011112 0.7101049
vn -0.3904569 0.5707770 0.7223275
vn -0.4139727 0.5380445 0.7342579
vn -0.4369355 0.5029859 0.7457161
vn -0.4590901 0.4657386 0.7565209
vn -0.4801753 0.4265119 0.7664981
vn -0.4999341 0.3855900 0.7754909
vn -0.5181260 0.3433322 0.7833699
vn -0.5345384 0.3001686 0.7900427
vn -0.5489984 0.2565937 0.7954624
vn -0.5613812 0.2131592 0.7996339
vn -0.5716155 0.1704691 0.8026182
vn -0.5796839 0.1291849 0.8045358
vn -0.5856123 0.0900501 0.8055739
vn -0.5894173 0.0539482 0.8060253
vn -0.5901342 0.0208614 0.8070356
vn -0.5231522 0.0019951 0.8522369
vn -0.5253409 -0.0149095 0.8507612
vn -0.5219940 -0.0440636 0.8518102
vn -0.5184167 -0.0759608 0.8517476
vn -0.5133250 -0.1105911 0.8510388
vn -0.5065433 -0.1472006 0.8495563
vn -0.4980041 -0.1851708 0.8471740
vn -0.4876974 -0.2239608 0.8437966
vn -0.4756597 -0.2630799 0.8393669
vn -0.4619687 -0.3020781 0.8338667
vn -0.4467385 -0.3405462 0.8273168
vn -0.4301141 -0.3781188 0.8197731
vn -0.4122647 -0.4144788 0.8113231
vn -0.3933760 -0.4493604 0.8020789
vn -0.3736425 -0.4825517 0.7921712
vn -0.3524852 -0.5142560 0.7818535
vn -0.2965025 -0.5572230 0.7756215
vn -0.0864869 -0.6409043 0.7627330
vn 0.1708661 -0.6718755 0.7206859
vn 0.2077772 -0.6690383 0.7135940
vn -0.0045103 -0.6558810 0.7548509
vn -0.3077890 -0.5420209 0.7819714
vn -0.5473263 -0.4270049 0.7197922
vn -0.5422192 -0.5222954 0.6581837
vn -0.3811131 -0.5969913 0.7059421
vn -0.1647193 -0.7193708 0.6748135
vn -0.1321447 -0.7306177 0.6698772
vn -0.1151333 -0.7402501 0.6624003
vn -0.0989239 -0.7486023 0.6555980
vn -0.0835482 -0.7557601 0.6494970
vn -0.0690471 -0.7618051 0.6441160
vn -0.0554650 -0.7668099 0.6394734
vn -0.0003909 -0.7721704 0.6354154
vn 0.1368173 -0.7466943 0.6509445
vn 0.0729904 -0.6615743 0.7463189
vn -0.1419673 -0.6510597 0.7456317
vn -0.0715752 -0.7586256 0.6475833
vn -0.0014274 -0.7816479 0.6237184
vn 0.0093743 -0.7797256 0.6260512
vn 0.0217471 -0.7777939 0.6281430
vn 0.0404324 -0.7760958 0.6293176
vn 0.2017428 -0.7579110 0.6203796
vn 0.3343832 -0.6804996 0.6520032
vn 0.1592613 -0.6078288 0.7779331
vn -0.0420217 -0.5743392 0.8175382
vn -0.3038940 -0.5702943 0.7631598
vn -0.0645747 -0.6965463 0.7146001
vn 0.1500363 -0.7224351 0.6749641
vn 0.1782068 -0.7094963 0.6818045
vn 0.1987766 -0.6948303 0.6911576
vn 0.2197199 -0.6784590 0.7010111
vn 0.2409607 -0.6603051 0.7112911
vn 0.2624103 -0.6402987 0.7219130
vn 0.2839684 -0.6183807 0.7327805
vn 0.3055217 -0.5945074 0.7437859
vn 0.3269431 -0.5686561 0.7548102
vn 0.3480920 -0.5408302 0.7657249
vn 0.3688149 -0.5110657 0.7763939
vn 0.3889478 -0.4794360 0.7866770
vn 0.4083195 -0.4460576 0.7964344
vn 0.4267560 -0.4110934 0.8055319
vn 0.4440858 -0.3747551 0.8138467
vn 0.4601466 -0.3373036 0.8212743
vn 0.4747917 -0.2990477 0.8277339
vn 0.4878960 -0.2603410 0.8331747
vn 0.4993617 -0.2215782 0.8375804
vn 0.5091224 -0.1831928 0.8409725
vn 0.5171443 -0.1456577 0.8434131
vn 0.5234252 -0.1094947 0.8450071
vn 0.5279834 -0.0753019 0.8459097
vn 0.5308094 -0.0438081 0.8463582
vn 0.5309764 -0.0149612 0.8472545
vn 0.5334729 0.0016740 0.8458155
vn 0.5351001 0.0182329 0.8445919
vn 0.5315620 0.0469492 0.8457172
vn 0.5278878 0.0783809 0.8456896
vn 0.5228103 0.1125238 0.8449898
vn 0.5161506 0.1486363 0.8435021
vn 0.5078363 0.1861122 0.8411091
vn 0.4978509 0.2244224 0.8377226
vn 0.4862220 0.2630882 0.8332903
vn 0.4730163 0.3016718 0.8277981
vn 0.4583339 0.3397754 0.8212690
vn 0.4423037 0.3770442 0.8137599
vn 0.4250760 0.4131702 0.8053575
vn 0.4068161 0.4478951 0.7961725
vn 0.3876960 0.4810117 0.7863330
vn 0.3671265 0.5127292 0.7760972
vn 0.3121963 0.5560014 0.7703219
vn 0.1040869 0.6415375 0.7599970
vn -0.1539644 0.6754711 0.7211337
vn -0.1914347 0.6731678 0.7142814
vn 0.0216001 0.6581320 0.7525926
vn 0.3231612 0.5423277 0.7755305
vn 0.5585352 0.4265741 0.7113881
vn 0.5522482 0.5215322 0.6504045
vn 0.3937505 0.5973626 0.6986548
vn 0.1775668 0.7212745 0.6695022
vn 0.1437718 0.7331261 0.6647223
vn 0.1251322 0.7431499 0.6573204
vn 0.1070240 0.7518201 0.6506246
vn 0.0894850 0.7592020 0.6446742
vn 0.0725697 0.7653561 0.6395027
vn 0.0563447 0.7703338 0.6351466
vn -0.0017543 0.7754455 0.6314120
vn -0.1425182 0.7490539 0.6469983
vn -0.0828185 0.6636131 0.7434775
vn 0.1294875 0.6533911 0.7458640
vn 0.0577276 0.7593613 0.6481034
vn -0.0136524 0.7805289 0.6249706
vn -0.0242873 0.7774927 0.6284228
vn -0.0355443 0.7747967 0.6312105
vn -0.0525576 0.7724980 0.6328384
vn -0.2109019 0.7529966 0.6233109
vn -0.3405832 0.6749613 0.6545459
vn -0.1650028 0.6024213 0.7809370
vn 0.0374544 0.5696112 0.8210605
vn 0.3007070 0.5665841 0.7671752
vn 0.0653379 0.6926089 0.7183481
vn -0.1459320 0.7194827 0.6790055
vn -0.1718312 0.7072334 0.6857806
vn -0.1903068 0.6933172 0.6950501
vn -0.2093375 0.6777737 0.7048408
vn -0.2288702 0.6605043 0.7150892
vn -0.2488332 0.6414157 0.7257189
vn -0.2691379 0.6204245 0.7366398
vn -0.2896772 0.5974625 0.7477471
vn -0.3103248 0.5724820 0.7589222
vn -0.3309353 0.5454628 0.7700339
vn -0.3513454 0.5164186 0.7809406
vn -0.3713761 0.4854039 0.7914941
vn -0.3908368 0.4525193 0.8015441
vn -0.4095298 0.4179168 0.8109444
vn -0.4272574 0.3818025 0.8195596
vn -0.4438285 0.3444373 0.8272722
vn -0.4590667 0.3061358 0.8339896
vn -0.4728178 0.2672626 0.8396511
vn -0.4849566 0.2282282 0.8442328
vn -0.4953915 0.1894856 0.8477514
vn -0.5040677 0.1515295 0.8502674
vn -0.5109658 0.1149052 0.8518866
vn -0.5160919 0.0802342 0.8527671
vn -0.5194293 0.0482698 0.8531490
vn -0.5200320 0.0189764 0.8539360
vn -0.4581064 0.0022897 0.8888944
vn -0.4601226 -0.0125856 0.8877662
vn -0.4571107 -0.0382453 0.8885871
vn -0.4539845 -0.0663294 0.8885373
vn -0.4495971 -0.0968399 0.8879665
vn -0.4438098 -0.1291331 0.8867680
vn -0.4365732 -0.1626903 0.8848365
vn -0.4278820 -0.1970649 0.8820898
vn -0.4177638 -0.2318547 0.8784742
vn -0.4062754 -0.2666918 0.8739656
vn -0.3934998 -0.3012391 0.8685694
vn -0.3795426 -0.3351917 0.8623190
vn -0.3645275 -0.3682783 0.8552723
vn -0.3485840 -0.4002703 0.8475098
vn -0.3296332 -0.4323193 0.8393104
vn -0.2632115 -0.4839277 0.8345859
vn -0.0507759 -0.5554360 0.8300076
vn 0.2061126 -0.6051487 0.7689685
vn 0.2775574 -0.6141640 0.7387587
vn 0.1135547 -0.6149129 0.7803764
vn -0.1955477 -0.5270241 0.8270470
vn -0.4894783 -0.3931037 0.7783832
vn -0.6028768 -0.3915432 0.6951500
vn -0.5284035 -0.4381713 0.7271834
vn -0.2601789 -0.6139260 0.7452528
vn -0.1388834 -0.6612588 0.7371894
vn -0.1210137 -0.6723720 0.7302544
vn -0.1057418 -0.6824281 0.7232639
vn -0.0911446 -0.6912208 0.7168727
vn -0.0772673 -0.6988201 0.7111119
vn -0.0641558 -0.7052921 0.7060078
vn -0.0518400 -0.7106887 0.7015940
vn 0.0338724 -0.7208438 0.6922694
vn 0.2050515 -0.6825559 0.7014780
vn 0.1136902 -0.5871858 0.8014284
vn -0.1980544 -0.5537688 0.8087735
vn -0.1069799 -0.6939391 0.7120420
vn -0.0029265 -0.7269779 0.6866546
vn 0.0071187 -0.7248808 0.6888375
vn 0.0186755 -0.7227632 0.6908434
vn 0.0319009 -0.7197697 0.6934796
vn 0.1327021 -0.7203514 0.6807966
vn 0.3967336 -0.6601152 0.6378483
vn 0.3165118 -0.5721437 0.7566187
vn 0.0820623 -0.5239404 0.8477925
vn -0.2527297 -0.4530997 0.8548850
vn -0.3957000 -0.4873699 0.7783907
vn -0.0228849 -0.6346672 0.7724467
vn 0.1593942 -0.6509897 0.7421630
vn 0.1822117 -0.6364882 0.7494543
vn 0.2011300 -0.6200326 0.7583576
vn 0.2201998 -0.6019453 0.7675766
vn 0.2393355 -0.5821919 0.7770271
vn 0.2584428 -0.5607500 0.7866172
vn 0.2774194 -0.5376131 0.7962478
vn 0.2961548 -0.5127940 0.8058130
vn 0.3145312 -0.4863290 0.8152020
vn 0.3324240 -0.4582812 0.8243013
vn 0.3497045 -0.4287439 0.8329978
vn 0.3662418 -0.3978432 0.8411824
vn 0.3819061 -0.3657394 0.8487534
vn 0.3965727 -0.3326284 0.8556217
vn 0.4101255 -0.2987403 0.8617141
vn 0.4224615 -0.2643388 0.8669782
vn 0.4334938 -0.2297190 0.8713853
vn 0.4431552 -0.1952053 0.8749333
vn 0.4513999 -0.1611516 0.8776493
vn 0.4582039 -0.1279448 0.8795905
vn 0.4635630 -0.0960151 0.8808465
vn 0.4674830 -0.0658627 0.8815451
vn 0.4699358 -0.0381082 0.8818776
vn 0.4700467 -0.0126888 0.8825504
vn 0.4723257 0.0019731 0.8814219
vn 0.4738072 0.0165497 0.8804731
vn 0.4706226 0.0418346 0.8813423
vn 0.4674016 0.0695157 0.8813077
vn 0.4630182 0.0996030 0.8807346
vn 0.4573298 0.1314643 0.8795263
vn 0.4502820 0.1645922 0.8775851
vn 0.4418619 0.1985503 0.8748347
vn 0.4320883 0.2329473 0.8712263
vn 0.4210065 0.2674258 0.8667393
vn 0.4086859 0.3016587 0.8613814
vn 0.3952159 0.3353501 0.8551869
vn 0.3807023 0.3682372 0.8482141
vn 0.3652546 0.4000976 0.8405421
vn 0.3468083 0.4320932 0.8324779
vn 0.2815235 0.4839850 0.8285548
vn 0.0709671 0.5574264 0.8271877
vn -0.1876349 0.6098171 0.7700105
vn -0.2605528 0.6195709 0.7404351
vn -0.0952616 0.6189042 0.7796684
vn 0.2134732 0.5286273 0.8215731
vn 0.5029873 0.3934461 0.7695479
vn 0.6130638 0.3914090 0.6862593
vn 0.5400924 0.4386229 0.7182689
vn 0.2745796 0.6156437 0.7386399
vn 0.1526111 0.6642322 0.7317824
vn 0.1331336 0.6757373 0.7250204
vn 0.1159586 0.6861017 0.7182047
vn 0.0991843 0.6951226 0.7120162
vn 0.0828643 0.7028489 0.7064962
vn 0.0670612 0.7093259 0.7016834
vn 0.0518297 0.7145844 0.6976265
vn -0.0373443 0.7242384 0.6885377
vn -0.2123385 0.6844588 0.6974442
vn -0.1253210 0.5885867 0.7986616
vn 0.1843956 0.5559024 0.8105373
vn 0.0914283 0.6946705 0.7134941
vn -0.0142785 0.7254102 0.6881688
vn -0.0241416 0.7221130 0.6913537
vn -0.0345112 0.7191908 0.6939550
vn -0.0460049 0.7156050 0.6969885
vn -0.1439565 0.7152224 0.6839104
vn -0.4030165 0.6542645 0.6399340
vn -0.3217449 0.5663562 0.7587627
vn -0.0869092 0.5187741 0.8504824
vn 0.2482246 0.4492481 0.8582312
vn 0.3931317 0.4840206 0.7817746
vn 0.0254269 0.6307384 0.7755788
vn -0.1534861 0.6481902 0.7458495
vn -0.1739743 0.6344738 0.7531108
vn -0.1907525 0.6188569 0.7619905
vn -0.2078841 0.6016615 0.7712247
vn -0.2253013 0.5828303 0.7807357
vn -0.2429219 0.5623170 0.7904356
vn -0.2606498 0.5400916 0.8002267
vn -0.2783758 0.5161437 0.8100016
vn -0.2959775 0.4904878 0.8196457
vn -0.3133215 0.4631676 0.8290389
vn -0.3302650 0.4342595 0.8380595
vn -0.3466591 0.4038765 0.8465880
vn -0.3623529 0.3721701 0.8545115
vn -0.3771975 0.3393316 0.8617286
vn -0.3910511 0.3055919 0.8681547
vn -0.4037840 0.2712198 0.8737267
vn -0.4152831 0.2365197 0.8784067
vn -0.4254558 0.2018296 0.8821860
vn -0.4342331 0.1675194 0.8850869
vn -0.4415707 0.1339941 0.8871645
vn -0.4474470 0.1017037 0.8885086
vn -0.4518543 0.0711687 0.8892484
vn -0.4547545 0.0430308 0.8895767
vn -0.4552455 0.0172448 0.8901990
vn -0.3987046 0.0025546 0.9170759
vn -0.4005243 -0.0104615 0.9162264
vn -0.3978233 -0.0329277 0.9168710
vn -0.3950950 -0.0575259 0.9168373
vn -0.3913173 -0.0842647 0.9163898
vn -0.3863789 -0.1125940 0.9154420
vn -0.3802441 -0.1420781 0.9139082
vn -0.3729111 -0.1723466 0.9117203
vn -0.3644021 -0.2030696 0.9088310
vn -0.3547603 -0.2339461 0.9052151
vn -0.3440474 -0.2646997 0.9008693
vn -0.3323406 -0.2950790 0.8958114
vn -0.3194207 -0.3251203 0.8900939
vn -0.2932801 -0.3632028 0.8843475
vn -0.1842406 -0.4292845 0.8841777
vn 0.0485466 -0.4686425 0.8820530
vn 0.2654325 -0.5430757 0.7966269
vn 0.3152789 -0.5715326 0.7575947
vn 0.1718739 -0.5513598 0.8163711
vn -0.1285081 -0.4885172 0.8630392
vn -0.4366729 -0.3721283 0.8190466
vn -0.6153044 -0.2977401 0.7298981
vn -0.5997543 -0.3428445 0.7230162
vn -0.3995732 -0.4521798 0.7974175
vn -0.1637041 -0.5863692 0.7933297
vn -0.1239291 -0.6007754 0.7897534
vn -0.1098131 -0.6122436 0.7830063
vn -0.0962683 -0.6224543 0.7767130
vn -0.0832877 -0.6314510 0.7709298
vn -0.0709189 -0.6392851 0.7656925
vn -0.0592102 -0.6460059 0.7610325
vn -0.0480792 -0.6516178 0.7570222
vn 0.0822740 -0.6714009 0.7365133
vn 0.2754074 -0.6205670 0.7341984
vn 0.1518312 -0.5335914 0.8320021
vn -0.2552870 -0.4717993 0.8439395
vn -0.1496070 -0.6264372 0.7649799
vn -0.0044072 -0.6689094 0.7433309
vn 0.0048328 -0.6666842 0.7453246
vn 0.0155080 -0.6644369 0.7471835
vn 0.0274401 -0.6611995 0.7497081
vn 0.0591575 -0.6593242 0.7495279
vn 0.3298337 -0.6535697 0.6812169
vn 0.4961424 -0.5596203 0.6638281
vn 0.2270912 -0.5086309 0.8304964
vn 0.0051287 -0.4647737 0.8854146
vn -0.4106889 -0.3508302 0.8415776
vn -0.4553234 -0.3891007 0.8008004
vn -0.0471202 -0.5537877 0.8313235
vn 0.1569590 -0.5754267 0.8026506
vn 0.1820522 -0.5610580 0.8075091
vn 0.1990842 -0.5434706 0.8154785
vn 0.2160590 -0.5244065 0.8235996
vn 0.2329139 -0.5038794 0.8317792
vn 0.2495592 -0.4819089 0.8399309
vn 0.2659013 -0.4585317 0.8479653
vn 0.2818434 -0.4338036 0.8557913
vn 0.2972860 -0.4078017 0.8633185
vn 0.3121289 -0.3806263 0.8704592
vn 0.3262729 -0.3524019 0.8771311
vn 0.3396216 -0.3232778 0.8832602
vn 0.3520840 -0.2934284 0.8887838
vn 0.3635770 -0.2630521 0.8936528
vn 0.3740274 -0.2323710 0.8978347
vn 0.3833743 -0.2016293 0.9013156
vn 0.3915705 -0.1710931 0.9041016
vn 0.3985834 -0.1410519 0.9062205
vn 0.4043951 -0.1118227 0.9077226
vn 0.4089995 -0.0837620 0.9086822
vn 0.4123942 -0.0572896 0.9092024
vn 0.4145401 -0.0329346 0.9094349
vn 0.4146253 -0.0106296 0.9099301
vn 0.4167157 0.0022434 0.9090341
vn 0.4180798 0.0150223 0.9082861
vn 0.4152425 0.0371899 0.9089503
vn 0.4124327 0.0614618 0.9089124
vn 0.4086523 0.0878558 0.9084518
vn 0.4037868 0.1158327 0.9074905
vn 0.3977956 0.1449660 0.9059490
vn 0.3906694 0.1748949 0.9037639
vn 0.3824215 0.2052982 0.9008920
vn 0.3730840 0.2358839 0.8973110
vn 0.3627053 0.2663840 0.8930198
vn 0.3513474 0.2965544 0.8880374
vn 0.3387787 0.3264380 0.8824212
vn 0.3131513 0.3644392 0.8769950
vn 0.2055977 0.4310900 0.8785733
vn -0.0260912 0.4727260 0.8808231
vn -0.2462898 0.5489554 0.7987423
vn -0.2978454 0.5778206 0.7598759
vn -0.1525526 0.5565948 0.8166578
vn 0.1482110 0.4912418 0.8583210
vn 0.4521351 0.3731665 0.8101362
vn 0.6262535 0.2984586 0.7202285
vn 0.6106422 0.3435988 0.7134816
vn 0.4142589 0.4538573 0.7889253
vn 0.1790670 0.5896462 0.7875610
vn 0.1378501 0.6046150 0.7844986
vn 0.1218484 0.6163454 0.7779918
vn 0.1061470 0.6267522 0.7719550
vn 0.0907431 0.6358604 0.7664511
vn 0.0756957 0.6437015 0.7615238
vn 0.0610721 0.6503053 0.7572141
vn 0.0468167 0.6556566 0.7536064
vn -0.0874011 0.6745758 0.7330134
vn -0.2842070 0.6216922 0.7298803
vn -0.1649900 0.5342372 0.8290772
vn 0.2410119 0.4735562 0.8471468
vn 0.1326860 0.6271022 0.7675527
vn -0.0148320 0.6668303 0.7450620
vn -0.0238808 0.6633728 0.7479079
vn -0.0333313 0.6603199 0.7502444
vn -0.0434787 0.6565025 0.7530698
vn -0.0728569 0.6541036 0.7528880
vn -0.3380278 0.6472991 0.6831846
vn -0.5001361 0.5539392 0.6655939
vn -0.2317977 0.5031140 0.8325540
vn -0.0091569 0.4600562 0.8878426
vn 0.4064710 0.3479748 0.8448046
vn 0.4531279 0.3862924 0.8034011
vn 0.0508241 0.5500527 0.8335820
vn -0.1495280 0.5729049 0.8058668
vn -0.1722745 0.5593996 0.8107981
vn -0.1871690 0.5426854 0.8188164
vn -0.2022155 0.5245220 0.8270342
vn -0.2173639 0.5049008 0.8353610
vn -0.2325316 0.4838201 0.8437104
vn -0.2476268 0.4612955 0.8519903
vn -0.2625495 0.4373639 0.8601050
vn -0.2771927 0.4120853 0.8679573
vn -0.2914442 0.3855457 0.8754512
vn -0.3051893 0.3578587 0.8824946
vn -0.3183130 0.3291663 0.8890030
vn -0.3307036 0.2996392 0.8949031
vn -0.3422552 0.2694764 0.9001355
vn -0.3528717 0.2389039 0.9046582
vn -0.3624686 0.2081738 0.9084493
vn -0.3709762 0.1775625 0.9115087
vn -0.3783409 0.1473726 0.9138597
vn -0.3845251 0.1179358 0.9155499
vn -0.3895062 0.0896244 0.9166528
vn -0.3932674 0.0628752 0.9172717
vn -0.3957576 0.0382352 0.9175587
vn -0.3961310 0.0156543 0.9180606
vn -0.3448953 0.0027660 0.9386371
vn -0.3465071 -0.0085565 0.9380083
vn -0.3440860 -0.0281214 0.9385169
vn -0.3417067 -0.0495515 0.9384994
vn -0.3384574 -0.0728584 0.9381568
vn -0.3342472 -0.0975727 0.9374211
vn -0.3290500 -0.1233271 0.9362246
vn -0.3228663 -0.1498139 0.9345122
vn -0.3157148 -0.1767615 0.9322444
vn -0.3076252 -0.2039281 0.9293977
vn -0.2982351 -0.2315355 0.9259844
vn -0.2783796 -0.2677364 0.9224001
vn -0.1996845 -0.3321547 0.9218456
vn -0.0189097 -0.3588859 0.9331899
vn 0.2015615 -0.3931801 0.8970966
vn 0.3261116 -0.5250121 0.7861384
vn 0.3268480 -0.5175412 0.7907727
vn 0.1666583 -0.4685922 0.8675519
vn -0.1322586 -0.4228893 0.8964777
vn -0.4302296 -0.3302233 0.8401518
vn -0.6136557 -0.2412048 0.7518290
vn -0.6352127 -0.2447635 0.7325269
vn -0.4843430 -0.3333564 0.8088791
vn -0.2164834 -0.4948784 0.8415642
vn -0.1252920 -0.5278264 0.8400602
vn -0.1111035 -0.5403209 0.8340919
vn -0.0988224 -0.5515884 0.8282417
vn -0.0869568 -0.5616834 0.8227699
vn -0.0755558 -0.5706386 0.8177181
vn -0.0646668 -0.5784877 0.8131237
vn -0.0543381 -0.5852638 0.8090202
vn -0.0438970 -0.5908496 0.8055867
vn 0.1447498 -0.6262411 0.7660741
vn 0.3411314 -0.5656186 0.7508029
vn 0.1808009 -0.4982448 0.8479759
vn -0.3083456 -0.4098133 0.8584731
vn -0.1962777 -0.5589920 0.8056072
vn -0.0058445 -0.6086829 0.7933920
vn 0.0025608 -0.6063826 0.7951689
vn 0.0123078 -0.6040698 0.7968363
vn 0.0232088 -0.6007666 0.7990875
vn 0.0355513 -0.5964255 0.8018807
vn 0.1508888 -0.6021208 0.7840173
vn 0.4974499 -0.5704152 0.6535826
vn 0.5001963 -0.5124413 0.6980026
vn 0.1821105 -0.4697637 0.8638043
vn -0.0441234 -0.4217937 0.9056176
vn -0.4661587 -0.2889745 0.8361757
vn -0.5272210 -0.2661857 0.8069592
vn -0.1818456 -0.4371816 0.8807976
vn 0.1196872 -0.4933329 0.8615670
vn 0.1767530 -0.4857084 0.8560641
vn 0.1929768 -0.4680108 0.8623954
vn 0.2077903 -0.4487546 0.8691619
vn 0.2223484 -0.4282854 0.8758612
vn 0.2365774 -0.4066539 0.8824192
vn 0.2503986 -0.3839256 0.8887641
vn 0.2637330 -0.3601818 0.8948262
vn 0.2765028 -0.3355214 0.9005396
vn 0.2886326 -0.3100605 0.9058442
vn 0.3000504 -0.2839331 0.9106875
vn 0.3106893 -0.2572909 0.9150265
vn 0.3204890 -0.2303023 0.9188295
vn 0.3293968 -0.2031526 0.9220774
vn 0.3373689 -0.1760434 0.9247653
vn 0.3443715 -0.1491930 0.9269033
vn 0.3503803 -0.1228386 0.9285173
vn 0.3553811 -0.0972416 0.9296496
vn 0.3593666 -0.0726982 0.9303605
vn 0.3623290 -0.0495619 0.9307316
vn 0.3642238 -0.0282840 0.9308819
vn 0.3643036 -0.0087970 0.9312387
vn 0.3662433 0.0024616 0.9305159
vn 0.3675253 0.0136185 0.9299138
vn 0.3650190 0.0329662 0.9304162
vn 0.3625815 0.0541529 0.9303774
vn 0.3593266 0.0771999 0.9300132
vn 0.3551618 0.1016466 0.9292621
vn 0.3500563 0.1271341 0.9280611
vn 0.3440044 0.1533623 0.9263590
vn 0.3370159 0.1800670 0.9241191
vn 0.3291104 0.2070135 0.9213207
vn 0.3199191 0.2344287 0.9179842
vn 0.3003901 0.2704649 0.9146664
vn 0.2227036 0.3350505 0.9155022
vn 0.0433326 0.3633424 0.9306474
vn -0.1789759 0.3992970 0.8991827
vn -0.3076721 0.5318139 0.7889943
vn -0.3087330 0.5245132 0.7934544
vn -0.1460067 0.4744287 0.8681011
vn 0.1530555 0.4262038 0.8915853
vn 0.4465728 0.3318205 0.8309440
vn 0.6253121 0.2426007 0.7417072
vn 0.6460142 0.2462034 0.7225300
vn 0.4985209 0.3353176 0.7993992
vn 0.2329022 0.4982808 0.8351483
vn 0.1405505 0.5321020 0.8349330
vn 0.1245096 0.5447986 0.8292719
vn 0.1101127 0.5562023 0.8237198
vn 0.0958758 0.5663645 0.8185592
vn 0.0818547 0.5753007 0.8138359
vn 0.0681106 0.5830272 0.8095927
vn 0.0547126 0.5895597 0.8058696
vn 0.0410119 0.5947631 0.8028542
vn -0.1517474 0.6288261 0.7625946
vn -0.3512192 0.5657987 0.7460006
vn -0.1952593 0.4981747 0.8448052
vn 0.2938294 0.4111727 0.8629028
vn 0.1783619 0.5595056 0.8094075
vn -0.0153038 0.6060518 0.7952780
vn -0.0235153 0.6025403 0.7977420
vn -0.0320355 0.5994573 0.7997654
vn -0.0411468 0.5956114 0.8022182
vn -0.0512976 0.5909171 0.8050997
vn -0.1630569 0.5958480 0.7863699
vn -0.5023497 0.5643484 0.6550997
vn -0.5030651 0.5070875 0.6998484
vn -0.1859675 0.4645942 0.8657762
vn 0.0408482 0.4174868 0.9077644
vn 0.4623904 0.2866822 0.8390521
vn 0.5249800 0.2643750 0.8090129
vn 0.1851491 0.4339457 0.8817091
vn -0.1113019 0.4910538 0.8639896
vn -0.1659154 0.4844231 0.8589566
vn -0.1800362 0.4675900 0.8654170
vn -0.1929524 0.4491982 0.8723476
vn -0.2058256 0.4295798 0.8792593
vn -0.2185854 0.4087678 0.8860752
vn -0.2311516 0.3868109 0.8927185
vn -0.2434396 0.3637762 0.8991129
vn -0.2553623 0.3397504 0.9051849
vn -0.2668317 0.3148405 0.9108657
vn -0.2777607 0.2891743 0.9160935
vn -0.2880648 0.2629002 0.9208160
vn -0.2976648 0.2361867 0.9249927
vn -0.3064884 0.2092221 0.9285962
vn -0.3144718 0.1822135 0.9316146
vn -0.3215612 0.1553872 0.9340520
vn -0.3277139 0.1289904 0.9359301
vn -0.3328977 0.1032959 0.9372882
vn -0.3370895 0.0786123 0.9381848
vn -0.3402672 0.0553067 0.9387009
vn -0.3423728 0.0338451 0.9389544
vn -0.3426210 0.0141757 0.9393667
vn -0.2964184 0.0028973 0.9550538
vn -0.2978189 -0.0068857 0.9545975
vn -0.2956468 -0.0238208 0.9550003
vn -0.2935738 -0.0423778 0.9549966
vn -0.2907849 -0.0625701 0.9547403
vn -0.2872041 -0.0839972 0.9541794
vn -0.2828056 -0.1063596 0.9532621
vn -0.2773550 -0.1297318 0.9519684
vn -0.2673106 -0.1580788 0.9505557
vn -0.2319717 -0.2068064 0.9504842
vn -0.1301252 -0.2646903 0.9555137
vn 0.0402202 -0.2531877 0.9665807
vn 0.2158895 -0.2725805 0.9375989
vn 0.3233895 -0.4534500 0.8305434
vn 0.3517745 -0.5044309 0.7885456
vn 0.2905774 -0.4021291 0.8682494
vn 0.0788534 -0.3722433 0.9247795
vn -0.2229647 -0.3371552 0.9146656
vn -0.4772762 -0.2739262 0.8349682
vn -0.6263085 -0.1729712 0.7601438
vn -0.6457247 -0.1501937 0.7486531
vn -0.5035090 -0.2727591 0.8198056
vn -0.2557203 -0.4013242 0.8795146
vn -0.1275526 -0.4546860 0.8814709
vn -0.1097575 -0.4688660 0.8764234
vn -0.0988703 -0.4807382 0.8712723
vn -0.0882721 -0.4915319 0.8663743
vn -0.0780045 -0.5012611 0.8617729
vn -0.0681138 -0.5099424 0.8575076
vn -0.0586449 -0.5175942 0.8536141
vn -0.0496438 -0.5242351 0.8501253
vn -0.0378760 -0.5295952 0.8474045
vn 0.2185855 -0.5853731 0.7807424
vn 0.3986879 -0.5202593 0.7552339
vn 0.1970010 -0.4715535 0.8595510
vn -0.3554889 -0.3618098 0.8618128
vn -0.2438677 -0.4929231 0.8351978
vn -0.0072384 -0.5474415 0.8368127
vn 0.0003406 -0.5451398 0.8383451
vn 0.0091311 -0.5428275 0.8397945
vn 0.0189695 -0.5395553 0.8417365
vn 0.0296312 -0.5352350 0.8441833
vn 0.0464081 -0.5300000 0.8467268
vn 0.2712612 -0.5514704 0.7888586
vn 0.5750324 -0.5100376 0.6396870
vn 0.5089344 -0.4833747 0.7122743
vn 0.1976531 -0.4423463 0.8747931
vn -0.0193831 -0.3939136 0.9189431
vn -0.4119723 -0.2781806 0.8676949
vn -0.5776903 -0.1723059 0.7978625
vn -0.4148085 -0.2464526 0.8758967
vn -0.0656479 -0.3719273 0.9259376
vn 0.1288976 -0.4069491 0.9043107
vn 0.1803082 -0.3958981 0.9004186
vn 0.1959688 -0.3772828 0.9051265
vn 0.2083921 -0.3575957 0.9103285
vn 0.2203636 -0.3370278 0.9153427
vn 0.2318791 -0.3156549 0.9201054
vn 0.2428785 -0.2935692 0.9245686
vn 0.2533037 -0.2708752 0.9286893
vn 0.2631003 -0.2476901 0.9324311
vn 0.2722185 -0.2241436 0.9357653
vn 0.2806135 -0.2003773 0.9386719
vn 0.2882466 -0.1765451 0.9411406
vn 0.2950855 -0.1528130 0.9431716
vn 0.3011048 -0.1293605 0.9447760
vn 0.3062861 -0.1063825 0.9459765
vn 0.3106172 -0.0840952 0.9468078
vn 0.3140901 -0.0627456 0.9473175
vn 0.3166937 -0.0426317 0.9475693
vn 0.3183815 -0.0241382 0.9476553
vn 0.3184670 -0.0072007 0.9479066
vn 0.3202942 0.0026014 0.9473145
vn 0.3215287 0.0122961 0.9468200
vn 0.3193317 0.0290937 0.9471963
vn 0.3172312 0.0474898 0.9471584
vn 0.3144374 0.0675057 0.9468749
vn 0.3108739 0.0887486 0.9462986
vn 0.3065120 0.1109253 0.9453814
vn 0.3011149 0.1341155 0.9441096
vn 0.2911808 0.1622792 0.9428039
vn 0.2562520 0.2108629 0.9433301
vn 0.1553839 0.2691494 0.9504812
vn -0.0144305 0.2589085 0.9657940
vn -0.1922774 0.2791201 0.9408089
vn -0.3038032 0.4606826 0.8339515
vn -0.3338140 0.5119012 0.7915336
vn -0.2707091 0.4093518 0.8712908
vn -0.0566636 0.3777887 0.9241563
vn 0.2437122 0.3403651 0.9081608
vn 0.4930447 0.2758585 0.8251115
vn 0.6381298 0.1750810 0.7497579
vn 0.6568968 0.1524222 0.7384132
vn 0.5177218 0.2750652 0.8101255
vn 0.2726703 0.4049662 0.8727275
vn 0.1435591 0.4592879 0.8766102
vn 0.1239480 0.4736204 0.8719637
vn 0.1109987 0.4855531 0.8671317
vn 0.0981028 0.4963519 0.8625605
vn 0.0853058 0.5060165 0.8582949
vn 0.0726632 0.5145490 0.8543766
vn 0.0602356 0.5219532 0.8508446
vn 0.0480916 0.5282337 0.8477360
vn 0.0329984 0.5330984 0.8454095
vn -0.2274638 0.5870225 0.7769587
vn -0.4097889 0.5194631 0.7498208
vn -0.2126795 0.4708416 0.8561984
vn 0.3409036 0.3627817 0.8672798
vn 0.2252973 0.4931759 0.8402492
vn -0.0156694 0.5442415 0.8387823
vn -0.0230583 0.5407973 0.8408368
vn -0.0306545 0.5377803 0.8425276
vn -0.0387482 0.5340241 0.8445809
vn -0.0472724 0.5294043 0.8470516
vn -0.0615810 0.5239962 0.8494915
vn -0.2809895 0.5446813 0.7901691
vn -0.5780874 0.5045603 0.6412752
vn -0.5108798 0.4783658 0.7142604
vn -0.2004284 0.4374643 0.8766148
vn 0.0170927 0.3898376 0.9207250
vn 0.4088573 0.2758622 0.8699056
vn 0.5753119 0.1713706 0.7997802
vn 0.4156049 0.2449282 0.8759468
vn 0.0730191 0.3698333 0.9262244
vn -0.1177552 0.4058394 0.9063267
vn -0.1669790 0.3957394 0.9030550
vn -0.1807800 0.3779388 0.9080093
vn -0.1915444 0.3590264 0.9134609
vn -0.2020525 0.3391943 0.9187611
vn -0.2122972 0.3185066 0.9238417
vn -0.2222116 0.2970454 0.9286474
vn -0.2317285 0.2749075 0.9331279
vn -0.2407817 0.2522046 0.9372390
vn -0.2493076 0.2290634 0.9409440
vn -0.2572463 0.2056250 0.9442154
vn -0.2645428 0.1820450 0.9470358
vn -0.2711485 0.1584932 0.9493990
vn -0.2770214 0.1351548 0.9513108
vn -0.2821268 0.1122319 0.9527898
vn -0.2864370 0.0899492 0.9538674
vn -0.2899293 0.0685629 0.9545890
vn -0.2925789 0.0483817 0.9550166
vn -0.2943254 0.0298014 0.9552405
vn -0.2944440 0.0127706 0.9555834
vn -0.2529341 0.0029208 0.9674791
vn -0.2541246 -0.0054674 0.9671560
vn -0.2521234 -0.0201029 0.9674863
vn -0.2497909 -0.0368424 0.9675986
vn -0.2438061 -0.0587594 0.9680423
vn -0.2245027 -0.0930175 0.9700239
vn -0.1716580 -0.1418839 0.9748859
vn -0.0681794 -0.1770838 0.9818314
vn 0.0705894 -0.1562480 0.9851922
vn 0.2003189 -0.1388009 0.9698488
vn 0.2930596 -0.2765045 0.9152384
vn 0.3364141 -0.4571497 0.8233102
vn 0.3510881 -0.4522514 0.8198816
vn 0.3072771 -0.3112025 0.8992963
vn 0.1411795 -0.2706322 0.9522744
vn -0.1289252 -0.2796111 0.9514178
vn -0.3876890 -0.2573391 0.8851406
vn -0.5546554 -0.1990729 0.8079155
vn -0.6491680 -0.0452979 0.7592951
vn -0.6249622 -0.0975346 0.7745381
vn -0.4646740 -0.2545792 0.8480964
vn -0.2494223 -0.3260808 0.9118442
vn -0.1252160 -0.3834795 0.9150216
vn -0.1060591 -0.3997985 0.9104464
vn -0.0966112 -0.4117990 0.9061390
vn -0.0873630 -0.4228454 0.9019809
vn -0.0783304 -0.4329423 0.8980119
vn -0.0695566 -0.4420904 0.8942695
vn -0.0610832 -0.4502937 0.8907887
vn -0.0529514 -0.4575581 0.8876017
vn -0.0452022 -0.4638900 0.8847388
vn -0.0253928 -0.4697814 0.8824175
vn 0.2991183 -0.5454754 0.7829334
vn 0.4474741 -0.4841853 0.7518853
vn 0.1996903 -0.4444011 0.8732877
vn -0.3974740 -0.3182262 0.8606663
vn -0.2909167 -0.4269839 0.8561847
vn -0.0087436 -0.4860608 0.8738813
vn -0.0017972 -0.4839739 0.8750806
vn 0.0060252 -0.4817246 0.8763019
vn 0.0147862 -0.4785728 0.8779234
vn 0.0242790 -0.4744386 0.8799537
vn 0.0343634 -0.4692957 0.8823722
vn 0.0573344 -0.4649562 0.8834752
vn 0.3306350 -0.4891806 0.8070829
vn 0.5965047 -0.4738959 0.6477691
vn 0.5607198 -0.4598216 0.6885909
vn 0.2966198 -0.4243556 0.8555343
vn 0.0739685 -0.3719212 0.9253125
vn -0.2186692 -0.2961901 0.9297608
vn -0.5110969 -0.1803896 0.8403806
vn -0.5642470 -0.1271595 0.8157547
vn -0.4141142 -0.1445637 0.8986717
vn -0.1569017 -0.2168548 0.9635122
vn 0.0383662 -0.2996783 0.9532686
vn 0.1443877 -0.3126037 0.9388456
vn 0.1859176 -0.2944380 0.9374118
vn 0.2012016 -0.2744106 0.9403280
vn 0.2111476 -0.2547334 0.9436777
vn 0.2201350 -0.2347416 0.9468035
vn 0.2285519 -0.2143985 0.9496301
vn 0.2363823 -0.1938040 0.9521362
vn 0.2435929 -0.1730762 0.9543098
vn 0.2501544 -0.1523422 0.9561457
vn 0.2560422 -0.1317388 0.9576467
vn 0.2612367 -0.1114134 0.9588235
vn 0.2657231 -0.0915268 0.9596948
vn 0.2694905 -0.0722579 0.9602883
vn 0.2725306 -0.0538128 0.9606411
vn 0.2748304 -0.0364427 0.9608018
vn 0.2763435 -0.0204744 0.9608408
vn 0.2764374 -0.0058494 0.9610141
vn 0.2781843 0.0026358 0.9605241
vn 0.2793978 0.0110140 0.9601123
vn 0.2774344 0.0255839 0.9604039
vn 0.2751167 0.0422366 0.9604826
vn 0.2691776 0.0640469 0.9609586
vn 0.2500658 0.0981956 0.9632366
vn 0.1977063 0.1470823 0.9691641
vn 0.0947731 0.1827157 0.9785873
vn -0.0443318 0.1624673 0.9857175
vn -0.1758853 0.1451458 0.9736514
vn -0.2713483 0.2835893 0.9197539
vn -0.3174919 0.4648003 0.8265347
vn -0.3327908 0.4601147 0.8231311
vn -0.2873167 0.3185979 0.9032965
vn -0.1188208 0.2767748 0.9535603
vn 0.1512554 0.2838752 0.9468562
vn 0.4059784 0.2600372 0.8761062
vn 0.5687004 0.2014099 0.7975048
vn 0.6608113 0.0483676 0.7489920
vn 0.6369837 0.1002007 0.7643373
vn 0.4796807 0.2573146 0.8388657
vn 0.2665692 0.3301200 0.9055173
vn 0.1412670 0.3882689 0.9106541
vn 0.1203132 0.4046659 0.9065154
vn 0.1088682 0.4166491 0.9025249
vn 0.0974133 0.4276333 0.8986882
vn 0.0859664 0.4376120 0.8950450
vn 0.0745770 0.4465745 0.8916331
vn 0.0632982 0.4545132 0.8884881
vn 0.0521881 0.4614232 0.8856438
vn 0.0413107 0.4673000 0.8831332
vn 0.0181434 0.4725882 0.8810966
vn -0.3096574 0.5459172 0.7785157
vn -0.4593391 0.4824536 0.7458191
vn -0.2166491 0.4431042 0.8698976
vn 0.3828721 0.3187545 0.8670666
vn 0.2719681 0.4268394 0.8624624
vn -0.0157590 0.4822991 0.8758648
vn -0.0225242 0.4791755 0.8774301
vn -0.0292166 0.4763082 0.8787929
vn -0.0363240 0.4727451 0.8804502
vn -0.0437861 0.4683691 0.8824472
vn -0.0515608 0.4631350 0.8847867
vn -0.0718921 0.4587661 0.8856439
vn -0.3388290 0.4824338 0.8077453
vn -0.5987695 0.4687458 0.6494247
vn -0.5617234 0.4552716 0.6907927
vn -0.2979755 0.4197504 0.8573332
vn -0.0750950 0.3679918 0.9267917
vn 0.2170780 0.2934029 0.9310166
vn 0.5089989 0.1792810 0.8418898
vn 0.5632154 0.1268986 0.8165079
vn 0.4164351 0.1444522 0.8976165
vn 0.1650165 0.2165078 0.9622338
vn -0.0260984 0.2994049 0.9537691
vn -0.1297134 0.3131542 0.9408022
vn -0.1695102 0.2958230 0.9400825
vn -0.1833296 0.2764808 0.9433709
vn -0.1919896 0.2574112 0.9470372
vn -0.1998537 0.2379699 0.9504887
vn -0.2073015 0.2181183 0.9536511
vn -0.2143069 0.1979538 0.9564972
vn -0.2208252 0.1775931 0.9590083
vn -0.2268146 0.1571643 0.9611735
vn -0.2322376 0.1368062 0.9629900
vn -0.2370611 0.1166700 0.9644637
vn -0.2412570 0.0969213 0.9656093
vn -0.2448014 0.0777448 0.9664513
vn -0.2476729 0.0593536 0.9670239
vn -0.2498460 0.0420062 0.9673740
vn -0.2512605 0.0260378 0.9675692
vn -0.2512509 0.0113976 0.9678549
vn -0.1678361 -0.0279385 0.9854189
vn -0.1137708 -0.0468340 0.9924025
vn -0.0223710 -0.0765429 0.9968153
vn 0.0746905 -0.0801881 0.9939775
vn 0.1655732 -0.0650000 0.9840531
vn 0.2359020 -0.0675965 0.9694230
vn 0.2831920 -0.1492358 0.9473811
vn 0.3104922 -0.3077850 0.8993681
vn 0.3255636 -0.4207793 0.8467308
vn 0.3401107 -0.3940487 0.8538444
vn 0.3290131 -0.2530084 0.9098006
vn 0.2409141 -0.1585702 0.9575050
vn 0.0511230 -0.1792927 0.9824666
vn -0.2028164 -0.2073816 0.9570049
vn -0.4106108 -0.2203113 0.8847947
vn -0.5395815 -0.1706218 0.8244635
vn -0.6259349 0.0215810 0.7795767
vn -0.6370226 0.0513402 0.7691335
vn -0.5401712 -0.1666543 0.8248888
vn -0.3750079 -0.2329908 0.8972649
vn -0.1985014 -0.2667106 0.9431133
vn -0.1136209 -0.3193948 0.9407854
vn -0.1003239 -0.3346495 0.9369871
vn -0.0923413 -0.3463117 0.9335638
vn -0.0844599 -0.3571704 0.9302128
vn -0.0767014 -0.3672180 0.9269670
vn -0.0691041 -0.3764426 0.9238591
vn -0.0617052 -0.3848362 0.9209200
vn -0.0545412 -0.3923936 0.9181789
vn -0.0476486 -0.3991116 0.9156634
vn -0.0410118 -0.4049766 0.9134068
vn 0.0048554 -0.4164145 0.9091619
vn 0.3812140 -0.5008963 0.7770320
vn 0.4875427 -0.4546208 0.7454006
vn 0.1899120 -0.4113611 0.8914682
vn -0.4350368 -0.2708092 0.8587231
vn -0.3388193 -0.3556406 0.8710461
vn -0.0113463 -0.4247018 0.9052622
vn -0.0038296 -0.4237276 0.9057816
vn 0.0030278 -0.4215966 0.9067785
vn 0.0107129 -0.4186425 0.9080879
vn 0.0190396 -0.4147925 0.9097168
vn 0.0278778 -0.4100269 0.9116473
vn 0.0371315 -0.4043423 0.9138537
vn 0.0567655 -0.4013655 0.9141572
vn 0.2807659 -0.4232355 0.8614187
vn 0.5771122 -0.4214621 0.6995078
vn 0.6136610 -0.4362678 0.6580961
vn 0.4795923 -0.4222324 0.7692275
vn 0.2551063 -0.3717219 0.8926050
vn 0.0451899 -0.3074298 0.9504971
vn -0.2185251 -0.2189744 0.9509453
vn -0.4447884 -0.1286958 0.8863411
vn -0.5378318 -0.1234470 0.8339651
vn -0.5062496 -0.1177562 0.8543096
vn -0.3717177 -0.0435195 0.9273252
vn -0.2173365 -0.0294960 0.9756510
vn -0.0935481 -0.1063709 0.9899162
vn 0.0133251 -0.1750116 0.9844762
vn 0.0982924 -0.1961312 0.9756389
vn 0.1537177 -0.1876222 0.9701385
vn 0.1848758 -0.1693712 0.9680570
vn 0.2017204 -0.1498597 0.9679106
vn 0.2116090 -0.1310051 0.9685346
vn 0.2183211 -0.1128284 0.9693326
vn 0.2234421 -0.0951687 0.9700601
vn 0.2275621 -0.0779875 0.9706356
vn 0.2308709 -0.0613296 0.9710496
vn 0.2333673 -0.0452408 0.9713357
vn 0.2348197 -0.0296185 0.9715876
vn 0.2342257 -0.0137017 0.9720857
vn 0.2236393 0.0087813 0.9746324
vn 0.1933970 0.0333810 0.9805526
vn 0.1398812 0.0524679 0.9887772
vn 0.0485719 0.0824498 0.9954109
vn -0.0490975 0.0862902 0.9950595
vn -0.1412296 0.0710517 0.9874238
vn -0.2130039 0.0735696 0.9742776
vn -0.2616003 0.1557715 0.9525232
vn -0.2903479 0.3152807 0.9034911
vn -0.3068144 0.4286501 0.8497788
vn -0.3217120 0.4020194 0.8572524
vn -0.3098590 0.2603499 0.9144426
vn -0.2200192 0.1647825 0.9614771
vn -0.0283381 0.1846623 0.9823934
vn 0.2245438 0.2114093 0.9512551
vn 0.4284450 0.2232242 0.8755603
vn 0.5541374 0.1733575 0.8141738
vn 0.6384215 -0.0180382 0.7694756
vn 0.6489705 -0.0479781 0.7592993
vn 0.5538158 0.1692530 0.8152554
vn 0.3910895 0.2364515 0.8894603
vn 0.2152471 0.2710929 0.9381776
vn 0.1288356 0.3241668 0.9371858
vn 0.1137846 0.3393958 0.9337363
vn 0.1038868 0.3509720 0.9306053
vn 0.0939094 0.3617076 0.9275498
vn 0.0838750 0.3715868 0.9246017
vn 0.0738268 0.3805893 0.9217925
vn 0.0638103 0.3886988 0.9191526
vn 0.0538748 0.3959017 0.9167112
vn 0.0440742 0.4021871 0.9144960
vn 0.0344154 0.4075335 0.9125415
vn -0.0148798 0.4182488 0.9082106
vn -0.3930244 0.4999716 0.7717255
vn -0.4999986 0.4520196 0.7387013
vn -0.2082799 0.4095085 0.8882130
vn 0.4204067 0.2707448 0.8659997
vn 0.3197376 0.3549037 0.8785279
vn -0.0145811 0.4204101 0.9072170
vn -0.0219266 0.4185261 0.9079401
vn -0.0277461 0.4158760 0.9089980
vn -0.0339089 0.4125897 0.9102856
vn -0.0403615 0.4085580 0.9118395
vn -0.0470610 0.4037427 0.9136614
vn -0.0539792 0.3981276 0.9157405
vn -0.0710159 0.3952685 0.9158163
vn -0.2894495 0.4167562 0.8617037
vn -0.5793325 0.4163031 0.7007608
vn -0.6141457 0.4320742 0.6604066
vn -0.4794747 0.4181079 0.7715502
vn -0.2548069 0.3678771 0.8942818
vn -0.0446856 0.3043621 0.9515077
vn 0.2184208 0.2171338 0.9513912
vn 0.4441518 0.1282117 0.8867305
vn 0.5376985 0.1233527 0.8340650
vn 0.5078254 0.1180604 0.8533317
vn 0.3769514 0.0452349 0.9251278
vn 0.2268847 0.0318992 0.9733991
vn 0.1065711 0.1082974 0.9883897
vn 0.0023517 0.1767241 0.9842576
vn -0.0807031 0.1982347 0.9768265
vn -0.1347610 0.1903104 0.9724307
vn -0.1648585 0.1725912 0.9710993
vn -0.1808150 0.1535169 0.9714620
vn -0.1899382 0.1350219 0.9724673
vn -0.1959898 0.1171438 0.9735838
vn -0.2005450 0.0997316 0.9745949
vn -0.2041840 0.0827529 0.9754285
vn -0.2070865 0.0662572 0.9760764
vn -0.2092402 0.0502955 0.9765700
vn -0.2103998 0.0347705 0.9769969
vn -0.2095414 0.0189288 0.9776165
vn -0.1986298 -0.0034856 0.9800684
vn 0.2793547 -0.0920799 0.9557626
vn 0.2619950 -0.1616418 0.9514360
vn 0.2855516 -0.2528702 0.9244008
vn 0.2974752 -0.3049606 0.9047141
vn 0.3131266 -0.3030189 0.9000729
vn 0.3267845 -0.2407201 0.9139287
vn 0.3203042 -0.1438392 0.9363309
vn 0.2689151 -0.0717309 0.9604891
vn 0.1497623 -0.0656609 0.9865394
vn -0.0411980 -0.1047444 0.9936455
vn -0.2525779 -0.1488505 0.9560585
vn -0.4103662 -0.1838418 0.8931975
vn -0.5062814 -0.1582985 0.8477150
vn -0.5766894 0.0078028 0.8169262
vn -0.6103715 0.1780847 0.7718371
vn -0.6053711 0.0920812 0.7905990
vn -0.5176194 -0.1543950 0.8415654
vn -0.3920310 -0.1952167 0.8990006
vn -0.2471822 -0.1641590 0.9549622
vn -0.1304515 -0.2323557 0.9638429
vn -0.1002718 -0.2624334 0.9597261
vn -0.0929851 -0.2744951 0.9570821
vn -0.0864112 -0.2854122 0.9545014
vn -0.0798580 -0.2956873 0.9519410
vn -0.0733577 -0.3052975 0.9494272
vn -0.0669426 -0.3142227 0.9469862
vn -0.0606446 -0.3224463 0.9446431
vn -0.0544948 -0.3299549 0.9424225
vn -0.0485245 -0.3367373 0.9403475
vn -0.0427648 -0.3427846 0.9384401
vn -0.0362521 -0.3480279 0.9367830
vn 0.0725490 -0.3796786 0.9222694
vn 0.4604573 -0.4482311 0.7662036
vn 0.5170094 -0.4271151 0.7418045
vn 0.1697058 -0.3706433 0.9131394
vn -0.4654315 -0.2145892 0.8586763
vn -0.3919301 -0.2680548 0.8800781
vn -0.0192258 -0.3619917 0.9319830
vn -0.0057402 -0.3650663 0.9309638
vn 0.0001678 -0.3630997 0.9317503
vn 0.0067922 -0.3604059 0.9327708
vn 0.0139700 -0.3569176 0.9340314
vn 0.0215868 -0.3526196 0.9355177
vn 0.0295534 -0.3475106 0.9372102
vn 0.0377974 -0.3415968 0.9390863
vn 0.0491929 -0.3363751 0.9404424
vn 0.1501675 -0.3530001 0.9234937
vn 0.4358247 -0.3655469 0.8224550
vn 0.6083719 -0.3646130 0.7049404
vn 0.6154822 -0.3751601 0.6931353
vn 0.5053180 -0.4037937 0.7626299
vn 0.3570586 -0.3724620 0.8566103
vn 0.1858011 -0.2970323 0.9366161
vn -0.0226475 -0.2041913 0.9786690
vn -0.2260264 -0.0894310 0.9700073
vn -0.3655108 -0.0203863 0.9305838
vn -0.4474282 -0.0601411 0.8922954
vn -0.4768669 -0.1307831 0.8691914
vn -0.4565153 -0.1316794 0.8799172
vn -0.4018814 -0.0589545 0.9137919
vn -0.3369784 0.0282515 0.9410884
vn -0.2841217 0.0803013 0.9554196
vn -0.2472623 0.0931403 0.9644616
vn -0.2202446 0.0852158 0.9717153
vn -0.1988990 0.0727349 0.9773172
vn -0.1830263 0.0635244 0.9810535
vn -0.1742466 0.0593330 0.9829129
vn -0.1742572 0.0588829 0.9829381
vn -0.1840679 0.0597307 0.9810970
vn -0.2036854 0.0594664 0.9772287
vn -0.2321558 0.0577059 0.9709654
vn -0.2777303 0.0662973 0.9583687
vn -0.2609272 0.0978354 0.9603881
vn -0.2427694 0.1681176 0.9554054
vn -0.2669919 0.2600258 0.9279558
vn -0.2793270 0.3124274 0.9079458
vn -0.2953025 0.3105164 0.9035353
vn -0.3090793 0.2478495 0.9181724
vn -0.3023580 0.1500723 0.9413065
vn -0.2499605 0.0770436 0.9651860
vn -0.1289277 0.0705894 0.9891384
vn 0.0632780 0.1093463 0.9919875
vn 0.2731946 0.1527214 0.9497583
vn 0.4279189 0.1869933 0.8842618
vn 0.5214754 0.1612726 0.8378870
vn 0.5903833 -0.0042904 0.8071116
vn 0.6228025 -0.1743420 0.7627070
vn 0.6178029 -0.0888835 0.7812934
vn 0.5312890 0.1570440 0.8325078
vn 0.4072783 0.1985743 0.8914553
vn 0.2632923 0.1680994 0.9499578
vn 0.1453977 0.2367338 0.9606334
vn 0.1136077 0.2668669 0.9570138
vn 0.1046614 0.2788217 0.9546227
vn 0.0962809 0.2896012 0.9522926
vn 0.0877689 0.2997074 0.9499853
vn 0.0791587 0.3091116 0.9477256
vn 0.0704866 0.3177882 0.9455381
vn 0.0617910 0.3257148 0.9434467
vn 0.0531129 0.3328722 0.9414750
vn 0.0444967 0.3392440 0.9396454
vn 0.0359909 0.3448162 0.9379800
vn 0.0266432 0.3495115 0.9365532
vn -0.0856602 0.3802750 0.9208981
vn -0.4730492 0.4459337 0.7598471
vn -0.5300312 0.4237209 0.7345254
vn -0.1896012 0.3682408 0.9101924
vn 0.4506413 0.2137006 0.8667493
vn 0.3730362 0.2663983 0.8887497
vn -0.0079512 0.3572391 0.9339791
vn -0.0212783 0.3595189 0.9328952
vn -0.0262627 0.3571357 0.9336832
vn -0.0315291 0.3541884 0.9346425
vn -0.0370301 0.3505757 0.9358020
vn -0.0427271 0.3462654 0.9371631
vn -0.0485891 0.3412442 0.9387180
vn -0.0545917 0.3355085 0.9404540
vn -0.0636129 0.3305271 0.9416503
vn -0.1609683 0.3470724 0.9239210
vn -0.4401231 0.3599792 0.8226218
vn -0.6089798 0.3603742 0.7065933
vn -0.6148645 0.3715939 0.6956001
vn -0.5040691 0.4002471 0.7653212
vn -0.3550511 0.3691288 0.8588845
vn -0.1831961 0.2943721 0.9379682
vn 0.0251668 0.2026246 0.9789331
vn 0.2280270 0.0894186 0.9695401
vn 0.3673607 0.0214490 0.9298312
vn 0.4495051 0.0609914 0.8911931
vn 0.4796479 0.1310505 0.8676195
vn 0.4607391 0.1322482 0.8776274
vn 0.4083124 0.0608669 0.9108108
vn 0.3458896 -0.0248042 0.9379473
vn 0.2951748 -0.0759110 0.9524229
vn 0.2600353 -0.0883811 0.9615459
vn 0.2344635 -0.0803701 0.9687970
vn 0.2143712 -0.0678762 0.9743910
vn 0.1995622 -0.0586313 0.9781295
vn 0.1916305 -0.0543641 0.9799604
vn 0.1922481 -0.0538122 0.9798699
vn 0.2024063 -0.0545604 0.9777806
vn 0.2221012 -0.0542278 0.9735145
vn 0.2503769 -0.0524434 0.9667270
vn 0.2952486 -0.0609580 0.9534739
vn 0.2871633 -0.0598125 0.9560124
vn 0.2661777 -0.0404514 0.9630748
vn 0.1508019 -0.0202924 0.9883557
vn 0.0166830 -0.0242715 0.9995662
vn -0.1367208 -0.0443145 0.9896179
vn -0.2815203 -0.0752586 0.9565994
vn -0.3920294 -0.1063593 0.9137837
vn -0.4629148 -0.1150560 0.8789039
vn -0.5076534 -0.0651210 0.8590968
vn -0.5395832 0.0656337 0.8393701
vn -0.5576930 0.2172065 0.8011241
vn -0.5684427 0.2595756 0.7807006
vn -0.5672907 0.1165300 0.8152313
vn -0.5108459 -0.1125320 0.8522752
vn -0.4263181 -0.1810427 0.8862711
vn -0.3295827 -0.1006837 0.9387428
vn -0.2067284 -0.0969281 0.9735853
vn -0.1202904 -0.1673600 0.9785300
vn -0.0959112 -0.1978527 0.9755282
vn -0.0897128 -0.2096556 0.9736509
vn -0.0844713 -0.2199871 0.9718386
vn -0.0791873 -0.2298467 0.9699999
vn -0.0738807 -0.2392102 0.9681529
vn -0.0685781 -0.2480504 0.9663167
vn -0.0633057 -0.2563431 0.9645106
vn -0.0580894 -0.2640671 0.9627534
vn -0.0529550 -0.2712039 0.9610641
vn -0.0479280 -0.2777375 0.9594607
vn -0.0430341 -0.2836538 0.9579606
vn -0.0382641 -0.2889422 0.9565815
vn -0.0233032 -0.2948000 0.9552748
vn 0.1952635 -0.3657120 0.9100148
vn 0.5333170 -0.3934569 0.7488422
vn 0.5304358 -0.3967641 0.7491436
vn 0.1418291 -0.3230644 0.9356890
vn -0.4793334 -0.1512130 0.8645080
vn -0.4540766 -0.1565267 0.8771054
vn -0.0447112 -0.2953292 0.9543488
vn -0.0075184 -0.3084980 0.9511953
vn -0.0025338 -0.3067319 0.9517926
vn 0.0030571 -0.3043455 0.9525568
vn 0.0091152 -0.3012755 0.9534936
vn 0.0155430 -0.2975094 0.9545924
vn 0.0222645 -0.2930483 0.9558384
vn 0.0292161 -0.2878992 0.9572149
vn 0.0363427 -0.2820729 0.9587044
vn 0.0437522 -0.2756346 0.9602663
vn 0.0649645 -0.2715466 0.9602302
vn 0.1837409 -0.2849961 0.9407531
vn 0.3764639 -0.3348095 0.8638157
vn 0.5355448 -0.3313654 0.7767810
vn 0.6303671 -0.2518313 0.7343149
vn 0.6106759 -0.2624706 0.7471172
vn 0.5143977 -0.3516922 0.7821174
vn 0.4199969 -0.3891683 0.8198479
vn 0.3344689 -0.3507813 0.8746902
vn 0.2195829 -0.2684762 0.9379253
vn 0.0702101 -0.1605808 0.9845224
vn -0.0777338 -0.0429457 0.9960488
vn -0.1895203 0.0518363 0.9805075
vn -0.2612439 0.0986229 0.9602214
vn -0.3045490 0.1011206 0.9471138
vn -0.3283999 0.0816695 0.9410014
vn -0.3378808 0.0624302 0.9391161
vn -0.3371681 0.0553346 0.9398169
vn -0.3301570 0.0623956 0.9418615
vn -0.3201172 0.0801103 0.9439848
vn -0.3095501 0.1029691 0.9452915
vn -0.3002501 0.1248895 0.9456492
vn -0.2932372 0.1392011 0.9458515
vn -0.2877025 0.1381040 0.9477102
vn -0.2660887 0.1065088 0.9580463
vn -0.2731249 0.0641594 0.9598366
vn -0.2511000 0.0446645 0.9669301
vn -0.1334752 0.0242316 0.9907559
vn 0.0023539 0.0281599 0.9996007
vn 0.1563227 0.0481287 0.9865327
vn 0.3002045 0.0788631 0.9506092
vn 0.4090295 0.1096750 0.9059063
vn 0.4784258 0.1181786 0.8701394
vn 0.5222364 0.0682799 0.8500629
vn 0.5534866 -0.0623114 0.8305239
vn 0.5707008 -0.2139171 0.7928052
vn 0.5807763 -0.2565126 0.7725931
vn 0.5798323 -0.1137615 0.8067545
vn 0.5239406 0.1151198 0.8439394
vn 0.4401002 0.1840411 0.8788860
vn 0.3442277 0.1040162 0.9331066
vn 0.2211849 0.1003616 0.9700540
vn 0.1334364 0.1711396 0.9761690
vn 0.1076492 0.2016750 0.9735188
vn 0.1000317 0.2133623 0.9718386
vn 0.0932546 0.2235493 0.9702212
vn 0.0863097 0.2332410 0.9685811
vn 0.0792171 0.2424098 0.9669344
vn 0.0720051 0.2510251 0.9652988
vn 0.0647033 0.2590590 0.9636918
vn 0.0573433 0.2664868 0.9621312
vn 0.0499585 0.2732865 0.9606345
vn 0.0425848 0.2794386 0.9592188
vn 0.0352609 0.2849260 0.9579007
vn 0.0279933 0.2897354 0.9566973
vn 0.0103912 0.2950341 0.9554302
vn -0.2110729 0.3647381 0.9068706
vn -0.5461132 0.3899639 0.7414099
vn -0.5442638 0.3926663 0.7413434
vn -0.1633037 0.3201021 0.9332023
vn 0.4639452 0.1492615 0.8731987
vn 0.4359182 0.1535069 0.8867982
vn 0.0165285 0.2902621 0.9568044
vn -0.0205910 0.3026624 0.9528754
vn -0.0247822 0.3005786 0.9534350
vn -0.0292032 0.2980114 0.9541155
vn -0.0338128 0.2948679 0.9549396
vn -0.0385763 0.2911200 0.9559085
vn -0.0434661 0.2867586 0.9570163
vn -0.0484584 0.2817821 0.9582539
vn -0.0535322 0.2761940 0.9596099
vn -0.0588235 0.2700516 0.9610473
vn -0.0777132 0.2662491 0.9607664
vn -0.1927887 0.2797282 0.9405236
vn -0.3806925 0.3296320 0.8639537
vn -0.5362839 0.3271616 0.7780520
vn -0.6290540 0.2490269 0.7363944
vn -0.6084753 0.2600573 0.7497520
vn -0.5117052 0.3489680 0.7850982
vn -0.4165688 0.3864075 0.8228971
vn -0.3299800 0.3483892 0.8773472
vn -0.2141563 0.2668058 0.9396551
vn -0.0644088 0.1600657 0.9850028
vn 0.0834147 0.0439240 0.9955464
vn 0.1950953 -0.0495516 0.9795318
vn 0.2669843 -0.0956047 0.9589469
vn 0.3106820 -0.0978784 0.9454610
vn 0.3350917 -0.0784561 0.9389133
vn 0.3452734 -0.0592503 0.9366300
vn 0.3453730 -0.0520488 0.9370210
vn 0.3392355 -0.0588409 0.9388594
vn 0.3300713 -0.0761760 0.9408773
vn 0.3203276 -0.0986228 0.9421591
vn 0.3117606 -0.1201762 0.9425301
vn 0.3053760 -0.1342360 0.9427228
vn 0.3003943 -0.1330780 0.9444858
vn 0.2795850 -0.1018113 0.9547077
vn -0.4620487 0.0367602 0.8860923
vn -0.4616695 0.0746019 0.8839094
vn -0.4830720 0.1329789 0.8654236
vn -0.4889298 0.1933037 0.8506358
vn -0.4939560 0.2485972 0.8331908
vn -0.5020681 0.2738107 0.8203386
vn -0.5141842 0.2413816 0.8230125
vn -0.5220352 0.1376485 0.8417435
vn -0.5094243 -0.0067952 0.8604887
vn -0.4738257 -0.1120716 0.8734582
vn -0.4256924 -0.1222246 0.8965752
vn -0.3600965 -0.0584256 0.9310838
vn -0.2705044 -0.0070807 0.9626927
vn -0.1773865 -0.0347027 0.9835292
vn -0.1156467 -0.0973380 0.9885096
vn -0.0931900 -0.1308987 0.9870061
vn -0.0871167 -0.1437594 0.9857707
vn -0.0831728 -0.1533449 0.9846663
vn -0.0792008 -0.1625570 0.9835154
vn -0.0751427 -0.1714628 0.9823208
vn -0.0710180 -0.1800308 0.9810940
vn -0.0668468 -0.1882313 0.9798472
vn -0.0626493 -0.1960371 0.9785931
vn -0.0584456 -0.2034236 0.9773448
vn -0.0542559 -0.2103683 0.9761155
vn -0.0501005 -0.2168508 0.9749183
vn -0.0459994 -0.2228529 0.9737662
vn -0.0419730 -0.2283583 0.9726720
vn -0.0380340 -0.2333543 0.9716477
vn -0.0321598 -0.2382026 0.9706829
vn 0.0332491 -0.2583626 0.9654757
vn 0.3602818 -0.3547239 0.8627676
vn 0.5955308 -0.3514584 0.7223711
vn 0.5186489 -0.3593112 0.7758213
vn 0.1096206 -0.2709842 0.9563215
vn -0.4620493 -0.0923061 0.8820374
vn -0.5224153 -0.0384376 0.8518244
vn -0.1121271 -0.2254524 0.9677803
vn -0.0091580 -0.2544061 0.9670541
vn -0.0050618 -0.2528670 0.9674878
vn -0.0004672 -0.2508201 0.9680336
vn 0.0045112 -0.2482053 0.9686970
vn 0.0097930 -0.2450113 0.9694708
vn 0.0153154 -0.2412399 0.9703446
vn 0.0210262 -0.2368986 0.9713068
vn 0.0268798 -0.2319983 0.9723447
vn 0.0328354 -0.2265525 0.9734453
vn 0.0388556 -0.2205774 0.9745952
vn 0.0450112 -0.2140870 0.9757770
vn 0.0569448 -0.2064349 0.9768019
vn 0.1145387 -0.1943427 0.9742237
vn 0.2368827 -0.2113900 0.9482620
vn 0.3390217 -0.3037037 0.8904091
vn 0.4148927 -0.3596653 0.8357661
vn 0.5107978 -0.2858079 0.8108017
vn 0.5871708 -0.1508758 0.7952779
vn 0.6052043 -0.0795045 0.7920901
vn 0.5797157 -0.1028366 0.8083034
vn 0.5339692 -0.1757248 0.8270415
vn 0.4883023 -0.2442556 0.8377947
vn 0.4535541 -0.2825218 0.8452634
vn 0.4290665 -0.2897423 0.8555416
vn 0.4099168 -0.2742451 0.8699183
vn 0.3926828 -0.2450099 0.8864369
vn 0.3769423 -0.2094343 0.9022482
vn 0.3645357 -0.1729079 0.9149954
vn 0.3582224 -0.1386500 0.9232838
vn 0.3604879 -0.1078302 0.9265102
vn 0.3727357 -0.0802092 0.9244645
vn 0.3948558 -0.0553478 0.9170744
vn 0.4254131 -0.0345339 0.9043401
vn 0.4708100 -0.0280097 0.8817899
vn 0.4744062 -0.0345878 0.8796263
vn 0.4744266 -0.0723437 0.8773174
vn 0.4955814 -0.1308218 0.8586528
vn 0.5012814 -0.1912548 0.8438830
vn 0.5060443 -0.2466712 0.8264820
vn 0.5138807 -0.2719567 0.8136130
vn 0.5258780 -0.2394935 0.8161465
vn 0.5337982 -0.1356184 0.8346659
vn 0.5212597 0.0090291 0.8533503
vn 0.4857101 0.1145395 0.8665832
vn 0.4378425 0.1249037 0.8903331
vn 0.3726259 0.0610887 0.9259687
vn 0.2830060 0.0095050 0.9590710
vn 0.1891879 0.0371882 0.9812365
vn 0.1263344 0.1001557 0.9869187
vn 0.1027770 0.1338231 0.9856613
vn 0.0956209 0.1466070 0.9845623
vn 0.0905127 0.1560738 0.9835896
vn 0.0852754 0.1651490 0.9825752
vn 0.0798498 0.1738990 0.9815208
vn 0.0742558 0.1822906 0.9804367
vn 0.0685146 0.1902923 0.9793338
vn 0.0626486 0.1978750 0.9782232
vn 0.0566814 0.2050120 0.9771168
vn 0.0506383 0.2116788 0.9760266
vn 0.0445455 0.2178531 0.9749645
vn 0.0384315 0.2235150 0.9739425
vn 0.0323265 0.2286463 0.9729727
vn 0.0262549 0.2332331 0.9720663
vn 0.0181896 0.2376326 0.9711848
vn -0.0498268 0.2572075 0.9650708
vn -0.3769195 0.3518403 0.8568198
vn -0.6079758 0.3470659 0.7140803
vn -0.5339037 0.3546224 0.7675870
vn -0.1326382 0.2674482 0.9543996
vn 0.4451460 0.0892071 0.8910034
vn 0.5057279 0.0338937 0.8620270
vn 0.0835788 0.2203306 0.9718380
vn -0.0198740 0.2483379 0.9684696
vn -0.0233168 0.2465708 0.9688442
vn -0.0269444 0.2444063 0.9692985
vn -0.0307218 0.2417594 0.9698498
vn -0.0346190 0.2386058 0.9704992
vn -0.0386117 0.2349387 0.9712430
vn -0.0426791 0.2307587 0.9720746
vn -0.0468027 0.2260705 0.9729859
vn -0.0509653 0.2208824 0.9739679
vn -0.0551507 0.2152050 0.9750104
vn -0.0594478 0.2090466 0.9760971
vn -0.0694500 0.2017490 0.9769719
vn -0.1245300 0.1900101 0.9738524
vn -0.2433581 0.2071773 0.9475518
vn -0.3424664 0.2991187 0.8906429
vn -0.4161400 0.3552584 0.8370298
vn -0.5099030 0.2825606 0.8125013
vn -0.5846177 0.1492335 0.7974657
vn -0.6017094 0.0787861 0.7948198
vn -0.5755143 0.1022120 0.8113791
vn -0.5291278 0.1748111 0.8303402
vn -0.4828458 0.2430974 0.8412868
vn -0.4474287 0.2813401 0.8489142
vn -0.4221886 0.2887360 0.8592952
vn -0.4022271 0.2735455 0.8737198
vn -0.3841664 0.2446915 0.8902484
vn -0.3676275 0.2095285 0.9060617
vn -0.3544825 0.1734122 0.9188419
vn -0.3475113 0.1395373 0.9272353
vn -0.3492154 0.1090597 0.9306743
vn -0.3610193 0.0817340 0.9289697
vn -0.3828415 0.0571159 0.9220467
vn -0.4132776 0.0364819 0.9098740
vn -0.4588640 0.0300173 0.8879993
vn -0.4744221 0.0510295 0.8788172
vn -0.4858881 0.0317978 0.8734424
vn -0.4526060 0.0153496 0.8915785
vn -0.4210514 0.0133377 0.9069387
vn -0.3799930 0.0226769 0.9247114
vn -0.3280666 0.0390342 0.9438478
vn -0.2676105 0.0517416 0.9621369
vn -0.2055068 0.0468451 0.9775339
vn -0.1514808 0.0183424 0.9882900
vn -0.1136352 -0.0220187 0.9932785
vn -0.0935499 -0.0544609 0.9941239
vn -0.0854960 -0.0722756 0.9937136
vn -0.0820991 -0.0822750 0.9932223
vn -0.0795273 -0.0904929 0.9927167
vn -0.0769047 -0.0984830 0.9921627
vn -0.0741609 -0.1063592 0.9915583
vn -0.0713061 -0.1140923 0.9909079
vn -0.0683531 -0.1216506 0.9902166
vn -0.0653158 -0.1290044 0.9894906
vn -0.0622080 -0.1361256 0.9887366
vn -0.0590442 -0.1429879 0.9879617
vn -0.0558388 -0.1495668 0.9871736
vn -0.0526067 -0.1558395 0.9863805
vn -0.0493628 -0.1617849 0.9855907
vn -0.0461221 -0.1673835 0.9848124
vn -0.0428998 -0.1726173 0.9840543
vn -0.0397113 -0.1774701 0.9833247
vn -0.0365436 -0.1819405 0.9826303
vn -0.0314455 -0.1867293 0.9819080
vn 0.0048243 -0.1996686 0.9798516
vn 0.2000873 -0.2596942 0.9447349
vn 0.5220649 -0.3241491 0.7889078
vn 0.6364280 -0.3266013 0.6987782
vn 0.4702038 -0.3112334 0.8258585
vn 0.0766860 -0.2173453 0.9730777
vn -0.4009827 -0.0540054 0.9144924
vn -0.5884720 0.0452567 0.8072500
vn -0.2515691 -0.1560607 0.9551744
vn -0.0109149 -0.2030413 0.9791093
vn -0.0074044 -0.2017995 0.9793989
vn -0.0037601 -0.2001106 0.9797661
vn 0.0001883 -0.1979702 0.9802080
vn 0.0043769 -0.1953670 0.9807204
vn 0.0087560 -0.1923025 0.9812966
vn 0.0132843 -0.1887832 0.9819289
vn 0.0179259 -0.1848188 0.9826091
vn 0.0226484 -0.1804216 0.9833286
vn 0.0274223 -0.1756053 0.9840786
vn 0.0322200 -0.1703861 0.9848505
vn 0.0370156 -0.1647816 0.9856353
vn 0.0417852 -0.1588112 0.9864244
vn 0.0465643 -0.1524682 0.9872108
vn 0.0528931 -0.1449538 0.9880236
vn 0.0712660 -0.1310477 0.9888112
vn 0.1208492 -0.1077196 0.9868090
vn 0.1986139 -0.1004756 0.9749139
vn 0.2743337 -0.1402782 0.9513480
vn 0.3276239 -0.2124407 0.9206147
vn 0.3612046 -0.2759108 0.8907325
vn 0.3868317 -0.3059076 0.8699321
vn 0.4116156 -0.3007267 0.8603116
vn 0.4354807 -0.2710241 0.8584302
vn 0.4551050 -0.2314200 0.8598396
vn 0.4681158 -0.1946445 0.8619635
vn 0.4745468 -0.1679261 0.8640638
vn 0.4760526 -0.1527275 0.8660532
vn 0.4747344 -0.1466406 0.8678270
vn 0.4724823 -0.1453855 0.8692661
vn 0.4707460 -0.1439724 0.8704425
vn 0.4703529 -0.1371688 0.8717528
vn 0.4708127 -0.1198378 0.8740563
vn 0.4610872 -0.0843613 0.8833356
vn 0.4822740 -0.0502087 0.8745804
vn 0.4941588 -0.0306662 0.8688306
vn 0.4611194 -0.0140963 0.8872261
vn 0.4297676 -0.0120283 0.9028594
vn 0.3888444 -0.0213946 0.9210550
vn 0.3369241 -0.0378605 0.9407703
vn 0.2762741 -0.0507025 0.9597405
vn 0.2137546 -0.0458437 0.9758111
vn 0.1591466 -0.0171860 0.9871054
vn 0.1206546 0.0234458 0.9924176
vn 0.0999369 0.0560836 0.9934119
vn 0.0912626 0.0739449 0.9930777
vn 0.0872056 0.0839031 0.9926507
vn 0.0839000 0.0920492 0.9922136
vn 0.0804611 0.0999520 0.9917336
vn 0.0768174 0.1077263 0.9912084
vn 0.0729791 0.1153427 0.9906413
vn 0.0689596 0.1227689 0.9900366
vn 0.0647734 0.1299743 0.9893994
vn 0.0604357 0.1369303 0.9887354
vn 0.0559630 0.1436096 0.9880508
vn 0.0513723 0.1499869 0.9873524
vn 0.0466818 0.1560383 0.9866473
vn 0.0419107 0.1617419 0.9859427
vn 0.0370793 0.1670773 0.9852463
vn 0.0322092 0.1720256 0.9845658
vn 0.0273232 0.1765700 0.9839088
vn 0.0224170 0.1807085 0.9832812
vn 0.0155331 0.1851421 0.9825890
vn -0.0227593 0.1976682 0.9800047
vn -0.2196546 0.2568600 0.9411561
vn -0.5371145 0.3196319 0.7806046
vn -0.6484839 0.3215528 0.6899800
vn -0.4878794 0.3061124 0.8174772
vn -0.1011327 0.2132321 0.9717532
vn 0.3813237 0.0499278 0.9230923
vn 0.5737725 -0.0507939 0.8174381
vn 0.2246889 0.1511757 0.9626322
vn -0.0188772 0.1967935 0.9802632
vn -0.0218769 0.1953992 0.9804798
vn -0.0247621 0.1936439 0.9807593
vn -0.0277645 0.1915020 0.9810994
vn -0.0308590 0.1889524 0.9815013
vn -0.0340247 0.1859894 0.9819625
vn -0.0372442 0.1826143 0.9824789
vn -0.0405017 0.1788324 0.9830456
vn -0.0437828 0.1746513 0.9836564
vn -0.0470740 0.1700813 0.9843050
vn -0.0503623 0.1651342 0.9849844
vn -0.0536349 0.1598239 0.9856874
vn -0.0568798 0.1541660 0.9864064
vn -0.0601427 0.1481503 0.9871344
vn -0.0649556 0.1409802 0.9878792
vn -0.0816920 0.1274769 0.9884716
vn -0.1292460 0.1046526 0.9860747
vn -0.2045860 0.0977642 0.9739542
vn -0.2780110 0.1374164 0.9506980
vn -0.3295336 0.2091502 0.9206866
vn -0.3618063 0.2723876 0.8915723
vn -0.3863465 0.3024920 0.8713409
vn -0.4101209 0.2976847 0.8620816
vn -0.4330366 0.2685169 0.8604522
vn -0.4518103 0.2294963 0.8620898
vn -0.4640944 0.1932481 0.8644487
vn -0.4699124 0.1669414 0.8667831
vn -0.4708924 0.1520328 0.8689916
vn -0.4691114 0.1461418 0.8709633
vn -0.4664439 0.1450280 0.8725806
vn -0.4643292 0.1437422 0.8739202
vn -0.4635869 0.1370893 0.8753820
vn -0.4637213 0.1199633 0.8778220
vn -0.4537179 0.0847535 0.8871059
vn -0.0920917 0.0177747 0.9955919
vn -0.0836980 0.0071196 0.9964657
vn -0.0785398 -0.0032688 0.9969056
vn -0.0767599 -0.0098659 0.9970008
vn -0.0756609 -0.0156676 0.9970105
vn -0.0747220 -0.0212320 0.9969783
vn -0.0737399 -0.0268400 0.9969163
vn -0.0726440 -0.0325915 0.9968253
vn -0.0714180 -0.0384852 0.9967037
vn -0.0700622 -0.0444882 0.9965501
vn -0.0685807 -0.0505640 0.9963634
vn -0.0669790 -0.0566787 0.9961432
vn -0.0652632 -0.0628005 0.9958900
vn -0.0634403 -0.0688997 0.9956044
vn -0.0615178 -0.0749480 0.9952881
vn -0.0595039 -0.0809188 0.9949429
vn -0.0574070 -0.0867867 0.9945715
vn -0.0552363 -0.0925278 0.9941768
vn -0.0530009 -0.0981194 0.9937623
vn -0.0507106 -0.1035397 0.9933317
vn -0.0483753 -0.1087686 0.9928893
vn -0.0460053 -0.1137869 0.9924394
vn -0.0436109 -0.1185765 0.9919867
vn -0.0412027 -0.1231208 0.9915360
vn -0.0387912 -0.1274044 0.9910920
vn -0.0363574 -0.1314356 0.9906578
vn -0.0331277 -0.1357025 0.9901956
vn -0.0213666 -0.1437017 0.9893904
vn 0.0290271 -0.1607703 0.9865649
vn 0.1812076 -0.1966339 0.9635865
vn 0.4553985 -0.2683394 0.8488853
vn 0.6380733 -0.2978862 0.7100185
vn 0.6343196 -0.3014754 0.7118646
vn 0.3773640 -0.2500485 0.8916682
vn 0.0463879 -0.1649004 0.9852188
vn -0.2971682 -0.0427037 0.9538697
vn -0.6308047 0.0913650 0.7705439
vn -0.4841019 -0.0519263 0.8734695
vn -0.0327596 -0.1490377 0.9882887
vn -0.0097109 -0.1537375 0.9880640
vn -0.0068029 -0.1524781 0.9882834
vn -0.0038245 -0.1508156 0.9885545
vn -0.0006659 -0.1488030 0.9888666
vn 0.0026360 -0.1464409 0.9892159
vn 0.0060503 -0.1437340 0.9895979
vn 0.0095501 -0.1406903 0.9900076
vn 0.0131112 -0.1373194 0.9904400
vn 0.0167116 -0.1336325 0.9908900
vn 0.0203306 -0.1296425 0.9913524
vn 0.0239490 -0.1253632 0.9918218
vn 0.0275484 -0.1208102 0.9922933
vn 0.0311117 -0.1160000 0.9927618
vn 0.0346223 -0.1109505 0.9932227
vn 0.0380646 -0.1056806 0.9936713
vn 0.0414239 -0.1002107 0.9941036
vn 0.0446865 -0.0945616 0.9945156
vn 0.0478479 -0.0887467 0.9949043
vn 0.0509814 -0.0826992 0.9952697
vn 0.0544620 -0.0760527 0.9956153
vn 0.0591760 -0.0680830 0.9959231
vn 0.0661979 -0.0584459 0.9960933
vn 0.0760013 -0.0481503 0.9959445
vn 0.0880179 -0.0392838 0.9953440
vn 0.1009000 -0.0336009 0.9943290
vn 0.1130638 -0.0315008 0.9930883
vn 0.1230819 -0.0321317 0.9918762
vn 0.1298465 -0.0341144 0.9909471
vn 0.1326100 -0.0361571 0.9905086
vn 0.1309995 -0.0372624 0.9906819
vn 0.1250541 -0.0365907 0.9914750
vn 0.1152453 -0.0331435 0.9927840
vn 0.1012444 -0.0235467 0.9945829
vn 0.0908230 -0.0183609 0.9956978
vn 0.0830546 -0.0073810 0.9965177
vn 0.0779161 0.0030916 0.9969551
vn 0.0762109 0.0097562 0.9970440
vn 0.0751227 0.0156013 0.9970522
vn 0.0741227 0.0211899 0.9970240
vn 0.0730064 0.0268066 0.9969711
vn 0.0717041 0.0325529 0.9968946
vn 0.0702002 0.0384286 0.9967924
vn 0.0684957 0.0444007 0.9966629
vn 0.0665954 0.0504334 0.9965047
vn 0.0645054 0.0564928 0.9963170
vn 0.0622327 0.0625473 0.9960999
vn 0.0597847 0.0685671 0.9958536
vn 0.0571698 0.0745243 0.9955791
vn 0.0543971 0.0803921 0.9952779
vn 0.0514762 0.0861451 0.9949519
vn 0.0484177 0.0917591 0.9946034
vn 0.0452326 0.0972114 0.9942354
vn 0.0419328 0.1024799 0.9938508
vn 0.0385307 0.1075442 0.9934534
vn 0.0350396 0.1123848 0.9930468
vn 0.0314736 0.1169834 0.9926350
vn 0.0278474 0.1213228 0.9922224
vn 0.0241763 0.1253875 0.9918132
vn 0.0204467 0.1291857 0.9914096
vn 0.0158853 0.1332079 0.9909608
vn 0.0027104 0.1409582 0.9900118
vn -0.0492950 0.1577074 0.9862547
vn -0.2025748 0.1929636 0.9600669
vn -0.4731889 0.2635589 0.8406123
vn -0.6505840 0.2925151 0.7008391
vn -0.6471639 0.2958800 0.7025909
vn -0.3984465 0.2447021 0.8839464
vn -0.0721002 0.1602299 0.9844430
vn 0.2739539 0.0379404 0.9609942
vn 0.6175018 -0.0973323 0.7805242
vn 0.4638465 0.0469744 0.8846693
vn 0.0023649 0.1427358 0.9897580
vn -0.0203136 0.1472653 0.9888884
vn -0.0226647 0.1459767 0.9890284
vn -0.0249472 0.1443325 0.9892147
vn -0.0272983 0.1423777 0.9894359
vn -0.0297016 0.1401076 0.9896907
vn -0.0321431 0.1375233 0.9899768
vn -0.0346100 0.1346293 0.9902914
vn -0.0370908 0.1314322 0.9906310
vn -0.0395749 0.1279403 0.9909920
vn -0.0420519 0.1241636 0.9913703
vn -0.0445120 0.1201133 0.9917618
vn -0.0469458 0.1158022 0.9921623
vn -0.0493438 0.1112442 0.9925673
vn -0.0516969 0.1064547 0.9929727
vn -0.0539962 0.1014501 0.9933742
vn -0.0562328 0.0962482 0.9937677
vn -0.0583986 0.0908678 0.9941492
vn -0.0604938 0.0853203 0.9945154
vn -0.0625948 0.0795376 0.9948646
vn -0.0650759 0.0731559 0.9951951
vn -0.0688150 0.0654575 0.9954797
vn -0.0748755 0.0561018 0.9956135
vn -0.0837261 0.0460861 0.9954225
vn -0.0948077 0.0374733 0.9947900
vn -0.1067929 0.0319964 0.9937663
vn -0.1181206 0.0300488 0.9925445
vn -0.1273830 0.0307887 0.9913756
vn -0.1334856 0.0328532 0.9905061
vn -0.1356876 0.0349661 0.9901345
vn -0.1336173 0.0361413 0.9903738
vn -0.1273098 0.0355481 0.9912258
vn -0.1172316 0.0321961 0.9925826
vn -0.1031533 0.0226992 0.9944064
vn -0.0588482 -0.0010021 0.9982664
vn -0.0592388 -0.0025579 0.9982406
vn -0.0585478 -0.0054671 0.9982696
vn -0.0581060 -0.0086533 0.9982729
vn -0.0576090 -0.0121342 0.9982655
vn -0.0570302 -0.0158439 0.9982467
vn -0.0563621 -0.0197332 0.9982154
vn -0.0556030 -0.0237628 0.9981701
vn -0.0547534 -0.0278999 0.9981100
vn -0.0538154 -0.0321157 0.9980343
vn -0.0527916 -0.0363842 0.9979425
vn -0.0516856 -0.0406816 0.9978345
vn -0.0505014 -0.0449857 0.9977103
vn -0.0492434 -0.0492756 0.9975706
vn -0.0479164 -0.0535315 0.9974159
vn -0.0465257 -0.0577347 0.9972472
vn -0.0450769 -0.0618675 0.9970659
vn -0.0435757 -0.0659128 0.9968734
vn -0.0420283 -0.0698545 0.9966714
vn -0.0404407 -0.0736777 0.9964618
vn -0.0388162 -0.0773722 0.9962464
vn -0.0371228 -0.0809693 0.9960250
vn -0.0350716 -0.0847567 0.9957843
vn -0.0311739 -0.0899691 0.9954566
vn -0.0206060 -0.0993807 0.9948361
vn 0.0057992 -0.1140612 0.9934568
vn 0.0564322 -0.1248179 0.9905735
vn 0.1396190 -0.1227156 0.9825718
vn 0.2903002 -0.1482108 0.9453885
vn 0.5013902 -0.2299962 0.8340921
vn 0.6432385 -0.2770463 0.7137853
vn 0.6707840 -0.2791344 0.6871193
vn 0.5545848 -0.2554649 0.7919428
vn 0.2502617 -0.1780965 0.9516568
vn 0.0213442 -0.1157998 0.9930432
vn -0.1763228 -0.0465196 0.9832325
vn -0.5939127 0.1127356 0.7965917
vn -0.6913143 0.0995520 0.7156633
vn -0.3131646 -0.0056474 0.9496821
vn -0.0750888 -0.0870850 0.9933669
vn -0.0215467 -0.1056676 0.9941680
vn -0.0091748 -0.1070141 0.9942152
vn -0.0054302 -0.1056361 0.9943900
vn -0.0029915 -0.1039352 0.9945796
vn -0.0006028 -0.1020079 0.9947834
vn 0.0018389 -0.0998461 0.9950012
vn 0.0043232 -0.0974550 0.9952305
vn 0.0068350 -0.0948429 0.9954688
vn 0.0093602 -0.0920188 0.9957133
vn 0.0118854 -0.0889930 0.9959613
vn 0.0143980 -0.0857765 0.9962104
vn 0.0168860 -0.0823815 0.9964578
vn 0.0193381 -0.0788205 0.9967012
vn 0.0217434 -0.0751073 0.9969384
vn 0.0240918 -0.0712562 0.9971671
vn 0.0263733 -0.0672822 0.9973854
vn 0.0285789 -0.0632012 0.9975915
vn 0.0306998 -0.0590299 0.9977840
vn 0.0327277 -0.0547855 0.9979616
vn 0.0346550 -0.0504862 0.9981233
vn 0.0364745 -0.0461509 0.9982684
vn 0.0381795 -0.0417996 0.9983963
vn 0.0397639 -0.0374529 0.9985069
vn 0.0412220 -0.0331331 0.9986005
vn 0.0425484 -0.0288637 0.9986774
vn 0.0437384 -0.0246704 0.9987384
vn 0.0447871 -0.0205812 0.9987845
vn 0.0456896 -0.0166285 0.9988173
vn 0.0464393 -0.0128501 0.9988385
vn 0.0470244 -0.0092939 0.9988505
vn 0.0474087 -0.0060243 0.9988574
vn 0.0471665 -0.0030474 0.9988824
vn 0.0483428 -0.0011978 0.9988301
vn 0.0493723 0.0005584 0.9987803
vn 0.0486883 0.0034464 0.9988081
vn 0.0483085 0.0066476 0.9988103
vn 0.0478232 0.0101353 0.9988044
vn 0.0472008 0.0138412 0.9987895
vn 0.0464339 0.0177159 0.9987643
vn 0.0455215 0.0217205 0.9987272
vn 0.0444650 0.0258226 0.9986772
vn 0.0432672 0.0299939 0.9986132
vn 0.0419316 0.0342091 0.9985347
vn 0.0404625 0.0384446 0.9984412
vn 0.0388649 0.0426787 0.9983326
vn 0.0371440 0.0468910 0.9982092
vn 0.0353058 0.0510620 0.9980712
vn 0.0333568 0.0551733 0.9979194
vn 0.0313039 0.0592073 0.9977548
vn 0.0291545 0.0631471 0.9975783
vn 0.0269165 0.0669769 0.9973914
vn 0.0245981 0.0706815 0.9971956
vn 0.0222047 0.0742509 0.9969924
vn 0.0197069 0.0777166 0.9967807
vn 0.0168168 0.0813681 0.9965422
vn 0.0120396 0.0864465 0.9961837
vn 0.0005288 0.0957347 0.9954067
vn -0.0269047 0.1102759 0.9935368
vn -0.0785810 0.1207725 0.9895651
vn -0.1625292 0.1182701 0.9795899
vn -0.3124612 0.1433991 0.9390446
vn -0.5190210 0.2245908 0.8247280
vn -0.6560901 0.2712678 0.7042440
vn -0.6826805 0.2732617 0.6776986
vn -0.5709598 0.2494501 0.7821633
vn -0.2748541 0.1726563 0.9458568
vn -0.0481333 0.1106246 0.9926960
vn 0.1500961 0.0412633 0.9878099
vn 0.5788881 -0.1190487 0.8066697
vn 0.6796464 -0.1055112 0.7259120
vn 0.2861866 -0.0005120 0.9581738
vn 0.0445492 0.0807350 0.9957395
vn -0.0087106 0.0991812 0.9950313
vn -0.0206024 0.1005230 0.9947214
vn -0.0238037 0.0991945 0.9947833
vn -0.0256395 0.0975705 0.9948983
vn -0.0273736 0.0957410 0.9950298
vn -0.0291180 0.0936952 0.9951750
vn -0.0308706 0.0914363 0.9953323
vn -0.0326236 0.0889703 0.9954999
vn -0.0343697 0.0863044 0.9956758
vn -0.0361016 0.0834470 0.9958581
vn -0.0378125 0.0804071 0.9960446
vn -0.0394958 0.0771949 0.9962334
vn -0.0411452 0.0738213 0.9964223
vn -0.0427543 0.0702981 0.9966094
vn -0.0443171 0.0666380 0.9967925
vn -0.0458277 0.0628545 0.9969700
vn -0.0472804 0.0589618 0.9971399
vn -0.0486696 0.0549752 0.9973009
vn -0.0499900 0.0509108 0.9974513
vn -0.0512364 0.0467855 0.9975901
vn -0.0524039 0.0426173 0.9977162
vn -0.0534878 0.0384251 0.9978289
vn -0.0544835 0.0342290 0.9979278
vn -0.0553869 0.0300506 0.9980127
vn -0.0561936 0.0259128 0.9980836
vn -0.0568998 0.0218410 0.9981410
vn -0.0575012 0.0178630 0.9981856
vn -0.0579932 0.0140107 0.9982187
vn -0.0583697 0.0103217 0.9982417
vn -0.0586199 0.0068427 0.9982569
vn -0.0587142 0.0036343 0.9982682
vn -0.0583465 0.0006491 0.9982962
vn -0.0425618 -0.0018826 0.9990921
vn -0.0429434 -0.0028142 0.9990735
vn -0.0424233 -0.0046146 0.9990891
vn -0.0421298 -0.0065889 0.9990904
vn -0.0418078 -0.0087554 0.9990873
vn -0.0414309 -0.0110808 0.9990799
vn -0.0409854 -0.0135489 0.9990679
vn -0.0404544 -0.0161621 0.9990507
vn -0.0398096 -0.0189473 0.9990276
vn -0.0389986 -0.0219680 0.9989978
vn -0.0379269 -0.0253408 0.9989592
vn -0.0364309 -0.0292534 0.9989079
vn -0.0342412 -0.0339760 0.9988359
vn -0.0309436 -0.0398466 0.9987266
vn -0.0259491 -0.0472021 0.9985482
vn -0.0185028 -0.0562263 0.9982466
vn -0.0077647 -0.0666956 0.9977432
vn 0.0070057 -0.0776547 0.9969557
vn 0.0261632 -0.0871225 0.9958540
vn 0.0493520 -0.0919979 0.9945355
vn 0.0752678 -0.0883421 0.9932424
vn 0.1016974 -0.0722116 0.9921911
vn 0.1263284 -0.0416148 0.9911152
vn 0.1499159 -0.0014954 0.9886976
vn 0.1839423 0.0270309 0.9825653
vn 0.2562370 0.0040161 0.9666057
vn 0.3856526 -0.0957544 0.9176618
vn 0.5279643 -0.2177734 0.8208705
vn 0.6232109 -0.2770658 0.7313294
vn 0.6656767 -0.2734332 0.6943405
vn 0.6568409 -0.2545929 0.7097482
vn 0.5705718 -0.2315504 0.7879291
vn 0.3670901 -0.1771063 0.9131693
vn 0.1246493 -0.1064857 0.9864701
vn 0.0031347 -0.0716759 0.9974230
vn -0.0789373 -0.0452057 0.9958541
vn -0.4010704 0.0620610 0.9139425
vn -0.7100454 0.1549428 0.6868975
vn -0.6889176 0.1622906 0.7064378
vn -0.5054263 0.1512868 0.8495037
vn -0.2993835 0.1309456 0.9451046
vn -0.1866860 0.0888875 0.9783902
vn -0.1433092 0.0307284 0.9892008
vn -0.1150723 -0.0188184 0.9931789
vn -0.0869922 -0.0498489 0.9949610
vn -0.0608191 -0.0646750 0.9960513
vn -0.0393290 -0.0688773 0.9968496
vn -0.0234073 -0.0674962 0.9974449
vn -0.0124711 -0.0639367 0.9978760
vn -0.0052932 -0.0600065 0.9981840
vn -0.0006163 -0.0564057 0.9984077
vn 0.0025484 -0.0532485 0.9985780
vn 0.0048624 -0.0504264 0.9987159
vn 0.0067187 -0.0477955 0.9988345
vn 0.0083294 -0.0452456 0.9989412
vn 0.0098003 -0.0427098 0.9990395
vn 0.0111797 -0.0401546 0.9991309
vn 0.0124872 -0.0375673 0.9992161
vn 0.0137293 -0.0349473 0.9992948
vn 0.0149063 -0.0323002 0.9993670
vn 0.0160160 -0.0296350 0.9994325
vn 0.0170553 -0.0269627 0.9994909
vn 0.0180207 -0.0242953 0.9995424
vn 0.0189091 -0.0216460 0.9995869
vn 0.0197170 -0.0190290 0.9996245
vn 0.0204415 -0.0164596 0.9996556
vn 0.0210791 -0.0139549 0.9996804
vn 0.0216264 -0.0115343 0.9996996
vn 0.0220779 -0.0092207 0.9997137
vn 0.0224233 -0.0070431 0.9997238
vn 0.0226304 -0.0050406 0.9997312
vn 0.0223162 -0.0032231 0.9997458
vn 0.0232871 -0.0020570 0.9997267
vn 0.0241502 -0.0009773 0.9997079
vn 0.0235866 0.0007686 0.9997215
vn 0.0233261 0.0027235 0.9997242
vn 0.0230120 0.0048646 0.9997234
vn 0.0226119 0.0071568 0.9997187
vn 0.0221108 0.0095844 0.9997096
vn 0.0214919 0.0121507 0.9996952
vn 0.0207269 0.0148838 0.9996744
vn 0.0197634 0.0178486 0.9996454
vn 0.0185069 0.0211632 0.9996047
vn 0.0167933 0.0250172 0.9995460
vn 0.0143524 0.0296830 0.9994563
vn 0.0107686 0.0355004 0.9993116
vn 0.0054517 0.0428076 0.9990685
vn -0.0023538 0.0517874 0.9986554
vn -0.0134864 0.0622118 0.9979718
vn -0.0286806 0.0731153 0.9969110
vn -0.0482797 0.0825023 0.9954207
vn -0.0719117 0.0872570 0.9935869
vn -0.0982542 0.0834349 0.9916576
vn -0.1250794 0.0671070 0.9898746
vn -0.1500618 0.0363243 0.9880091
vn -0.1739328 -0.0038990 0.9847498
vn -0.2080955 -0.0323686 0.9775728
vn -0.2800021 -0.0091626 0.9599557
vn -0.4073065 0.0905307 0.9087935
vn -0.5454700 0.2119463 0.8108892
vn -0.6371436 0.2708261 0.7215963
vn -0.6780249 0.2671461 0.6847738
vn -0.6696626 0.2483154 0.6999225
vn -0.5868105 0.2252305 0.7777690
vn -0.3898602 0.1711007 0.9048390
vn -0.1516396 0.1008838 0.9832741
vn -0.0307912 0.0660851 0.9973388
vn 0.0511045 0.0395553 0.9979097
vn 0.3788831 -0.0682027 0.9229279
vn 0.6993782 -0.1613224 0.6963083
vn 0.6766789 -0.1690934 0.7165983
vn 0.4848188 -0.1585704 0.8601199
vn 0.2720549 -0.1379164 0.9523472
vn 0.1572976 -0.0954479 0.9829279
vn 0.1135916 -0.0370715 0.9928357
vn 0.0854243 0.0126020 0.9962650
vn 0.0575566 0.0436936 0.9973856
vn 0.0316963 0.0585506 0.9977811
vn 0.0105946 0.0627926 0.9979704
vn -0.0048918 0.0614770 0.9980965
vn -0.0153686 0.0580082 0.9981978
vn -0.0220772 0.0541863 0.9982868
vn -0.0262817 0.0507039 0.9983679
vn -0.0289744 0.0476703 0.9984428
vn -0.0308189 0.0449738 0.9985127
vn -0.0322100 0.0424688 0.9985785
vn -0.0333618 0.0400434 0.9986408
vn -0.0343821 0.0376296 0.9987001
vn -0.0353209 0.0351927 0.9987562
vn -0.0361999 0.0327191 0.9988088
vn -0.0370270 0.0302073 0.9988576
vn -0.0378040 0.0276622 0.9989022
vn -0.0385302 0.0250921 0.9989423
vn -0.0392036 0.0225074 0.9989777
vn -0.0398219 0.0199198 0.9990082
vn -0.0403825 0.0173423 0.9990338
vn -0.0408830 0.0147888 0.9990545
vn -0.0413208 0.0122749 0.9990705
vn -0.0416932 0.0098175 0.9990822
vn -0.0419970 0.0074361 0.9990901
vn -0.0422277 0.0051539 0.9990947
vn -0.0423768 0.0029992 0.9990972
vn -0.0424198 0.0010080 0.9990994
vn -0.0420936 -0.0008613 0.9991133
vn -0.0282851 -0.0025935 0.9995965
vn -0.0285507 -0.0030185 0.9995878
vn -0.0282610 -0.0038767 0.9995931
vn -0.0281106 -0.0048462 0.9995931
vn -0.0279415 -0.0059550 0.9995918
vn -0.0277281 -0.0072295 0.9995894
vn -0.0274414 -0.0087442 0.9995852
vn -0.0270288 -0.0106548 0.9995779
vn -0.0263880 -0.0132591 0.9995638
vn -0.0253213 -0.0170964 0.9995332
vn -0.0234606 -0.0230986 0.9994579
vn -0.0201488 -0.0327947 0.9992590
vn -0.0142754 -0.0485394 0.9987192
vn -0.0040885 -0.0736696 0.9972743
vn 0.0129284 -0.1123603 0.9935834
vn 0.0398909 -0.1687580 0.9848500
vn 0.0796670 -0.2448502 0.9662823
vn 0.1330554 -0.3371632 0.9319964
vn 0.1967979 -0.4346551 0.8788319
vn 0.2638588 -0.5219190 0.8111591
vn 0.3269736 -0.5869484 0.7406617
vn 0.3820387 -0.6256701 0.6801348
vn 0.4282126 -0.6397079 0.6382850
vn 0.4659767 -0.6320226 0.6192036
vn 0.4954014 -0.6048878 0.6234486
vn 0.5155102 -0.5619348 0.6468992
vn 0.5252350 -0.5141564 0.6780644
vn 0.5243057 -0.4807226 0.7028580
vn 0.5087064 -0.4720450 0.7199940
vn 0.4659290 -0.4770943 0.7451787
vn 0.3810971 -0.4769698 0.7920005
vn 0.2537080 -0.4602569 0.8507619
vn 0.1174994 -0.4312645 0.8945417
vn 0.0221818 -0.4076740 0.9128581
vn -0.0150747 -0.4002927 0.9162633
vn -0.0291930 -0.4093601 0.9119057
vn -0.1275897 -0.3681889 0.9209548
vn -0.4296711 -0.2567606 0.8657117
vn -0.6371367 -0.2043963 0.7431548
vn -0.6812337 -0.1977414 0.7048539
vn -0.6754849 -0.2384136 0.6977672
vn -0.6536838 -0.3071299 0.6916420
vn -0.6142937 -0.3682939 0.6978559
vn -0.5533078 -0.4004912 0.7303816
vn -0.4711277 -0.3968788 0.7877347
vn -0.3724796 -0.3574584 0.8564359
vn -0.2692711 -0.2911393 0.9180038
vn -0.1776799 -0.2158545 0.9601233
vn -0.1085964 -0.1491185 0.9828380
vn -0.0630404 -0.0994011 0.9930485
vn -0.0358603 -0.0665865 0.9971360
vn -0.0207471 -0.0466499 0.9986958
vn -0.0126989 -0.0351395 0.9993017
vn -0.0084583 -0.0285973 0.9995552
vn -0.0061459 -0.0247619 0.9996745
vn -0.0047677 -0.0223111 0.9997397
vn -0.0038322 -0.0205320 0.9997819
vn -0.0031088 -0.0190645 0.9998134
vn -0.0024943 -0.0177357 0.9998396
vn -0.0019438 -0.0164668 0.9998625
vn -0.0014391 -0.0152246 0.9998831
vn -0.0009730 -0.0139966 0.9999016
vn -0.0005435 -0.0127804 0.9999182
vn -0.0001503 -0.0115783 0.9999330
vn 0.0002059 -0.0103948 0.9999460
vn 0.0005241 -0.0092357 0.9999572
vn 0.0008029 -0.0081079 0.9999668
vn 0.0010406 -0.0070195 0.9999748
vn 0.0012342 -0.0059801 0.9999814
vn 0.0013776 -0.0050019 0.9999865
vn 0.0014502 -0.0041013 0.9999905
vn 0.0012033 -0.0032835 0.9999939
vn 0.0017816 -0.0027235 0.9999947
vn 0.0022758 -0.0022439 0.9999949
vn 0.0019543 -0.0014614 0.9999970
vn 0.0018199 -0.0005544 0.9999982
vn 0.0016615 0.0004844 0.9999985
vn 0.0014495 0.0016828 0.9999975
vn 0.0011538 0.0031175 0.9999945
vn 0.0007211 0.0049470 0.9999875
vn 0.0000482 0.0074729 0.9999721
vn -0.0010635 0.0112393 0.9999363
vn -0.0029840 0.0171850 0.9998479
vn -0.0063718 0.0268484 0.9996192
vn -0.0123372 0.0425978 0.9990161
vn -0.0226241 0.0677858 0.9974433
vn -0.0397181 0.1066007 0.9935083
vn -0.0666541 0.1631846 0.9843414
vn -0.1061365 0.2394786 0.9650829
vn -0.1587276 0.3319079 0.9298616
vn -0.2209921 0.4293296 0.8756932
vn -0.2859850 0.5163415 0.8072200
vn -0.3468264 0.5810470 0.7362715
vn -0.3998513 0.6194594 0.6755657
vn -0.4444983 0.6331969 0.6336268
vn -0.4813545 0.6251661 0.6143820
vn -0.5104865 0.5976064 0.6182800
vn -0.5308167 0.5541961 0.6411711
vn -0.5410468 0.5060723 0.6716838
vn -0.5406583 0.4725204 0.6959979
vn -0.5257176 0.4639145 0.7130248
vn -0.4842422 0.4691679 0.7385059
vn -0.4017672 0.4694912 0.7862322
vn -0.2771995 0.4536473 0.8469738
vn -0.1428201 0.4257137 0.8935157
vn -0.0480213 0.4028614 0.9140003
vn -0.0108620 0.3957667 0.9182868
vn 0.0032444 0.4050186 0.9143027
vn 0.1017862 0.3645090 0.9256202
vn 0.4095323 0.2545404 0.8760665
vn 0.6243385 0.2028733 0.7543500
vn 0.6700557 0.1964141 0.7158539
vn 0.6641713 0.2377253 0.7087758
vn 0.6418926 0.3073833 0.7024880
vn 0.6013408 0.3691650 0.7085948
vn 0.5380701 0.4012774 0.7412537
vn 0.4524887 0.3967431 0.7986544
vn 0.3498690 0.3556647 0.8666570
vn 0.2431541 0.2874842 0.9264065
vn 0.1493348 0.2108097 0.9660530
vn 0.0792774 0.1433812 0.9864872
vn 0.0334936 0.0934591 0.9950596
vn 0.0063994 0.0606636 0.9981378
vn -0.0085301 0.0408183 0.9991302
vn -0.0163752 0.0294116 0.9994332
vn -0.0204156 0.0229677 0.9995277
vn -0.0225352 0.0192221 0.9995612
vn -0.0237283 0.0168523 0.9995764
vn -0.0244864 0.0151459 0.9995854
vn -0.0250400 0.0137426 0.9995920
vn -0.0254928 0.0124691 0.9995972
vn -0.0258896 0.0112465 0.9996015
vn -0.0262490 0.0100409 0.9996050
vn -0.0265783 0.0088400 0.9996076
vn -0.0268796 0.0076412 0.9996095
vn -0.0271532 0.0064470 0.9996105
vn -0.0273983 0.0052622 0.9996107
vn -0.0276138 0.0040932 0.9996103
vn -0.0277983 0.0029478 0.9996092
vn -0.0279499 0.0018348 0.9996076
vn -0.0280660 0.0007650 0.9996058
vn -0.0281414 -0.0002487 0.9996039
vn -0.0281605 -0.0011904 0.9996027
vn -0.0279480 -0.0020856 0.9996072
vn -0.0150755 -0.0028267 0.9998824
s 1
usemtl crust
f 1//1 3//3 2//2
f 1//1 4//4 3//3
f 1//1 5//5 4//4
f 1//1 6//6 5//5
f 1//1 7//7 6//6
f 1//1 8//8 7//7
f 1//1 9//9 8//8
f 1//1 10//10 9//9
f 1//1 11//11 10//10
f 1//1 12//12 11//11
f 1//1 13//13 12//12
f 1//1 14//14 13//13
f 1//1 15//15 14//14
f 1//1 16//16 15//15
f 1//1 17//17 16//16
f 1//1 18//18 17//17
f 1//1 19//19 18//18
f 1//1 20//20 19//19
f 1//1 21//21 20//20
f 1//1 22//22 21//21
f 1//1 23//23 22//22
f 1//1 24//24 23//23
f 1//1 25//25 24//24
f 1//1 26//26 25//25
f 1//1 27//27 26//26
f 1//1 28//28 27//27
f 1//1 29//29 28//28
f 1//1 30//30 29//29
f 1//1 31//31 30//30
f 1//1 32//32 31//31
f 1//1 33//33 32//32
f 1//1 34//34 33//33
f 1//1 35//35 34//34
f 1//1 36//36 35//35
f 1//1 37//37 36//36
f 1//1 38//38 37//37
f 1//1 39//39 38//38
f 1//1 40//40 39//39
f 1//1 41//41 40//40
f 1//1 42//42 41//41
f 1//1 43//43 42//42
f 1//1 44//44 43//43
f 1//1 45//45 44//44
f 1//1 46//46 45//45
f 1//1 47//47 46//46
f 1//1 48//48 47//47
f 1//1 49//49 48//48
f 1//1 50//50 49//49
f 1//1 51//51 50//50
f 1//1 52//52 51//51
f 1//1 53//53 52//52
f 1//1 54//54 53//53
f 1//1 55//55 54//54
f 1//1 56//56 55//55
f 1//1 57//57 56//56
f 1//1 58//58 57//57
f 1//1 59//59 58//58
f 1//1 60//60 59//59
f 1//1 61//61 60//60
f 1//1 62//62 61//61
f 1//1 63//63 62//62
f 1//1 64//64 63//63
f 1//1 65//65 64//64
f 1//1 66//66 65//65
f 1//1 67//67 66//66
f 1//1 68//68 67//67
f 1//1 69//69 68//68
f 1//1 70//70 69//69
f 1//1 71//71 70//70
f 1//1 72//72 71//71
f 1//1 73//73 72//72
f 1//1 74//74 73//73
f 1//1 75//75 74//74
f 1//1 76//76 75//75
f 1//1 77//77 76//76
f 1//1 78//78 77//77
f 1//1 79//79 78//78
f 1//1 80//80 79//79
f 1//1 81//81 80//80
f 1//1 82//82 81//81
f 1//1 83//83 82//82
f 1//1 84//84 83//83
f 1//1 85//85 84//84
f 1//1 86//86 85//85
f 1//1 87//87 86//86
f 1//1 88//88 87//87
f 1//1 89//89 88//88
f 1//1 90//90 89//89
f 1//1 91//91 90//90
f 1//1 92//92 91//91
f 1//1 93//93 92//92
f 1//1 94//94 93//93
f 1//1 95//95 94//94
f 1//1 96//96 95//95
f 1//1 97//97 96//96
f 1//1 98//98 97//97
f 1//1 99//99 98//98
f 1//1 100//100 99//99
f 1//1 101//101 100//100
f 1//1 102//102 101//101
f 1//1 103//103 102//102
f 1//1 104//104 103//103
f 1//1 105//105 104//104
f 1//1 106//106 105//105
f 1//1 107//107 106//106
f 1//1 108//108 107//107
f 1//1 109//109 108//108
f 1//1 110//110 109//109
f 1//1 111//111 110//110
f 1//1 112//112 111//111
f 1//1 113//113 112//112
f 1//1 114//114 113//113
f 1//1 115//115 114//114
f 1//1 116//116 115//115
f 1//1 117//117 116//116
f 1//1 118//118 117//117
f 1//1 119//119 118//118
f 1//1 120//120 119//119
f 1//1 121//121 120//120
f 1//1 122//122 121//121
f 1//1 123//123 122//122
f 1//1 124//124 123//123
f 1//1 125//125 124//124
f 1//1 126//126 125//125
f 1//1 127//127 126//126
f 1//1 128//128 127//127
f 1//1 129//129 128//128
f 1//1 130//130 129//129
f 1//1 131//131 130//130
f 1//1 132//132 131//131
f 1//1 133//133 132//132
f 1//1 134//134 133//133
f 1//1 135//135 134//134
f 1//1 136//136 135//135
f 1//1 137//137 136//136
f 1//1 138//138 137//137
f 1//1 139//139 138//138
f 1//1 140//140 139//139
f 1//1 141//141 140//140
f 1//1 142//142 141//141
f 1//1 143//143 142//142
f 1//1 144//144 143//143
f 1//1 145//145 144//144
f 1//1 2//2 145//145
f 2//2 3//3 147//147
f 2//2 147//147 146//146
f 3//3 4//4 148//148
f 3//3 148//148 147//147
f 4//4 5//5 149//149
f 4//4 149//149 148//148
f 5//5 6//6 150//150
f 5//5 150//150 149//149
f 6//6 7//7 151//151
f 6//6 151//151 150//150
f 7//7 8//8 152//152
f 7//7 152//152 151//151
f 8//8 9//9 153//153
f 8//8 153//153 152//152
f 9//9 10//10 154//154
f 9//9 154//154 153//153
f 10//10 11//11 155//155
f 10//10 155//155 154//154
f 11//11 12//12 156//156
f 11//11 156//156 155//155
f 12//12 13//13 157//157
f 12//12 157//157 156//156
f 13//13 14//14 158//158
f 13//13 158//158 157//157
f 14//14 15//15 159//159
f 14//14 159//159 158//158
f 15//15 16//16 160//160
f 15//15 160//160 159//159
f 16//16 17//17 161//161
f 16//16 161//161 160//160
f 17//17 18//18 162//162
f 17//17 162//162 161//161
f 18//18 19//19 163//163
f 18//18 163//163 162//162
f 19//19 20//20 164//164
f 19//19 164//164 163//163
f 20//20 21//21 165//165
f 20//20 165//165 164//164
f 21//21 22//22 166//166
f 21//21 166//166 165//165
f 22//22 23//23 167//167
f 22//22 167//167 166//166
f 23//23 24//24 168//168
f 23//23 168//168 167//167
f 24//24 25//25 169//169
f 24//24 169//169 168//168
f 25//25 26//26 170//170
f 25//25 170//170 169//169
f 26//26 27//27 171//171
f 26//26 171//171 170//170
f 27//27 28//28 172//172
f 27//27 172//172 171//171
f 28//28 29//29 173//173
f 28//28 173//173 172//172
f 29//29 30//30 174//174
f 29//29 174//174 173//173
f 30//30 31//31 175//175
f 30//30 175//175 174//174
f 31//31 32//32 176//176
f 31//31 176//176 175//175
f 32//32 33//33 177//177
f 32//32 177//177 176//176
f 33//33 34//34 178//178
f 33//33 178//178 177//177
f 34//34 35//35 179//179
f 34//34 179//179 178//178
f 35//35 36//36 180//180
f 35//35 180//180 179//179
f 36//36 37//37 181//181
f 36//36 181//181 180//180
f 37//37 38//38 182//182
f 37//37 182//182 181//181
f 38//38 39//39 183//183
f 38//38 183//183 182//182
f 39//39 40//40 184//184
f 39//39 184//184 183//183
f 40//40 41//41 185//185
f 40//40 185//185 184//184
f 41//41 42//42 186//186
f 41//41 186//186 185//185
f 42//42 43//43 187//187
f 42//42 187//187 186//186
f 43//43 44//44 188//188
f 43//43 188//188 187//187
f 44//44 45//45 189//189
f 44//44 189//189 188//188
f 45//45 46//46 190//190
f 45//45 190//190 189//189
f 46//46 47//47 191//191
f 46//46 191//191 190//190
f 47//47 48//48 192//192
f 47//47 192//192 191//191
f 48//48 49//49 193//193
f 48//48 193//193 192//192
f 49//49 50//50 194//194
f 49//49 194//194 193//193
f 50//50 51//51 195//195
f 50//50 195//195 194//194
f 51//51 52//52 196//196
f 51//51 196//196 195//195
f 52//52 53//53 197//197
f 52//52 197//197 196//196
f 53//53 54//54 198//198
f 53//53 198//198 197//197
f 54//54 55//55 199//199
f 54//54 199//199 198//198
f 55//55 56//56 200//200
f 55//55 200//200 199//199
f 56//56 57//57 201//201
f 56//56 201//201 200//200
f 57//57 58//58 202//202
f 57//57 202//202 201//201
f 58//58 59//59 203//203
f 58//58 203//203 202//202
f 59//59 60//60 204//204
f 59//59 204//204 203//203
f 60//60 61//61 205//205
f 60//60 205//205 204//204
f 61//61 62//62 206//206
f 61//61 206//206 205//205
f 62//62 63//63 207//207
f 62//62 207//207 206//206
f 63//63 64//64 208//208
f 63//63 208//208 207//207
f 64//64 65//65 209//209
f 64//64 209//209 208//208
f 65//65 66//66 210//210
f 65//65 210//210 209//209
f 66//66 67//67 211//211
f 66//66 211//211 210//210
f 67//67 68//68 212//212
f 67//67 212//212 211//211
f 68//68 69//69 213//213
f 68//68 213//213 212//212
f 69//69 70//70 214//214
f 69//69 214//214 213//213
f 70//70 71//71 215//215
f 70//70 215//215 214//214
f 71//71 72//72 216//216
f 71//71 216//216 215//215
f 72//72 73//73 217//217
f 72//72 217//217 216//216
f 73//73 74//74 218//218
f 73//73 218//218 217//217
f 74//74 75//75 219//219
f 74//74 219//219 218//218
f 75//75 76//76 220//220
f 75//75 220//220 219//219
f 76//76 77//77 221//221
f 76//76 221//221 220//220
f 77//77 78//78 222//222
f 77//77 222//222 221//221
f 78//78 79//79 223//223
f 78//78 223//223 222//222
f 79//79 80//80 224//224
f 79//79 224//224 223//223
f 80//80 81//81 225//225
f 80//80 225//225 224//224
f 81//81 82//82 226//226
f 81//81 226//226 225//225
f 82//82 83//83 227//227
f 82//82 227//227 226//226
f 83//83 84//84 228//228
f 83//83 228//228 227//227
f 84//84 85//85 229//229
f 84//84 229//229 228//228
f 85//85 86//86 230//230
f 85//85 230//230 229//229
f 86//86 87//87 231//231
f 86//86 231//231 230//230
f 87//87 88//88 232//232
f 87//87 232//232 231//231
f 88//88 89//89 233//233
f 88//88 233//233 232//232
f 89//89 90//90 234//234
f 89//89 234//234 233//233
f 90//90 91//91 235//235
f 90//90 235//235 234//234
f 91//91 92//92 236//236
f 91//91 236//236 235//235
f 92//92 93//93 237//237
f 92//92 237//237 236//236
f 93//93 94//94 238//238
f 93//93 238//238 237//237
f 94//94 95//95 239//239
f 94//94 239//239 238//238
f 95//95 96//96 240//240
f 95//95 240//240 239//239
f 96//96 97//97 241//241
f 96//96 241//241 240//240
f 97//97 98//98 242//242
f 97//97 242//242 241//241
f 98//98 99//99 243//243
f 98//98 243//243 242//242
f 99//99 100//100 244//244
f 99//99 244//244 243//243
f 100//100 101//101 245//245
f 100//100 245//245 244//244
f 101//101 102//102 246//246
f 101//101 246//246 245//245
f 102//102 103//103 247//247
f 102//102 247//247 246//246
f 103//103 104//104 248//248
f 103//103 248//248 247//247
f 104//104 105//105 249//249
f 104//104 249//249 248//248
f 105//105 106//106 250//250
f 105//105 250//250 249//249
f 106//106 107//107 251//251
f 106//106 251//251 250//250
f 107//107 108//108 252//252
f 107//107 252//252 251//251
f 108//108 109//109 253//253
f 108//108 253//253 252//252
f 109//109 110//110 254//254
f 109//109 254//254 253//253
f 110//110 111//111 255//255
f 110//110 255//255 254//254
f 111//111 112//112 256//256
f 111//111 256//256 255//255
f 112//112 113//113 257//257
f 112//112 257//257 256//256
f 113//113 114//114 258//258
f 113//113 258//258 257//257
f 114//114 115//115 259//259
f 114//114 259//259 258//258
f 115//115 116//116 260//260
f 115//115 260//260 259//259
f 116//116 117//117 261//261
f 116//116 261//261 260//260
f 117//117 118//118 262//262
f 117//117 262//262 261//261
f 118//118 119//119 263//263
f 118//118 263//263 262//262
f 119//119 120//120 264//264
f 119//119 264//264 263//263
f 120//120 121//121 265//265
f 120//120 265//265 264//264
f 121//121 122//122 266//266
f 121//121 266//266 265//265
f 122//122 123//123 267//267
f 122//122 267//267 266//266
f 123//123 124//124 268//268
f 123//123 268//268 267//267
f 124//124 125//125 269//269
f 124//124 269//269 268//268
f 125//125 126//126 270//270
f 125//125 270//270 269//269
f 126//126 127//127 271//271
f 126//126 271//271 270//270
f 127//127 128//128 272//272
f 127//127 272//272 271//271
f 128//128 129//129 273//273
f 128//128 273//273 272//272
f 129//129 130//130 274//274
f 129//129 274//274 273//273
f 130//130 131//131 275//275
f 130//130 275//275 274//274
f 131//131 132//132 276//276
f 131//131 276//276 275//275
f 132//132 133//133 277//277
f 132//132 277//277 276//276
f 133//133 134//134 278//278
f 133//133 278//278 277//277
f 134//134 135//135 279//279
f 134//134 279//279 278//278
f 135//135 136//136 280//280
f 135//135 280//280 279//279
f 136//136 137//137 281//281
f 136//136 281//281 280//280
f 137//137 138//138 282//282
f 137//137 282//282 281//281
f 138//138 139//139 283//283
f 138//138 283//283 282//282
f 139//139 140//140 284//284
f 139//139 284//284 283//283
f 140//140 141//141 285//285
f 140//140 285//285 284//284
f 141//141 142//142 286//286
f 141//141 286//286 285//285
f 142//142 143//143 287//287
f 142//142 287//287 286//286
f 143//143 144//144 288//288
f 143//143 288//288 287//287
f 144//144 145//145 289//289
f 144//144 289//289 288//288
f 145//145 2//2 146//146
f 145//145 146//146 289//289
f 146//146 147//147 291//291
f 146//146 291//291 290//290
f 147//147 148//148 292//292
f 147//147 292//292 291//291
f 148//148 149//149 293//293
f 148//148 293//293 292//292
f 149//149 150//150 294//294
f 149//149 294//294 293//293
f 150//150 151//151 295//295
f 150//150 295//295 294//294
f 151//151 152//152 296//296
f 151//151 296//296 295//295
f 152//152 153//153 297//297
f 152//152 297//297 296//296
f 153//153 154//154 298//298
f 153//153 298//298 297//297
f 154//154 155//155 299//299
f 154//154 299//299 298//298
f 155//155 156//156 300//300
f 155//155 300//300 299//299
f 156//156 157//157 301//301
f 156//156 301//301 300//300
f 157//157 158//158 302//302
f 157//157 302//302 301//301
f 158//158 159//159 303//303
f 158//158 303//303 302//302
f 159//159 160//160 304//304
f 159//159 304//304 303//303
f 160//160 161//161 305//305
f 160//160 305//305 304//304
f 161//161 162//162 306//306
f 161//161 306//306 305//305
f 162//162 163//163 307//307
f 162//162 307//307 306//306
f 163//163 164//164 308//308
f 163//163 308//308 307//307
f 164//164 165//165 309//309
f 164//164 309//309 308//308
f 165//165 166//166 310//310
f 165//165 310//310 309//309
f 166//166 167//167 311//311
f 166//166 311//311 310//310
f 167//167 168//168 312//312
f 167//167 312//312 311//311
f 168//168 169//169 313//313
f 168//168 313//313 312//312
f 169//169 170//170 314//314
f 169//169 314//314 313//313
f 170//170 171//171 315//315
f 170//170 315//315 314//314
f 171//171 172//172 316//316
f 171//171 316//316 315//315
f 172//172 173//173 317//317
f 172//172 317//317 316//316
f 173//173 174//174 318//318
f 173//173 318//318 317//317
f 174//174 175//175 319//319
f 174//174 319//319 318//318
f 175//175 176//176 320//320
f 175//175 320//320 319//319
f 176//176 177//177 321//321
f 176//176 321//321 320//320
f 177//177 178//178 322//322
f 177//177 322//322 321//321
f 178//178 179//179 323//323
f 178//178 323//323 322//322
f 179//179 180//180 324//324
f 179//179 324//324 323//323
f 180//180 181//181 325//325
f 180//180 325//325 324//324
f 181//181 182//182 326//326
f 181//181 326//326 325//325
f 182//182 183//183 327//327
f 182//182 327//327 326//326
f 183//183 184//184 328//328
f 183//183 328//328 327//327
f 184//184 185//185 329//329
f 184//184 329//329 328//328
f 185//185 186//186 330//330
f 185//185 330//330 329//329
f 186//186 187//187 331//331
f 186//186 331//331 330//330
f 187//187 188//188 332//332
f 187//187 332//332 331//331
f 188//188 189//189 333//333
f 188//188 333//333 332//332
f 189//189 190//190 334//334
f 189//189 334//334 333//333
f 190//190 191//191 335//335
f 190//190 335//335 334//334
f 191//191 192//192 336//336
f 191//191 336//336 335//335
f 192//192 193//193 337//337
f 192//192 337//337 336//336
f 193//193 194//194 338//338
f 193//193 338//338 337//337
f 194//194 195//195 339//339
f 194//194 339//339 338//338
f 195//195 196//196 340//340
f 195//195 340//340 339//339
f 196//196 197//197 341//341
f 196//196 341//341 340//340
f 197//197 198//198 342//342
f 197//197 342//342 341//341
f 198//198 199//199 343//343
f 198//198 343//343 342//342
f 199//199 200//200 344//344
f 199//199 344//344 343//343
f 200//200 201//201 345//345
f 200//200 345//345 344//344
f 201//201 202//202 346//346
f 201//201 346//346 345//345
f 202//202 203//203 347//347
f 202//202 347//347 346//346
f 203//203 204//204 348//348
f 203//203 348//348 347//347
f 204//204 205//205 349//349
f 204//204 349//349 348//348
f 205//205 206//206 350//350
f 205//205 350//350 349//349
f 206//206 207//207 351//351
f 206//206 351//351 350//350
f 207//207 208//208 352//352
f 207//207 352//352 351//351
f 208//208 209//209 353//353
f 208//208 353//353 352//352
f 209//209 210//210 354//354
f 209//209 354//354 353//353
f 210//210 211//211 355//355
f 210//210 355//355 354//354
f 211//211 212//212 356//356
f 211//211 356//356 355//355
f 212//212 213//213 357//357
f 212//212 357//357 356//356
f 213//213 214//214 358//358
f 213//213 358//358 357//357
f 214//214 215//215 359//359
f 214//214 359//359 358//358
f 215//215 216//216 360//360
f 215//215 360//360 359//359
f 216//216 217//217 361//361
f 216//216 361//361 360//360
f 217//217 218//218 362//362
f 217//217 362//362 361//361
f 218//218 219//219 363//363
f 218//218 363//363 362//362
f 219//219 220//220 364//364
f 219//219 364//364 363//363
f 220//220 221//221 365//365
f 220//220 365//365 364//364
f 221//221 222//222 366//366
f 221//221 366//366 365//365
f 222//222 223//223 367//367
f 222//222 367//367 366//366
f 223//223 224//224 368//368
f 223//223 368//368 367//367
f 224//224 225//225 369//369
f 224//224 369//369 368//368
f 225//225 226//226 370//370
f 225//225 370//370 369//369
f 226//226 227//227 371//371
f 226//226 371//371 370//370
f 227//227 228//228 372//372
f 227//227 372//372 371//371
f 228//228 229//229 373//373
f 228//228 373//373 372//372
f 229//229 230//230 374//374
f 229//229 374//374 373//373
f 230//230 231//231 375//375
f 230//230 375//375 374//374
f 231//231 232//232 376//376
f 231//231 376//376 375//375
f 232//232 233//233 377//377
f 232//232 377//377 376//376
f 233//233 234//234 378//378
f 233//233 378//378 377//377
f 234//234 235//235 379//379
f 234//234 379//379 378//378
f 235//235 236//236 380//380
f 235//235 380//380 379//379
f 236//236 237//237 381//381
f 236//236 381//381 380//380
f 237//237 238//238 382//382
f 237//237 382//382 381//381
f 238//238 239//239 383//383
f 238//238 383//383 382//382
f 239//239 240//240 384//384
f 239//239 384//384 383//383
f 240//240 241//241 385//385
f 240//240 385//385 384//384
f 241//241 242//242 386//386
f 241//241 386//386 385//385
f 242//242 243//243 387//387
f 242//242 387//387 386//386
f 243//243 244//244 388//388
f 243//243 388//388 387//387
f 244//244 245//245 389//389
f 244//244 389//389 388//388
f 245//245 246//246 390//390
f 245//245 390//390 389//389
f 246//246 247//247 391//391
f 246//246 391//391 390//390
f 247//247 248//248 392//392
f 247//247 392//392 391//391
f 248//248 249//249 393//393
f 248//248 393//393 392//392
f 249//249 250//250 394//394
f 249//249 394//394 393//393
f 250//250 251//251 395//395
f 250//250 395//395 394//394
f 251//251 252//252 396//396
f 251//251 396//396 395//395
f 252//252 253//253 397//397
f 252//252 397//397 396//396
f 253//253 254//254 398//398
f 253//253 398//398 397//397
f 254//254 255//255 399//399
f 254//254 399//399 398//398
f 255//255 256//256 400//400
f 255//255 400//400 399//399
f 256//256 257//257 401//401
f 256//256 401//401 400//400
f 257//257 258//258 402//402
f 257//257 402//402 401//401
f 258//258 259//259 403//403
f 258//258 403//403 402//402
f 259//259 260//260 404//404
f 259//259 404//404 403//403
f 260//260 261//261 405//405
f 260//260 405//405 404//404
f 261//261 262//262 406//406
f 261//261 406//406 405//405
f 262//262 263//263 407//407
f 262//262 407//407 406//406
f 263//263 264//264 408//408
f 263//263 408//408 407//407
f 264//264 265//265 409//409
f 264//264 409//409 408//408
f 265//265 266//266 410//410
f 265//265 410//410 409//409
f 266//266 267//267 411//411
f 266//266 411//411 410//410
f 267//267 268//268 412//412
f 267//267 412//412 411//411
f 268//268 269//269 413//413
f 268//268 413//413 412//412
f 269//269 270//270 414//414
f 269//269 414//414 413//413
f 270//270 271//271 415//415
f 270//270 415//415 414//414
f 271//271 272//272 416//416
f 271//271 416//416 415//415
f 272//272 273//273 417//417
f 272//272 417//417 416//416
f 273//273 274//274 418//418
f 273//273 418//418 417//417
f 274//274 275//275 419//419
f 274//274 419//419 418//418
f 275//275 276//276 420//420
f 275//275 420//420 419//419
f 276//276 277//277 421//421
f 276//276 421//421 420//420
f 277//277 278//278 422//422
f 277//277 422//422 421//421
f 278//278 279//279 423//423
f 278//278 423//423 422//422
f 279//279 280//280 424//424
f 279//279 424//424 423//423
f 280//280 281//281 425//425
f 280//280 425//425 424//424
f 281//281 282//282 426//426
f 281//281 426//426 425//425
f 282//282 283//283 427//427
f 282//282 427//427 426//426
f 283//283 284//284 428//428
f 283//283 428//428 427//427
f 284//284 285//285 429//429
f 284//284 429//429 428//428
f 285//285 286//286 430//430
f 285//285 430//430 429//429
f 286//286 287//287 431//431
f 286//286 431//431 430//430
f 287//287 288//288 432//432
f 287//287 432//432 431//431
f 288//288 289//289 433//433
f 288//288 433//433 432//432
f 289//289 146//146 290//290
f 289//289 290//290 433//433
f 290//290 291//291 435//435
f 290//290 435//435 434//434
f 291//291 292//292 436//436
f 291//291 436//436 435//435
f 292//292 293//293 437//437
f 292//292 437//437 436//436
f 293//293 294//294 438//438
f 293//293 438//438 437//437
f 294//294 295//295 439//439
f 294//294 439//439 438//438
f 295//295 296//296 440//440
f 295//295 440//440 439//439
f 296//296 297//297 441//441
f 296//296 441//441 440//440
f 297//297 298//298 442//442
f 297//297 442//442 441//441
f 298//298 299//299 443//443
f 298//298 443//443 442//442
f 299//299 300//300 444//444
f 299//299 444//444 443//443
f 300//300 301//301 445//445
f 300//300 445//445 444//444
f 301//301 302//302 446//446
f 301//301 446//446 445//445
f 302//302 303//303 447//447
f 302//302 447//447 446//446
f 303//303 304//304 448//448
f 303//303 448//448 447//447
f 304//304 305//305 449//449
f 304//304 449//449 448//448
f 305//305 306//306 450//450
f 305//305 450//450 449//449
f 306//306 307//307 451//451
f 306//306 451//451 450//450
f 307//307 308//308 452//452
f 307//307 452//452 451//451
f 308//308 309//309 453//453
f 308//308 453//453 452//452
f 309//309 310//310 454//454
f 309//309 454//454 453//453
f 310//310 311//311 455//455
f 310//310 455//455 454//454
f 311//311 312//312 456//456
f 311//311 456//456 455//455
f 312//312 313//313 457//457
f 312//312 457//457 456//456
f 313//313 314//314 458//458
f 313//313 458//458 457//457
f 314//314 315//315 459//459
f 314//314 459//459 458//458
f 315//315 316//316 460//460
f 315//315 460//460 459//459
f 316//316 317//317 461//461
f 316//316 461//461 460//460
f 317//317 318//318 462//462
f 317//317 462//462 461//461
f 318//318 319//319 463//463
f 318//318 463//463 462//462
f 319//319 320//320 464//464
f 319//319 464//464 463//463
f 320//320 321//321 465//465
f 320//320 465//465 464//464
f 321//321 322//322 466//466
f 321//321 466//466 465//465
f 322//322 323//323 467//467
f 322//322 467//467 466//466
f 323//323 324//324 468//468
f 323//323 468//468 467//467
f 324//324 325//325 469//469
f 324//324 469//469 468//468
f 325//325 326//326 470//470
f 325//325 470//470 469//469
f 326//326 327//327 471//471
f 326//326 471//471 470//470
f 327//327 328//328 472//472
f 327//327 472//472 471//471
f 328//328 329//329 473//473
f 328//328 473//473 472//472
f 329//329 330//330 474//474
f 329//329 474//474 473//473
f 330//330 331//331 475//475
f 330//330 475//475 474//474
f 331//331 332//332 476//476
f 331//331 476//476 475//475
f 332//332 333//333 477//477
f 332//332 477//477 476//476
f 333//333 334//334 478//478
f 333//333 478//478 477//477
f 334//334 335//335 479//479
f 334//334 479//479 478//478
f 335//335 336//336 480//480
f 335//335 480//480 479//479
f 336//336 337//337 481//481
f 336//336 481//481 480//480
f 337//337 338//338 482//482
f 337//337 482//482 481//481
f 338//338 339//339 483//483
f 338//338 483//483 482//482
f 339//339 340//340 484//484
f 339//339 484//484 483//483
f 340//340 341//341 485//485
f 340//340 485//485 484//484
f 341//341 342//342 486//486
f 341//341 486//486 485//485
f 342//342 343//343 487//487
f 342//342 487//487 486//486
f 343//343 344//344 488//488
f 343//343 488//488 487//487
f 344//344 345//345 489//489
f 344//344 489//489 488//488
f 345//345 346//346 490//490
f 345//345 490//490 489//489
f 346//346 347//347 491//491
f 346//346 491//491 490//490
f 347//347 348//348 492//492
f 347//347 492//492 491//491
f 348//348 349//349 493//493
f 348//348 493//493 492//492
f 349//349 350//350 494//494
f 349//349 494//494 493//493
f 350//350 351//351 495//495
f 350//350 495//495 494//494
f 351//351 352//352 496//496
f 351//351 496//496 495//495
f 352//352 353//353 497//497
f 352//352 497//497 496//496
f 353//353 354//354 498//498
f 353//353 498//498 497//497
f 354//354 355//355 499//499
f 354//354 499//499 498//498
f 355//355 356//356 500//500
f 355//355 500//500 499//499
f 356//356 357//357 501//501
f 356//356 501//501 500//500
f 357//357 358//358 502//502
f 357//357 502//502 501//501
f 358//358 359//359 503//503
f 358//358 503//503 502//502
f 359//359 360//360 504//504
f 359//359 504//504 503//503
f 360//360 361//361 505//505
f 360//360 505//505 504//504
f 361//361 362//362 506//506
f 361//361 506//506 505//505
f 362//362 363//363 507//507
f 362//362 507//507 506//506
f 363//363 364//364 508//508
f 363//363 508//508 507//507
f 364//364 365//365 509//509
f 364//364 509//509 508//508
f 365//365 366//366 510//510
f 365//365 510//510 509//509
f 366//366 367//367 511//511
f 366//366 511//511 510//510
f 367//367 368//368 512//512
f 367//367 512//512 511//511
f 368//368 369//369 513//513
f 368//368 513//513 512//512
f 369//369 370//370 514//514
f 369//369 514//514 513//513
f 370//370 371//371 515//515
f 370//370 515//515 514//514
f 371//371 372//372 516//516
f 371//371 516//516 515//515
f 372//372 373//373 517//517
f 372//372 517//517 516//516
f 373//373 374//374 518//518
f 373//373 518//518 517//517
f 374//374 375//375 519//519
f 374//374 519//519 518//518
f 375//375 376//376 520//520
f 375//375 520//520 519//519
f 376//376 377//377 521//521
f 376//376 521//521 520//520
f 377//377 378//378 522//522
f 377//377 522//522 521//521
f 378//378 379//379 523//523
f 378//378 523//523 522//522
f 379//379 380//380 524//524
f 379//379 524//524 523//523
f 380//380 381//381 525//525
f 380//380 525//525 524//524
f 381//381 382//382 526//526
f 381//381 526//526 525//525
f 382//382 383//383 527//527
f 382//382 527//527 526//526
f 383//383 384//384 528//528
f 383//383 528//528 527//527
f 384//384 385//385 529//529
f 384//384 529//529 528//528
f 385//385 386//386 530//530
f 385//385 530//530 529//529
f 386//386 387//387 531//531
f 386//386 531//531 530//530
f 387//387 388//388 532//532
f 387//387 532//532 531//531
f 388//388 389//389 533//533
f 388//388 533//533 532//532
f 389//389 390//390 534//534
f 389//389 534//534 533//533
f 390//390 391//391 535//535
f 390//390 535//535 534//534
f 391//391 392//392 536//536
f 391//391 536//536 535//535
f 392//392 393//393 537//537
f 392//392 537//537 536//536
f 393//393 394//394 538//538
f 393//393 538//538 537//537
f 394//394 395//395 539//539
f 394//394 539//539 538//538
f 395//395 396//396 540//540
f 395//395 540//540 539//539
f 396//396 397//397 541//541
f 396//396 541//541 540//540
f 397//397 398//398 542//542
f 397//397 542//542 541//541
f 398//398 399//399 543//543
f 398//398 543//543 542//542
f 399//399 400//400 544//544
f 399//399 544//544 543//543
f 400//400 401//401 545//545
f 400//400 545//545 544//544
f 401//401 402//402 546//546
f 401//401 546//546 545//545
f 402//402 403//403 547//547
f 402//402 547//547 546//546
f 403//403 404//404 548//548
f 403//403 548//548 547//547
f 404//404 405//405 549//549
f 404//404 549//549 548//548
f 405//405 406//406 550//550
f 405//405 550//550 549//549
f 406//406 407//407 551//551
f 406//406 551//551 550//550
f 407//407 408//408 552//552
f 407//407 552//552 551//551
f 408//408 409//409 553//553
f 408//408 553//553 552//552
f 409//409 410//410 554//554
f 409//409 554//554 553//553
f 410//410 411//411 555//555
f 410//410 555//555 554//554
f 411//411 412//412 556//556
f 411//411 556//556 555//555
f 412//412 413//413 557//557
f 412//412 557//557 556//556
f 413//413 414//414 558//558
f 413//413 558//558 557//557
f 414//414 415//415 559//559
f 414//414 559//559 558//558
f 415//415 416//416 560//560
f 415//415 560//560 559//559
f 416//416 417//417 561//561
f 416//416 561//561 560//560
f 417//417 418//418 562//562
f 417//417 562//562 561//561
f 418//418 419//419 563//563
f 418//418 563//563 562//562
f 419//419 420//420 564//564
f 419//419 564//564 563//563
f 420//420 421//421 565//565
f 420//420 565//565 564//564
f 421//421 422//422 566//566
f 421//421 566//566 565//565
f 422//422 423//423 567//567
f 422//422 567//567 566//566
f 423//423 424//424 568//568
f 423//423 568//568 567//567
f 424//424 425//425 569//569
f 424//424 569//569 568//568
f 425//425 426//426 570//570
f 425//425 570//570 569//569
f 426//426 427//427 571//571
f 426//426 571//571 570//570
f 427//427 428//428 572//572
f 427//427 572//572 571//571
f 428//428 429//429 573//573
f 428//428 573//573 572//572
f 429//429 430//430 574//574
f 429//429 574//574 573//573
f 430//430 431//431 575//575
f 430//430 575//575 574//574
f 431//431 432//432 576//576
f 431//431 576//576 575//575
f 432//432 433//433 577//577
f 432//432 577//577 576//576
f 433//433 290//290 434//434
f 433//433 434//434 577//577
f 434//434 435//435 579//579
f 434//434 579//579 578//578
f 435//435 436//436 580//580
f 435//435 580//580 579//579
f 436//436 437//437 581//581
f 436//436 581//581 580//580
f 437//437 438//438 582//582
f 437//437 582//582 581//581
f 438//438 439//439 583//583
f 438//438 583//583 582//582
f 439//439 440//440 584//584
f 439//439 584//584 583//583
f 440//440 441//441 585//585
f 440//440 585//585 584//584
f 441//441 442//442 586//586
f 441//441 586//586 585//585
f 442//442 443//443 587//587
f 442//442 587//587 586//586
f 443//443 444//444 588//588
f 443//443 588//588 587//587
f 444//444 445//445 589//589
f 444//444 589//589 588//588
f 445//445 446//446 590//590
f 445//445 590//590 589//589
f 446//446 447//447 591//591
f 446//446 591//591 590//590
f 447//447 448//448 592//592
f 447//447 592//592 591//591
f 448//448 449//449 593//593
f 448//448 593//593 592//592
f 449//449 450//450 594//594
f 449//449 594//594 593//593
f 450//450 451//451 595//595
f 450//450 595//595 594//594
f 451//451 452//452 596//596
f 451//451 596//596 595//595
f 452//452 453//453 597//597
f 452//452 597//597 596//596
f 453//453 454//454 598//598
f 453//453 598//598 597//597
f 454//454 455//455 599//599
f 454//454 599//599 598//598
f 455//455 456//456 600//600
f 455//455 600//600 599//599
f 456//456 457//457 601//601
f 456//456 601//601 600//600
f 457//457 458//458 602//602
f 457//457 602//602 601//601
f 458//458 459//459 603//603
f 458//458 603//603 602//602
f 459//459 460//460 604//604
f 459//459 604//604 603//603
f 460//460 461//461 605//605
f 460//460 605//605 604//604
f 461//461 462//462 606//606
f 461//461 606//606 605//605
f 462//462 463//463 607//607
f 462//462 607//607 606//606
f 463//463 464//464 608//608
f 463//463 608//608 607//607
f 464//464 465//465 609//609
f 464//464 609//609 608//608
f 465//465 466//466 610//610
f 465//465 610//610 609//609
f 466//466 467//467 611//611
f 466//466 611//611 610//610
f 467//467 468//468 612//612
f 467//467 612//612 611//611
f 468//468 469//469 613//613
f 468//468 613//613 612//612
f 469//469 470//470 614//614
f 469//469 614//614 613//613
f 470//470 471//471 615//615
f 470//470 615//615 614//614
f 471//471 472//472 616//616
f 471//471 616//616 615//615
f 472//472 473//473 617//617
f 472//472 617//617 616//616
f 473//473 474//474 618//618
f 473//473 618//618 617//617
f 474//474 475//475 619//619
f 474//474 619//619 618//618
f 475//475 476//476 620//620
f 475//475 620//620 619//619
f 476//476 477//477 621//621
f 476//476 621//621 620//620
f 477//477 478//478 622//622
f 477//477 622//622 621//621
f 478//478 479//479 623//623
f 478//478 623//623 622//622
f 479//479 480//480 624//624
f 479//479 624//624 623//623
f 480//480 481//481 625//625
f 480//480 625//625 624//624
f 481//481 482//482 626//626
f 481//481 626//626 625//625
f 482//482 483//483 627//627
f 482//482 627//627 626//626
f 483//483 484//484 628//628
f 483//483 628//628 627//627
f 484//484 485//485 629//629
f 484//484 629//629 628//628
f 485//485 486//486 630//630
f 485//485 630//630 629//629
f 486//486 487//487 631//631
f 486//486 631//631 630//630
f 487//487 488//488 632//632
f 487//487 632//632 631//631
f 488//488 489//489 633//633
f 488//488 633//633 632//632
f 489//489 490//490 634//634
f 489//489 634//634 633//633
f 490//490 491//491 635//635
f 490//490 635//635 634//634
f 491//491 492//492 636//636
f 491//491 636//636 635//635
f 492//492 493//493 637//637
f 492//492 637//637 636//636
f 493//493 494//494 638//638
f 493//493 638//638 637//637
f 494//494 495//495 639//639
f 494//494 639//639 638//638
f 495//495 496//496 640//640
f 495//495 640//640 639//639
f 496//496 497//497 641//641
f 496//496 641//641 640//640
f 497//497 498//498 642//642
f 497//497 642//642 641//641
f 498//498 499//499 643//643
f 498//498 643//643 642//642
f 499//499 500//500 644//644
f 499//499 644//644 643//643
f 500//500 501//501 645//645
f 500//500 645//645 644//644
f 501//501 502//502 646//646
f 501//501 646//646 645//645
f 502//502 503//503 647//647
f 502//502 647//647 646//646
f 503//503 504//504 648//648
f 503//503 648//648 647//647
f 504//504 505//505 649//649
f 504//504 649//649 648//648
f 505//505 506//506 650//650
f 505//505 650//650 649//649
f 506//506 507//507 651//651
f 506//506 651//651 650//650
f 507//507 508//508 652//652
f 507//507 652//652 651//651
f 508//508 509//509 653//653
f 508//508 653//653 652//652
f 509//509 510//510 654//654
f 509//509 654//654 653//653
f 510//510 511//511 655//655
f 510//510 655//655 654//654
f 511//511 512//512 656//656
f 511//511 656//656 655//655
f 512//512 513//513 657//657
f 512//512 657//657 656//656
f 513//513 514//514 658//658
f 513//513 658//658 657//657
f 514//514 515//515 659//659
f 514//514 659//659 658//658
f 515//515 516//516 660//660
f 515//515 660//660 659//659
f 516//516 517//517 661//661
f 516//516 661//661 660//660
f 517//517 518//518 662//662
f 517//517 662//662 661//661
f 518//518 519//519 663//663
f 518//518 663//663 662//662
f 519//519 520//520 664//664
f 519//519 664//664 663//663
f 520//520 521//521 665//665
f 520//520 665//665 664//664
f 521//521 522//522 666//666
f 521//521 666//666 665//665
f 522//522 523//523 667//667
f 522//522 667//667 666//666
f 523//523 524//524 668//668
f 523//523 668//668 667//667
f 524//524 525//525 669//669
f 524//524 669//669 668//668
f 525//525 526//526 670//670
f 525//525 670//670 669//669
f 526//526 527//527 671//671
f 526//526 671//671 670//670
f 527//527 528//528 672//672
f 527//527 672//672 671//671
f 528//528 529//529 673//673
f 528//528 673//673 672//672
f 529//529 530//530 674//674
f 529//529 674//674 673//673
f 530//530 531//531 675//675
f 530//530 675//675 674//674
f 531//531 532//532 676//676
f 531//531 676//676 675//675
f 532//532 533//533 677//677
f 532//532 677//677 676//676
f 533//533 534//534 678//678
f 533//533 678//678 677//677
f 534//534 535//535 679//679
f 534//534 679//679 678//678
f 535//535 536//536 680//680
f 535//535 680//680 679//679
f 536//536 537//537 681//681
f 536//536 681//681 680//680
f 537//537 538//538 682//682
f 537//537 682//682 681//681
f 538//538 539//539 683//683
f 538//538 683//683 682//682
f 539//539 540//540 684//684
f 539//539 684//684 683//683
f 540//540 541//541 685//685
f 540//540 685//685 684//684
f 541//541 542//542 686//686
f 541//541 686//686 685//685
f 542//542 543//543 687//687
f 542//542 687//687 686//686
f 543//543 544//544 688//688
f 543//543 688//688 687//687
f 544//544 545//545 689//689
f 544//544 689//689 688//688
f 545//545 546//546 690//690
f 545//545 690//690 689//689
f 546//546 547//547 691//691
f 546//546 691//691 690//690
f 547//547 548//548 692//692
f 547//547 692//692 691//691
f 548//548 549//549 693//693
f 548//548 693//693 692//692
f 549//549 550//550 694//694
f 549//549 694//694 693//693
f 550//550 551//551 695//695
f 550//550 695//695 694//694
f 551//551 552//552 696//696
f 551//551 696//696 695//695
f 552//552 553//553 697//697
f 552//552 697//697 696//696
f 553//553 554//554 698//698
f 553//553 698//698 697//697
f 554//554 555//555 699//699
f 554//554 699//699 698//698
f 555//555 556//556 700//700
f 555//555 700//700 699//699
f 556//556 557//557 701//701
f 556//556 701//701 700//700
f 557//557 558//558 702//702
f 557//557 702//702 701//701
f 558//558 559//559 703//703
f 558//558 703//703 702//702
f 559//559 560//560 704//704
f 559//559 704//704 703//703
f 560//560 561//561 705//705
f 560//560 705//705 704//704
f 561//561 562//562 706//706
f 561//561 706//706 705//705
f 562//562 563//563 707//707
f 562//562 707//707 706//706
f 563//563 564//564 708//708
f 563//563 708//708 707//707
f 564//564 565//565 709//709
f 564//564 709//709 708//708
f 565//565 566//566 710//710
f 565//565 710//710 709//709
f 566//566 567//567 711//711
f 566//566 711//711 710//710
f 567//567 568//568 712//712
f 567//567 712//712 711//711
f 568//568 569//569 713//713
f 568//568 713//713 712//712
f 569//569 570//570 714//714
f 569//569 714//714 713//713
f 570//570 571//571 715//715
f 570//570 715//715 714//714
f 571//571 572//572 716//716
f 571//571 716//716 715//715
f 572//572 573//573 717//717
f 572//572 717//717 716//716
f 573//573 574//574 718//718
f 573//573 718//718 717//717
f 574//574 575//575 719//719
f 574//574 719//719 718//718
f 575//575 576//576 720//720
f 575//575 720//720 719//719
f 576//576 577//577 721//721
f 576//576 721//721 720//720
f 577//577 434//434 578//578
f 577//577 578//578 721//721
f 578//578 579//579 723//723
f 578//578 723//723 722//722
f 579//579 580//580 724//724
f 579//579 724//724 723//723
f 580//580 581//581 725//725
f 580//580 725//725 724//724
f 581//581 582//582 726//726
f 581//581 726//726 725//725
f 582//582 583//583 727//727
f 582//582 727//727 726//726
f 583//583 584//584 728//728
f 583//583 728//728 727//727
f 584//584 585//585 729//729
f 584//584 729//729 728//728
f 585//585 586//586 730//730
f 585//585 730//730 729//729
f 586//586 587//587 731//731
f 586//586 731//731 730//730
f 587//587 588//588 732//732
f 587//587 732//732 731//731
f 588//588 589//589 733//733
f 588//588 733//733 732//732
f 589//589 590//590 734//734
f 589//589 734//734 733//733
f 590//590 591//591 735//735
f 590//590 735//735 734//734
f 591//591 592//592 736//736
f 591//591 736//736 735//735
f 592//592 593//593 737//737
f 592//592 737//737 736//736
f 593//593 594//594 738//738
f 593//593 738//738 737//737
f 594//594 595//595 739//739
f 594//594 739//739 738//738
f 595//595 596//596 740//740
f 595//595 740//740 739//739
f 596//596 597//597 741//741
f 596//596 741//741 740//740
f 597//597 598//598 742//742
f 597//597 742//742 741//741
f 598//598 599//599 743//743
f 598//598 743//743 742//742
f 599//599 600//600 744//744
f 599//599 744//744 743//743
f 600//600 601//601 745//745
f 600//600 745//745 744//744
f 601//601 602//602 746//746
f 601//601 746//746 745//745
f 602//602 603//603 747//747
f 602//602 747//747 746//746
f 603//603 604//604 748//748
f 603//603 748//748 747//747
f 604//604 605//605 749//749
f 604//604 749//749 748//748
f 605//605 606//606 750//750
f 605//605 750//750 749//749
f 606//606 607//607 751//751
f 606//606 751//751 750//750
f 607//607 608//608 752//752
f 607//607 752//752 751//751
f 608//608 609//609 753//753
f 608//608 753//753 752//752
f 609//609 610//610 754//754
f 609//609 754//754 753//753
f 610//610 611//611 755//755
f 610//610 755//755 754//754
f 611//611 612//612 756//756
f 611//611 756//756 755//755
f 612//612 613//613 757//757
f 612//612 757//757 756//756
f 613//613 614//614 758//758
f 613//613 758//758 757//757
f 614//614 615//615 759//759
f 614//614 759//759 758//758
f 615//615 616//616 760//760
f 615//615 760//760 759//759
f 616//616 617//617 761//761
f 616//616 761//761 760//760
f 617//617 618//618 762//762
f 617//617 762//762 761//761
f 618//618 619//619 763//763
f 618//618 763//763 762//762
f 619//619 620//620 764//764
f 619//619 764//764 763//763
f 620//620 621//621 765//765
f 620//620 765//765 764//764
f 621//621 622//622 766//766
f 621//621 766//766 765//765
f 622//622 623//623 767//767
f 622//622 767//767 766//766
f 623//623 624//624 768//768
f 623//623 768//768 767//767
f 624//624 625//625 769//769
f 624//624 769//769 768//768
f 625//625 626//626 770//770
f 625//625 770//770 769//769
f 626//626 627//627 771//771
f 626//626 771//771 770//770
f 627//627 628//628 772//772
f 627//627 772//772 771//771
f 628//628 629//629 773//773
f 628//628 773//773 772//772
f 629//629 630//630 774//774
f 629//629 774//774 773//773
f 630//630 631//631 775//775
f 630//630 775//775 774//774
f 631//631 632//632 776//776
f 631//631 776//776 775//775
f 632//632 633//633 777//777
f 632//632 777//777 776//776
f 633//633 634//634 778//778
f 633//633 778//778 777//777
f 634//634 635//635 779//779
f 634//634 779//779 778//778
f 635//635 636//636 780//780
f 635//635 780//780 779//779
f 636//636 637//637 781//781
f 636//636 781//781 780//780
f 637//637 638//638 782//782
f 637//637 782//782 781//781
f 638//638 639//639 783//783
f 638//638 783//783 782//782
f 639//639 640//640 784//784
f 639//639 784//784 783//783
f 640//640 641//641 785//785
f 640//640 785//785 784//784
f 641//641 642//642 786//786
f 641//641 786//786 785//785
f 642//642 643//643 787//787
f 642//642 787//787 786//786
f 643//643 644//644 788//788
f 643//643 788//788 787//787
f 644//644 645//645 789//789
f 644//644 789//789 788//788
f 645//645 646//646 790//790
f 645//645 790//790 789//789
f 646//646 647//647 791//791
f 646//646 791//791 790//790
f 647//647 648//648 792//792
f 647//647 792//792 791//791
f 648//648 649//649 793//793
f 648//648 793//793 792//792
f 649//649 650//650 794//794
f 649//649 794//794 793//793
f 650//650 651//651 795//795
f 650//650 795//795 794//794
f 651//651 652//652 796//796
f 651//651 796//796 795//795
f 652//652 653//653 797//797
f 652//652 797//797 796//796
f 653//653 654//654 798//798
f 653//653 798//798 797//797
f 654//654 655//655 799//799
f 654//654 799//799 798//798
f 655//655 656//656 800//800
f 655//655 800//800 799//799
f 656//656 657//657 801//801
f 656//656 801//801 800//800
f 657//657 658//658 802//802
f 657//657 802//802 801//801
f 658//658 659//659 803//803
f 658//658 803//803 802//802
f 659//659 660//660 804//804
f 659//659 804//804 803//803
f 660//660 661//661 805//805
f 660//660 805//805 804//804
f 661//661 662//662 806//806
f 661//661 806//806 805//805
f 662//662 663//663 807//807
f 662//662 807//807 806//806
f 663//663 664//664 808//808
f 663//663 808//808 807//807
f 664//664 665//665 809//809
f 664//664 809//809 808//808
f 665//665 666//666 810//810
f 665//665 810//810 809//809
f 666//666 667//667 811//811
f 666//666 811//811 810//810
f 667//667 668//668 812//812
f 667//667 812//812 811//811
f 668//668 669//669 813//813
f 668//668 813//813 812//812
f 669//669 670//670 814//814
f 669//669 814//814 813//813
f 670//670 671//671 815//815
f 670//670 815//815 814//814
f 671//671 672//672 816//816
f 671//671 816//816 815//815
f 672//672 673//673 817//817
f 672//672 817//817 816//816
f 673//673 674//674 818//818
f 673//673 818//818 817//817
f 674//674 675//675 819//819
f 674//674 819//819 818//818
f 675//675 676//676 820//820
f 675//675 820//820 819//819
f 676//676 677//677 821//821
f 676//676 821//821 820//820
f 677//677 678//678 822//822
f 677//677 822//822 821//821
f 678//678 679//679 823//823
f 678//678 823//823 822//822
f 679//679 680//680 824//824
f 679//679 824//824 823//823
f 680//680 681//681 825//825
f 680//680 825//825 824//824
f 681//681 682//682 826//826
f 681//681 826//826 825//825
f 682//682 683//683 827//827
f 682//682 827//827 826//826
f 683//683 684//684 828//828
f 683//683 828//828 827//827
f 684//684 685//685 829//829
f 684//684 829//829 828//828
f 685//685 686//686 830//830
f 685//685 830//830 829//829
f 686//686 687//687 831//831
f 686//686 831//831 830//830
f 687//687 688//688 832//832
f 687//687 832//832 831//831
f 688//688 689//689 833//833
f 688//688 833//833 832//832
f 689//689 690//690 834//834
f 689//689 834//834 833//833
f 690//690 691//691 835//835
f 690//690 835//835 834//834
f 691//691 692//692 836//836
f 691//691 836//836 835//835
f 692//692 693//693 837//837
f 692//692 837//837 836//836
f 693//693 694//694 838//838
f 693//693 838//838 837//837
f 694//694 695//695 839//839
f 694//694 839//839 838//838
f 695//695 696//696 840//840
f 695//695 840//840 839//839
f 696//696 697//697 841//841
f 696//696 841//841 840//840
f 697//697 698//698 842//842
f 697//697 842//842 841//841
f 698//698 699//699 843//843
f 698//698 843//843 842//842
f 699//699 700//700 844//844
f 699//699 844//844 843//843
f 700//700 701//701 845//845
f 700//700 845//845 844//844
f 701//701 702//702 846//846
f 701//701 846//846 845//845
f 702//702 703//703 847//847
f 702//702 847//847 846//846
f 703//703 704//704 848//848
f 703//703 848//848 847//847
f 704//704 705//705 849//849
f 704//704 849//849 848//848
f 705//705 706//706 850//850
f 705//705 850//850 849//849
f 706//706 707//707 851//851
f 706//706 851//851 850//850
f 707//707 708//708 852//852
f 707//707 852//852 851//851
f 708//708 709//709 853//853
f 708//708 853//853 852//852
f 709//709 710//710 854//854
f 709//709 854//854 853//853
f 710//710 711//711 855//855
f 710//710 855//855 854//854
f 711//711 712//712 856//856
f 711//711 856//856 855//855
f 712//712 713//713 857//857
f 712//712 857//857 856//856
f 713//713 714//714 858//858
f 713//713 858//858 857//857
f 714//714 715//715 859//859
f 714//714 859//859 858//858
f 715//715 716//716 860//860
f 715//715 860//860 859//859
f 716//716 717//717 861//861
f 716//716 861//861 860//860
f 717//717 718//718 862//862
f 717//717 862//862 861//861
f 718//718 719//719 863//863
f 718//718 863//863 862//862
f 719//719 720//720 864//864
f 719//719 864//864 863//863
f 720//720 721//721 865//865
f 720//720 865//865 864//864
f 721//721 578//578 722//722
f 721//721 722//722 865//865
f 722//722 723//723 867//867
f 722//722 867//867 866//866
f 723//723 724//724 868//868
f 723//723 868//868 867//867
f 724//724 725//725 869//869
f 724//724 869//869 868//868
f 725//725 726//726 870//870
f 725//725 870//870 869//869
f 726//726 727//727 871//871
f 726//726 871//871 870//870
f 727//727 728//728 872//872
f 727//727 872//872 871//871
f 728//728 729//729 873//873
f 728//728 873//873 872//872
f 729//729 730//730 874//874
f 729//729 874//874 873//873
f 730//730 731//731 875//875
f 730//730 875//875 874//874
f 731//731 732//732 876//876
f 731//731 876//876 875//875
f 732//732 733//733 877//877
f 732//732 877//877 876//876
f 733//733 734//734 878//878
f 733//733 878//878 877//877
f 734//734 735//735 879//879
f 734//734 879//879 878//878
f 735//735 736//736 880//880
f 735//735 880//880 879//879
f 736//736 737//737 881//881
f 736//736 881//881 880//880
f 737//737 738//738 882//882
f 737//737 882//882 881//881
f 738//738 739//739 883//883
f 738//738 883//883 882//882
f 739//739 740//740 884//884
f 739//739 884//884 883//883
f 740//740 741//741 885//885
f 740//740 885//885 884//884
f 741//741 742//742 886//886
f 741//741 886//886 885//885
f 742//742 743//743 887//887
f 742//742 887//887 886//886
f 743//743 744//744 888//888
f 743//743 888//888 887//887
f 744//744 745//745 889//889
f 744//744 889//889 888//888
f 745//745 746//746 890//890
f 745//745 890//890 889//889
f 746//746 747//747 891//891
f 746//746 891//891 890//890
f 747//747 748//748 892//892
f 747//747 892//892 891//891
f 748//748 749//749 893//893
f 748//748 893//893 892//892
f 749//749 750//750 894//894
f 749//749 894//894 893//893
f 750//750 751//751 895//895
f 750//750 895//895 894//894
f 751//751 752//752 896//896
f 751//751 896//896 895//895
f 752//752 753//753 897//897
f 752//752 897//897 896//896
f 753//753 754//754 898//898
f 753//753 898//898 897//897
f 754//754 755//755 899//899
f 754//754 899//899 898//898
f 755//755 756//756 900//900
f 755//755 900//900 899//899
f 756//756 757//757 901//901
f 756//756 901//901 900//900
f 757//757 758//758 902//902
f 757//757 902//902 901//901
f 758//758 759//759 903//903
f 758//758 903//903 902//902
f 759//759 760//760 904//904
f 759//759 904//904 903//903
f 760//760 761//761 905//905
f 760//760 905//905 904//904
f 761//761 762//762 906//906
f 761//761 906//906 905//905
f 762//762 763//763 907//907
f 762//762 907//907 906//906
f 763//763 764//764 908//908
f 763//763 908//908 907//907
f 764//764 765//765 909//909
f 764//764 909//909 908//908
f 765//765 766//766 910//910
f 765//765 910//910 909//909
f 766//766 767//767 911//911
f 766//766 911//911 910//910
f 767//767 768//768 912//912
f 767//767 912//912 911//911
f 768//768 769//769 913//913
f 768//768 913//913 912//912
f 769//769 770//770 914//914
f 769//769 914//914 913//913
f 770//770 771//771 915//915
f 770//770 915//915 914//914
f 771//771 772//772 916//916
f 771//771 916//916 915//915
f 772//772 773//773 917//917
f 772//772 917//917 916//916
f 773//773 774//774 918//918
f 773//773 918//918 917//917
f 774//774 775//775 919//919
f 774//774 919//919 918//918
f 775//775 776//776 920//920
f 775//775 920//920 919//919
f 776//776 777//777 921//921
f 776//776 921//921 920//920
f 777//777 778//778 922//922
f 777//777 922//922 921//921
f 778//778 779//779 923//923
f 778//778 923//923 922//922
f 779//779 780//780 924//924
f 779//779 924//924 923//923
f 780//780 781//781 925//925
f 780//780 925//925 924//924
f 781//781 782//782 926//926
f 781//781 926//926 925//925
f 782//782 783//783 927//927
f 782//782 927//927 926//926
f 783//783 784//784 928//928
f 783//783 928//928 927//927
f 784//784 785//785 929//929
f 784//784 929//929 928//928
f 785//785 786//786 930//930
f 785//785 930//930 929//929
f 786//786 787//787 931//931
f 786//786 931//931 930//930
f 787//787 788//788 932//932
f 787//787 932//932 931//931
f 788//788 789//789 933//933
f 788//788 933//933 932//932
f 789//789 790//790 934//934
f 789//789 934//934 933//933
f 790//790 791//791 935//935
f 790//790 935//935 934//934
f 791//791 792//792 936//936
f 791//791 936//936 935//935
f 792//792 793//793 937//937
f 792//792 937//937 936//936
f 793//793 794//794 938//938
f 793//793 938//938 937//937
f 794//794 795//795 939//939
f 794//794 939//939 938//938
f 795//795 796//796 940//940
f 795//795 940//940 939//939
f 796//796 797//797 941//941
f 796//796 941//941 940//940
f 797//797 798//798 942//942
f 797//797 942//942 941//941
f 798//798 799//799 943//943
f 798//798 943//943 942//942
f 799//799 800//800 944//944
f 799//799 944//944 943//943
f 800//800 801//801 945//945
f 800//800 945//945 944//944
f 801//801 802//802 946//946
f 801//801 946//946 945//945
f 802//802 803//803 947//947
f 802//802 947//947 946//946
f 803//803 804//804 948//948
f 803//803 948//948 947//947
f 804//804 805//805 949//949
f 804//804 949//949 948//948
f 805//805 806//806 950//950
f 805//805 950//950 949//949
f 806//806 807//807 951//951
f 806//806 951//951 950//950
f 807//807 808//808 952//952
f 807//807 952//952 951//951
f 808//808 809//809 953//953
f 808//808 953//953 952//952
f 809//809 810//810 954//954
f 809//809 954//954 953//953
f 810//810 811//811 955//955
f 810//810 955//955 954//954
f 811//811 812//812 956//956
f 811//811 956//956 955//955
f 812//812 813//813 957//957
f 812//812 957//957 956//956
f 813//813 814//814 958//958
f 813//813 958//958 957//957
f 814//814 815//815 959//959
f 814//814 959//959 958//958
f 815//815 816//816 960//960
f 815//815 960//960 959//959
f 816//816 817//817 961//961
f 816//816 961//961 960//960
f 817//817 818//818 962//962
f 817//817 962//962 961//961
f 818//818 819//819 963//963
f 818//818 963//963 962//962
f 819//819 820//820 964//964
f 819//819 964//964 963//963
f 820//820 821//821 965//965
f 820//820 965//965 964//964
f 821//821 822//822 966//966
f 821//821 966//966 965//965
f 822//822 823//823 967//967
f 822//822 967//967 966//966
f 823//823 824//824 968//968
f 823//823 968//968 967//967
f 824//824 825//825 969//969
f 824//824 969//969 968//968
f 825//825 826//826 970//970
f 825//825 970//970 969//969
f 826//826 827//827 971//971
f 826//826 971//971 970//970
f 827//827 828//828 972//972
f 827//827 972//972 971//971
f 828//828 829//829 973//973
f 828//828 973//973 972//972
f 829//829 830//830 974//974
f 829//829 974//974 973//973
f 830//830 831//831 975//975
f 830//830 975//975 974//974
f 831//831 832//832 976//976
f 831//831 976//976 975//975
f 832//832 833//833 977//977
f 832//832 977//977 976//976
f 833//833 834//834 978//978
f 833//833 978//978 977//977
f 834//834 835//835 979//979
f 834//834 979//979 978//978
f 835//835 836//836 980//980
f 835//835 980//980 979//979
f 836//836 837//837 981//981
f 836//836 981//981 980//980
f 837//837 838//838 982//982
f 837//837 982//982 981//981
f 838//838 839//839 983//983
f 838//838 983//983 982//982
f 839//839 840//840 984//984
f 839//839 984//984 983//983
f 840//840 841//841 985//985
f 840//840 985//985 984//984
f 841//841 842//842 986//986
f 841//841 986//986 985//985
f 842//842 843//843 987//987
f 842//842 987//987 986//986
f 843//843 844//844 988//988
f 843//843 988//988 987//987
f 844//844 845//845 989//989
f 844//844 989//989 988//988
f 845//845 846//846 990//990
f 845//845 990//990 989//989
f 846//846 847//847 991//991
f 846//846 991//991 990//990
f 847//847 848//848 992//992
f 847//847 992//992 991//991
f 848//848 849//849 993//993
f 848//848 993//993 992//992
f 849//849 850//850 994//994
f 849//849 994//994 993//993
f 850//850 851//851 995//995
f 850//850 995//995 994//994
f 851//851 852//852 996//996
f 851//851 996//996 995//995
f 852//852 853//853 997//997
f 852//852 997//997 996//996
f 853//853 854//854 998//998
f 853//853 998//998 997//997
f 854//854 855//855 999//999
f 854//854 999//999 998//998
f 855//855 856//856 1000//1000
f 855//855 1000//1000 999//999
f 856//856 857//857 1001//1001
f 856//856 1001//1001 1000//1000
f 857//857 858//858 1002//1002
f 857//857 1002//1002 1001//1001
f 858//858 859//859 1003//1003
f 858//858 1003//1003 1002//1002
f 859//859 860//860 1004//1004
f 859//859 1004//1004 1003//1003
f 860//860 861//861 1005//1005
f 860//860 1005//1005 1004//1004
f 861//861 862//862 1006//1006
f 861//861 1006//1006 1005//1005
f 862//862 863//863 1007//1007
f 862//862 1007//1007 1006//1006
f 863//863 864//864 1008//1008
f 863//863 1008//1008 1007//1007
f 864//864 865//865 1009//1009
f 864//864 1009//1009 1008//1008
f 865//865 722//722 866//866
f 865//865 866//866 1009//1009
f 866//866 867//867 1011//1011
f 866//866 1011//1011 1010//1010
f 867//867 868//868 1012//1012
f 867//867 1012//1012 1011//1011
f 868//868 869//869 1013//1013
f 868//868 1013//1013 1012//1012
f 869//869 870//870 1014//1014
f 869//869 1014//1014 1013//1013
f 870//870 871//871 1015//1015
f 870//870 1015//1015 1014//1014
f 871//871 872//872 1016//1016
f 871//871 1016//1016 1015//1015
f 872//872 873//873 1017//1017
f 872//872 1017//1017 1016//1016
f 873//873 874//874 1018//1018
f 873//873 1018//1018 1017//1017
f 874//874 875//875 1019//1019
f 874//874 1019//1019 1018//1018
f 875//875 876//876 1020//1020
f 875//875 1020//1020 1019//1019
f 876//876 877//877 1021//1021
f 876//876 1021//1021 1020//1020
f 877//877 878//878 1022//1022
f 877//877 1022//1022 1021//1021
f 878//878 879//879 1023//1023
f 878//878 1023//1023 1022//1022
f 879//879 880//880 1024//1024
f 879//879 1024//1024 1023//1023
f 880//880 881//881 1025//1025
f 880//880 1025//1025 1024//1024
f 881//881 882//882 1026//1026
f 881//881 1026//1026 1025//1025
f 882//882 883//883 1027//1027
f 882//882 1027//1027 1026//1026
f 883//883 884//884 1028//1028
f 883//883 1028//1028 1027//1027
f 884//884 885//885 1029//1029
f 884//884 1029//1029 1028//1028
f 885//885 886//886 1030//1030
f 885//885 1030//1030 1029//1029
f 886//886 887//887 1031//1031
f 886//886 1031//1031 1030//1030
f 887//887 888//888 1032//1032
f 887//887 1032//1032 1031//1031
f 888//888 889//889 1033//1033
f 888//888 1033//1033 1032//1032
f 889//889 890//890 1034//1034
f 889//889 1034//1034 1033//1033
f 890//890 891//891 1035//1035
f 890//890 1035//1035 1034//1034
f 891//891 892//892 1036//1036
f 891//891 1036//1036 1035//1035
f 892//892 893//893 1037//1037
f 892//892 1037//1037 1036//1036
f 893//893 894//894 1038//1038
f 893//893 1038//1038 1037//1037
f 894//894 895//895 1039//1039
f 894//894 1039//1039 1038//1038
f 895//895 896//896 1040//1040
f 895//895 1040//1040 1039//1039
f 896//896 897//897 1041//1041
f 896//896 1041//1041 1040//1040
f 897//897 898//898 1042//1042
f 897//897 1042//1042 1041//1041
f 898//898 899//899 1043//1043
f 898//898 1043//1043 1042//1042
f 899//899 900//900 1044//1044
f 899//899 1044//1044 1043//1043
f 900//900 901//901 1045//1045
f 900//900 1045//1045 1044//1044
f 901//901 902//902 1046//1046
f 901//901 1046//1046 1045//1045
f 902//902 903//903 1047//1047
f 902//902 1047//1047 1046//1046
f 903//903 904//904 1048//1048
f 903//903 1048//1048 1047//1047
f 904//904 905//905 1049//1049
f 904//904 1049//1049 1048//1048
f 905//905 906//906 1050//1050
f 905//905 1050//1050 1049//1049
f 906//906 907//907 1051//1051
f 906//906 1051//1051 1050//1050
f 907//907 908//908 1052//1052
f 907//907 1052//1052 1051//1051
f 908//908 909//909 1053//1053
f 908//908 1053//1053 1052//1052
f 909//909 910//910 1054//1054
f 909//909 1054//1054 1053//1053
f 910//910 911//911 1055//1055
f 910//910 1055//1055 1054//1054
f 911//911 912//912 1056//1056
f 911//911 1056//1056 1055//1055
f 912//912 913//913 1057//1057
f 912//912 1057//1057 1056//1056
f 913//913 914//914 1058//1058
f 913//913 1058//1058 1057//1057
f 914//914 915//915 1059//1059
f 914//914 1059//1059 1058//1058
f 915//915 916//916 1060//1060
f 915//915 1060//1060 1059//1059
f 916//916 917//917 1061//1061
f 916//916 1061//1061 1060//1060
f 917//917 918//918 1062//1062
f 917//917 1062//1062 1061//1061
f 918//918 919//919 1063//1063
f 918//918 1063//1063 1062//1062
f 919//919 920//920 1064//1064
f 919//919 1064//1064 1063//1063
f 920//920 921//921 1065//1065
f 920//920 1065//1065 1064//1064
f 921//921 922//922 1066//1066
f 921//921 1066//1066 1065//1065
f 922//922 923//923 1067//1067
f 922//922 1067//1067 1066//1066
f 923//923 924//924 1068//1068
f 923//923 1068//1068 1067//1067
f 924//924 925//925 1069//1069
f 924//924 1069//1069 1068//1068
f 925//925 926//926 1070//1070
f 925//925 1070//1070 1069//1069
f 926//926 927//927 1071//1071
f 926//926 1071//1071 1070//1070
f 927//927 928//928 1072//1072
f 927//927 1072//1072 1071//1071
f 928//928 929//929 1073//1073
f 928//928 1073//1073 1072//1072
f 929//929 930//930 1074//1074
f 929//929 1074//1074 1073//1073
f 930//930 931//931 1075//1075
f 930//930 1075//1075 1074//1074
f 931//931 932//932 1076//1076
f 931//931 1076//1076 1075//1075
f 932//932 933//933 1077//1077
f 932//932 1077//1077 1076//1076
f 933//933 934//934 1078//1078
f 933//933 1078//1078 1077//1077
f 934//934 935//935 1079//1079
f 934//934 1079//1079 1078//1078
f 935//935 936//936 1080//1080
f 935//935 1080//1080 1079//1079
f 936//936 937//937 1081//1081
f 936//936 1081//1081 1080//1080
f 937//937 938//938 1082//1082
f 937//937 1082//1082 1081//1081
f 938//938 939//939 1083//1083
f 938//938 1083//1083 1082//1082
f 939//939 940//940 1084//1084
f 939//939 1084//1084 1083//1083
f 940//940 941//941 1085//1085
f 940//940 1085//1085 1084//1084
f 941//941 942//942 1086//1086
f 941//941 1086//1086 1085//1085
f 942//942 943//943 1087//1087
f 942//942 1087//1087 1086//1086
f 943//943 944//944 1088//1088
f 943//943 1088//1088 1087//1087
f 944//944 945//945 1089//1089
f 944//944 1089//1089 1088//1088
f 945//945 946//946 1090//1090
f 945//945 1090//1090 1089//1089
f 946//946 947//947 1091//1091
f 946//946 1091//1091 1090//1090
f 947//947 948//948 1092//1092
f 947//947 1092//1092 1091//1091
f 948//948 949//949 1093//1093
f 948//948 1093//1093 1092//1092
f 949//949 950//950 1094//1094
f 949//949 1094//1094 1093//1093
f 950//950 951//951 1095//1095
f 950//950 1095//1095 1094//1094
f 951//951 952//952 1096//1096
f 951//951 1096//1096 1095//1095
f 952//952 953//953 1097//1097
f 952//952 1097//1097 1096//1096
f 953//953 954//954 1098//1098
f 953//953 1098//1098 1097//1097
f 954//954 955//955 1099//1099
f 954//954 1099//1099 1098//1098
f 955//955 956//956 1100//1100
f 955//955 1100//1100 1099//1099
f 956//956 957//957 1101//1101
f 956//956 1101//1101 1100//1100
f 957//957 958//958 1102//1102
f 957//957 1102//1102 1101//1101
f 958//958 959//959 1103//1103
f 958//958 1103//1103 1102//1102
f 959//959 960//960 1104//1104
f 959//959 1104//1104 1103//1103
f 960//960 961//961 1105//1105
f 960//960 1105//1105 1104//1104
f 961//961 962//962 1106//1106
f 961//961 1106//1106 1105//1105
f 962//962 963//963 1107//1107
f 962//962 1107//1107 1106//1106
f 963//963 964//964 1108//1108
f 963//963 1108//1108 1107//1107
f 964//964 965//965 1109//1109
f 964//964 1109//1109 1108//1108
f 965//965 966//966 1110//1110
f 965//965 1110//1110 1109//1109
f 966//966 967//967 1111//1111
f 966//966 1111//1111 1110//1110
f 967//967 968//968 1112//1112
f 967//967 1112//1112 1111//1111
f 968//968 969//969 1113//1113
f 968//968 1113//1113 1112//1112
f 969//969 970//970 1114//1114
f 969//969 1114//1114 1113//1113
f 970//970 971//971 1115//1115
f 970//970 1115//1115 1114//1114
f 971//971 972//972 1116//1116
f 971//971 1116//1116 1115//1115
f 972//972 973//973 1117//1117
f 972//972 1117//1117 1116//1116
f 973//973 974//974 1118//1118
f 973//973 1118//1118 1117//1117
f 974//974 975//975 1119//1119
f 974//974 1119//1119 1118//1118
f 975//975 976//976 1120//1120
f 975//975 1120//1120 1119//1119
f 976//976 977//977 1121//1121
f 976//976 1121//1121 1120//1120
f 977//977 978//978 1122//1122
f 977//977 1122//1122 1121//1121
f 978//978 979//979 1123//1123
f 978//978 1123//1123 1122//1122
f 979//979 980//980 1124//1124
f 979//979 1124//1124 1123//1123
f 980//980 981//981 1125//1125
f 980//980 1125//1125 1124//1124
f 981//981 982//982 1126//1126
f 981//981 1126//1126 1125//1125
f 982//982 983//983 1127//1127
f 982//982 1127//1127 1126//1126
f 983//983 984//984 1128//1128
f 983//983 1128//1128 1127//1127
f 984//984 985//985 1129//1129
f 984//984 1129//1129 1128//1128
f 985//985 986//986 1130//1130
f 985//985 1130//1130 1129//1129
f 986//986 987//987 1131//1131
f 986//986 1131//1131 1130//1130
f 987//987 988//988 1132//1132
f 987//987 1132//1132 1131//1131
f 988//988 989//989 1133//1133
f 988//988 1133//1133 1132//1132
f 989//989 990//990 1134//1134
f 989//989 1134//1134 1133//1133
f 990//990 991//991 1135//1135
f 990//990 1135//1135 1134//1134
f 991//991 992//992 1136//1136
f 991//991 1136//1136 1135//1135
f 992//992 993//993 1137//1137
f 992//992 1137//1137 1136//1136
f 993//993 994//994 1138//1138
f 993//993 1138//1138 1137//1137
f 994//994 995//995 1139//1139
f 994//994 1139//1139 1138//1138
f 995//995 996//996 1140//1140
f 995//995 1140//1140 1139//1139
f 996//996 997//997 1141//1141
f 996//996 1141//1141 1140//1140
f 997//997 998//998 1142//1142
f 997//997 1142//1142 1141//1141
f 998//998 999//999 1143//1143
f 998//998 1143//1143 1142//1142
f 999//999 1000//1000 1144//1144
f 999//999 1144//1144 1143//1143
f 1000//1000 1001//1001 1145//1145
f 1000//1000 1145//1145 1144//1144
f 1001//1001 1002//1002 1146//1146
f 1001//1001 1146//1146 1145//1145
f 1002//1002 1003//1003 1147//1147
f 1002//1002 1147//1147 1146//1146
f 1003//1003 1004//1004 1148//1148
f 1003//1003 1148//1148 1147//1147
f 1004//1004 1005//1005 1149//1149
f 1004//1004 1149//1149 1148//1148
f 1005//1005 1006//1006 1150//1150
f 1005//1005 1150//1150 1149//1149
f 1006//1006 1007//1007 1151//1151
f 1006//1006 1151//1151 1150//1150
f 1007//1007 1008//1008 1152//1152
f 1007//1007 1152//1152 1151//1151
f 1008//1008 1009//1009 1153//1153
f 1008//1008 1153//1153 1152//1152
f 1009//1009 866//866 1010//1010
f 1009//1009 1010//1010 1153//1153
f 1010//1010 1011//1011 1155//1155
f 1010//1010 1155//1155 1154//1154
f 1011//1011 1012//1012 1156//1156
f 1011//1011 1156//1156 1155//1155
f 1012//1012 1013//1013 1157//1157
f 1012//1012 1157//1157 1156//1156
f 1013//1013 1014//1014 1158//1158
f 1013//1013 1158//1158 1157//1157
f 1014//1014 1015//1015 1159//1159
f 1014//1014 1159//1159 1158//1158
f 1015//1015 1016//1016 1160//1160
f 1015//1015 1160//1160 1159//1159
f 1016//1016 1017//1017 1161//1161
f 1016//1016 1161//1161 1160//1160
f 1017//1017 1018//1018 1162//1162
f 1017//1017 1162//1162 1161//1161
f 1018//1018 1019//1019 1163//1163
f 1018//1018 1163//1163 1162//1162
f 1019//1019 1020//1020 1164//1164
f 1019//1019 1164//1164 1163//1163
f 1020//1020 1021//1021 1165//1165
f 1020//1020 1165//1165 1164//1164
f 1021//1021 1022//1022 1166//1166
f 1021//1021 1166//1166 1165//1165
f 1022//1022 1023//1023 1167//1167
f 1022//1022 1167//1167 1166//1166
f 1023//1023 1024//1024 1168//1168
f 1023//1023 1168//1168 1167//1167
f 1024//1024 1025//1025 1169//1169
f 1024//1024 1169//1169 1168//1168
f 1025//1025 1026//1026 1170//1170
f 1025//1025 1170//1170 1169//1169
f 1026//1026 1027//1027 1171//1171
f 1026//1026 1171//1171 1170//1170
f 1027//1027 1028//1028 1172//1172
f 1027//1027 1172//1172 1171//1171
f 1028//1028 1029//1029 1173//1173
f 1028//1028 1173//1173 1172//1172
f 1029//1029 1030//1030 1174//1174
f 1029//1029 1174//1174 1173//1173
f 1030//1030 1031//1031 1175//1175
f 1030//1030 1175//1175 1174//1174
f 1031//1031 1032//1032 1176//1176
f 1031//1031 1176//1176 1175//1175
f 1032//1032 1033//1033 1177//1177
f 1032//1032 1177//1177 1176//1176
f 1033//1033 1034//1034 1178//1178
f 1033//1033 1178//1178 1177//1177
f 1034//1034 1035//1035 1179//1179
f 1034//1034 1179//1179 1178//1178
f 1035//1035 1036//1036 1180//1180
f 1035//1035 1180//1180 1179//1179
f 1036//1036 1037//1037 1181//1181
f 1036//1036 1181//1181 1180//1180
f 1037//1037 1038//1038 1182//1182
f 1037//1037 1182//1182 1181//1181
f 1038//1038 1039//1039 1183//1183
f 1038//1038 1183//1183 1182//1182
f 1039//1039 1040//1040 1184//1184
f 1039//1039 1184//1184 1183//1183
f 1040//1040 1041//1041 1185//1185
f 1040//1040 1185//1185 1184//1184
f 1041//1041 1042//1042 1186//1186
f 1041//1041 1186//1186 1185//1185
f 1042//1042 1043//1043 1187//1187
f 1042//1042 1187//1187 1186//1186
f 1043//1043 1044//1044 1188//1188
f 1043//1043 1188//1188 1187//1187
f 1044//1044 1045//1045 1189//1189
f 1044//1044 1189//1189 1188//1188
f 1045//1045 1046//1046 1190//1190
f 1045//1045 1190//1190 1189//1189
f 1046//1046 1047//1047 1191//1191
f 1046//1046 1191//1191 1190//1190
f 1047//1047 1048//1048 1192//1192
f 1047//1047 1192//1192 1191//1191
f 1048//1048 1049//1049 1193//1193
f 1048//1048 1193//1193 1192//1192
f 1049//1049 1050//1050 1194//1194
f 1049//1049 1194//1194 1193//1193
f 1050//1050 1051//1051 1195//1195
f 1050//1050 1195//1195 1194//1194
f 1051//1051 1052//1052 1196//1196
f 1051//1051 1196//1196 1195//1195
f 1052//1052 1053//1053 1197//1197
f 1052//1052 1197//1197 1196//1196
f 1053//1053 1054//1054 1198//1198
f 1053//1053 1198//1198 1197//1197
f 1054//1054 1055//1055 1199//1199
f 1054//1054 1199//1199 1198//1198
f 1055//1055 1056//1056 1200//1200
f 1055//1055 1200//1200 1199//1199
f 1056//1056 1057//1057 1201//1201
f 1056//1056 1201//1201 1200//1200
f 1057//1057 1058//1058 1202//1202
f 1057//1057 1202//1202 1201//1201
f 1058//1058 1059//1059 1203//1203
f 1058//1058 1203//1203 1202//1202
f 1059//1059 1060//1060 1204//1204
f 1059//1059 1204//1204 1203//1203
f 1060//1060 1061//1061 1205//1205
f 1060//1060 1205//1205 1204//1204
f 1061//1061 1062//1062 1206//1206
f 1061//1061 1206//1206 1205//1205
f 1062//1062 1063//1063 1207//1207
f 1062//1062 1207//1207 1206//1206
f 1063//1063 1064//1064 1208//1208
f 1063//1063 1208//1208 1207//1207
f 1064//1064 1065//1065 1209//1209
f 1064//1064 1209//1209 1208//1208
f 1065//1065 1066//1066 1210//1210
f 1065//1065 1210//1210 1209//1209
f 1066//1066 1067//1067 1211//1211
f 1066//1066 1211//1211 1210//1210
f 1067//1067 1068//1068 1212//1212
f 1067//1067 1212//1212 1211//1211
f 1068//1068 1069//1069 1213//1213
f 1068//1068 1213//1213 1212//1212
f 1069//1069 1070//1070 1214//1214
f 1069//1069 1214//1214 1213//1213
f 1070//1070 1071//1071 1215//1215
f 1070//1070 1215//1215 1214//1214
f 1071//1071 1072//1072 1216//1216
f 1071//1071 1216//1216 1215//1215
f 1072//1072 1073//1073 1217//1217
f 1072//1072 1217//1217 1216//1216
f 1073//1073 1074//1074 1218//1218
f 1073//1073 1218//1218 1217//1217
f 1074//1074 1075//1075 1219//1219
f 1074//1074 1219//1219 1218//1218
f 1075//1075 1076//1076 1220//1220
f 1075//1075 1220//1220 1219//1219
f 1076//1076 1077//1077 1221//1221
f 1076//1076 1221//1221 1220//1220
f 1077//1077 1078//1078 1222//1222
f 1077//1077 1222//1222 1221//1221
f 1078//1078 1079//1079 1223//1223
f 1078//1078 1223//1223 1222//1222
f 1079//1079 1080//1080 1224//1224
f 1079//1079 1224//1224 1223//1223
f 1080//1080 1081//1081 1225//1225
f 1080//1080 1225//1225 1224//1224
f 1081//1081 1082//1082 1226//1226
f 1081//1081 1226//1226 1225//1225
f 1082//1082 1083//1083 1227//1227
f 1082//1082 1227//1227 1226//1226
f 1083//1083 1084//1084 1228//1228
f 1083//1083 1228//1228 1227//1227
f 1084//1084 1085//1085 1229//1229
f 1084//1084 1229//1229 1228//1228
f 1085//1085 1086//1086 1230//1230
f 1085//1085 1230//1230 1229//1229
f 1086//1086 1087//1087 1231//1231
f 1086//1086 1231//1231 1230//1230
f 1087//1087 1088//1088 1232//1232
f 1087//1087 1232//1232 1231//1231
f 1088//1088 1089//1089 1233//1233
f 1088//1088 1233//1233 1232//1232
f 1089//1089 1090//1090 1234//1234
f 1089//1089 1234//1234 1233//1233
f 1090//1090 1091//1091 1235//1235
f 1090//1090 1235//1235 1234//1234
f 1091//1091 1092//1092 1236//1236
f 1091//1091 1236//1236 1235//1235
f 1092//1092 1093//1093 1237//1237
f 1092//1092 1237//1237 1236//1236
f 1093//1093 1094//1094 1238//1238
f 1093//1093 1238//1238 1237//1237
f 1094//1094 1095//1095 1239//1239
f 1094//1094 1239//1239 1238//1238
f 1095//1095 1096//1096 1240//1240
f 1095//1095 1240//1240 1239//1239
f 1096//1096 1097//1097 1241//1241
f 1096//1096 1241//1241 1240//1240
f 1097//1097 1098//1098 1242//1242
f 1097//1097 1242//1242 1241//1241
f 1098//1098 1099//1099 1243//1243
f 1098//1098 1243//1243 1242//1242
f 1099//1099 1100//1100 1244//1244
f 1099//1099 1244//1244 1243//1243
f 1100//1100 1101//1101 1245//1245
f 1100//1100 1245//1245 1244//1244
f 1101//1101 1102//1102 1246//1246
f 1101//1101 1246//1246 1245//1245
f 1102//1102 1103//1103 1247//1247
f 1102//1102 1247//1247 1246//1246
f 1103//1103 1104//1104 1248//1248
f 1103//1103 1248//1248 1247//1247
f 1104//1104 1105//1105 1249//1249
f 1104//1104 1249//1249 1248//1248
f 1105//1105 1106//1106 1250//1250
f 1105//1105 1250//1250 1249//1249
f 1106//1106 1107//1107 1251//1251
f 1106//1106 1251//1251 1250//1250
f 1107//1107 1108//1108 1252//1252
f 1107//1107 1252//1252 1251//1251
f 1108//1108 1109//1109 1253//1253
f 1108//1108 1253//1253 1252//1252
f 1109//1109 1110//1110 1254//1254
f 1109//1109 1254//1254 1253//1253
f 1110//1110 1111//1111 1255//1255
f 1110//1110 1255//1255 1254//1254
f 1111//1111 1112//1112 1256//1256
f 1111//1111 1256//1256 1255//1255
f 1112//1112 1113//1113 1257//1257
f 1112//1112 1257//1257 1256//1256
f 1113//1113 1114//1114 1258//1258
f 1113//1113 1258//1258 1257//1257
f 1114//1114 1115//1115 1259//1259
f 1114//1114 1259//1259 1258//1258
f 1115//1115 1116//1116 1260//1260
f 1115//1115 1260//1260 1259//1259
f 1116//1116 1117//1117 1261//1261
f 1116//1116 1261//1261 1260//1260
f 1117//1117 1118//1118 1262//1262
f 1117//1117 1262//1262 1261//1261
f 1118//1118 1119//1119 1263//1263
f 1118//1118 1263//1263 1262//1262
f 1119//1119 1120//1120 1264//1264
f 1119//1119 1264//1264 1263//1263
f 1120//1120 1121//1121 1265//1265
f 1120//1120 1265//1265 1264//1264
f 1121//1121 1122//1122 1266//1266
f 1121//1121 1266//1266 1265//1265
f 1122//1122 1123//1123 1267//1267
f 1122//1122 1267//1267 1266//1266
f 1123//1123 1124//1124 1268//1268
f 1123//1123 1268//1268 1267//1267
f 1124//1124 1125//1125 1269//1269
f 1124//1124 1269//1269 1268//1268
f 1125//1125 1126//1126 1270//1270
f 1125//1125 1270//1270 1269//1269
f 1126//1126 1127//1127 1271//1271
f 1126//1126 1271//1271 1270//1270
f 1127//1127 1128//1128 1272//1272
f 1127//1127 1272//1272 1271//1271
f 1128//1128 1129//1129 1273//1273
f 1128//1128 1273//1273 1272//1272
f 1129//1129 1130//1130 1274//1274
f 1129//1129 1274//1274 1273//1273
f 1130//1130 1131//1131 1275//1275
f 1130//1130 1275//1275 1274//1274
f 1131//1131 1132//1132 1276//1276
f 1131//1131 1276//1276 1275//1275
f 1132//1132 1133//1133 1277//1277
f 1132//1132 1277//1277 1276//1276
f 1133//1133 1134//1134 1278//1278
f 1133//1133 1278//1278 1277//1277
f 1134//1134 1135//1135 1279//1279
f 1134//1134 1279//1279 1278//1278
f 1135//1135 1136//1136 1280//1280
f 1135//1135 1280//1280 1279//1279
f 1136//1136 1137//1137 1281//1281
f 1136//1136 1281//1281 1280//1280
f 1137//1137 1138//1138 1282//1282
f 1137//1137 1282//1282 1281//1281
f 1138//1138 1139//1139 1283//1283
f 1138//1138 1283//1283 1282//1282
f 1139//1139 1140//1140 1284//1284
f 1139//1139 1284//1284 1283//1283
f 1140//1140 1141//1141 1285//1285
f 1140//1140 1285//1285 1284//1284
f 1141//1141 1142//1142 1286//1286
f 1141//1141 1286//1286 1285//1285
f 1142//1142 1143//1143 1287//1287
f 1142//1142 1287//1287 1286//1286
f 1143//1143 1144//1144 1288//1288
f 1143//1143 1288//1288 1287//1287
f 1144//1144 1145//1145 1289//1289
f 1144//1144 1289//1289 1288//1288
f 1145//1145 1146//1146 1290//1290
f 1145//1145 1290//1290 1289//1289
f 1146//1146 1147//1147 1291//1291
f 1146//1146 1291//1291 1290//1290
f 1147//1147 1148//1148 1292//1292
f 1147//1147 1292//1292 1291//1291
f 1148//1148 1149//1149 1293//1293
f 1148//1148 1293//1293 1292//1292
f 1149//1149 1150//1150 1294//1294
f 1149//1149 1294//1294 1293//1293
f 1150//1150 1151//1151 1295//1295
f 1150//1150 1295//1295 1294//1294
f 1151//1151 1152//1152 1296//1296
f 1151//1151 1296//1296 1295//1295
f 1152//1152 1153//1153 1297//1297
f 1152//1152 1297//1297 1296//1296
f 1153//1153 1010//1010 1154//1154
f 1153//1153 1154//1154 1297//1297
f 1154//1154 1155//1155 1299//1299
f 1154//1154 1299//1299 1298//1298
f 1155//1155 1156//1156 1300//1300
f 1155//1155 1300//1300 1299//1299
f 1156//1156 1157//1157 1301//1301
f 1156//1156 1301//1301 1300//1300
f 1157//1157 1158//1158 1302//1302
f 1157//1157 1302//1302 1301//1301
f 1158//1158 1159//1159 1303//1303
f 1158//1158 1303//1303 1302//1302
f 1159//1159 1160//1160 1304//1304
f 1159//1159 1304//1304 1303//1303
f 1160//1160 1161//1161 1305//1305
f 1160//1160 1305//1305 1304//1304
f 1161//1161 1162//1162 1306//1306
f 1161//1161 1306//1306 1305//1305
f 1162//1162 1163//1163 1307//1307
f 1162//1162 1307//1307 1306//1306
f 1163//1163 1164//1164 1308//1308
f 1163//1163 1308//1308 1307//1307
f 1164//1164 1165//1165 1309//1309
f 1164//1164 1309//1309 1308//1308
f 1165//1165 1166//1166 1310//1310
f 1165//1165 1310//1310 1309//1309
f 1166//1166 1167//1167 1311//1311
f 1166//1166 1311//1311 1310//1310
f 1167//1167 1168//1168 1312//1312
f 1167//1167 1312//1312 1311//1311
f 1168//1168 1169//1169 1313//1313
f 1168//1168 1313//1313 1312//1312
f 1169//1169 1170//1170 1314//1314
f 1169//1169 1314//1314 1313//1313
f 1170//1170 1171//1171 1315//1315
f 1170//1170 1315//1315 1314//1314
f 1171//1171 1172//1172 1316//1316
f 1171//1171 1316//1316 1315//1315
f 1172//1172 1173//1173 1317//1317
f 1172//1172 1317//1317 1316//1316
f 1173//1173 1174//1174 1318//1318
f 1173//1173 1318//1318 1317//1317
f 1174//1174 1175//1175 1319//1319
f 1174//1174 1319//1319 1318//1318
f 1175//1175 1176//1176 1320//1320
f 1175//1175 1320//1320 1319//1319
f 1176//1176 1177//1177 1321//1321
f 1176//1176 1321//1321 1320//1320
f 1177//1177 1178//1178 1322//1322
f 1177//1177 1322//1322 1321//1321
f 1178//1178 1179//1179 1323//1323
f 1178//1178 1323//1323 1322//1322
f 1179//1179 1180//1180 1324//1324
f 1179//1179 1324//1324 1323//1323
f 1180//1180 1181//1181 1325//1325
f 1180//1180 1325//1325 1324//1324
f 1181//1181 1182//1182 1326//1326
f 1181//1181 1326//1326 1325//1325
f 1182//1182 1183//1183 1327//1327
f 1182//1182 1327//1327 1326//1326
f 1183//1183 1184//1184 1328//1328
f 1183//1183 1328//1328 1327//1327
f 1184//1184 1185//1185 1329//1329
f 1184//1184 1329//1329 1328//1328
f 1185//1185 1186//1186 1330//1330
f 1185//1185 1330//1330 1329//1329
f 1186//1186 1187//1187 1331//1331
f 1186//1186 1331//1331 1330//1330
f 1187//1187 1188//1188 1332//1332
f 1187//1187 1332//1332 1331//1331
f 1188//1188 1189//1189 1333//1333
f 1188//1188 1333//1333 1332//1332
f 1189//1189 1190//1190 1334//1334
f 1189//1189 1334//1334 1333//1333
f 1190//1190 1191//1191 1335//1335
f 1190//1190 1335//1335 1334//1334
f 1191//1191 1192//1192 1336//1336
f 1191//1191 1336//1336 1335//1335
f 1192//1192 1193//1193 1337//1337
f 1192//1192 1337//1337 1336//1336
f 1193//1193 1194//1194 1338//1338
f 1193//1193 1338//1338 1337//1337
f 1194//1194 1195//1195 1339//1339
f 1194//1194 1339//1339 1338//1338
f 1195//1195 1196//1196 1340//1340
f 1195//1195 1340//1340 1339//1339
f 1196//1196 1197//1197 1341//1341
f 1196//1196 1341//1341 1340//1340
f 1197//1197 1198//1198 1342//1342
f 1197//1197 1342//1342 1341//1341
f 1198//1198 1199//1199 1343//1343
f 1198//1198 1343//1343 1342//1342
f 1199//1199 1200//1200 1344//1344
f 1199//1199 1344//1344 1343//1343
f 1200//1200 1201//1201 1345//1345
f 1200//1200 1345//1345 1344//1344
f 1201//1201 1202//1202 1346//1346
f 1201//1201 1346//1346 1345//1345
f 1202//1202 1203//1203 1347//1347
f 1202//1202 1347//1347 1346//1346
f 1203//1203 1204//1204 1348//1348
f 1203//1203 1348//1348 1347//1347
f 1204//1204 1205//1205 1349//1349
f 1204//1204 1349//1349 1348//1348
f 1205//1205 1206//1206 1350//1350
f 1205//1205 1350//1350 1349//1349
f 1206//1206 1207//1207 1351//1351
f 1206//1206 1351//1351 1350//1350
f 1207//1207 1208//1208 1352//1352
f 1207//1207 1352//1352 1351//1351
f 1208//1208 1209//1209 1353//1353
f 1208//1208 1353//1353 1352//1352
f 1209//1209 1210//1210 1354//1354
f 1209//1209 1354//1354 1353//1353
f 1210//1210 1211//1211 1355//1355
f 1210//1210 1355//1355 1354//1354
f 1211//1211 1212//1212 1356//1356
f 1211//1211 1356//1356 1355//1355
f 1212//1212 1213//1213 1357//1357
f 1212//1212 1357//1357 1356//1356
f 1213//1213 1214//1214 1358//1358
f 1213//1213 1358//1358 1357//1357
f 1214//1214 1215//1215 1359//1359
f 1214//1214 1359//1359 1358//1358
f 1215//1215 1216//1216 1360//1360
f 1215//1215 1360//1360 1359//1359
f 1216//1216 1217//1217 1361//1361
f 1216//1216 1361//1361 1360//1360
f 1217//1217 1218//1218 1362//1362
f 1217//1217 1362//1362 1361//1361
f 1218//1218 1219//1219 1363//1363
f 1218//1218 1363//1363 1362//1362
f 1219//1219 1220//1220 1364//1364
f 1219//1219 1364//1364 1363//1363
f 1220//1220 1221//1221 1365//1365
f 1220//1220 1365//1365 1364//1364
f 1221//1221 1222//1222 1366//1366
f 1221//1221 1366//1366 1365//1365
f 1222//1222 1223//1223 1367//1367
f 1222//1222 1367//1367 1366//1366
f 1223//1223 1224//1224 1368//1368
f 1223//1223 1368//1368 1367//1367
f 1224//1224 1225//1225 1369//1369
f 1224//1224 1369//1369 1368//1368
f 1225//1225 1226//1226 1370//1370
f 1225//1225 1370//1370 1369//1369
f 1226//1226 1227//1227 1371//1371
f 1226//1226 1371//1371 1370//1370
f 1227//1227 1228//1228 1372//1372
f 1227//1227 1372//1372 1371//1371
f 1228//1228 1229//1229 1373//1373
f 1228//1228 1373//1373 1372//1372
f 1229//1229 1230//1230 1374//1374
f 1229//1229 1374//1374 1373//1373
f 1230//1230 1231//1231 1375//1375
f 1230//1230 1375//1375 1374//1374
f 1231//1231 1232//1232 1376//1376
f 1231//1231 1376//1376 1375//1375
f 1232//1232 1233//1233 1377//1377
f 1232//1232 1377//1377 1376//1376
f 1233//1233 1234//1234 1378//1378
f 1233//1233 1378//1378 1377//1377
f 1234//1234 1235//1235 1379//1379
f 1234//1234 1379//1379 1378//1378
f 1235//1235 1236//1236 1380//1380
f 1235//1235 1380//1380 1379//1379
f 1236//1236 1237//1237 1381//1381
f 1236//1236 1381//1381 1380//1380
f 1237//1237 1238//1238 1382//1382
f 1237//1237 1382//1382 1381//1381
f 1238//1238 1239//1239 1383//1383
f 1238//1238 1383//1383 1382//1382
f 1239//1239 1240//1240 1384//1384
f 1239//1239 1384//1384 1383//1383
f 1240//1240 1241//1241 1385//1385
f 1240//1240 1385//1385 1384//1384
f 1241//1241 1242//1242 1386//1386
f 1241//1241 1386//1386 1385//1385
f 1242//1242 1243//1243 1387//1387
f 1242//1242 1387//1387 1386//1386
f 1243//1243 1244//1244 1388//1388
f 1243//1243 1388//1388 1387//1387
f 1244//1244 1245//1245 1389//1389
f 1244//1244 1389//1389 1388//1388
f 1245//1245 1246//1246 1390//1390
f 1245//1245 1390//1390 1389//1389
f 1246//1246 1247//1247 1391//1391
f 1246//1246 1391//1391 1390//1390
f 1247//1247 1248//1248 1392//1392
f 1247//1247 1392//1392 1391//1391
f 1248//1248 1249//1249 1393//1393
f 1248//1248 1393//1393 1392//1392
f 1249//1249 1250//1250 1394//1394
f 1249//1249 1394//1394 1393//1393
f 1250//1250 1251//1251 1395//1395
f 1250//1250 1395//1395 1394//1394
f 1251//1251 1252//1252 1396//1396
f 1251//1251 1396//1396 1395//1395
f 1252//1252 1253//1253 1397//1397
f 1252//1252 1397//1397 1396//1396
f 1253//1253 1254//1254 1398//1398
f 1253//1253 1398//1398 1397//1397
f 1254//1254 1255//1255 1399//1399
f 1254//1254 1399//1399 1398//1398
f 1255//1255 1256//1256 1400//1400
f 1255//1255 1400//1400 1399//1399
f 1256//1256 1257//1257 1401//1401
f 1256//1256 1401//1401 1400//1400
f 1257//1257 1258//1258 1402//1402
f 1257//1257 1402//1402 1401//1401
f 1258//1258 1259//1259 1403//1403
f 1258//1258 1403//1403 1402//1402
f 1259//1259 1260//1260 1404//1404
f 1259//1259 1404//1404 1403//1403
f 1260//1260 1261//1261 1405//1405
f 1260//1260 1405//1405 1404//1404
f 1261//1261 1262//1262 1406//1406
f 1261//1261 1406//1406 1405//1405
f 1262//1262 1263//1263 1407//1407
f 1262//1262 1407//1407 1406//1406
f 1263//1263 1264//1264 1408//1408
f 1263//1263 1408//1408 1407//1407
f 1264//1264 1265//1265 1409//1409
f 1264//1264 1409//1409 1408//1408
f 1265//1265 1266//1266 1410//1410
f 1265//1265 1410//1410 1409//1409
f 1266//1266 1267//1267 1411//1411
f 1266//1266 1411//1411 1410//1410
f 1267//1267 1268//1268 1412//1412
f 1267//1267 1412//1412 1411//1411
f 1268//1268 1269//1269 1413//1413
f 1268//1268 1413//1413 1412//1412
f 1269//1269 1270//1270 1414//1414
f 1269//1269 1414//1414 1413//1413
f 1270//1270 1271//1271 1415//1415
f 1270//1270 1415//1415 1414//1414
f 1271//1271 1272//1272 1416//1416
f 1271//1271 1416//1416 1415//1415
f 1272//1272 1273//1273 1417//1417
f 1272//1272 1417//1417 1416//1416
f 1273//1273 1274//1274 1418//1418
f 1273//1273 1418//1418 1417//1417
f 1274//1274 1275//1275 1419//1419
f 1274//1274 1419//1419 1418//1418
f 1275//1275 1276//1276 1420//1420
f 1275//1275 1420//1420 1419//1419
f 1276//1276 1277//1277 1421//1421
f 1276//1276 1421//1421 1420//1420
f 1277//1277 1278//1278 1422//1422
f 1277//1277 1422//1422 1421//1421
f 1278//1278 1279//1279 1423//1423
f 1278//1278 1423//1423 1422//1422
f 1279//1279 1280//1280 1424//1424
f 1279//1279 1424//1424 1423//1423
f 1280//1280 1281//1281 1425//1425
f 1280//1280 1425//1425 1424//1424
f 1281//1281 1282//1282 1426//1426
f 1281//1281 1426//1426 1425//1425
f 1282//1282 1283//1283 1427//1427
f 1282//1282 1427//1427 1426//1426
f 1283//1283 1284//1284 1428//1428
f 1283//1283 1428//1428 1427//1427
f 1284//1284 1285//1285 1429//1429
f 1284//1284 1429//1429 1428//1428
f 1285//1285 1286//1286 1430//1430
f 1285//1285 1430//1430 1429//1429
f 1286//1286 1287//1287 1431//1431
f 1286//1286 1431//1431 1430//1430
f 1287//1287 1288//1288 1432//1432
f 1287//1287 1432//1432 1431//1431
f 1288//1288 1289//1289 1433//1433
f 1288//1288 1433//1433 1432//1432
f 1289//1289 1290//1290 1434//1434
f 1289//1289 1434//1434 1433//1433
f 1290//1290 1291//1291 1435//1435
f 1290//1290 1435//1435 1434//1434
f 1291//1291 1292//1292 1436//1436
f 1291//1291 1436//1436 1435//1435
f 1292//1292 1293//1293 1437//1437
f 1292//1292 1437//1437 1436//1436
f 1293//1293 1294//1294 1438//1438
f 1293//1293 1438//1438 1437//1437
f 1294//1294 1295//1295 1439//1439
f 1294//1294 1439//1439 1438//1438
f 1295//1295 1296//1296 1440//1440
f 1295//1295 1440//1440 1439//1439
f 1296//1296 1297//1297 1441//1441
f 1296//1296 1441//1441 1440//1440
f 1297//1297 1154//1154 1298//1298
f 1297//1297 1298//1298 1441//1441
f 1298//1298 1299//1299 1443//1443
f 1298//1298 1443//1443 1442//1442
f 1299//1299 1300//1300 1444//1444
f 1299//1299 1444//1444 1443//1443
f 1300//1300 1301//1301 1445//1445
f 1300//1300 1445//1445 1444//1444
f 1301//1301 1302//1302 1446//1446
f 1301//1301 1446//1446 1445//1445
f 1302//1302 1303//1303 1447//1447
f 1302//1302 1447//1447 1446//1446
f 1303//1303 1304//1304 1448//1448
f 1303//1303 1448//1448 1447//1447
f 1304//1304 1305//1305 1449//1449
f 1304//1304 1449//1449 1448//1448
f 1305//1305 1306//1306 1450//1450
f 1305//1305 1450//1450 1449//1449
f 1306//1306 1307//1307 1451//1451
f 1306//1306 1451//1451 1450//1450
f 1307//1307 1308//1308 1452//1452
f 1307//1307 1452//1452 1451//1451
f 1308//1308 1309//1309 1453//1453
f 1308//1308 1453//1453 1452//1452
f 1309//1309 1310//1310 1454//1454
f 1309//1309 1454//1454 1453//1453
f 1310//1310 1311//1311 1455//1455
f 1310//1310 1455//1455 1454//1454
f 1311//1311 1312//1312 1456//1456
f 1311//1311 1456//1456 1455//1455
f 1312//1312 1313//1313 1457//1457
f 1312//1312 1457//1457 1456//1456
f 1313//1313 1314//1314 1458//1458
f 1313//1313 1458//1458 1457//1457
f 1314//1314 1315//1315 1459//1459
f 1314//1314 1459//1459 1458//1458
f 1315//1315 1316//1316 1460//1460
f 1315//1315 1460//1460 1459//1459
f 1316//1316 1317//1317 1461//1461
f 1316//1316 1461//1461 1460//1460
f 1317//1317 1318//1318 1462//1462
f 1317//1317 1462//1462 1461//1461
f 1318//1318 1319//1319 1463//1463
f 1318//1318 1463//1463 1462//1462
f 1319//1319 1320//1320 1464//1464
f 1319//1319 1464//1464 1463//1463
f 1320//1320 1321//1321 1465//1465
f 1320//1320 1465//1465 1464//1464
f 1321//1321 1322//1322 1466//1466
f 1321//1321 1466//1466 1465//1465
f 1322//1322 1323//1323 1467//1467
f 1322//1322 1467//1467 1466//1466
f 1323//1323 1324//1324 1468//1468
f 1323//1323 1468//1468 1467//1467
f 1324//1324 1325//1325 1469//1469
f 1324//1324 1469//1469 1468//1468
f 1325//1325 1326//1326 1470//1470
f 1325//1325 1470//1470 1469//1469
f 1326//1326 1327//1327 1471//1471
f 1326//1326 1471//1471 1470//1470
f 1327//1327 1328//1328 1472//1472
f 1327//1327 1472//1472 1471//1471
f 1328//1328 1329//1329 1473//1473
f 1328//1328 1473//1473 1472//1472
f 1329//1329 1330//1330 1474//1474
f 1329//1329 1474//1474 1473//1473
f 1330//1330 1331//1331 1475//1475
f 1330//1330 1475//1475 1474//1474
f 1331//1331 1332//1332 1476//1476
f 1331//1331 1476//1476 1475//1475
f 1332//1332 1333//1333 1477//1477
f 1332//1332 1477//1477 1476//1476
f 1333//1333 1334//1334 1478//1478
f 1333//1333 1478//1478 1477//1477
f 1334//1334 1335//1335 1479//1479
f 1334//1334 1479//1479 1478//1478
f 1335//1335 1336//1336 1480//1480
f 1335//1335 1480//1480 1479//1479
f 1336//1336 1337//1337 1481//1481
f 1336//1336 1481//1481 1480//1480
f 1337//1337 1338//1338 1482//1482
f 1337//1337 1482//1482 1481//1481
f 1338//1338 1339//1339 1483//1483
f 1338//1338 1483//1483 1482//1482
f 1339//1339 1340//1340 1484//1484
f 1339//1339 1484//1484 1483//1483
f 1340//1340 1341//1341 1485//1485
f 1340//1340 1485//1485 1484//1484
f 1341//1341 1342//1342 1486//1486
f 1341//1341 1486//1486 1485//1485
f 1342//1342 1343//1343 1487//1487
f 1342//1342 1487//1487 1486//1486
f 1343//1343 1344//1344 1488//1488
f 1343//1343 1488//1488 1487//1487
f 1344//1344 1345//1345 1489//1489
f 1344//1344 1489//1489 1488//1488
f 1345//1345 1346//1346 1490//1490
f 1345//1345 1490//1490 1489//1489
f 1346//1346 1347//1347 1491//1491
f 1346//1346 1491//1491 1490//1490
f 1347//1347 1348//1348 1492//1492
f 1347//1347 1492//1492 1491//1491
f 1348//1348 1349//1349 1493//1493
f 1348//1348 1493//1493 1492//1492
f 1349//1349 1350//1350 1494//1494
f 1349//1349 1494//1494 1493//1493
f 1350//1350 1351//1351 1495//1495
f 1350//1350 1495//1495 1494//1494
f 1351//1351 1352//1352 1496//1496
f 1351//1351 1496//1496 1495//1495
f 1352//1352 1353//1353 1497//1497
f 1352//1352 1497//1497 1496//1496
f 1353//1353 1354//1354 1498//1498
f 1353//1353 1498//1498 1497//1497
f 1354//1354 1355//1355 1499//1499
f 1354//1354 1499//1499 1498//1498
f 1355//1355 1356//1356 1500//1500
f 1355//1355 1500//1500 1499//1499
f 1356//1356 1357//1357 1501//1501
f 1356//1356 1501//1501 1500//1500
f 1357//1357 1358//1358 1502//1502
f 1357//1357 1502//1502 1501//1501
f 1358//1358 1359//1359 1503//1503
f 1358//1358 1503//1503 1502//1502
f 1359//1359 1360//1360 1504//1504
f 1359//1359 1504//1504 1503//1503
f 1360//1360 1361//1361 1505//1505
f 1360//1360 1505//1505 1504//1504
f 1361//1361 1362//1362 1506//1506
f 1361//1361 1506//1506 1505//1505
f 1362//1362 1363//1363 1507//1507
f 1362//1362 1507//1507 1506//1506
f 1363//1363 1364//1364 1508//1508
f 1363//1363 1508//1508 1507//1507
f 1364//1364 1365//1365 1509//1509
f 1364//1364 1509//1509 1508//1508
f 1365//1365 1366//1366 1510//1510
f 1365//1365 1510//1510 1509//1509
f 1366//1366 1367//1367 1511//1511
f 1366//1366 1511//1511 1510//1510
f 1367//1367 1368//1368 1512//1512
f 1367//1367 1512//1512 1511//1511
f 1368//1368 1369//1369 1513//1513
f 1368//1368 1513//1513 1512//1512
f 1369//1369 1370//1370 1514//1514
f 1369//1369 1514//1514 1513//1513
f 1370//1370 1371//1371 1515//1515
f 1370//1370 1515//1515 1514//1514
f 1371//1371 1372//1372 1516//1516
f 1371//1371 1516//1516 1515//1515
f 1372//1372 1373//1373 1517//1517
f 1372//1372 1517//1517 1516//1516
f 1373//1373 1374//1374 1518//1518
f 1373//1373 1518//1518 1517//1517
f 1374//1374 1375//1375 1519//1519
f 1374//1374 1519//1519 1518//1518
f 1375//1375 1376//1376 1520//1520
f 1375//1375 1520//1520 1519//1519
f 1376//1376 1377//1377 1521//1521
f 1376//1376 1521//1521 1520//1520
f 1377//1377 1378//1378 1522//1522
f 1377//1377 1522//1522 1521//1521
f 1378//1378 1379//1379 1523//1523
f 1378//1378 1523//1523 1522//1522
f 1379//1379 1380//1380 1524//1524
f 1379//1379 1524//1524 1523//1523
f 1380//1380 1381//1381 1525//1525
f 1380//1380 1525//1525 1524//1524
f 1381//1381 1382//1382 1526//1526
f 1381//1381 1526//1526 1525//1525
f 1382//1382 1383//1383 1527//1527
f 1382//1382 1527//1527 1526//1526
f 1383//1383 1384//1384 1528//1528
f 1383//1383 1528//1528 1527//1527
f 1384//1384 1385//1385 1529//1529
f 1384//1384 1529//1529 1528//1528
f 1385//1385 1386//1386 1530//1530
f 1385//1385 1530//1530 1529//1529
f 1386//1386 1387//1387 1531//1531
f 1386//1386 1531//1531 1530//1530
f 1387//1387 1388//1388 1532//1532
f 1387//1387 1532//1532 1531//1531
f 1388//1388 1389//1389 1533//1533
f 1388//1388 1533//1533 1532//1532
f 1389//1389 1390//1390 1534//1534
f 1389//1389 1534//1534 1533//1533
f 1390//1390 1391//1391 1535//1535
f 1390//1390 1535//1535 1534//1534
f 1391//1391 1392//1392 1536//1536
f 1391//1391 1536//1536 1535//1535
f 1392//1392 1393//1393 1537//1537
f 1392//1392 1537//1537 1536//1536
f 1393//1393 1394//1394 1538//1538
f 1393//1393 1538//1538 1537//1537
f 1394//1394 1395//1395 1539//1539
f 1394//1394 1539//1539 1538//1538
f 1395//1395 1396//1396 1540//1540
f 1395//1395 1540//1540 1539//1539
f 1396//1396 1397//1397 1541//1541
f 1396//1396 1541//1541 1540//1540
f 1397//1397 1398//1398 1542//1542
f 1397//1397 1542//1542 1541//1541
f 1398//1398 1399//1399 1543//1543
f 1398//1398 1543//1543 1542//1542
f 1399//1399 1400//1400 1544//1544
f 1399//1399 1544//1544 1543//1543
f 1400//1400 1401//1401 1545//1545
f 1400//1400 1545//1545 1544//1544
f 1401//1401 1402//1402 1546//1546
f 1401//1401 1546//1546 1545//1545
f 1402//1402 1403//1403 1547//1547
f 1402//1402 1547//1547 1546//1546
f 1403//1403 1404//1404 1548//1548
f 1403//1403 1548//1548 1547//1547
f 1404//1404 1405//1405 1549//1549
f 1404//1404 1549//1549 1548//1548
f 1405//1405 1406//1406 1550//1550
f 1405//1405 1550//1550 1549//1549
f 1406//1406 1407//1407 1551//1551
f 1406//1406 1551//1551 1550//1550
f 1407//1407 1408//1408 1552//1552
f 1407//1407 1552//1552 1551//1551
f 1408//1408 1409//1409 1553//1553
f 1408//1408 1553//1553 1552//1552
f 1409//1409 1410//1410 1554//1554
f 1409//1409 1554//1554 1553//1553
f 1410//1410 1411//1411 1555//1555
f 1410//1410 1555//1555 1554//1554
f 1411//1411 1412//1412 1556//1556
f 1411//1411 1556//1556 1555//1555
f 1412//1412 1413//1413 1557//1557
f 1412//1412 1557//1557 1556//1556
f 1413//1413 1414//1414 1558//1558
f 1413//1413 1558//1558 1557//1557
f 1414//1414 1415//1415 1559//1559
f 1414//1414 1559//1559 1558//1558
f 1415//1415 1416//1416 1560//1560
f 1415//1415 1560//1560 1559//1559
f 1416//1416 1417//1417 1561//1561
f 1416//1416 1561//1561 1560//1560
f 1417//1417 1418//1418 1562//1562
f 1417//1417 1562//1562 1561//1561
f 1418//1418 1419//1419 1563//1563
f 1418//1418 1563//1563 1562//1562
f 1419//1419 1420//1420 1564//1564
f 1419//1419 1564//1564 1563//1563
f 1420//1420 1421//1421 1565//1565
f 1420//1420 1565//1565 1564//1564
f 1421//1421 1422//1422 1566//1566
f 1421//1421 1566//1566 1565//1565
f 1422//1422 1423//1423 1567//1567
f 1422//1422 1567//1567 1566//1566
f 1423//1423 1424//1424 1568//1568
f 1423//1423 1568//1568 1567//1567
f 1424//1424 1425//1425 1569//1569
f 1424//1424 1569//1569 1568//1568
f 1425//1425 1426//1426 1570//1570
f 1425//1425 1570//1570 1569//1569
f 1426//1426 1427//1427 1571//1571
f 1426//1426 1571//1571 1570//1570
f 1427//1427 1428//1428 1572//1572
f 1427//1427 1572//1572 1571//1571
f 1428//1428 1429//1429 1573//1573
f 1428//1428 1573//1573 1572//1572
f 1429//1429 1430//1430 1574//1574
f 1429//1429 1574//1574 1573//1573
f 1430//1430 1431//1431 1575//1575
f 1430//1430 1575//1575 1574//1574
f 1431//1431 1432//1432 1576//1576
f 1431//1431 1576//1576 1575//1575
f 1432//1432 1433//1433 1577//1577
f 1432//1432 1577//1577 1576//1576
f 1433//1433 1434//1434 1578//1578
f 1433//1433 1578//1578 1577//1577
f 1434//1434 1435//1435 1579//1579
f 1434//1434 1579//1579 1578//1578
f 1435//1435 1436//1436 1580//1580
f 1435//1435 1580//1580 1579//1579
f 1436//1436 1437//1437 1581//1581
f 1436//1436 1581//1581 1580//1580
f 1437//1437 1438//1438 1582//1582
f 1437//1437 1582//1582 1581//1581
f 1438//1438 1439//1439 1583//1583
f 1438//1438 1583//1583 1582//1582
f 1439//1439 1440//1440 1584//1584
f 1439//1439 1584//1584 1583//1583
f 1440//1440 1441//1441 1585//1585
f 1440//1440 1585//1585 1584//1584
f 1441//1441 1298//1298 1442//1442
f 1441//1441 1442//1442 1585//1585
f 1442//1442 1443//1443 1587//1587
f 1442//1442 1587//1587 1586//1586
f 1443//1443 1444//1444 1588//1588
f 1443//1443 1588//1588 1587//1587
f 1444//1444 1445//1445 1589//1589
f 1444//1444 1589//1589 1588//1588
f 1445//1445 1446//1446 1590//1590
f 1445//1445 1590//1590 1589//1589
f 1446//1446 1447//1447 1591//1591
f 1446//1446 1591//1591 1590//1590
f 1447//1447 1448//1448 1592//1592
f 1447//1447 1592//1592 1591//1591
f 1448//1448 1449//1449 1593//1593
f 1448//1448 1593//1593 1592//1592
f 1449//1449 1450//1450 1594//1594
f 1449//1449 1594//1594 1593//1593
f 1450//1450 1451//1451 1595//1595
f 1450//1450 1595//1595 1594//1594
f 1451//1451 1452//1452 1596//1596
f 1451//1451 1596//1596 1595//1595
f 1452//1452 1453//1453 1597//1597
f 1452//1452 1597//1597 1596//1596
f 1453//1453 1454//1454 1598//1598
f 1453//1453 1598//1598 1597//1597
f 1454//1454 1455//1455 1599//1599
f 1454//1454 1599//1599 1598//1598
f 1455//1455 1456//1456 1600//1600
f 1455//1455 1600//1600 1599//1599
f 1456//1456 1457//1457 1601//1601
f 1456//1456 1601//1601 1600//1600
f 1457//1457 1458//1458 1602//1602
f 1457//1457 1602//1602 1601//1601
f 1458//1458 1459//1459 1603//1603
f 1458//1458 1603//1603 1602//1602
f 1459//1459 1460//1460 1604//1604
f 1459//1459 1604//1604 1603//1603
f 1460//1460 1461//1461 1605//1605
f 1460//1460 1605//1605 1604//1604
f 1461//1461 1462//1462 1606//1606
f 1461//1461 1606//1606 1605//1605
f 1462//1462 1463//1463 1607//1607
f 1462//1462 1607//1607 1606//1606
f 1463//1463 1464//1464 1608//1608
f 1463//1463 1608//1608 1607//1607
f 1464//1464 1465//1465 1609//1609
f 1464//1464 1609//1609 1608//1608
f 1465//1465 1466//1466 1610//1610
f 1465//1465 1610//1610 1609//1609
f 1466//1466 1467//1467 1611//1611
f 1466//1466 1611//1611 1610//1610
f 1467//1467 1468//1468 1612//1612
f 1467//1467 1612//1612 1611//1611
f 1468//1468 1469//1469 1613//1613
f 1468//1468 1613//1613 1612//1612
f 1469//1469 1470//1470 1614//1614
f 1469//1469 1614//1614 1613//1613
f 1470//1470 1471//1471 1615//1615
f 1470//1470 1615//1615 1614//1614
f 1471//1471 1472//1472 1616//1616
f 1471//1471 1616//1616 1615//1615
f 1472//1472 1473//1473 1617//1617
f 1472//1472 1617//1617 1616//1616
f 1473//1473 1474//1474 1618//1618
f 1473//1473 1618//1618 1617//1617
f 1474//1474 1475//1475 1619//1619
f 1474//1474 1619//1619 1618//1618
f 1475//1475 1476//1476 1620//1620
f 1475//1475 1620//1620 1619//1619
f 1476//1476 1477//1477 1621//1621
f 1476//1476 1621//1621 1620//1620
f 1477//1477 1478//1478 1622//1622
f 1477//1477 1622//1622 1621//1621
f 1478//1478 1479//1479 1623//1623
f 1478//1478 1623//1623 1622//1622
f 1479//1479 1480//1480 1624//1624
f 1479//1479 1624//1624 1623//1623
f 1480//1480 1481//1481 1625//1625
f 1480//1480 1625//1625 1624//1624
f 1481//1481 1482//1482 1626//1626
f 1481//1481 1626//1626 1625//1625
f 1482//1482 1483//1483 1627//1627
f 1482//1482 1627//1627 1626//1626
f 1483//1483 1484//1484 1628//1628
f 1483//1483 1628//1628 1627//1627
f 1484//1484 1485//1485 1629//1629
f 1484//1484 1629//1629 1628//1628
f 1485//1485 1486//1486 1630//1630
f 1485//1485 1630//1630 1629//1629
f 1486//1486 1487//1487 1631//1631
f 1486//1486 1631//1631 1630//1630
f 1487//1487 1488//1488 1632//1632
f 1487//1487 1632//1632 1631//1631
f 1488//1488 1489//1489 1633//1633
f 1488//1488 1633//1633 1632//1632
f 1489//1489 1490//1490 1634//1634
f 1489//1489 1634//1634 1633//1633
f 1490//1490 1491//1491 1635//1635
f 1490//1490 1635//1635 1634//1634
f 1491//1491 1492//1492 1636//1636
f 1491//1491 1636//1636 1635//1635
f 1492//1492 1493//1493 1637//1637
f 1492//1492 1637//1637 1636//1636
f 1493//1493 1494//1494 1638//1638
f 1493//1493 1638//1638 1637//1637
f 1494//1494 1495//1495 1639//1639
f 1494//1494 1639//1639 1638//1638
f 1495//1495 1496//1496 1640//1640
f 1495//1495 1640//1640 1639//1639
f 1496//1496 1497//1497 1641//1641
f 1496//1496 1641//1641 1640//1640
f 1497//1497 1498//1498 1642//1642
f 1497//1497 1642//1642 1641//1641
f 1498//1498 1499//1499 1643//1643
f 1498//1498 1643//1643 1642//1642
f 1499//1499 1500//1500 1644//1644
f 1499//1499 1644//1644 1643//1643
f 1500//1500 1501//1501 1645//1645
f 1500//1500 1645//1645 1644//1644
f 1501//1501 1502//1502 1646//1646
f 1501//1501 1646//1646 1645//1645
f 1502//1502 1503//1503 1647//1647
f 1502//1502 1647//1647 1646//1646
f 1503//1503 1504//1504 1648//1648
f 1503//1503 1648//1648 1647//1647
f 1504//1504 1505//1505 1649//1649
f 1504//1504 1649//1649 1648//1648
f 1505//1505 1506//1506 1650//1650
f 1505//1505 1650//1650 1649//1649
f 1506//1506 1507//1507 1651//1651
f 1506//1506 1651//1651 1650//1650
f 1507//1507 1508//1508 1652//1652
f 1507//1507 1652//1652 1651//1651
f 1508//1508 1509//1509 1653//1653
f 1508//1508 1653//1653 1652//1652
f 1509//1509 1510//1510 1654//1654
f 1509//1509 1654//1654 1653//1653
f 1510//1510 1511//1511 1655//1655
f 1510//1510 1655//1655 1654//1654
f 1511//1511 1512//1512 1656//1656
f 1511//1511 1656//1656 1655//1655
f 1512//1512 1513//1513 1657//1657
f 1512//1512 1657//1657 1656//1656
f 1513//1513 1514//1514 1658//1658
f 1513//1513 1658//1658 1657//1657
f 1514//1514 1515//1515 1659//1659
f 1514//1514 1659//1659 1658//1658
f 1515//1515 1516//1516 1660//1660
f 1515//1515 1660//1660 1659//1659
f 1516//1516 1517//1517 1661//1661
f 1516//1516 1661//1661 1660//1660
f 1517//1517 1518//1518 1662//1662
f 1517//1517 1662//1662 1661//1661
f 1518//1518 1519//1519 1663//1663
f 1518//1518 1663//1663 1662//1662
f 1519//1519 1520//1520 1664//1664
f 1519//1519 1664//1664 1663//1663
f 1520//1520 1521//1521 1665//1665
f 1520//1520 1665//1665 1664//1664
f 1521//1521 1522//1522 1666//1666
f 1521//1521 1666//1666 1665//1665
f 1522//1522 1523//1523 1667//1667
f 1522//1522 1667//1667 1666//1666
f 1523//1523 1524//1524 1668//1668
f 1523//1523 1668//1668 1667//1667
f 1524//1524 1525//1525 1669//1669
f 1524//1524 1669//1669 1668//1668
f 1525//1525 1526//1526 1670//1670
f 1525//1525 1670//1670 1669//1669
f 1526//1526 1527//1527 1671//1671
f 1526//1526 1671//1671 1670//1670
f 1527//1527 1528//1528 1672//1672
f 1527//1527 1672//1672 1671//1671
f 1528//1528 1529//1529 1673//1673
f 1528//1528 1673//1673 1672//1672
f 1529//1529 1530//1530 1674//1674
f 1529//1529 1674//1674 1673//1673
f 1530//1530 1531//1531 1675//1675
f 1530//1530 1675//1675 1674//1674
f 1531//1531 1532//1532 1676//1676
f 1531//1531 1676//1676 1675//1675
f 1532//1532 1533//1533 1677//1677
f 1532//1532 1677//1677 1676//1676
f 1533//1533 1534//1534 1678//1678
f 1533//1533 1678//1678 1677//1677
f 1534//1534 1535//1535 1679//1679
f 1534//1534 1679//1679 1678//1678
f 1535//1535 1536//1536 1680//1680
f 1535//1535 1680//1680 1679//1679
f 1536//1536 1537//1537 1681//1681
f 1536//1536 1681//1681 1680//1680
f 1537//1537 1538//1538 1682//1682
f 1537//1537 1682//1682 1681//1681
f 1538//1538 1539//1539 1683//1683
f 1538//1538 1683//1683 1682//1682
f 1539//1539 1540//1540 1684//1684
f 1539//1539 1684//1684 1683//1683
f 1540//1540 1541//1541 1685//1685
f 1540//1540 1685//1685 1684//1684
f 1541//1541 1542//1542 1686//1686
f 1541//1541 1686//1686 1685//1685
f 1542//1542 1543//1543 1687//1687
f 1542//1542 1687//1687 1686//1686
f 1543//1543 1544//1544 1688//1688
f 1543//1543 1688//1688 1687//1687
f 1544//1544 1545//1545 1689//1689
f 1544//1544 1689//1689 1688//1688
f 1545//1545 1546//1546 1690//1690
f 1545//1545 1690//1690 1689//1689
f 1546//1546 1547//1547 1691//1691
f 1546//1546 1691//1691 1690//1690
f 1547//1547 1548//1548 1692//1692
f 1547//1547 1692//1692 1691//1691
f 1548//1548 1549//1549 1693//1693
f 1548//1548 1693//1693 1692//1692
f 1549//1549 1550//1550 1694//1694
f 1549//1549 1694//1694 1693//1693
f 1550//1550 1551//1551 1695//1695
f 1550//1550 1695//1695 1694//1694
f 1551//1551 1552//1552 1696//1696
f 1551//1551 1696//1696 1695//1695
f 1552//1552 1553//1553 1697//1697
f 1552//1552 1697//1697 1696//1696
f 1553//1553 1554//1554 1698//1698
f 1553//1553 1698//1698 1697//1697
f 1554//1554 1555//1555 1699//1699
f 1554//1554 1699//1699 1698//1698
f 1555//1555 1556//1556 1700//1700
f 1555//1555 1700//1700 1699//1699
f 1556//1556 1557//1557 1701//1701
f 1556//1556 1701//1701 1700//1700
f 1557//1557 1558//1558 1702//1702
f 1557//1557 1702//1702 1701//1701
f 1558//1558 1559//1559 1703//1703
f 1558//1558 1703//1703 1702//1702
f 1559//1559 1560//1560 1704//1704
f 1559//1559 1704//1704 1703//1703
f 1560//1560 1561//1561 1705//1705
f 1560//1560 1705//1705 1704//1704
f 1561//1561 1562//1562 1706//1706
f 1561//1561 1706//1706 1705//1705
f 1562//1562 1563//1563 1707//1707
f 1562//1562 1707//1707 1706//1706
f 1563//1563 1564//1564 1708//1708
f 1563//1563 1708//1708 1707//1707
f 1564//1564 1565//1565 1709//1709
f 1564//1564 1709//1709 1708//1708
f 1565//1565 1566//1566 1710//1710
f 1565//1565 1710//1710 1709//1709
f 1566//1566 1567//1567 1711//1711
f 1566//1566 1711//1711 1710//1710
f 1567//1567 1568//1568 1712//1712
f 1567//1567 1712//1712 1711//1711
f 1568//1568 1569//1569 1713//1713
f 1568//1568 1713//1713 1712//1712
f 1569//1569 1570//1570 1714//1714
f 1569//1569 1714//1714 1713//1713
f 1570//1570 1571//1571 1715//1715
f 1570//1570 1715//1715 1714//1714
f 1571//1571 1572//1572 1716//1716
f 1571//1571 1716//1716 1715//1715
f 1572//1572 1573//1573 1717//1717
f 1572//1572 1717//1717 1716//1716
f 1573//1573 1574//1574 1718//1718
f 1573//1573 1718//1718 1717//1717
f 1574//1574 1575//1575 1719//1719
f 1574//1574 1719//1719 1718//1718
f 1575//1575 1576//1576 1720//1720
f 1575//1575 1720//1720 1719//1719
f 1576//1576 1577//1577 1721//1721
f 1576//1576 1721//1721 1720//1720
f 1577//1577 1578//1578 1722//1722
f 1577//1577 1722//1722 1721//1721
f 1578//1578 1579//1579 1723//1723
f 1578//1578 1723//1723 1722//1722
f 1579//1579 1580//1580 1724//1724
f 1579//1579 1724//1724 1723//1723
f 1580//1580 1581//1581 1725//1725
f 1580//1580 1725//1725 1724//1724
f 1581//1581 1582//1582 1726//1726
f 1581//1581 1726//1726 1725//1725
f 1582//1582 1583//1583 1727//1727
f 1582//1582 1727//1727 1726//1726
f 1583//1583 1584//1584 1728//1728
f 1583//1583 1728//1728 1727//1727
f 1584//1584 1585//1585 1729//1729
f 1584//1584 1729//1729 1728//1728
f 1585//1585 1442//1442 1586//1586
f 1585//1585 1586//1586 1729//1729
f 1586//1586 1587//1587 1731//1731
f 1586//1586 1731//1731 1730//1730
f 1587//1587 1588//1588 1732//1732
f 1587//1587 1732//1732 1731//1731
f 1588//1588 1589//1589 1733//1733
f 1588//1588 1733//1733 1732//1732
f 1589//1589 1590//1590 1734//1734
f 1589//1589 1734//1734 1733//1733
f 1590//1590 1591//1591 1735//1735
f 1590//1590 1735//1735 1734//1734
f 1591//1591 1592//1592 1736//1736
f 1591//1591 1736//1736 1735//1735
f 1592//1592 1593//1593 1737//1737
f 1592//1592 1737//1737 1736//1736
f 1593//1593 1594//1594 1738//1738
f 1593//1593 1738//1738 1737//1737
f 1594//1594 1595//1595 1739//1739
f 1594//1594 1739//1739 1738//1738
f 1595//1595 1596//1596 1740//1740
f 1595//1595 1740//1740 1739//1739
f 1596//1596 1597//1597 1741//1741
f 1596//1596 1741//1741 1740//1740
f 1597//1597 1598//1598 1742//1742
f 1597//1597 1742//1742 1741//1741
f 1598//1598 1599//1599 1743//1743
f 1598//1598 1743//1743 1742//1742
f 1599//1599 1600//1600 1744//1744
f 1599//1599 1744//1744 1743//1743
f 1600//1600 1601//1601 1745//1745
f 1600//1600 1745//1745 1744//1744
f 1601//1601 1602//1602 1746//1746
f 1601//1601 1746//1746 1745//1745
f 1602//1602 1603//1603 1747//1747
f 1602//1602 1747//1747 1746//1746
f 1603//1603 1604//1604 1748//1748
f 1603//1603 1748//1748 1747//1747
f 1604//1604 1605//1605 1749//1749
f 1604//1604 1749//1749 1748//1748
f 1605//1605 1606//1606 1750//1750
f 1605//1605 1750//1750 1749//1749
f 1606//1606 1607//1607 1751//1751
f 1606//1606 1751//1751 1750//1750
f 1607//1607 1608//1608 1752//1752
f 1607//1607 1752//1752 1751//1751
f 1608//1608 1609//1609 1753//1753
f 1608//1608 1753//1753 1752//1752
f 1609//1609 1610//1610 1754//1754
f 1609//1609 1754//1754 1753//1753
f 1610//1610 1611//1611 1755//1755
f 1610//1610 1755//1755 1754//1754
f 1611//1611 1612//1612 1756//1756
f 1611//1611 1756//1756 1755//1755
f 1612//1612 1613//1613 1757//1757
f 1612//1612 1757//1757 1756//1756
f 1613//1613 1614//1614 1758//1758
f 1613//1613 1758//1758 1757//1757
f 1614//1614 1615//1615 1759//1759
f 1614//1614 1759//1759 1758//1758
f 1615//1615 1616//1616 1760//1760
f 1615//1615 1760//1760 1759//1759
f 1616//1616 1617//1617 1761//1761
f 1616//1616 1761//1761 1760//1760
f 1617//1617 1618//1618 1762//1762
f 1617//1617 1762//1762 1761//1761
f 1618//1618 1619//1619 1763//1763
f 1618//1618 1763//1763 1762//1762
f 1619//1619 1620//1620 1764//1764
f 1619//1619 1764//1764 1763//1763
f 1620//1620 1621//1621 1765//1765
f 1620//1620 1765//1765 1764//1764
f 1621//1621 1622//1622 1766//1766
f 1621//1621 1766//1766 1765//1765
f 1622//1622 1623//1623 1767//1767
f 1622//1622 1767//1767 1766//1766
f 1623//1623 1624//1624 1768//1768
f 1623//1623 1768//1768 1767//1767
f 1624//1624 1625//1625 1769//1769
f 1624//1624 1769//1769 1768//1768
f 1625//1625 1626//1626 1770//1770
f 1625//1625 1770//1770 1769//1769
f 1626//1626 1627//1627 1771//1771
f 1626//1626 1771//1771 1770//1770
f 1627//1627 1628//1628 1772//1772
f 1627//1627 1772//1772 1771//1771
f 1628//1628 1629//1629 1773//1773
f 1628//1628 1773//1773 1772//1772
f 1629//1629 1630//1630 1774//1774
f 1629//1629 1774//1774 1773//1773
f 1630//1630 1631//1631 1775//1775
f 1630//1630 1775//1775 1774//1774
f 1631//1631 1632//1632 1776//1776
f 1631//1631 1776//1776 1775//1775
f 1632//1632 1633//1633 1777//1777
f 1632//1632 1777//1777 1776//1776
f 1633//1633 1634//1634 1778//1778
f 1633//1633 1778//1778 1777//1777
f 1634//1634 1635//1635 1779//1779
f 1634//1634 1779//1779 1778//1778
f 1635//1635 1636//1636 1780//1780
f 1635//1635 1780//1780 1779//1779
f 1636//1636 1637//1637 1781//1781
f 1636//1636 1781//1781 1780//1780
f 1637//1637 1638//1638 1782//1782
f 1637//1637 1782//1782 1781//1781
f 1638//1638 1639//1639 1783//1783
f 1638//1638 1783//1783 1782//1782
f 1639//1639 1640//1640 1784//1784
f 1639//1639 1784//1784 1783//1783
f 1640//1640 1641//1641 1785//1785
f 1640//1640 1785//1785 1784//1784
f 1641//1641 1642//1642 1786//1786
f 1641//1641 1786//1786 1785//1785
f 1642//1642 1643//1643 1787//1787
f 1642//1642 1787//1787 1786//1786
f 1643//1643 1644//1644 1788//1788
f 1643//1643 1788//1788 1787//1787
f 1644//1644 1645//1645 1789//1789
f 1644//1644 1789//1789 1788//1788
f 1645//1645 1646//1646 1790//1790
f 1645//1645 1790//1790 1789//1789
f 1646//1646 1647//1647 1791//1791
f 1646//1646 1791//1791 1790//1790
f 1647//1647 1648//1648 1792//1792
f 1647//1647 1792//1792 1791//1791
f 1648//1648 1649//1649 1793//1793
f 1648//1648 1793//1793 1792//1792
f 1649//1649 1650//1650 1794//1794
f 1649//1649 1794//1794 1793//1793
f 1650//1650 1651//1651 1795//1795
f 1650//1650 1795//1795 1794//1794
f 1651//1651 1652//1652 1796//1796
f 1651//1651 1796//1796 1795//1795
f 1652//1652 1653//1653 1797//1797
f 1652//1652 1797//1797 1796//1796
f 1653//1653 1654//1654 1798//1798
f 1653//1653 1798//1798 1797//1797
f 1654//1654 1655//1655 1799//1799
f 1654//1654 1799//1799 1798//1798
f 1655//1655 1656//1656 1800//1800
f 1655//1655 1800//1800 1799//1799
f 1656//1656 1657//1657 1801//1801
f 1656//1656 1801//1801 1800//1800
f 1657//1657 1658//1658 1802//1802
f 1657//1657 1802//1802 1801//1801
f 1658//1658 1659//1659 1803//1803
f 1658//1658 1803//1803 1802//1802
f 1659//1659 1660//1660 1804//1804
f 1659//1659 1804//1804 1803//1803
f 1660//1660 1661//1661 1805//1805
f 1660//1660 1805//1805 1804//1804
f 1661//1661 1662//1662 1806//1806
f 1661//1661 1806//1806 1805//1805
f 1662//1662 1663//1663 1807//1807
f 1662//1662 1807//1807 1806//1806
f 1663//1663 1664//1664 1808//1808
f 1663//1663 1808//1808 1807//1807
f 1664//1664 1665//1665 1809//1809
f 1664//1664 1809//1809 1808//1808
f 1665//1665 1666//1666 1810//1810
f 1665//1665 1810//1810 1809//1809
f 1666//1666 1667//1667 1811//1811
f 1666//1666 1811//1811 1810//1810
f 1667//1667 1668//1668 1812//1812
f 1667//1667 1812//1812 1811//1811
f 1668//1668 1669//1669 1813//1813
f 1668//1668 1813//1813 1812//1812
f 1669//1669 1670//1670 1814//1814
f 1669//1669 1814//1814 1813//1813
f 1670//1670 1671//1671 1815//1815
f 1670//1670 1815//1815 1814//1814
f 1671//1671 1672//1672 1816//1816
f 1671//1671 1816//1816 1815//1815
f 1672//1672 1673//1673 1817//1817
f 1672//1672 1817//1817 1816//1816
f 1673//1673 1674//1674 1818//1818
f 1673//1673 1818//1818 1817//1817
f 1674//1674 1675//1675 1819//1819
f 1674//1674 1819//1819 1818//1818
f 1675//1675 1676//1676 1820//1820
f 1675//1675 1820//1820 1819//1819
f 1676//1676 1677//1677 1821//1821
f 1676//1676 1821//1821 1820//1820
f 1677//1677 1678//1678 1822//1822
f 1677//1677 1822//1822 1821//1821
f 1678//1678 1679//1679 1823//1823
f 1678//1678 1823//1823 1822//1822
f 1679//1679 1680//1680 1824//1824
f 1679//1679 1824//1824 1823//1823
f 1680//1680 1681//1681 1825//1825
f 1680//1680 1825//1825 1824//1824
f 1681//1681 1682//1682 1826//1826
f 1681//1681 1826//1826 1825//1825
f 1682//1682 1683//1683 1827//1827
f 1682//1682 1827//1827 1826//1826
f 1683//1683 1684//1684 1828//1828
f 1683//1683 1828//1828 1827//1827
f 1684//1684 1685//1685 1829//1829
f 1684//1684 1829//1829 1828//1828
f 1685//1685 1686//1686 1830//1830
f 1685//1685 1830//1830 1829//1829
f 1686//1686 1687//1687 1831//1831
f 1686//1686 1831//1831 1830//1830
f 1687//1687 1688//1688 1832//1832
f 1687//1687 1832//1832 1831//1831
f 1688//1688 1689//1689 1833//1833
f 1688//1688 1833//1833 1832//1832
f 1689//1689 1690//1690 1834//1834
f 1689//1689 1834//1834 1833//1833
f 1690//1690 1691//1691 1835//1835
f 1690//1690 1835//1835 1834//1834
f 1691//1691 1692//1692 1836//1836
f 1691//1691 1836//1836 1835//1835
f 1692//1692 1693//1693 1837//1837
f 1692//1692 1837//1837 1836//1836
f 1693//1693 1694//1694 1838//1838
f 1693//1693 1838//1838 1837//1837
f 1694//1694 1695//1695 1839//1839
f 1694//1694 1839//1839 1838//1838
f 1695//1695 1696//1696 1840//1840
f 1695//1695 1840//1840 1839//1839
f 1696//1696 1697//1697 1841//1841
f 1696//1696 1841//1841 1840//1840
f 1697//1697 1698//1698 1842//1842
f 1697//1697 1842//1842 1841//1841
f 1698//1698 1699//1699 1843//1843
f 1698//1698 1843//1843 1842//1842
f 1699//1699 1700//1700 1844//1844
f 1699//1699 1844//1844 1843//1843
f 1700//1700 1701//1701 1845//1845
f 1700//1700 1845//1845 1844//1844
f 1701//1701 1702//1702 1846//1846
f 1701//1701 1846//1846 1845//1845
f 1702//1702 1703//1703 1847//1847
f 1702//1702 1847//1847 1846//1846
f 1703//1703 1704//1704 1848//1848
f 1703//1703 1848//1848 1847//1847
f 1704//1704 1705//1705 1849//1849
f 1704//1704 1849//1849 1848//1848
f 1705//1705 1706//1706 1850//1850
f 1705//1705 1850//1850 1849//1849
f 1706//1706 1707//1707 1851//1851
f 1706//1706 1851//1851 1850//1850
f 1707//1707 1708//1708 1852//1852
f 1707//1707 1852//1852 1851//1851
f 1708//1708 1709//1709 1853//1853
f 1708//1708 1853//1853 1852//1852
f 1709//1709 1710//1710 1854//1854
f 1709//1709 1854//1854 1853//1853
f 1710//1710 1711//1711 1855//1855
f 1710//1710 1855//1855 1854//1854
f 1711//1711 1712//1712 1856//1856
f 1711//1711 1856//1856 1855//1855
f 1712//1712 1713//1713 1857//1857
f 1712//1712 1857//1857 1856//1856
f 1713//1713 1714//1714 1858//1858
f 1713//1713 1858//1858 1857//1857
f 1714//1714 1715//1715 1859//1859
f 1714//1714 1859//1859 1858//1858
f 1715//1715 1716//1716 1860//1860
f 1715//1715 1860//1860 1859//1859
f 1716//1716 1717//1717 1861//1861
f 1716//1716 1861//1861 1860//1860
f 1717//1717 1718//1718 1862//1862
f 1717//1717 1862//1862 1861//1861
f 1718//1718 1719//1719 1863//1863
f 1718//1718 1863//1863 1862//1862
f 1719//1719 1720//1720 1864//1864
f 1719//1719 1864//1864 1863//1863
f 1720//1720 1721//1721 1865//1865
f 1720//1720 1865//1865 1864//1864
f 1721//1721 1722//1722 1866//1866
f 1721//1721 1866//1866 1865//1865
f 1722//1722 1723//1723 1867//1867
f 1722//1722 1867//1867 1866//1866
f 1723//1723 1724//1724 1868//1868
f 1723//1723 1868//1868 1867//1867
f 1724//1724 1725//1725 1869//1869
f 1724//1724 1869//1869 1868//1868
f 1725//1725 1726//1726 1870//1870
f 1725//1725 1870//1870 1869//1869
f 1726//1726 1727//1727 1871//1871
f 1726//1726 1871//1871 1870//1870
f 1727//1727 1728//1728 1872//1872
f 1727//1727 1872//1872 1871//1871
f 1728//1728 1729//1729 1873//1873
f 1728//1728 1873//1873 1872//1872
f 1729//1729 1586//1586 1730//1730
f 1729//1729 1730//1730 1873//1873
f 1730//1730 1731//1731 1875//1875
f 1730//1730 1875//1875 1874//1874
f 1731//1731 1732//1732 1876//1876
f 1731//1731 1876//1876 1875//1875
f 1732//1732 1733//1733 1877//1877
f 1732//1732 1877//1877 1876//1876
f 1733//1733 1734//1734 1878//1878
f 1733//1733 1878//1878 1877//1877
f 1734//1734 1735//1735 1879//1879
f 1734//1734 1879//1879 1878//1878
f 1735//1735 1736//1736 1880//1880
f 1735//1735 1880//1880 1879//1879
f 1736//1736 1737//1737 1881//1881
f 1736//1736 1881//1881 1880//1880
f 1737//1737 1738//1738 1882//1882
f 1737//1737 1882//1882 1881//1881
f 1738//1738 1739//1739 1883//1883
f 1738//1738 1883//1883 1882//1882
f 1739//1739 1740//1740 1884//1884
f 1739//1739 1884//1884 1883//1883
f 1740//1740 1741//1741 1885//1885
f 1740//1740 1885//1885 1884//1884
f 1741//1741 1742//1742 1886//1886
f 1741//1741 1886//1886 1885//1885
f 1742//1742 1743//1743 1887//1887
f 1742//1742 1887//1887 1886//1886
f 1743//1743 1744//1744 1888//1888
f 1743//1743 1888//1888 1887//1887
f 1744//1744 1745//1745 1889//1889
f 1744//1744 1889//1889 1888//1888
f 1745//1745 1746//1746 1890//1890
f 1745//1745 1890//1890 1889//1889
f 1746//1746 1747//1747 1891//1891
f 1746//1746 1891//1891 1890//1890
f 1747//1747 1748//1748 1892//1892
f 1747//1747 1892//1892 1891//1891
f 1748//1748 1749//1749 1893//1893
f 1748//1748 1893//1893 1892//1892
f 1749//1749 1750//1750 1894//1894
f 1749//1749 1894//1894 1893//1893
f 1750//1750 1751//1751 1895//1895
f 1750//1750 1895//1895 1894//1894
f 1751//1751 1752//1752 1896//1896
f 1751//1751 1896//1896 1895//1895
f 1752//1752 1753//1753 1897//1897
f 1752//1752 1897//1897 1896//1896
f 1753//1753 1754//1754 1898//1898
f 1753//1753 1898//1898 1897//1897
f 1754//1754 1755//1755 1899//1899
f 1754//1754 1899//1899 1898//1898
f 1755//1755 1756//1756 1900//1900
f 1755//1755 1900//1900 1899//1899
f 1756//1756 1757//1757 1901//1901
f 1756//1756 1901//1901 1900//1900
f 1757//1757 1758//1758 1902//1902
f 1757//1757 1902//1902 1901//1901
f 1758//1758 1759//1759 1903//1903
f 1758//1758 1903//1903 1902//1902
f 1759//1759 1760//1760 1904//1904
f 1759//1759 1904//1904 1903//1903
f 1760//1760 1761//1761 1905//1905
f 1760//1760 1905//1905 1904//1904
f 1761//1761 1762//1762 1906//1906
f 1761//1761 1906//1906 1905//1905
f 1762//1762 1763//1763 1907//1907
f 1762//1762 1907//1907 1906//1906
f 1763//1763 1764//1764 1908//1908
f 1763//1763 1908//1908 1907//1907
f 1764//1764 1765//1765 1909//1909
f 1764//1764 1909//1909 1908//1908
f 1765//1765 1766//1766 1910//1910
f 1765//1765 1910//1910 1909//1909
f 1766//1766 1767//1767 1911//1911
f 1766//1766 1911//1911 1910//1910
f 1767//1767 1768//1768 1912//1912
f 1767//1767 1912//1912 1911//1911
f 1768//1768 1769//1769 1913//1913
f 1768//1768 1913//1913 1912//1912
f 1769//1769 1770//1770 1914//1914
f 1769//1769 1914//1914 1913//1913
f 1770//1770 1771//1771 1915//1915
f 1770//1770 1915//1915 1914//1914
f 1771//1771 1772//1772 1916//1916
f 1771//1771 1916//1916 1915//1915
f 1772//1772 1773//1773 1917//1917
f 1772//1772 1917//1917 1916//1916
f 1773//1773 1774//1774 1918//1918
f 1773//1773 1918//1918 1917//1917
f 1774//1774 1775//1775 1919//1919
f 1774//1774 1919//1919 1918//1918
f 1775//1775 1776//1776 1920//1920
f 1775//1775 1920//1920 1919//1919
f 1776//1776 1777//1777 1921//1921
f 1776//1776 1921//1921 1920//1920
f 1777//1777 1778//1778 1922//1922
f 1777//1777 1922//1922 1921//1921
f 1778//1778 1779//1779 1923//1923
f 1778//1778 1923//1923 1922//1922
f 1779//1779 1780//1780 1924//1924
f 1779//1779 1924//1924 1923//1923
f 1780//1780 1781//1781 1925//1925
f 1780//1780 1925//1925 1924//1924
f 1781//1781 1782//1782 1926//1926
f 1781//1781 1926//1926 1925//1925
f 1782//1782 1783//1783 1927//1927
f 1782//1782 1927//1927 1926//1926
f 1783//1783 1784//1784 1928//1928
f 1783//1783 1928//1928 1927//1927
f 1784//1784 1785//1785 1929//1929
f 1784//1784 1929//1929 1928//1928
f 1785//1785 1786//1786 1930//1930
f 1785//1785 1930//1930 1929//1929
f 1786//1786 1787//1787 1931//1931
f 1786//1786 1931//1931 1930//1930
f 1787//1787 1788//1788 1932//1932
f 1787//1787 1932//1932 1931//1931
f 1788//1788 1789//1789 1933//1933
f 1788//1788 1933//1933 1932//1932
f 1789//1789 1790//1790 1934//1934
f 1789//1789 1934//1934 1933//1933
f 1790//1790 1791//1791 1935//1935
f 1790//1790 1935//1935 1934//1934
f 1791//1791 1792//1792 1936//1936
f 1791//1791 1936//1936 1935//1935
f 1792//1792 1793//1793 1937//1937
f 1792//1792 1937//1937 1936//1936
f 1793//1793 1794//1794 1938//1938
f 1793//1793 1938//1938 1937//1937
f 1794//1794 1795//1795 1939//1939
f 1794//1794 1939//1939 1938//1938
f 1795//1795 1796//1796 1940//1940
f 1795//1795 1940//1940 1939//1939
f 1796//1796 1797//1797 1941//1941
f 1796//1796 1941//1941 1940//1940
f 1797//1797 1798//1798 1942//1942
f 1797//1797 1942//1942 1941//1941
f 1798//1798 1799//1799 1943//1943
f 1798//1798 1943//1943 1942//1942
f 1799//1799 1800//1800 1944//1944
f 1799//1799 1944//1944 1943//1943
f 1800//1800 1801//1801 1945//1945
f 1800//1800 1945//1945 1944//1944
f 1801//1801 1802//1802 1946//1946
f 1801//1801 1946//1946 1945//1945
f 1802//1802 1803//1803 1947//1947
f 1802//1802 1947//1947 1946//1946
f 1803//1803 1804//1804 1948//1948
f 1803//1803 1948//1948 1947//1947
f 1804//1804 1805//1805 1949//1949
f 1804//1804 1949//1949 1948//1948
f 1805//1805 1806//1806 1950//1950
f 1805//1805 1950//1950 1949//1949
f 1806//1806 1807//1807 1951//1951
f 1806//1806 1951//1951 1950//1950
f 1807//1807 1808//1808 1952//1952
f 1807//1807 1952//1952 1951//1951
f 1808//1808 1809//1809 1953//1953
f 1808//1808 1953//1953 1952//1952
f 1809//1809 1810//1810 1954//1954
f 1809//1809 1954//1954 1953//1953
f 1810//1810 1811//1811 1955//1955
f 1810//1810 1955//1955 1954//1954
f 1811//1811 1812//1812 1956//1956
f 1811//1811 1956//1956 1955//1955
f 1812//1812 1813//1813 1957//1957
f 1812//1812 1957//1957 1956//1956
f 1813//1813 1814//1814 1958//1958
f 1813//1813 1958//1958 1957//1957
f 1814//1814 1815//1815 1959//1959
f 1814//1814 1959//1959 1958//1958
f 1815//1815 1816//1816 1960//1960
f 1815//1815 1960//1960 1959//1959
f 1816//1816 1817//1817 1961//1961
f 1816//1816 1961//1961 1960//1960
f 1817//1817 1818//1818 1962//1962
f 1817//1817 1962//1962 1961//1961
f 1818//1818 1819//1819 1963//1963
f 1818//1818 1963//1963 1962//1962
f 1819//1819 1820//1820 1964//1964
f 1819//1819 1964//1964 1963//1963
f 1820//1820 1821//1821 1965//1965
f 1820//1820 1965//1965 1964//1964
f 1821//1821 1822//1822 1966//1966
f 1821//1821 1966//1966 1965//1965
f 1822//1822 1823//1823 1967//1967
f 1822//1822 1967//1967 1966//1966
f 1823//1823 1824//1824 1968//1968
f 1823//1823 1968//1968 1967//1967
f 1824//1824 1825//1825 1969//1969
f 1824//1824 1969//1969 1968//1968
f 1825//1825 1826//1826 1970//1970
f 1825//1825 1970//1970 1969//1969
f 1826//1826 1827//1827 1971//1971
f 1826//1826 1971//1971 1970//1970
f 1827//1827 1828//1828 1972//1972
f 1827//1827 1972//1972 1971//1971
f 1828//1828 1829//1829 1973//1973
f 1828//1828 1973//1973 1972//1972
f 1829//1829 1830//1830 1974//1974
f 1829//1829 1974//1974 1973//1973
f 1830//1830 1831//1831 1975//1975
f 1830//1830 1975//1975 1974//1974
f 1831//1831 1832//1832 1976//1976
f 1831//1831 1976//1976 1975//1975
f 1832//1832 1833//1833 1977//1977
f 1832//1832 1977//1977 1976//1976
f 1833//1833 1834//1834 1978//1978
f 1833//1833 1978//1978 1977//1977
f 1834//1834 1835//1835 1979//1979
f 1834//1834 1979//1979 1978//1978
f 1835//1835 1836//1836 1980//1980
f 1835//1835 1980//1980 1979//1979
f 1836//1836 1837//1837 1981//1981
f 1836//1836 1981//1981 1980//1980
f 1837//1837 1838//1838 1982//1982
f 1837//1837 1982//1982 1981//1981
f 1838//1838 1839//1839 1983//1983
f 1838//1838 1983//1983 1982//1982
f 1839//1839 1840//1840 1984//1984
f 1839//1839 1984//1984 1983//1983
f 1840//1840 1841//1841 1985//1985
f 1840//1840 1985//1985 1984//1984
f 1841//1841 1842//1842 1986//1986
f 1841//1841 1986//1986 1985//1985
f 1842//1842 1843//1843 1987//1987
f 1842//1842 1987//1987 1986//1986
f 1843//1843 1844//1844 1988//1988
f 1843//1843 1988//1988 1987//1987
f 1844//1844 1845//1845 1989//1989
f 1844//1844 1989//1989 1988//1988
f 1845//1845 1846//1846 1990//1990
f 1845//1845 1990//1990 1989//1989
f 1846//1846 1847//1847 1991//1991
f 1846//1846 1991//1991 1990//1990
f 1847//1847 1848//1848 1992//1992
f 1847//1847 1992//1992 1991//1991
f 1848//1848 1849//1849 1993//1993
f 1848//1848 1993//1993 1992//1992
f 1849//1849 1850//1850 1994//1994
f 1849//1849 1994//1994 1993//1993
f 1850//1850 1851//1851 1995//1995
f 1850//1850 1995//1995 1994//1994
f 1851//1851 1852//1852 1996//1996
f 1851//1851 1996//1996 1995//1995
f 1852//1852 1853//1853 1997//1997
f 1852//1852 1997//1997 1996//1996
f 1853//1853 1854//1854 1998//1998
f 1853//1853 1998//1998 1997//1997
f 1854//1854 1855//1855 1999//1999
f 1854//1854 1999//1999 1998//1998
f 1855//1855 1856//1856 2000//2000
f 1855//1855 2000//2000 1999//1999
f 1856//1856 1857//1857 2001//2001
f 1856//1856 2001//2001 2000//2000
f 1857//1857 1858//1858 2002//2002
f 1857//1857 2002//2002 2001//2001
f 1858//1858 1859//1859 2003//2003
f 1858//1858 2003//2003 2002//2002
f 1859//1859 1860//1860 2004//2004
f 1859//1859 2004//2004 2003//2003
f 1860//1860 1861//1861 2005//2005
f 1860//1860 2005//2005 2004//2004
f 1861//1861 1862//1862 2006//2006
f 1861//1861 2006//2006 2005//2005
f 1862//1862 1863//1863 2007//2007
f 1862//1862 2007//2007 2006//2006
f 1863//1863 1864//1864 2008//2008
f 1863//1863 2008//2008 2007//2007
f 1864//1864 1865//1865 2009//2009
f 1864//1864 2009//2009 2008//2008
f 1865//1865 1866//1866 2010//2010
f 1865//1865 2010//2010 2009//2009
f 1866//1866 1867//1867 2011//2011
f 1866//1866 2011//2011 2010//2010
f 1867//1867 1868//1868 2012//2012
f 1867//1867 2012//2012 2011//2011
f 1868//1868 1869//1869 2013//2013
f 1868//1868 2013//2013 2012//2012
f 1869//1869 1870//1870 2014//2014
f 1869//1869 2014//2014 2013//2013
f 1870//1870 1871//1871 2015//2015
f 1870//1870 2015//2015 2014//2014
f 1871//1871 1872//1872 2016//2016
f 1871//1871 2016//2016 2015//2015
f 1872//1872 1873//1873 2017//2017
f 1872//1872 2017//2017 2016//2016
f 1873//1873 1730//1730 1874//1874
f 1873//1873 1874//1874 2017//2017
f 1874//1874 1875//1875 2019//2019
f 1874//1874 2019//2019 2018//2018
f 1875//1875 1876//1876 2020//2020
f 1875//1875 2020//2020 2019//2019
f 1876//1876 1877//1877 2021//2021
f 1876//1876 2021//2021 2020//2020
f 1877//1877 1878//1878 2022//2022
f 1877//1877 2022//2022 2021//2021
f 1878//1878 1879//1879 2023//2023
f 1878//1878 2023//2023 2022//2022
f 1879//1879 1880//1880 2024//2024
f 1879//1879 2024//2024 2023//2023
f 1880//1880 1881//1881 2025//2025
f 1880//1880 2025//2025 2024//2024
f 1881//1881 1882//1882 2026//2026
f 1881//1881 2026//2026 2025//2025
f 1882//1882 1883//1883 2027//2027
f 1882//1882 2027//2027 2026//2026
f 1883//1883 1884//1884 2028//2028
f 1883//1883 2028//2028 2027//2027
f 1884//1884 1885//1885 2029//2029
f 1884//1884 2029//2029 2028//2028
f 1885//1885 1886//1886 2030//2030
f 1885//1885 2030//2030 2029//2029
f 1886//1886 1887//1887 2031//2031
f 1886//1886 2031//2031 2030//2030
f 1887//1887 1888//1888 2032//2032
f 1887//1887 2032//2032 2031//2031
f 1888//1888 1889//1889 2033//2033
f 1888//1888 2033//2033 2032//2032
f 1889//1889 1890//1890 2034//2034
f 1889//1889 2034//2034 2033//2033
f 1890//1890 1891//1891 2035//2035
f 1890//1890 2035//2035 2034//2034
f 1891//1891 1892//1892 2036//2036
f 1891//1891 2036//2036 2035//2035
f 1892//1892 1893//1893 2037//2037
f 1892//1892 2037//2037 2036//2036
f 1893//1893 1894//1894 2038//2038
f 1893//1893 2038//2038 2037//2037
f 1894//1894 1895//1895 2039//2039
f 1894//1894 2039//2039 2038//2038
f 1895//1895 1896//1896 2040//2040
f 1895//1895 2040//2040 2039//2039
f 1896//1896 1897//1897 2041//2041
f 1896//1896 2041//2041 2040//2040
f 1897//1897 1898//1898 2042//2042
f 1897//1897 2042//2042 2041//2041
f 1898//1898 1899//1899 2043//2043
f 1898//1898 2043//2043 2042//2042
f 1899//1899 1900//1900 2044//2044
f 1899//1899 2044//2044 2043//2043
f 1900//1900 1901//1901 2045//2045
f 1900//1900 2045//2045 2044//2044
f 1901//1901 1902//1902 2046//2046
f 1901//1901 2046//2046 2045//2045
f 1902//1902 1903//1903 2047//2047
f 1902//1902 2047//2047 2046//2046
f 1903//1903 1904//1904 2048//2048
f 1903//1903 2048//2048 2047//2047
f 1904//1904 1905//1905 2049//2049
f 1904//1904 2049//2049 2048//2048
f 1905//1905 1906//1906 2050//2050
f 1905//1905 2050//2050 2049//2049
f 1906//1906 1907//1907 2051//2051
f 1906//1906 2051//2051 2050//2050
f 1907//1907 1908//1908 2052//2052
f 1907//1907 2052//2052 2051//2051
f 1908//1908 1909//1909 2053//2053
f 1908//1908 2053//2053 2052//2052
f 1909//1909 1910//1910 2054//2054
f 1909//1909 2054//2054 2053//2053
f 1910//1910 1911//1911 2055//2055
f 1910//1910 2055//2055 2054//2054
f 1911//1911 1912//1912 2056//2056
f 1911//1911 2056//2056 2055//2055
f 1912//1912 1913//1913 2057//2057
f 1912//1912 2057//2057 2056//2056
f 1913//1913 1914//1914 2058//2058
f 1913//1913 2058//2058 2057//2057
f 1914//1914 1915//1915 2059//2059
f 1914//1914 2059//2059 2058//2058
f 1915//1915 1916//1916 2060//2060
f 1915//1915 2060//2060 2059//2059
f 1916//1916 1917//1917 2061//2061
f 1916//1916 2061//2061 2060//2060
f 1917//1917 1918//1918 2062//2062
f 1917//1917 2062//2062 2061//2061
f 1918//1918 1919//1919 2063//2063
f 1918//1918 2063//2063 2062//2062
f 1919//1919 1920//1920 2064//2064
f 1919//1919 2064//2064 2063//2063
f 1920//1920 1921//1921 2065//2065
f 1920//1920 2065//2065 2064//2064
f 1921//1921 1922//1922 2066//2066
f 1921//1921 2066//2066 2065//2065
f 1922//1922 1923//1923 2067//2067
f 1922//1922 2067//2067 2066//2066
f 1923//1923 1924//1924 2068//2068
f 1923//1923 2068//2068 2067//2067
f 1924//1924 1925//1925 2069//2069
f 1924//1924 2069//2069 2068//2068
f 1925//1925 1926//1926 2070//2070
f 1925//1925 2070//2070 2069//2069
f 1926//1926 1927//1927 2071//2071
f 1926//1926 2071//2071 2070//2070
f 1927//1927 1928//1928 2072//2072
f 1927//1927 2072//2072 2071//2071
f 1928//1928 1929//1929 2073//2073
f 1928//1928 2073//2073 2072//2072
f 1929//1929 1930//1930 2074//2074
f 1929//1929 2074//2074 2073//2073
f 1930//1930 1931//1931 2075//2075
f 1930//1930 2075//2075 2074//2074
f 1931//1931 1932//1932 2076//2076
f 1931//1931 2076//2076 2075//2075
f 1932//1932 1933//1933 2077//2077
f 1932//1932 2077//2077 2076//2076
f 1933//1933 1934//1934 2078//2078
f 1933//1933 2078//2078 2077//2077
f 1934//1934 1935//1935 2079//2079
f 1934//1934 2079//2079 2078//2078
f 1935//1935 1936//1936 2080//2080
f 1935//1935 2080//2080 2079//2079
f 1936//1936 1937//1937 2081//2081
f 1936//1936 2081//2081 2080//2080
f 1937//1937 1938//1938 2082//2082
f 1937//1937 2082//2082 2081//2081
f 1938//1938 1939//1939 2083//2083
f 1938//1938 2083//2083 2082//2082
f 1939//1939 1940//1940 2084//2084
f 1939//1939 2084//2084 2083//2083
f 1940//1940 1941//1941 2085//2085
f 1940//1940 2085//2085 2084//2084
f 1941//1941 1942//1942 2086//2086
f 1941//1941 2086//2086 2085//2085
f 1942//1942 1943//1943 2087//2087
f 1942//1942 2087//2087 2086//2086
f 1943//1943 1944//1944 2088//2088
f 1943//1943 2088//2088 2087//2087
f 1944//1944 1945//1945 2089//2089
f 1944//1944 2089//2089 2088//2088
f 1945//1945 1946//1946 2090//2090
f 1945//1945 2090//2090 2089//2089
f 1946//1946 1947//1947 2091//2091
f 1946//1946 2091//2091 2090//2090
f 1947//1947 1948//1948 2092//2092
f 1947//1947 2092//2092 2091//2091
f 1948//1948 1949//1949 2093//2093
f 1948//1948 2093//2093 2092//2092
f 1949//1949 1950//1950 2094//2094
f 1949//1949 2094//2094 2093//2093
f 1950//1950 1951//1951 2095//2095
f 1950//1950 2095//2095 2094//2094
f 1951//1951 1952//1952 2096//2096
f 1951//1951 2096//2096 2095//2095
f 1952//1952 1953//1953 2097//2097
f 1952//1952 2097//2097 2096//2096
f 1953//1953 1954//1954 2098//2098
f 1953//1953 2098//2098 2097//2097
f 1954//1954 1955//1955 2099//2099
f 1954//1954 2099//2099 2098//2098
f 1955//1955 1956//1956 2100//2100
f 1955//1955 2100//2100 2099//2099
f 1956//1956 1957//1957 2101//2101
f 1956//1956 2101//2101 2100//2100
f 1957//1957 1958//1958 2102//2102
f 1957//1957 2102//2102 2101//2101
f 1958//1958 1959//1959 2103//2103
f 1958//1958 2103//2103 2102//2102
f 1959//1959 1960//1960 2104//2104
f 1959//1959 2104//2104 2103//2103
f 1960//1960 1961//1961 2105//2105
f 1960//1960 2105//2105 2104//2104
f 1961//1961 1962//1962 2106//2106
f 1961//1961 2106//2106 2105//2105
f 1962//1962 1963//1963 2107//2107
f 1962//1962 2107//2107 2106//2106
f 1963//1963 1964//1964 2108//2108
f 1963//1963 2108//2108 2107//2107
f 1964//1964 1965//1965 2109//2109
f 1964//1964 2109//2109 2108//2108
f 1965//1965 1966//1966 2110//2110
f 1965//1965 2110//2110 2109//2109
f 1966//1966 1967//1967 2111//2111
f 1966//1966 2111//2111 2110//2110
f 1967//1967 1968//1968 2112//2112
f 1967//1967 2112//2112 2111//2111
f 1968//1968 1969//1969 2113//2113
f 1968//1968 2113//2113 2112//2112
f 1969//1969 1970//1970 2114//2114
f 1969//1969 2114//2114 2113//2113
f 1970//1970 1971//1971 2115//2115
f 1970//1970 2115//2115 2114//2114
f 1971//1971 1972//1972 2116//2116
f 1971//1971 2116//2116 2115//2115
f 1972//1972 1973//1973 2117//2117
f 1972//1972 2117//2117 2116//2116
f 1973//1973 1974//1974 2118//2118
f 1973//1973 2118//2118 2117//2117
f 1974//1974 1975//1975 2119//2119
f 1974//1974 2119//2119 2118//2118
f 1975//1975 1976//1976 2120//2120
f 1975//1975 2120//2120 2119//2119
f 1976//1976 1977//1977 2121//2121
f 1976//1976 2121//2121 2120//2120
f 1977//1977 1978//1978 2122//2122
f 1977//1977 2122//2122 2121//2121
f 1978//1978 1979//1979 2123//2123
f 1978//1978 2123//2123 2122//2122
f 1979//1979 1980//1980 2124//2124
f 1979//1979 2124//2124 2123//2123
f 1980//1980 1981//1981 2125//2125
f 1980//1980 2125//2125 2124//2124
f 1981//1981 1982//1982 2126//2126
f 1981//1981 2126//2126 2125//2125
f 1982//1982 1983//1983 2127//2127
f 1982//1982 2127//2127 2126//2126
f 1983//1983 1984//1984 2128//2128
f 1983//1983 2128//2128 2127//2127
f 1984//1984 1985//1985 2129//2129
f 1984//1984 2129//2129 2128//2128
f 1985//1985 1986//1986 2130//2130
f 1985//1985 2130//2130 2129//2129
f 1986//1986 1987//1987 2131//2131
f 1986//1986 2131//2131 2130//2130
f 1987//1987 1988//1988 2132//2132
f 1987//1987 2132//2132 2131//2131
f 1988//1988 1989//1989 2133//2133
f 1988//1988 2133//2133 2132//2132
f 1989//1989 1990//1990 2134//2134
f 1989//1989 2134//2134 2133//2133
f 1990//1990 1991//1991 2135//2135
f 1990//1990 2135//2135 2134//2134
f 1991//1991 1992//1992 2136//2136
f 1991//1991 2136//2136 2135//2135
f 1992//1992 1993//1993 2137//2137
f 1992//1992 2137//2137 2136//2136
f 1993//1993 1994//1994 2138//2138
f 1993//1993 2138//2138 2137//2137
f 1994//1994 1995//1995 2139//2139
f 1994//1994 2139//2139 2138//2138
f 1995//1995 1996//1996 2140//2140
f 1995//1995 2140//2140 2139//2139
f 1996//1996 1997//1997 2141//2141
f 1996//1996 2141//2141 2140//2140
f 1997//1997 1998//1998 2142//2142
f 1997//1997 2142//2142 2141//2141
f 1998//1998 1999//1999 2143//2143
f 1998//1998 2143//2143 2142//2142
f 1999//1999 2000//2000 2144//2144
f 1999//1999 2144//2144 2143//2143
f 2000//2000 2001//2001 2145//2145
f 2000//2000 2145//2145 2144//2144
f 2001//2001 2002//2002 2146//2146
f 2001//2001 2146//2146 2145//2145
f 2002//2002 2003//2003 2147//2147
f 2002//2002 2147//2147 2146//2146
f 2003//2003 2004//2004 2148//2148
f 2003//2003 2148//2148 2147//2147
f 2004//2004 2005//2005 2149//2149
f 2004//2004 2149//2149 2148//2148
f 2005//2005 2006//2006 2150//2150
f 2005//2005 2150//2150 2149//2149
f 2006//2006 2007//2007 2151//2151
f 2006//2006 2151//2151 2150//2150
f 2007//2007 2008//2008 2152//2152
f 2007//2007 2152//2152 2151//2151
f 2008//2008 2009//2009 2153//2153
f 2008//2008 2153//2153 2152//2152
f 2009//2009 2010//2010 2154//2154
f 2009//2009 2154//2154 2153//2153
f 2010//2010 2011//2011 2155//2155
f 2010//2010 2155//2155 2154//2154
f 2011//2011 2012//2012 2156//2156
f 2011//2011 2156//2156 2155//2155
f 2012//2012 2013//2013 2157//2157
f 2012//2012 2157//2157 2156//2156
f 2013//2013 2014//2014 2158//2158
f 2013//2013 2158//2158 2157//2157
f 2014//2014 2015//2015 2159//2159
f 2014//2014 2159//2159 2158//2158
f 2015//2015 2016//2016 2160//2160
f 2015//2015 2160//2160 2159//2159
f 2016//2016 2017//2017 2161//2161
f 2016//2016 2161//2161 2160//2160
f 2017//2017 1874//1874 2018//2018
f 2017//2017 2018//2018 2161//2161
f 2018//2018 2019//2019 2163//2163
f 2018//2018 2163//2163 2162//2162
f 2019//2019 2020//2020 2164//2164
f 2019//2019 2164//2164 2163//2163
f 2020//2020 2021//2021 2165//2165
f 2020//2020 2165//2165 2164//2164
f 2021//2021 2022//2022 2166//2166
f 2021//2021 2166//2166 2165//2165
f 2022//2022 2023//2023 2167//2167
f 2022//2022 2167//2167 2166//2166
f 2023//2023 2024//2024 2168//2168
f 2023//2023 2168//2168 2167//2167
f 2024//2024 2025//2025 2169//2169
f 2024//2024 2169//2169 2168//2168
f 2025//2025 2026//2026 2170//2170
f 2025//2025 2170//2170 2169//2169
f 2026//2026 2027//2027 2171//2171
f 2026//2026 2171//2171 2170//2170
f 2027//2027 2028//2028 2172//2172
f 2027//2027 2172//2172 2171//2171
f 2028//2028 2029//2029 2173//2173
f 2028//2028 2173//2173 2172//2172
f 2029//2029 2030//2030 2174//2174
f 2029//2029 2174//2174 2173//2173
f 2030//2030 2031//2031 2175//2175
f 2030//2030 2175//2175 2174//2174
f 2031//2031 2032//2032 2176//2176
f 2031//2031 2176//2176 2175//2175
f 2032//2032 2033//2033 2177//2177
f 2032//2032 2177//2177 2176//2176
f 2033//2033 2034//2034 2178//2178
f 2033//2033 2178//2178 2177//2177
f 2034//2034 2035//2035 2179//2179
f 2034//2034 2179//2179 2178//2178
f 2035//2035 2036//2036 2180//2180
f 2035//2035 2180//2180 2179//2179
f 2036//2036 2037//2037 2181//2181
f 2036//2036 2181//2181 2180//2180
f 2037//2037 2038//2038 2182//2182
f 2037//2037 2182//2182 2181//2181
f 2038//2038 2039//2039 2183//2183
f 2038//2038 2183//2183 2182//2182
f 2039//2039 2040//2040 2184//2184
f 2039//2039 2184//2184 2183//2183
f 2040//2040 2041//2041 2185//2185
f 2040//2040 2185//2185 2184//2184
f 2041//2041 2042//2042 2186//2186
f 2041//2041 2186//2186 2185//2185
f 2042//2042 2043//2043 2187//2187
f 2042//2042 2187//2187 2186//2186
f 2043//2043 2044//2044 2188//2188
f 2043//2043 2188//2188 2187//2187
f 2044//2044 2045//2045 2189//2189
f 2044//2044 2189//2189 2188//2188
f 2045//2045 2046//2046 2190//2190
f 2045//2045 2190//2190 2189//2189
f 2046//2046 2047//2047 2191//2191
f 2046//2046 2191//2191 2190//2190
f 2047//2047 2048//2048 2192//2192
f 2047//2047 2192//2192 2191//2191
f 2048//2048 2049//2049 2193//2193
f 2048//2048 2193//2193 2192//2192
f 2049//2049 2050//2050 2194//2194
f 2049//2049 2194//2194 2193//2193
f 2050//2050 2051//2051 2195//2195
f 2050//2050 2195//2195 2194//2194
f 2051//2051 2052//2052 2196//2196
f 2051//2051 2196//2196 2195//2195
f 2052//2052 2053//2053 2197//2197
f 2052//2052 2197//2197 2196//2196
f 2053//2053 2054//2054 2198//2198
f 2053//2053 2198//2198 2197//2197
f 2054//2054 2055//2055 2199//2199
f 2054//2054 2199//2199 2198//2198
f 2055//2055 2056//2056 2200//2200
f 2055//2055 2200//2200 2199//2199
f 2056//2056 2057//2057 2201//2201
f 2056//2056 2201//2201 2200//2200
f 2057//2057 2058//2058 2202//2202
f 2057//2057 2202//2202 2201//2201
f 2058//2058 2059//2059 2203//2203
f 2058//2058 2203//2203 2202//2202
f 2059//2059 2060//2060 2204//2204
f 2059//2059 2204//2204 2203//2203
f 2060//2060 2061//2061 2205//2205
f 2060//2060 2205//2205 2204//2204
f 2061//2061 2062//2062 2206//2206
f 2061//2061 2206//2206 2205//2205
f 2062//2062 2063//2063 2207//2207
f 2062//2062 2207//2207 2206//2206
f 2063//2063 2064//2064 2208//2208
f 2063//2063 2208//2208 2207//2207
f 2064//2064 2065//2065 2209//2209
f 2064//2064 2209//2209 2208//2208
f 2065//2065 2066//2066 2210//2210
f 2065//2065 2210//2210 2209//2209
f 2066//2066 2067//2067 2211//2211
f 2066//2066 2211//2211 2210//2210
f 2067//2067 2068//2068 2212//2212
f 2067//2067 2212//2212 2211//2211
f 2068//2068 2069//2069 2213//2213
f 2068//2068 2213//2213 2212//2212
f 2069//2069 2070//2070 2214//2214
f 2069//2069 2214//2214 2213//2213
f 2070//2070 2071//2071 2215//2215
f 2070//2070 2215//2215 2214//2214
f 2071//2071 2072//2072 2216//2216
f 2071//2071 2216//2216 2215//2215
f 2072//2072 2073//2073 2217//2217
f 2072//2072 2217//2217 2216//2216
f 2073//2073 2074//2074 2218//2218
f 2073//2073 2218//2218 2217//2217
f 2074//2074 2075//2075 2219//2219
f 2074//2074 2219//2219 2218//2218
f 2075//2075 2076//2076 2220//2220
f 2075//2075 2220//2220 2219//2219
f 2076//2076 2077//2077 2221//2221
f 2076//2076 2221//2221 2220//2220
f 2077//2077 2078//2078 2222//2222
f 2077//2077 2222//2222 2221//2221
f 2078//2078 2079//2079 2223//2223
f 2078//2078 2223//2223 2222//2222
f 2079//2079 2080//2080 2224//2224
f 2079//2079 2224//2224 2223//2223
f 2080//2080 2081//2081 2225//2225
f 2080//2080 2225//2225 2224//2224
f 2081//2081 2082//2082 2226//2226
f 2081//2081 2226//2226 2225//2225
f 2082//2082 2083//2083 2227//2227
f 2082//2082 2227//2227 2226//2226
f 2083//2083 2084//2084 2228//2228
f 2083//2083 2228//2228 2227//2227
f 2084//2084 2085//2085 2229//2229
f 2084//2084 2229//2229 2228//2228
f 2085//2085 2086//2086 2230//2230
f 2085//2085 2230//2230 2229//2229
f 2086//2086 2087//2087 2231//2231
f 2086//2086 2231//2231 2230//2230
f 2087//2087 2088//2088 2232//2232
f 2087//2087 2232//2232 2231//2231
f 2088//2088 2089//2089 2233//2233
f 2088//2088 2233//2233 2232//2232
f 2089//2089 2090//2090 2234//2234
f 2089//2089 2234//2234 2233//2233
f 2090//2090 2091//2091 2235//2235
f 2090//2090 2235//2235 2234//2234
f 2091//2091 2092//2092 2236//2236
f 2091//2091 2236//2236 2235//2235
f 2092//2092 2093//2093 2237//2237
f 2092//2092 2237//2237 2236//2236
f 2093//2093 2094//2094 2238//2238
f 2093//2093 2238//2238 2237//2237
f 2094//2094 2095//2095 2239//2239
f 2094//2094 2239//2239 2238//2238
f 2095//2095 2096//2096 2240//2240
f 2095//2095 2240//2240 2239//2239
f 2096//2096 2097//2097 2241//2241
f 2096//2096 2241//2241 2240//2240
f 2097//2097 2098//2098 2242//2242
f 2097//2097 2242//2242 2241//2241
f 2098//2098 2099//2099 2243//2243
f 2098//2098 2243//2243 2242//2242
f 2099//2099 2100//2100 2244//2244
f 2099//2099 2244//2244 2243//2243
f 2100//2100 2101//2101 2245//2245
f 2100//2100 2245//2245 2244//2244
f 2101//2101 2102//2102 2246//2246
f 2101//2101 2246//2246 2245//2245
f 2102//2102 2103//2103 2247//2247
f 2102//2102 2247//2247 2246//2246
f 2103//2103 2104//2104 2248//2248
f 2103//2103 2248//2248 2247//2247
f 2104//2104 2105//2105 2249//2249
f 2104//2104 2249//2249 2248//2248
f 2105//2105 2106//2106 2250//2250
f 2105//2105 2250//2250 2249//2249
f 2106//2106 2107//2107 2251//2251
f 2106//2106 2251//2251 2250//2250
f 2107//2107 2108//2108 2252//2252
f 2107//2107 2252//2252 2251//2251
f 2108//2108 2109//2109 2253//2253
f 2108//2108 2253//2253 2252//2252
f 2109//2109 2110//2110 2254//2254
f 2109//2109 2254//2254 2253//2253
f 2110//2110 2111//2111 2255//2255
f 2110//2110 2255//2255 2254//2254
f 2111//2111 2112//2112 2256//2256
f 2111//2111 2256//2256 2255//2255
f 2112//2112 2113//2113 2257//2257
f 2112//2112 2257//2257 2256//2256
f 2113//2113 2114//2114 2258//2258
f 2113//2113 2258//2258 2257//2257
f 2114//2114 2115//2115 2259//2259
f 2114//2114 2259//2259 2258//2258
f 2115//2115 2116//2116 2260//2260
f 2115//2115 2260//2260 2259//2259
f 2116//2116 2117//2117 2261//2261
f 2116//2116 2261//2261 2260//2260
f 2117//2117 2118//2118 2262//2262
f 2117//2117 2262//2262 2261//2261
f 2118//2118 2119//2119 2263//2263
f 2118//2118 2263//2263 2262//2262
f 2119//2119 2120//2120 2264//2264
f 2119//2119 2264//2264 2263//2263
f 2120//2120 2121//2121 2265//2265
f 2120//2120 2265//2265 2264//2264
f 2121//2121 2122//2122 2266//2266
f 2121//2121 2266//2266 2265//2265
f 2122//2122 2123//2123 2267//2267
f 2122//2122 2267//2267 2266//2266
f 2123//2123 2124//2124 2268//2268
f 2123//2123 2268//2268 2267//2267
f 2124//2124 2125//2125 2269//2269
f 2124//2124 2269//2269 2268//2268
f 2125//2125 2126//2126 2270//2270
f 2125//2125 2270//2270 2269//2269
f 2126//2126 2127//2127 2271//2271
f 2126//2126 2271//2271 2270//2270
f 2127//2127 2128//2128 2272//2272
f 2127//2127 2272//2272 2271//2271
f 2128//2128 2129//2129 2273//2273
f 2128//2128 2273//2273 2272//2272
f 2129//2129 2130//2130 2274//2274
f 2129//2129 2274//2274 2273//2273
f 2130//2130 2131//2131 2275//2275
f 2130//2130 2275//2275 2274//2274
f 2131//2131 2132//2132 2276//2276
f 2131//2131 2276//2276 2275//2275
f 2132//2132 2133//2133 2277//2277
f 2132//2132 2277//2277 2276//2276
f 2133//2133 2134//2134 2278//2278
f 2133//2133 2278//2278 2277//2277
f 2134//2134 2135//2135 2279//2279
f 2134//2134 2279//2279 2278//2278
f 2135//2135 2136//2136 2280//2280
f 2135//2135 2280//2280 2279//2279
f 2136//2136 2137//2137 2281//2281
f 2136//2136 2281//2281 2280//2280
f 2137//2137 2138//2138 2282//2282
f 2137//2137 2282//2282 2281//2281
f 2138//2138 2139//2139 2283//2283
f 2138//2138 2283//2283 2282//2282
f 2139//2139 2140//2140 2284//2284
f 2139//2139 2284//2284 2283//2283
f 2140//2140 2141//2141 2285//2285
f 2140//2140 2285//2285 2284//2284
f 2141//2141 2142//2142 2286//2286
f 2141//2141 2286//2286 2285//2285
f 2142//2142 2143//2143 2287//2287
f 2142//2142 2287//2287 2286//2286
f 2143//2143 2144//2144 2288//2288
f 2143//2143 2288//2288 2287//2287
f 2144//2144 2145//2145 2289//2289
f 2144//2144 2289//2289 2288//2288
f 2145//2145 2146//2146 2290//2290
f 2145//2145 2290//2290 2289//2289
f 2146//2146 2147//2147 2291//2291
f 2146//2146 2291//2291 2290//2290
f 2147//2147 2148//2148 2292//2292
f 2147//2147 2292//2292 2291//2291
f 2148//2148 2149//2149 2293//2293
f 2148//2148 2293//2293 2292//2292
f 2149//2149 2150//2150 2294//2294
f 2149//2149 2294//2294 2293//2293
f 2150//2150 2151//2151 2295//2295
f 2150//2150 2295//2295 2294//2294
f 2151//2151 2152//2152 2296//2296
f 2151//2151 2296//2296 2295//2295
f 2152//2152 2153//2153 2297//2297
f 2152//2152 2297//2297 2296//2296
f 2153//2153 2154//2154 2298//2298
f 2153//2153 2298//2298 2297//2297
f 2154//2154 2155//2155 2299//2299
f 2154//2154 2299//2299 2298//2298
f 2155//2155 2156//2156 2300//2300
f 2155//2155 2300//2300 2299//2299
f 2156//2156 2157//2157 2301//2301
f 2156//2156 2301//2301 2300//2300
f 2157//2157 2158//2158 2302//2302
f 2157//2157 2302//2302 2301//2301
f 2158//2158 2159//2159 2303//2303
f 2158//2158 2303//2303 2302//2302
f 2159//2159 2160//2160 2304//2304
f 2159//2159 2304//2304 2303//2303
f 2160//2160 2161//2161 2305//2305
f 2160//2160 2305//2305 2304//2304
f 2161//2161 2018//2018 2162//2162
f 2161//2161 2162//2162 2305//2305
f 2162//2162 2163//2163 2307//2307
f 2162//2162 2307//2307 2306//2306
f 2163//2163 2164//2164 2308//2308
f 2163//2163 2308//2308 2307//2307
f 2164//2164 2165//2165 2309//2309
f 2164//2164 2309//2309 2308//2308
f 2165//2165 2166//2166 2310//2310
f 2165//2165 2310//2310 2309//2309
f 2166//2166 2167//2167 2311//2311
f 2166//2166 2311//2311 2310//2310
f 2167//2167 2168//2168 2312//2312
f 2167//2167 2312//2312 2311//2311
f 2168//2168 2169//2169 2313//2313
f 2168//2168 2313//2313 2312//2312
f 2169//2169 2170//2170 2314//2314
f 2169//2169 2314//2314 2313//2313
f 2170//2170 2171//2171 2315//2315
f 2170//2170 2315//2315 2314//2314
f 2171//2171 2172//2172 2316//2316
f 2171//2171 2316//2316 2315//2315
f 2172//2172 2173//2173 2317//2317
f 2172//2172 2317//2317 2316//2316
f 2173//2173 2174//2174 2318//2318
f 2173//2173 2318//2318 2317//2317
f 2174//2174 2175//2175 2319//2319
f 2174//2174 2319//2319 2318//2318
f 2175//2175 2176//2176 2320//2320
f 2175//2175 2320//2320 2319//2319
f 2176//2176 2177//2177 2321//2321
f 2176//2176 2321//2321 2320//2320
f 2177//2177 2178//2178 2322//2322
f 2177//2177 2322//2322 2321//2321
f 2178//2178 2179//2179 2323//2323
f 2178//2178 2323//2323 2322//2322
f 2179//2179 2180//2180 2324//2324
f 2179//2179 2324//2324 2323//2323
f 2180//2180 2181//2181 2325//2325
f 2180//2180 2325//2325 2324//2324
f 2181//2181 2182//2182 2326//2326
f 2181//2181 2326//2326 2325//2325
f 2182//2182 2183//2183 2327//2327
f 2182//2182 2327//2327 2326//2326
f 2183//2183 2184//2184 2328//2328
f 2183//2183 2328//2328 2327//2327
f 2184//2184 2185//2185 2329//2329
f 2184//2184 2329//2329 2328//2328
f 2185//2185 2186//2186 2330//2330
f 2185//2185 2330//2330 2329//2329
f 2186//2186 2187//2187 2331//2331
f 2186//2186 2331//2331 2330//2330
f 2187//2187 2188//2188 2332//2332
f 2187//2187 2332//2332 2331//2331
f 2188//2188 2189//2189 2333//2333
f 2188//2188 2333//2333 2332//2332
f 2189//2189 2190//2190 2334//2334
f 2189//2189 2334//2334 2333//2333
f 2190//2190 2191//2191 2335//2335
f 2190//2190 2335//2335 2334//2334
f 2191//2191 2192//2192 2336//2336
f 2191//2191 2336//2336 2335//2335
f 2192//2192 2193//2193 2337//2337
f 2192//2192 2337//2337 2336//2336
f 2193//2193 2194//2194 2338//2338
f 2193//2193 2338//2338 2337//2337
f 2194//2194 2195//2195 2339//2339
f 2194//2194 2339//2339 2338//2338
f 2195//2195 2196//2196 2340//2340
f 2195//2195 2340//2340 2339//2339
f 2196//2196 2197//2197 2341//2341
f 2196//2196 2341//2341 2340//2340
f 2197//2197 2198//2198 2342//2342
f 2197//2197 2342//2342 2341//2341
f 2198//2198 2199//2199 2343//2343
f 2198//2198 2343//2343 2342//2342
f 2199//2199 2200//2200 2344//2344
f 2199//2199 2344//2344 2343//2343
f 2200//2200 2201//2201 2345//2345
f 2200//2200 2345//2345 2344//2344
f 2201//2201 2202//2202 2346//2346
f 2201//2201 2346//2346 2345//2345
f 2202//2202 2203//2203 2347//2347
f 2202//2202 2347//2347 2346//2346
f 2203//2203 2204//2204 2348//2348
f 2203//2203 2348//2348 2347//2347
f 2204//2204 2205//2205 2349//2349
f 2204//2204 2349//2349 2348//2348
f 2205//2205 2206//2206 2350//2350
f 2205//2205 2350//2350 2349//2349
f 2206//2206 2207//2207 2351//2351
f 2206//2206 2351//2351 2350//2350
f 2207//2207 2208//2208 2352//2352
f 2207//2207 2352//2352 2351//2351
f 2208//2208 2209//2209 2353//2353
f 2208//2208 2353//2353 2352//2352
f 2209//2209 2210//2210 2354//2354
f 2209//2209 2354//2354 2353//2353
f 2210//2210 2211//2211 2355//2355
f 2210//2210 2355//2355 2354//2354
f 2211//2211 2212//2212 2356//2356
f 2211//2211 2356//2356 2355//2355
f 2212//2212 2213//2213 2357//2357
f 2212//2212 2357//2357 2356//2356
f 2213//2213 2214//2214 2358//2358
f 2213//2213 2358//2358 2357//2357
f 2214//2214 2215//2215 2359//2359
f 2214//2214 2359//2359 2358//2358
f 2215//2215 2216//2216 2360//2360
f 2215//2215 2360//2360 2359//2359
f 2216//2216 2217//2217 2361//2361
f 2216//2216 2361//2361 2360//2360
f 2217//2217 2218//2218 2362//2362
f 2217//2217 2362//2362 2361//2361
f 2218//2218 2219//2219 2363//2363
f 2218//2218 2363//2363 2362//2362
f 2219//2219 2220//2220 2364//2364
f 2219//2219 2364//2364 2363//2363
f 2220//2220 2221//2221 2365//2365
f 2220//2220 2365//2365 2364//2364
f 2221//2221 2222//2222 2366//2366
f 2221//2221 2366//2366 2365//2365
f 2222//2222 2223//2223 2367//2367
f 2222//2222 2367//2367 2366//2366
f 2223//2223 2224//2224 2368//2368
f 2223//2223 2368//2368 2367//2367
f 2224//2224 2225//2225 2369//2369
f 2224//2224 2369//2369 2368//2368
f 2225//2225 2226//2226 2370//2370
f 2225//2225 2370//2370 2369//2369
f 2226//2226 2227//2227 2371//2371
f 2226//2226 2371//2371 2370//2370
f 2227//2227 2228//2228 2372//2372
f 2227//2227 2372//2372 2371//2371
f 2228//2228 2229//2229 2373//2373
f 2228//2228 2373//2373 2372//2372
f 2229//2229 2230//2230 2374//2374
f 2229//2229 2374//2374 2373//2373
f 2230//2230 2231//2231 2375//2375
f 2230//2230 2375//2375 2374//2374
f 2231//2231 2232//2232 2376//2376
f 2231//2231 2376//2376 2375//2375
f 2232//2232 2233//2233 2377//2377
f 2232//2232 2377//2377 2376//2376
f 2233//2233 2234//2234 2378//2378
f 2233//2233 2378//2378 2377//2377
f 2234//2234 2235//2235 2379//2379
f 2234//2234 2379//2379 2378//2378
f 2235//2235 2236//2236 2380//2380
f 2235//2235 2380//2380 2379//2379
f 2236//2236 2237//2237 2381//2381
f 2236//2236 2381//2381 2380//2380
f 2237//2237 2238//2238 2382//2382
f 2237//2237 2382//2382 2381//2381
f 2238//2238 2239//2239 2383//2383
f 2238//2238 2383//2383 2382//2382
f 2239//2239 2240//2240 2384//2384
f 2239//2239 2384//2384 2383//2383
f 2240//2240 2241//2241 2385//2385
f 2240//2240 2385//2385 2384//2384
f 2241//2241 2242//2242 2386//2386
f 2241//2241 2386//2386 2385//2385
f 2242//2242 2243//2243 2387//2387
f 2242//2242 2387//2387 2386//2386
f 2243//2243 2244//2244 2388//2388
f 2243//2243 2388//2388 2387//2387
f 2244//2244 2245//2245 2389//2389
f 2244//2244 2389//2389 2388//2388
f 2245//2245 2246//2246 2390//2390
f 2245//2245 2390//2390 2389//2389
f 2246//2246 2247//2247 2391//2391
f 2246//2246 2391//2391 2390//2390
f 2247//2247 2248//2248 2392//2392
f 2247//2247 2392//2392 2391//2391
f 2248//2248 2249//2249 2393//2393
f 2248//2248 2393//2393 2392//2392
f 2249//2249 2250//2250 2394//2394
f 2249//2249 2394//2394 2393//2393
f 2250//2250 2251//2251 2395//2395
f 2250//2250 2395//2395 2394//2394
f 2251//2251 2252//2252 2396//2396
f 2251//2251 2396//2396 2395//2395
f 2252//2252 2253//2253 2397//2397
f 2252//2252 2397//2397 2396//2396
f 2253//2253 2254//2254 2398//2398
f 2253//2253 2398//2398 2397//2397
f 2254//2254 2255//2255 2399//2399
f 2254//2254 2399//2399 2398//2398
f 2255//2255 2256//2256 2400//2400
f 2255//2255 2400//2400 2399//2399
f 2256//2256 2257//2257 2401//2401
f 2256//2256 2401//2401 2400//2400
f 2257//2257 2258//2258 2402//2402
f 2257//2257 2402//2402 2401//2401
f 2258//2258 2259//2259 2403//2403
f 2258//2258 2403//2403 2402//2402
f 2259//2259 2260//2260 2404//2404
f 2259//2259 2404//2404 2403//2403
f 2260//2260 2261//2261 2405//2405
f 2260//2260 2405//2405 2404//2404
f 2261//2261 2262//2262 2406//2406
f 2261//2261 2406//2406 2405//2405
f 2262//2262 2263//2263 2407//2407
f 2262//2262 2407//2407 2406//2406
f 2263//2263 2264//2264 2408//2408
f 2263//2263 2408//2408 2407//2407
f 2264//2264 2265//2265 2409//2409
f 2264//2264 2409//2409 2408//2408
f 2265//2265 2266//2266 2410//2410
f 2265//2265 2410//2410 2409//2409
f 2266//2266 2267//2267 2411//2411
f 2266//2266 2411//2411 2410//2410
f 2267//2267 2268//2268 2412//2412
f 2267//2267 2412//2412 2411//2411
f 2268//2268 2269//2269 2413//2413
f 2268//2268 2413//2413 2412//2412
f 2269//2269 2270//2270 2414//2414
f 2269//2269 2414//2414 2413//2413
f 2270//2270 2271//2271 2415//2415
f 2270//2270 2415//2415 2414//2414
f 2271//2271 2272//2272 2416//2416
f 2271//2271 2416//2416 2415//2415
f 2272//2272 2273//2273 2417//2417
f 2272//2272 2417//2417 2416//2416
f 2273//2273 2274//2274 2418//2418
f 2273//2273 2418//2418 2417//2417
f 2274//2274 2275//2275 2419//2419
f 2274//2274 2419//2419 2418//2418
f 2275//2275 2276//2276 2420//2420
f 2275//2275 2420//2420 2419//2419
f 2276//2276 2277//2277 2421//2421
f 2276//2276 2421//2421 2420//2420
f 2277//2277 2278//2278 2422//2422
f 2277//2277 2422//2422 2421//2421
f 2278//2278 2279//2279 2423//2423
f 2278//2278 2423//2423 2422//2422
f 2279//2279 2280//2280 2424//2424
f 2279//2279 2424//2424 2423//2423
f 2280//2280 2281//2281 2425//2425
f 2280//2280 2425//2425 2424//2424
f 2281//2281 2282//2282 2426//2426
f 2281//2281 2426//2426 2425//2425
f 2282//2282 2283//2283 2427//2427
f 2282//2282 2427//2427 2426//2426
f 2283//2283 2284//2284 2428//2428
f 2283//2283 2428//2428 2427//2427
f 2284//2284 2285//2285 2429//2429
f 2284//2284 2429//2429 2428//2428
f 2285//2285 2286//2286 2430//2430
f 2285//2285 2430//2430 2429//2429
f 2286//2286 2287//2287 2431//2431
f 2286//2286 2431//2431 2430//2430
f 2287//2287 2288//2288 2432//2432
f 2287//2287 2432//2432 2431//2431
f 2288//2288 2289//2289 2433//2433
f 2288//2288 2433//2433 2432//2432
f 2289//2289 2290//2290 2434//2434
f 2289//2289 2434//2434 2433//2433
f 2290//2290 2291//2291 2435//2435
f 2290//2290 2435//2435 2434//2434
f 2291//2291 2292//2292 2436//2436
f 2291//2291 2436//2436 2435//2435
f 2292//2292 2293//2293 2437//2437
f 2292//2292 2437//2437 2436//2436
f 2293//2293 2294//2294 2438//2438
f 2293//2293 2438//2438 2437//2437
f 2294//2294 2295//2295 2439//2439
f 2294//2294 2439//2439 2438//2438
f 2295//2295 2296//2296 2440//2440
f 2295//2295 2440//2440 2439//2439
f 2296//2296 2297//2297 2441//2441
f 2296//2296 2441//2441 2440//2440
f 2297//2297 2298//2298 2442//2442
f 2297//2297 2442//2442 2441//2441
f 2298//2298 2299//2299 2443//2443
f 2298//2298 2443//2443 2442//2442
f 2299//2299 2300//2300 2444//2444
f 2299//2299 2444//2444 2443//2443
f 2300//2300 2301//2301 2445//2445
f 2300//2300 2445//2445 2444//2444
f 2301//2301 2302//2302 2446//2446
f 2301//2301 2446//2446 2445//2445
f 2302//2302 2303//2303 2447//2447
f 2302//2302 2447//2447 2446//2446
f 2303//2303 2304//2304 2448//2448
f 2303//2303 2448//2448 2447//2447
f 2304//2304 2305//2305 2449//2449
f 2304//2304 2449//2449 2448//2448
f 2305//2305 2162//2162 2306//2306
f 2305//2305 2306//2306 2449//2449
f 2306//2306 2307//2307 2451//2451
f 2306//2306 2451//2451 2450//2450
f 2307//2307 2308//2308 2452//2452
f 2307//2307 2452//2452 2451//2451
f 2308//2308 2309//2309 2453//2453
f 2308//2308 2453//2453 2452//2452
f 2309//2309 2310//2310 2454//2454
f 2309//2309 2454//2454 2453//2453
f 2310//2310 2311//2311 2455//2455
f 2310//2310 2455//2455 2454//2454
f 2311//2311 2312//2312 2456//2456
f 2311//2311 2456//2456 2455//2455
f 2312//2312 2313//2313 2457//2457
f 2312//2312 2457//2457 2456//2456
f 2313//2313 2314//2314 2458//2458
f 2313//2313 2458//2458 2457//2457
f 2314//2314 2315//2315 2459//2459
f 2314//2314 2459//2459 2458//2458
f 2315//2315 2316//2316 2460//2460
f 2315//2315 2460//2460 2459//2459
f 2316//2316 2317//2317 2461//2461
f 2316//2316 2461//2461 2460//2460
f 2317//2317 2318//2318 2462//2462
f 2317//2317 2462//2462 2461//2461
f 2318//2318 2319//2319 2463//2463
f 2318//2318 2463//2463 2462//2462
f 2319//2319 2320//2320 2464//2464
f 2319//2319 2464//2464 2463//2463
f 2320//2320 2321//2321 2465//2465
f 2320//2320 2465//2465 2464//2464
f 2321//2321 2322//2322 2466//2466
f 2321//2321 2466//2466 2465//2465
f 2322//2322 2323//2323 2467//2467
f 2322//2322 2467//2467 2466//2466
f 2323//2323 2324//2324 2468//2468
f 2323//2323 2468//2468 2467//2467
f 2324//2324 2325//2325 2469//2469
f 2324//2324 2469//2469 2468//2468
f 2325//2325 2326//2326 2470//2470
f 2325//2325 2470//2470 2469//2469
f 2326//2326 2327//2327 2471//2471
f 2326//2326 2471//2471 2470//2470
f 2327//2327 2328//2328 2472//2472
f 2327//2327 2472//2472 2471//2471
f 2328//2328 2329//2329 2473//2473
f 2328//2328 2473//2473 2472//2472
f 2329//2329 2330//2330 2474//2474
f 2329//2329 2474//2474 2473//2473
f 2330//2330 2331//2331 2475//2475
f 2330//2330 2475//2475 2474//2474
f 2331//2331 2332//2332 2476//2476
f 2331//2331 2476//2476 2475//2475
f 2332//2332 2333//2333 2477//2477
f 2332//2332 2477//2477 2476//2476
f 2333//2333 2334//2334 2478//2478
f 2333//2333 2478//2478 2477//2477
f 2334//2334 2335//2335 2479//2479
f 2334//2334 2479//2479 2478//2478
f 2335//2335 2336//2336 2480//2480
f 2335//2335 2480//2480 2479//2479
f 2336//2336 2337//2337 2481//2481
f 2336//2336 2481//2481 2480//2480
f 2337//2337 2338//2338 2482//2482
f 2337//2337 2482//2482 2481//2481
f 2338//2338 2339//2339 2483//2483
f 2338//2338 2483//2483 2482//2482
f 2339//2339 2340//2340 2484//2484
f 2339//2339 2484//2484 2483//2483
f 2340//2340 2341//2341 2485//2485
f 2340//2340 2485//2485 2484//2484
f 2341//2341 2342//2342 2486//2486
f 2341//2341 2486//2486 2485//2485
f 2342//2342 2343//2343 2487//2487
f 2342//2342 2487//2487 2486//2486
f 2343//2343 2344//2344 2488//2488
f 2343//2343 2488//2488 2487//2487
f 2344//2344 2345//2345 2489//2489
f 2344//2344 2489//2489 2488//2488
f 2345//2345 2346//2346 2490//2490
f 2345//2345 2490//2490 2489//2489
f 2346//2346 2347//2347 2491//2491
f 2346//2346 2491//2491 2490//2490
f 2347//2347 2348//2348 2492//2492
f 2347//2347 2492//2492 2491//2491
f 2348//2348 2349//2349 2493//2493
f 2348//2348 2493//2493 2492//2492
f 2349//2349 2350//2350 2494//2494
f 2349//2349 2494//2494 2493//2493
f 2350//2350 2351//2351 2495//2495
f 2350//2350 2495//2495 2494//2494
f 2351//2351 2352//2352 2496//2496
f 2351//2351 2496//2496 2495//2495
f 2352//2352 2353//2353 2497//2497
f 2352//2352 2497//2497 2496//2496
f 2353//2353 2354//2354 2498//2498
f 2353//2353 2498//2498 2497//2497
f 2354//2354 2355//2355 2499//2499
f 2354//2354 2499//2499 2498//2498
f 2355//2355 2356//2356 2500//2500
f 2355//2355 2500//2500 2499//2499
f 2356//2356 2357//2357 2501//2501
f 2356//2356 2501//2501 2500//2500
f 2357//2357 2358//2358 2502//2502
f 2357//2357 2502//2502 2501//2501
f 2358//2358 2359//2359 2503//2503
f 2358//2358 2503//2503 2502//2502
f 2359//2359 2360//2360 2504//2504
f 2359//2359 2504//2504 2503//2503
f 2360//2360 2361//2361 2505//2505
f 2360//2360 2505//2505 2504//2504
f 2361//2361 2362//2362 2506//2506
f 2361//2361 2506//2506 2505//2505
f 2362//2362 2363//2363 2507//2507
f 2362//2362 2507//2507 2506//2506
f 2363//2363 2364//2364 2508//2508
f 2363//2363 2508//2508 2507//2507
f 2364//2364 2365//2365 2509//2509
f 2364//2364 2509//2509 2508//2508
f 2365//2365 2366//2366 2510//2510
f 2365//2365 2510//2510 2509//2509
f 2366//2366 2367//2367 2511//2511
f 2366//2366 2511//2511 2510//2510
f 2367//2367 2368//2368 2512//2512
f 2367//2367 2512//2512 2511//2511
f 2368//2368 2369//2369 2513//2513
f 2368//2368 2513//2513 2512//2512
f 2369//2369 2370//2370 2514//2514
f 2369//2369 2514//2514 2513//2513
f 2370//2370 2371//2371 2515//2515
f 2370//2370 2515//2515 2514//2514
f 2371//2371 2372//2372 2516//2516
f 2371//2371 2516//2516 2515//2515
f 2372//2372 2373//2373 2517//2517
f 2372//2372 2517//2517 2516//2516
f 2373//2373 2374//2374 2518//2518
f 2373//2373 2518//2518 2517//2517
f 2374//2374 2375//2375 2519//2519
f 2374//2374 2519//2519 2518//2518
f 2375//2375 2376//2376 2520//2520
f 2375//2375 2520//2520 2519//2519
f 2376//2376 2377//2377 2521//2521
f 2376//2376 2521//2521 2520//2520
f 2377//2377 2378//2378 2522//2522
f 2377//2377 2522//2522 2521//2521
f 2378//2378 2379//2379 2523//2523
f 2378//2378 2523//2523 2522//2522
f 2379//2379 2380//2380 2524//2524
f 2379//2379 2524//2524 2523//2523
f 2380//2380 2381//2381 2525//2525
f 2380//2380 2525//2525 2524//2524
f 2381//2381 2382//2382 2526//2526
f 2381//2381 2526//2526 2525//2525
f 2382//2382 2383//2383 2527//2527
f 2382//2382 2527//2527 2526//2526
f 2383//2383 2384//2384 2528//2528
f 2383//2383 2528//2528 2527//2527
f 2384//2384 2385//2385 2529//2529
f 2384//2384 2529//2529 2528//2528
f 2385//2385 2386//2386 2530//2530
f 2385//2385 2530//2530 2529//2529
f 2386//2386 2387//2387 2531//2531
f 2386//2386 2531//2531 2530//2530
f 2387//2387 2388//2388 2532//2532
f 2387//2387 2532//2532 2531//2531
f 2388//2388 2389//2389 2533//2533
f 2388//2388 2533//2533 2532//2532
f 2389//2389 2390//2390 2534//2534
f 2389//2389 2534//2534 2533//2533
f 2390//2390 2391//2391 2535//2535
f 2390//2390 2535//2535 2534//2534
f 2391//2391 2392//2392 2536//2536
f 2391//2391 2536//2536 2535//2535
f 2392//2392 2393//2393 2537//2537
f 2392//2392 2537//2537 2536//2536
f 2393//2393 2394//2394 2538//2538
f 2393//2393 2538//2538 2537//2537
f 2394//2394 2395//2395 2539//2539
f 2394//2394 2539//2539 2538//2538
f 2395//2395 2396//2396 2540//2540
f 2395//2395 2540//2540 2539//2539
f 2396//2396 2397//2397 2541//2541
f 2396//2396 2541//2541 2540//2540
f 2397//2397 2398//2398 2542//2542
f 2397//2397 2542//2542 2541//2541
f 2398//2398 2399//2399 2543//2543
f 2398//2398 2543//2543 2542//2542
f 2399//2399 2400//2400 2544//2544
f 2399//2399 2544//2544 2543//2543
f 2400//2400 2401//2401 2545//2545
f 2400//2400 2545//2545 2544//2544
f 2401//2401 2402//2402 2546//2546
f 2401//2401 2546//2546 2545//2545
f 2402//2402 2403//2403 2547//2547
f 2402//2402 2547//2547 2546//2546
f 2403//2403 2404//2404 2548//2548
f 2403//2403 2548//2548 2547//2547
f 2404//2404 2405//2405 2549//2549
f 2404//2404 2549//2549 2548//2548
f 2405//2405 2406//2406 2550//2550
f 2405//2405 2550//2550 2549//2549
f 2406//2406 2407//2407 2551//2551
f 2406//2406 2551//2551 2550//2550
f 2407//2407 2408//2408 2552//2552
f 2407//2407 2552//2552 2551//2551
f 2408//2408 2409//2409 2553//2553
f 2408//2408 2553//2553 2552//2552
f 2409//2409 2410//2410 2554//2554
f 2409//2409 2554//2554 2553//2553
f 2410//2410 2411//2411 2555//2555
f 2410//2410 2555//2555 2554//2554
f 2411//2411 2412//2412 2556//2556
f 2411//2411 2556//2556 2555//2555
f 2412//2412 2413//2413 2557//2557
f 2412//2412 2557//2557 2556//2556
f 2413//2413 2414//2414 2558//2558
f 2413//2413 2558//2558 2557//2557
f 2414//2414 2415//2415 2559//2559
f 2414//2414 2559//2559 2558//2558
f 2415//2415 2416//2416 2560//2560
f 2415//2415 2560//2560 2559//2559
f 2416//2416 2417//2417 2561//2561
f 2416//2416 2561//2561 2560//2560
f 2417//2417 2418//2418 2562//2562
f 2417//2417 2562//2562 2561//2561
f 2418//2418 2419//2419 2563//2563
f 2418//2418 2563//2563 2562//2562
f 2419//2419 2420//2420 2564//2564
f 2419//2419 2564//2564 2563//2563
f 2420//2420 2421//2421 2565//2565
f 2420//2420 2565//2565 2564//2564
f 2421//2421 2422//2422 2566//2566
f 2421//2421 2566//2566 2565//2565
f 2422//2422 2423//2423 2567//2567
f 2422//2422 2567//2567 2566//2566
f 2423//2423 2424//2424 2568//2568
f 2423//2423 2568//2568 2567//2567
f 2424//2424 2425//2425 2569//2569
f 2424//2424 2569//2569 2568//2568
f 2425//2425 2426//2426 2570//2570
f 2425//2425 2570//2570 2569//2569
f 2426//2426 2427//2427 2571//2571
f 2426//2426 2571//2571 2570//2570
f 2427//2427 2428//2428 2572//2572
f 2427//2427 2572//2572 2571//2571
f 2428//2428 2429//2429 2573//2573
f 2428//2428 2573//2573 2572//2572
f 2429//2429 2430//2430 2574//2574
f 2429//2429 2574//2574 2573//2573
f 2430//2430 2431//2431 2575//2575
f 2430//2430 2575//2575 2574//2574
f 2431//2431 2432//2432 2576//2576
f 2431//2431 2576//2576 2575//2575
f 2432//2432 2433//2433 2577//2577
f 2432//2432 2577//2577 2576//2576
f 2433//2433 2434//2434 2578//2578
f 2433//2433 2578//2578 2577//2577
f 2434//2434 2435//2435 2579//2579
f 2434//2434 2579//2579 2578//2578
f 2435//2435 2436//2436 2580//2580
f 2435//2435 2580//2580 2579//2579
f 2436//2436 2437//2437 2581//2581
f 2436//2436 2581//2581 2580//2580
f 2437//2437 2438//2438 2582//2582
f 2437//2437 2582//2582 2581//2581
f 2438//2438 2439//2439 2583//2583
f 2438//2438 2583//2583 2582//2582
f 2439//2439 2440//2440 2584//2584
f 2439//2439 2584//2584 2583//2583
f 2440//2440 2441//2441 2585//2585
f 2440//2440 2585//2585 2584//2584
f 2441//2441 2442//2442 2586//2586
f 2441//2441 2586//2586 2585//2585
f 2442//2442 2443//2443 2587//2587
f 2442//2442 2587//2587 2586//2586
f 2443//2443 2444//2444 2588//2588
f 2443//2443 2588//2588 2587//2587
f 2444//2444 2445//2445 2589//2589
f 2444//2444 2589//2589 2588//2588
f 2445//2445 2446//2446 2590//2590
f 2445//2445 2590//2590 2589//2589
f 2446//2446 2447//2447 2591//2591
f 2446//2446 2591//2591 2590//2590
f 2447//2447 2448//2448 2592//2592
f 2447//2447 2592//2592 2591//2591
f 2448//2448 2449//2449 2593//2593
f 2448//2448 2593//2593 2592//2592
f 2449//2449 2306//2306 2450//2450
f 2449//2449 2450//2450 2593//2593
f 2450//2450 2451//2451 2595//2595
f 2450//2450 2595//2595 2594//2594
f 2451//2451 2452//2452 2596//2596
f 2451//2451 2596//2596 2595//2595
f 2452//2452 2453//2453 2597//2597
f 2452//2452 2597//2597 2596//2596
f 2453//2453 2454//2454 2598//2598
f 2453//2453 2598//2598 2597//2597
f 2454//2454 2455//2455 2599//2599
f 2454//2454 2599//2599 2598//2598
f 2455//2455 2456//2456 2600//2600
f 2455//2455 2600//2600 2599//2599
f 2456//2456 2457//2457 2601//2601
f 2456//2456 2601//2601 2600//2600
f 2457//2457 2458//2458 2602//2602
f 2457//2457 2602//2602 2601//2601
f 2458//2458 2459//2459 2603//2603
f 2458//2458 2603//2603 2602//2602
f 2459//2459 2460//2460 2604//2604
f 2459//2459 2604//2604 2603//2603
f 2460//2460 2461//2461 2605//2605
f 2460//2460 2605//2605 2604//2604
f 2461//2461 2462//2462 2606//2606
f 2461//2461 2606//2606 2605//2605
f 2462//2462 2463//2463 2607//2607
f 2462//2462 2607//2607 2606//2606
f 2463//2463 2464//2464 2608//2608
f 2463//2463 2608//2608 2607//2607
f 2464//2464 2465//2465 2609//2609
f 2464//2464 2609//2609 2608//2608
f 2465//2465 2466//2466 2610//2610
f 2465//2465 2610//2610 2609//2609
f 2466//2466 2467//2467 2611//2611
f 2466//2466 2611//2611 2610//2610
f 2467//2467 2468//2468 2612//2612
f 2467//2467 2612//2612 2611//2611
f 2468//2468 2469//2469 2613//2613
f 2468//2468 2613//2613 2612//2612
f 2469//2469 2470//2470 2614//2614
f 2469//2469 2614//2614 2613//2613
f 2470//2470 2471//2471 2615//2615
f 2470//2470 2615//2615 2614//2614
f 2471//2471 2472//2472 2616//2616
f 2471//2471 2616//2616 2615//2615
f 2472//2472 2473//2473 2617//2617
f 2472//2472 2617//2617 2616//2616
f 2473//2473 2474//2474 2618//2618
f 2473//2473 2618//2618 2617//2617
f 2474//2474 2475//2475 2619//2619
f 2474//2474 2619//2619 2618//2618
f 2475//2475 2476//2476 2620//2620
f 2475//2475 2620//2620 2619//2619
f 2476//2476 2477//2477 2621//2621
f 2476//2476 2621//2621 2620//2620
f 2477//2477 2478//2478 2622//2622
f 2477//2477 2622//2622 2621//2621
f 2478//2478 2479//2479 2623//2623
f 2478//2478 2623//2623 2622//2622
f 2479//2479 2480//2480 2624//2624
f 2479//2479 2624//2624 2623//2623
f 2480//2480 2481//2481 2625//2625
f 2480//2480 2625//2625 2624//2624
f 2481//2481 2482//2482 2626//2626
f 2481//2481 2626//2626 2625//2625
f 2482//2482 2483//2483 2627//2627
f 2482//2482 2627//2627 2626//2626
f 2483//2483 2484//2484 2628//2628
f 2483//2483 2628//2628 2627//2627
f 2484//2484 2485//2485 2629//2629
f 2484//2484 2629//2629 2628//2628
f 2485//2485 2486//2486 2630//2630
f 2485//2485 2630//2630 2629//2629
f 2486//2486 2487//2487 2631//2631
f 2486//2486 2631//2631 2630//2630
f 2487//2487 2488//2488 2632//2632
f 2487//2487 2632//2632 2631//2631
f 2488//2488 2489//2489 2633//2633
f 2488//2488 2633//2633 2632//2632
f 2489//2489 2490//2490 2634//2634
f 2489//2489 2634//2634 2633//2633
f 2490//2490 2491//2491 2635//2635
f 2490//2490 2635//2635 2634//2634
f 2491//2491 2492//2492 2636//2636
f 2491//2491 2636//2636 2635//2635
f 2492//2492 2493//2493 2637//2637
f 2492//2492 2637//2637 2636//2636
f 2493//2493 2494//2494 2638//2638
f 2493//2493 2638//2638 2637//2637
f 2494//2494 2495//2495 2639//2639
f 2494//2494 2639//2639 2638//2638
f 2495//2495 2496//2496 2640//2640
f 2495//2495 2640//2640 2639//2639
f 2496//2496 2497//2497 2641//2641
f 2496//2496 2641//2641 2640//2640
f 2497//2497 2498//2498 2642//2642
f 2497//2497 2642//2642 2641//2641
f 2498//2498 2499//2499 2643//2643
f 2498//2498 2643//2643 2642//2642
f 2499//2499 2500//2500 2644//2644
f 2499//2499 2644//2644 2643//2643
f 2500//2500 2501//2501 2645//2645
f 2500//2500 2645//2645 2644//2644
f 2501//2501 2502//2502 2646//2646
f 2501//2501 2646//2646 2645//2645
f 2502//2502 2503//2503 2647//2647
f 2502//2502 2647//2647 2646//2646
f 2503//2503 2504//2504 2648//2648
f 2503//2503 2648//2648 2647//2647
f 2504//2504 2505//2505 2649//2649
f 2504//2504 2649//2649 2648//2648
f 2505//2505 2506//2506 2650//2650
f 2505//2505 2650//2650 2649//2649
f 2506//2506 2507//2507 2651//2651
f 2506//2506 2651//2651 2650//2650
f 2507//2507 2508//2508 2652//2652
f 2507//2507 2652//2652 2651//2651
f 2508//2508 2509//2509 2653//2653
f 2508//2508 2653//2653 2652//2652
f 2509//2509 2510//2510 2654//2654
f 2509//2509 2654//2654 2653//2653
f 2510//2510 2511//2511 2655//2655
f 2510//2510 2655//2655 2654//2654
f 2511//2511 2512//2512 2656//2656
f 2511//2511 2656//2656 2655//2655
f 2512//2512 2513//2513 2657//2657
f 2512//2512 2657//2657 2656//2656
f 2513//2513 2514//2514 2658//2658
f 2513//2513 2658//2658 2657//2657
f 2514//2514 2515//2515 2659//2659
f 2514//2514 2659//2659 2658//2658
f 2515//2515 2516//2516 2660//2660
f 2515//2515 2660//2660 2659//2659
f 2516//2516 2517//2517 2661//2661
f 2516//2516 2661//2661 2660//2660
f 2517//2517 2518//2518 2662//2662
f 2517//2517 2662//2662 2661//2661
f 2518//2518 2519//2519 2663//2663
f 2518//2518 2663//2663 2662//2662
f 2519//2519 2520//2520 2664//2664
f 2519//2519 2664//2664 2663//2663
f 2520//2520 2521//2521 2665//2665
f 2520//2520 2665//2665 2664//2664
f 2521//2521 2522//2522 2666//2666
f 2521//2521 2666//2666 2665//2665
f 2522//2522 2523//2523 2667//2667
f 2522//2522 2667//2667 2666//2666
f 2523//2523 2524//2524 2668//2668
f 2523//2523 2668//2668 2667//2667
f 2524//2524 2525//2525 2669//2669
f 2524//2524 2669//2669 2668//2668
f 2525//2525 2526//2526 2670//2670
f 2525//2525 2670//2670 2669//2669
f 2526//2526 2527//2527 2671//2671
f 2526//2526 2671//2671 2670//2670
f 2527//2527 2528//2528 2672//2672
f 2527//2527 2672//2672 2671//2671
f 2528//2528 2529//2529 2673//2673
f 2528//2528 2673//2673 2672//2672
f 2529//2529 2530//2530 2674//2674
f 2529//2529 2674//2674 2673//2673
f 2530//2530 2531//2531 2675//2675
f 2530//2530 2675//2675 2674//2674
f 2531//2531 2532//2532 2676//2676
f 2531//2531 2676//2676 2675//2675
f 2532//2532 2533//2533 2677//2677
f 2532//2532 2677//2677 2676//2676
f 2533//2533 2534//2534 2678//2678
f 2533//2533 2678//2678 2677//2677
f 2534//2534 2535//2535 2679//2679
f 2534//2534 2679//2679 2678//2678
f 2535//2535 2536//2536 2680//2680
f 2535//2535 2680//2680 2679//2679
f 2536//2536 2537//2537 2681//2681
f 2536//2536 2681//2681 2680//2680
f 2537//2537 2538//2538 2682//2682
f 2537//2537 2682//2682 2681//2681
f 2538//2538 2539//2539 2683//2683
f 2538//2538 2683//2683 2682//2682
f 2539//2539 2540//2540 2684//2684
f 2539//2539 2684//2684 2683//2683
f 2540//2540 2541//2541 2685//2685
f 2540//2540 2685//2685 2684//2684
f 2541//2541 2542//2542 2686//2686
f 2541//2541 2686//2686 2685//2685
f 2542//2542 2543//2543 2687//2687
f 2542//2542 2687//2687 2686//2686
f 2543//2543 2544//2544 2688//2688
f 2543//2543 2688//2688 2687//2687
f 2544//2544 2545//2545 2689//2689
f 2544//2544 2689//2689 2688//2688
f 2545//2545 2546//2546 2690//2690
f 2545//2545 2690//2690 2689//2689
f 2546//2546 2547//2547 2691//2691
f 2546//2546 2691//2691 2690//2690
f 2547//2547 2548//2548 2692//2692
f 2547//2547 2692//2692 2691//2691
f 2548//2548 2549//2549 2693//2693
f 2548//2548 2693//2693 2692//2692
f 2549//2549 2550//2550 2694//2694
f 2549//2549 2694//2694 2693//2693
f 2550//2550 2551//2551 2695//2695
f 2550//2550 2695//2695 2694//2694
f 2551//2551 2552//2552 2696//2696
f 2551//2551 2696//2696 2695//2695
f 2552//2552 2553//2553 2697//2697
f 2552//2552 2697//2697 2696//2696
f 2553//2553 2554//2554 2698//2698
f 2553//2553 2698//2698 2697//2697
f 2554//2554 2555//2555 2699//2699
f 2554//2554 2699//2699 2698//2698
f 2555//2555 2556//2556 2700//2700
f 2555//2555 2700//2700 2699//2699
f 2556//2556 2557//2557 2701//2701
f 2556//2556 2701//2701 2700//2700
f 2557//2557 2558//2558 2702//2702
f 2557//2557 2702//2702 2701//2701
f 2558//2558 2559//2559 2703//2703
f 2558//2558 2703//2703 2702//2702
f 2559//2559 2560//2560 2704//2704
f 2559//2559 2704//2704 2703//2703
f 2560//2560 2561//2561 2705//2705
f 2560//2560 2705//2705 2704//2704
f 2561//2561 2562//2562 2706//2706
f 2561//2561 2706//2706 2705//2705
f 2562//2562 2563//2563 2707//2707
f 2562//2562 2707//2707 2706//2706
f 2563//2563 2564//2564 2708//2708
f 2563//2563 2708//2708 2707//2707
f 2564//2564 2565//2565 2709//2709
f 2564//2564 2709//2709 2708//2708
f 2565//2565 2566//2566 2710//2710
f 2565//2565 2710//2710 2709//2709
f 2566//2566 2567//2567 2711//2711
f 2566//2566 2711//2711 2710//2710
f 2567//2567 2568//2568 2712//2712
f 2567//2567 2712//2712 2711//2711
f 2568//2568 2569//2569 2713//2713
f 2568//2568 2713//2713 2712//2712
f 2569//2569 2570//2570 2714//2714
f 2569//2569 2714//2714 2713//2713
f 2570//2570 2571//2571 2715//2715
f 2570//2570 2715//2715 2714//2714
f 2571//2571 2572//2572 2716//2716
f 2571//2571 2716//2716 2715//2715
f 2572//2572 2573//2573 2717//2717
f 2572//2572 2717//2717 2716//2716
f 2573//2573 2574//2574 2718//2718
f 2573//2573 2718//2718 2717//2717
f 2574//2574 2575//2575 2719//2719
f 2574//2574 2719//2719 2718//2718
f 2575//2575 2576//2576 2720//2720
f 2575//2575 2720//2720 2719//2719
f 2576//2576 2577//2577 2721//2721
f 2576//2576 2721//2721 2720//2720
f 2577//2577 2578//2578 2722//2722
f 2577//2577 2722//2722 2721//2721
f 2578//2578 2579//2579 2723//2723
f 2578//2578 2723//2723 2722//2722
f 2579//2579 2580//2580 2724//2724
f 2579//2579 2724//2724 2723//2723
f 2580//2580 2581//2581 2725//2725
f 2580//2580 2725//2725 2724//2724
f 2581//2581 2582//2582 2726//2726
f 2581//2581 2726//2726 2725//2725
f 2582//2582 2583//2583 2727//2727
f 2582//2582 2727//2727 2726//2726
f 2583//2583 2584//2584 2728//2728
f 2583//2583 2728//2728 2727//2727
f 2584//2584 2585//2585 2729//2729
f 2584//2584 2729//2729 2728//2728
f 2585//2585 2586//2586 2730//2730
f 2585//2585 2730//2730 2729//2729
f 2586//2586 2587//2587 2731//2731
f 2586//2586 2731//2731 2730//2730
f 2587//2587 2588//2588 2732//2732
f 2587//2587 2732//2732 2731//2731
f 2588//2588 2589//2589 2733//2733
f 2588//2588 2733//2733 2732//2732
f 2589//2589 2590//2590 2734//2734
f 2589//2589 2734//2734 2733//2733
f 2590//2590 2591//2591 2735//2735
f 2590//2590 2735//2735 2734//2734
f 2591//2591 2592//2592 2736//2736
f 2591//2591 2736//2736 2735//2735
f 2592//2592 2593//2593 2737//2737
f 2592//2592 2737//2737 2736//2736
f 2593//2593 2450//2450 2594//2594
f 2593//2593 2594//2594 2737//2737
f 2594//2594 2595//2595 2739//2739
f 2594//2594 2739//2739 2738//2738
f 2595//2595 2596//2596 2740//2740
f 2595//2595 2740//2740 2739//2739
f 2596//2596 2597//2597 2741//2741
f 2596//2596 2741//2741 2740//2740
f 2597//2597 2598//2598 2742//2742
f 2597//2597 2742//2742 2741//2741
f 2598//2598 2599//2599 2743//2743
f 2598//2598 2743//2743 2742//2742
f 2599//2599 2600//2600 2744//2744
f 2599//2599 2744//2744 2743//2743
f 2600//2600 2601//2601 2745//2745
f 2600//2600 2745//2745 2744//2744
f 2601//2601 2602//2602 2746//2746
f 2601//2601 2746//2746 2745//2745
f 2602//2602 2603//2603 2747//2747
f 2602//2602 2747//2747 2746//2746
f 2603//2603 2604//2604 2748//2748
f 2603//2603 2748//2748 2747//2747
f 2604//2604 2605//2605 2749//2749
f 2604//2604 2749//2749 2748//2748
f 2605//2605 2606//2606 2750//2750
f 2605//2605 2750//2750 2749//2749
f 2606//2606 2607//2607 2751//2751
f 2606//2606 2751//2751 2750//2750
f 2607//2607 2608//2608 2752//2752
f 2607//2607 2752//2752 2751//2751
f 2608//2608 2609//2609 2753//2753
f 2608//2608 2753//2753 2752//2752
f 2609//2609 2610//2610 2754//2754
f 2609//2609 2754//2754 2753//2753
f 2610//2610 2611//2611 2755//2755
f 2610//2610 2755//2755 2754//2754
f 2611//2611 2612//2612 2756//2756
f 2611//2611 2756//2756 2755//2755
f 2612//2612 2613//2613 2757//2757
f 2612//2612 2757//2757 2756//2756
f 2613//2613 2614//2614 2758//2758
f 2613//2613 2758//2758 2757//2757
f 2614//2614 2615//2615 2759//2759
f 2614//2614 2759//2759 2758//2758
f 2615//2615 2616//2616 2760//2760
f 2615//2615 2760//2760 2759//2759
f 2616//2616 2617//2617 2761//2761
f 2616//2616 2761//2761 2760//2760
f 2617//2617 2618//2618 2762//2762
f 2617//2617 2762//2762 2761//2761
f 2618//2618 2619//2619 2763//2763
f 2618//2618 2763//2763 2762//2762
f 2619//2619 2620//2620 2764//2764
f 2619//2619 2764//2764 2763//2763
f 2620//2620 2621//2621 2765//2765
f 2620//2620 2765//2765 2764//2764
f 2621//2621 2622//2622 2766//2766
f 2621//2621 2766//2766 2765//2765
f 2622//2622 2623//2623 2767//2767
f 2622//2622 2767//2767 2766//2766
f 2623//2623 2624//2624 2768//2768
f 2623//2623 2768//2768 2767//2767
f 2624//2624 2625//2625 2769//2769
f 2624//2624 2769//2769 2768//2768
f 2625//2625 2626//2626 2770//2770
f 2625//2625 2770//2770 2769//2769
f 2626//2626 2627//2627 2771//2771
f 2626//2626 2771//2771 2770//2770
f 2627//2627 2628//2628 2772//2772
f 2627//2627 2772//2772 2771//2771
f 2628//2628 2629//2629 2773//2773
f 2628//2628 2773//2773 2772//2772
f 2629//2629 2630//2630 2774//2774
f 2629//2629 2774//2774 2773//2773
f 2630//2630 2631//2631 2775//2775
f 2630//2630 2775//2775 2774//2774
f 2631//2631 2632//2632 2776//2776
f 2631//2631 2776//2776 2775//2775
f 2632//2632 2633//2633 2777//2777
f 2632//2632 2777//2777 2776//2776
f 2633//2633 2634//2634 2778//2778
f 2633//2633 2778//2778 2777//2777
f 2634//2634 2635//2635 2779//2779
f 2634//2634 2779//2779 2778//2778
f 2635//2635 2636//2636 2780//2780
f 2635//2635 2780//2780 2779//2779
f 2636//2636 2637//2637 2781//2781
f 2636//2636 2781//2781 2780//2780
f 2637//2637 2638//2638 2782//2782
f 2637//2637 2782//2782 2781//2781
f 2638//2638 2639//2639 2783//2783
f 2638//2638 2783//2783 2782//2782
f 2639//2639 2640//2640 2784//2784
f 2639//2639 2784//2784 2783//2783
f 2640//2640 2641//2641 2785//2785
f 2640//2640 2785//2785 2784//2784
f 2641//2641 2642//2642 2786//2786
f 2641//2641 2786//2786 2785//2785
f 2642//2642 2643//2643 2787//2787
f 2642//2642 2787//2787 2786//2786
f 2643//2643 2644//2644 2788//2788
f 2643//2643 2788//2788 2787//2787
f 2644//2644 2645//2645 2789//2789
f 2644//2644 2789//2789 2788//2788
f 2645//2645 2646//2646 2790//2790
f 2645//2645 2790//2790 2789//2789
f 2646//2646 2647//2647 2791//2791
f 2646//2646 2791//2791 2790//2790
f 2647//2647 2648//2648 2792//2792
f 2647//2647 2792//2792 2791//2791
f 2648//2648 2649//2649 2793//2793
f 2648//2648 2793//2793 2792//2792
f 2649//2649 2650//2650 2794//2794
f 2649//2649 2794//2794 2793//2793
f 2650//2650 2651//2651 2795//2795
f 2650//2650 2795//2795 2794//2794
f 2651//2651 2652//2652 2796//2796
f 2651//2651 2796//2796 2795//2795
f 2652//2652 2653//2653 2797//2797
f 2652//2652 2797//2797 2796//2796
f 2653//2653 2654//2654 2798//2798
f 2653//2653 2798//2798 2797//2797
f 2654//2654 2655//2655 2799//2799
f 2654//2654 2799//2799 2798//2798
f 2655//2655 2656//2656 2800//2800
f 2655//2655 2800//2800 2799//2799
f 2656//2656 2657//2657 2801//2801
f 2656//2656 2801//2801 2800//2800
f 2657//2657 2658//2658 2802//2802
f 2657//2657 2802//2802 2801//2801
f 2658//2658 2659//2659 2803//2803
f 2658//2658 2803//2803 2802//2802
f 2659//2659 2660//2660 2804//2804
f 2659//2659 2804//2804 2803//2803
f 2660//2660 2661//2661 2805//2805
f 2660//2660 2805//2805 2804//2804
f 2661//2661 2662//2662 2806//2806
f 2661//2661 2806//2806 2805//2805
f 2662//2662 2663//2663 2807//2807
f 2662//2662 2807//2807 2806//2806
f 2663//2663 2664//2664 2808//2808
f 2663//2663 2808//2808 2807//2807
f 2664//2664 2665//2665 2809//2809
f 2664//2664 2809//2809 2808//2808
f 2665//2665 2666//2666 2810//2810
f 2665//2665 2810//2810 2809//2809
f 2666//2666 2667//2667 2811//2811
f 2666//2666 2811//2811 2810//2810
f 2667//2667 2668//2668 2812//2812
f 2667//2667 2812//2812 2811//2811
f 2668//2668 2669//2669 2813//2813
f 2668//2668 2813//2813 2812//2812
f 2669//2669 2670//2670 2814//2814
f 2669//2669 2814//2814 2813//2813
f 2670//2670 2671//2671 2815//2815
f 2670//2670 2815//2815 2814//2814
f 2671//2671 2672//2672 2816//2816
f 2671//2671 2816//2816 2815//2815
f 2672//2672 2673//2673 2817//2817
f 2672//2672 2817//2817 2816//2816
f 2673//2673 2674//2674 2818//2818
f 2673//2673 2818//2818 2817//2817
f 2674//2674 2675//2675 2819//2819
f 2674//2674 2819//2819 2818//2818
f 2675//2675 2676//2676 2820//2820
f 2675//2675 2820//2820 2819//2819
f 2676//2676 2677//2677 2821//2821
f 2676//2676 2821//2821 2820//2820
f 2677//2677 2678//2678 2822//2822
f 2677//2677 2822//2822 2821//2821
f 2678//2678 2679//2679 2823//2823
f 2678//2678 2823//2823 2822//2822
f 2679//2679 2680//2680 2824//2824
f 2679//2679 2824//2824 2823//2823
f 2680//2680 2681//2681 2825//2825
f 2680//2680 2825//2825 2824//2824
f 2681//2681 2682//2682 2826//2826
f 2681//2681 2826//2826 2825//2825
f 2682//2682 2683//2683 2827//2827
f 2682//2682 2827//2827 2826//2826
f 2683//2683 2684//2684 2828//2828
f 2683//2683 2828//2828 2827//2827
f 2684//2684 2685//2685 2829//2829
f 2684//2684 2829//2829 2828//2828
f 2685//2685 2686//2686 2830//2830
f 2685//2685 2830//2830 2829//2829
f 2686//2686 2687//2687 2831//2831
f 2686//2686 2831//2831 2830//2830
f 2687//2687 2688//2688 2832//2832
f 2687//2687 2832//2832 2831//2831
f 2688//2688 2689//2689 2833//2833
f 2688//2688 2833//2833 2832//2832
f 2689//2689 2690//2690 2834//2834
f 2689//2689 2834//2834 2833//2833
f 2690//2690 2691//2691 2835//2835
f 2690//2690 2835//2835 2834//2834
f 2691//2691 2692//2692 2836//2836
f 2691//2691 2836//2836 2835//2835
f 2692//2692 2693//2693 2837//2837
f 2692//2692 2837//2837 2836//2836
f 2693//2693 2694//2694 2838//2838
f 2693//2693 2838//2838 2837//2837
f 2694//2694 2695//2695 2839//2839
f 2694//2694 2839//2839 2838//2838
f 2695//2695 2696//2696 2840//2840
f 2695//2695 2840//2840 2839//2839
f 2696//2696 2697//2697 2841//2841
f 2696//2696 2841//2841 2840//2840
f 2697//2697 2698//2698 2842//2842
f 2697//2697 2842//2842 2841//2841
f 2698//2698 2699//2699 2843//2843
f 2698//2698 2843//2843 2842//2842
f 2699//2699 2700//2700 2844//2844
f 2699//2699 2844//2844 2843//2843
f 2700//2700 2701//2701 2845//2845
f 2700//2700 2845//2845 2844//2844
f 2701//2701 2702//2702 2846//2846
f 2701//2701 2846//2846 2845//2845
f 2702//2702 2703//2703 2847//2847
f 2702//2702 2847//2847 2846//2846
f 2703//2703 2704//2704 2848//2848
f 2703//2703 2848//2848 2847//2847
f 2704//2704 2705//2705 2849//2849
f 2704//2704 2849//2849 2848//2848
f 2705//2705 2706//2706 2850//2850
f 2705//2705 2850//2850 2849//2849
f 2706//2706 2707//2707 2851//2851
f 2706//2706 2851//2851 2850//2850
f 2707//2707 2708//2708 2852//2852
f 2707//2707 2852//2852 2851//2851
f 2708//2708 2709//2709 2853//2853
f 2708//2708 2853//2853 2852//2852
f 2709//2709 2710//2710 2854//2854
f 2709//2709 2854//2854 2853//2853
f 2710//2710 2711//2711 2855//2855
f 2710//2710 2855//2855 2854//2854
f 2711//2711 2712//2712 2856//2856
f 2711//2711 2856//2856 2855//2855
f 2712//2712 2713//2713 2857//2857
f 2712//2712 2857//2857 2856//2856
f 2713//2713 2714//2714 2858//2858
f 2713//2713 2858//2858 2857//2857
f 2714//2714 2715//2715 2859//2859
f 2714//2714 2859//2859 2858//2858
f 2715//2715 2716//2716 2860//2860
f 2715//2715 2860//2860 2859//2859
f 2716//2716 2717//2717 2861//2861
f 2716//2716 2861//2861 2860//2860
f 2717//2717 2718//2718 2862//2862
f 2717//2717 2862//2862 2861//2861
f 2718//2718 2719//2719 2863//2863
f 2718//2718 2863//2863 2862//2862
f 2719//2719 2720//2720 2864//2864
f 2719//2719 2864//2864 2863//2863
f 2720//2720 2721//2721 2865//2865
f 2720//2720 2865//2865 2864//2864
f 2721//2721 2722//2722 2866//2866
f 2721//2721 2866//2866 2865//2865
f 2722//2722 2723//2723 2867//2867
f 2722//2722 2867//2867 2866//2866
f 2723//2723 2724//2724 2868//2868
f 2723//2723 2868//2868 2867//2867
f 2724//2724 2725//2725 2869//2869
f 2724//2724 2869//2869 2868//2868
f 2725//2725 2726//2726 2870//2870
f 2725//2725 2870//2870 2869//2869
f 2726//2726 2727//2727 2871//2871
f 2726//2726 2871//2871 2870//2870
f 2727//2727 2728//2728 2872//2872
f 2727//2727 2872//2872 2871//2871
f 2728//2728 2729//2729 2873//2873
f 2728//2728 2873//2873 2872//2872
f 2729//2729 2730//2730 2874//2874
f 2729//2729 2874//2874 2873//2873
f 2730//2730 2731//2731 2875//2875
f 2730//2730 2875//2875 2874//2874
f 2731//2731 2732//2732 2876//2876
f 2731//2731 2876//2876 2875//2875
f 2732//2732 2733//2733 2877//2877
f 2732//2732 2877//2877 2876//2876
f 2733//2733 2734//2734 2878//2878
f 2733//2733 2878//2878 2877//2877
f 2734//2734 2735//2735 2879//2879
f 2734//2734 2879//2879 2878//2878
f 2735//2735 2736//2736 2880//2880
f 2735//2735 2880//2880 2879//2879
f 2736//2736 2737//2737 2881//2881
f 2736//2736 2881//2881 2880//2880
f 2737//2737 2594//2594 2738//2738
f 2737//2737 2738//2738 2881//2881
f 2738//2738 2739//2739 2883//2883
f 2738//2738 2883//2883 2882//2882
f 2739//2739 2740//2740 2884//2884
f 2739//2739 2884//2884 2883//2883
f 2740//2740 2741//2741 2885//2885
f 2740//2740 2885//2885 2884//2884
f 2741//2741 2742//2742 2886//2886
f 2741//2741 2886//2886 2885//2885
f 2742//2742 2743//2743 2887//2887
f 2742//2742 2887//2887 2886//2886
f 2743//2743 2744//2744 2888//2888
f 2743//2743 2888//2888 2887//2887
f 2744//2744 2745//2745 2889//2889
f 2744//2744 2889//2889 2888//2888
f 2745//2745 2746//2746 2890//2890
f 2745//2745 2890//2890 2889//2889
f 2746//2746 2747//2747 2891//2891
f 2746//2746 2891//2891 2890//2890
f 2747//2747 2748//2748 2892//2892
f 2747//2747 2892//2892 2891//2891
f 2748//2748 2749//2749 2893//2893
f 2748//2748 2893//2893 2892//2892
f 2749//2749 2750//2750 2894//2894
f 2749//2749 2894//2894 2893//2893
f 2750//2750 2751//2751 2895//2895
f 2750//2750 2895//2895 2894//2894
f 2751//2751 2752//2752 2896//2896
f 2751//2751 2896//2896 2895//2895
f 2752//2752 2753//2753 2897//2897
f 2752//2752 2897//2897 2896//2896
f 2753//2753 2754//2754 2898//2898
f 2753//2753 2898//2898 2897//2897
f 2754//2754 2755//2755 2899//2899
f 2754//2754 2899//2899 2898//2898
f 2755//2755 2756//2756 2900//2900
f 2755//2755 2900//2900 2899//2899
f 2756//2756 2757//2757 2901//2901
f 2756//2756 2901//2901 2900//2900
f 2757//2757 2758//2758 2902//2902
f 2757//2757 2902//2902 2901//2901
f 2758//2758 2759//2759 2903//2903
f 2758//2758 2903//2903 2902//2902
f 2759//2759 2760//2760 2904//2904
f 2759//2759 2904//2904 2903//2903
f 2760//2760 2761//2761 2905//2905
f 2760//2760 2905//2905 2904//2904
f 2761//2761 2762//2762 2906//2906
f 2761//2761 2906//2906 2905//2905
f 2762//2762 2763//2763 2907//2907
f 2762//2762 2907//2907 2906//2906
f 2763//2763 2764//2764 2908//2908
f 2763//2763 2908//2908 2907//2907
f 2764//2764 2765//2765 2909//2909
f 2764//2764 2909//2909 2908//2908
f 2765//2765 2766//2766 2910//2910
f 2765//2765 2910//2910 2909//2909
f 2766//2766 2767//2767 2911//2911
f 2766//2766 2911//2911 2910//2910
f 2767//2767 2768//2768 2912//2912
f 2767//2767 2912//2912 2911//2911
f 2768//2768 2769//2769 2913//2913
f 2768//2768 2913//2913 2912//2912
f 2769//2769 2770//2770 2914//2914
f 2769//2769 2914//2914 2913//2913
f 2770//2770 2771//2771 2915//2915
f 2770//2770 2915//2915 2914//2914
f 2771//2771 2772//2772 2916//2916
f 2771//2771 2916//2916 2915//2915
f 2772//2772 2773//2773 2917//2917
f 2772//2772 2917//2917 2916//2916
f 2773//2773 2774//2774 2918//2918
f 2773//2773 2918//2918 2917//2917
f 2774//2774 2775//2775 2919//2919
f 2774//2774 2919//2919 2918//2918
f 2775//2775 2776//2776 2920//2920
f 2775//2775 2920//2920 2919//2919
f 2776//2776 2777//2777 2921//2921
f 2776//2776 2921//2921 2920//2920
f 2777//2777 2778//2778 2922//2922
f 2777//2777 2922//2922 2921//2921
f 2778//2778 2779//2779 2923//2923
f 2778//2778 2923//2923 2922//2922
f 2779//2779 2780//2780 2924//2924
f 2779//2779 2924//2924 2923//2923
f 2780//2780 2781//2781 2925//2925
f 2780//2780 2925//2925 2924//2924
f 2781//2781 2782//2782 2926//2926
f 2781//2781 2926//2926 2925//2925
f 2782//2782 2783//2783 2927//2927
f 2782//2782 2927//2927 2926//2926
f 2783//2783 2784//2784 2928//2928
f 2783//2783 2928//2928 2927//2927
f 2784//2784 2785//2785 2929//2929
f 2784//2784 2929//2929 2928//2928
f 2785//2785 2786//2786 2930//2930
f 2785//2785 2930//2930 2929//2929
f 2786//2786 2787//2787 2931//2931
f 2786//2786 2931//2931 2930//2930
f 2787//2787 2788//2788 2932//2932
f 2787//2787 2932//2932 2931//2931
f 2788//2788 2789//2789 2933//2933
f 2788//2788 2933//2933 2932//2932
f 2789//2789 2790//2790 2934//2934
f 2789//2789 2934//2934 2933//2933
f 2790//2790 2791//2791 2935//2935
f 2790//2790 2935//2935 2934//2934
f 2791//2791 2792//2792 2936//2936
f 2791//2791 2936//2936 2935//2935
f 2792//2792 2793//2793 2937//2937
f 2792//2792 2937//2937 2936//2936
f 2793//2793 2794//2794 2938//2938
f 2793//2793 2938//2938 2937//2937
f 2794//2794 2795//2795 2939//2939
f 2794//2794 2939//2939 2938//2938
f 2795//2795 2796//2796 2940//2940
f 2795//2795 2940//2940 2939//2939
f 2796//2796 2797//2797 2941//2941
f 2796//2796 2941//2941 2940//2940
f 2797//2797 2798//2798 2942//2942
f 2797//2797 2942//2942 2941//2941
f 2798//2798 2799//2799 2943//2943
f 2798//2798 2943//2943 2942//2942
f 2799//2799 2800//2800 2944//2944
f 2799//2799 2944//2944 2943//2943
f 2800//2800 2801//2801 2945//2945
f 2800//2800 2945//2945 2944//2944
f 2801//2801 2802//2802 2946//2946
f 2801//2801 2946//2946 2945//2945
f 2802//2802 2803//2803 2947//2947
f 2802//2802 2947//2947 2946//2946
f 2803//2803 2804//2804 2948//2948
f 2803//2803 2948//2948 2947//2947
f 2804//2804 2805//2805 2949//2949
f 2804//2804 2949//2949 2948//2948
f 2805//2805 2806//2806 2950//2950
f 2805//2805 2950//2950 2949//2949
f 2806//2806 2807//2807 2951//2951
f 2806//2806 2951//2951 2950//2950
f 2807//2807 2808//2808 2952//2952
f 2807//2807 2952//2952 2951//2951
f 2808//2808 2809//2809 2953//2953
f 2808//2808 2953//2953 2952//2952
f 2809//2809 2810//2810 2954//2954
f 2809//2809 2954//2954 2953//2953
f 2810//2810 2811//2811 2955//2955
f 2810//2810 2955//2955 2954//2954
f 2811//2811 2812//2812 2956//2956
f 2811//2811 2956//2956 2955//2955
f 2812//2812 2813//2813 2957//2957
f 2812//2812 2957//2957 2956//2956
f 2813//2813 2814//2814 2958//2958
f 2813//2813 2958//2958 2957//2957
f 2814//2814 2815//2815 2959//2959
f 2814//2814 2959//2959 2958//2958
f 2815//2815 2816//2816 2960//2960
f 2815//2815 2960//2960 2959//2959
f 2816//2816 2817//2817 2961//2961
f 2816//2816 2961//2961 2960//2960
f 2817//2817 2818//2818 2962//2962
f 2817//2817 2962//2962 2961//2961
f 2818//2818 2819//2819 2963//2963
f 2818//2818 2963//2963 2962//2962
f 2819//2819 2820//2820 2964//2964
f 2819//2819 2964//2964 2963//2963
f 2820//2820 2821//2821 2965//2965
f 2820//2820 2965//2965 2964//2964
f 2821//2821 2822//2822 2966//2966
f 2821//2821 2966//2966 2965//2965
f 2822//2822 2823//2823 2967//2967
f 2822//2822 2967//2967 2966//2966
f 2823//2823 2824//2824 2968//2968
f 2823//2823 2968//2968 2967//2967
f 2824//2824 2825//2825 2969//2969
f 2824//2824 2969//2969 2968//2968
f 2825//2825 2826//2826 2970//2970
f 2825//2825 2970//2970 2969//2969
f 2826//2826 2827//2827 2971//2971
f 2826//2826 2971//2971 2970//2970
f 2827//2827 2828//2828 2972//2972
f 2827//2827 2972//2972 2971//2971
f 2828//2828 2829//2829 2973//2973
f 2828//2828 2973//2973 2972//2972
f 2829//2829 2830//2830 2974//2974
f 2829//2829 2974//2974 2973//2973
f 2830//2830 2831//2831 2975//2975
f 2830//2830 2975//2975 2974//2974
f 2831//2831 2832//2832 2976//2976
f 2831//2831 2976//2976 2975//2975
f 2832//2832 2833//2833 2977//2977
f 2832//2832 2977//2977 2976//2976
f 2833//2833 2834//2834 2978//2978
f 2833//2833 2978//2978 2977//2977
f 2834//2834 2835//2835 2979//2979
f 2834//2834 2979//2979 2978//2978
f 2835//2835 2836//2836 2980//2980
f 2835//2835 2980//2980 2979//2979
f 2836//2836 2837//2837 2981//2981
f 2836//2836 2981//2981 2980//2980
f 2837//2837 2838//2838 2982//2982
f 2837//2837 2982//2982 2981//2981
f 2838//2838 2839//2839 2983//2983
f 2838//2838 2983//2983 2982//2982
f 2839//2839 2840//2840 2984//2984
f 2839//2839 2984//2984 2983//2983
f 2840//2840 2841//2841 2985//2985
f 2840//2840 2985//2985 2984//2984
f 2841//2841 2842//2842 2986//2986
f 2841//2841 2986//2986 2985//2985
f 2842//2842 2843//2843 2987//2987
f 2842//2842 2987//2987 2986//2986
f 2843//2843 2844//2844 2988//2988
f 2843//2843 2988//2988 2987//2987
f 2844//2844 2845//2845 2989//2989
f 2844//2844 2989//2989 2988//2988
f 2845//2845 2846//2846 2990//2990
f 2845//2845 2990//2990 2989//2989
f 2846//2846 2847//2847 2991//2991
f 2846//2846 2991//2991 2990//2990
f 2847//2847 2848//2848 2992//2992
f 2847//2847 2992//2992 2991//2991
f 2848//2848 2849//2849 2993//2993
f 2848//2848 2993//2993 2992//2992
f 2849//2849 2850//2850 2994//2994
f 2849//2849 2994//2994 2993//2993
f 2850//2850 2851//2851 2995//2995
f 2850//2850 2995//2995 2994//2994
f 2851//2851 2852//2852 2996//2996
f 2851//2851 2996//2996 2995//2995
f 2852//2852 2853//2853 2997//2997
f 2852//2852 2997//2997 2996//2996
f 2853//2853 2854//2854 2998//2998
f 2853//2853 2998//2998 2997//2997
f 2854//2854 2855//2855 2999//2999
f 2854//2854 2999//2999 2998//2998
f 2855//2855 2856//2856 3000//3000
f 2855//2855 3000//3000 2999//2999
f 2856//2856 2857//2857 3001//3001
f 2856//2856 3001//3001 3000//3000
f 2857//2857 2858//2858 3002//3002
f 2857//2857 3002//3002 3001//3001
f 2858//2858 2859//2859 3003//3003
f 2858//2858 3003//3003 3002//3002
f 2859//2859 2860//2860 3004//3004
f 2859//2859 3004//3004 3003//3003
f 2860//2860 2861//2861 3005//3005
f 2860//2860 3005//3005 3004//3004
f 2861//2861 2862//2862 3006//3006
f 2861//2861 3006//3006 3005//3005
f 2862//2862 2863//2863 3007//3007
f 2862//2862 3007//3007 3006//3006
f 2863//2863 2864//2864 3008//3008
f 2863//2863 3008//3008 3007//3007
f 2864//2864 2865//2865 3009//3009
f 2864//2864 3009//3009 3008//3008
f 2865//2865 2866//2866 3010//3010
f 2865//2865 3010//3010 3009//3009
f 2866//2866 2867//2867 3011//3011
f 2866//2866 3011//3011 3010//3010
f 2867//2867 2868//2868 3012//3012
f 2867//2867 3012//3012 3011//3011
f 2868//2868 2869//2869 3013//3013
f 2868//2868 3013//3013 3012//3012
f 2869//2869 2870//2870 3014//3014
f 2869//2869 3014//3014 3013//3013
f 2870//2870 2871//2871 3015//3015
f 2870//2870 3015//3015 3014//3014
f 2871//2871 2872//2872 3016//3016
f 2871//2871 3016//3016 3015//3015
f 2872//2872 2873//2873 3017//3017
f 2872//2872 3017//3017 3016//3016
f 2873//2873 2874//2874 3018//3018
f 2873//2873 3018//3018 3017//3017
f 2874//2874 2875//2875 3019//3019
f 2874//2874 3019//3019 3018//3018
f 2875//2875 2876//2876 3020//3020
f 2875//2875 3020//3020 3019//3019
f 2876//2876 2877//2877 3021//3021
f 2876//2876 3021//3021 3020//3020
f 2877//2877 2878//2878 3022//3022
f 2877//2877 3022//3022 3021//3021
f 2878//2878 2879//2879 3023//3023
f 2878//2878 3023//3023 3022//3022
f 2879//2879 2880//2880 3024//3024
f 2879//2879 3024//3024 3023//3023
f 2880//2880 2881//2881 3025//3025
f 2880//2880 3025//3025 3024//3024
f 2881//2881 2738//2738 2882//2882
f 2881//2881 2882//2882 3025//3025
f 2882//2882 2883//2883 3027//3027
f 2882//2882 3027//3027 3026//3026
f 2883//2883 2884//2884 3028//3028
f 2883//2883 3028//3028 3027//3027
f 2884//2884 2885//2885 3029//3029
f 2884//2884 3029//3029 3028//3028
f 2885//2885 2886//2886 3030//3030
f 2885//2885 3030//3030 3029//3029
f 2886//2886 2887//2887 3031//3031
f 2886//2886 3031//3031 3030//3030
f 2887//2887 2888//2888 3032//3032
f 2887//2887 3032//3032 3031//3031
f 2888//2888 2889//2889 3033//3033
f 2888//2888 3033//3033 3032//3032
f 2889//2889 2890//2890 3034//3034
f 2889//2889 3034//3034 3033//3033
f 2890//2890 2891//2891 3035//3035
f 2890//2890 3035//3035 3034//3034
f 2891//2891 2892//2892 3036//3036
f 2891//2891 3036//3036 3035//3035
f 2892//2892 2893//2893 3037//3037
f 2892//2892 3037//3037 3036//3036
f 2893//2893 2894//2894 3038//3038
f 2893//2893 3038//3038 3037//3037
f 2894//2894 2895//2895 3039//3039
f 2894//2894 3039//3039 3038//3038
f 2895//2895 2896//2896 3040//3040
f 2895//2895 3040//3040 3039//3039
f 2896//2896 2897//2897 3041//3041
f 2896//2896 3041//3041 3040//3040
f 2897//2897 2898//2898 3042//3042
f 2897//2897 3042//3042 3041//3041
f 2898//2898 2899//2899 3043//3043
f 2898//2898 3043//3043 3042//3042
f 2899//2899 2900//2900 3044//3044
f 2899//2899 3044//3044 3043//3043
f 2900//2900 2901//2901 3045//3045
f 2900//2900 3045//3045 3044//3044
f 2901//2901 2902//2902 3046//3046
f 2901//2901 3046//3046 3045//3045
f 2902//2902 2903//2903 3047//3047
f 2902//2902 3047//3047 3046//3046
f 2903//2903 2904//2904 3048//3048
f 2903//2903 3048//3048 3047//3047
f 2904//2904 2905//2905 3049//3049
f 2904//2904 3049//3049 3048//3048
f 2905//2905 2906//2906 3050//3050
f 2905//2905 3050//3050 3049//3049
f 2906//2906 2907//2907 3051//3051
f 2906//2906 3051//3051 3050//3050
f 2907//2907 2908//2908 3052//3052
f 2907//2907 3052//3052 3051//3051
f 2908//2908 2909//2909 3053//3053
f 2908//2908 3053//3053 3052//3052
f 2909//2909 2910//2910 3054//3054
f 2909//2909 3054//3054 3053//3053
f 2910//2910 2911//2911 3055//3055
f 2910//2910 3055//3055 3054//3054
f 2911//2911 2912//2912 3056//3056
f 2911//2911 3056//3056 3055//3055
f 2912//2912 2913//2913 3057//3057
f 2912//2912 3057//3057 3056//3056
f 2913//2913 2914//2914 3058//3058
f 2913//2913 3058//3058 3057//3057
f 2914//2914 2915//2915 3059//3059
f 2914//2914 3059//3059 3058//3058
f 2915//2915 2916//2916 3060//3060
f 2915//2915 3060//3060 3059//3059
f 2916//2916 2917//2917 3061//3061
f 2916//2916 3061//3061 3060//3060
f 2917//2917 2918//2918 3062//3062
f 2917//2917 3062//3062 3061//3061
f 2918//2918 2919//2919 3063//3063
f 2918//2918 3063//3063 3062//3062
f 2919//2919 2920//2920 3064//3064
f 2919//2919 3064//3064 3063//3063
f 2920//2920 2921//2921 3065//3065
f 2920//2920 3065//3065 3064//3064
f 2921//2921 2922//2922 3066//3066
f 2921//2921 3066//3066 3065//3065
f 2922//2922 2923//2923 3067//3067
f 2922//2922 3067//3067 3066//3066
f 2923//2923 2924//2924 3068//3068
f 2923//2923 3068//3068 3067//3067
f 2924//2924 2925//2925 3069//3069
f 2924//2924 3069//3069 3068//3068
f 2925//2925 2926//2926 3070//3070
f 2925//2925 3070//3070 3069//3069
f 2926//2926 2927//2927 3071//3071
f 2926//2926 3071//3071 3070//3070
f 2927//2927 2928//2928 3072//3072
f 2927//2927 3072//3072 3071//3071
f 2928//2928 2929//2929 3073//3073
f 2928//2928 3073//3073 3072//3072
f 2929//2929 2930//2930 3074//3074
f 2929//2929 3074//3074 3073//3073
f 2930//2930 2931//2931 3075//3075
f 2930//2930 3075//3075 3074//3074
f 2931//2931 2932//2932 3076//3076
f 2931//2931 3076//3076 3075//3075
f 2932//2932 2933//2933 3077//3077
f 2932//2932 3077//3077 3076//3076
f 2933//2933 2934//2934 3078//3078
f 2933//2933 3078//3078 3077//3077
f 2934//2934 2935//2935 3079//3079
f 2934//2934 3079//3079 3078//3078
f 2935//2935 2936//2936 3080//3080
f 2935//2935 3080//3080 3079//3079
f 2936//2936 2937//2937 3081//3081
f 2936//2936 3081//3081 3080//3080
f 2937//2937 2938//2938 3082//3082
f 2937//2937 3082//3082 3081//3081
f 2938//2938 2939//2939 3083//3083
f 2938//2938 3083//3083 3082//3082
f 2939//2939 2940//2940 3084//3084
f 2939//2939 3084//3084 3083//3083
f 2940//2940 2941//2941 3085//3085
f 2940//2940 3085//3085 3084//3084
f 2941//2941 2942//2942 3086//3086
f 2941//2941 3086//3086 3085//3085
f 2942//2942 2943//2943 3087//3087
f 2942//2942 3087//3087 3086//3086
f 2943//2943 2944//2944 3088//3088
f 2943//2943 3088//3088 3087//3087
f 2944//2944 2945//2945 3089//3089
f 2944//2944 3089//3089 3088//3088
f 2945//2945 2946//2946 3090//3090
f 2945//2945 3090//3090 3089//3089
f 2946//2946 2947//2947 3091//3091
f 2946//2946 3091//3091 3090//3090
f 2947//2947 2948//2948 3092//3092
f 2947//2947 3092//3092 3091//3091
f 2948//2948 2949//2949 3093//3093
f 2948//2948 3093//3093 3092//3092
f 2949//2949 2950//2950 3094//3094
f 2949//2949 3094//3094 3093//3093
f 2950//2950 2951//2951 3095//3095
f 2950//2950 3095//3095 3094//3094
f 2951//2951 2952//2952 3096//3096
f 2951//2951 3096//3096 3095//3095
f 2952//2952 2953//2953 3097//3097
f 2952//2952 3097//3097 3096//3096
f 2953//2953 2954//2954 3098//3098
f 2953//2953 3098//3098 3097//3097
f 2954//2954 2955//2955 3099//3099
f 2954//2954 3099//3099 3098//3098
f 2955//2955 2956//2956 3100//3100
f 2955//2955 3100//3100 3099//3099
f 2956//2956 2957//2957 3101//3101
f 2956//2956 3101//3101 3100//3100
f 2957//2957 2958//2958 3102//3102
f 2957//2957 3102//3102 3101//3101
f 2958//2958 2959//2959 3103//3103
f 2958//2958 3103//3103 3102//3102
f 2959//2959 2960//2960 3104//3104
f 2959//2959 3104//3104 3103//3103
f 2960//2960 2961//2961 3105//3105
f 2960//2960 3105//3105 3104//3104
f 2961//2961 2962//2962 3106//3106
f 2961//2961 3106//3106 3105//3105
f 2962//2962 2963//2963 3107//3107
f 2962//2962 3107//3107 3106//3106
f 2963//2963 2964//2964 3108//3108
f 2963//2963 3108//3108 3107//3107
f 2964//2964 2965//2965 3109//3109
f 2964//2964 3109//3109 3108//3108
f 2965//2965 2966//2966 3110//3110
f 2965//2965 3110//3110 3109//3109
f 2966//2966 2967//2967 3111//3111
f 2966//2966 3111//3111 3110//3110
f 2967//2967 2968//2968 3112//3112
f 2967//2967 3112//3112 3111//3111
f 2968//2968 2969//2969 3113//3113
f 2968//2968 3113//3113 3112//3112
f 2969//2969 2970//2970 3114//3114
f 2969//2969 3114//3114 3113//3113
f 2970//2970 2971//2971 3115//3115
f 2970//2970 3115//3115 3114//3114
f 2971//2971 2972//2972 3116//3116
f 2971//2971 3116//3116 3115//3115
f 2972//2972 2973//2973 3117//3117
f 2972//2972 3117//3117 3116//3116
f 2973//2973 2974//2974 3118//3118
f 2973//2973 3118//3118 3117//3117
f 2974//2974 2975//2975 3119//3119
f 2974//2974 3119//3119 3118//3118
f 2975//2975 2976//2976 3120//3120
f 2975//2975 3120//3120 3119//3119
f 2976//2976 2977//2977 3121//3121
f 2976//2976 3121//3121 3120//3120
f 2977//2977 2978//2978 3122//3122
f 2977//2977 3122//3122 3121//3121
f 2978//2978 2979//2979 3123//3123
f 2978//2978 3123//3123 3122//3122
f 2979//2979 2980//2980 3124//3124
f 2979//2979 3124//3124 3123//3123
f 2980//2980 2981//2981 3125//3125
f 2980//2980 3125//3125 3124//3124
f 2981//2981 2982//2982 3126//3126
f 2981//2981 3126//3126 3125//3125
f 2982//2982 2983//2983 3127//3127
f 2982//2982 3127//3127 3126//3126
f 2983//2983 2984//2984 3128//3128
f 2983//2983 3128//3128 3127//3127
f 2984//2984 2985//2985 3129//3129
f 2984//2984 3129//3129 3128//3128
f 2985//2985 2986//2986 3130//3130
f 2985//2985 3130//3130 3129//3129
f 2986//2986 2987//2987 3131//3131
f 2986//2986 3131//3131 3130//3130
f 2987//2987 2988//2988 3132//3132
f 2987//2987 3132//3132 3131//3131
f 2988//2988 2989//2989 3133//3133
f 2988//2988 3133//3133 3132//3132
f 2989//2989 2990//2990 3134//3134
f 2989//2989 3134//3134 3133//3133
f 2990//2990 2991//2991 3135//3135
f 2990//2990 3135//3135 3134//3134
f 2991//2991 2992//2992 3136//3136
f 2991//2991 3136//3136 3135//3135
f 2992//2992 2993//2993 3137//3137
f 2992//2992 3137//3137 3136//3136
f 2993//2993 2994//2994 3138//3138
f 2993//2993 3138//3138 3137//3137
f 2994//2994 2995//2995 3139//3139
f 2994//2994 3139//3139 3138//3138
f 2995//2995 2996//2996 3140//3140
f 2995//2995 3140//3140 3139//3139
f 2996//2996 2997//2997 3141//3141
f 2996//2996 3141//3141 3140//3140
f 2997//2997 2998//2998 3142//3142
f 2997//2997 3142//3142 3141//3141
f 2998//2998 2999//2999 3143//3143
f 2998//2998 3143//3143 3142//3142
f 2999//2999 3000//3000 3144//3144
f 2999//2999 3144//3144 3143//3143
f 3000//3000 3001//3001 3145//3145
f 3000//3000 3145//3145 3144//3144
f 3001//3001 3002//3002 3146//3146
f 3001//3001 3146//3146 3145//3145
f 3002//3002 3003//3003 3147//3147
f 3002//3002 3147//3147 3146//3146
f 3003//3003 3004//3004 3148//3148
f 3003//3003 3148//3148 3147//3147
f 3004//3004 3005//3005 3149//3149
f 3004//3004 3149//3149 3148//3148
f 3005//3005 3006//3006 3150//3150
f 3005//3005 3150//3150 3149//3149
f 3006//3006 3007//3007 3151//3151
f 3006//3006 3151//3151 3150//3150
f 3007//3007 3008//3008 3152//3152
f 3007//3007 3152//3152 3151//3151
f 3008//3008 3009//3009 3153//3153
f 3008//3008 3153//3153 3152//3152
f 3009//3009 3010//3010 3154//3154
f 3009//3009 3154//3154 3153//3153
f 3010//3010 3011//3011 3155//3155
f 3010//3010 3155//3155 3154//3154
f 3011//3011 3012//3012 3156//3156
f 3011//3011 3156//3156 3155//3155
f 3012//3012 3013//3013 3157//3157
f 3012//3012 3157//3157 3156//3156
f 3013//3013 3014//3014 3158//3158
f 3013//3013 3158//3158 3157//3157
f 3014//3014 3015//3015 3159//3159
f 3014//3014 3159//3159 3158//3158
f 3015//3015 3016//3016 3160//3160
f 3015//3015 3160//3160 3159//3159
f 3016//3016 3017//3017 3161//3161
f 3016//3016 3161//3161 3160//3160
f 3017//3017 3018//3018 3162//3162
f 3017//3017 3162//3162 3161//3161
f 3018//3018 3019//3019 3163//3163
f 3018//3018 3163//3163 3162//3162
f 3019//3019 3020//3020 3164//3164
f 3019//3019 3164//3164 3163//3163
f 3020//3020 3021//3021 3165//3165
f 3020//3020 3165//3165 3164//3164
f 3021//3021 3022//3022 3166//3166
f 3021//3021 3166//3166 3165//3165
f 3022//3022 3023//3023 3167//3167
f 3022//3022 3167//3167 3166//3166
f 3023//3023 3024//3024 3168//3168
f 3023//3023 3168//3168 3167//3167
f 3024//3024 3025//3025 3169//3169
f 3024//3024 3169//3169 3168//3168
f 3025//3025 2882//2882 3026//3026
f 3025//3025 3026//3026 3169//3169
f 3026//3026 3027//3027 3171//3171
f 3026//3026 3171//3171 3170//3170
f 3027//3027 3028//3028 3172//3172
f 3027//3027 3172//3172 3171//3171
f 3028//3028 3029//3029 3173//3173
f 3028//3028 3173//3173 3172//3172
f 3029//3029 3030//3030 3174//3174
f 3029//3029 3174//3174 3173//3173
f 3030//3030 3031//3031 3175//3175
f 3030//3030 3175//3175 3174//3174
f 3031//3031 3032//3032 3176//3176
f 3031//3031 3176//3176 3175//3175
f 3032//3032 3033//3033 3177//3177
f 3032//3032 3177//3177 3176//3176
f 3033//3033 3034//3034 3178//3178
f 3033//3033 3178//3178 3177//3177
f 3034//3034 3035//3035 3179//3179
f 3034//3034 3179//3179 3178//3178
f 3035//3035 3036//3036 3180//3180
f 3035//3035 3180//3180 3179//3179
f 3036//3036 3037//3037 3181//3181
f 3036//3036 3181//3181 3180//3180
f 3037//3037 3038//3038 3182//3182
f 3037//3037 3182//3182 3181//3181
f 3038//3038 3039//3039 3183//3183
f 3038//3038 3183//3183 3182//3182
f 3039//3039 3040//3040 3184//3184
f 3039//3039 3184//3184 3183//3183
f 3040//3040 3041//3041 3185//3185
f 3040//3040 3185//3185 3184//3184
f 3041//3041 3042//3042 3186//3186
f 3041//3041 3186//3186 3185//3185
f 3042//3042 3043//3043 3187//3187
f 3042//3042 3187//3187 3186//3186
f 3043//3043 3044//3044 3188//3188
f 3043//3043 3188//3188 3187//3187
f 3044//3044 3045//3045 3189//3189
f 3044//3044 3189//3189 3188//3188
f 3045//3045 3046//3046 3190//3190
f 3045//3045 3190//3190 3189//3189
f 3046//3046 3047//3047 3191//3191
f 3046//3046 3191//3191 3190//3190
f 3047//3047 3048//3048 3192//3192
f 3047//3047 3192//3192 3191//3191
f 3048//3048 3049//3049 3193//3193
f 3048//3048 3193//3193 3192//3192
f 3049//3049 3050//3050 3194//3194
f 3049//3049 3194//3194 3193//3193
f 3050//3050 3051//3051 3195//3195
f 3050//3050 3195//3195 3194//3194
f 3051//3051 3052//3052 3196//3196
f 3051//3051 3196//3196 3195//3195
f 3052//3052 3053//3053 3197//3197
f 3052//3052 3197//3197 3196//3196
f 3053//3053 3054//3054 3198//3198
f 3053//3053 3198//3198 3197//3197
f 3054//3054 3055//3055 3199//3199
f 3054//3054 3199//3199 3198//3198
f 3055//3055 3056//3056 3200//3200
f 3055//3055 3200//3200 3199//3199
f 3056//3056 3057//3057 3201//3201
f 3056//3056 3201//3201 3200//3200
f 3057//3057 3058//3058 3202//3202
f 3057//3057 3202//3202 3201//3201
f 3058//3058 3059//3059 3203//3203
f 3058//3058 3203//3203 3202//3202
f 3059//3059 3060//3060 3204//3204
f 3059//3059 3204//3204 3203//3203
f 3060//3060 3061//3061 3205//3205
f 3060//3060 3205//3205 3204//3204
f 3061//3061 3062//3062 3206//3206
f 3061//3061 3206//3206 3205//3205
f 3062//3062 3063//3063 3207//3207
f 3062//3062 3207//3207 3206//3206
f 3063//3063 3064//3064 3208//3208
f 3063//3063 3208//3208 3207//3207
f 3064//3064 3065//3065 3209//3209
f 3064//3064 3209//3209 3208//3208
f 3065//3065 3066//3066 3210//3210
f 3065//3065 3210//3210 3209//3209
f 3066//3066 3067//3067 3211//3211
f 3066//3066 3211//3211 3210//3210
f 3067//3067 3068//3068 3212//3212
f 3067//3067 3212//3212 3211//3211
f 3068//3068 3069//3069 3213//3213
f 3068//3068 3213//3213 3212//3212
f 3069//3069 3070//3070 3214//3214
f 3069//3069 3214//3214 3213//3213
f 3070//3070 3071//3071 3215//3215
f 3070//3070 3215//3215 3214//3214
f 3071//3071 3072//3072 3216//3216
f 3071//3071 3216//3216 3215//3215
f 3072//3072 3073//3073 3217//3217
f 3072//3072 3217//3217 3216//3216
f 3073//3073 3074//3074 3218//3218
f 3073//3073 3218//3218 3217//3217
f 3074//3074 3075//3075 3219//3219
f 3074//3074 3219//3219 3218//3218
f 3075//3075 3076//3076 3220//3220
f 3075//3075 3220//3220 3219//3219
f 3076//3076 3077//3077 3221//3221
f 3076//3076 3221//3221 3220//3220
f 3077//3077 3078//3078 3222//3222
f 3077//3077 3222//3222 3221//3221
f 3078//3078 3079//3079 3223//3223
f 3078//3078 3223//3223 3222//3222
f 3079//3079 3080//3080 3224//3224
f 3079//3079 3224//3224 3223//3223
f 3080//3080 3081//3081 3225//3225
f 3080//3080 3225//3225 3224//3224
f 3081//3081 3082//3082 3226//3226
f 3081//3081 3226//3226 3225//3225
f 3082//3082 3083//3083 3227//3227
f 3082//3082 3227//3227 3226//3226
f 3083//3083 3084//3084 3228//3228
f 3083//3083 3228//3228 3227//3227
f 3084//3084 3085//3085 3229//3229
f 3084//3084 3229//3229 3228//3228
f 3085//3085 3086//3086 3230//3230
f 3085//3085 3230//3230 3229//3229
f 3086//3086 3087//3087 3231//3231
f 3086//3086 3231//3231 3230//3230
f 3087//3087 3088//3088 3232//3232
f 3087//3087 3232//3232 3231//3231
f 3088//3088 3089//3089 3233//3233
f 3088//3088 3233//3233 3232//3232
f 3089//3089 3090//3090 3234//3234
f 3089//3089 3234//3234 3233//3233
f 3090//3090 3091//3091 3235//3235
f 3090//3090 3235//3235 3234//3234
f 3091//3091 3092//3092 3236//3236
f 3091//3091 3236//3236 3235//3235
f 3092//3092 3093//3093 3237//3237
f 3092//3092 3237//3237 3236//3236
f 3093//3093 3094//3094 3238//3238
f 3093//3093 3238//3238 3237//3237
f 3094//3094 3095//3095 3239//3239
f 3094//3094 3239//3239 3238//3238
f 3095//3095 3096//3096 3240//3240
f 3095//3095 3240//3240 3239//3239
f 3096//3096 3097//3097 3241//3241
f 3096//3096 3241//3241 3240//3240
f 3097//3097 3098//3098 3242//3242
f 3097//3097 3242//3242 3241//3241
f 3098//3098 3099//3099 3243//3243
f 3098//3098 3243//3243 3242//3242
f 3099//3099 3100//3100 3244//3244
f 3099//3099 3244//3244 3243//3243
f 3100//3100 3101//3101 3245//3245
f 3100//3100 3245//3245 3244//3244
f 3101//3101 3102//3102 3246//3246
f 3101//3101 3246//3246 3245//3245
f 3102//3102 3103//3103 3247//3247
f 3102//3102 3247//3247 3246//3246
f 3103//3103 3104//3104 3248//3248
f 3103//3103 3248//3248 3247//3247
f 3104//3104 3105//3105 3249//3249
f 3104//3104 3249//3249 3248//3248
f 3105//3105 3106//3106 3250//3250
f 3105//3105 3250//3250 3249//3249
f 3106//3106 3107//3107 3251//3251
f 3106//3106 3251//3251 3250//3250
f 3107//3107 3108//3108 3252//3252
f 3107//3107 3252//3252 3251//3251
f 3108//3108 3109//3109 3253//3253
f 3108//3108 3253//3253 3252//3252
f 3109//3109 3110//3110 3254//3254
f 3109//3109 3254//3254 3253//3253
f 3110//3110 3111//3111 3255//3255
f 3110//3110 3255//3255 3254//3254
f 3111//3111 3112//3112 3256//3256
f 3111//3111 3256//3256 3255//3255
f 3112//3112 3113//3113 3257//3257
f 3112//3112 3257//3257 3256//3256
f 3113//3113 3114//3114 3258//3258
f 3113//3113 3258//3258 3257//3257
f 3114//3114 3115//3115 3259//3259
f 3114//3114 3259//3259 3258//3258
f 3115//3115 3116//3116 3260//3260
f 3115//3115 3260//3260 3259//3259
f 3116//3116 3117//3117 3261//3261
f 3116//3116 3261//3261 3260//3260
f 3117//3117 3118//3118 3262//3262
f 3117//3117 3262//3262 3261//3261
f 3118//3118 3119//3119 3263//3263
f 3118//3118 3263//3263 3262//3262
f 3119//3119 3120//3120 3264//3264
f 3119//3119 3264//3264 3263//3263
f 3120//3120 3121//3121 3265//3265
f 3120//3120 3265//3265 3264//3264
f 3121//3121 3122//3122 3266//3266
f 3121//3121 3266//3266 3265//3265
f 3122//3122 3123//3123 3267//3267
f 3122//3122 3267//3267 3266//3266
f 3123//3123 3124//3124 3268//3268
f 3123//3123 3268//3268 3267//3267
f 3124//3124 3125//3125 3269//3269
f 3124//3124 3269//3269 3268//3268
f 3125//3125 3126//3126 3270//3270
f 3125//3125 3270//3270 3269//3269
f 3126//3126 3127//3127 3271//3271
f 3126//3126 3271//3271 3270//3270
f 3127//3127 3128//3128 3272//3272
f 3127//3127 3272//3272 3271//3271
f 3128//3128 3129//3129 3273//3273
f 3128//3128 3273//3273 3272//3272
f 3129//3129 3130//3130 3274//3274
f 3129//3129 3274//3274 3273//3273
f 3130//3130 3131//3131 3275//3275
f 3130//3130 3275//3275 3274//3274
f 3131//3131 3132//3132 3276//3276
f 3131//3131 3276//3276 3275//3275
f 3132//3132 3133//3133 3277//3277
f 3132//3132 3277//3277 3276//3276
f 3133//3133 3134//3134 3278//3278
f 3133//3133 3278//3278 3277//3277
f 3134//3134 3135//3135 3279//3279
f 3134//3134 3279//3279 3278//3278
f 3135//3135 3136//3136 3280//3280
f 3135//3135 3280//3280 3279//3279
f 3136//3136 3137//3137 3281//3281
f 3136//3136 3281//3281 3280//3280
f 3137//3137 3138//3138 3282//3282
f 3137//3137 3282//3282 3281//3281
f 3138//3138 3139//3139 3283//3283
f 3138//3138 3283//3283 3282//3282
f 3139//3139 3140//3140 3284//3284
f 3139//3139 3284//3284 3283//3283
f 3140//3140 3141//3141 3285//3285
f 3140//3140 3285//3285 3284//3284
f 3141//3141 3142//3142 3286//3286
f 3141//3141 3286//3286 3285//3285
f 3142//3142 3143//3143 3287//3287
f 3142//3142 3287//3287 3286//3286
f 3143//3143 3144//3144 3288//3288
f 3143//3143 3288//3288 3287//3287
f 3144//3144 3145//3145 3289//3289
f 3144//3144 3289//3289 3288//3288
f 3145//3145 3146//3146 3290//3290
f 3145//3145 3290//3290 3289//3289
f 3146//3146 3147//3147 3291//3291
f 3146//3146 3291//3291 3290//3290
f 3147//3147 3148//3148 3292//3292
f 3147//3147 3292//3292 3291//3291
f 3148//3148 3149//3149 3293//3293
f 3148//3148 3293//3293 3292//3292
f 3149//3149 3150//3150 3294//3294
f 3149//3149 3294//3294 3293//3293
f 3150//3150 3151//3151 3295//3295
f 3150//3150 3295//3295 3294//3294
f 3151//3151 3152//3152 3296//3296
f 3151//3151 3296//3296 3295//3295
f 3152//3152 3153//3153 3297//3297
f 3152//3152 3297//3297 3296//3296
f 3153//3153 3154//3154 3298//3298
f 3153//3153 3298//3298 3297//3297
f 3154//3154 3155//3155 3299//3299
f 3154//3154 3299//3299 3298//3298
f 3155//3155 3156//3156 3300//3300
f 3155//3155 3300//3300 3299//3299
f 3156//3156 3157//3157 3301//3301
f 3156//3156 3301//3301 3300//3300
f 3157//3157 3158//3158 3302//3302
f 3157//3157 3302//3302 3301//3301
f 3158//3158 3159//3159 3303//3303
f 3158//3158 3303//3303 3302//3302
f 3159//3159 3160//3160 3304//3304
f 3159//3159 3304//3304 3303//3303
f 3160//3160 3161//3161 3305//3305
f 3160//3160 3305//3305 3304//3304
f 3161//3161 3162//3162 3306//3306
f 3161//3161 3306//3306 3305//3305
f 3162//3162 3163//3163 3307//3307
f 3162//3162 3307//3307 3306//3306
f 3163//3163 3164//3164 3308//3308
f 3163//3163 3308//3308 3307//3307
f 3164//3164 3165//3165 3309//3309
f 3164//3164 3309//3309 3308//3308
f 3165//3165 3166//3166 3310//3310
f 3165//3165 3310//3310 3309//3309
f 3166//3166 3167//3167 3311//3311
f 3166//3166 3311//3311 3310//3310
f 3167//3167 3168//3168 3312//3312
f 3167//3167 3312//3312 3311//3311
f 3168//3168 3169//3169 3313//3313
f 3168//3168 3313//3313 3312//3312
f 3169//3169 3026//3026 3170//3170
f 3169//3169 3170//3170 3313//3313
f 3170//3170 3171//3171 3315//3315
f 3170//3170 3315//3315 3314//3314
f 3171//3171 3172//3172 3316//3316
f 3171//3171 3316//3316 3315//3315
f 3172//3172 3173//3173 3317//3317
f 3172//3172 3317//3317 3316//3316
f 3173//3173 3174//3174 3318//3318
f 3173//3173 3318//3318 3317//3317
f 3174//3174 3175//3175 3319//3319
f 3174//3174 3319//3319 3318//3318
f 3175//3175 3176//3176 3320//3320
f 3175//3175 3320//3320 3319//3319
f 3176//3176 3177//3177 3321//3321
f 3176//3176 3321//3321 3320//3320
f 3177//3177 3178//3178 3322//3322
f 3177//3177 3322//3322 3321//3321
f 3178//3178 3179//3179 3323//3323
f 3178//3178 3323//3323 3322//3322
f 3179//3179 3180//3180 3324//3324
f 3179//3179 3324//3324 3323//3323
f 3180//3180 3181//3181 3325//3325
f 3180//3180 3325//3325 3324//3324
f 3181//3181 3182//3182 3326//3326
f 3181//3181 3326//3326 3325//3325
f 3182//3182 3183//3183 3327//3327
f 3182//3182 3327//3327 3326//3326
f 3183//3183 3184//3184 3328//3328
f 3183//3183 3328//3328 3327//3327
f 3184//3184 3185//3185 3329//3329
f 3184//3184 3329//3329 3328//3328
f 3185//3185 3186//3186 3330//3330
f 3185//3185 3330//3330 3329//3329
f 3186//3186 3187//3187 3331//3331
f 3186//3186 3331//3331 3330//3330
f 3187//3187 3188//3188 3332//3332
f 3187//3187 3332//3332 3331//3331
f 3188//3188 3189//3189 3333//3333
f 3188//3188 3333//3333 3332//3332
f 3189//3189 3190//3190 3334//3334
f 3189//3189 3334//3334 3333//3333
f 3190//3190 3191//3191 3335//3335
f 3190//3190 3335//3335 3334//3334
f 3191//3191 3192//3192 3336//3336
f 3191//3191 3336//3336 3335//3335
f 3192//3192 3193//3193 3337//3337
f 3192//3192 3337//3337 3336//3336
f 3193//3193 3194//3194 3338//3338
f 3193//3193 3338//3338 3337//3337
f 3194//3194 3195//3195 3339//3339
f 3194//3194 3339//3339 3338//3338
f 3195//3195 3196//3196 3340//3340
f 3195//3195 3340//3340 3339//3339
f 3196//3196 3197//3197 3341//3341
f 3196//3196 3341//3341 3340//3340
f 3197//3197 3198//3198 3342//3342
f 3197//3197 3342//3342 3341//3341
f 3198//3198 3199//3199 3343//3343
f 3198//3198 3343//3343 3342//3342
f 3199//3199 3200//3200 3344//3344
f 3199//3199 3344//3344 3343//3343
f 3200//3200 3201//3201 3345//3345
f 3200//3200 3345//3345 3344//3344
f 3201//3201 3202//3202 3346//3346
f 3201//3201 3346//3346 3345//3345
f 3202//3202 3203//3203 3347//3347
f 3202//3202 3347//3347 3346//3346
f 3203//3203 3204//3204 3348//3348
f 3203//3203 3348//3348 3347//3347
f 3204//3204 3205//3205 3349//3349
f 3204//3204 3349//3349 3348//3348
f 3205//3205 3206//3206 3350//3350
f 3205//3205 3350//3350 3349//3349
f 3206//3206 3207//3207 3351//3351
f 3206//3206 3351//3351 3350//3350
f 3207//3207 3208//3208 3352//3352
f 3207//3207 3352//3352 3351//3351
f 3208//3208 3209//3209 3353//3353
f 3208//3208 3353//3353 3352//3352
f 3209//3209 3210//3210 3354//3354
f 3209//3209 3354//3354 3353//3353
f 3210//3210 3211//3211 3355//3355
f 3210//3210 3355//3355 3354//3354
f 3211//3211 3212//3212 3356//3356
f 3211//3211 3356//3356 3355//3355
f 3212//3212 3213//3213 3357//3357
f 3212//3212 3357//3357 3356//3356
f 3213//3213 3214//3214 3358//3358
f 3213//3213 3358//3358 3357//3357
f 3214//3214 3215//3215 3359//3359
f 3214//3214 3359//3359 3358//3358
f 3215//3215 3216//3216 3360//3360
f 3215//3215 3360//3360 3359//3359
f 3216//3216 3217//3217 3361//3361
f 3216//3216 3361//3361 3360//3360
f 3217//3217 3218//3218 3362//3362
f 3217//3217 3362//3362 3361//3361
f 3218//3218 3219//3219 3363//3363
f 3218//3218 3363//3363 3362//3362
f 3219//3219 3220//3220 3364//3364
f 3219//3219 3364//3364 3363//3363
f 3220//3220 3221//3221 3365//3365
f 3220//3220 3365//3365 3364//3364
f 3221//3221 3222//3222 3366//3366
f 3221//3221 3366//3366 3365//3365
f 3222//3222 3223//3223 3367//3367
f 3222//3222 3367//3367 3366//3366
f 3223//3223 3224//3224 3368//3368
f 3223//3223 3368//3368 3367//3367
f 3224//3224 3225//3225 3369//3369
f 3224//3224 3369//3369 3368//3368
f 3225//3225 3226//3226 3370//3370
f 3225//3225 3370//3370 3369//3369
f 3226//3226 3227//3227 3371//3371
f 3226//3226 3371//3371 3370//3370
f 3227//3227 3228//3228 3372//3372
f 3227//3227 3372//3372 3371//3371
f 3228//3228 3229//3229 3373//3373
f 3228//3228 3373//3373 3372//3372
f 3229//3229 3230//3230 3374//3374
f 3229//3229 3374//3374 3373//3373
f 3230//3230 3231//3231 3375//3375
f 3230//3230 3375//3375 3374//3374
f 3231//3231 3232//3232 3376//3376
f 3231//3231 3376//3376 3375//3375
f 3232//3232 3233//3233 3377//3377
f 3232//3232 3377//3377 3376//3376
f 3233//3233 3234//3234 3378//3378
f 3233//3233 3378//3378 3377//3377
f 3234//3234 3235//3235 3379//3379
f 3234//3234 3379//3379 3378//3378
f 3235//3235 3236//3236 3380//3380
f 3235//3235 3380//3380 3379//3379
f 3236//3236 3237//3237 3381//3381
f 3236//3236 3381//3381 3380//3380
f 3237//3237 3238//3238 3382//3382
f 3237//3237 3382//3382 3381//3381
f 3238//3238 3239//3239 3383//3383
f 3238//3238 3383//3383 3382//3382
f 3239//3239 3240//3240 3384//3384
f 3239//3239 3384//3384 3383//3383
f 3240//3240 3241//3241 3385//3385
f 3240//3240 3385//3385 3384//3384
f 3241//3241 3242//3242 3386//3386
f 3241//3241 3386//3386 3385//3385
f 3242//3242 3243//3243 3387//3387
f 3242//3242 3387//3387 3386//3386
f 3243//3243 3244//3244 3388//3388
f 3243//3243 3388//3388 3387//3387
f 3244//3244 3245//3245 3389//3389
f 3244//3244 3389//3389 3388//3388
f 3245//3245 3246//3246 3390//3390
f 3245//3245 3390//3390 3389//3389
f 3246//3246 3247//3247 3391//3391
f 3246//3246 3391//3391 3390//3390
f 3247//3247 3248//3248 3392//3392
f 3247//3247 3392//3392 3391//3391
f 3248//3248 3249//3249 3393//3393
f 3248//3248 3393//3393 3392//3392
f 3249//3249 3250//3250 3394//3394
f 3249//3249 3394//3394 3393//3393
f 3250//3250 3251//3251 3395//3395
f 3250//3250 3395//3395 3394//3394
f 3251//3251 3252//3252 3396//3396
f 3251//3251 3396//3396 3395//3395
f 3252//3252 3253//3253 3397//3397
f 3252//3252 3397//3397 3396//3396
f 3253//3253 3254//3254 3398//3398
f 3253//3253 3398//3398 3397//3397
f 3254//3254 3255//3255 3399//3399
f 3254//3254 3399//3399 3398//3398
f 3255//3255 3256//3256 3400//3400
f 3255//3255 3400//3400 3399//3399
f 3256//3256 3257//3257 3401//3401
f 3256//3256 3401//3401 3400//3400
f 3257//3257 3258//3258 3402//3402
f 3257//3257 3402//3402 3401//3401
f 3258//3258 3259//3259 3403//3403
f 3258//3258 3403//3403 3402//3402
f 3259//3259 3260//3260 3404//3404
f 3259//3259 3404//3404 3403//3403
f 3260//3260 3261//3261 3405//3405
f 3260//3260 3405//3405 3404//3404
f 3261//3261 3262//3262 3406//3406
f 3261//3261 3406//3406 3405//3405
f 3262//3262 3263//3263 3407//3407
f 3262//3262 3407//3407 3406//3406
f 3263//3263 3264//3264 3408//3408
f 3263//3263 3408//3408 3407//3407
f 3264//3264 3265//3265 3409//3409
f 3264//3264 3409//3409 3408//3408
f 3265//3265 3266//3266 3410//3410
f 3265//3265 3410//3410 3409//3409
f 3266//3266 3267//3267 3411//3411
f 3266//3266 3411//3411 3410//3410
f 3267//3267 3268//3268 3412//3412
f 3267//3267 3412//3412 3411//3411
f 3268//3268 3269//3269 3413//3413
f 3268//3268 3413//3413 3412//3412
f 3269//3269 3270//3270 3414//3414
f 3269//3269 3414//3414 3413//3413
f 3270//3270 3271//3271 3415//3415
f 3270//3270 3415//3415 3414//3414
f 3271//3271 3272//3272 3416//3416
f 3271//3271 3416//3416 3415//3415
f 3272//3272 3273//3273 3417//3417
f 3272//3272 3417//3417 3416//3416
f 3273//3273 3274//3274 3418//3418
f 3273//3273 3418//3418 3417//3417
f 3274//3274 3275//3275 3419//3419
f 3274//3274 3419//3419 3418//3418
f 3275//3275 3276//3276 3420//3420
f 3275//3275 3420//3420 3419//3419
f 3276//3276 3277//3277 3421//3421
f 3276//3276 3421//3421 3420//3420
f 3277//3277 3278//3278 3422//3422
f 3277//3277 3422//3422 3421//3421
f 3278//3278 3279//3279 3423//3423
f 3278//3278 3423//3423 3422//3422
f 3279//3279 3280//3280 3424//3424
f 3279//3279 3424//3424 3423//3423
f 3280//3280 3281//3281 3425//3425
f 3280//3280 3425//3425 3424//3424
f 3281//3281 3282//3282 3426//3426
f 3281//3281 3426//3426 3425//3425
f 3282//3282 3283//3283 3427//3427
f 3282//3282 3427//3427 3426//3426
f 3283//3283 3284//3284 3428//3428
f 3283//3283 3428//3428 3427//3427
f 3284//3284 3285//3285 3429//3429
f 3284//3284 3429//3429 3428//3428
f 3285//3285 3286//3286 3430//3430
f 3285//3285 3430//3430 3429//3429
f 3286//3286 3287//3287 3431//3431
f 3286//3286 3431//3431 3430//3430
f 3287//3287 3288//3288 3432//3432
f 3287//3287 3432//3432 3431//3431
f 3288//3288 3289//3289 3433//3433
f 3288//3288 3433//3433 3432//3432
f 3289//3289 3290//3290 3434//3434
f 3289//3289 3434//3434 3433//3433
f 3290//3290 3291//3291 3435//3435
f 3290//3290 3435//3435 3434//3434
f 3291//3291 3292//3292 3436//3436
f 3291//3291 3436//3436 3435//3435
f 3292//3292 3293//3293 3437//3437
f 3292//3292 3437//3437 3436//3436
f 3293//3293 3294//3294 3438//3438
f 3293//3293 3438//3438 3437//3437
f 3294//3294 3295//3295 3439//3439
f 3294//3294 3439//3439 3438//3438
f 3295//3295 3296//3296 3440//3440
f 3295//3295 3440//3440 3439//3439
f 3296//3296 3297//3297 3441//3441
f 3296//3296 3441//3441 3440//3440
f 3297//3297 3298//3298 3442//3442
f 3297//3297 3442//3442 3441//3441
f 3298//3298 3299//3299 3443//3443
f 3298//3298 3443//3443 3442//3442
f 3299//3299 3300//3300 3444//3444
f 3299//3299 3444//3444 3443//3443
f 3300//3300 3301//3301 3445//3445
f 3300//3300 3445//3445 3444//3444
f 3301//3301 3302//3302 3446//3446
f 3301//3301 3446//3446 3445//3445
f 3302//3302 3303//3303 3447//3447
f 3302//3302 3447//3447 3446//3446
f 3303//3303 3304//3304 3448//3448
f 3303//3303 3448//3448 3447//3447
f 3304//3304 3305//3305 3449//3449
f 3304//3304 3449//3449 3448//3448
f 3305//3305 3306//3306 3450//3450
f 3305//3305 3450//3450 3449//3449
f 3306//3306 3307//3307 3451//3451
f 3306//3306 3451//3451 3450//3450
f 3307//3307 3308//3308 3452//3452
f 3307//3307 3452//3452 3451//3451
f 3308//3308 3309//3309 3453//3453
f 3308//3308 3453//3453 3452//3452
f 3309//3309 3310//3310 3454//3454
f 3309//3309 3454//3454 3453//3453
f 3310//3310 3311//3311 3455//3455
f 3310//3310 3455//3455 3454//3454
f 3311//3311 3312//3312 3456//3456
f 3311//3311 3456//3456 3455//3455
f 3312//3312 3313//3313 3457//3457
f 3312//3312 3457//3457 3456//3456
f 3313//3313 3170//3170 3314//3314
f 3313//3313 3314//3314 3457//3457
f 3314//3314 3315//3315 3459//3459
f 3314//3314 3459//3459 3458//3458
f 3315//3315 3316//3316 3460//3460
f 3315//3315 3460//3460 3459//3459
f 3316//3316 3317//3317 3461//3461
f 3316//3316 3461//3461 3460//3460
f 3317//3317 3318//3318 3462//3462
f 3317//3317 3462//3462 3461//3461
f 3318//3318 3319//3319 3463//3463
f 3318//3318 3463//3463 3462//3462
f 3319//3319 3320//3320 3464//3464
f 3319//3319 3464//3464 3463//3463
f 3320//3320 3321//3321 3465//3465
f 3320//3320 3465//3465 3464//3464
f 3321//3321 3322//3322 3466//3466
f 3321//3321 3466//3466 3465//3465
f 3322//3322 3323//3323 3467//3467
f 3322//3322 3467//3467 3466//3466
f 3323//3323 3324//3324 3468//3468
f 3323//3323 3468//3468 3467//3467
f 3324//3324 3325//3325 3469//3469
f 3324//3324 3469//3469 3468//3468
f 3325//3325 3326//3326 3470//3470
f 3325//3325 3470//3470 3469//3469
f 3326//3326 3327//3327 3471//3471
f 3326//3326 3471//3471 3470//3470
f 3327//3327 3328//3328 3472//3472
f 3327//3327 3472//3472 3471//3471
f 3328//3328 3329//3329 3473//3473
f 3328//3328 3473//3473 3472//3472
f 3329//3329 3330//3330 3474//3474
f 3329//3329 3474//3474 3473//3473
f 3330//3330 3331//3331 3475//3475
f 3330//3330 3475//3475 3474//3474
f 3331//3331 3332//3332 3476//3476
f 3331//3331 3476//3476 3475//3475
f 3332//3332 3333//3333 3477//3477
f 3332//3332 3477//3477 3476//3476
f 3333//3333 3334//3334 3478//3478
f 3333//3333 3478//3478 3477//3477
f 3334//3334 3335//3335 3479//3479
f 3334//3334 3479//3479 3478//3478
f 3335//3335 3336//3336 3480//3480
f 3335//3335 3480//3480 3479//3479
f 3336//3336 3337//3337 3481//3481
f 3336//3336 3481//3481 3480//3480
f 3337//3337 3338//3338 3482//3482
f 3337//3337 3482//3482 3481//3481
f 3338//3338 3339//3339 3483//3483
f 3338//3338 3483//3483 3482//3482
f 3339//3339 3340//3340 3484//3484
f 3339//3339 3484//3484 3483//3483
f 3340//3340 3341//3341 3485//3485
f 3340//3340 3485//3485 3484//3484
f 3341//3341 3342//3342 3486//3486
f 3341//3341 3486//3486 3485//3485
f 3342//3342 3343//3343 3487//3487
f 3342//3342 3487//3487 3486//3486
f 3343//3343 3344//3344 3488//3488
f 3343//3343 3488//3488 3487//3487
f 3344//3344 3345//3345 3489//3489
f 3344//3344 3489//3489 3488//3488
f 3345//3345 3346//3346 3490//3490
f 3345//3345 3490//3490 3489//3489
f 3346//3346 3347//3347 3491//3491
f 3346//3346 3491//3491 3490//3490
f 3347//3347 3348//3348 3492//3492
f 3347//3347 3492//3492 3491//3491
f 3348//3348 3349//3349 3493//3493
f 3348//3348 3493//3493 3492//3492
f 3349//3349 3350//3350 3494//3494
f 3349//3349 3494//3494 3493//3493
f 3350//3350 3351//3351 3495//3495
f 3350//3350 3495//3495 3494//3494
f 3351//3351 3352//3352 3496//3496
f 3351//3351 3496//3496 3495//3495
f 3352//3352 3353//3353 3497//3497
f 3352//3352 3497//3497 3496//3496
f 3353//3353 3354//3354 3498//3498
f 3353//3353 3498//3498 3497//3497
f 3354//3354 3355//3355 3499//3499
f 3354//3354 3499//3499 3498//3498
f 3355//3355 3356//3356 3500//3500
f 3355//3355 3500//3500 3499//3499
f 3356//3356 3357//3357 3501//3501
f 3356//3356 3501//3501 3500//3500
f 3357//3357 3358//3358 3502//3502
f 3357//3357 3502//3502 3501//3501
f 3358//3358 3359//3359 3503//3503
f 3358//3358 3503//3503 3502//3502
f 3359//3359 3360//3360 3504//3504
f 3359//3359 3504//3504 3503//3503
f 3360//3360 3361//3361 3505//3505
f 3360//3360 3505//3505 3504//3504
f 3361//3361 3362//3362 3506//3506
f 3361//3361 3506//3506 3505//3505
f 3362//3362 3363//3363 3507//3507
f 3362//3362 3507//3507 3506//3506
f 3363//3363 3364//3364 3508//3508
f 3363//3363 3508//3508 3507//3507
f 3364//3364 3365//3365 3509//3509
f 3364//3364 3509//3509 3508//3508
f 3365//3365 3366//3366 3510//3510
f 3365//3365 3510//3510 3509//3509
f 3366//3366 3367//3367 3511//3511
f 3366//3366 3511//3511 3510//3510
f 3367//3367 3368//3368 3512//3512
f 3367//3367 3512//3512 3511//3511
f 3368//3368 3369//3369 3513//3513
f 3368//3368 3513//3513 3512//3512
f 3369//3369 3370//3370 3514//3514
f 3369//3369 3514//3514 3513//3513
f 3370//3370 3371//3371 3515//3515
f 3370//3370 3515//3515 3514//3514
f 3371//3371 3372//3372 3516//3516
f 3371//3371 3516//3516 3515//3515
f 3372//3372 3373//3373 3517//3517
f 3372//3372 3517//3517 3516//3516
f 3373//3373 3374//3374 3518//3518
f 3373//3373 3518//3518 3517//3517
f 3374//3374 3375//3375 3519//3519
f 3374//3374 3519//3519 3518//3518
f 3375//3375 3376//3376 3520//3520
f 3375//3375 3520//3520 3519//3519
f 3376//3376 3377//3377 3521//3521
f 3376//3376 3521//3521 3520//3520
f 3377//3377 3378//3378 3522//3522
f 3377//3377 3522//3522 3521//3521
f 3378//3378 3379//3379 3523//3523
f 3378//3378 3523//3523 3522//3522
f 3379//3379 3380//3380 3524//3524
f 3379//3379 3524//3524 3523//3523
f 3380//3380 3381//3381 3525//3525
f 3380//3380 3525//3525 3524//3524
f 3381//3381 3382//3382 3526//3526
f 3381//3381 3526//3526 3525//3525
f 3382//3382 3383//3383 3527//3527
f 3382//3382 3527//3527 3526//3526
f 3383//3383 3384//3384 3528//3528
f 3383//3383 3528//3528 3527//3527
f 3384//3384 3385//3385 3529//3529
f 3384//3384 3529//3529 3528//3528
f 3385//3385 3386//3386 3530//3530
f 3385//3385 3530//3530 3529//3529
f 3386//3386 3387//3387 3531//3531
f 3386//3386 3531//3531 3530//3530
f 3387//3387 3388//3388 3532//3532
f 3387//3387 3532//3532 3531//3531
f 3388//3388 3389//3389 3533//3533
f 3388//3388 3533//3533 3532//3532
f 3389//3389 3390//3390 3534//3534
f 3389//3389 3534//3534 3533//3533
f 3390//3390 3391//3391 3535//3535
f 3390//3390 3535//3535 3534//3534
f 3391//3391 3392//3392 3536//3536
f 3391//3391 3536//3536 3535//3535
f 3392//3392 3393//3393 3537//3537
f 3392//3392 3537//3537 3536//3536
f 3393//3393 3394//3394 3538//3538
f 3393//3393 3538//3538 3537//3537
f 3394//3394 3395//3395 3539//3539
f 3394//3394 3539//3539 3538//3538
f 3395//3395 3396//3396 3540//3540
f 3395//3395 3540//3540 3539//3539
f 3396//3396 3397//3397 3541//3541
f 3396//3396 3541//3541 3540//3540
f 3397//3397 3398//3398 3542//3542
f 3397//3397 3542//3542 3541//3541
f 3398//3398 3399//3399 3543//3543
f 3398//3398 3543//3543 3542//3542
f 3399//3399 3400//3400 3544//3544
f 3399//3399 3544//3544 3543//3543
f 3400//3400 3401//3401 3545//3545
f 3400//3400 3545//3545 3544//3544
f 3401//3401 3402//3402 3546//3546
f 3401//3401 3546//3546 3545//3545
f 3402//3402 3403//3403 3547//3547
f 3402//3402 3547//3547 3546//3546
f 3403//3403 3404//3404 3548//3548
f 3403//3403 3548//3548 3547//3547
f 3404//3404 3405//3405 3549//3549
f 3404//3404 3549//3549 3548//3548
f 3405//3405 3406//3406 3550//3550
f 3405//3405 3550//3550 3549//3549
f 3406//3406 3407//3407 3551//3551
f 3406//3406 3551//3551 3550//3550
f 3407//3407 3408//3408 3552//3552
f 3407//3407 3552//3552 3551//3551
f 3408//3408 3409//3409 3553//3553
f 3408//3408 3553//3553 3552//3552
f 3409//3409 3410//3410 3554//3554
f 3409//3409 3554//3554 3553//3553
f 3410//3410 3411//3411 3555//3555
f 3410//3410 3555//3555 3554//3554
f 3411//3411 3412//3412 3556//3556
f 3411//3411 3556//3556 3555//3555
f 3412//3412 3413//3413 3557//3557
f 3412//3412 3557//3557 3556//3556
f 3413//3413 3414//3414 3558//3558
f 3413//3413 3558//3558 3557//3557
f 3414//3414 3415//3415 3559//3559
f 3414//3414 3559//3559 3558//3558
f 3415//3415 3416//3416 3560//3560
f 3415//3415 3560//3560 3559//3559
f 3416//3416 3417//3417 3561//3561
f 3416//3416 3561//3561 3560//3560
f 3417//3417 3418//3418 3562//3562
f 3417//3417 3562//3562 3561//3561
f 3418//3418 3419//3419 3563//3563
f 3418//3418 3563//3563 3562//3562
f 3419//3419 3420//3420 3564//3564
f 3419//3419 3564//3564 3563//3563
f 3420//3420 3421//3421 3565//3565
f 3420//3420 3565//3565 3564//3564
f 3421//3421 3422//3422 3566//3566
f 3421//3421 3566//3566 3565//3565
f 3422//3422 3423//3423 3567//3567
f 3422//3422 3567//3567 3566//3566
f 3423//3423 3424//3424 3568//3568
f 3423//3423 3568//3568 3567//3567
f 3424//3424 3425//3425 3569//3569
f 3424//3424 3569//3569 3568//3568
f 3425//3425 3426//3426 3570//3570
f 3425//3425 3570//3570 3569//3569
f 3426//3426 3427//3427 3571//3571
f 3426//3426 3571//3571 3570//3570
f 3427//3427 3428//3428 3572//3572
f 3427//3427 3572//3572 3571//3571
f 3428//3428 3429//3429 3573//3573
f 3428//3428 3573//3573 3572//3572
f 3429//3429 3430//3430 3574//3574
f 3429//3429 3574//3574 3573//3573
f 3430//3430 3431//3431 3575//3575
f 3430//3430 3575//3575 3574//3574
f 3431//3431 3432//3432 3576//3576
f 3431//3431 3576//3576 3575//3575
f 3432//3432 3433//3433 3577//3577
f 3432//3432 3577//3577 3576//3576
f 3433//3433 3434//3434 3578//3578
f 3433//3433 3578//3578 3577//3577
f 3434//3434 3435//3435 3579//3579
f 3434//3434 3579//3579 3578//3578
f 3435//3435 3436//3436 3580//3580
f 3435//3435 3580//3580 3579//3579
f 3436//3436 3437//3437 3581//3581
f 3436//3436 3581//3581 3580//3580
f 3437//3437 3438//3438 3582//3582
f 3437//3437 3582//3582 3581//3581
f 3438//3438 3439//3439 3583//3583
f 3438//3438 3583//3583 3582//3582
f 3439//3439 3440//3440 3584//3584
f 3439//3439 3584//3584 3583//3583
f 3440//3440 3441//3441 3585//3585
f 3440//3440 3585//3585 3584//3584
f 3441//3441 3442//3442 3586//3586
f 3441//3441 3586//3586 3585//3585
f 3442//3442 3443//3443 3587//3587
f 3442//3442 3587//3587 3586//3586
f 3443//3443 3444//3444 3588//3588
f 3443//3443 3588//3588 3587//3587
f 3444//3444 3445//3445 3589//3589
f 3444//3444 3589//3589 3588//3588
f 3445//3445 3446//3446 3590//3590
f 3445//3445 3590//3590 3589//3589
f 3446//3446 3447//3447 3591//3591
f 3446//3446 3591//3591 3590//3590
f 3447//3447 3448//3448 3592//3592
f 3447//3447 3592//3592 3591//3591
f 3448//3448 3449//3449 3593//3593
f 3448//3448 3593//3593 3592//3592
f 3449//3449 3450//3450 3594//3594
f 3449//3449 3594//3594 3593//3593
f 3450//3450 3451//3451 3595//3595
f 3450//3450 3595//3595 3594//3594
f 3451//3451 3452//3452 3596//3596
f 3451//3451 3596//3596 3595//3595
f 3452//3452 3453//3453 3597//3597
f 3452//3452 3597//3597 3596//3596
f 3453//3453 3454//3454 3598//3598
f 3453//3453 3598//3598 3597//3597
f 3454//3454 3455//3455 3599//3599
f 3454//3454 3599//3599 3598//3598
f 3455//3455 3456//3456 3600//3600
f 3455//3455 3600//3600 3599//3599
f 3456//3456 3457//3457 3601//3601
f 3456//3456 3601//3601 3600//3600
f 3457//3457 3314//3314 3458//3458
f 3457//3457 3458//3458 3601//3601
f 3458//3458 3459//3459 3603//3603
f 3458//3458 3603//3603 3602//3602
f 3459//3459 3460//3460 3604//3604
f 3459//3459 3604//3604 3603//3603
f 3460//3460 3461//3461 3605//3605
f 3460//3460 3605//3605 3604//3604
f 3461//3461 3462//3462 3606//3606
f 3461//3461 3606//3606 3605//3605
f 3462//3462 3463//3463 3607//3607
f 3462//3462 3607//3607 3606//3606
f 3463//3463 3464//3464 3608//3608
f 3463//3463 3608//3608 3607//3607
f 3464//3464 3465//3465 3609//3609
f 3464//3464 3609//3609 3608//3608
f 3465//3465 3466//3466 3610//3610
f 3465//3465 3610//3610 3609//3609
f 3466//3466 3467//3467 3611//3611
f 3466//3466 3611//3611 3610//3610
f 3467//3467 3468//3468 3612//3612
f 3467//3467 3612//3612 3611//3611
f 3468//3468 3469//3469 3613//3613
f 3468//3468 3613//3613 3612//3612
f 3469//3469 3470//3470 3614//3614
f 3469//3469 3614//3614 3613//3613
f 3470//3470 3471//3471 3615//3615
f 3470//3470 3615//3615 3614//3614
f 3471//3471 3472//3472 3616//3616
f 3471//3471 3616//3616 3615//3615
f 3472//3472 3473//3473 3617//3617
f 3472//3472 3617//3617 3616//3616
f 3473//3473 3474//3474 3618//3618
f 3473//3473 3618//3618 3617//3617
f 3474//3474 3475//3475 3619//3619
f 3474//3474 3619//3619 3618//3618
f 3475//3475 3476//3476 3620//3620
f 3475//3475 3620//3620 3619//3619
f 3476//3476 3477//3477 3621//3621
f 3476//3476 3621//3621 3620//3620
f 3477//3477 3478//3478 3622//3622
f 3477//3477 3622//3622 3621//3621
f 3478//3478 3479//3479 3623//3623
f 3478//3478 3623//3623 3622//3622
f 3479//3479 3480//3480 3624//3624
f 3479//3479 3624//3624 3623//3623
f 3480//3480 3481//3481 3625//3625
f 3480//3480 3625//3625 3624//3624
f 3481//3481 3482//3482 3626//3626
f 3481//3481 3626//3626 3625//3625
f 3482//3482 3483//3483 3627//3627
f 3482//3482 3627//3627 3626//3626
f 3483//3483 3484//3484 3628//3628
f 3483//3483 3628//3628 3627//3627
f 3484//3484 3485//3485 3629//3629
f 3484//3484 3629//3629 3628//3628
f 3485//3485 3486//3486 3630//3630
f 3485//3485 3630//3630 3629//3629
f 3486//3486 3487//3487 3631//3631
f 3486//3486 3631//3631 3630//3630
f 3487//3487 3488//3488 3632//3632
f 3487//3487 3632//3632 3631//3631
f 3488//3488 3489//3489 3633//3633
f 3488//3488 3633//3633 3632//3632
f 3489//3489 3490//3490 3634//3634
f 3489//3489 3634//3634 3633//3633
f 3490//3490 3491//3491 3635//3635
f 3490//3490 3635//3635 3634//3634
f 3491//3491 3492//3492 3636//3636
f 3491//3491 3636//3636 3635//3635
f 3492//3492 3493//3493 3637//3637
f 3492//3492 3637//3637 3636//3636
f 3493//3493 3494//3494 3638//3638
f 3493//3493 3638//3638 3637//3637
f 3494//3494 3495//3495 3639//3639
f 3494//3494 3639//3639 3638//3638
f 3495//3495 3496//3496 3640//3640
f 3495//3495 3640//3640 3639//3639
f 3496//3496 3497//3497 3641//3641
f 3496//3496 3641//3641 3640//3640
f 3497//3497 3498//3498 3642//3642
f 3497//3497 3642//3642 3641//3641
f 3498//3498 3499//3499 3643//3643
f 3498//3498 3643//3643 3642//3642
f 3499//3499 3500//3500 3644//3644
f 3499//3499 3644//3644 3643//3643
f 3500//3500 3501//3501 3645//3645
f 3500//3500 3645//3645 3644//3644
f 3501//3501 3502//3502 3646//3646
f 3501//3501 3646//3646 3645//3645
f 3502//3502 3503//3503 3647//3647
f 3502//3502 3647//3647 3646//3646
f 3503//3503 3504//3504 3648//3648
f 3503//3503 3648//3648 3647//3647
f 3504//3504 3505//3505 3649//3649
f 3504//3504 3649//3649 3648//3648
f 3505//3505 3506//3506 3650//3650
f 3505//3505 3650//3650 3649//3649
f 3506//3506 3507//3507 3651//3651
f 3506//3506 3651//3651 3650//3650
f 3507//3507 3508//3508 3652//3652
f 3507//3507 3652//3652 3651//3651
f 3508//3508 3509//3509 3653//3653
f 3508//3508 3653//3653 3652//3652
f 3509//3509 3510//3510 3654//3654
f 3509//3509 3654//3654 3653//3653
f 3510//3510 3511//3511 3655//3655
f 3510//3510 3655//3655 3654//3654
f 3511//3511 3512//3512 3656//3656
f 3511//3511 3656//3656 3655//3655
f 3512//3512 3513//3513 3657//3657
f 3512//3512 3657//3657 3656//3656
f 3513//3513 3514//3514 3658//3658
f 3513//3513 3658//3658 3657//3657
f 3514//3514 3515//3515 3659//3659
f 3514//3514 3659//3659 3658//3658
f 3515//3515 3516//3516 3660//3660
f 3515//3515 3660//3660 3659//3659
f 3516//3516 3517//3517 3661//3661
f 3516//3516 3661//3661 3660//3660
f 3517//3517 3518//3518 3662//3662
f 3517//3517 3662//3662 3661//3661
f 3518//3518 3519//3519 3663//3663
f 3518//3518 3663//3663 3662//3662
f 3519//3519 3520//3520 3664//3664
f 3519//3519 3664//3664 3663//3663
f 3520//3520 3521//3521 3665//3665
f 3520//3520 3665//3665 3664//3664
f 3521//3521 3522//3522 3666//3666
f 3521//3521 3666//3666 3665//3665
f 3522//3522 3523//3523 3667//3667
f 3522//3522 3667//3667 3666//3666
f 3523//3523 3524//3524 3668//3668
f 3523//3523 3668//3668 3667//3667
f 3524//3524 3525//3525 3669//3669
f 3524//3524 3669//3669 3668//3668
f 3525//3525 3526//3526 3670//3670
f 3525//3525 3670//3670 3669//3669
f 3526//3526 3527//3527 3671//3671
f 3526//3526 3671//3671 3670//3670
f 3527//3527 3528//3528 3672//3672
f 3527//3527 3672//3672 3671//3671
f 3528//3528 3529//3529 3673//3673
f 3528//3528 3673//3673 3672//3672
f 3529//3529 3530//3530 3674//3674
f 3529//3529 3674//3674 3673//3673
f 3530//3530 3531//3531 3675//3675
f 3530//3530 3675//3675 3674//3674
f 3531//3531 3532//3532 3676//3676
f 3531//3531 3676//3676 3675//3675
f 3532//3532 3533//3533 3677//3677
f 3532//3532 3677//3677 3676//3676
f 3533//3533 3534//3534 3678//3678
f 3533//3533 3678//3678 3677//3677
f 3534//3534 3535//3535 3679//3679
f 3534//3534 3679//3679 3678//3678
f 3535//3535 3536//3536 3680//3680
f 3535//3535 3680//3680 3679//3679
f 3536//3536 3537//3537 3681//3681
f 3536//3536 3681//3681 3680//3680
f 3537//3537 3538//3538 3682//3682
f 3537//3537 3682//3682 3681//3681
f 3538//3538 3539//3539 3683//3683
f 3538//3538 3683//3683 3682//3682
f 3539//3539 3540//3540 3684//3684
f 3539//3539 3684//3684 3683//3683
f 3540//3540 3541//3541 3685//3685
f 3540//3540 3685//3685 3684//3684
f 3541//3541 3542//3542 3686//3686
f 3541//3541 3686//3686 3685//3685
f 3542//3542 3543//3543 3687//3687
f 3542//3542 3687//3687 3686//3686
f 3543//3543 3544//3544 3688//3688
f 3543//3543 3688//3688 3687//3687
f 3544//3544 3545//3545 3689//3689
f 3544//3544 3689//3689 3688//3688
f 3545//3545 3546//3546 3690//3690
f 3545//3545 3690//3690 3689//3689
f 3546//3546 3547//3547 3691//3691
f 3546//3546 3691//3691 3690//3690
f 3547//3547 3548//3548 3692//3692
f 3547//3547 3692//3692 3691//3691
f 3548//3548 3549//3549 3693//3693
f 3548//3548 3693//3693 3692//3692
f 3549//3549 3550//3550 3694//3694
f 3549//3549 3694//3694 3693//3693
f 3550//3550 3551//3551 3695//3695
f 3550//3550 3695//3695 3694//3694
f 3551//3551 3552//3552 3696//3696
f 3551//3551 3696//3696 3695//3695
f 3552//3552 3553//3553 3697//3697
f 3552//3552 3697//3697 3696//3696
f 3553//3553 3554//3554 3698//3698
f 3553//3553 3698//3698 3697//3697
f 3554//3554 3555//3555 3699//3699
f 3554//3554 3699//3699 3698//3698
f 3555//3555 3556//3556 3700//3700
f 3555//3555 3700//3700 3699//3699
f 3556//3556 3557//3557 3701//3701
f 3556//3556 3701//3701 3700//3700
f 3557//3557 3558//3558 3702//3702
f 3557//3557 3702//3702 3701//3701
f 3558//3558 3559//3559 3703//3703
f 3558//3558 3703//3703 3702//3702
f 3559//3559 3560//3560 3704//3704
f 3559//3559 3704//3704 3703//3703
f 3560//3560 3561//3561 3705//3705
f 3560//3560 3705//3705 3704//3704
f 3561//3561 3562//3562 3706//3706
f 3561//3561 3706//3706 3705//3705
f 3562//3562 3563//3563 3707//3707
f 3562//3562 3707//3707 3706//3706
f 3563//3563 3564//3564 3708//3708
f 3563//3563 3708//3708 3707//3707
f 3564//3564 3565//3565 3709//3709
f 3564//3564 3709//3709 3708//3708
f 3565//3565 3566//3566 3710//3710
f 3565//3565 3710//3710 3709//3709
f 3566//3566 3567//3567 3711//3711
f 3566//3566 3711//3711 3710//3710
f 3567//3567 3568//3568 3712//3712
f 3567//3567 3712//3712 3711//3711
f 3568//3568 3569//3569 3713//3713
f 3568//3568 3713//3713 3712//3712
f 3569//3569 3570//3570 3714//3714
f 3569//3569 3714//3714 3713//3713
f 3570//3570 3571//3571 3715//3715
f 3570//3570 3715//3715 3714//3714
f 3571//3571 3572//3572 3716//3716
f 3571//3571 3716//3716 3715//3715
f 3572//3572 3573//3573 3717//3717
f 3572//3572 3717//3717 3716//3716
f 3573//3573 3574//3574 3718//3718
f 3573//3573 3718//3718 3717//3717
f 3574//3574 3575//3575 3719//3719
f 3574//3574 3719//3719 3718//3718
f 3575//3575 3576//3576 3720//3720
f 3575//3575 3720//3720 3719//3719
f 3576//3576 3577//3577 3721//3721
f 3576//3576 3721//3721 3720//3720
f 3577//3577 3578//3578 3722//3722
f 3577//3577 3722//3722 3721//3721
f 3578//3578 3579//3579 3723//3723
f 3578//3578 3723//3723 3722//3722
f 3579//3579 3580//3580 3724//3724
f 3579//3579 3724//3724 3723//3723
f 3580//3580 3581//3581 3725//3725
f 3580//3580 3725//3725 3724//3724
f 3581//3581 3582//3582 3726//3726
f 3581//3581 3726//3726 3725//3725
f 3582//3582 3583//3583 3727//3727
f 3582//3582 3727//3727 3726//3726
f 3583//3583 3584//3584 3728//3728
f 3583//3583 3728//3728 3727//3727
f 3584//3584 3585//3585 3729//3729
f 3584//3584 3729//3729 3728//3728
f 3585//3585 3586//3586 3730//3730
f 3585//3585 3730//3730 3729//3729
f 3586//3586 3587//3587 3731//3731
f 3586//3586 3731//3731 3730//3730
f 3587//3587 3588//3588 3732//3732
f 3587//3587 3732//3732 3731//3731
f 3588//3588 3589//3589 3733//3733
f 3588//3588 3733//3733 3732//3732
f 3589//3589 3590//3590 3734//3734
f 3589//3589 3734//3734 3733//3733
f 3590//3590 3591//3591 3735//3735
f 3590//3590 3735//3735 3734//3734
f 3591//3591 3592//3592 3736//3736
f 3591//3591 3736//3736 3735//3735
f 3592//3592 3593//3593 3737//3737
f 3592//3592 3737//3737 3736//3736
f 3593//3593 3594//3594 3738//3738
f 3593//3593 3738//3738 3737//3737
f 3594//3594 3595//3595 3739//3739
f 3594//3594 3739//3739 3738//3738
f 3595//3595 3596//3596 3740//3740
f 3595//3595 3740//3740 3739//3739
f 3596//3596 3597//3597 3741//3741
f 3596//3596 3741//3741 3740//3740
f 3597//3597 3598//3598 3742//3742
f 3597//3597 3742//3742 3741//3741
f 3598//3598 3599//3599 3743//3743
f 3598//3598 3743//3743 3742//3742
f 3599//3599 3600//3600 3744//3744
f 3599//3599 3744//3744 3743//3743
f 3600//3600 3601//3601 3745//3745
f 3600//3600 3745//3745 3744//3744
f 3601//3601 3458//3458 3602//3602
f 3601//3601 3602//3602 3745//3745
f 3602//3602 3603//3603 3747//3747
f 3602//3602 3747//3747 3746//3746
f 3603//3603 3604//3604 3748//3748
f 3603//3603 3748//3748 3747//3747
f 3604//3604 3605//3605 3749//3749
f 3604//3604 3749//3749 3748//3748
f 3605//3605 3606//3606 3750//3750
f 3605//3605 3750//3750 3749//3749
f 3606//3606 3607//3607 3751//3751
f 3606//3606 3751//3751 3750//3750
f 3607//3607 3608//3608 3752//3752
f 3607//3607 3752//3752 3751//3751
f 3608//3608 3609//3609 3753//3753
f 3608//3608 3753//3753 3752//3752
f 3609//3609 3610//3610 3754//3754
f 3609//3609 3754//3754 3753//3753
f 3610//3610 3611//3611 3755//3755
f 3610//3610 3755//3755 3754//3754
f 3611//3611 3612//3612 3756//3756
f 3611//3611 3756//3756 3755//3755
f 3612//3612 3613//3613 3757//3757
f 3612//3612 3757//3757 3756//3756
f 3613//3613 3614//3614 3758//3758
f 3613//3613 3758//3758 3757//3757
f 3614//3614 3615//3615 3759//3759
f 3614//3614 3759//3759 3758//3758
f 3615//3615 3616//3616 3760//3760
f 3615//3615 3760//3760 3759//3759
f 3616//3616 3617//3617 3761//3761
f 3616//3616 3761//3761 3760//3760
f 3617//3617 3618//3618 3762//3762
f 3617//3617 3762//3762 3761//3761
f 3618//3618 3619//3619 3763//3763
f 3618//3618 3763//3763 3762//3762
f 3619//3619 3620//3620 3764//3764
f 3619//3619 3764//3764 3763//3763
f 3620//3620 3621//3621 3765//3765
f 3620//3620 3765//3765 3764//3764
f 3621//3621 3622//3622 3766//3766
f 3621//3621 3766//3766 3765//3765
f 3622//3622 3623//3623 3767//3767
f 3622//3622 3767//3767 3766//3766
f 3623//3623 3624//3624 3768//3768
f 3623//3623 3768//3768 3767//3767
f 3624//3624 3625//3625 3769//3769
f 3624//3624 3769//3769 3768//3768
f 3625//3625 3626//3626 3770//3770
f 3625//3625 3770//3770 3769//3769
f 3626//3626 3627//3627 3771//3771
f 3626//3626 3771//3771 3770//3770
f 3627//3627 3628//3628 3772//3772
f 3627//3627 3772//3772 3771//3771
f 3628//3628 3629//3629 3773//3773
f 3628//3628 3773//3773 3772//3772
f 3629//3629 3630//3630 3774//3774
f 3629//3629 3774//3774 3773//3773
f 3630//3630 3631//3631 3775//3775
f 3630//3630 3775//3775 3774//3774
f 3631//3631 3632//3632 3776//3776
f 3631//3631 3776//3776 3775//3775
f 3632//3632 3633//3633 3777//3777
f 3632//3632 3777//3777 3776//3776
f 3633//3633 3634//3634 3778//3778
f 3633//3633 3778//3778 3777//3777
f 3634//3634 3635//3635 3779//3779
f 3634//3634 3779//3779 3778//3778
f 3635//3635 3636//3636 3780//3780
f 3635//3635 3780//3780 3779//3779
f 3636//3636 3637//3637 3781//3781
f 3636//3636 3781//3781 3780//3780
f 3637//3637 3638//3638 3782//3782
f 3637//3637 3782//3782 3781//3781
f 3638//3638 3639//3639 3783//3783
f 3638//3638 3783//3783 3782//3782
f 3639//3639 3640//3640 3784//3784
f 3639//3639 3784//3784 3783//3783
f 3640//3640 3641//3641 3785//3785
f 3640//3640 3785//3785 3784//3784
f 3641//3641 3642//3642 3786//3786
f 3641//3641 3786//3786 3785//3785
f 3642//3642 3643//3643 3787//3787
f 3642//3642 3787//3787 3786//3786
f 3643//3643 3644//3644 3788//3788
f 3643//3643 3788//3788 3787//3787
f 3644//3644 3645//3645 3789//3789
f 3644//3644 3789//3789 3788//3788
f 3645//3645 3646//3646 3790//3790
f 3645//3645 3790//3790 3789//3789
f 3646//3646 3647//3647 3791//3791
f 3646//3646 3791//3791 3790//3790
f 3647//3647 3648//3648 3792//3792
f 3647//3647 3792//3792 3791//3791
f 3648//3648 3649//3649 3793//3793
f 3648//3648 3793//3793 3792//3792
f 3649//3649 3650//3650 3794//3794
f 3649//3649 3794//3794 3793//3793
f 3650//3650 3651//3651 3795//3795
f 3650//3650 3795//3795 3794//3794
f 3651//3651 3652//3652 3796//3796
f 3651//3651 3796//3796 3795//3795
f 3652//3652 3653//3653 3797//3797
f 3652//3652 3797//3797 3796//3796
f 3653//3653 3654//3654 3798//3798
f 3653//3653 3798//3798 3797//3797
f 3654//3654 3655//3655 3799//3799
f 3654//3654 3799//3799 3798//3798
f 3655//3655 3656//3656 3800//3800
f 3655//3655 3800//3800 3799//3799
f 3656//3656 3657//3657 3801//3801
f 3656//3656 3801//3801 3800//3800
f 3657//3657 3658//3658 3802//3802
f 3657//3657 3802//3802 3801//3801
f 3658//3658 3659//3659 3803//3803
f 3658//3658 3803//3803 3802//3802
f 3659//3659 3660//3660 3804//3804
f 3659//3659 3804//3804 3803//3803
f 3660//3660 3661//3661 3805//3805
f 3660//3660 3805//3805 3804//3804
f 3661//3661 3662//3662 3806//3806
f 3661//3661 3806//3806 3805//3805
f 3662//3662 3663//3663 3807//3807
f 3662//3662 3807//3807 3806//3806
f 3663//3663 3664//3664 3808//3808
f 3663//3663 3808//3808 3807//3807
f 3664//3664 3665//3665 3809//3809
f 3664//3664 3809//3809 3808//3808
f 3665//3665 3666//3666 3810//3810
f 3665//3665 3810//3810 3809//3809
f 3666//3666 3667//3667 3811//3811
f 3666//3666 3811//3811 3810//3810
f 3667//3667 3668//3668 3812//3812
f 3667//3667 3812//3812 3811//3811
f 3668//3668 3669//3669 3813//3813
f 3668//3668 3813//3813 3812//3812
f 3669//3669 3670//3670 3814//3814
f 3669//3669 3814//3814 3813//3813
f 3670//3670 3671//3671 3815//3815
f 3670//3670 3815//3815 3814//3814
f 3671//3671 3672//3672 3816//3816
f 3671//3671 3816//3816 3815//3815
f 3672//3672 3673//3673 3817//3817
f 3672//3672 3817//3817 3816//3816
f 3673//3673 3674//3674 3818//3818
f 3673//3673 3818//3818 3817//3817
f 3674//3674 3675//3675 3819//3819
f 3674//3674 3819//3819 3818//3818
f 3675//3675 3676//3676 3820//3820
f 3675//3675 3820//3820 3819//3819
f 3676//3676 3677//3677 3821//3821
f 3676//3676 3821//3821 3820//3820
f 3677//3677 3678//3678 3822//3822
f 3677//3677 3822//3822 3821//3821
f 3678//3678 3679//3679 3823//3823
f 3678//3678 3823//3823 3822//3822
f 3679//3679 3680//3680 3824//3824
f 3679//3679 3824//3824 3823//3823
f 3680//3680 3681//3681 3825//3825
f 3680//3680 3825//3825 3824//3824
f 3681//3681 3682//3682 3826//3826
f 3681//3681 3826//3826 3825//3825
f 3682//3682 3683//3683 3827//3827
f 3682//3682 3827//3827 3826//3826
f 3683//3683 3684//3684 3828//3828
f 3683//3683 3828//3828 3827//3827
f 3684//3684 3685//3685 3829//3829
f 3684//3684 3829//3829 3828//3828
f 3685//3685 3686//3686 3830//3830
f 3685//3685 3830//3830 3829//3829
f 3686//3686 3687//3687 3831//3831
f 3686//3686 3831//3831 3830//3830
f 3687//3687 3688//3688 3832//3832
f 3687//3687 3832//3832 3831//3831
f 3688//3688 3689//3689 3833//3833
f 3688//3688 3833//3833 3832//3832
f 3689//3689 3690//3690 3834//3834
f 3689//3689 3834//3834 3833//3833
f 3690//3690 3691//3691 3835//3835
f 3690//3690 3835//3835 3834//3834
f 3691//3691 3692//3692 3836//3836
f 3691//3691 3836//3836 3835//3835
f 3692//3692 3693//3693 3837//3837
f 3692//3692 3837//3837 3836//3836
f 3693//3693 3694//3694 3838//3838
f 3693//3693 3838//3838 3837//3837
f 3694//3694 3695//3695 3839//3839
f 3694//3694 3839//3839 3838//3838
f 3695//3695 3696//3696 3840//3840
f 3695//3695 3840//3840 3839//3839
f 3696//3696 3697//3697 3841//3841
f 3696//3696 3841//3841 3840//3840
f 3697//3697 3698//3698 3842//3842
f 3697//3697 3842//3842 3841//3841
f 3698//3698 3699//3699 3843//3843
f 3698//3698 3843//3843 3842//3842
f 3699//3699 3700//3700 3844//3844
f 3699//3699 3844//3844 3843//3843
f 3700//3700 3701//3701 3845//3845
f 3700//3700 3845//3845 3844//3844
f 3701//3701 3702//3702 3846//3846
f 3701//3701 3846//3846 3845//3845
f 3702//3702 3703//3703 3847//3847
f 3702//3702 3847//3847 3846//3846
f 3703//3703 3704//3704 3848//3848
f 3703//3703 3848//3848 3847//3847
f 3704//3704 3705//3705 3849//3849
f 3704//3704 3849//3849 3848//3848
f 3705//3705 3706//3706 3850//3850
f 3705//3705 3850//3850 3849//3849
f 3706//3706 3707//3707 3851//3851
f 3706//3706 3851//3851 3850//3850
f 3707//3707 3708//3708 3852//3852
f 3707//3707 3852//3852 3851//3851
f 3708//3708 3709//3709 3853//3853
f 3708//3708 3853//3853 3852//3852
f 3709//3709 3710//3710 3854//3854
f 3709//3709 3854//3854 3853//3853
f 3710//3710 3711//3711 3855//3855
f 3710//3710 3855//3855 3854//3854
f 3711//3711 3712//3712 3856//3856
f 3711//3711 3856//3856 3855//3855
f 3712//3712 3713//3713 3857//3857
f 3712//3712 3857//3857 3856//3856
f 3713//3713 3714//3714 3858//3858
f 3713//3713 3858//3858 3857//3857
f 3714//3714 3715//3715 3859//3859
f 3714//3714 3859//3859 3858//3858
f 3715//3715 3716//3716 3860//3860
f 3715//3715 3860//3860 3859//3859
f 3716//3716 3717//3717 3861//3861
f 3716//3716 3861//3861 3860//3860
f 3717//3717 3718//3718 3862//3862
f 3717//3717 3862//3862 3861//3861
f 3718//3718 3719//3719 3863//3863
f 3718//3718 3863//3863 3862//3862
f 3719//3719 3720//3720 3864//3864
f 3719//3719 3864//3864 3863//3863
f 3720//3720 3721//3721 3865//3865
f 3720//3720 3865//3865 3864//3864
f 3721//3721 3722//3722 3866//3866
f 3721//3721 3866//3866 3865//3865
f 3722//3722 3723//3723 3867//3867
f 3722//3722 3867//3867 3866//3866
f 3723//3723 3724//3724 3868//3868
f 3723//3723 3868//3868 3867//3867
f 3724//3724 3725//3725 3869//3869
f 3724//3724 3869//3869 3868//3868
f 3725//3725 3726//3726 3870//3870
f 3725//3725 3870//3870 3869//3869
f 3726//3726 3727//3727 3871//3871
f 3726//3726 3871//3871 3870//3870
f 3727//3727 3728//3728 3872//3872
f 3727//3727 3872//3872 3871//3871
f 3728//3728 3729//3729 3873//3873
f 3728//3728 3873//3873 3872//3872
f 3729//3729 3730//3730 3874//3874
f 3729//3729 3874//3874 3873//3873
f 3730//3730 3731//3731 3875//3875
f 3730//3730 3875//3875 3874//3874
f 3731//3731 3732//3732 3876//3876
f 3731//3731 3876//3876 3875//3875
f 3732//3732 3733//3733 3877//3877
f 3732//3732 3877//3877 3876//3876
f 3733//3733 3734//3734 3878//3878
f 3733//3733 3878//3878 3877//3877
f 3734//3734 3735//3735 3879//3879
f 3734//3734 3879//3879 3878//3878
f 3735//3735 3736//3736 3880//3880
f 3735//3735 3880//3880 3879//3879
f 3736//3736 3737//3737 3881//3881
f 3736//3736 3881//3881 3880//3880
f 3737//3737 3738//3738 3882//3882
f 3737//3737 3882//3882 3881//3881
f 3738//3738 3739//3739 3883//3883
f 3738//3738 3883//3883 3882//3882
f 3739//3739 3740//3740 3884//3884
f 3739//3739 3884//3884 3883//3883
f 3740//3740 3741//3741 3885//3885
f 3740//3740 3885//3885 3884//3884
f 3741//3741 3742//3742 3886//3886
f 3741//3741 3886//3886 3885//3885
f 3742//3742 3743//3743 3887//3887
f 3742//3742 3887//3887 3886//3886
f 3743//3743 3744//3744 3888//3888
f 3743//3743 3888//3888 3887//3887
f 3744//3744 3745//3745 3889//3889
f 3744//3744 3889//3889 3888//3888
f 3745//3745 3602//3602 3746//3746
f 3745//3745 3746//3746 3889//3889
f 3746//3746 3747//3747 3891//3891
f 3746//3746 3891//3891 3890//3890
f 3747//3747 3748//3748 3892//3892
f 3747//3747 3892//3892 3891//3891
f 3748//3748 3749//3749 3893//3893
f 3748//3748 3893//3893 3892//3892
f 3749//3749 3750//3750 3894//3894
f 3749//3749 3894//3894 3893//3893
f 3750//3750 3751//3751 3895//3895
f 3750//3750 3895//3895 3894//3894
f 3751//3751 3752//3752 3896//3896
f 3751//3751 3896//3896 3895//3895
f 3752//3752 3753//3753 3897//3897
f 3752//3752 3897//3897 3896//3896
f 3753//3753 3754//3754 3898//3898
f 3753//3753 3898//3898 3897//3897
f 3754//3754 3755//3755 3899//3899
f 3754//3754 3899//3899 3898//3898
f 3755//3755 3756//3756 3900//3900
f 3755//3755 3900//3900 3899//3899
f 3756//3756 3757//3757 3901//3901
f 3756//3756 3901//3901 3900//3900
f 3757//3757 3758//3758 3902//3902
f 3757//3757 3902//3902 3901//3901
f 3758//3758 3759//3759 3903//3903
f 3758//3758 3903//3903 3902//3902
f 3759//3759 3760//3760 3904//3904
f 3759//3759 3904//3904 3903//3903
f 3760//3760 3761//3761 3905//3905
f 3760//3760 3905//3905 3904//3904
f 3761//3761 3762//3762 3906//3906
f 3761//3761 3906//3906 3905//3905
f 3762//3762 3763//3763 3907//3907
f 3762//3762 3907//3907 3906//3906
f 3763//3763 3764//3764 3908//3908
f 3763//3763 3908//3908 3907//3907
f 3764//3764 3765//3765 3909//3909
f 3764//3764 3909//3909 3908//3908
f 3765//3765 3766//3766 3910//3910
f 3765//3765 3910//3910 3909//3909
f 3766//3766 3767//3767 3911//3911
f 3766//3766 3911//3911 3910//3910
f 3767//3767 3768//3768 3912//3912
f 3767//3767 3912//3912 3911//3911
usemtl score
f 3768//3768 3769//3769 3913//3913
f 3768//3768 3913//3913 3912//3912
f 3769//3769 3770//3770 3914//3914
f 3769//3769 3914//3914 3913//3913
usemtl crust
f 3770//3770 3771//3771 3915//3915
f 3770//3770 3915//3915 3914//3914
f 3771//3771 3772//3772 3916//3916
f 3771//3771 3916//3916 3915//3915
f 3772//3772 3773//3773 3917//3917
f 3772//3772 3917//3917 3916//3916
f 3773//3773 3774//3774 3918//3918
f 3773//3773 3918//3918 3917//3917
f 3774//3774 3775//3775 3919//3919
f 3774//3774 3919//3919 3918//3918
f 3775//3775 3776//3776 3920//3920
f 3775//3775 3920//3920 3919//3919
f 3776//3776 3777//3777 3921//3921
f 3776//3776 3921//3921 3920//3920
f 3777//3777 3778//3778 3922//3922
f 3777//3777 3922//3922 3921//3921
f 3778//3778 3779//3779 3923//3923
f 3778//3778 3923//3923 3922//3922
f 3779//3779 3780//3780 3924//3924
f 3779//3779 3924//3924 3923//3923
f 3780//3780 3781//3781 3925//3925
f 3780//3780 3925//3925 3924//3924
f 3781//3781 3782//3782 3926//3926
f 3781//3781 3926//3926 3925//3925
f 3782//3782 3783//3783 3927//3927
f 3782//3782 3927//3927 3926//3926
f 3783//3783 3784//3784 3928//3928
f 3783//3783 3928//3928 3927//3927
f 3784//3784 3785//3785 3929//3929
f 3784//3784 3929//3929 3928//3928
f 3785//3785 3786//3786 3930//3930
f 3785//3785 3930//3930 3929//3929
f 3786//3786 3787//3787 3931//3931
f 3786//3786 3931//3931 3930//3930
f 3787//3787 3788//3788 3932//3932
f 3787//3787 3932//3932 3931//3931
f 3788//3788 3789//3789 3933//3933
f 3788//3788 3933//3933 3932//3932
f 3789//3789 3790//3790 3934//3934
f 3789//3789 3934//3934 3933//3933
f 3790//3790 3791//3791 3935//3935
f 3790//3790 3935//3935 3934//3934
f 3791//3791 3792//3792 3936//3936
f 3791//3791 3936//3936 3935//3935
f 3792//3792 3793//3793 3937//3937
f 3792//3792 3937//3937 3936//3936
f 3793//3793 3794//3794 3938//3938
f 3793//3793 3938//3938 3937//3937
f 3794//3794 3795//3795 3939//3939
f 3794//3794 3939//3939 3938//3938
f 3795//3795 3796//3796 3940//3940
f 3795//3795 3940//3940 3939//3939
f 3796//3796 3797//3797 3941//3941
f 3796//3796 3941//3941 3940//3940
f 3797//3797 3798//3798 3942//3942
f 3797//3797 3942//3942 3941//3941
f 3798//3798 3799//3799 3943//3943
f 3798//3798 3943//3943 3942//3942
f 3799//3799 3800//3800 3944//3944
f 3799//3799 3944//3944 3943//3943
f 3800//3800 3801//3801 3945//3945
f 3800//3800 3945//3945 3944//3944
f 3801//3801 3802//3802 3946//3946
f 3801//3801 3946//3946 3945//3945
f 3802//3802 3803//3803 3947//3947
f 3802//3802 3947//3947 3946//3946
f 3803//3803 3804//3804 3948//3948
f 3803//3803 3948//3948 3947//3947
f 3804//3804 3805//3805 3949//3949
f 3804//3804 3949//3949 3948//3948
f 3805//3805 3806//3806 3950//3950
f 3805//3805 3950//3950 3949//3949
f 3806//3806 3807//3807 3951//3951
f 3806//3806 3951//3951 3950//3950
f 3807//3807 3808//3808 3952//3952
f 3807//3807 3952//3952 3951//3951
f 3808//3808 3809//3809 3953//3953
f 3808//3808 3953//3953 3952//3952
f 3809//3809 3810//3810 3954//3954
f 3809//3809 3954//3954 3953//3953
f 3810//3810 3811//3811 3955//3955
f 3810//3810 3955//3955 3954//3954
f 3811//3811 3812//3812 3956//3956
f 3811//3811 3956//3956 3955//3955
f 3812//3812 3813//3813 3957//3957
f 3812//3812 3957//3957 3956//3956
f 3813//3813 3814//3814 3958//3958
f 3813//3813 3958//3958 3957//3957
f 3814//3814 3815//3815 3959//3959
f 3814//3814 3959//3959 3958//3958
f 3815//3815 3816//3816 3960//3960
f 3815//3815 3960//3960 3959//3959
f 3816//3816 3817//3817 3961//3961
f 3816//3816 3961//3961 3960//3960
f 3817//3817 3818//3818 3962//3962
f 3817//3817 3962//3962 3961//3961
f 3818//3818 3819//3819 3963//3963
f 3818//3818 3963//3963 3962//3962
f 3819//3819 3820//3820 3964//3964
f 3819//3819 3964//3964 3963//3963
f 3820//3820 3821//3821 3965//3965
f 3820//3820 3965//3965 3964//3964
f 3821//3821 3822//3822 3966//3966
f 3821//3821 3966//3966 3965//3965
f 3822//3822 3823//3823 3967//3967
f 3822//3822 3967//3967 3966//3966
f 3823//3823 3824//3824 3968//3968
f 3823//3823 3968//3968 3967//3967
f 3824//3824 3825//3825 3969//3969
f 3824//3824 3969//3969 3968//3968
f 3825//3825 3826//3826 3970//3970
f 3825//3825 3970//3970 3969//3969
f 3826//3826 3827//3827 3971//3971
f 3826//3826 3971//3971 3970//3970
f 3827//3827 3828//3828 3972//3972
f 3827//3827 3972//3972 3971//3971
f 3828//3828 3829//3829 3973//3973
f 3828//3828 3973//3973 3972//3972
f 3829//3829 3830//3830 3974//3974
f 3829//3829 3974//3974 3973//3973
f 3830//3830 3831//3831 3975//3975
f 3830//3830 3975//3975 3974//3974
f 3831//3831 3832//3832 3976//3976
f 3831//3831 3976//3976 3975//3975
f 3832//3832 3833//3833 3977//3977
f 3832//3832 3977//3977 3976//3976
f 3833//3833 3834//3834 3978//3978
f 3833//3833 3978//3978 3977//3977
f 3834//3834 3835//3835 3979//3979
f 3834//3834 3979//3979 3978//3978
f 3835//3835 3836//3836 3980//3980
f 3835//3835 3980//3980 3979//3979
f 3836//3836 3837//3837 3981//3981
f 3836//3836 3981//3981 3980//3980
f 3837//3837 3838//3838 3982//3982
f 3837//3837 3982//3982 3981//3981
f 3838//3838 3839//3839 3983//3983
f 3838//3838 3983//3983 3982//3982
f 3839//3839 3840//3840 3984//3984
f 3839//3839 3984//3984 3983//3983
usemtl score
f 3840//3840 3841//3841 3985//3985
f 3840//3840 3985//3985 3984//3984
f 3841//3841 3842//3842 3986//3986
f 3841//3841 3986//3986 3985//3985
usemtl crust
f 3842//3842 3843//3843 3987//3987
f 3842//3842 3987//3987 3986//3986
f 3843//3843 3844//3844 3988//3988
f 3843//3843 3988//3988 3987//3987
f 3844//3844 3845//3845 3989//3989
f 3844//3844 3989//3989 3988//3988
f 3845//3845 3846//3846 3990//3990
f 3845//3845 3990//3990 3989//3989
f 3846//3846 3847//3847 3991//3991
f 3846//3846 3991//3991 3990//3990
f 3847//3847 3848//3848 3992//3992
f 3847//3847 3992//3992 3991//3991
f 3848//3848 3849//3849 3993//3993
f 3848//3848 3993//3993 3992//3992
f 3849//3849 3850//3850 3994//3994
f 3849//3849 3994//3994 3993//3993
f 3850//3850 3851//3851 3995//3995
f 3850//3850 3995//3995 3994//3994
f 3851//3851 3852//3852 3996//3996
f 3851//3851 3996//3996 3995//3995
f 3852//3852 3853//3853 3997//3997
f 3852//3852 3997//3997 3996//3996
f 3853//3853 3854//3854 3998//3998
f 3853//3853 3998//3998 3997//3997
f 3854//3854 3855//3855 3999//3999
f 3854//3854 3999//3999 3998//3998
f 3855//3855 3856//3856 4000//4000
f 3855//3855 4000//4000 3999//3999
f 3856//3856 3857//3857 4001//4001
f 3856//3856 4001//4001 4000//4000
f 3857//3857 3858//3858 4002//4002
f 3857//3857 4002//4002 4001//4001
f 3858//3858 3859//3859 4003//4003
f 3858//3858 4003//4003 4002//4002
f 3859//3859 3860//3860 4004//4004
f 3859//3859 4004//4004 4003//4003
f 3860//3860 3861//3861 4005//4005
f 3860//3860 4005//4005 4004//4004
f 3861//3861 3862//3862 4006//4006
f 3861//3861 4006//4006 4005//4005
f 3862//3862 3863//3863 4007//4007
f 3862//3862 4007//4007 4006//4006
f 3863//3863 3864//3864 4008//4008
f 3863//3863 4008//4008 4007//4007
f 3864//3864 3865//3865 4009//4009
f 3864//3864 4009//4009 4008//4008
f 3865//3865 3866//3866 4010//4010
f 3865//3865 4010//4010 4009//4009
f 3866//3866 3867//3867 4011//4011
f 3866//3866 4011//4011 4010//4010
f 3867//3867 3868//3868 4012//4012
f 3867//3867 4012//4012 4011//4011
f 3868//3868 3869//3869 4013//4013
f 3868//3868 4013//4013 4012//4012
f 3869//3869 3870//3870 4014//4014
f 3869//3869 4014//4014 4013//4013
f 3870//3870 3871//3871 4015//4015
f 3870//3870 4015//4015 4014//4014
f 3871//3871 3872//3872 4016//4016
f 3871//3871 4016//4016 4015//4015
f 3872//3872 3873//3873 4017//4017
f 3872//3872 4017//4017 4016//4016
f 3873//3873 3874//3874 4018//4018
f 3873//3873 4018//4018 4017//4017
f 3874//3874 3875//3875 4019//4019
f 3874//3874 4019//4019 4018//4018
f 3875//3875 3876//3876 4020//4020
f 3875//3875 4020//4020 4019//4019
f 3876//3876 3877//3877 4021//4021
f 3876//3876 4021//4021 4020//4020
f 3877//3877 3878//3878 4022//4022
f 3877//3877 4022//4022 4021//4021
f 3878//3878 3879//3879 4023//4023
f 3878//3878 4023//4023 4022//4022
f 3879//3879 3880//3880 4024//4024
f 3879//3879 4024//4024 4023//4023
f 3880//3880 3881//3881 4025//4025
f 3880//3880 4025//4025 4024//4024
f 3881//3881 3882//3882 4026//4026
f 3881//3881 4026//4026 4025//4025
f 3882//3882 3883//3883 4027//4027
f 3882//3882 4027//4027 4026//4026
f 3883//3883 3884//3884 4028//4028
f 3883//3883 4028//4028 4027//4027
f 3884//3884 3885//3885 4029//4029
f 3884//3884 4029//4029 4028//4028
f 3885//3885 3886//3886 4030//4030
f 3885//3885 4030//4030 4029//4029
f 3886//3886 3887//3887 4031//4031
f 3886//3886 4031//4031 4030//4030
f 3887//3887 3888//3888 4032//4032
f 3887//3887 4032//4032 4031//4031
f 3888//3888 3889//3889 4033//4033
f 3888//3888 4033//4033 4032//4032
f 3889//3889 3746//3746 3890//3890
f 3889//3889 3890//3890 4033//4033
f 3890//3890 3891//3891 4035//4035
f 3890//3890 4035//4035 4034//4034
f 3891//3891 3892//3892 4036//4036
f 3891//3891 4036//4036 4035//4035
f 3892//3892 3893//3893 4037//4037
f 3892//3892 4037//4037 4036//4036
f 3893//3893 3894//3894 4038//4038
f 3893//3893 4038//4038 4037//4037
f 3894//3894 3895//3895 4039//4039
f 3894//3894 4039//4039 4038//4038
f 3895//3895 3896//3896 4040//4040
f 3895//3895 4040//4040 4039//4039
f 3896//3896 3897//3897 4041//4041
f 3896//3896 4041//4041 4040//4040
f 3897//3897 3898//3898 4042//4042
f 3897//3897 4042//4042 4041//4041
f 3898//3898 3899//3899 4043//4043
f 3898//3898 4043//4043 4042//4042
f 3899//3899 3900//3900 4044//4044
f 3899//3899 4044//4044 4043//4043
f 3900//3900 3901//3901 4045//4045
f 3900//3900 4045//4045 4044//4044
f 3901//3901 3902//3902 4046//4046
f 3901//3901 4046//4046 4045//4045
f 3902//3902 3903//3903 4047//4047
f 3902//3902 4047//4047 4046//4046
f 3903//3903 3904//3904 4048//4048
f 3903//3903 4048//4048 4047//4047
f 3904//3904 3905//3905 4049//4049
f 3904//3904 4049//4049 4048//4048
f 3905//3905 3906//3906 4050//4050
f 3905//3905 4050//4050 4049//4049
f 3906//3906 3907//3907 4051//4051
f 3906//3906 4051//4051 4050//4050
f 3907//3907 3908//3908 4052//4052
f 3907//3907 4052//4052 4051//4051
f 3908//3908 3909//3909 4053//4053
f 3908//3908 4053//4053 4052//4052
f 3909//3909 3910//3910 4054//4054
f 3909//3909 4054//4054 4053//4053
f 3910//3910 3911//3911 4055//4055
f 3910//3910 4055//4055 4054//4054
f 3911//3911 3912//3912 4056//4056
f 3911//3911 4056//4056 4055//4055
usemtl score
f 3912//3912 3913//3913 4057//4057
f 3912//3912 4057//4057 4056//4056
usemtl crust
f 3913//3913 3914//3914 4058//4058
usemtl score
f 3913//3913 4058//4058 4057//4057
usemtl crust
f 3914//3914 3915//3915 4059//4059
f 3914//3914 4059//4059 4058//4058
f 3915//3915 3916//3916 4060//4060
f 3915//3915 4060//4060 4059//4059
f 3916//3916 3917//3917 4061//4061
f 3916//3916 4061//4061 4060//4060
f 3917//3917 3918//3918 4062//4062
f 3917//3917 4062//4062 4061//4061
f 3918//3918 3919//3919 4063//4063
f 3918//3918 4063//4063 4062//4062
f 3919//3919 3920//3920 4064//4064
f 3919//3919 4064//4064 4063//4063
f 3920//3920 3921//3921 4065//4065
f 3920//3920 4065//4065 4064//4064
f 3921//3921 3922//3922 4066//4066
f 3921//3921 4066//4066 4065//4065
f 3922//3922 3923//3923 4067//4067
f 3922//3922 4067//4067 4066//4066
f 3923//3923 3924//3924 4068//4068
f 3923//3923 4068//4068 4067//4067
f 3924//3924 3925//3925 4069//4069
f 3924//3924 4069//4069 4068//4068
f 3925//3925 3926//3926 4070//4070
f 3925//3925 4070//4070 4069//4069
f 3926//3926 3927//3927 4071//4071
f 3926//3926 4071//4071 4070//4070
f 3927//3927 3928//3928 4072//4072
f 3927//3927 4072//4072 4071//4071
f 3928//3928 3929//3929 4073//4073
f 3928//3928 4073//4073 4072//4072
f 3929//3929 3930//3930 4074//4074
f 3929//3929 4074//4074 4073//4073
f 3930//3930 3931//3931 4075//4075
f 3930//3930 4075//4075 4074//4074
f 3931//3931 3932//3932 4076//4076
f 3931//3931 4076//4076 4075//4075
f 3932//3932 3933//3933 4077//4077
usemtl score
f 3932//3932 4077//4077 4076//4076
usemtl crust
f 3933//3933 3934//3934 4078//4078
f 3933//3933 4078//4078 4077//4077
f 3934//3934 3935//3935 4079//4079
f 3934//3934 4079//4079 4078//4078
f 3935//3935 3936//3936 4080//4080
f 3935//3935 4080//4080 4079//4079
f 3936//3936 3937//3937 4081//4081
f 3936//3936 4081//4081 4080//4080
f 3937//3937 3938//3938 4082//4082
f 3937//3937 4082//4082 4081//4081
f 3938//3938 3939//3939 4083//4083
f 3938//3938 4083//4083 4082//4082
f 3939//3939 3940//3940 4084//4084
f 3939//3939 4084//4084 4083//4083
f 3940//3940 3941//3941 4085//4085
f 3940//3940 4085//4085 4084//4084
f 3941//3941 3942//3942 4086//4086
f 3941//3941 4086//4086 4085//4085
f 3942//3942 3943//3943 4087//4087
f 3942//3942 4087//4087 4086//4086
f 3943//3943 3944//3944 4088//4088
f 3943//3943 4088//4088 4087//4087
f 3944//3944 3945//3945 4089//4089
f 3944//3944 4089//4089 4088//4088
f 3945//3945 3946//3946 4090//4090
f 3945//3945 4090//4090 4089//4089
f 3946//3946 3947//3947 4091//4091
f 3946//3946 4091//4091 4090//4090
f 3947//3947 3948//3948 4092//4092
f 3947//3947 4092//4092 4091//4091
f 3948//3948 3949//3949 4093//4093
f 3948//3948 4093//4093 4092//4092
f 3949//3949 3950//3950 4094//4094
f 3949//3949 4094//4094 4093//4093
f 3950//3950 3951//3951 4095//4095
f 3950//3950 4095//4095 4094//4094
f 3951//3951 3952//3952 4096//4096
f 3951//3951 4096//4096 4095//4095
f 3952//3952 3953//3953 4097//4097
f 3952//3952 4097//4097 4096//4096
f 3953//3953 3954//3954 4098//4098
f 3953//3953 4098//4098 4097//4097
f 3954//3954 3955//3955 4099//4099
f 3954//3954 4099//4099 4098//4098
f 3955//3955 3956//3956 4100//4100
f 3955//3955 4100//4100 4099//4099
f 3956//3956 3957//3957 4101//4101
f 3956//3956 4101//4101 4100//4100
f 3957//3957 3958//3958 4102//4102
f 3957//3957 4102//4102 4101//4101
f 3958//3958 3959//3959 4103//4103
f 3958//3958 4103//4103 4102//4102
f 3959//3959 3960//3960 4104//4104
f 3959//3959 4104//4104 4103//4103
f 3960//3960 3961//3961 4105//4105
f 3960//3960 4105//4105 4104//4104
f 3961//3961 3962//3962 4106//4106
f 3961//3961 4106//4106 4105//4105
f 3962//3962 3963//3963 4107//4107
f 3962//3962 4107//4107 4106//4106
f 3963//3963 3964//3964 4108//4108
f 3963//3963 4108//4108 4107//4107
f 3964//3964 3965//3965 4109//4109
f 3964//3964 4109//4109 4108//4108
f 3965//3965 3966//3966 4110//4110
f 3965//3965 4110//4110 4109//4109
f 3966//3966 3967//3967 4111//4111
f 3966//3966 4111//4111 4110//4110
f 3967//3967 3968//3968 4112//4112
f 3967//3967 4112//4112 4111//4111
f 3968//3968 3969//3969 4113//4113
f 3968//3968 4113//4113 4112//4112
f 3969//3969 3970//3970 4114//4114
f 3969//3969 4114//4114 4113//4113
f 3970//3970 3971//3971 4115//4115
f 3970//3970 4115//4115 4114//4114
f 3971//3971 3972//3972 4116//4116
f 3971//3971 4116//4116 4115//4115
f 3972//3972 3973//3973 4117//4117
f 3972//3972 4117//4117 4116//4116
f 3973//3973 3974//3974 4118//4118
f 3973//3973 4118//4118 4117//4117
f 3974//3974 3975//3975 4119//4119
f 3974//3974 4119//4119 4118//4118
f 3975//3975 3976//3976 4120//4120
f 3975//3975 4120//4120 4119//4119
f 3976//3976 3977//3977 4121//4121
f 3976//3976 4121//4121 4120//4120
f 3977//3977 3978//3978 4122//4122
f 3977//3977 4122//4122 4121//4121
f 3978//3978 3979//3979 4123//4123
f 3978//3978 4123//4123 4122//4122
f 3979//3979 3980//3980 4124//4124
f 3979//3979 4124//4124 4123//4123
f 3980//3980 3981//3981 4125//4125
f 3980//3980 4125//4125 4124//4124
f 3981//3981 3982//3982 4126//4126
f 3981//3981 4126//4126 4125//4125
f 3982//3982 3983//3983 4127//4127
f 3982//3982 4127//4127 4126//4126
f 3983//3983 3984//3984 4128//4128
f 3983//3983 4128//4128 4127//4127
usemtl score
f 3984//3984 3985//3985 4129//4129
f 3984//3984 4129//4129 4128//4128
usemtl crust
f 3985//3985 3986//3986 4130//4130
usemtl score
f 3985//3985 4130//4130 4129//4129
usemtl crust
f 3986//3986 3987//3987 4131//4131
f 3986//3986 4131//4131 4130//4130
f 3987//3987 3988//3988 4132//4132
f 3987//3987 4132//4132 4131//4131
f 3988//3988 3989//3989 4133//4133
f 3988//3988 4133//4133 4132//4132
f 3989//3989 3990//3990 4134//4134
f 3989//3989 4134//4134 4133//4133
f 3990//3990 3991//3991 4135//4135
f 3990//3990 4135//4135 4134//4134
f 3991//3991 3992//3992 4136//4136
f 3991//3991 4136//4136 4135//4135
f 3992//3992 3993//3993 4137//4137
f 3992//3992 4137//4137 4136//4136
f 3993//3993 3994//3994 4138//4138
f 3993//3993 4138//4138 4137//4137
f 3994//3994 3995//3995 4139//4139
f 3994//3994 4139//4139 4138//4138
f 3995//3995 3996//3996 4140//4140
f 3995//3995 4140//4140 4139//4139
f 3996//3996 3997//3997 4141//4141
f 3996//3996 4141//4141 4140//4140
f 3997//3997 3998//3998 4142//4142
f 3997//3997 4142//4142 4141//4141
f 3998//3998 3999//3999 4143//4143
f 3998//3998 4143//4143 4142//4142
f 3999//3999 4000//4000 4144//4144
f 3999//3999 4144//4144 4143//4143
f 4000//4000 4001//4001 4145//4145
f 4000//4000 4145//4145 4144//4144
f 4001//4001 4002//4002 4146//4146
f 4001//4001 4146//4146 4145//4145
f 4002//4002 4003//4003 4147//4147
f 4002//4002 4147//4147 4146//4146
f 4003//4003 4004//4004 4148//4148
f 4003//4003 4148//4148 4147//4147
f 4004//4004 4005//4005 4149//4149
usemtl score
f 4004//4004 4149//4149 4148//4148
usemtl crust
f 4005//4005 4006//4006 4150//4150
f 4005//4005 4150//4150 4149//4149
f 4006//4006 4007//4007 4151//4151
f 4006//4006 4151//4151 4150//4150
f 4007//4007 4008//4008 4152//4152
f 4007//4007 4152//4152 4151//4151
f 4008//4008 4009//4009 4153//4153
f 4008//4008 4153//4153 4152//4152
f 4009//4009 4010//4010 4154//4154
f 4009//4009 4154//4154 4153//4153
f 4010//4010 4011//4011 4155//4155
f 4010//4010 4155//4155 4154//4154
f 4011//4011 4012//4012 4156//4156
f 4011//4011 4156//4156 4155//4155
f 4012//4012 4013//4013 4157//4157
f 4012//4012 4157//4157 4156//4156
f 4013//4013 4014//4014 4158//4158
f 4013//4013 4158//4158 4157//4157
f 4014//4014 4015//4015 4159//4159
f 4014//4014 4159//4159 4158//4158
f 4015//4015 4016//4016 4160//4160
f 4015//4015 4160//4160 4159//4159
f 4016//4016 4017//4017 4161//4161
f 4016//4016 4161//4161 4160//4160
f 4017//4017 4018//4018 4162//4162
f 4017//4017 4162//4162 4161//4161
f 4018//4018 4019//4019 4163//4163
f 4018//4018 4163//4163 4162//4162
f 4019//4019 4020//4020 4164//4164
f 4019//4019 4164//4164 4163//4163
f 4020//4020 4021//4021 4165//4165
f 4020//4020 4165//4165 4164//4164
f 4021//4021 4022//4022 4166//4166
f 4021//4021 4166//4166 4165//4165
f 4022//4022 4023//4023 4167//4167
f 4022//4022 4167//4167 4166//4166
f 4023//4023 4024//4024 4168//4168
f 4023//4023 4168//4168 4167//4167
f 4024//4024 4025//4025 4169//4169
f 4024//4024 4169//4169 4168//4168
f 4025//4025 4026//4026 4170//4170
f 4025//4025 4170//4170 4169//4169
f 4026//4026 4027//4027 4171//4171
f 4026//4026 4171//4171 4170//4170
f 4027//4027 4028//4028 4172//4172
f 4027//4027 4172//4172 4171//4171
f 4028//4028 4029//4029 4173//4173
f 4028//4028 4173//4173 4172//4172
f 4029//4029 4030//4030 4174//4174
f 4029//4029 4174//4174 4173//4173
f 4030//4030 4031//4031 4175//4175
f 4030//4030 4175//4175 4174//4174
f 4031//4031 4032//4032 4176//4176
f 4031//4031 4176//4176 4175//4175
f 4032//4032 4033//4033 4177//4177
f 4032//4032 4177//4177 4176//4176
f 4033//4033 3890//3890 4034//4034
f 4033//4033 4034//4034 4177//4177
f 4034//4034 4035//4035 4179//4179
f 4034//4034 4179//4179 4178//4178
f 4035//4035 4036//4036 4180//4180
f 4035//4035 4180//4180 4179//4179
f 4036//4036 4037//4037 4181//4181
f 4036//4036 4181//4181 4180//4180
f 4037//4037 4038//4038 4182//4182
f 4037//4037 4182//4182 4181//4181
f 4038//4038 4039//4039 4183//4183
f 4038//4038 4183//4183 4182//4182
f 4039//4039 4040//4040 4184//4184
f 4039//4039 4184//4184 4183//4183
f 4040//4040 4041//4041 4185//4185
f 4040//4040 4185//4185 4184//4184
f 4041//4041 4042//4042 4186//4186
f 4041//4041 4186//4186 4185//4185
f 4042//4042 4043//4043 4187//4187
f 4042//4042 4187//4187 4186//4186
f 4043//4043 4044//4044 4188//4188
f 4043//4043 4188//4188 4187//4187
f 4044//4044 4045//4045 4189//4189
f 4044//4044 4189//4189 4188//4188
f 4045//4045 4046//4046 4190//4190
f 4045//4045 4190//4190 4189//4189
f 4046//4046 4047//4047 4191//4191
f 4046//4046 4191//4191 4190//4190
f 4047//4047 4048//4048 4192//4192
f 4047//4047 4192//4192 4191//4191
f 4048//4048 4049//4049 4193//4193
f 4048//4048 4193//4193 4192//4192
f 4049//4049 4050//4050 4194//4194
f 4049//4049 4194//4194 4193//4193
f 4050//4050 4051//4051 4195//4195
f 4050//4050 4195//4195 4194//4194
f 4051//4051 4052//4052 4196//4196
f 4051//4051 4196//4196 4195//4195
f 4052//4052 4053//4053 4197//4197
f 4052//4052 4197//4197 4196//4196
f 4053//4053 4054//4054 4198//4198
f 4053//4053 4198//4198 4197//4197
f 4054//4054 4055//4055 4199//4199
f 4054//4054 4199//4199 4198//4198
usemtl score
f 4055//4055 4056//4056 4200//4200
usemtl crust
f 4055//4055 4200//4200 4199//4199
usemtl score
f 4056//4056 4057//4057 4201//4201
f 4056//4056 4201//4201 4200//4200
usemtl crust
f 4057//4057 4058//4058 4202//4202
f 4057//4057 4202//4202 4201//4201
f 4058//4058 4059//4059 4203//4203
f 4058//4058 4203//4203 4202//4202
f 4059//4059 4060//4060 4204//4204
f 4059//4059 4204//4204 4203//4203
f 4060//4060 4061//4061 4205//4205
f 4060//4060 4205//4205 4204//4204
f 4061//4061 4062//4062 4206//4206
f 4061//4061 4206//4206 4205//4205
f 4062//4062 4063//4063 4207//4207
f 4062//4062 4207//4207 4206//4206
f 4063//4063 4064//4064 4208//4208
f 4063//4063 4208//4208 4207//4207
f 4064//4064 4065//4065 4209//4209
f 4064//4064 4209//4209 4208//4208
f 4065//4065 4066//4066 4210//4210
f 4065//4065 4210//4210 4209//4209
f 4066//4066 4067//4067 4211//4211
f 4066//4066 4211//4211 4210//4210
f 4067//4067 4068//4068 4212//4212
f 4067//4067 4212//4212 4211//4211
f 4068//4068 4069//4069 4213//4213
f 4068//4068 4213//4213 4212//4212
f 4069//4069 4070//4070 4214//4214
f 4069//4069 4214//4214 4213//4213
f 4070//4070 4071//4071 4215//4215
f 4070//4070 4215//4215 4214//4214
f 4071//4071 4072//4072 4216//4216
f 4071//4071 4216//4216 4215//4215
f 4072//4072 4073//4073 4217//4217
f 4072//4072 4217//4217 4216//4216
f 4073//4073 4074//4074 4218//4218
f 4073//4073 4218//4218 4217//4217
f 4074//4074 4075//4075 4219//4219
f 4074//4074 4219//4219 4218//4218
usemtl score
f 4075//4075 4076//4076 4220//4220
usemtl crust
f 4075//4075 4220//4220 4219//4219
usemtl score
f 4076//4076 4077//4077 4221//4221
f 4076//4076 4221//4221 4220//4220
usemtl crust
f 4077//4077 4078//4078 4222//4222
f 4077//4077 4222//4222 4221//4221
f 4078//4078 4079//4079 4223//4223
f 4078//4078 4223//4223 4222//4222
f 4079//4079 4080//4080 4224//4224
f 4079//4079 4224//4224 4223//4223
f 4080//4080 4081//4081 4225//4225
f 4080//4080 4225//4225 4224//4224
f 4081//4081 4082//4082 4226//4226
f 4081//4081 4226//4226 4225//4225
f 4082//4082 4083//4083 4227//4227
f 4082//4082 4227//4227 4226//4226
f 4083//4083 4084//4084 4228//4228
f 4083//4083 4228//4228 4227//4227
f 4084//4084 4085//4085 4229//4229
f 4084//4084 4229//4229 4228//4228
f 4085//4085 4086//4086 4230//4230
f 4085//4085 4230//4230 4229//4229
f 4086//4086 4087//4087 4231//4231
f 4086//4086 4231//4231 4230//4230
f 4087//4087 4088//4088 4232//4232
f 4087//4087 4232//4232 4231//4231
f 4088//4088 4089//4089 4233//4233
f 4088//4088 4233//4233 4232//4232
f 4089//4089 4090//4090 4234//4234
f 4089//4089 4234//4234 4233//4233
f 4090//4090 4091//4091 4235//4235
f 4090//4090 4235//4235 4234//4234
f 4091//4091 4092//4092 4236//4236
f 4091//4091 4236//4236 4235//4235
f 4092//4092 4093//4093 4237//4237
f 4092//4092 4237//4237 4236//4236
f 4093//4093 4094//4094 4238//4238
f 4093//4093 4238//4238 4237//4237
f 4094//4094 4095//4095 4239//4239
f 4094//4094 4239//4239 4238//4238
f 4095//4095 4096//4096 4240//4240
f 4095//4095 4240//4240 4239//4239
f 4096//4096 4097//4097 4241//4241
f 4096//4096 4241//4241 4240//4240
f 4097//4097 4098//4098 4242//4242
f 4097//4097 4242//4242 4241//4241
f 4098//4098 4099//4099 4243//4243
f 4098//4098 4243//4243 4242//4242
f 4099//4099 4100//4100 4244//4244
f 4099//4099 4244//4244 4243//4243
f 4100//4100 4101//4101 4245//4245
f 4100//4100 4245//4245 4244//4244
f 4101//4101 4102//4102 4246//4246
f 4101//4101 4246//4246 4245//4245
f 4102//4102 4103//4103 4247//4247
f 4102//4102 4247//4247 4246//4246
f 4103//4103 4104//4104 4248//4248
f 4103//4103 4248//4248 4247//4247
f 4104//4104 4105//4105 4249//4249
f 4104//4104 4249//4249 4248//4248
f 4105//4105 4106//4106 4250//4250
f 4105//4105 4250//4250 4249//4249
f 4106//4106 4107//4107 4251//4251
f 4106//4106 4251//4251 4250//4250
f 4107//4107 4108//4108 4252//4252
f 4107//4107 4252//4252 4251//4251
f 4108//4108 4109//4109 4253//4253
f 4108//4108 4253//4253 4252//4252
f 4109//4109 4110//4110 4254//4254
f 4109//4109 4254//4254 4253//4253
f 4110//4110 4111//4111 4255//4255
f 4110//4110 4255//4255 4254//4254
f 4111//4111 4112//4112 4256//4256
f 4111//4111 4256//4256 4255//4255
f 4112//4112 4113//4113 4257//4257
f 4112//4112 4257//4257 4256//4256
f 4113//4113 4114//4114 4258//4258
f 4113//4113 4258//4258 4257//4257
f 4114//4114 4115//4115 4259//4259
f 4114//4114 4259//4259 4258//4258
f 4115//4115 4116//4116 4260//4260
f 4115//4115 4260//4260 4259//4259
f 4116//4116 4117//4117 4261//4261
f 4116//4116 4261//4261 4260//4260
f 4117//4117 4118//4118 4262//4262
f 4117//4117 4262//4262 4261//4261
f 4118//4118 4119//4119 4263//4263
f 4118//4118 4263//4263 4262//4262
f 4119//4119 4120//4120 4264//4264
f 4119//4119 4264//4264 4263//4263
f 4120//4120 4121//4121 4265//4265
f 4120//4120 4265//4265 4264//4264
f 4121//4121 4122//4122 4266//4266
f 4121//4121 4266//4266 4265//4265
f 4122//4122 4123//4123 4267//4267
f 4122//4122 4267//4267 4266//4266
f 4123//4123 4124//4124 4268//4268
f 4123//4123 4268//4268 4267//4267
f 4124//4124 4125//4125 4269//4269
f 4124//4124 4269//4269 4268//4268
f 4125//4125 4126//4126 4270//4270
f 4125//4125 4270//4270 4269//4269
f 4126//4126 4127//4127 4271//4271
f 4126//4126 4271//4271 4270//4270
usemtl score
f 4127//4127 4128//4128 4272//4272
usemtl crust
f 4127//4127 4272//4272 4271//4271
usemtl score
f 4128//4128 4129//4129 4273//4273
f 4128//4128 4273//4273 4272//4272
usemtl crust
f 4129//4129 4130//4130 4274//4274
f 4129//4129 4274//4274 4273//4273
f 4130//4130 4131//4131 4275//4275
f 4130//4130 4275//4275 4274//4274
f 4131//4131 4132//4132 4276//4276
f 4131//4131 4276//4276 4275//4275
f 4132//4132 4133//4133 4277//4277
f 4132//4132 4277//4277 4276//4276
f 4133//4133 4134//4134 4278//4278
f 4133//4133 4278//4278 4277//4277
f 4134//4134 4135//4135 4279//4279
f 4134//4134 4279//4279 4278//4278
f 4135//4135 4136//4136 4280//4280
f 4135//4135 4280//4280 4279//4279
f 4136//4136 4137//4137 4281//4281
f 4136//4136 4281//4281 4280//4280
f 4137//4137 4138//4138 4282//4282
f 4137//4137 4282//4282 4281//4281
f 4138//4138 4139//4139 4283//4283
f 4138//4138 4283//4283 4282//4282
f 4139//4139 4140//4140 4284//4284
f 4139//4139 4284//4284 4283//4283
f 4140//4140 4141//4141 4285//4285
f 4140//4140 4285//4285 4284//4284
f 4141//4141 4142//4142 4286//4286
f 4141//4141 4286//4286 4285//4285
f 4142//4142 4143//4143 4287//4287
f 4142//4142 4287//4287 4286//4286
f 4143//4143 4144//4144 4288//4288
f 4143//4143 4288//4288 4287//4287
f 4144//4144 4145//4145 4289//4289
f 4144//4144 4289//4289 4288//4288
f 4145//4145 4146//4146 4290//4290
f 4145//4145 4290//4290 4289//4289
f 4146//4146 4147//4147 4291//4291
f 4146//4146 4291//4291 4290//4290
usemtl score
f 4147//4147 4148//4148 4292//4292
usemtl crust
f 4147//4147 4292//4292 4291//4291
usemtl score
f 4148//4148 4149//4149 4293//4293
f 4148//4148 4293//4293 4292//4292
usemtl crust
f 4149//4149 4150//4150 4294//4294
f 4149//4149 4294//4294 4293//4293
f 4150//4150 4151//4151 4295//4295
f 4150//4150 4295//4295 4294//4294
f 4151//4151 4152//4152 4296//4296
f 4151//4151 4296//4296 4295//4295
f 4152//4152 4153//4153 4297//4297
f 4152//4152 4297//4297 4296//4296
f 4153//4153 4154//4154 4298//4298
f 4153//4153 4298//4298 4297//4297
f 4154//4154 4155//4155 4299//4299
f 4154//4154 4299//4299 4298//4298
f 4155//4155 4156//4156 4300//4300
f 4155//4155 4300//4300 4299//4299
f 4156//4156 4157//4157 4301//4301
f 4156//4156 4301//4301 4300//4300
f 4157//4157 4158//4158 4302//4302
f 4157//4157 4302//4302 4301//4301
f 4158//4158 4159//4159 4303//4303
f 4158//4158 4303//4303 4302//4302
f 4159//4159 4160//4160 4304//4304
f 4159//4159 4304//4304 4303//4303
f 4160//4160 4161//4161 4305//4305
f 4160//4160 4305//4305 4304//4304
f 4161//4161 4162//4162 4306//4306
f 4161//4161 4306//4306 4305//4305
f 4162//4162 4163//4163 4307//4307
f 4162//4162 4307//4307 4306//4306
f 4163//4163 4164//4164 4308//4308
f 4163//4163 4308//4308 4307//4307
f 4164//4164 4165//4165 4309//4309
f 4164//4164 4309//4309 4308//4308
f 4165//4165 4166//4166 4310//4310
f 4165//4165 4310//4310 4309//4309
f 4166//4166 4167//4167 4311//4311
f 4166//4166 4311//4311 4310//4310
f 4167//4167 4168//4168 4312//4312
f 4167//4167 4312//4312 4311//4311
f 4168//4168 4169//4169 4313//4313
f 4168//4168 4313//4313 4312//4312
f 4169//4169 4170//4170 4314//4314
f 4169//4169 4314//4314 4313//4313
f 4170//4170 4171//4171 4315//4315
f 4170//4170 4315//4315 4314//4314
f 4171//4171 4172//4172 4316//4316
f 4171//4171 4316//4316 4315//4315
f 4172//4172 4173//4173 4317//4317
f 4172//4172 4317//4317 4316//4316
f 4173//4173 4174//4174 4318//4318
f 4173//4173 4318//4318 4317//4317
f 4174//4174 4175//4175 4319//4319
f 4174//4174 4319//4319 4318//4318
f 4175//4175 4176//4176 4320//4320
f 4175//4175 4320//4320 4319//4319
f 4176//4176 4177//4177 4321//4321
f 4176//4176 4321//4321 4320//4320
f 4177//4177 4034//4034 4178//4178
f 4177//4177 4178//4178 4321//4321
f 4178//4178 4179//4179 4323//4323
f 4178//4178 4323//4323 4322//4322
f 4179//4179 4180//4180 4324//4324
f 4179//4179 4324//4324 4323//4323
f 4180//4180 4181//4181 4325//4325
f 4180//4180 4325//4325 4324//4324
f 4181//4181 4182//4182 4326//4326
f 4181//4181 4326//4326 4325//4325
f 4182//4182 4183//4183 4327//4327
f 4182//4182 4327//4327 4326//4326
f 4183//4183 4184//4184 4328//4328
f 4183//4183 4328//4328 4327//4327
f 4184//4184 4185//4185 4329//4329
f 4184//4184 4329//4329 4328//4328
f 4185//4185 4186//4186 4330//4330
f 4185//4185 4330//4330 4329//4329
f 4186//4186 4187//4187 4331//4331
f 4186//4186 4331//4331 4330//4330
f 4187//4187 4188//4188 4332//4332
f 4187//4187 4332//4332 4331//4331
f 4188//4188 4189//4189 4333//4333
f 4188//4188 4333//4333 4332//4332
f 4189//4189 4190//4190 4334//4334
f 4189//4189 4334//4334 4333//4333
f 4190//4190 4191//4191 4335//4335
f 4190//4190 4335//4335 4334//4334
f 4191//4191 4192//4192 4336//4336
f 4191//4191 4336//4336 4335//4335
f 4192//4192 4193//4193 4337//4337
f 4192//4192 4337//4337 4336//4336
f 4193//4193 4194//4194 4338//4338
f 4193//4193 4338//4338 4337//4337
f 4194//4194 4195//4195 4339//4339
f 4194//4194 4339//4339 4338//4338
f 4195//4195 4196//4196 4340//4340
f 4195//4195 4340//4340 4339//4339
f 4196//4196 4197//4197 4341//4341
f 4196//4196 4341//4341 4340//4340
f 4197//4197 4198//4198 4342//4342
f 4197//4197 4342//4342 4341//4341
f 4198//4198 4199//4199 4343//4343
f 4198//4198 4343//4343 4342//4342
usemtl score
f 4199//4199 4200//4200 4344//4344
f 4199//4199 4344//4344 4343//4343
f 4200//4200 4201//4201 4345//4345
f 4200//4200 4345//4345 4344//4344
usemtl crust
f 4201//4201 4202//4202 4346//4346
f 4201//4201 4346//4346 4345//4345
f 4202//4202 4203//4203 4347//4347
f 4202//4202 4347//4347 4346//4346
f 4203//4203 4204//4204 4348//4348
f 4203//4203 4348//4348 4347//4347
f 4204//4204 4205//4205 4349//4349
f 4204//4204 4349//4349 4348//4348
f 4205//4205 4206//4206 4350//4350
f 4205//4205 4350//4350 4349//4349
f 4206//4206 4207//4207 4351//4351
f 4206//4206 4351//4351 4350//4350
f 4207//4207 4208//4208 4352//4352
f 4207//4207 4352//4352 4351//4351
f 4208//4208 4209//4209 4353//4353
f 4208//4208 4353//4353 4352//4352
f 4209//4209 4210//4210 4354//4354
f 4209//4209 4354//4354 4353//4353
f 4210//4210 4211//4211 4355//4355
f 4210//4210 4355//4355 4354//4354
f 4211//4211 4212//4212 4356//4356
f 4211//4211 4356//4356 4355//4355
usemtl score
f 4212//4212 4213//4213 4357//4357
f 4212//4212 4357//4357 4356//4356
usemtl crust
f 4213//4213 4214//4214 4358//4358
f 4213//4213 4358//4358 4357//4357
f 4214//4214 4215//4215 4359//4359
f 4214//4214 4359//4359 4358//4358
f 4215//4215 4216//4216 4360//4360
f 4215//4215 4360//4360 4359//4359
f 4216//4216 4217//4217 4361//4361
f 4216//4216 4361//4361 4360//4360
f 4217//4217 4218//4218 4362//4362
f 4217//4217 4362//4362 4361//4361
f 4218//4218 4219//4219 4363//4363
f 4218//4218 4363//4363 4362//4362
usemtl score
f 4219//4219 4220//4220 4364//4364
usemtl crust
f 4219//4219 4364//4364 4363//4363
usemtl score
f 4220//4220 4221//4221 4365//4365
f 4220//4220 4365//4365 4364//4364
usemtl crust
f 4221//4221 4222//4222 4366//4366
f 4221//4221 4366//4366 4365//4365
f 4222//4222 4223//4223 4367//4367
f 4222//4222 4367//4367 4366//4366
f 4223//4223 4224//4224 4368//4368
f 4223//4223 4368//4368 4367//4367
f 4224//4224 4225//4225 4369//4369
f 4224//4224 4369//4369 4368//4368
f 4225//4225 4226//4226 4370//4370
f 4225//4225 4370//4370 4369//4369
f 4226//4226 4227//4227 4371//4371
f 4226//4226 4371//4371 4370//4370
f 4227//4227 4228//4228 4372//4372
f 4227//4227 4372//4372 4371//4371
f 4228//4228 4229//4229 4373//4373
f 4228//4228 4373//4373 4372//4372
f 4229//4229 4230//4230 4374//4374
f 4229//4229 4374//4374 4373//4373
f 4230//4230 4231//4231 4375//4375
f 4230//4230 4375//4375 4374//4374
f 4231//4231 4232//4232 4376//4376
f 4231//4231 4376//4376 4375//4375
f 4232//4232 4233//4233 4377//4377
f 4232//4232 4377//4377 4376//4376
f 4233//4233 4234//4234 4378//4378
f 4233//4233 4378//4378 4377//4377
f 4234//4234 4235//4235 4379//4379
f 4234//4234 4379//4379 4378//4378
f 4235//4235 4236//4236 4380//4380
f 4235//4235 4380//4380 4379//4379
f 4236//4236 4237//4237 4381//4381
f 4236//4236 4381//4381 4380//4380
f 4237//4237 4238//4238 4382//4382
f 4237//4237 4382//4382 4381//4381
f 4238//4238 4239//4239 4383//4383
f 4238//4238 4383//4383 4382//4382
f 4239//4239 4240//4240 4384//4384
f 4239//4239 4384//4384 4383//4383
f 4240//4240 4241//4241 4385//4385
f 4240//4240 4385//4385 4384//4384
f 4241//4241 4242//4242 4386//4386
f 4241//4241 4386//4386 4385//4385
f 4242//4242 4243//4243 4387//4387
f 4242//4242 4387//4387 4386//4386
f 4243//4243 4244//4244 4388//4388
f 4243//4243 4388//4388 4387//4387
f 4244//4244 4245//4245 4389//4389
f 4244//4244 4389//4389 4388//4388
f 4245//4245 4246//4246 4390//4390
f 4245//4245 4390//4390 4389//4389
f 4246//4246 4247//4247 4391//4391
f 4246//4246 4391//4391 4390//4390
f 4247//4247 4248//4248 4392//4392
f 4247//4247 4392//4392 4391//4391
f 4248//4248 4249//4249 4393//4393
f 4248//4248 4393//4393 4392//4392
f 4249//4249 4250//4250 4394//4394
f 4249//4249 4394//4394 4393//4393
f 4250//4250 4251//4251 4395//4395
f 4250//4250 4395//4395 4394//4394
f 4251//4251 4252//4252 4396//4396
f 4251//4251 4396//4396 4395//4395
f 4252//4252 4253//4253 4397//4397
f 4252//4252 4397//4397 4396//4396
f 4253//4253 4254//4254 4398//4398
f 4253//4253 4398//4398 4397//4397
f 4254//4254 4255//4255 4399//4399
f 4254//4254 4399//4399 4398//4398
f 4255//4255 4256//4256 4400//4400
f 4255//4255 4400//4400 4399//4399
f 4256//4256 4257//4257 4401//4401
f 4256//4256 4401//4401 4400//4400
f 4257//4257 4258//4258 4402//4402
f 4257//4257 4402//4402 4401//4401
f 4258//4258 4259//4259 4403//4403
f 4258//4258 4403//4403 4402//4402
f 4259//4259 4260//4260 4404//4404
f 4259//4259 4404//4404 4403//4403
f 4260//4260 4261//4261 4405//4405
f 4260//4260 4405//4405 4404//4404
f 4261//4261 4262//4262 4406//4406
f 4261//4261 4406//4406 4405//4405
f 4262//4262 4263//4263 4407//4407
f 4262//4262 4407//4407 4406//4406
f 4263//4263 4264//4264 4408//4408
f 4263//4263 4408//4408 4407//4407
f 4264//4264 4265//4265 4409//4409
f 4264//4264 4409//4409 4408//4408
f 4265//4265 4266//4266 4410//4410
f 4265//4265 4410//4410 4409//4409
f 4266//4266 4267//4267 4411//4411
f 4266//4266 4411//4411 4410//4410
f 4267//4267 4268//4268 4412//4412
f 4267//4267 4412//4412 4411//4411
f 4268//4268 4269//4269 4413//4413
f 4268//4268 4413//4413 4412//4412
f 4269//4269 4270//4270 4414//4414
f 4269//4269 4414//4414 4413//4413
f 4270//4270 4271//4271 4415//4415
f 4270//4270 4415//4415 4414//4414
usemtl score
f 4271//4271 4272//4272 4416//4416
f 4271//4271 4416//4416 4415//4415
f 4272//4272 4273//4273 4417//4417
f 4272//4272 4417//4417 4416//4416
usemtl crust
f 4273//4273 4274//4274 4418//4418
f 4273//4273 4418//4418 4417//4417
f 4274//4274 4275//4275 4419//4419
f 4274//4274 4419//4419 4418//4418
f 4275//4275 4276//4276 4420//4420
f 4275//4275 4420//4420 4419//4419
f 4276//4276 4277//4277 4421//4421
f 4276//4276 4421//4421 4420//4420
f 4277//4277 4278//4278 4422//4422
f 4277//4277 4422//4422 4421//4421
f 4278//4278 4279//4279 4423//4423
f 4278//4278 4423//4423 4422//4422
f 4279//4279 4280//4280 4424//4424
f 4279//4279 4424//4424 4423//4423
f 4280//4280 4281//4281 4425//4425
f 4280//4280 4425//4425 4424//4424
f 4281//4281 4282//4282 4426//4426
f 4281//4281 4426//4426 4425//4425
f 4282//4282 4283//4283 4427//4427
f 4282//4282 4427//4427 4426//4426
f 4283//4283 4284//4284 4428//4428
f 4283//4283 4428//4428 4427//4427
usemtl score
f 4284//4284 4285//4285 4429//4429
f 4284//4284 4429//4429 4428//4428
usemtl crust
f 4285//4285 4286//4286 4430//4430
f 4285//4285 4430//4430 4429//4429
f 4286//4286 4287//4287 4431//4431
f 4286//4286 4431//4431 4430//4430
f 4287//4287 4288//4288 4432//4432
f 4287//4287 4432//4432 4431//4431
f 4288//4288 4289//4289 4433//4433
f 4288//4288 4433//4433 4432//4432
f 4289//4289 4290//4290 4434//4434
f 4289//4289 4434//4434 4433//4433
f 4290//4290 4291//4291 4435//4435
f 4290//4290 4435//4435 4434//4434
usemtl score
f 4291//4291 4292//4292 4436//4436
usemtl crust
f 4291//4291 4436//4436 4435//4435
usemtl score
f 4292//4292 4293//4293 4437//4437
f 4292//4292 4437//4437 4436//4436
usemtl crust
f 4293//4293 4294//4294 4438//4438
f 4293//4293 4438//4438 4437//4437
f 4294//4294 4295//4295 4439//4439
f 4294//4294 4439//4439 4438//4438
f 4295//4295 4296//4296 4440//4440
f 4295//4295 4440//4440 4439//4439
f 4296//4296 4297//4297 4441//4441
f 4296//4296 4441//4441 4440//4440
f 4297//4297 4298//4298 4442//4442
f 4297//4297 4442//4442 4441//4441
f 4298//4298 4299//4299 4443//4443
f 4298//4298 4443//4443 4442//4442
f 4299//4299 4300//4300 4444//4444
f 4299//4299 4444//4444 4443//4443
f 4300//4300 4301//4301 4445//4445
f 4300//4300 4445//4445 4444//4444
f 4301//4301 4302//4302 4446//4446
f 4301//4301 4446//4446 4445//4445
f 4302//4302 4303//4303 4447//4447
f 4302//4302 4447//4447 4446//4446
f 4303//4303 4304//4304 4448//4448
f 4303//4303 4448//4448 4447//4447
f 4304//4304 4305//4305 4449//4449
f 4304//4304 4449//4449 4448//4448
f 4305//4305 4306//4306 4450//4450
f 4305//4305 4450//4450 4449//4449
f 4306//4306 4307//4307 4451//4451
f 4306//4306 4451//4451 4450//4450
f 4307//4307 4308//4308 4452//4452
f 4307//4307 4452//4452 4451//4451
f 4308//4308 4309//4309 4453//4453
f 4308//4308 4453//4453 4452//4452
f 4309//4309 4310//4310 4454//4454
f 4309//4309 4454//4454 4453//4453
f 4310//4310 4311//4311 4455//4455
f 4310//4310 4455//4455 4454//4454
f 4311//4311 4312//4312 4456//4456
f 4311//4311 4456//4456 4455//4455
f 4312//4312 4313//4313 4457//4457
f 4312//4312 4457//4457 4456//4456
f 4313//4313 4314//4314 4458//4458
f 4313//4313 4458//4458 4457//4457
f 4314//4314 4315//4315 4459//4459
f 4314//4314 4459//4459 4458//4458
f 4315//4315 4316//4316 4460//4460
f 4315//4315 4460//4460 4459//4459
f 4316//4316 4317//4317 4461//4461
f 4316//4316 4461//4461 4460//4460
f 4317//4317 4318//4318 4462//4462
f 4317//4317 4462//4462 4461//4461
f 4318//4318 4319//4319 4463//4463
f 4318//4318 4463//4463 4462//4462
f 4319//4319 4320//4320 4464//4464
f 4319//4319 4464//4464 4463//4463
f 4320//4320 4321//4321 4465//4465
f 4320//4320 4465//4465 4464//4464
f 4321//4321 4178//4178 4322//4322
f 4321//4321 4322//4322 4465//4465
f 4322//4322 4323//4323 4467//4467
f 4322//4322 4467//4467 4466//4466
f 4323//4323 4324//4324 4468//4468
f 4323//4323 4468//4468 4467//4467
f 4324//4324 4325//4325 4469//4469
f 4324//4324 4469//4469 4468//4468
f 4325//4325 4326//4326 4470//4470
f 4325//4325 4470//4470 4469//4469
f 4326//4326 4327//4327 4471//4471
f 4326//4326 4471//4471 4470//4470
f 4327//4327 4328//4328 4472//4472
f 4327//4327 4472//4472 4471//4471
f 4328//4328 4329//4329 4473//4473
f 4328//4328 4473//4473 4472//4472
f 4329//4329 4330//4330 4474//4474
f 4329//4329 4474//4474 4473//4473
f 4330//4330 4331//4331 4475//4475
f 4330//4330 4475//4475 4474//4474
f 4331//4331 4332//4332 4476//4476
f 4331//4331 4476//4476 4475//4475
f 4332//4332 4333//4333 4477//4477
f 4332//4332 4477//4477 4476//4476
f 4333//4333 4334//4334 4478//4478
f 4333//4333 4478//4478 4477//4477
f 4334//4334 4335//4335 4479//4479
f 4334//4334 4479//4479 4478//4478
f 4335//4335 4336//4336 4480//4480
f 4335//4335 4480//4480 4479//4479
f 4336//4336 4337//4337 4481//4481
f 4336//4336 4481//4481 4480//4480
f 4337//4337 4338//4338 4482//4482
f 4337//4337 4482//4482 4481//4481
f 4338//4338 4339//4339 4483//4483
f 4338//4338 4483//4483 4482//4482
f 4339//4339 4340//4340 4484//4484
f 4339//4339 4484//4484 4483//4483
f 4340//4340 4341//4341 4485//4485
f 4340//4340 4485//4485 4484//4484
f 4341//4341 4342//4342 4486//4486
f 4341//4341 4486//4486 4485//4485
f 4342//4342 4343//4343 4487//4487
f 4342//4342 4487//4487 4486//4486
usemtl score
f 4343//4343 4344//4344 4488//4488
f 4343//4343 4488//4488 4487//4487
f 4344//4344 4345//4345 4489//4489
f 4344//4344 4489//4489 4488//4488
usemtl crust
f 4345//4345 4346//4346 4490//4490
f 4345//4345 4490//4490 4489//4489
f 4346//4346 4347//4347 4491//4491
f 4346//4346 4491//4491 4490//4490
f 4347//4347 4348//4348 4492//4492
f 4347//4347 4492//4492 4491//4491
f 4348//4348 4349//4349 4493//4493
f 4348//4348 4493//4493 4492//4492
f 4349//4349 4350//4350 4494//4494
f 4349//4349 4494//4494 4493//4493
f 4350//4350 4351//4351 4495//4495
f 4350//4350 4495//4495 4494//4494
f 4351//4351 4352//4352 4496//4496
f 4351//4351 4496//4496 4495//4495
f 4352//4352 4353//4353 4497//4497
f 4352//4352 4497//4497 4496//4496
f 4353//4353 4354//4354 4498//4498
f 4353//4353 4498//4498 4497//4497
f 4354//4354 4355//4355 4499//4499
f 4354//4354 4499//4499 4498//4498
f 4355//4355 4356//4356 4500//4500
f 4355//4355 4500//4500 4499//4499
usemtl score
f 4356//4356 4357//4357 4501//4501
f 4356//4356 4501//4501 4500//4500
usemtl crust
f 4357//4357 4358//4358 4502//4502
f 4357//4357 4502//4502 4501//4501
f 4358//4358 4359//4359 4503//4503
f 4358//4358 4503//4503 4502//4502
f 4359//4359 4360//4360 4504//4504
f 4359//4359 4504//4504 4503//4503
f 4360//4360 4361//4361 4505//4505
f 4360//4360 4505//4505 4504//4504
f 4361//4361 4362//4362 4506//4506
f 4361//4361 4506//4506 4505//4505
f 4362//4362 4363//4363 4507//4507
f 4362//4362 4507//4507 4506//4506
f 4363//4363 4364//4364 4508//4508
f 4363//4363 4508//4508 4507//4507
usemtl score
f 4364//4364 4365//4365 4509//4509
f 4364//4364 4509//4509 4508//4508
usemtl crust
f 4365//4365 4366//4366 4510//4510
usemtl score
f 4365//4365 4510//4510 4509//4509
usemtl crust
f 4366//4366 4367//4367 4511//4511
f 4366//4366 4511//4511 4510//4510
f 4367//4367 4368//4368 4512//4512
f 4367//4367 4512//4512 4511//4511
f 4368//4368 4369//4369 4513//4513
f 4368//4368 4513//4513 4512//4512
f 4369//4369 4370//4370 4514//4514
f 4369//4369 4514//4514 4513//4513
f 4370//4370 4371//4371 4515//4515
f 4370//4370 4515//4515 4514//4514
f 4371//4371 4372//4372 4516//4516
f 4371//4371 4516//4516 4515//4515
f 4372//4372 4373//4373 4517//4517
f 4372//4372 4517//4517 4516//4516
f 4373//4373 4374//4374 4518//4518
f 4373//4373 4518//4518 4517//4517
f 4374//4374 4375//4375 4519//4519
f 4374//4374 4519//4519 4518//4518
f 4375//4375 4376//4376 4520//4520
f 4375//4375 4520//4520 4519//4519
f 4376//4376 4377//4377 4521//4521
f 4376//4376 4521//4521 4520//4520
f 4377//4377 4378//4378 4522//4522
f 4377//4377 4522//4522 4521//4521
f 4378//4378 4379//4379 4523//4523
f 4378//4378 4523//4523 4522//4522
f 4379//4379 4380//4380 4524//4524
f 4379//4379 4524//4524 4523//4523
f 4380//4380 4381//4381 4525//4525
f 4380//4380 4525//4525 4524//4524
f 4381//4381 4382//4382 4526//4526
f 4381//4381 4526//4526 4525//4525
f 4382//4382 4383//4383 4527//4527
f 4382//4382 4527//4527 4526//4526
f 4383//4383 4384//4384 4528//4528
f 4383//4383 4528//4528 4527//4527
f 4384//4384 4385//4385 4529//4529
f 4384//4384 4529//4529 4528//4528
f 4385//4385 4386//4386 4530//4530
f 4385//4385 4530//4530 4529//4529
f 4386//4386 4387//4387 4531//4531
f 4386//4386 4531//4531 4530//4530
f 4387//4387 4388//4388 4532//4532
f 4387//4387 4532//4532 4531//4531
f 4388//4388 4389//4389 4533//4533
f 4388//4388 4533//4533 4532//4532
f 4389//4389 4390//4390 4534//4534
f 4389//4389 4534//4534 4533//4533
f 4390//4390 4391//4391 4535//4535
f 4390//4390 4535//4535 4534//4534
f 4391//4391 4392//4392 4536//4536
f 4391//4391 4536//4536 4535//4535
f 4392//4392 4393//4393 4537//4537
f 4392//4392 4537//4537 4536//4536
f 4393//4393 4394//4394 4538//4538
f 4393//4393 4538//4538 4537//4537
f 4394//4394 4395//4395 4539//4539
f 4394//4394 4539//4539 4538//4538
f 4395//4395 4396//4396 4540//4540
f 4395//4395 4540//4540 4539//4539
f 4396//4396 4397//4397 4541//4541
f 4396//4396 4541//4541 4540//4540
f 4397//4397 4398//4398 4542//4542
f 4397//4397 4542//4542 4541//4541
f 4398//4398 4399//4399 4543//4543
f 4398//4398 4543//4543 4542//4542
f 4399//4399 4400//4400 4544//4544
f 4399//4399 4544//4544 4543//4543
f 4400//4400 4401//4401 4545//4545
f 4400//4400 4545//4545 4544//4544
f 4401//4401 4402//4402 4546//4546
f 4401//4401 4546//4546 4545//4545
f 4402//4402 4403//4403 4547//4547
f 4402//4402 4547//4547 4546//4546
f 4403//4403 4404//4404 4548//4548
f 4403//4403 4548//4548 4547//4547
f 4404//4404 4405//4405 4549//4549
f 4404//4404 4549//4549 4548//4548
f 4405//4405 4406//4406 4550//4550
f 4405//4405 4550//4550 4549//4549
f 4406//4406 4407//4407 4551//4551
f 4406//4406 4551//4551 4550//4550
f 4407//4407 4408//4408 4552//4552
f 4407//4407 4552//4552 4551//4551
f 4408//4408 4409//4409 4553//4553
f 4408//4408 4553//4553 4552//4552
f 4409//4409 4410//4410 4554//4554
f 4409//4409 4554//4554 4553//4553
f 4410//4410 4411//4411 4555//4555
f 4410//4410 4555//4555 4554//4554
f 4411//4411 4412//4412 4556//4556
f 4411//4411 4556//4556 4555//4555
f 4412//4412 4413//4413 4557//4557
f 4412//4412 4557//4557 4556//4556
f 4413//4413 4414//4414 4558//4558
f 4413//4413 4558//4558 4557//4557
f 4414//4414 4415//4415 4559//4559
f 4414//4414 4559//4559 4558//4558
usemtl score
f 4415//4415 4416//4416 4560//4560
f 4415//4415 4560//4560 4559//4559
f 4416//4416 4417//4417 4561//4561
f 4416//4416 4561//4561 4560//4560
usemtl crust
f 4417//4417 4418//4418 4562//4562
f 4417//4417 4562//4562 4561//4561
f 4418//4418 4419//4419 4563//4563
f 4418//4418 4563//4563 4562//4562
f 4419//4419 4420//4420 4564//4564
f 4419//4419 4564//4564 4563//4563
f 4420//4420 4421//4421 4565//4565
f 4420//4420 4565//4565 4564//4564
f 4421//4421 4422//4422 4566//4566
f 4421//4421 4566//4566 4565//4565
f 4422//4422 4423//4423 4567//4567
f 4422//4422 4567//4567 4566//4566
f 4423//4423 4424//4424 4568//4568
f 4423//4423 4568//4568 4567//4567
f 4424//4424 4425//4425 4569//4569
f 4424//4424 4569//4569 4568//4568
f 4425//4425 4426//4426 4570//4570
f 4425//4425 4570//4570 4569//4569
f 4426//4426 4427//4427 4571//4571
f 4426//4426 4571//4571 4570//4570
f 4427//4427 4428//4428 4572//4572
f 4427//4427 4572//4572 4571//4571
usemtl score
f 4428//4428 4429//4429 4573//4573
f 4428//4428 4573//4573 4572//4572
usemtl crust
f 4429//4429 4430//4430 4574//4574
f 4429//4429 4574//4574 4573//4573
f 4430//4430 4431//4431 4575//4575
f 4430//4430 4575//4575 4574//4574
f 4431//4431 4432//4432 4576//4576
f 4431//4431 4576//4576 4575//4575
f 4432//4432 4433//4433 4577//4577
f 4432//4432 4577//4577 4576//4576
f 4433//4433 4434//4434 4578//4578
f 4433//4433 4578//4578 4577//4577
f 4434//4434 4435//4435 4579//4579
f 4434//4434 4579//4579 4578//4578
f 4435//4435 4436//4436 4580//4580
f 4435//4435 4580//4580 4579//4579
usemtl score
f 4436//4436 4437//4437 4581//4581
f 4436//4436 4581//4581 4580//4580
usemtl crust
f 4437//4437 4438//4438 4582//4582
usemtl score
f 4437//4437 4582//4582 4581//4581
usemtl crust
f 4438//4438 4439//4439 4583//4583
f 4438//4438 4583//4583 4582//4582
f 4439//4439 4440//4440 4584//4584
f 4439//4439 4584//4584 4583//4583
f 4440//4440 4441//4441 4585//4585
f 4440//4440 4585//4585 4584//4584
f 4441//4441 4442//4442 4586//4586
f 4441//4441 4586//4586 4585//4585
f 4442//4442 4443//4443 4587//4587
f 4442//4442 4587//4587 4586//4586
f 4443//4443 4444//4444 4588//4588
f 4443//4443 4588//4588 4587//4587
f 4444//4444 4445//4445 4589//4589
f 4444//4444 4589//4589 4588//4588
f 4445//4445 4446//4446 4590//4590
f 4445//4445 4590//4590 4589//4589
f 4446//4446 4447//4447 4591//4591
f 4446//4446 4591//4591 4590//4590
f 4447//4447 4448//4448 4592//4592
f 4447//4447 4592//4592 4591//4591
f 4448//4448 4449//4449 4593//4593
f 4448//4448 4593//4593 4592//4592
f 4449//4449 4450//4450 4594//4594
f 4449//4449 4594//4594 4593//4593
f 4450//4450 4451//4451 4595//4595
f 4450//4450 4595//4595 4594//4594
f 4451//4451 4452//4452 4596//4596
f 4451//4451 4596//4596 4595//4595
f 4452//4452 4453//4453 4597//4597
f 4452//4452 4597//4597 4596//4596
f 4453//4453 4454//4454 4598//4598
f 4453//4453 4598//4598 4597//4597
f 4454//4454 4455//4455 4599//4599
f 4454//4454 4599//4599 4598//4598
f 4455//4455 4456//4456 4600//4600
f 4455//4455 4600//4600 4599//4599
f 4456//4456 4457//4457 4601//4601
f 4456//4456 4601//4601 4600//4600
f 4457//4457 4458//4458 4602//4602
f 4457//4457 4602//4602 4601//4601
f 4458//4458 4459//4459 4603//4603
f 4458//4458 4603//4603 4602//4602
f 4459//4459 4460//4460 4604//4604
f 4459//4459 4604//4604 4603//4603
f 4460//4460 4461//4461 4605//4605
f 4460//4460 4605//4605 4604//4604
f 4461//4461 4462//4462 4606//4606
f 4461//4461 4606//4606 4605//4605
f 4462//4462 4463//4463 4607//4607
f 4462//4462 4607//4607 4606//4606
f 4463//4463 4464//4464 4608//4608
f 4463//4463 4608//4608 4607//4607
f 4464//4464 4465//4465 4609//4609
f 4464//4464 4609//4609 4608//4608
f 4465//4465 4322//4322 4466//4466
f 4465//4465 4466//4466 4609//4609
f 4466//4466 4467//4467 4611//4611
f 4466//4466 4611//4611 4610//4610
f 4467//4467 4468//4468 4612//4612
f 4467//4467 4612//4612 4611//4611
f 4468//4468 4469//4469 4613//4613
f 4468//4468 4613//4613 4612//4612
f 4469//4469 4470//4470 4614//4614
f 4469//4469 4614//4614 4613//4613
f 4470//4470 4471//4471 4615//4615
f 4470//4470 4615//4615 4614//4614
f 4471//4471 4472//4472 4616//4616
f 4471//4471 4616//4616 4615//4615
f 4472//4472 4473//4473 4617//4617
f 4472//4472 4617//4617 4616//4616
f 4473//4473 4474//4474 4618//4618
f 4473//4473 4618//4618 4617//4617
f 4474//4474 4475//4475 4619//4619
f 4474//4474 4619//4619 4618//4618
f 4475//4475 4476//4476 4620//4620
f 4475//4475 4620//4620 4619//4619
f 4476//4476 4477//4477 4621//4621
f 4476//4476 4621//4621 4620//4620
f 4477//4477 4478//4478 4622//4622
f 4477//4477 4622//4622 4621//4621
f 4478//4478 4479//4479 4623//4623
f 4478//4478 4623//4623 4622//4622
f 4479//4479 4480//4480 4624//4624
f 4479//4479 4624//4624 4623//4623
f 4480//4480 4481//4481 4625//4625
f 4480//4480 4625//4625 4624//4624
f 4481//4481 4482//4482 4626//4626
f 4481//4481 4626//4626 4625//4625
f 4482//4482 4483//4483 4627//4627
f 4482//4482 4627//4627 4626//4626
f 4483//4483 4484//4484 4628//4628
f 4483//4483 4628//4628 4627//4627
f 4484//4484 4485//4485 4629//4629
f 4484//4484 4629//4629 4628//4628
f 4485//4485 4486//4486 4630//4630
f 4485//4485 4630//4630 4629//4629
usemtl score
f 4486//4486 4487//4487 4631//4631
f 4486//4486 4631//4631 4630//4630
f 4487//4487 4488//4488 4632//4632
f 4487//4487 4632//4632 4631//4631
usemtl crust
f 4488//4488 4489//4489 4633//4633
f 4488//4488 4633//4633 4632//4632
f 4489//4489 4490//4490 4634//4634
f 4489//4489 4634//4634 4633//4633
f 4490//4490 4491//4491 4635//4635
f 4490//4490 4635//4635 4634//4634
f 4491//4491 4492//4492 4636//4636
f 4491//4491 4636//4636 4635//4635
f 4492//4492 4493//4493 4637//4637
f 4492//4492 4637//4637 4636//4636
f 4493//4493 4494//4494 4638//4638
f 4493//4493 4638//4638 4637//4637
f 4494//4494 4495//4495 4639//4639
f 4494//4494 4639//4639 4638//4638
f 4495//4495 4496//4496 4640//4640
f 4495//4495 4640//4640 4639//4639
f 4496//4496 4497//4497 4641//4641
f 4496//4496 4641//4641 4640//4640
f 4497//4497 4498//4498 4642//4642
f 4497//4497 4642//4642 4641//4641
f 4498//4498 4499//4499 4643//4643
f 4498//4498 4643//4643 4642//4642
f 4499//4499 4500//4500 4644//4644
f 4499//4499 4644//4644 4643//4643
usemtl score
f 4500//4500 4501//4501 4645//4645
f 4500//4500 4645//4645 4644//4644
usemtl crust
f 4501//4501 4502//4502 4646//4646
f 4501//4501 4646//4646 4645//4645
f 4502//4502 4503//4503 4647//4647
f 4502//4502 4647//4647 4646//4646
f 4503//4503 4504//4504 4648//4648
f 4503//4503 4648//4648 4647//4647
f 4504//4504 4505//4505 4649//4649
f 4504//4504 4649//4649 4648//4648
f 4505//4505 4506//4506 4650//4650
f 4505//4505 4650//4650 4649//4649
f 4506//4506 4507//4507 4651//4651
f 4506//4506 4651//4651 4650//4650
f 4507//4507 4508//4508 4652//4652
f 4507//4507 4652//4652 4651//4651
usemtl score
f 4508//4508 4509//4509 4653//4653
f 4508//4508 4653//4653 4652//4652
f 4509//4509 4510//4510 4654//4654
f 4509//4509 4654//4654 4653//4653
usemtl crust
f 4510//4510 4511//4511 4655//4655
f 4510//4510 4655//4655 4654//4654
f 4511//4511 4512//4512 4656//4656
f 4511//4511 4656//4656 4655//4655
f 4512//4512 4513//4513 4657//4657
f 4512//4512 4657//4657 4656//4656
f 4513//4513 4514//4514 4658//4658
f 4513//4513 4658//4658 4657//4657
f 4514//4514 4515//4515 4659//4659
f 4514//4514 4659//4659 4658//4658
f 4515//4515 4516//4516 4660//4660
f 4515//4515 4660//4660 4659//4659
f 4516//4516 4517//4517 4661//4661
f 4516//4516 4661//4661 4660//4660
f 4517//4517 4518//4518 4662//4662
f 4517//4517 4662//4662 4661//4661
f 4518//4518 4519//4519 4663//4663
f 4518//4518 4663//4663 4662//4662
f 4519//4519 4520//4520 4664//4664
f 4519//4519 4664//4664 4663//4663
f 4520//4520 4521//4521 4665//4665
f 4520//4520 4665//4665 4664//4664
f 4521//4521 4522//4522 4666//4666
f 4521//4521 4666//4666 4665//4665
f 4522//4522 4523//4523 4667//4667
f 4522//4522 4667//4667 4666//4666
f 4523//4523 4524//4524 4668//4668
f 4523//4523 4668//4668 4667//4667
f 4524//4524 4525//4525 4669//4669
f 4524//4524 4669//4669 4668//4668
f 4525//4525 4526//4526 4670//4670
f 4525//4525 4670//4670 4669//4669
f 4526//4526 4527//4527 4671//4671
f 4526//4526 4671//4671 4670//4670
f 4527//4527 4528//4528 4672//4672
f 4527//4527 4672//4672 4671//4671
f 4528//4528 4529//4529 4673//4673
f 4528//4528 4673//4673 4672//4672
f 4529//4529 4530//4530 4674//4674
f 4529//4529 4674//4674 4673//4673
f 4530//4530 4531//4531 4675//4675
f 4530//4530 4675//4675 4674//4674
f 4531//4531 4532//4532 4676//4676
f 4531//4531 4676//4676 4675//4675
f 4532//4532 4533//4533 4677//4677
f 4532//4532 4677//4677 4676//4676
f 4533//4533 4534//4534 4678//4678
f 4533//4533 4678//4678 4677//4677
f 4534//4534 4535//4535 4679//4679
f 4534//4534 4679//4679 4678//4678
f 4535//4535 4536//4536 4680//4680
f 4535//4535 4680//4680 4679//4679
f 4536//4536 4537//4537 4681//4681
f 4536//4536 4681//4681 4680//4680
f 4537//4537 4538//4538 4682//4682
f 4537//4537 4682//4682 4681//4681
f 4538//4538 4539//4539 4683//4683
f 4538//4538 4683//4683 4682//4682
f 4539//4539 4540//4540 4684//4684
f 4539//4539 4684//4684 4683//4683
f 4540//4540 4541//4541 4685//4685
f 4540//4540 4685//4685 4684//4684
f 4541//4541 4542//4542 4686//4686
f 4541//4541 4686//4686 4685//4685
f 4542//4542 4543//4543 4687//4687
f 4542//4542 4687//4687 4686//4686
f 4543//4543 4544//4544 4688//4688
f 4543//4543 4688//4688 4687//4687
f 4544//4544 4545//4545 4689//4689
f 4544//4544 4689//4689 4688//4688
f 4545//4545 4546//4546 4690//4690
f 4545//4545 4690//4690 4689//4689
f 4546//4546 4547//4547 4691//4691
f 4546//4546 4691//4691 4690//4690
f 4547//4547 4548//4548 4692//4692
f 4547//4547 4692//4692 4691//4691
f 4548//4548 4549//4549 4693//4693
f 4548//4548 4693//4693 4692//4692
f 4549//4549 4550//4550 4694//4694
f 4549//4549 4694//4694 4693//4693
f 4550//4550 4551//4551 4695//4695
f 4550//4550 4695//4695 4694//4694
f 4551//4551 4552//4552 4696//4696
f 4551//4551 4696//4696 4695//4695
f 4552//4552 4553//4553 4697//4697
f 4552//4552 4697//4697 4696//4696
f 4553//4553 4554//4554 4698//4698
f 4553//4553 4698//4698 4697//4697
f 4554//4554 4555//4555 4699//4699
f 4554//4554 4699//4699 4698//4698
f 4555//4555 4556//4556 4700//4700
f 4555//4555 4700//4700 4699//4699
f 4556//4556 4557//4557 4701//4701
f 4556//4556 4701//4701 4700//4700
f 4557//4557 4558//4558 4702//4702
f 4557//4557 4702//4702 4701//4701
usemtl score
f 4558//4558 4559//4559 4703//4703
f 4558//4558 4703//4703 4702//4702
f 4559//4559 4560//4560 4704//4704
f 4559//4559 4704//4704 4703//4703
usemtl crust
f 4560//4560 4561//4561 4705//4705
f 4560//4560 4705//4705 4704//4704
f 4561//4561 4562//4562 4706//4706
f 4561//4561 4706//4706 4705//4705
f 4562//4562 4563//4563 4707//4707
f 4562//4562 4707//4707 4706//4706
f 4563//4563 4564//4564 4708//4708
f 4563//4563 4708//4708 4707//4707
f 4564//4564 4565//4565 4709//4709
f 4564//4564 4709//4709 4708//4708
f 4565//4565 4566//4566 4710//4710
f 4565//4565 4710//4710 4709//4709
f 4566//4566 4567//4567 4711//4711
f 4566//4566 4711//4711 4710//4710
f 4567//4567 4568//4568 4712//4712
f 4567//4567 4712//4712 4711//4711
f 4568//4568 4569//4569 4713//4713
f 4568//4568 4713//4713 4712//4712
f 4569//4569 4570//4570 4714//4714
f 4569//4569 4714//4714 4713//4713
f 4570//4570 4571//4571 4715//4715
f 4570//4570 4715//4715 4714//4714
f 4571//4571 4572//4572 4716//4716
f 4571//4571 4716//4716 4715//4715
usemtl score
f 4572//4572 4573//4573 4717//4717
f 4572//4572 4717//4717 4716//4716
usemtl crust
f 4573//4573 4574//4574 4718//4718
f 4573//4573 4718//4718 4717//4717
f 4574//4574 4575//4575 4719//4719
f 4574//4574 4719//4719 4718//4718
f 4575//4575 4576//4576 4720//4720
f 4575//4575 4720//4720 4719//4719
f 4576//4576 4577//4577 4721//4721
f 4576//4576 4721//4721 4720//4720
f 4577//4577 4578//4578 4722//4722
f 4577//4577 4722//4722 4721//4721
f 4578//4578 4579//4579 4723//4723
f 4578//4578 4723//4723 4722//4722
f 4579//4579 4580//4580 4724//4724
f 4579//4579 4724//4724 4723//4723
usemtl score
f 4580//4580 4581//4581 4725//4725
f 4580//4580 4725//4725 4724//4724
f 4581//4581 4582//4582 4726//4726
f 4581//4581 4726//4726 4725//4725
usemtl crust
f 4582//4582 4583//4583 4727//4727
f 4582//4582 4727//4727 4726//4726
f 4583//4583 4584//4584 4728//4728
f 4583//4583 4728//4728 4727//4727
f 4584//4584 4585//4585 4729//4729
f 4584//4584 4729//4729 4728//4728
f 4585//4585 4586//4586 4730//4730
f 4585//4585 4730//4730 4729//4729
f 4586//4586 4587//4587 4731//4731
f 4586//4586 4731//4731 4730//4730
f 4587//4587 4588//4588 4732//4732
f 4587//4587 4732//4732 4731//4731
f 4588//4588 4589//4589 4733//4733
f 4588//4588 4733//4733 4732//4732
f 4589//4589 4590//4590 4734//4734
f 4589//4589 4734//4734 4733//4733
f 4590//4590 4591//4591 4735//4735
f 4590//4590 4735//4735 4734//4734
f 4591//4591 4592//4592 4736//4736
f 4591//4591 4736//4736 4735//4735
f 4592//4592 4593//4593 4737//4737
f 4592//4592 4737//4737 4736//4736
f 4593//4593 4594//4594 4738//4738
f 4593//4593 4738//4738 4737//4737
f 4594//4594 4595//4595 4739//4739
f 4594//4594 4739//4739 4738//4738
f 4595//4595 4596//4596 4740//4740
f 4595//4595 4740//4740 4739//4739
f 4596//4596 4597//4597 4741//4741
f 4596//4596 4741//4741 4740//4740
f 4597//4597 4598//4598 4742//4742
f 4597//4597 4742//4742 4741//4741
f 4598//4598 4599//4599 4743//4743
f 4598//4598 4743//4743 4742//4742
f 4599//4599 4600//4600 4744//4744
f 4599//4599 4744//4744 4743//4743
f 4600//4600 4601//4601 4745//4745
f 4600//4600 4745//4745 4744//4744
f 4601//4601 4602//4602 4746//4746
f 4601//4601 4746//4746 4745//4745
f 4602//4602 4603//4603 4747//4747
f 4602//4602 4747//4747 4746//4746
f 4603//4603 4604//4604 4748//4748
f 4603//4603 4748//4748 4747//4747
f 4604//4604 4605//4605 4749//4749
f 4604//4604 4749//4749 4748//4748
f 4605//4605 4606//4606 4750//4750
f 4605//4605 4750//4750 4749//4749
f 4606//4606 4607//4607 4751//4751
f 4606//4606 4751//4751 4750//4750
f 4607//4607 4608//4608 4752//4752
f 4607//4607 4752//4752 4751//4751
f 4608//4608 4609//4609 4753//4753
f 4608//4608 4753//4753 4752//4752
f 4609//4609 4466//4466 4610//4610
f 4609//4609 4610//4610 4753//4753
f 4610//4610 4611//4611 4755//4755
f 4610//4610 4755//4755 4754//4754
f 4611//4611 4612//4612 4756//4756
f 4611//4611 4756//4756 4755//4755
f 4612//4612 4613//4613 4757//4757
f 4612//4612 4757//4757 4756//4756
f 4613//4613 4614//4614 4758//4758
f 4613//4613 4758//4758 4757//4757
f 4614//4614 4615//4615 4759//4759
f 4614//4614 4759//4759 4758//4758
f 4615//4615 4616//4616 4760//4760
f 4615//4615 4760//4760 4759//4759
f 4616//4616 4617//4617 4761//4761
f 4616//4616 4761//4761 4760//4760
f 4617//4617 4618//4618 4762//4762
f 4617//4617 4762//4762 4761//4761
f 4618//4618 4619//4619 4763//4763
f 4618//4618 4763//4763 4762//4762
f 4619//4619 4620//4620 4764//4764
f 4619//4619 4764//4764 4763//4763
f 4620//4620 4621//4621 4765//4765
f 4620//4620 4765//4765 4764//4764
f 4621//4621 4622//4622 4766//4766
f 4621//4621 4766//4766 4765//4765
f 4622//4622 4623//4623 4767//4767
f 4622//4622 4767//4767 4766//4766
f 4623//4623 4624//4624 4768//4768
f 4623//4623 4768//4768 4767//4767
f 4624//4624 4625//4625 4769//4769
f 4624//4624 4769//4769 4768//4768
f 4625//4625 4626//4626 4770//4770
f 4625//4625 4770//4770 4769//4769
f 4626//4626 4627//4627 4771//4771
f 4626//4626 4771//4771 4770//4770
f 4627//4627 4628//4628 4772//4772
f 4627//4627 4772//4772 4771//4771
f 4628//4628 4629//4629 4773//4773
f 4628//4628 4773//4773 4772//4772
usemtl score
f 4629//4629 4630//4630 4774//4774
f 4629//4629 4774//4774 4773//4773
f 4630//4630 4631//4631 4775//4775
f 4630//4630 4775//4775 4774//4774
f 4631//4631 4632//4632 4776//4776
f 4631//4631 4776//4776 4775//4775
usemtl crust
f 4632//4632 4633//4633 4777//4777
f 4632//4632 4777//4777 4776//4776
f 4633//4633 4634//4634 4778//4778
f 4633//4633 4778//4778 4777//4777
f 4634//4634 4635//4635 4779//4779
f 4634//4634 4779//4779 4778//4778
f 4635//4635 4636//4636 4780//4780
f 4635//4635 4780//4780 4779//4779
f 4636//4636 4637//4637 4781//4781
f 4636//4636 4781//4781 4780//4780
f 4637//4637 4638//4638 4782//4782
f 4637//4637 4782//4782 4781//4781
f 4638//4638 4639//4639 4783//4783
f 4638//4638 4783//4783 4782//4782
f 4639//4639 4640//4640 4784//4784
f 4639//4639 4784//4784 4783//4783
f 4640//4640 4641//4641 4785//4785
f 4640//4640 4785//4785 4784//4784
f 4641//4641 4642//4642 4786//4786
f 4641//4641 4786//4786 4785//4785
f 4642//4642 4643//4643 4787//4787
f 4642//4642 4787//4787 4786//4786
f 4643//4643 4644//4644 4788//4788
f 4643//4643 4788//4788 4787//4787
usemtl score
f 4644//4644 4645//4645 4789//4789
f 4644//4644 4789//4789 4788//4788
usemtl crust
f 4645//4645 4646//4646 4790//4790
f 4645//4645 4790//4790 4789//4789
f 4646//4646 4647//4647 4791//4791
f 4646//4646 4791//4791 4790//4790
f 4647//4647 4648//4648 4792//4792
f 4647//4647 4792//4792 4791//4791
f 4648//4648 4649//4649 4793//4793
f 4648//4648 4793//4793 4792//4792
f 4649//4649 4650//4650 4794//4794
f 4649//4649 4794//4794 4793//4793
f 4650//4650 4651//4651 4795//4795
f 4650//4650 4795//4795 4794//4794
f 4651//4651 4652//4652 4796//4796
f 4651//4651 4796//4796 4795//4795
usemtl score
f 4652//4652 4653//4653 4797//4797
usemtl crust
f 4652//4652 4797//4797 4796//4796
usemtl score
f 4653//4653 4654//4654 4798//4798
f 4653//4653 4798//4798 4797//4797
usemtl crust
f 4654//4654 4655//4655 4799//4799
usemtl score
f 4654//4654 4799//4799 4798//4798
usemtl crust
f 4655//4655 4656//4656 4800//4800
f 4655//4655 4800//4800 4799//4799
f 4656//4656 4657//4657 4801//4801
f 4656//4656 4801//4801 4800//4800
f 4657//4657 4658//4658 4802//4802
f 4657//4657 4802//4802 4801//4801
f 4658//4658 4659//4659 4803//4803
f 4658//4658 4803//4803 4802//4802
f 4659//4659 4660//4660 4804//4804
f 4659//4659 4804//4804 4803//4803
f 4660//4660 4661//4661 4805//4805
f 4660//4660 4805//4805 4804//4804
f 4661//4661 4662//4662 4806//4806
f 4661//4661 4806//4806 4805//4805
f 4662//4662 4663//4663 4807//4807
f 4662//4662 4807//4807 4806//4806
f 4663//4663 4664//4664 4808//4808
f 4663//4663 4808//4808 4807//4807
f 4664//4664 4665//4665 4809//4809
f 4664//4664 4809//4809 4808//4808
f 4665//4665 4666//4666 4810//4810
f 4665//4665 4810//4810 4809//4809
f 4666//4666 4667//4667 4811//4811
f 4666//4666 4811//4811 4810//4810
f 4667//4667 4668//4668 4812//4812
f 4667//4667 4812//4812 4811//4811
f 4668//4668 4669//4669 4813//4813
f 4668//4668 4813//4813 4812//4812
f 4669//4669 4670//4670 4814//4814
f 4669//4669 4814//4814 4813//4813
f 4670//4670 4671//4671 4815//4815
f 4670//4670 4815//4815 4814//4814
f 4671//4671 4672//4672 4816//4816
f 4671//4671 4816//4816 4815//4815
f 4672//4672 4673//4673 4817//4817
f 4672//4672 4817//4817 4816//4816
f 4673//4673 4674//4674 4818//4818
f 4673//4673 4818//4818 4817//4817
f 4674//4674 4675//4675 4819//4819
f 4674//4674 4819//4819 4818//4818
f 4675//4675 4676//4676 4820//4820
f 4675//4675 4820//4820 4819//4819
f 4676//4676 4677//4677 4821//4821
f 4676//4676 4821//4821 4820//4820
f 4677//4677 4678//4678 4822//4822
f 4677//4677 4822//4822 4821//4821
f 4678//4678 4679//4679 4823//4823
f 4678//4678 4823//4823 4822//4822
f 4679//4679 4680//4680 4824//4824
f 4679//4679 4824//4824 4823//4823
f 4680//4680 4681//4681 4825//4825
f 4680//4680 4825//4825 4824//4824
f 4681//4681 4682//4682 4826//4826
f 4681//4681 4826//4826 4825//4825
f 4682//4682 4683//4683 4827//4827
f 4682//4682 4827//4827 4826//4826
f 4683//4683 4684//4684 4828//4828
f 4683//4683 4828//4828 4827//4827
f 4684//4684 4685//4685 4829//4829
f 4684//4684 4829//4829 4828//4828
f 4685//4685 4686//4686 4830//4830
f 4685//4685 4830//4830 4829//4829
f 4686//4686 4687//4687 4831//4831
f 4686//4686 4831//4831 4830//4830
f 4687//4687 4688//4688 4832//4832
f 4687//4687 4832//4832 4831//4831
f 4688//4688 4689//4689 4833//4833
f 4688//4688 4833//4833 4832//4832
f 4689//4689 4690//4690 4834//4834
f 4689//4689 4834//4834 4833//4833
f 4690//4690 4691//4691 4835//4835
f 4690//4690 4835//4835 4834//4834
f 4691//4691 4692//4692 4836//4836
f 4691//4691 4836//4836 4835//4835
f 4692//4692 4693//4693 4837//4837
f 4692//4692 4837//4837 4836//4836
f 4693//4693 4694//4694 4838//4838
f 4693//4693 4838//4838 4837//4837
f 4694//4694 4695//4695 4839//4839
f 4694//4694 4839//4839 4838//4838
f 4695//4695 4696//4696 4840//4840
f 4695//4695 4840//4840 4839//4839
f 4696//4696 4697//4697 4841//4841
f 4696//4696 4841//4841 4840//4840
f 4697//4697 4698//4698 4842//4842
f 4697//4697 4842//4842 4841//4841
f 4698//4698 4699//4699 4843//4843
f 4698//4698 4843//4843 4842//4842
f 4699//4699 4700//4700 4844//4844
f 4699//4699 4844//4844 4843//4843
f 4700//4700 4701//4701 4845//4845
f 4700//4700 4845//4845 4844//4844
usemtl score
f 4701//4701 4702//4702 4846//4846
f 4701//4701 4846//4846 4845//4845
f 4702//4702 4703//4703 4847//4847
f 4702//4702 4847//4847 4846//4846
f 4703//4703 4704//4704 4848//4848
f 4703//4703 4848//4848 4847//4847
usemtl crust
f 4704//4704 4705//4705 4849//4849
f 4704//4704 4849//4849 4848//4848
f 4705//4705 4706//4706 4850//4850
f 4705//4705 4850//4850 4849//4849
f 4706//4706 4707//4707 4851//4851
f 4706//4706 4851//4851 4850//4850
f 4707//4707 4708//4708 4852//4852
f 4707//4707 4852//4852 4851//4851
f 4708//4708 4709//4709 4853//4853
f 4708//4708 4853//4853 4852//4852
f 4709//4709 4710//4710 4854//4854
f 4709//4709 4854//4854 4853//4853
f 4710//4710 4711//4711 4855//4855
f 4710//4710 4855//4855 4854//4854
f 4711//4711 4712//4712 4856//4856
f 4711//4711 4856//4856 4855//4855
f 4712//4712 4713//4713 4857//4857
f 4712//4712 4857//4857 4856//4856
f 4713//4713 4714//4714 4858//4858
f 4713//4713 4858//4858 4857//4857
f 4714//4714 4715//4715 4859//4859
f 4714//4714 4859//4859 4858//4858
f 4715//4715 4716//4716 4860//4860
f 4715//4715 4860//4860 4859//4859
usemtl score
f 4716//4716 4717//4717 4861//4861
f 4716//4716 4861//4861 4860//4860
usemtl crust
f 4717//4717 4718//4718 4862//4862
f 4717//4717 4862//4862 4861//4861
f 4718//4718 4719//4719 4863//4863
f 4718//4718 4863//4863 4862//4862
f 4719//4719 4720//4720 4864//4864
f 4719//4719 4864//4864 4863//4863
f 4720//4720 4721//4721 4865//4865
f 4720//4720 4865//4865 4864//4864
f 4721//4721 4722//4722 4866//4866
f 4721//4721 4866//4866 4865//4865
f 4722//4722 4723//4723 4867//4867
f 4722//4722 4867//4867 4866//4866
f 4723//4723 4724//4724 4868//4868
f 4723//4723 4868//4868 4867//4867
usemtl score
f 4724//4724 4725//4725 4869//4869
usemtl crust
f 4724//4724 4869//4869 4868//4868
usemtl score
f 4725//4725 4726//4726 4870//4870
f 4725//4725 4870//4870 4869//4869
usemtl crust
f 4726//4726 4727//4727 4871//4871
usemtl score
f 4726//4726 4871//4871 4870//4870
usemtl crust
f 4727//4727 4728//4728 4872//4872
f 4727//4727 4872//4872 4871//4871
f 4728//4728 4729//4729 4873//4873
f 4728//4728 4873//4873 4872//4872
f 4729//4729 4730//4730 4874//4874
f 4729//4729 4874//4874 4873//4873
f 4730//4730 4731//4731 4875//4875
f 4730//4730 4875//4875 4874//4874
f 4731//4731 4732//4732 4876//4876
f 4731//4731 4876//4876 4875//4875
f 4732//4732 4733//4733 4877//4877
f 4732//4732 4877//4877 4876//4876
f 4733//4733 4734//4734 4878//4878
f 4733//4733 4878//4878 4877//4877
f 4734//4734 4735//4735 4879//4879
f 4734//4734 4879//4879 4878//4878
f 4735//4735 4736//4736 4880//4880
f 4735//4735 4880//4880 4879//4879
f 4736//4736 4737//4737 4881//4881
f 4736//4736 4881//4881 4880//4880
f 4737//4737 4738//4738 4882//4882
f 4737//4737 4882//4882 4881//4881
f 4738//4738 4739//4739 4883//4883
f 4738//4738 4883//4883 4882//4882
f 4739//4739 4740//4740 4884//4884
f 4739//4739 4884//4884 4883//4883
f 4740//4740 4741//4741 4885//4885
f 4740//4740 4885//4885 4884//4884
f 4741//4741 4742//4742 4886//4886
f 4741//4741 4886//4886 4885//4885
f 4742//4742 4743//4743 4887//4887
f 4742//4742 4887//4887 4886//4886
f 4743//4743 4744//4744 4888//4888
f 4743//4743 4888//4888 4887//4887
f 4744//4744 4745//4745 4889//4889
f 4744//4744 4889//4889 4888//4888
f 4745//4745 4746//4746 4890//4890
f 4745//4745 4890//4890 4889//4889
f 4746//4746 4747//4747 4891//4891
f 4746//4746 4891//4891 4890//4890
f 4747//4747 4748//4748 4892//4892
f 4747//4747 4892//4892 4891//4891
f 4748//4748 4749//4749 4893//4893
f 4748//4748 4893//4893 4892//4892
f 4749//4749 4750//4750 4894//4894
f 4749//4749 4894//4894 4893//4893
f 4750//4750 4751//4751 4895//4895
f 4750//4750 4895//4895 4894//4894
f 4751//4751 4752//4752 4896//4896
f 4751//4751 4896//4896 4895//4895
f 4752//4752 4753//4753 4897//4897
f 4752//4752 4897//4897 4896//4896
f 4753//4753 4610//4610 4754//4754
f 4753//4753 4754//4754 4897//4897
f 4754//4754 4755//4755 4899//4899
f 4754//4754 4899//4899 4898//4898
f 4755//4755 4756//4756 4900//4900
f 4755//4755 4900//4900 4899//4899
f 4756//4756 4757//4757 4901//4901
f 4756//4756 4901//4901 4900//4900
f 4757//4757 4758//4758 4902//4902
f 4757//4757 4902//4902 4901//4901
f 4758//4758 4759//4759 4903//4903
f 4758//4758 4903//4903 4902//4902
f 4759//4759 4760//4760 4904//4904
f 4759//4759 4904//4904 4903//4903
f 4760//4760 4761//4761 4905//4905
f 4760//4760 4905//4905 4904//4904
f 4761//4761 4762//4762 4906//4906
f 4761//4761 4906//4906 4905//4905
f 4762//4762 4763//4763 4907//4907
f 4762//4762 4907//4907 4906//4906
f 4763//4763 4764//4764 4908//4908
f 4763//4763 4908//4908 4907//4907
f 4764//4764 4765//4765 4909//4909
f 4764//4764 4909//4909 4908//4908
f 4765//4765 4766//4766 4910//4910
f 4765//4765 4910//4910 4909//4909
f 4766//4766 4767//4767 4911//4911
f 4766//4766 4911//4911 4910//4910
f 4767//4767 4768//4768 4912//4912
f 4767//4767 4912//4912 4911//4911
f 4768//4768 4769//4769 4913//4913
f 4768//4768 4913//4913 4912//4912
f 4769//4769 4770//4770 4914//4914
f 4769//4769 4914//4914 4913//4913
f 4770//4770 4771//4771 4915//4915
f 4770//4770 4915//4915 4914//4914
f 4771//4771 4772//4772 4916//4916
f 4771//4771 4916//4916 4915//4915
f 4772//4772 4773//4773 4917//4917
f 4772//4772 4917//4917 4916//4916
usemtl score
f 4773//4773 4774//4774 4918//4918
f 4773//4773 4918//4918 4917//4917
f 4774//4774 4775//4775 4919//4919
f 4774//4774 4919//4919 4918//4918
usemtl crust
f 4775//4775 4776//4776 4920//4920
f 4775//4775 4920//4920 4919//4919
f 4776//4776 4777//4777 4921//4921
f 4776//4776 4921//4921 4920//4920
f 4777//4777 4778//4778 4922//4922
f 4777//4777 4922//4922 4921//4921
f 4778//4778 4779//4779 4923//4923
f 4778//4778 4923//4923 4922//4922
f 4779//4779 4780//4780 4924//4924
f 4779//4779 4924//4924 4923//4923
f 4780//4780 4781//4781 4925//4925
f 4780//4780 4925//4925 4924//4924
f 4781//4781 4782//4782 4926//4926
f 4781//4781 4926//4926 4925//4925
f 4782//4782 4783//4783 4927//4927
f 4782//4782 4927//4927 4926//4926
f 4783//4783 4784//4784 4928//4928
f 4783//4783 4928//4928 4927//4927
f 4784//4784 4785//4785 4929//4929
f 4784//4784 4929//4929 4928//4928
f 4785//4785 4786//4786 4930//4930
f 4785//4785 4930//4930 4929//4929
f 4786//4786 4787//4787 4931//4931
f 4786//4786 4931//4931 4930//4930
f 4787//4787 4788//4788 4932//4932
f 4787//4787 4932//4932 4931//4931
usemtl score
f 4788//4788 4789//4789 4933//4933
f 4788//4788 4933//4933 4932//4932
usemtl crust
f 4789//4789 4790//4790 4934//4934
f 4789//4789 4934//4934 4933//4933
f 4790//4790 4791//4791 4935//4935
f 4790//4790 4935//4935 4934//4934
f 4791//4791 4792//4792 4936//4936
f 4791//4791 4936//4936 4935//4935
f 4792//4792 4793//4793 4937//4937
f 4792//4792 4937//4937 4936//4936
f 4793//4793 4794//4794 4938//4938
f 4793//4793 4938//4938 4937//4937
f 4794//4794 4795//4795 4939//4939
f 4794//4794 4939//4939 4938//4938
f 4795//4795 4796//4796 4940//4940
f 4795//4795 4940//4940 4939//4939
f 4796//4796 4797//4797 4941//4941
f 4796//4796 4941//4941 4940//4940
usemtl score
f 4797//4797 4798//4798 4942//4942
usemtl crust
f 4797//4797 4942//4942 4941//4941
usemtl score
f 4798//4798 4799//4799 4943//4943
f 4798//4798 4943//4943 4942//4942
usemtl crust
f 4799//4799 4800//4800 4944//4944
f 4799//4799 4944//4944 4943//4943
f 4800//4800 4801//4801 4945//4945
f 4800//4800 4945//4945 4944//4944
f 4801//4801 4802//4802 4946//4946
f 4801//4801 4946//4946 4945//4945
f 4802//4802 4803//4803 4947//4947
f 4802//4802 4947//4947 4946//4946
f 4803//4803 4804//4804 4948//4948
f 4803//4803 4948//4948 4947//4947
f 4804//4804 4805//4805 4949//4949
f 4804//4804 4949//4949 4948//4948
f 4805//4805 4806//4806 4950//4950
f 4805//4805 4950//4950 4949//4949
f 4806//4806 4807//4807 4951//4951
f 4806//4806 4951//4951 4950//4950
f 4807//4807 4808//4808 4952//4952
f 4807//4807 4952//4952 4951//4951
f 4808//4808 4809//4809 4953//4953
f 4808//4808 4953//4953 4952//4952
f 4809//4809 4810//4810 4954//4954
f 4809//4809 4954//4954 4953//4953
f 4810//4810 4811//4811 4955//4955
f 4810//4810 4955//4955 4954//4954
f 4811//4811 4812//4812 4956//4956
f 4811//4811 4956//4956 4955//4955
f 4812//4812 4813//4813 4957//4957
f 4812//4812 4957//4957 4956//4956
f 4813//4813 4814//4814 4958//4958
f 4813//4813 4958//4958 4957//4957
f 4814//4814 4815//4815 4959//4959
f 4814//4814 4959//4959 4958//4958
f 4815//4815 4816//4816 4960//4960
f 4815//4815 4960//4960 4959//4959
f 4816//4816 4817//4817 4961//4961
f 4816//4816 4961//4961 4960//4960
f 4817//4817 4818//4818 4962//4962
f 4817//4817 4962//4962 4961//4961
f 4818//4818 4819//4819 4963//4963
f 4818//4818 4963//4963 4962//4962
f 4819//4819 4820//4820 4964//4964
f 4819//4819 4964//4964 4963//4963
f 4820//4820 4821//4821 4965//4965
f 4820//4820 4965//4965 4964//4964
f 4821//4821 4822//4822 4966//4966
f 4821//4821 4966//4966 4965//4965
f 4822//4822 4823//4823 4967//4967
f 4822//4822 4967//4967 4966//4966
f 4823//4823 4824//4824 4968//4968
f 4823//4823 4968//4968 4967//4967
f 4824//4824 4825//4825 4969//4969
f 4824//4824 4969//4969 4968//4968
f 4825//4825 4826//4826 4970//4970
f 4825//4825 4970//4970 4969//4969
f 4826//4826 4827//4827 4971//4971
f 4826//4826 4971//4971 4970//4970
f 4827//4827 4828//4828 4972//4972
f 4827//4827 4972//4972 4971//4971
f 4828//4828 4829//4829 4973//4973
f 4828//4828 4973//4973 4972//4972
f 4829//4829 4830//4830 4974//4974
f 4829//4829 4974//4974 4973//4973
f 4830//4830 4831//4831 4975//4975
f 4830//4830 4975//4975 4974//4974
f 4831//4831 4832//4832 4976//4976
f 4831//4831 4976//4976 4975//4975
f 4832//4832 4833//4833 4977//4977
f 4832//4832 4977//4977 4976//4976
f 4833//4833 4834//4834 4978//4978
f 4833//4833 4978//4978 4977//4977
f 4834//4834 4835//4835 4979//4979
f 4834//4834 4979//4979 4978//4978
f 4835//4835 4836//4836 4980//4980
f 4835//4835 4980//4980 4979//4979
f 4836//4836 4837//4837 4981//4981
f 4836//4836 4981//4981 4980//4980
f 4837//4837 4838//4838 4982//4982
f 4837//4837 4982//4982 4981//4981
f 4838//4838 4839//4839 4983//4983
f 4838//4838 4983//4983 4982//4982
f 4839//4839 4840//4840 4984//4984
f 4839//4839 4984//4984 4983//4983
f 4840//4840 4841//4841 4985//4985
f 4840//4840 4985//4985 4984//4984
f 4841//4841 4842//4842 4986//4986
f 4841//4841 4986//4986 4985//4985
f 4842//4842 4843//4843 4987//4987
f 4842//4842 4987//4987 4986//4986
f 4843//4843 4844//4844 4988//4988
f 4843//4843 4988//4988 4987//4987
f 4844//4844 4845//4845 4989//4989
f 4844//4844 4989//4989 4988//4988
usemtl score
f 4845//4845 4846//4846 4990//4990
f 4845//4845 4990//4990 4989//4989
f 4846//4846 4847//4847 4991//4991
f 4846//4846 4991//4991 4990//4990
usemtl crust
f 4847//4847 4848//4848 4992//4992
f 4847//4847 4992//4992 4991//4991
f 4848//4848 4849//4849 4993//4993
f 4848//4848 4993//4993 4992//4992
f 4849//4849 4850//4850 4994//4994
f 4849//4849 4994//4994 4993//4993
f 4850//4850 4851//4851 4995//4995
f 4850//4850 4995//4995 4994//4994
f 4851//4851 4852//4852 4996//4996
f 4851//4851 4996//4996 4995//4995
f 4852//4852 4853//4853 4997//4997
f 4852//4852 4997//4997 4996//4996
f 4853//4853 4854//4854 4998//4998
f 4853//4853 4998//4998 4997//4997
f 4854//4854 4855//4855 4999//4999
f 4854//4854 4999//4999 4998//4998
f 4855//4855 4856//4856 5000//5000
f 4855//4855 5000//5000 4999//4999
f 4856//4856 4857//4857 5001//5001
f 4856//4856 5001//5001 5000//5000
f 4857//4857 4858//4858 5002//5002
f 4857//4857 5002//5002 5001//5001
f 4858//4858 4859//4859 5003//5003
f 4858//4858 5003//5003 5002//5002
f 4859//4859 4860//4860 5004//5004
f 4859//4859 5004//5004 5003//5003
usemtl score
f 4860//4860 4861//4861 5005//5005
f 4860//4860 5005//5005 5004//5004
usemtl crust
f 4861//4861 4862//4862 5006//5006
f 4861//4861 5006//5006 5005//5005
f 4862//4862 4863//4863 5007//5007
f 4862//4862 5007//5007 5006//5006
f 4863//4863 4864//4864 5008//5008
f 4863//4863 5008//5008 5007//5007
f 4864//4864 4865//4865 5009//5009
f 4864//4864 5009//5009 5008//5008
f 4865//4865 4866//4866 5010//5010
f 4865//4865 5010//5010 5009//5009
f 4866//4866 4867//4867 5011//5011
f 4866//4866 5011//5011 5010//5010
f 4867//4867 4868//4868 5012//5012
f 4867//4867 5012//5012 5011//5011
f 4868//4868 4869//4869 5013//5013
f 4868//4868 5013//5013 5012//5012
usemtl score
f 4869//4869 4870//4870 5014//5014
usemtl crust
f 4869//4869 5014//5014 5013//5013
usemtl score
f 4870//4870 4871//4871 5015//5015
f 4870//4870 5015//5015 5014//5014
usemtl crust
f 4871//4871 4872//4872 5016//5016
f 4871//4871 5016//5016 5015//5015
f 4872//4872 4873//4873 5017//5017
f 4872//4872 5017//5017 5016//5016
f 4873//4873 4874//4874 5018//5018
f 4873//4873 5018//5018 5017//5017
f 4874//4874 4875//4875 5019//5019
f 4874//4874 5019//5019 5018//5018
f 4875//4875 4876//4876 5020//5020
f 4875//4875 5020//5020 5019//5019
f 4876//4876 4877//4877 5021//5021
f 4876//4876 5021//5021 5020//5020
f 4877//4877 4878//4878 5022//5022
f 4877//4877 5022//5022 5021//5021
f 4878//4878 4879//4879 5023//5023
f 4878//4878 5023//5023 5022//5022
f 4879//4879 4880//4880 5024//5024
f 4879//4879 5024//5024 5023//5023
f 4880//4880 4881//4881 5025//5025
f 4880//4880 5025//5025 5024//5024
f 4881//4881 4882//4882 5026//5026
f 4881//4881 5026//5026 5025//5025
f 4882//4882 4883//4883 5027//5027
f 4882//4882 5027//5027 5026//5026
f 4883//4883 4884//4884 5028//5028
f 4883//4883 5028//5028 5027//5027
f 4884//4884 4885//4885 5029//5029
f 4884//4884 5029//5029 5028//5028
f 4885//4885 4886//4886 5030//5030
f 4885//4885 5030//5030 5029//5029
f 4886//4886 4887//4887 5031//5031
f 4886//4886 5031//5031 5030//5030
f 4887//4887 4888//4888 5032//5032
f 4887//4887 5032//5032 5031//5031
f 4888//4888 4889//4889 5033//5033
f 4888//4888 5033//5033 5032//5032
f 4889//4889 4890//4890 5034//5034
f 4889//4889 5034//5034 5033//5033
f 4890//4890 4891//4891 5035//5035
f 4890//4890 5035//5035 5034//5034
f 4891//4891 4892//4892 5036//5036
f 4891//4891 5036//5036 5035//5035
f 4892//4892 4893//4893 5037//5037
f 4892//4892 5037//5037 5036//5036
f 4893//4893 4894//4894 5038//5038
f 4893//4893 5038//5038 5037//5037
f 4894//4894 4895//4895 5039//5039
f 4894//4894 5039//5039 5038//5038
f 4895//4895 4896//4896 5040//5040
f 4895//4895 5040//5040 5039//5039
f 4896//4896 4897//4897 5041//5041
f 4896//4896 5041//5041 5040//5040
f 4897//4897 4754//4754 4898//4898
f 4897//4897 4898//4898 5041//5041
f 4898//4898 4899//4899 5043//5043
f 4898//4898 5043//5043 5042//5042
f 4899//4899 4900//4900 5044//5044
f 4899//4899 5044//5044 5043//5043
f 4900//4900 4901//4901 5045//5045
f 4900//4900 5045//5045 5044//5044
f 4901//4901 4902//4902 5046//5046
f 4901//4901 5046//5046 5045//5045
f 4902//4902 4903//4903 5047//5047
f 4902//4902 5047//5047 5046//5046
f 4903//4903 4904//4904 5048//5048
f 4903//4903 5048//5048 5047//5047
f 4904//4904 4905//4905 5049//5049
f 4904//4904 5049//5049 5048//5048
f 4905//4905 4906//4906 5050//5050
f 4905//4905 5050//5050 5049//5049
f 4906//4906 4907//4907 5051//5051
f 4906//4906 5051//5051 5050//5050
f 4907//4907 4908//4908 5052//5052
f 4907//4907 5052//5052 5051//5051
f 4908//4908 4909//4909 5053//5053
f 4908//4908 5053//5053 5052//5052
f 4909//4909 4910//4910 5054//5054
f 4909//4909 5054//5054 5053//5053
f 4910//4910 4911//4911 5055//5055
f 4910//4910 5055//5055 5054//5054
f 4911//4911 4912//4912 5056//5056
f 4911//4911 5056//5056 5055//5055
f 4912//4912 4913//4913 5057//5057
f 4912//4912 5057//5057 5056//5056
f 4913//4913 4914//4914 5058//5058
f 4913//4913 5058//5058 5057//5057
f 4914//4914 4915//4915 5059//5059
f 4914//4914 5059//5059 5058//5058
f 4915//4915 4916//4916 5060//5060
usemtl score
f 4915//4915 5060//5060 5059//5059
f 4916//4916 4917//4917 5061//5061
f 4916//4916 5061//5061 5060//5060
f 4917//4917 4918//4918 5062//5062
f 4917//4917 5062//5062 5061//5061
usemtl crust
f 4918//4918 4919//4919 5063//5063
f 4918//4918 5063//5063 5062//5062
f 4919//4919 4920//4920 5064//5064
f 4919//4919 5064//5064 5063//5063
f 4920//4920 4921//4921 5065//5065
f 4920//4920 5065//5065 5064//5064
f 4921//4921 4922//4922 5066//5066
f 4921//4921 5066//5066 5065//5065
f 4922//4922 4923//4923 5067//5067
f 4922//4922 5067//5067 5066//5066
f 4923//4923 4924//4924 5068//5068
f 4923//4923 5068//5068 5067//5067
f 4924//4924 4925//4925 5069//5069
f 4924//4924 5069//5069 5068//5068
f 4925//4925 4926//4926 5070//5070
f 4925//4925 5070//5070 5069//5069
f 4926//4926 4927//4927 5071//5071
f 4926//4926 5071//5071 5070//5070
f 4927//4927 4928//4928 5072//5072
f 4927//4927 5072//5072 5071//5071
f 4928//4928 4929//4929 5073//5073
f 4928//4928 5073//5073 5072//5072
f 4929//4929 4930//4930 5074//5074
f 4929//4929 5074//5074 5073//5073
f 4930//4930 4931//4931 5075//5075
f 4930//4930 5075//5075 5074//5074
f 4931//4931 4932//4932 5076//5076
f 4931//4931 5076//5076 5075//5075
usemtl score
f 4932//4932 4933//4933 5077//5077
f 4932//4932 5077//5077 5076//5076
usemtl crust
f 4933//4933 4934//4934 5078//5078
f 4933//4933 5078//5078 5077//5077
f 4934//4934 4935//4935 5079//5079
f 4934//4934 5079//5079 5078//5078
f 4935//4935 4936//4936 5080//5080
f 4935//4935 5080//5080 5079//5079
f 4936//4936 4937//4937 5081//5081
f 4936//4936 5081//5081 5080//5080
f 4937//4937 4938//4938 5082//5082
f 4937//4937 5082//5082 5081//5081
f 4938//4938 4939//4939 5083//5083
f 4938//4938 5083//5083 5082//5082
f 4939//4939 4940//4940 5084//5084
f 4939//4939 5084//5084 5083//5083
f 4940//4940 4941//4941 5085//5085
f 4940//4940 5085//5085 5084//5084
f 4941//4941 4942//4942 5086//5086
f 4941//4941 5086//5086 5085//5085
usemtl score
f 4942//4942 4943//4943 5087//5087
f 4942//4942 5087//5087 5086//5086
f 4943//4943 4944//4944 5088//5088
f 4943//4943 5088//5088 5087//5087
usemtl crust
f 4944//4944 4945//4945 5089//5089
f 4944//4944 5089//5089 5088//5088
f 4945//4945 4946//4946 5090//5090
f 4945//4945 5090//5090 5089//5089
f 4946//4946 4947//4947 5091//5091
f 4946//4946 5091//5091 5090//5090
f 4947//4947 4948//4948 5092//5092
f 4947//4947 5092//5092 5091//5091
f 4948//4948 4949//4949 5093//5093
f 4948//4948 5093//5093 5092//5092
f 4949//4949 4950//4950 5094//5094
f 4949//4949 5094//5094 5093//5093
f 4950//4950 4951//4951 5095//5095
f 4950//4950 5095//5095 5094//5094
f 4951//4951 4952//4952 5096//5096
f 4951//4951 5096//5096 5095//5095
f 4952//4952 4953//4953 5097//5097
f 4952//4952 5097//5097 5096//5096
f 4953//4953 4954//4954 5098//5098
f 4953//4953 5098//5098 5097//5097
f 4954//4954 4955//4955 5099//5099
f 4954//4954 5099//5099 5098//5098
f 4955//4955 4956//4956 5100//5100
f 4955//4955 5100//5100 5099//5099
f 4956//4956 4957//4957 5101//5101
f 4956//4956 5101//5101 5100//5100
f 4957//4957 4958//4958 5102//5102
f 4957//4957 5102//5102 5101//5101
f 4958//4958 4959//4959 5103//5103
f 4958//4958 5103//5103 5102//5102
f 4959//4959 4960//4960 5104//5104
f 4959//4959 5104//5104 5103//5103
f 4960//4960 4961//4961 5105//5105
f 4960//4960 5105//5105 5104//5104
f 4961//4961 4962//4962 5106//5106
f 4961//4961 5106//5106 5105//5105
f 4962//4962 4963//4963 5107//5107
f 4962//4962 5107//5107 5106//5106
f 4963//4963 4964//4964 5108//5108
f 4963//4963 5108//5108 5107//5107
f 4964//4964 4965//4965 5109//5109
f 4964//4964 5109//5109 5108//5108
f 4965//4965 4966//4966 5110//5110
f 4965//4965 5110//5110 5109//5109
f 4966//4966 4967//4967 5111//5111
f 4966//4966 5111//5111 5110//5110
f 4967//4967 4968//4968 5112//5112
f 4967//4967 5112//5112 5111//5111
f 4968//4968 4969//4969 5113//5113
f 4968//4968 5113//5113 5112//5112
f 4969//4969 4970//4970 5114//5114
f 4969//4969 5114//5114 5113//5113
f 4970//4970 4971//4971 5115//5115
f 4970//4970 5115//5115 5114//5114
f 4971//4971 4972//4972 5116//5116
f 4971//4971 5116//5116 5115//5115
f 4972//4972 4973//4973 5117//5117
f 4972//4972 5117//5117 5116//5116
f 4973//4973 4974//4974 5118//5118
f 4973//4973 5118//5118 5117//5117
f 4974//4974 4975//4975 5119//5119
f 4974//4974 5119//5119 5118//5118
f 4975//4975 4976//4976 5120//5120
f 4975//4975 5120//5120 5119//5119
f 4976//4976 4977//4977 5121//5121
f 4976//4976 5121//5121 5120//5120
f 4977//4977 4978//4978 5122//5122
f 4977//4977 5122//5122 5121//5121
f 4978//4978 4979//4979 5123//5123
f 4978//4978 5123//5123 5122//5122
f 4979//4979 4980//4980 5124//5124
f 4979//4979 5124//5124 5123//5123
f 4980//4980 4981//4981 5125//5125
f 4980//4980 5125//5125 5124//5124
f 4981//4981 4982//4982 5126//5126
f 4981//4981 5126//5126 5125//5125
f 4982//4982 4983//4983 5127//5127
f 4982//4982 5127//5127 5126//5126
f 4983//4983 4984//4984 5128//5128
f 4983//4983 5128//5128 5127//5127
f 4984//4984 4985//4985 5129//5129
f 4984//4984 5129//5129 5128//5128
f 4985//4985 4986//4986 5130//5130
f 4985//4985 5130//5130 5129//5129
f 4986//4986 4987//4987 5131//5131
f 4986//4986 5131//5131 5130//5130
f 4987//4987 4988//4988 5132//5132
usemtl score
f 4987//4987 5132//5132 5131//5131
f 4988//4988 4989//4989 5133//5133
f 4988//4988 5133//5133 5132//5132
f 4989//4989 4990//4990 5134//5134
f 4989//4989 5134//5134 5133//5133
usemtl crust
f 4990//4990 4991//4991 5135//5135
f 4990//4990 5135//5135 5134//5134
f 4991//4991 4992//4992 5136//5136
f 4991//4991 5136//5136 5135//5135
f 4992//4992 4993//4993 5137//5137
f 4992//4992 5137//5137 5136//5136
f 4993//4993 4994//4994 5138//5138
f 4993//4993 5138//5138 5137//5137
f 4994//4994 4995//4995 5139//5139
f 4994//4994 5139//5139 5138//5138
f 4995//4995 4996//4996 5140//5140
f 4995//4995 5140//5140 5139//5139
f 4996//4996 4997//4997 5141//5141
f 4996//4996 5141//5141 5140//5140
f 4997//4997 4998//4998 5142//5142
f 4997//4997 5142//5142 5141//5141
f 4998//4998 4999//4999 5143//5143
f 4998//4998 5143//5143 5142//5142
f 4999//4999 5000//5000 5144//5144
f 4999//4999 5144//5144 5143//5143
f 5000//5000 5001//5001 5145//5145
f 5000//5000 5145//5145 5144//5144
f 5001//5001 5002//5002 5146//5146
f 5001//5001 5146//5146 5145//5145
f 5002//5002 5003//5003 5147//5147
f 5002//5002 5147//5147 5146//5146
f 5003//5003 5004//5004 5148//5148
f 5003//5003 5148//5148 5147//5147
usemtl score
f 5004//5004 5005//5005 5149//5149
f 5004//5004 5149//5149 5148//5148
usemtl crust
f 5005//5005 5006//5006 5150//5150
f 5005//5005 5150//5150 5149//5149
f 5006//5006 5007//5007 5151//5151
f 5006//5006 5151//5151 5150//5150
f 5007//5007 5008//5008 5152//5152
f 5007//5007 5152//5152 5151//5151
f 5008//5008 5009//5009 5153//5153
f 5008//5008 5153//5153 5152//5152
f 5009//5009 5010//5010 5154//5154
f 5009//5009 5154//5154 5153//5153
f 5010//5010 5011//5011 5155//5155
f 5010//5010 5155//5155 5154//5154
f 5011//5011 5012//5012 5156//5156
f 5011//5011 5156//5156 5155//5155
f 5012//5012 5013//5013 5157//5157
f 5012//5012 5157//5157 5156//5156
f 5013//5013 5014//5014 5158//5158
f 5013//5013 5158//5158 5157//5157
usemtl score
f 5014//5014 5015//5015 5159//5159
f 5014//5014 5159//5159 5158//5158
f 5015//5015 5016//5016 5160//5160
f 5015//5015 5160//5160 5159//5159
usemtl crust
f 5016//5016 5017//5017 5161//5161
f 5016//5016 5161//5161 5160//5160
f 5017//5017 5018//5018 5162//5162
f 5017//5017 5162//5162 5161//5161
f 5018//5018 5019//5019 5163//5163
f 5018//5018 5163//5163 5162//5162
f 5019//5019 5020//5020 5164//5164
f 5019//5019 5164//5164 5163//5163
f 5020//5020 5021//5021 5165//5165
f 5020//5020 5165//5165 5164//5164
f 5021//5021 5022//5022 5166//5166
f 5021//5021 5166//5166 5165//5165
f 5022//5022 5023//5023 5167//5167
f 5022//5022 5167//5167 5166//5166
f 5023//5023 5024//5024 5168//5168
f 5023//5023 5168//5168 5167//5167
f 5024//5024 5025//5025 5169//5169
f 5024//5024 5169//5169 5168//5168
f 5025//5025 5026//5026 5170//5170
f 5025//5025 5170//5170 5169//5169
f 5026//5026 5027//5027 5171//5171
f 5026//5026 5171//5171 5170//5170
f 5027//5027 5028//5028 5172//5172
f 5027//5027 5172//5172 5171//5171
f 5028//5028 5029//5029 5173//5173
f 5028//5028 5173//5173 5172//5172
f 5029//5029 5030//5030 5174//5174
f 5029//5029 5174//5174 5173//5173
f 5030//5030 5031//5031 5175//5175
f 5030//5030 5175//5175 5174//5174
f 5031//5031 5032//5032 5176//5176
f 5031//5031 5176//5176 5175//5175
f 5032//5032 5033//5033 5177//5177
f 5032//5032 5177//5177 5176//5176
f 5033//5033 5034//5034 5178//5178
f 5033//5033 5178//5178 5177//5177
f 5034//5034 5035//5035 5179//5179
f 5034//5034 5179//5179 5178//5178
f 5035//5035 5036//5036 5180//5180
f 5035//5035 5180//5180 5179//5179
f 5036//5036 5037//5037 5181//5181
f 5036//5036 5181//5181 5180//5180
f 5037//5037 5038//5038 5182//5182
f 5037//5037 5182//5182 5181//5181
f 5038//5038 5039//5039 5183//5183
f 5038//5038 5183//5183 5182//5182
f 5039//5039 5040//5040 5184//5184
f 5039//5039 5184//5184 5183//5183
f 5040//5040 5041//5041 5185//5185
f 5040//5040 5185//5185 5184//5184
f 5041//5041 4898//4898 5042//5042
f 5041//5041 5042//5042 5185//5185
f 5042//5042 5043//5043 5187//5187
f 5042//5042 5187//5187 5186//5186
f 5043//5043 5044//5044 5188//5188
f 5043//5043 5188//5188 5187//5187
f 5044//5044 5045//5045 5189//5189
f 5044//5044 5189//5189 5188//5188
f 5045//5045 5046//5046 5190//5190
f 5045//5045 5190//5190 5189//5189
f 5046//5046 5047//5047 5191//5191
f 5046//5046 5191//5191 5190//5190
f 5047//5047 5048//5048 5192//5192
f 5047//5047 5192//5192 5191//5191
f 5048//5048 5049//5049 5193//5193
f 5048//5048 5193//5193 5192//5192
f 5049//5049 5050//5050 5194//5194
f 5049//5049 5194//5194 5193//5193
f 5050//5050 5051//5051 5195//5195
f 5050//5050 5195//5195 5194//5194
f 5051//5051 5052//5052 5196//5196
f 5051//5051 5196//5196 5195//5195
f 5052//5052 5053//5053 5197//5197
f 5052//5052 5197//5197 5196//5196
f 5053//5053 5054//5054 5198//5198
f 5053//5053 5198//5198 5197//5197
f 5054//5054 5055//5055 5199//5199
f 5054//5054 5199//5199 5198//5198
f 5055//5055 5056//5056 5200//5200
f 5055//5055 5200//5200 5199//5199
f 5056//5056 5057//5057 5201//5201
f 5056//5056 5201//5201 5200//5200
f 5057//5057 5058//5058 5202//5202
f 5057//5057 5202//5202 5201//5201
usemtl score
f 5058//5058 5059//5059 5203//5203
f 5058//5058 5203//5203 5202//5202
f 5059//5059 5060//5060 5204//5204
f 5059//5059 5204//5204 5203//5203
f 5060//5060 5061//5061 5205//5205
f 5060//5060 5205//5205 5204//5204
usemtl crust
f 5061//5061 5062//5062 5206//5206
f 5061//5061 5206//5206 5205//5205
f 5062//5062 5063//5063 5207//5207
f 5062//5062 5207//5207 5206//5206
f 5063//5063 5064//5064 5208//5208
f 5063//5063 5208//5208 5207//5207
f 5064//5064 5065//5065 5209//5209
f 5064//5064 5209//5209 5208//5208
f 5065//5065 5066//5066 5210//5210
f 5065//5065 5210//5210 5209//5209
f 5066//5066 5067//5067 5211//5211
f 5066//5066 5211//5211 5210//5210
f 5067//5067 5068//5068 5212//5212
f 5067//5067 5212//5212 5211//5211
f 5068//5068 5069//5069 5213//5213
f 5068//5068 5213//5213 5212//5212
f 5069//5069 5070//5070 5214//5214
f 5069//5069 5214//5214 5213//5213
f 5070//5070 5071//5071 5215//5215
f 5070//5070 5215//5215 5214//5214
f 5071//5071 5072//5072 5216//5216
f 5071//5071 5216//5216 5215//5215
f 5072//5072 5073//5073 5217//5217
f 5072//5072 5217//5217 5216//5216
f 5073//5073 5074//5074 5218//5218
f 5073//5073 5218//5218 5217//5217
f 5074//5074 5075//5075 5219//5219
f 5074//5074 5219//5219 5218//5218
f 5075//5075 5076//5076 5220//5220
f 5075//5075 5220//5220 5219//5219
usemtl score
f 5076//5076 5077//5077 5221//5221
f 5076//5076 5221//5221 5220//5220
usemtl crust
f 5077//5077 5078//5078 5222//5222
f 5077//5077 5222//5222 5221//5221
f 5078//5078 5079//5079 5223//5223
f 5078//5078 5223//5223 5222//5222
f 5079//5079 5080//5080 5224//5224
f 5079//5079 5224//5224 5223//5223
f 5080//5080 5081//5081 5225//5225
f 5080//5080 5225//5225 5224//5224
f 5081//5081 5082//5082 5226//5226
f 5081//5081 5226//5226 5225//5225
f 5082//5082 5083//5083 5227//5227
f 5082//5082 5227//5227 5226//5226
f 5083//5083 5084//5084 5228//5228
f 5083//5083 5228//5228 5227//5227
f 5084//5084 5085//5085 5229//5229
f 5084//5084 5229//5229 5228//5228
f 5085//5085 5086//5086 5230//5230
f 5085//5085 5230//5230 5229//5229
usemtl score
f 5086//5086 5087//5087 5231//5231
usemtl crust
f 5086//5086 5231//5231 5230//5230
usemtl score
f 5087//5087 5088//5088 5232//5232
f 5087//5087 5232//5232 5231//5231
f 5088//5088 5089//5089 5233//5233
f 5088//5088 5233//5233 5232//5232
usemtl crust
f 5089//5089 5090//5090 5234//5234
f 5089//5089 5234//5234 5233//5233
f 5090//5090 5091//5091 5235//5235
f 5090//5090 5235//5235 5234//5234
f 5091//5091 5092//5092 5236//5236
f 5091//5091 5236//5236 5235//5235
f 5092//5092 5093//5093 5237//5237
f 5092//5092 5237//5237 5236//5236
f 5093//5093 5094//5094 5238//5238
f 5093//5093 5238//5238 5237//5237
f 5094//5094 5095//5095 5239//5239
f 5094//5094 5239//5239 5238//5238
f 5095//5095 5096//5096 5240//5240
f 5095//5095 5240//5240 5239//5239
f 5096//5096 5097//5097 5241//5241
f 5096//5096 5241//5241 5240//5240
f 5097//5097 5098//5098 5242//5242
f 5097//5097 5242//5242 5241//5241
f 5098//5098 5099//5099 5243//5243
f 5098//5098 5243//5243 5242//5242
f 5099//5099 5100//5100 5244//5244
f 5099//5099 5244//5244 5243//5243
f 5100//5100 5101//5101 5245//5245
f 5100//5100 5245//5245 5244//5244
f 5101//5101 5102//5102 5246//5246
f 5101//5101 5246//5246 5245//5245
f 5102//5102 5103//5103 5247//5247
f 5102//5102 5247//5247 5246//5246
f 5103//5103 5104//5104 5248//5248
f 5103//5103 5248//5248 5247//5247
f 5104//5104 5105//5105 5249//5249
f 5104//5104 5249//5249 5248//5248
f 5105//5105 5106//5106 5250//5250
f 5105//5105 5250//5250 5249//5249
f 5106//5106 5107//5107 5251//5251
f 5106//5106 5251//5251 5250//5250
f 5107//5107 5108//5108 5252//5252
f 5107//5107 5252//5252 5251//5251
f 5108//5108 5109//5109 5253//5253
f 5108//5108 5253//5253 5252//5252
f 5109//5109 5110//5110 5254//5254
f 5109//5109 5254//5254 5253//5253
f 5110//5110 5111//5111 5255//5255
f 5110//5110 5255//5255 5254//5254
f 5111//5111 5112//5112 5256//5256
f 5111//5111 5256//5256 5255//5255
f 5112//5112 5113//5113 5257//5257
f 5112//5112 5257//5257 5256//5256
f 5113//5113 5114//5114 5258//5258
f 5113//5113 5258//5258 5257//5257
f 5114//5114 5115//5115 5259//5259
f 5114//5114 5259//5259 5258//5258
f 5115//5115 5116//5116 5260//5260
f 5115//5115 5260//5260 5259//5259
f 5116//5116 5117//5117 5261//5261
f 5116//5116 5261//5261 5260//5260
f 5117//5117 5118//5118 5262//5262
f 5117//5117 5262//5262 5261//5261
f 5118//5118 5119//5119 5263//5263
f 5118//5118 5263//5263 5262//5262
f 5119//5119 5120//5120 5264//5264
f 5119//5119 5264//5264 5263//5263
f 5120//5120 5121//5121 5265//5265
f 5120//5120 5265//5265 5264//5264
f 5121//5121 5122//5122 5266//5266
f 5121//5121 5266//5266 5265//5265
f 5122//5122 5123//5123 5267//5267
f 5122//5122 5267//5267 5266//5266
f 5123//5123 5124//5124 5268//5268
f 5123//5123 5268//5268 5267//5267
f 5124//5124 5125//5125 5269//5269
f 5124//5124 5269//5269 5268//5268
f 5125//5125 5126//5126 5270//5270
f 5125//5125 5270//5270 5269//5269
f 5126//5126 5127//5127 5271//5271
f 5126//5126 5271//5271 5270//5270
f 5127//5127 5128//5128 5272//5272
f 5127//5127 5272//5272 5271//5271
f 5128//5128 5129//5129 5273//5273
f 5128//5128 5273//5273 5272//5272
f 5129//5129 5130//5130 5274//5274
f 5129//5129 5274//5274 5273//5273
usemtl score
f 5130//5130 5131//5131 5275//5275
f 5130//5130 5275//5275 5274//5274
f 5131//5131 5132//5132 5276//5276
f 5131//5131 5276//5276 5275//5275
f 5132//5132 5133//5133 5277//5277
f 5132//5132 5277//5277 5276//5276
usemtl crust
f 5133//5133 5134//5134 5278//5278
f 5133//5133 5278//5278 5277//5277
f 5134//5134 5135//5135 5279//5279
f 5134//5134 5279//5279 5278//5278
f 5135//5135 5136//5136 5280//5280
f 5135//5135 5280//5280 5279//5279
f 5136//5136 5137//5137 5281//5281
f 5136//5136 5281//5281 5280//5280
f 5137//5137 5138//5138 5282//5282
f 5137//5137 5282//5282 5281//5281
f 5138//5138 5139//5139 5283//5283
f 5138//5138 5283//5283 5282//5282
f 5139//5139 5140//5140 5284//5284
f 5139//5139 5284//5284 5283//5283
f 5140//5140 5141//5141 5285//5285
f 5140//5140 5285//5285 5284//5284
f 5141//5141 5142//5142 5286//5286
f 5141//5141 5286//5286 5285//5285
f 5142//5142 5143//5143 5287//5287
f 5142//5142 5287//5287 5286//5286
f 5143//5143 5144//5144 5288//5288
f 5143//5143 5288//5288 5287//5287
f 5144//5144 5145//5145 5289//5289
f 5144//5144 5289//5289 5288//5288
f 5145//5145 5146//5146 5290//5290
f 5145//5145 5290//5290 5289//5289
f 5146//5146 5147//5147 5291//5291
f 5146//5146 5291//5291 5290//5290
f 5147//5147 5148//5148 5292//5292
f 5147//5147 5292//5292 5291//5291
usemtl score
f 5148//5148 5149//5149 5293//5293
f 5148//5148 5293//5293 5292//5292
usemtl crust
f 5149//5149 5150//5150 5294//5294
f 5149//5149 5294//5294 5293//5293
f 5150//5150 5151//5151 5295//5295
f 5150//5150 5295//5295 5294//5294
f 5151//5151 5152//5152 5296//5296
f 5151//5151 5296//5296 5295//5295
f 5152//5152 5153//5153 5297//5297
f 5152//5152 5297//5297 5296//5296
f 5153//5153 5154//5154 5298//5298
f 5153//5153 5298//5298 5297//5297
f 5154//5154 5155//5155 5299//5299
f 5154//5154 5299//5299 5298//5298
f 5155//5155 5156//5156 5300//5300
f 5155//5155 5300//5300 5299//5299
f 5156//5156 5157//5157 5301//5301
f 5156//5156 5301//5301 5300//5300
f 5157//5157 5158//5158 5302//5302
f 5157//5157 5302//5302 5301//5301
usemtl score
f 5158//5158 5159//5159 5303//5303
usemtl crust
f 5158//5158 5303//5303 5302//5302
usemtl score
f 5159//5159 5160//5160 5304//5304
f 5159//5159 5304//5304 5303//5303
f 5160//5160 5161//5161 5305//5305
f 5160//5160 5305//5305 5304//5304
usemtl crust
f 5161//5161 5162//5162 5306//5306
f 5161//5161 5306//5306 5305//5305
f 5162//5162 5163//5163 5307//5307
f 5162//5162 5307//5307 5306//5306
f 5163//5163 5164//5164 5308//5308
f 5163//5163 5308//5308 5307//5307
f 5164//5164 5165//5165 5309//5309
f 5164//5164 5309//5309 5308//5308
f 5165//5165 5166//5166 5310//5310
f 5165//5165 5310//5310 5309//5309
f 5166//5166 5167//5167 5311//5311
f 5166//5166 5311//5311 5310//5310
f 5167//5167 5168//5168 5312//5312
f 5167//5167 5312//5312 5311//5311
f 5168//5168 5169//5169 5313//5313
f 5168//5168 5313//5313 5312//5312
f 5169//5169 5170//5170 5314//5314
f 5169//5169 5314//5314 5313//5313
f 5170//5170 5171//5171 5315//5315
f 5170//5170 5315//5315 5314//5314
f 5171//5171 5172//5172 5316//5316
f 5171//5171 5316//5316 5315//5315
f 5172//5172 5173//5173 5317//5317
f 5172//5172 5317//5317 5316//5316
f 5173//5173 5174//5174 5318//5318
f 5173//5173 5318//5318 5317//5317
f 5174//5174 5175//5175 5319//5319
f 5174//5174 5319//5319 5318//5318
f 5175//5175 5176//5176 5320//5320
f 5175//5175 5320//5320 5319//5319
f 5176//5176 5177//5177 5321//5321
f 5176//5176 5321//5321 5320//5320
f 5177//5177 5178//5178 5322//5322
f 5177//5177 5322//5322 5321//5321
f 5178//5178 5179//5179 5323//5323
f 5178//5178 5323//5323 5322//5322
f 5179//5179 5180//5180 5324//5324
f 5179//5179 5324//5324 5323//5323
f 5180//5180 5181//5181 5325//5325
f 5180//5180 5325//5325 5324//5324
f 5181//5181 5182//5182 5326//5326
f 5181//5181 5326//5326 5325//5325
f 5182//5182 5183//5183 5327//5327
f 5182//5182 5327//5327 5326//5326
f 5183//5183 5184//5184 5328//5328
f 5183//5183 5328//5328 5327//5327
f 5184//5184 5185//5185 5329//5329
f 5184//5184 5329//5329 5328//5328
f 5185//5185 5042//5042 5186//5186
f 5185//5185 5186//5186 5329//5329
f 5186//5186 5187//5187 5331//5331
f 5186//5186 5331//5331 5330//5330
f 5187//5187 5188//5188 5332//5332
f 5187//5187 5332//5332 5331//5331
f 5188//5188 5189//5189 5333//5333
f 5188//5188 5333//5333 5332//5332
f 5189//5189 5190//5190 5334//5334
f 5189//5189 5334//5334 5333//5333
f 5190//5190 5191//5191 5335//5335
f 5190//5190 5335//5335 5334//5334
f 5191//5191 5192//5192 5336//5336
f 5191//5191 5336//5336 5335//5335
f 5192//5192 5193//5193 5337//5337
f 5192//5192 5337//5337 5336//5336
f 5193//5193 5194//5194 5338//5338
f 5193//5193 5338//5338 5337//5337
f 5194//5194 5195//5195 5339//5339
f 5194//5194 5339//5339 5338//5338
f 5195//5195 5196//5196 5340//5340
f 5195//5195 5340//5340 5339//5339
f 5196//5196 5197//5197 5341//5341
f 5196//5196 5341//5341 5340//5340
f 5197//5197 5198//5198 5342//5342
f 5197//5197 5342//5342 5341//5341
f 5198//5198 5199//5199 5343//5343
f 5198//5198 5343//5343 5342//5342
f 5199//5199 5200//5200 5344//5344
f 5199//5199 5344//5344 5343//5343
f 5200//5200 5201//5201 5345//5345
usemtl score
f 5200//5200 5345//5345 5344//5344
f 5201//5201 5202//5202 5346//5346
f 5201//5201 5346//5346 5345//5345
f 5202//5202 5203//5203 5347//5347
f 5202//5202 5347//5347 5346//5346
f 5203//5203 5204//5204 5348//5348
f 5203//5203 5348//5348 5347//5347
usemtl crust
f 5204//5204 5205//5205 5349//5349
f 5204//5204 5349//5349 5348//5348
f 5205//5205 5206//5206 5350//5350
f 5205//5205 5350//5350 5349//5349
f 5206//5206 5207//5207 5351//5351
f 5206//5206 5351//5351 5350//5350
f 5207//5207 5208//5208 5352//5352
f 5207//5207 5352//5352 5351//5351
f 5208//5208 5209//5209 5353//5353
f 5208//5208 5353//5353 5352//5352
f 5209//5209 5210//5210 5354//5354
f 5209//5209 5354//5354 5353//5353
f 5210//5210 5211//5211 5355//5355
f 5210//5210 5355//5355 5354//5354
f 5211//5211 5212//5212 5356//5356
f 5211//5211 5356//5356 5355//5355
f 5212//5212 5213//5213 5357//5357
f 5212//5212 5357//5357 5356//5356
f 5213//5213 5214//5214 5358//5358
f 5213//5213 5358//5358 5357//5357
f 5214//5214 5215//5215 5359//5359
f 5214//5214 5359//5359 5358//5358
f 5215//5215 5216//5216 5360//5360
f 5215//5215 5360//5360 5359//5359
f 5216//5216 5217//5217 5361//5361
f 5216//5216 5361//5361 5360//5360
f 5217//5217 5218//5218 5362//5362
f 5217//5217 5362//5362 5361//5361
f 5218//5218 5219//5219 5363//5363
f 5218//5218 5363//5363 5362//5362
f 5219//5219 5220//5220 5364//5364
f 5219//5219 5364//5364 5363//5363
usemtl score
f 5220//5220 5221//5221 5365//5365
f 5220//5220 5365//5365 5364//5364
usemtl crust
f 5221//5221 5222//5222 5366//5366
f 5221//5221 5366//5366 5365//5365
f 5222//5222 5223//5223 5367//5367
f 5222//5222 5367//5367 5366//5366
f 5223//5223 5224//5224 5368//5368
f 5223//5223 5368//5368 5367//5367
f 5224//5224 5225//5225 5369//5369
f 5224//5224 5369//5369 5368//5368
f 5225//5225 5226//5226 5370//5370
f 5225//5225 5370//5370 5369//5369
f 5226//5226 5227//5227 5371//5371
f 5226//5226 5371//5371 5370//5370
f 5227//5227 5228//5228 5372//5372
f 5227//5227 5372//5372 5371//5371
f 5228//5228 5229//5229 5373//5373
f 5228//5228 5373//5373 5372//5372
f 5229//5229 5230//5230 5374//5374
f 5229//5229 5374//5374 5373//5373
f 5230//5230 5231//5231 5375//5375
f 5230//5230 5375//5375 5374//5374
usemtl score
f 5231//5231 5232//5232 5376//5376
usemtl crust
f 5231//5231 5376//5376 5375//5375
usemtl score
f 5232//5232 5233//5233 5377//5377
f 5232//5232 5377//5377 5376//5376
f 5233//5233 5234//5234 5378//5378
f 5233//5233 5378//5378 5377//5377
usemtl crust
f 5234//5234 5235//5235 5379//5379
usemtl score
f 5234//5234 5379//5379 5378//5378
usemtl crust
f 5235//5235 5236//5236 5380//5380
f 5235//5235 5380//5380 5379//5379
f 5236//5236 5237//5237 5381//5381
f 5236//5236 5381//5381 5380//5380
f 5237//5237 5238//5238 5382//5382
f 5237//5237 5382//5382 5381//5381
f 5238//5238 5239//5239 5383//5383
f 5238//5238 5383//5383 5382//5382
f 5239//5239 5240//5240 5384//5384
f 5239//5239 5384//5384 5383//5383
f 5240//5240 5241//5241 5385//5385
f 5240//5240 5385//5385 5384//5384
f 5241//5241 5242//5242 5386//5386
f 5241//5241 5386//5386 5385//5385
f 5242//5242 5243//5243 5387//5387
f 5242//5242 5387//5387 5386//5386
f 5243//5243 5244//5244 5388//5388
f 5243//5243 5388//5388 5387//5387
f 5244//5244 5245//5245 5389//5389
f 5244//5244 5389//5389 5388//5388
f 5245//5245 5246//5246 5390//5390
f 5245//5245 5390//5390 5389//5389
f 5246//5246 5247//5247 5391//5391
f 5246//5246 5391//5391 5390//5390
f 5247//5247 5248//5248 5392//5392
f 5247//5247 5392//5392 5391//5391
f 5248//5248 5249//5249 5393//5393
f 5248//5248 5393//5393 5392//5392
f 5249//5249 5250//5250 5394//5394
f 5249//5249 5394//5394 5393//5393
f 5250//5250 5251//5251 5395//5395
f 5250//5250 5395//5395 5394//5394
f 5251//5251 5252//5252 5396//5396
f 5251//5251 5396//5396 5395//5395
f 5252//5252 5253//5253 5397//5397
f 5252//5252 5397//5397 5396//5396
f 5253//5253 5254//5254 5398//5398
f 5253//5253 5398//5398 5397//5397
f 5254//5254 5255//5255 5399//5399
f 5254//5254 5399//5399 5398//5398
f 5255//5255 5256//5256 5400//5400
f 5255//5255 5400//5400 5399//5399
f 5256//5256 5257//5257 5401//5401
f 5256//5256 5401//5401 5400//5400
f 5257//5257 5258//5258 5402//5402
f 5257//5257 5402//5402 5401//5401
f 5258//5258 5259//5259 5403//5403
f 5258//5258 5403//5403 5402//5402
f 5259//5259 5260//5260 5404//5404
f 5259//5259 5404//5404 5403//5403
f 5260//5260 5261//5261 5405//5405
f 5260//5260 5405//5405 5404//5404
f 5261//5261 5262//5262 5406//5406
f 5261//5261 5406//5406 5405//5405
f 5262//5262 5263//5263 5407//5407
f 5262//5262 5407//5407 5406//5406
f 5263//5263 5264//5264 5408//5408
f 5263//5263 5408//5408 5407//5407
f 5264//5264 5265//5265 5409//5409
f 5264//5264 5409//5409 5408//5408
f 5265//5265 5266//5266 5410//5410
f 5265//5265 5410//5410 5409//5409
f 5266//5266 5267//5267 5411//5411
f 5266//5266 5411//5411 5410//5410
f 5267//5267 5268//5268 5412//5412
f 5267//5267 5412//5412 5411//5411
f 5268//5268 5269//5269 5413//5413
f 5268//5268 5413//5413 5412//5412
f 5269//5269 5270//5270 5414//5414
f 5269//5269 5414//5414 5413//5413
f 5270//5270 5271//5271 5415//5415
f 5270//5270 5415//5415 5414//5414
f 5271//5271 5272//5272 5416//5416
f 5271//5271 5416//5416 5415//5415
f 5272//5272 5273//5273 5417//5417
usemtl score
f 5272//5272 5417//5417 5416//5416
f 5273//5273 5274//5274 5418//5418
f 5273//5273 5418//5418 5417//5417
f 5274//5274 5275//5275 5419//5419
f 5274//5274 5419//5419 5418//5418
f 5275//5275 5276//5276 5420//5420
f 5275//5275 5420//5420 5419//5419
usemtl crust
f 5276//5276 5277//5277 5421//5421
f 5276//5276 5421//5421 5420//5420
f 5277//5277 5278//5278 5422//5422
f 5277//5277 5422//5422 5421//5421
f 5278//5278 5279//5279 5423//5423
f 5278//5278 5423//5423 5422//5422
f 5279//5279 5280//5280 5424//5424
f 5279//5279 5424//5424 5423//5423
f 5280//5280 5281//5281 5425//5425
f 5280//5280 5425//5425 5424//5424
f 5281//5281 5282//5282 5426//5426
f 5281//5281 5426//5426 5425//5425
f 5282//5282 5283//5283 5427//5427
f 5282//5282 5427//5427 5426//5426
f 5283//5283 5284//5284 5428//5428
f 5283//5283 5428//5428 5427//5427
f 5284//5284 5285//5285 5429//5429
f 5284//5284 5429//5429 5428//5428
f 5285//5285 5286//5286 5430//5430
f 5285//5285 5430//5430 5429//5429
f 5286//5286 5287//5287 5431//5431
f 5286//5286 5431//5431 5430//5430
f 5287//5287 5288//5288 5432//5432
f 5287//5287 5432//5432 5431//5431
f 5288//5288 5289//5289 5433//5433
f 5288//5288 5433//5433 5432//5432
f 5289//5289 5290//5290 5434//5434
f 5289//5289 5434//5434 5433//5433
f 5290//5290 5291//5291 5435//5435
f 5290//5290 5435//5435 5434//5434
f 5291//5291 5292//5292 5436//5436
f 5291//5291 5436//5436 5435//5435
usemtl score
f 5292//5292 5293//5293 5437//5437
f 5292//5292 5437//5437 5436//5436
usemtl crust
f 5293//5293 5294//5294 5438//5438
f 5293//5293 5438//5438 5437//5437
f 5294//5294 5295//5295 5439//5439
f 5294//5294 5439//5439 5438//5438
f 5295//5295 5296//5296 5440//5440
f 5295//5295 5440//5440 5439//5439
f 5296//5296 5297//5297 5441//5441
f 5296//5296 5441//5441 5440//5440
f 5297//5297 5298//5298 5442//5442
f 5297//5297 5442//5442 5441//5441
f 5298//5298 5299//5299 5443//5443
f 5298//5298 5443//5443 5442//5442
f 5299//5299 5300//5300 5444//5444
f 5299//5299 5444//5444 5443//5443
f 5300//5300 5301//5301 5445//5445
f 5300//5300 5445//5445 5444//5444
f 5301//5301 5302//5302 5446//5446
f 5301//5301 5446//5446 5445//5445
f 5302//5302 5303//5303 5447//5447
f 5302//5302 5447//5447 5446//5446
usemtl score
f 5303//5303 5304//5304 5448//5448
usemtl crust
f 5303//5303 5448//5448 5447//5447
usemtl score
f 5304//5304 5305//5305 5449//5449
f 5304//5304 5449//5449 5448//5448
f 5305//5305 5306//5306 5450//5450
f 5305//5305 5450//5450 5449//5449
usemtl crust
f 5306//5306 5307//5307 5451//5451
usemtl score
f 5306//5306 5451//5451 5450//5450
usemtl crust
f 5307//5307 5308//5308 5452//5452
f 5307//5307 5452//5452 5451//5451
f 5308//5308 5309//5309 5453//5453
f 5308//5308 5453//5453 5452//5452
f 5309//5309 5310//5310 5454//5454
f 5309//5309 5454//5454 5453//5453
f 5310//5310 5311//5311 5455//5455
f 5310//5310 5455//5455 5454//5454
f 5311//5311 5312//5312 5456//5456
f 5311//5311 5456//5456 5455//5455
f 5312//5312 5313//5313 5457//5457
f 5312//5312 5457//5457 5456//5456
f 5313//5313 5314//5314 5458//5458
f 5313//5313 5458//5458 5457//5457
f 5314//5314 5315//5315 5459//5459
f 5314//5314 5459//5459 5458//5458
f 5315//5315 5316//5316 5460//5460
f 5315//5315 5460//5460 5459//5459
f 5316//5316 5317//5317 5461//5461
f 5316//5316 5461//5461 5460//5460
f 5317//5317 5318//5318 5462//5462
f 5317//5317 5462//5462 5461//5461
f 5318//5318 5319//5319 5463//5463
f 5318//5318 5463//5463 5462//5462
f 5319//5319 5320//5320 5464//5464
f 5319//5319 5464//5464 5463//5463
f 5320//5320 5321//5321 5465//5465
f 5320//5320 5465//5465 5464//5464
f 5321//5321 5322//5322 5466//5466
f 5321//5321 5466//5466 5465//5465
f 5322//5322 5323//5323 5467//5467
f 5322//5322 5467//5467 5466//5466
f 5323//5323 5324//5324 5468//5468
f 5323//5323 5468//5468 5467//5467
f 5324//5324 5325//5325 5469//5469
f 5324//5324 5469//5469 5468//5468
f 5325//5325 5326//5326 5470//5470
f 5325//5325 5470//5470 5469//5469
f 5326//5326 5327//5327 5471//5471
f 5326//5326 5471//5471 5470//5470
f 5327//5327 5328//5328 5472//5472
f 5327//5327 5472//5472 5471//5471
f 5328//5328 5329//5329 5473//5473
f 5328//5328 5473//5473 5472//5472
f 5329//5329 5186//5186 5330//5330
f 5329//5329 5330//5330 5473//5473
f 5330//5330 5331//5331 5475//5475
f 5330//5330 5475//5475 5474//5474
f 5331//5331 5332//5332 5476//5476
f 5331//5331 5476//5476 5475//5475
f 5332//5332 5333//5333 5477//5477
f 5332//5332 5477//5477 5476//5476
f 5333//5333 5334//5334 5478//5478
f 5333//5333 5478//5478 5477//5477
f 5334//5334 5335//5335 5479//5479
f 5334//5334 5479//5479 5478//5478
f 5335//5335 5336//5336 5480//5480
f 5335//5335 5480//5480 5479//5479
f 5336//5336 5337//5337 5481//5481
f 5336//5336 5481//5481 5480//5480
f 5337//5337 5338//5338 5482//5482
f 5337//5337 5482//5482 5481//5481
f 5338//5338 5339//5339 5483//5483
f 5338//5338 5483//5483 5482//5482
f 5339//5339 5340//5340 5484//5484
f 5339//5339 5484//5484 5483//5483
f 5340//5340 5341//5341 5485//5485
f 5340//5340 5485//5485 5484//5484
f 5341//5341 5342//5342 5486//5486
f 5341//5341 5486//5486 5485//5485
usemtl score
f 5342//5342 5343//5343 5487//5487
f 5342//5342 5487//5487 5486//5486
f 5343//5343 5344//5344 5488//5488
f 5343//5343 5488//5488 5487//5487
f 5344//5344 5345//5345 5489//5489
f 5344//5344 5489//5489 5488//5488
f 5345//5345 5346//5346 5490//5490
f 5345//5345 5490//5490 5489//5489
usemtl crust
f 5346//5346 5347//5347 5491//5491
f 5346//5346 5491//5491 5490//5490
f 5347//5347 5348//5348 5492//5492
f 5347//5347 5492//5492 5491//5491
f 5348//5348 5349//5349 5493//5493
f 5348//5348 5493//5493 5492//5492
f 5349//5349 5350//5350 5494//5494
f 5349//5349 5494//5494 5493//5493
f 5350//5350 5351//5351 5495//5495
f 5350//5350 5495//5495 5494//5494
f 5351//5351 5352//5352 5496//5496
f 5351//5351 5496//5496 5495//5495
f 5352//5352 5353//5353 5497//5497
f 5352//5352 5497//5497 5496//5496
f 5353//5353 5354//5354 5498//5498
f 5353//5353 5498//5498 5497//5497
f 5354//5354 5355//5355 5499//5499
f 5354//5354 5499//5499 5498//5498
f 5355//5355 5356//5356 5500//5500
f 5355//5355 5500//5500 5499//5499
f 5356//5356 5357//5357 5501//5501
f 5356//5356 5501//5501 5500//5500
f 5357//5357 5358//5358 5502//5502
f 5357//5357 5502//5502 5501//5501
f 5358//5358 5359//5359 5503//5503
f 5358//5358 5503//5503 5502//5502
f 5359//5359 5360//5360 5504//5504
f 5359//5359 5504//5504 5503//5503
f 5360//5360 5361//5361 5505//5505
f 5360//5360 5505//5505 5504//5504
f 5361//5361 5362//5362 5506//5506
f 5361//5361 5506//5506 5505//5505
f 5362//5362 5363//5363 5507//5507
f 5362//5362 5507//5507 5506//5506
usemtl score
f 5363//5363 5364//5364 5508//5508
usemtl crust
f 5363//5363 5508//5508 5507//5507
usemtl score
f 5364//5364 5365//5365 5509//5509
f 5364//5364 5509//5509 5508//5508
usemtl crust
f 5365//5365 5366//5366 5510//5510
f 5365//5365 5510//5510 5509//5509
f 5366//5366 5367//5367 5511//5511
f 5366//5366 5511//5511 5510//5510
f 5367//5367 5368//5368 5512//5512
f 5367//5367 5512//5512 5511//5511
f 5368//5368 5369//5369 5513//5513
f 5368//5368 5513//5513 5512//5512
f 5369//5369 5370//5370 5514//5514
f 5369//5369 5514//5514 5513//5513
f 5370//5370 5371//5371 5515//5515
f 5370//5370 5515//5515 5514//5514
f 5371//5371 5372//5372 5516//5516
f 5371//5371 5516//5516 5515//5515
f 5372//5372 5373//5373 5517//5517
f 5372//5372 5517//5517 5516//5516
f 5373//5373 5374//5374 5518//5518
f 5373//5373 5518//5518 5517//5517
f 5374//5374 5375//5375 5519//5519
f 5374//5374 5519//5519 5518//5518
f 5375//5375 5376//5376 5520//5520
f 5375//5375 5520//5520 5519//5519
f 5376//5376 5377//5377 5521//5521
f 5376//5376 5521//5521 5520//5520
usemtl score
f 5377//5377 5378//5378 5522//5522
usemtl crust
f 5377//5377 5522//5522 5521//5521
usemtl score
f 5378//5378 5379//5379 5523//5523
f 5378//5378 5523//5523 5522//5522
f 5379//5379 5380//5380 5524//5524
f 5379//5379 5524//5524 5523//5523
usemtl crust
f 5380//5380 5381//5381 5525//5525
usemtl score
f 5380//5380 5525//5525 5524//5524
usemtl crust
f 5381//5381 5382//5382 5526//5526
f 5381//5381 5526//5526 5525//5525
f 5382//5382 5383//5383 5527//5527
f 5382//5382 5527//5527 5526//5526
f 5383//5383 5384//5384 5528//5528
f 5383//5383 5528//5528 5527//5527
f 5384//5384 5385//5385 5529//5529
f 5384//5384 5529//5529 5528//5528
f 5385//5385 5386//5386 5530//5530
f 5385//5385 5530//5530 5529//5529
f 5386//5386 5387//5387 5531//5531
f 5386//5386 5531//5531 5530//5530
f 5387//5387 5388//5388 5532//5532
f 5387//5387 5532//5532 5531//5531
f 5388//5388 5389//5389 5533//5533
f 5388//5388 5533//5533 5532//5532
f 5389//5389 5390//5390 5534//5534
f 5389//5389 5534//5534 5533//5533
f 5390//5390 5391//5391 5535//5535
f 5390//5390 5535//5535 5534//5534
f 5391//5391 5392//5392 5536//5536
f 5391//5391 5536//5536 5535//5535
f 5392//5392 5393//5393 5537//5537
f 5392//5392 5537//5537 5536//5536
f 5393//5393 5394//5394 5538//5538
f 5393//5393 5538//5538 5537//5537
f 5394//5394 5395//5395 5539//5539
f 5394//5394 5539//5539 5538//5538
f 5395//5395 5396//5396 5540//5540
f 5395//5395 5540//5540 5539//5539
f 5396//5396 5397//5397 5541//5541
f 5396//5396 5541//5541 5540//5540
f 5397//5397 5398//5398 5542//5542
f 5397//5397 5542//5542 5541//5541
f 5398//5398 5399//5399 5543//5543
f 5398//5398 5543//5543 5542//5542
f 5399//5399 5400//5400 5544//5544
f 5399//5399 5544//5544 5543//5543
f 5400//5400 5401//5401 5545//5545
f 5400//5400 5545//5545 5544//5544
f 5401//5401 5402//5402 5546//5546
f 5401//5401 5546//5546 5545//5545
f 5402//5402 5403//5403 5547//5547
f 5402//5402 5547//5547 5546//5546
f 5403//5403 5404//5404 5548//5548
f 5403//5403 5548//5548 5547//5547
f 5404//5404 5405//5405 5549//5549
f 5404//5404 5549//5549 5548//5548
f 5405//5405 5406//5406 5550//5550
f 5405//5405 5550//5550 5549//5549
f 5406//5406 5407//5407 5551//5551
f 5406//5406 5551//5551 5550//5550
f 5407//5407 5408//5408 5552//5552
f 5407//5407 5552//5552 5551//5551
f 5408//5408 5409//5409 5553//5553
f 5408//5408 5553//5553 5552//5552
f 5409//5409 5410//5410 5554//5554
f 5409//5409 5554//5554 5553//5553
f 5410//5410 5411//5411 5555//5555
f 5410//5410 5555//5555 5554//5554
f 5411//5411 5412//5412 5556//5556
f 5411//5411 5556//5556 5555//5555
f 5412//5412 5413//5413 5557//5557
f 5412//5412 5557//5557 5556//5556
f 5413//5413 5414//5414 5558//5558
f 5413//5413 5558//5558 5557//5557
usemtl score
f 5414//5414 5415//5415 5559//5559
f 5414//5414 5559//5559 5558//5558
f 5415//5415 5416//5416 5560//5560
f 5415//5415 5560//5560 5559//5559
f 5416//5416 5417//5417 5561//5561
f 5416//5416 5561//5561 5560//5560
f 5417//5417 5418//5418 5562//5562
f 5417//5417 5562//5562 5561//5561
usemtl crust
f 5418//5418 5419//5419 5563//5563
f 5418//5418 5563//5563 5562//5562
f 5419//5419 5420//5420 5564//5564
f 5419//5419 5564//5564 5563//5563
f 5420//5420 5421//5421 5565//5565
f 5420//5420 5565//5565 5564//5564
f 5421//5421 5422//5422 5566//5566
f 5421//5421 5566//5566 5565//5565
f 5422//5422 5423//5423 5567//5567
f 5422//5422 5567//5567 5566//5566
f 5423//5423 5424//5424 5568//5568
f 5423//5423 5568//5568 5567//5567
f 5424//5424 5425//5425 5569//5569
f 5424//5424 5569//5569 5568//5568
f 5425//5425 5426//5426 5570//5570
f 5425//5425 5570//5570 5569//5569
f 5426//5426 5427//5427 5571//5571
f 5426//5426 5571//5571 5570//5570
f 5427//5427 5428//5428 5572//5572
f 5427//5427 5572//5572 5571//5571
f 5428//5428 5429//5429 5573//5573
f 5428//5428 5573//5573 5572//5572
f 5429//5429 5430//5430 5574//5574
f 5429//5429 5574//5574 5573//5573
f 5430//5430 5431//5431 5575//5575
f 5430//5430 5575//5575 5574//5574
f 5431//5431 5432//5432 5576//5576
f 5431//5431 5576//5576 5575//5575
f 5432//5432 5433//5433 5577//5577
f 5432//5432 5577//5577 5576//5576
f 5433//5433 5434//5434 5578//5578
f 5433//5433 5578//5578 5577//5577
f 5434//5434 5435//5435 5579//5579
f 5434//5434 5579//5579 5578//5578
usemtl score
f 5435//5435 5436//5436 5580//5580
usemtl crust
f 5435//5435 5580//5580 5579//5579
usemtl score
f 5436//5436 5437//5437 5581//5581
f 5436//5436 5581//5581 5580//5580
usemtl crust
f 5437//5437 5438//5438 5582//5582
f 5437//5437 5582//5582 5581//5581
f 5438//5438 5439//5439 5583//5583
f 5438//5438 5583//5583 5582//5582
f 5439//5439 5440//5440 5584//5584
f 5439//5439 5584//5584 5583//5583
f 5440//5440 5441//5441 5585//5585
f 5440//5440 5585//5585 5584//5584
f 5441//5441 5442//5442 5586//5586
f 5441//5441 5586//5586 5585//5585
f 5442//5442 5443//5443 5587//5587
f 5442//5442 5587//5587 5586//5586
f 5443//5443 5444//5444 5588//5588
f 5443//5443 5588//5588 5587//5587
f 5444//5444 5445//5445 5589//5589
f 5444//5444 5589//5589 5588//5588
f 5445//5445 5446//5446 5590//5590
f 5445//5445 5590//5590 5589//5589
f 5446//5446 5447//5447 5591//5591
f 5446//5446 5591//5591 5590//5590
f 5447//5447 5448//5448 5592//5592
f 5447//5447 5592//5592 5591//5591
f 5448//5448 5449//5449 5593//5593
f 5448//5448 5593//5593 5592//5592
usemtl score
f 5449//5449 5450//5450 5594//5594
usemtl crust
f 5449//5449 5594//5594 5593//5593
usemtl score
f 5450//5450 5451//5451 5595//5595
f 5450//5450 5595//5595 5594//5594
f 5451//5451 5452//5452 5596//5596
f 5451//5451 5596//5596 5595//5595
usemtl crust
f 5452//5452 5453//5453 5597//5597
usemtl score
f 5452//5452 5597//5597 5596//5596
usemtl crust
f 5453//5453 5454//5454 5598//5598
f 5453//5453 5598//5598 5597//5597
f 5454//5454 5455//5455 5599//5599
f 5454//5454 5599//5599 5598//5598
f 5455//5455 5456//5456 5600//5600
f 5455//5455 5600//5600 5599//5599
f 5456//5456 5457//5457 5601//5601
f 5456//5456 5601//5601 5600//5600
f 5457//5457 5458//5458 5602//5602
f 5457//5457 5602//5602 5601//5601
f 5458//5458 5459//5459 5603//5603
f 5458//5458 5603//5603 5602//5602
f 5459//5459 5460//5460 5604//5604
f 5459//5459 5604//5604 5603//5603
f 5460//5460 5461//5461 5605//5605
f 5460//5460 5605//5605 5604//5604
f 5461//5461 5462//5462 5606//5606
f 5461//5461 5606//5606 5605//5605
f 5462//5462 5463//5463 5607//5607
f 5462//5462 5607//5607 5606//5606
f 5463//5463 5464//5464 5608//5608
f 5463//5463 5608//5608 5607//5607
f 5464//5464 5465//5465 5609//5609
f 5464//5464 5609//5609 5608//5608
f 5465//5465 5466//5466 5610//5610
f 5465//5465 5610//5610 5609//5609
f 5466//5466 5467//5467 5611//5611
f 5466//5466 5611//5611 5610//5610
f 5467//5467 5468//5468 5612//5612
f 5467//5467 5612//5612 5611//5611
f 5468//5468 5469//5469 5613//5613
f 5468//5468 5613//5613 5612//5612
f 5469//5469 5470//5470 5614//5614
f 5469//5469 5614//5614 5613//5613
f 5470//5470 5471//5471 5615//5615
f 5470//5470 5615//5615 5614//5614
f 5471//5471 5472//5472 5616//5616
f 5471//5471 5616//5616 5615//5615
f 5472//5472 5473//5473 5617//5617
f 5472//5472 5617//5617 5616//5616
f 5473//5473 5330//5330 5474//5474
f 5473//5473 5474//5474 5617//5617
f 5474//5474 5475//5475 5619//5619
f 5474//5474 5619//5619 5618//5618
f 5475//5475 5476//5476 5620//5620
f 5475//5475 5620//5620 5619//5619
f 5476//5476 5477//5477 5621//5621
f 5476//5476 5621//5621 5620//5620
f 5477//5477 5478//5478 5622//5622
f 5477//5477 5622//5622 5621//5621
f 5478//5478 5479//5479 5623//5623
f 5478//5478 5623//5623 5622//5622
f 5479//5479 5480//5480 5624//5624
f 5479//5479 5624//5624 5623//5623
f 5480//5480 5481//5481 5625//5625
f 5480//5480 5625//5625 5624//5624
f 5481//5481 5482//5482 5626//5626
f 5481//5481 5626//5626 5625//5625
f 5482//5482 5483//5483 5627//5627
usemtl score
f 5482//5482 5627//5627 5626//5626
f 5483//5483 5484//5484 5628//5628
f 5483//5483 5628//5628 5627//5627
f 5484//5484 5485//5485 5629//5629
f 5484//5484 5629//5629 5628//5628
f 5485//5485 5486//5486 5630//5630
f 5485//5485 5630//5630 5629//5629
f 5486//5486 5487//5487 5631//5631
f 5486//5486 5631//5631 5630//5630
f 5487//5487 5488//5488 5632//5632
usemtl crust
f 5487//5487 5632//5632 5631//5631
f 5488//5488 5489//5489 5633//5633
f 5488//5488 5633//5633 5632//5632
f 5489//5489 5490//5490 5634//5634
f 5489//5489 5634//5634 5633//5633
f 5490//5490 5491//5491 5635//5635
f 5490//5490 5635//5635 5634//5634
f 5491//5491 5492//5492 5636//5636
f 5491//5491 5636//5636 5635//5635
f 5492//5492 5493//5493 5637//5637
f 5492//5492 5637//5637 5636//5636
f 5493//5493 5494//5494 5638//5638
f 5493//5493 5638//5638 5637//5637
f 5494//5494 5495//5495 5639//5639
f 5494//5494 5639//5639 5638//5638
f 5495//5495 5496//5496 5640//5640
f 5495//5495 5640//5640 5639//5639
f 5496//5496 5497//5497 5641//5641
f 5496//5496 5641//5641 5640//5640
f 5497//5497 5498//5498 5642//5642
f 5497//5497 5642//5642 5641//5641
f 5498//5498 5499//5499 5643//5643
f 5498//5498 5643//5643 5642//5642
f 5499//5499 5500//5500 5644//5644
f 5499//5499 5644//5644 5643//5643
f 5500//5500 5501//5501 5645//5645
f 5500//5500 5645//5645 5644//5644
f 5501//5501 5502//5502 5646//5646
f 5501//5501 5646//5646 5645//5645
f 5502//5502 5503//5503 5647//5647
f 5502//5502 5647//5647 5646//5646
f 5503//5503 5504//5504 5648//5648
f 5503//5503 5648//5648 5647//5647
f 5504//5504 5505//5505 5649//5649
f 5504//5504 5649//5649 5648//5648
f 5505//5505 5506//5506 5650//5650
f 5505//5505 5650//5650 5649//5649
f 5506//5506 5507//5507 5651//5651
f 5506//5506 5651//5651 5650//5650
usemtl score
f 5507//5507 5508//5508 5652//5652
usemtl crust
f 5507//5507 5652//5652 5651//5651
usemtl score
f 5508//5508 5509//5509 5653//5653
f 5508//5508 5653//5653 5652//5652
usemtl crust
f 5509//5509 5510//5510 5654//5654
f 5509//5509 5654//5654 5653//5653
f 5510//5510 5511//5511 5655//5655
f 5510//5510 5655//5655 5654//5654
f 5511//5511 5512//5512 5656//5656
f 5511//5511 5656//5656 5655//5655
f 5512//5512 5513//5513 5657//5657
f 5512//5512 5657//5657 5656//5656
f 5513//5513 5514//5514 5658//5658
f 5513//5513 5658//5658 5657//5657
f 5514//5514 5515//5515 5659//5659
f 5514//5514 5659//5659 5658//5658
f 5515//5515 5516//5516 5660//5660
f 5515//5515 5660//5660 5659//5659
f 5516//5516 5517//5517 5661//5661
f 5516//5516 5661//5661 5660//5660
f 5517//5517 5518//5518 5662//5662
f 5517//5517 5662//5662 5661//5661
f 5518//5518 5519//5519 5663//5663
f 5518//5518 5663//5663 5662//5662
f 5519//5519 5520//5520 5664//5664
f 5519//5519 5664//5664 5663//5663
f 5520//5520 5521//5521 5665//5665
f 5520//5520 5665//5665 5664//5664
f 5521//5521 5522//5522 5666//5666
f 5521//5521 5666//5666 5665//5665
f 5522//5522 5523//5523 5667//5667
f 5522//5522 5667//5667 5666//5666
usemtl score
f 5523//5523 5524//5524 5668//5668
usemtl crust
f 5523//5523 5668//5668 5667//5667
usemtl score
f 5524//5524 5525//5525 5669//5669
f 5524//5524 5669//5669 5668//5668
f 5525//5525 5526//5526 5670//5670
f 5525//5525 5670//5670 5669//5669
usemtl crust
f 5526//5526 5527//5527 5671//5671
usemtl score
f 5526//5526 5671//5671 5670//5670
usemtl crust
f 5527//5527 5528//5528 5672//5672
usemtl score
f 5527//5527 5672//5672 5671//5671
usemtl crust
f 5528//5528 5529//5529 5673//5673
f 5528//5528 5673//5673 5672//5672
f 5529//5529 5530//5530 5674//5674
f 5529//5529 5674//5674 5673//5673
f 5530//5530 5531//5531 5675//5675
f 5530//5530 5675//5675 5674//5674
f 5531//5531 5532//5532 5676//5676
f 5531//5531 5676//5676 5675//5675
f 5532//5532 5533//5533 5677//5677
f 5532//5532 5677//5677 5676//5676
f 5533//5533 5534//5534 5678//5678
f 5533//5533 5678//5678 5677//5677
f 5534//5534 5535//5535 5679//5679
f 5534//5534 5679//5679 5678//5678
f 5535//5535 5536//5536 5680//5680
f 5535//5535 5680//5680 5679//5679
f 5536//5536 5537//5537 5681//5681
f 5536//5536 5681//5681 5680//5680
f 5537//5537 5538//5538 5682//5682
f 5537//5537 5682//5682 5681//5681
f 5538//5538 5539//5539 5683//5683
f 5538//5538 5683//5683 5682//5682
f 5539//5539 5540//5540 5684//5684
f 5539//5539 5684//5684 5683//5683
f 5540//5540 5541//5541 5685//5685
f 5540//5540 5685//5685 5684//5684
f 5541//5541 5542//5542 5686//5686
f 5541//5541 5686//5686 5685//5685
f 5542//5542 5543//5543 5687//5687
f 5542//5542 5687//5687 5686//5686
f 5543//5543 5544//5544 5688//5688
f 5543//5543 5688//5688 5687//5687
f 5544//5544 5545//5545 5689//5689
f 5544//5544 5689//5689 5688//5688
f 5545//5545 5546//5546 5690//5690
f 5545//5545 5690//5690 5689//5689
f 5546//5546 5547//5547 5691//5691
f 5546//5546 5691//5691 5690//5690
f 5547//5547 5548//5548 5692//5692
f 5547//5547 5692//5692 5691//5691
f 5548//5548 5549//5549 5693//5693
f 5548//5548 5693//5693 5692//5692
f 5549//5549 5550//5550 5694//5694
f 5549//5549 5694//5694 5693//5693
f 5550//5550 5551//5551 5695//5695
f 5550//5550 5695//5695 5694//5694
f 5551//5551 5552//5552 5696//5696
f 5551//5551 5696//5696 5695//5695
f 5552//5552 5553//5553 5697//5697
f 5552//5552 5697//5697 5696//5696
f 5553//5553 5554//5554 5698//5698
f 5553//5553 5698//5698 5697//5697
f 5554//5554 5555//5555 5699//5699
usemtl score
f 5554//5554 5699//5699 5698//5698
f 5555//5555 5556//5556 5700//5700
f 5555//5555 5700//5700 5699//5699
f 5556//5556 5557//5557 5701//5701
f 5556//5556 5701//5701 5700//5700
f 5557//5557 5558//5558 5702//5702
f 5557//5557 5702//5702 5701//5701
f 5558//5558 5559//5559 5703//5703
f 5558//5558 5703//5703 5702//5702
f 5559//5559 5560//5560 5704//5704
usemtl crust
f 5559//5559 5704//5704 5703//5703
f 5560//5560 5561//5561 5705//5705
f 5560//5560 5705//5705 5704//5704
f 5561//5561 5562//5562 5706//5706
f 5561//5561 5706//5706 5705//5705
f 5562//5562 5563//5563 5707//5707
f 5562//5562 5707//5707 5706//5706
f 5563//5563 5564//5564 5708//5708
f 5563//5563 5708//5708 5707//5707
f 5564//5564 5565//5565 5709//5709
f 5564//5564 5709//5709 5708//5708
f 5565//5565 5566//5566 5710//5710
f 5565//5565 5710//5710 5709//5709
f 5566//5566 5567//5567 5711//5711
f 5566//5566 5711//5711 5710//5710
f 5567//5567 5568//5568 5712//5712
f 5567//5567 5712//5712 5711//5711
f 5568//5568 5569//5569 5713//5713
f 5568//5568 5713//5713 5712//5712
f 5569//5569 5570//5570 5714//5714
f 5569//5569 5714//5714 5713//5713
f 5570//5570 5571//5571 5715//5715
f 5570//5570 5715//5715 5714//5714
f 5571//5571 5572//5572 5716//5716
f 5571//5571 5716//5716 5715//5715
f 5572//5572 5573//5573 5717//5717
f 5572//5572 5717//5717 5716//5716
f 5573//5573 5574//5574 5718//5718
f 5573//5573 5718//5718 5717//5717
f 5574//5574 5575//5575 5719//5719
f 5574//5574 5719//5719 5718//5718
f 5575//5575 5576//5576 5720//5720
f 5575//5575 5720//5720 5719//5719
f 5576//5576 5577//5577 5721//5721
f 5576//5576 5721//5721 5720//5720
f 5577//5577 5578//5578 5722//5722
f 5577//5577 5722//5722 5721//5721
f 5578//5578 5579//5579 5723//5723
f 5578//5578 5723//5723 5722//5722
usemtl score
f 5579//5579 5580//5580 5724//5724
usemtl crust
f 5579//5579 5724//5724 5723//5723
usemtl score
f 5580//5580 5581//5581 5725//5725
f 5580//5580 5725//5725 5724//5724
usemtl crust
f 5581//5581 5582//5582 5726//5726
f 5581//5581 5726//5726 5725//5725
f 5582//5582 5583//5583 5727//5727
f 5582//5582 5727//5727 5726//5726
f 5583//5583 5584//5584 5728//5728
f 5583//5583 5728//5728 5727//5727
f 5584//5584 5585//5585 5729//5729
f 5584//5584 5729//5729 5728//5728
f 5585//5585 5586//5586 5730//5730
f 5585//5585 5730//5730 5729//5729
f 5586//5586 5587//5587 5731//5731
f 5586//5586 5731//5731 5730//5730
f 5587//5587 5588//5588 5732//5732
f 5587//5587 5732//5732 5731//5731
f 5588//5588 5589//5589 5733//5733
f 5588//5588 5733//5733 5732//5732
f 5589//5589 5590//5590 5734//5734
f 5589//5589 5734//5734 5733//5733
f 5590//5590 5591//5591 5735//5735
f 5590//5590 5735//5735 5734//5734
f 5591//5591 5592//5592 5736//5736
f 5591//5591 5736//5736 5735//5735
f 5592//5592 5593//5593 5737//5737
f 5592//5592 5737//5737 5736//5736
f 5593//5593 5594//5594 5738//5738
f 5593//5593 5738//5738 5737//5737
f 5594//5594 5595//5595 5739//5739
f 5594//5594 5739//5739 5738//5738
usemtl score
f 5595//5595 5596//5596 5740//5740
usemtl crust
f 5595//5595 5740//5740 5739//5739
usemtl score
f 5596//5596 5597//5597 5741//5741
f 5596//5596 5741//5741 5740//5740
f 5597//5597 5598//5598 5742//5742
f 5597//5597 5742//5742 5741//5741
usemtl crust
f 5598//5598 5599//5599 5743//5743
usemtl score
f 5598//5598 5743//5743 5742//5742
usemtl crust
f 5599//5599 5600//5600 5744//5744
usemtl score
f 5599//5599 5744//5744 5743//5743
usemtl crust
f 5600//5600 5601//5601 5745//5745
f 5600//5600 5745//5745 5744//5744
f 5601//5601 5602//5602 5746//5746
f 5601//5601 5746//5746 5745//5745
f 5602//5602 5603//5603 5747//5747
f 5602//5602 5747//5747 5746//5746
f 5603//5603 5604//5604 5748//5748
f 5603//5603 5748//5748 5747//5747
f 5604//5604 5605//5605 5749//5749
f 5604//5604 5749//5749 5748//5748
f 5605//5605 5606//5606 5750//5750
f 5605//5605 5750//5750 5749//5749
f 5606//5606 5607//5607 5751//5751
f 5606//5606 5751//5751 5750//5750
f 5607//5607 5608//5608 5752//5752
f 5607//5607 5752//5752 5751//5751
f 5608//5608 5609//5609 5753//5753
f 5608//5608 5753//5753 5752//5752
f 5609//5609 5610//5610 5754//5754
f 5609//5609 5754//5754 5753//5753
f 5610//5610 5611//5611 5755//5755
f 5610//5610 5755//5755 5754//5754
f 5611//5611 5612//5612 5756//5756
f 5611//5611 5756//5756 5755//5755
f 5612//5612 5613//5613 5757//5757
f 5612//5612 5757//5757 5756//5756
f 5613//5613 5614//5614 5758//5758
f 5613//5613 5758//5758 5757//5757
f 5614//5614 5615//5615 5759//5759
f 5614//5614 5759//5759 5758//5758
f 5615//5615 5616//5616 5760//5760
f 5615//5615 5760//5760 5759//5759
f 5616//5616 5617//5617 5761//5761
f 5616//5616 5761//5761 5760//5760
f 5617//5617 5474//5474 5618//5618
f 5617//5617 5618//5618 5761//5761
f 5618//5618 5619//5619 5763//5763
f 5618//5618 5763//5763 5762//5762
f 5619//5619 5620//5620 5764//5764
f 5619//5619 5764//5764 5763//5763
f 5620//5620 5621//5621 5765//5765
usemtl score
f 5620//5620 5765//5765 5764//5764
usemtl crust
f 5621//5621 5622//5622 5766//5766
usemtl score
f 5621//5621 5766//5766 5765//5765
usemtl crust
f 5622//5622 5623//5623 5767//5767
usemtl score
f 5622//5622 5767//5767 5766//5766
f 5623//5623 5624//5624 5768//5768
f 5623//5623 5768//5768 5767//5767
f 5624//5624 5625//5625 5769//5769
f 5624//5624 5769//5769 5768//5768
f 5625//5625 5626//5626 5770//5770
f 5625//5625 5770//5770 5769//5769
f 5626//5626 5627//5627 5771//5771
f 5626//5626 5771//5771 5770//5770
f 5627//5627 5628//5628 5772//5772
f 5627//5627 5772//5772 5771//5771
f 5628//5628 5629//5629 5773//5773
usemtl crust
f 5628//5628 5773//5773 5772//5772
f 5629//5629 5630//5630 5774//5774
f 5629//5629 5774//5774 5773//5773
f 5630//5630 5631//5631 5775//5775
f 5630//5630 5775//5775 5774//5774
f 5631//5631 5632//5632 5776//5776
f 5631//5631 5776//5776 5775//5775
f 5632//5632 5633//5633 5777//5777
f 5632//5632 5777//5777 5776//5776
f 5633//5633 5634//5634 5778//5778
f 5633//5633 5778//5778 5777//5777
f 5634//5634 5635//5635 5779//5779
f 5634//5634 5779//5779 5778//5778
f 5635//5635 5636//5636 5780//5780
f 5635//5635 5780//5780 5779//5779
f 5636//5636 5637//5637 5781//5781
f 5636//5636 5781//5781 5780//5780
f 5637//5637 5638//5638 5782//5782
f 5637//5637 5782//5782 5781//5781
f 5638//5638 5639//5639 5783//5783
f 5638//5638 5783//5783 5782//5782
f 5639//5639 5640//5640 5784//5784
f 5639//5639 5784//5784 5783//5783
f 5640//5640 5641//5641 5785//5785
f 5640//5640 5785//5785 5784//5784
f 5641//5641 5642//5642 5786//5786
f 5641//5641 5786//5786 5785//5785
f 5642//5642 5643//5643 5787//5787
f 5642//5642 5787//5787 5786//5786
f 5643//5643 5644//5644 5788//5788
f 5643//5643 5788//5788 5787//5787
f 5644//5644 5645//5645 5789//5789
f 5644//5644 5789//5789 5788//5788
f 5645//5645 5646//5646 5790//5790
f 5645//5645 5790//5790 5789//5789
f 5646//5646 5647//5647 5791//5791
f 5646//5646 5791//5791 5790//5790
f 5647//5647 5648//5648 5792//5792
f 5647//5647 5792//5792 5791//5791
f 5648//5648 5649//5649 5793//5793
f 5648//5648 5793//5793 5792//5792
f 5649//5649 5650//5650 5794//5794
f 5649//5649 5794//5794 5793//5793
f 5650//5650 5651//5651 5795//5795
f 5650//5650 5795//5795 5794//5794
usemtl score
f 5651//5651 5652//5652 5796//5796
usemtl crust
f 5651//5651 5796//5796 5795//5795
usemtl score
f 5652//5652 5653//5653 5797//5797
f 5652//5652 5797//5797 5796//5796
usemtl crust
f 5653//5653 5654//5654 5798//5798
f 5653//5653 5798//5798 5797//5797
f 5654//5654 5655//5655 5799//5799
f 5654//5654 5799//5799 5798//5798
f 5655//5655 5656//5656 5800//5800
f 5655//5655 5800//5800 5799//5799
f 5656//5656 5657//5657 5801//5801
f 5656//5656 5801//5801 5800//5800
f 5657//5657 5658//5658 5802//5802
f 5657//5657 5802//5802 5801//5801
f 5658//5658 5659//5659 5803//5803
f 5658//5658 5803//5803 5802//5802
f 5659//5659 5660//5660 5804//5804
f 5659//5659 5804//5804 5803//5803
f 5660//5660 5661//5661 5805//5805
f 5660//5660 5805//5805 5804//5804
f 5661//5661 5662//5662 5806//5806
f 5661//5661 5806//5806 5805//5805
f 5662//5662 5663//5663 5807//5807
f 5662//5662 5807//5807 5806//5806
f 5663//5663 5664//5664 5808//5808
f 5663//5663 5808//5808 5807//5807
f 5664//5664 5665//5665 5809//5809
f 5664//5664 5809//5809 5808//5808
f 5665//5665 5666//5666 5810//5810
f 5665//5665 5810//5810 5809//5809
f 5666//5666 5667//5667 5811//5811
f 5666//5666 5811//5811 5810//5810
f 5667//5667 5668//5668 5812//5812
f 5667//5667 5812//5812 5811//5811
f 5668//5668 5669//5669 5813//5813
f 5668//5668 5813//5813 5812//5812
usemtl score
f 5669//5669 5670//5670 5814//5814
usemtl crust
f 5669//5669 5814//5814 5813//5813
usemtl score
f 5670//5670 5671//5671 5815//5815
usemtl crust
f 5670//5670 5815//5815 5814//5814
usemtl score
f 5671//5671 5672//5672 5816//5816
f 5671//5671 5816//5816 5815//5815
f 5672//5672 5673//5673 5817//5817
f 5672//5672 5817//5817 5816//5816
f 5673//5673 5674//5674 5818//5818
f 5673//5673 5818//5818 5817//5817
usemtl crust
f 5674//5674 5675//5675 5819//5819
usemtl score
f 5674//5674 5819//5819 5818//5818
usemtl crust
f 5675//5675 5676//5676 5820//5820
usemtl score
f 5675//5675 5820//5820 5819//5819
usemtl crust
f 5676//5676 5677//5677 5821//5821
f 5676//5676 5821//5821 5820//5820
f 5677//5677 5678//5678 5822//5822
f 5677//5677 5822//5822 5821//5821
f 5678//5678 5679//5679 5823//5823
f 5678//5678 5823//5823 5822//5822
f 5679//5679 5680//5680 5824//5824
f 5679//5679 5824//5824 5823//5823
f 5680//5680 5681//5681 5825//5825
f 5680//5680 5825//5825 5824//5824
f 5681//5681 5682//5682 5826//5826
f 5681//5681 5826//5826 5825//5825
f 5682//5682 5683//5683 5827//5827
f 5682//5682 5827//5827 5826//5826
f 5683//5683 5684//5684 5828//5828
f 5683//5683 5828//5828 5827//5827
f 5684//5684 5685//5685 5829//5829
f 5684//5684 5829//5829 5828//5828
f 5685//5685 5686//5686 5830//5830
f 5685//5685 5830//5830 5829//5829
f 5686//5686 5687//5687 5831//5831
f 5686//5686 5831//5831 5830//5830
f 5687//5687 5688//5688 5832//5832
f 5687//5687 5832//5832 5831//5831
f 5688//5688 5689//5689 5833//5833
f 5688//5688 5833//5833 5832//5832
f 5689//5689 5690//5690 5834//5834
f 5689//5689 5834//5834 5833//5833
f 5690//5690 5691//5691 5835//5835
f 5690//5690 5835//5835 5834//5834
f 5691//5691 5692//5692 5836//5836
f 5691//5691 5836//5836 5835//5835
f 5692//5692 5693//5693 5837//5837
usemtl score
f 5692//5692 5837//5837 5836//5836
usemtl crust
f 5693//5693 5694//5694 5838//5838
usemtl score
f 5693//5693 5838//5838 5837//5837
usemtl crust
f 5694//5694 5695//5695 5839//5839
usemtl score
f 5694//5694 5839//5839 5838//5838
f 5695//5695 5696//5696 5840//5840
f 5695//5695 5840//5840 5839//5839
f 5696//5696 5697//5697 5841//5841
f 5696//5696 5841//5841 5840//5840
f 5697//5697 5698//5698 5842//5842
f 5697//5697 5842//5842 5841//5841
f 5698//5698 5699//5699 5843//5843
f 5698//5698 5843//5843 5842//5842
f 5699//5699 5700//5700 5844//5844
f 5699//5699 5844//5844 5843//5843
f 5700//5700 5701//5701 5845//5845
usemtl crust
f 5700//5700 5845//5845 5844//5844
f 5701//5701 5702//5702 5846//5846
f 5701//5701 5846//5846 5845//5845
f 5702//5702 5703//5703 5847//5847
f 5702//5702 5847//5847 5846//5846
f 5703//5703 5704//5704 5848//5848
f 5703//5703 5848//5848 5847//5847
f 5704//5704 5705//5705 5849//5849
f 5704//5704 5849//5849 5848//5848
f 5705//5705 5706//5706 5850//5850
f 5705//5705 5850//5850 5849//5849
f 5706//5706 5707//5707 5851//5851
f 5706//5706 5851//5851 5850//5850
f 5707//5707 5708//5708 5852//5852
f 5707//5707 5852//5852 5851//5851
f 5708//5708 5709//5709 5853//5853
f 5708//5708 5853//5853 5852//5852
f 5709//5709 5710//5710 5854//5854
f 5709//5709 5854//5854 5853//5853
f 5710//5710 5711//5711 5855//5855
f 5710//5710 5855//5855 5854//5854
f 5711//5711 5712//5712 5856//5856
f 5711//5711 5856//5856 5855//5855
f 5712//5712 5713//5713 5857//5857
f 5712//5712 5857//5857 5856//5856
f 5713//5713 5714//5714 5858//5858
f 5713//5713 5858//5858 5857//5857
f 5714//5714 5715//5715 5859//5859
f 5714//5714 5859//5859 5858//5858
f 5715//5715 5716//5716 5860//5860
f 5715//5715 5860//5860 5859//5859
f 5716//5716 5717//5717 5861//5861
f 5716//5716 5861//5861 5860//5860
f 5717//5717 5718//5718 5862//5862
f 5717//5717 5862//5862 5861//5861
f 5718//5718 5719//5719 5863//5863
f 5718//5718 5863//5863 5862//5862
f 5719//5719 5720//5720 5864//5864
f 5719//5719 5864//5864 5863//5863
f 5720//5720 5721//5721 5865//5865
f 5720//5720 5865//5865 5864//5864
f 5721//5721 5722//5722 5866//5866
f 5721//5721 5866//5866 5865//5865
f 5722//5722 5723//5723 5867//5867
f 5722//5722 5867//5867 5866//5866
usemtl score
f 5723//5723 5724//5724 5868//5868
usemtl crust
f 5723//5723 5868//5868 5867//5867
usemtl score
f 5724//5724 5725//5725 5869//5869
f 5724//5724 5869//5869 5868//5868
usemtl crust
f 5725//5725 5726//5726 5870//5870
f 5725//5725 5870//5870 5869//5869
f 5726//5726 5727//5727 5871//5871
f 5726//5726 5871//5871 5870//5870
f 5727//5727 5728//5728 5872//5872
f 5727//5727 5872//5872 5871//5871
f 5728//5728 5729//5729 5873//5873
f 5728//5728 5873//5873 5872//5872
f 5729//5729 5730//5730 5874//5874
f 5729//5729 5874//5874 5873//5873
f 5730//5730 5731//5731 5875//5875
f 5730//5730 5875//5875 5874//5874
f 5731//5731 5732//5732 5876//5876
f 5731//5731 5876//5876 5875//5875
f 5732//5732 5733//5733 5877//5877
f 5732//5732 5877//5877 5876//5876
f 5733//5733 5734//5734 5878//5878
f 5733//5733 5878//5878 5877//5877
f 5734//5734 5735//5735 5879//5879
f 5734//5734 5879//5879 5878//5878
f 5735//5735 5736//5736 5880//5880
f 5735//5735 5880//5880 5879//5879
f 5736//5736 5737//5737 5881//5881
f 5736//5736 5881//5881 5880//5880
f 5737//5737 5738//5738 5882//5882
f 5737//5737 5882//5882 5881//5881
f 5738//5738 5739//5739 5883//5883
f 5738//5738 5883//5883 5882//5882
f 5739//5739 5740//5740 5884//5884
f 5739//5739 5884//5884 5883//5883
f 5740//5740 5741//5741 5885//5885
f 5740//5740 5885//5885 5884//5884
usemtl score
f 5741//5741 5742//5742 5886//5886
usemtl crust
f 5741//5741 5886//5886 5885//5885
usemtl score
f 5742//5742 5743//5743 5887//5887
usemtl crust
f 5742//5742 5887//5887 5886//5886
usemtl score
f 5743//5743 5744//5744 5888//5888
f 5743//5743 5888//5888 5887//5887
f 5744//5744 5745//5745 5889//5889
f 5744//5744 5889//5889 5888//5888
f 5745//5745 5746//5746 5890//5890
f 5745//5745 5890//5890 5889//5889
usemtl crust
f 5746//5746 5747//5747 5891//5891
usemtl score
f 5746//5746 5891//5891 5890//5890
usemtl crust
f 5747//5747 5748//5748 5892//5892
usemtl score
f 5747//5747 5892//5892 5891//5891
usemtl crust
f 5748//5748 5749//5749 5893//5893
f 5748//5748 5893//5893 5892//5892
f 5749//5749 5750//5750 5894//5894
f 5749//5749 5894//5894 5893//5893
f 5750//5750 5751//5751 5895//5895
f 5750//5750 5895//5895 5894//5894
f 5751//5751 5752//5752 5896//5896
f 5751//5751 5896//5896 5895//5895
f 5752//5752 5753//5753 5897//5897
f 5752//5752 5897//5897 5896//5896
f 5753//5753 5754//5754 5898//5898
f 5753//5753 5898//5898 5897//5897
f 5754//5754 5755//5755 5899//5899
f 5754//5754 5899//5899 5898//5898
f 5755//5755 5756//5756 5900//5900
f 5755//5755 5900//5900 5899//5899
f 5756//5756 5757//5757 5901//5901
f 5756//5756 5901//5901 5900//5900
f 5757//5757 5758//5758 5902//5902
f 5757//5757 5902//5902 5901//5901
f 5758//5758 5759//5759 5903//5903
f 5758//5758 5903//5903 5902//5902
f 5759//5759 5760//5760 5904//5904
f 5759//5759 5904//5904 5903//5903
f 5760//5760 5761//5761 5905//5905
f 5760//5760 5905//5905 5904//5904
f 5761//5761 5618//5618 5762//5762
f 5761//5761 5762//5762 5905//5905
usemtl score
f 5762//5762 5763//5763 5907//5907
f 5762//5762 5907//5907 5906//5906
f 5763//5763 5764//5764 5908//5908
f 5763//5763 5908//5908 5907//5907
f 5764//5764 5765//5765 5909//5909
f 5764//5764 5909//5909 5908//5908
f 5765//5765 5766//5766 5910//5910
usemtl crust
f 5765//5765 5910//5910 5909//5909
usemtl score
f 5766//5766 5767//5767 5911//5911
usemtl crust
f 5766//5766 5911//5911 5910//5910
usemtl score
f 5767//5767 5768//5768 5912//5912
usemtl crust
f 5767//5767 5912//5912 5911//5911
f 5768//5768 5769//5769 5913//5913
f 5768//5768 5913//5913 5912//5912
f 5769//5769 5770//5770 5914//5914
f 5769//5769 5914//5914 5913//5913
f 5770//5770 5771//5771 5915//5915
f 5770//5770 5915//5915 5914//5914
f 5771//5771 5772//5772 5916//5916
f 5771//5771 5916//5916 5915//5915
f 5772//5772 5773//5773 5917//5917
f 5772//5772 5917//5917 5916//5916
f 5773//5773 5774//5774 5918//5918
f 5773//5773 5918//5918 5917//5917
f 5774//5774 5775//5775 5919//5919
f 5774//5774 5919//5919 5918//5918
f 5775//5775 5776//5776 5920//5920
f 5775//5775 5920//5920 5919//5919
f 5776//5776 5777//5777 5921//5921
f 5776//5776 5921//5921 5920//5920
f 5777//5777 5778//5778 5922//5922
f 5777//5777 5922//5922 5921//5921
f 5778//5778 5779//5779 5923//5923
f 5778//5778 5923//5923 5922//5922
f 5779//5779 5780//5780 5924//5924
f 5779//5779 5924//5924 5923//5923
f 5780//5780 5781//5781 5925//5925
f 5780//5780 5925//5925 5924//5924
f 5781//5781 5782//5782 5926//5926
f 5781//5781 5926//5926 5925//5925
f 5782//5782 5783//5783 5927//5927
f 5782//5782 5927//5927 5926//5926
f 5783//5783 5784//5784 5928//5928
f 5783//5783 5928//5928 5927//5927
f 5784//5784 5785//5785 5929//5929
f 5784//5784 5929//5929 5928//5928
f 5785//5785 5786//5786 5930//5930
f 5785//5785 5930//5930 5929//5929
f 5786//5786 5787//5787 5931//5931
f 5786//5786 5931//5931 5930//5930
f 5787//5787 5788//5788 5932//5932
f 5787//5787 5932//5932 5931//5931
f 5788//5788 5789//5789 5933//5933
f 5788//5788 5933//5933 5932//5932
f 5789//5789 5790//5790 5934//5934
f 5789//5789 5934//5934 5933//5933
f 5790//5790 5791//5791 5935//5935
f 5790//5790 5935//5935 5934//5934
f 5791//5791 5792//5792 5936//5936
f 5791//5791 5936//5936 5935//5935
f 5792//5792 5793//5793 5937//5937
f 5792//5792 5937//5937 5936//5936
f 5793//5793 5794//5794 5938//5938
f 5793//5793 5938//5938 5937//5937
f 5794//5794 5795//5795 5939//5939
f 5794//5794 5939//5939 5938//5938
usemtl score
f 5795//5795 5796//5796 5940//5940
usemtl crust
f 5795//5795 5940//5940 5939//5939
usemtl score
f 5796//5796 5797//5797 5941//5941
f 5796//5796 5941//5941 5940//5940
usemtl crust
f 5797//5797 5798//5798 5942//5942
f 5797//5797 5942//5942 5941//5941
f 5798//5798 5799//5799 5943//5943
f 5798//5798 5943//5943 5942//5942
f 5799//5799 5800//5800 5944//5944
f 5799//5799 5944//5944 5943//5943
f 5800//5800 5801//5801 5945//5945
f 5800//5800 5945//5945 5944//5944
f 5801//5801 5802//5802 5946//5946
f 5801//5801 5946//5946 5945//5945
f 5802//5802 5803//5803 5947//5947
f 5802//5802 5947//5947 5946//5946
f 5803//5803 5804//5804 5948//5948
f 5803//5803 5948//5948 5947//5947
f 5804//5804 5805//5805 5949//5949
f 5804//5804 5949//5949 5948//5948
f 5805//5805 5806//5806 5950//5950
f 5805//5805 5950//5950 5949//5949
f 5806//5806 5807//5807 5951//5951
f 5806//5806 5951//5951 5950//5950
f 5807//5807 5808//5808 5952//5952
f 5807//5807 5952//5952 5951//5951
f 5808//5808 5809//5809 5953//5953
f 5808//5808 5953//5953 5952//5952
f 5809//5809 5810//5810 5954//5954
f 5809//5809 5954//5954 5953//5953
f 5810//5810 5811//5811 5955//5955
f 5810//5810 5955//5955 5954//5954
f 5811//5811 5812//5812 5956//5956
f 5811//5811 5956//5956 5955//5955
f 5812//5812 5813//5813 5957//5957
f 5812//5812 5957//5957 5956//5956
f 5813//5813 5814//5814 5958//5958
f 5813//5813 5958//5958 5957//5957
f 5814//5814 5815//5815 5959//5959
f 5814//5814 5959//5959 5958//5958
f 5815//5815 5816//5816 5960//5960
f 5815//5815 5960//5960 5959//5959
f 5816//5816 5817//5817 5961//5961
f 5816//5816 5961//5961 5960//5960
usemtl score
f 5817//5817 5818//5818 5962//5962
usemtl crust
f 5817//5817 5962//5962 5961//5961
usemtl score
f 5818//5818 5819//5819 5963//5963
usemtl crust
f 5818//5818 5963//5963 5962//5962
usemtl score
f 5819//5819 5820//5820 5964//5964
usemtl crust
f 5819//5819 5964//5964 5963//5963
usemtl score
f 5820//5820 5821//5821 5965//5965
f 5820//5820 5965//5965 5964//5964
f 5821//5821 5822//5822 5966//5966
f 5821//5821 5966//5966 5965//5965
f 5822//5822 5823//5823 5967//5967
f 5822//5822 5967//5967 5966//5966
f 5823//5823 5824//5824 5968//5968
f 5823//5823 5968//5968 5967//5967
f 5824//5824 5825//5825 5969//5969
f 5824//5824 5969//5969 5968//5968
f 5825//5825 5826//5826 5970//5970
f 5825//5825 5970//5970 5969//5969
f 5826//5826 5827//5827 5971//5971
f 5826//5826 5971//5971 5970//5970
f 5827//5827 5828//5828 5972//5972
f 5827//5827 5972//5972 5971//5971
f 5828//5828 5829//5829 5973//5973
f 5828//5828 5973//5973 5972//5972
f 5829//5829 5830//5830 5974//5974
f 5829//5829 5974//5974 5973//5973
f 5830//5830 5831//5831 5975//5975
f 5830//5830 5975//5975 5974//5974
f 5831//5831 5832//5832 5976//5976
f 5831//5831 5976//5976 5975//5975
f 5832//5832 5833//5833 5977//5977
f 5832//5832 5977//5977 5976//5976
f 5833//5833 5834//5834 5978//5978
f 5833//5833 5978//5978 5977//5977
f 5834//5834 5835//5835 5979//5979
f 5834//5834 5979//5979 5978//5978
f 5835//5835 5836//5836 5980//5980
f 5835//5835 5980//5980 5979//5979
f 5836//5836 5837//5837 5981//5981
f 5836//5836 5981//5981 5980//5980
f 5837//5837 5838//5838 5982//5982
usemtl crust
f 5837//5837 5982//5982 5981//5981
usemtl score
f 5838//5838 5839//5839 5983//5983
usemtl crust
f 5838//5838 5983//5983 5982//5982
usemtl score
f 5839//5839 5840//5840 5984//5984
usemtl crust
f 5839//5839 5984//5984 5983//5983
f 5840//5840 5841//5841 5985//5985
f 5840//5840 5985//5985 5984//5984
f 5841//5841 5842//5842 5986//5986
f 5841//5841 5986//5986 5985//5985
f 5842//5842 5843//5843 5987//5987
f 5842//5842 5987//5987 5986//5986
f 5843//5843 5844//5844 5988//5988
f 5843//5843 5988//5988 5987//5987
f 5844//5844 5845//5845 5989//5989
f 5844//5844 5989//5989 5988//5988
f 5845//5845 5846//5846 5990//5990
f 5845//5845 5990//5990 5989//5989
f 5846//5846 5847//5847 5991//5991
f 5846//5846 5991//5991 5990//5990
f 5847//5847 5848//5848 5992//5992
f 5847//5847 5992//5992 5991//5991
f 5848//5848 5849//5849 5993//5993
f 5848//5848 5993//5993 5992//5992
f 5849//5849 5850//5850 5994//5994
f 5849//5849 5994//5994 5993//5993
f 5850//5850 5851//5851 5995//5995
f 5850//5850 5995//5995 5994//5994
f 5851//5851 5852//5852 5996//5996
f 5851//5851 5996//5996 5995//5995
f 5852//5852 5853//5853 5997//5997
f 5852//5852 5997//5997 5996//5996
f 5853//5853 5854//5854 5998//5998
f 5853//5853 5998//5998 5997//5997
f 5854//5854 5855//5855 5999//5999
f 5854//5854 5999//5999 5998//5998
f 5855//5855 5856//5856 6000//6000
f 5855//5855 6000//6000 5999//5999
f 5856//5856 5857//5857 6001//6001
f 5856//5856 6001//6001 6000//6000
f 5857//5857 5858//5858 6002//6002
f 5857//5857 6002//6002 6001//6001
f 5858//5858 5859//5859 6003//6003
f 5858//5858 6003//6003 6002//6002
f 5859//5859 5860//5860 6004//6004
f 5859//5859 6004//6004 6003//6003
f 5860//5860 5861//5861 6005//6005
f 5860//5860 6005//6005 6004//6004
f 5861//5861 5862//5862 6006//6006
f 5861//5861 6006//6006 6005//6005
f 5862//5862 5863//5863 6007//6007
f 5862//5862 6007//6007 6006//6006
f 5863//5863 5864//5864 6008//6008
f 5863//5863 6008//6008 6007//6007
f 5864//5864 5865//5865 6009//6009
f 5864//5864 6009//6009 6008//6008
f 5865//5865 5866//5866 6010//6010
f 5865//5865 6010//6010 6009//6009
f 5866//5866 5867//5867 6011//6011
f 5866//5866 6011//6011 6010//6010
usemtl score
f 5867//5867 5868//5868 6012//6012
usemtl crust
f 5867//5867 6012//6012 6011//6011
usemtl score
f 5868//5868 5869//5869 6013//6013
f 5868//5868 6013//6013 6012//6012
usemtl crust
f 5869//5869 5870//5870 6014//6014
f 5869//5869 6014//6014 6013//6013
f 5870//5870 5871//5871 6015//6015
f 5870//5870 6015//6015 6014//6014
f 5871//5871 5872//5872 6016//6016
f 5871//5871 6016//6016 6015//6015
f 5872//5872 5873//5873 6017//6017
f 5872//5872 6017//6017 6016//6016
f 5873//5873 5874//5874 6018//6018
f 5873//5873 6018//6018 6017//6017
f 5874//5874 5875//5875 6019//6019
f 5874//5874 6019//6019 6018//6018
f 5875//5875 5876//5876 6020//6020
f 5875//5875 6020//6020 6019//6019
f 5876//5876 5877//5877 6021//6021
f 5876//5876 6021//6021 6020//6020
f 5877//5877 5878//5878 6022//6022
f 5877//5877 6022//6022 6021//6021
f 5878//5878 5879//5879 6023//6023
f 5878//5878 6023//6023 6022//6022
f 5879//5879 5880//5880 6024//6024
f 5879//5879 6024//6024 6023//6023
f 5880//5880 5881//5881 6025//6025
f 5880//5880 6025//6025 6024//6024
f 5881//5881 5882//5882 6026//6026
f 5881//5881 6026//6026 6025//6025
f 5882//5882 5883//5883 6027//6027
f 5882//5882 6027//6027 6026//6026
f 5883//5883 5884//5884 6028//6028
f 5883//5883 6028//6028 6027//6027
f 5884//5884 5885//5885 6029//6029
f 5884//5884 6029//6029 6028//6028
f 5885//5885 5886//5886 6030//6030
f 5885//5885 6030//6030 6029//6029
f 5886//5886 5887//5887 6031//6031
f 5886//5886 6031//6031 6030//6030
f 5887//5887 5888//5888 6032//6032
f 5887//5887 6032//6032 6031//6031
f 5888//5888 5889//5889 6033//6033
f 5888//5888 6033//6033 6032//6032
usemtl score
f 5889//5889 5890//5890 6034//6034
usemtl crust
f 5889//5889 6034//6034 6033//6033
usemtl score
f 5890//5890 5891//5891 6035//6035
usemtl crust
f 5890//5890 6035//6035 6034//6034
usemtl score
f 5891//5891 5892//5892 6036//6036
usemtl crust
f 5891//5891 6036//6036 6035//6035
usemtl score
f 5892//5892 5893//5893 6037//6037
f 5892//5892 6037//6037 6036//6036
f 5893//5893 5894//5894 6038//6038
f 5893//5893 6038//6038 6037//6037
f 5894//5894 5895//5895 6039//6039
f 5894//5894 6039//6039 6038//6038
f 5895//5895 5896//5896 6040//6040
f 5895//5895 6040//6040 6039//6039
f 5896//5896 5897//5897 6041//6041
f 5896//5896 6041//6041 6040//6040
f 5897//5897 5898//5898 6042//6042
f 5897//5897 6042//6042 6041//6041
f 5898//5898 5899//5899 6043//6043
f 5898//5898 6043//6043 6042//6042
f 5899//5899 5900//5900 6044//6044
f 5899//5899 6044//6044 6043//6043
f 5900//5900 5901//5901 6045//6045
f 5900//5900 6045//6045 6044//6044
f 5901//5901 5902//5902 6046//6046
f 5901//5901 6046//6046 6045//6045
f 5902//5902 5903//5903 6047//6047
f 5902//5902 6047//6047 6046//6046
f 5903//5903 5904//5904 6048//6048
f 5903//5903 6048//6048 6047//6047
f 5904//5904 5905//5905 6049//6049
f 5904//5904 6049//6049 6048//6048
f 5905//5905 5762//5762 5906//5906
f 5905//5905 5906//5906 6049//6049
usemtl crust
f 5906//5906 5907//5907 6051//6051
f 5906//5906 6051//6051 6050//6050
f 5907//5907 5908//5908 6052//6052
f 5907//5907 6052//6052 6051//6051
f 5908//5908 5909//5909 6053//6053
f 5908//5908 6053//6053 6052//6052
f 5909//5909 5910//5910 6054//6054
f 5909//5909 6054//6054 6053//6053
f 5910//5910 5911//5911 6055//6055
f 5910//5910 6055//6055 6054//6054
f 5911//5911 5912//5912 6056//6056
f 5911//5911 6056//6056 6055//6055
f 5912//5912 5913//5913 6057//6057
f 5912//5912 6057//6057 6056//6056
f 5913//5913 5914//5914 6058//6058
f 5913//5913 6058//6058 6057//6057
f 5914//5914 5915//5915 6059//6059
f 5914//5914 6059//6059 6058//6058
f 5915//5915 5916//5916 6060//6060
f 5915//5915 6060//6060 6059//6059
f 5916//5916 5917//5917 6061//6061
f 5916//5916 6061//6061 6060//6060
f 5917//5917 5918//5918 6062//6062
f 5917//5917 6062//6062 6061//6061
f 5918//5918 5919//5919 6063//6063
f 5918//5918 6063//6063 6062//6062
f 5919//5919 5920//5920 6064//6064
f 5919//5919 6064//6064 6063//6063
f 5920//5920 5921//5921 6065//6065
f 5920//5920 6065//6065 6064//6064
f 5921//5921 5922//5922 6066//6066
f 5921//5921 6066//6066 6065//6065
f 5922//5922 5923//5923 6067//6067
f 5922//5922 6067//6067 6066//6066
f 5923//5923 5924//5924 6068//6068
f 5923//5923 6068//6068 6067//6067
f 5924//5924 5925//5925 6069//6069
f 5924//5924 6069//6069 6068//6068
f 5925//5925 5926//5926 6070//6070
f 5925//5925 6070//6070 6069//6069
f 5926//5926 5927//5927 6071//6071
f 5926//5926 6071//6071 6070//6070
f 5927//5927 5928//5928 6072//6072
f 5927//5927 6072//6072 6071//6071
f 5928//5928 5929//5929 6073//6073
f 5928//5928 6073//6073 6072//6072
f 5929//5929 5930//5930 6074//6074
f 5929//5929 6074//6074 6073//6073
f 5930//5930 5931//5931 6075//6075
f 5930//5930 6075//6075 6074//6074
f 5931//5931 5932//5932 6076//6076
f 5931//5931 6076//6076 6075//6075
f 5932//5932 5933//5933 6077//6077
f 5932//5932 6077//6077 6076//6076
f 5933//5933 5934//5934 6078//6078
f 5933//5933 6078//6078 6077//6077
f 5934//5934 5935//5935 6079//6079
f 5934//5934 6079//6079 6078//6078
f 5935//5935 5936//5936 6080//6080
f 5935//5935 6080//6080 6079//6079
f 5936//5936 5937//5937 6081//6081
f 5936//5936 6081//6081 6080//6080
f 5937//5937 5938//5938 6082//6082
f 5937//5937 6082//6082 6081//6081
f 5938//5938 5939//5939 6083//6083
f 5938//5938 6083//6083 6082//6082
usemtl score
f 5939//5939 5940//5940 6084//6084
f 5939//5939 6084//6084 6083//6083
f 5940//5940 5941//5941 6085//6085
f 5940//5940 6085//6085 6084//6084
usemtl crust
f 5941//5941 5942//5942 6086//6086
f 5941//5941 6086//6086 6085//6085
f 5942//5942 5943//5943 6087//6087
f 5942//5942 6087//6087 6086//6086
f 5943//5943 5944//5944 6088//6088
f 5943//5943 6088//6088 6087//6087
f 5944//5944 5945//5945 6089//6089
f 5944//5944 6089//6089 6088//6088
f 5945//5945 5946//5946 6090//6090
f 5945//5945 6090//6090 6089//6089
f 5946//5946 5947//5947 6091//6091
f 5946//5946 6091//6091 6090//6090
f 5947//5947 5948//5948 6092//6092
f 5947//5947 6092//6092 6091//6091
f 5948//5948 5949//5949 6093//6093
f 5948//5948 6093//6093 6092//6092
f 5949//5949 5950//5950 6094//6094
f 5949//5949 6094//6094 6093//6093
f 5950//5950 5951//5951 6095//6095
f 5950//5950 6095//6095 6094//6094
f 5951//5951 5952//5952 6096//6096
f 5951//5951 6096//6096 6095//6095
f 5952//5952 5953//5953 6097//6097
f 5952//5952 6097//6097 6096//6096
f 5953//5953 5954//5954 6098//6098
f 5953//5953 6098//6098 6097//6097
f 5954//5954 5955//5955 6099//6099
f 5954//5954 6099//6099 6098//6098
f 5955//5955 5956//5956 6100//6100
f 5955//5955 6100//6100 6099//6099
f 5956//5956 5957//5957 6101//6101
f 5956//5956 6101//6101 6100//6100
f 5957//5957 5958//5958 6102//6102
f 5957//5957 6102//6102 6101//6101
f 5958//5958 5959//5959 6103//6103
f 5958//5958 6103//6103 6102//6102
f 5959//5959 5960//5960 6104//6104
f 5959//5959 6104//6104 6103//6103
f 5960//5960 5961//5961 6105//6105
f 5960//5960 6105//6105 6104//6104
f 5961//5961 5962//5962 6106//6106
f 5961//5961 6106//6106 6105//6105
f 5962//5962 5963//5963 6107//6107
f 5962//5962 6107//6107 6106//6106
f 5963//5963 5964//5964 6108//6108
f 5963//5963 6108//6108 6107//6107
f 5964//5964 5965//5965 6109//6109
f 5964//5964 6109//6109 6108//6108
f 5965//5965 5966//5966 6110//6110
f 5965//5965 6110//6110 6109//6109
f 5966//5966 5967//5967 6111//6111
f 5966//5966 6111//6111 6110//6110
f 5967//5967 5968//5968 6112//6112
f 5967//5967 6112//6112 6111//6111
f 5968//5968 5969//5969 6113//6113
f 5968//5968 6113//6113 6112//6112
f 5969//5969 5970//5970 6114//6114
f 5969//5969 6114//6114 6113//6113
f 5970//5970 5971//5971 6115//6115
f 5970//5970 6115//6115 6114//6114
f 5971//5971 5972//5972 6116//6116
f 5971//5971 6116//6116 6115//6115
f 5972//5972 5973//5973 6117//6117
f 5972//5972 6117//6117 6116//6116
f 5973//5973 5974//5974 6118//6118
f 5973//5973 6118//6118 6117//6117
f 5974//5974 5975//5975 6119//6119
f 5974//5974 6119//6119 6118//6118
f 5975//5975 5976//5976 6120//6120
f 5975//5975 6120//6120 6119//6119
f 5976//5976 5977//5977 6121//6121
f 5976//5976 6121//6121 6120//6120
f 5977//5977 5978//5978 6122//6122
f 5977//5977 6122//6122 6121//6121
f 5978//5978 5979//5979 6123//6123
f 5978//5978 6123//6123 6122//6122
f 5979//5979 5980//5980 6124//6124
f 5979//5979 6124//6124 6123//6123
f 5980//5980 5981//5981 6125//6125
f 5980//5980 6125//6125 6124//6124
f 5981//5981 5982//5982 6126//6126
f 5981//5981 6126//6126 6125//6125
f 5982//5982 5983//5983 6127//6127
f 5982//5982 6127//6127 6126//6126
f 5983//5983 5984//5984 6128//6128
f 5983//5983 6128//6128 6127//6127
f 5984//5984 5985//5985 6129//6129
f 5984//5984 6129//6129 6128//6128
f 5985//5985 5986//5986 6130//6130
f 5985//5985 6130//6130 6129//6129
f 5986//5986 5987//5987 6131//6131
f 5986//5986 6131//6131 6130//6130
f 5987//5987 5988//5988 6132//6132
f 5987//5987 6132//6132 6131//6131
f 5988//5988 5989//5989 6133//6133
f 5988//5988 6133//6133 6132//6132
f 5989//5989 5990//5990 6134//6134
f 5989//5989 6134//6134 6133//6133
f 5990//5990 5991//5991 6135//6135
f 5990//5990 6135//6135 6134//6134
f 5991//5991 5992//5992 6136//6136
f 5991//5991 6136//6136 6135//6135
f 5992//5992 5993//5993 6137//6137
f 5992//5992 6137//6137 6136//6136
f 5993//5993 5994//5994 6138//6138
f 5993//5993 6138//6138 6137//6137
f 5994//5994 5995//5995 6139//6139
f 5994//5994 6139//6139 6138//6138
f 5995//5995 5996//5996 6140//6140
f 5995//5995 6140//6140 6139//6139
f 5996//5996 5997//5997 6141//6141
f 5996//5996 6141//6141 6140//6140
f 5997//5997 5998//5998 6142//6142
f 5997//5997 6142//6142 6141//6141
f 5998//5998 5999//5999 6143//6143
f 5998//5998 6143//6143 6142//6142
f 5999//5999 6000//6000 6144//6144
f 5999//5999 6144//6144 6143//6143
f 6000//6000 6001//6001 6145//6145
f 6000//6000 6145//6145 6144//6144
f 6001//6001 6002//6002 6146//6146
f 6001//6001 6146//6146 6145//6145
f 6002//6002 6003//6003 6147//6147
f 6002//6002 6147//6147 6146//6146
f 6003//6003 6004//6004 6148//6148
f 6003//6003 6148//6148 6147//6147
f 6004//6004 6005//6005 6149//6149
f 6004//6004 6149//6149 6148//6148
f 6005//6005 6006//6006 6150//6150
f 6005//6005 6150//6150 6149//6149
f 6006//6006 6007//6007 6151//6151
f 6006//6006 6151//6151 6150//6150
f 6007//6007 6008//6008 6152//6152
f 6007//6007 6152//6152 6151//6151
f 6008//6008 6009//6009 6153//6153
f 6008//6008 6153//6153 6152//6152
f 6009//6009 6010//6010 6154//6154
f 6009//6009 6154//6154 6153//6153
f 6010//6010 6011//6011 6155//6155
f 6010//6010 6155//6155 6154//6154
usemtl score
f 6011//6011 6012//6012 6156//6156
f 6011//6011 6156//6156 6155//6155
f 6012//6012 6013//6013 6157//6157
f 6012//6012 6157//6157 6156//6156
usemtl crust
f 6013//6013 6014//6014 6158//6158
f 6013//6013 6158//6158 6157//6157
f 6014//6014 6015//6015 6159//6159
f 6014//6014 6159//6159 6158//6158
f 6015//6015 6016//6016 6160//6160
f 6015//6015 6160//6160 6159//6159
f 6016//6016 6017//6017 6161//6161
f 6016//6016 6161//6161 6160//6160
f 6017//6017 6018//6018 6162//6162
f 6017//6017 6162//6162 6161//6161
f 6018//6018 6019//6019 6163//6163
f 6018//6018 6163//6163 6162//6162
f 6019//6019 6020//6020 6164//6164
f 6019//6019 6164//6164 6163//6163
f 6020//6020 6021//6021 6165//6165
f 6020//6020 6165//6165 6164//6164
f 6021//6021 6022//6022 6166//6166
f 6021//6021 6166//6166 6165//6165
f 6022//6022 6023//6023 6167//6167
f 6022//6022 6167//6167 6166//6166
f 6023//6023 6024//6024 6168//6168
f 6023//6023 6168//6168 6167//6167
f 6024//6024 6025//6025 6169//6169
f 6024//6024 6169//6169 6168//6168
f 6025//6025 6026//6026 6170//6170
f 6025//6025 6170//6170 6169//6169
f 6026//6026 6027//6027 6171//6171
f 6026//6026 6171//6171 6170//6170
f 6027//6027 6028//6028 6172//6172
f 6027//6027 6172//6172 6171//6171
f 6028//6028 6029//6029 6173//6173
f 6028//6028 6173//6173 6172//6172
f 6029//6029 6030//6030 6174//6174
f 6029//6029 6174//6174 6173//6173
f 6030//6030 6031//6031 6175//6175
f 6030//6030 6175//6175 6174//6174
f 6031//6031 6032//6032 6176//6176
f 6031//6031 6176//6176 6175//6175
f 6032//6032 6033//6033 6177//6177
f 6032//6032 6177//6177 6176//6176
f 6033//6033 6034//6034 6178//6178
f 6033//6033 6178//6178 6177//6177
f 6034//6034 6035//6035 6179//6179
f 6034//6034 6179//6179 6178//6178
f 6035//6035 6036//6036 6180//6180
f 6035//6035 6180//6180 6179//6179
f 6036//6036 6037//6037 6181//6181
f 6036//6036 6181//6181 6180//6180
f 6037//6037 6038//6038 6182//6182
f 6037//6037 6182//6182 6181//6181
f 6038//6038 6039//6039 6183//6183
f 6038//6038 6183//6183 6182//6182
f 6039//6039 6040//6040 6184//6184
f 6039//6039 6184//6184 6183//6183
f 6040//6040 6041//6041 6185//6185
f 6040//6040 6185//6185 6184//6184
f 6041//6041 6042//6042 6186//6186
f 6041//6041 6186//6186 6185//6185
f 6042//6042 6043//6043 6187//6187
f 6042//6042 6187//6187 6186//6186
f 6043//6043 6044//6044 6188//6188
f 6043//6043 6188//6188 6187//6187
f 6044//6044 6045//6045 6189//6189
f 6044//6044 6189//6189 6188//6188
f 6045//6045 6046//6046 6190//6190
f 6045//6045 6190//6190 6189//6189
f 6046//6046 6047//6047 6191//6191
f 6046//6046 6191//6191 6190//6190
f 6047//6047 6048//6048 6192//6192
f 6047//6047 6192//6192 6191//6191
f 6048//6048 6049//6049 6193//6193
f 6048//6048 6193//6193 6192//6192
f 6049//6049 5906//5906 6050//6050
f 6049//6049 6050//6050 6193//6193
f 6050//6050 6051//6051 6195//6195
f 6050//6050 6195//6195 6194//6194
f 6051//6051 6052//6052 6196//6196
f 6051//6051 6196//6196 6195//6195
f 6052//6052 6053//6053 6197//6197
f 6052//6052 6197//6197 6196//6196
f 6053//6053 6054//6054 6198//6198
f 6053//6053 6198//6198 6197//6197
f 6054//6054 6055//6055 6199//6199
f 6054//6054 6199//6199 6198//6198
f 6055//6055 6056//6056 6200//6200
f 6055//6055 6200//6200 6199//6199
f 6056//6056 6057//6057 6201//6201
f 6056//6056 6201//6201 6200//6200
f 6057//6057 6058//6058 6202//6202
f 6057//6057 6202//6202 6201//6201
f 6058//6058 6059//6059 6203//6203
f 6058//6058 6203//6203 6202//6202
f 6059//6059 6060//6060 6204//6204
f 6059//6059 6204//6204 6203//6203
f 6060//6060 6061//6061 6205//6205
f 6060//6060 6205//6205 6204//6204
f 6061//6061 6062//6062 6206//6206
f 6061//6061 6206//6206 6205//6205
f 6062//6062 6063//6063 6207//6207
f 6062//6062 6207//6207 6206//6206
f 6063//6063 6064//6064 6208//6208
f 6063//6063 6208//6208 6207//6207
f 6064//6064 6065//6065 6209//6209
f 6064//6064 6209//6209 6208//6208
f 6065//6065 6066//6066 6210//6210
f 6065//6065 6210//6210 6209//6209
f 6066//6066 6067//6067 6211//6211
f 6066//6066 6211//6211 6210//6210
f 6067//6067 6068//6068 6212//6212
f 6067//6067 6212//6212 6211//6211
f 6068//6068 6069//6069 6213//6213
f 6068//6068 6213//6213 6212//6212
f 6069//6069 6070//6070 6214//6214
f 6069//6069 6214//6214 6213//6213
f 6070//6070 6071//6071 6215//6215
f 6070//6070 6215//6215 6214//6214
f 6071//6071 6072//6072 6216//6216
f 6071//6071 6216//6216 6215//6215
f 6072//6072 6073//6073 6217//6217
f 6072//6072 6217//6217 6216//6216
f 6073//6073 6074//6074 6218//6218
f 6073//6073 6218//6218 6217//6217
f 6074//6074 6075//6075 6219//6219
f 6074//6074 6219//6219 6218//6218
f 6075//6075 6076//6076 6220//6220
f 6075//6075 6220//6220 6219//6219
f 6076//6076 6077//6077 6221//6221
f 6076//6076 6221//6221 6220//6220
f 6077//6077 6078//6078 6222//6222
f 6077//6077 6222//6222 6221//6221
f 6078//6078 6079//6079 6223//6223
f 6078//6078 6223//6223 6222//6222
f 6079//6079 6080//6080 6224//6224
f 6079//6079 6224//6224 6223//6223
f 6080//6080 6081//6081 6225//6225
f 6080//6080 6225//6225 6224//6224
f 6081//6081 6082//6082 6226//6226
f 6081//6081 6226//6226 6225//6225
f 6082//6082 6083//6083 6227//6227
f 6082//6082 6227//6227 6226//6226
usemtl score
f 6083//6083 6084//6084 6228//6228
f 6083//6083 6228//6228 6227//6227
f 6084//6084 6085//6085 6229//6229
f 6084//6084 6229//6229 6228//6228
usemtl crust
f 6085//6085 6086//6086 6230//6230
usemtl score
f 6085//6085 6230//6230 6229//6229
usemtl crust
f 6086//6086 6087//6087 6231//6231
f 6086//6086 6231//6231 6230//6230
f 6087//6087 6088//6088 6232//6232
f 6087//6087 6232//6232 6231//6231
f 6088//6088 6089//6089 6233//6233
f 6088//6088 6233//6233 6232//6232
f 6089//6089 6090//6090 6234//6234
f 6089//6089 6234//6234 6233//6233
f 6090//6090 6091//6091 6235//6235
f 6090//6090 6235//6235 6234//6234
f 6091//6091 6092//6092 6236//6236
f 6091//6091 6236//6236 6235//6235
f 6092//6092 6093//6093 6237//6237
f 6092//6092 6237//6237 6236//6236
f 6093//6093 6094//6094 6238//6238
f 6093//6093 6238//6238 6237//6237
f 6094//6094 6095//6095 6239//6239
f 6094//6094 6239//6239 6238//6238
f 6095//6095 6096//6096 6240//6240
f 6095//6095 6240//6240 6239//6239
f 6096//6096 6097//6097 6241//6241
f 6096//6096 6241//6241 6240//6240
f 6097//6097 6098//6098 6242//6242
f 6097//6097 6242//6242 6241//6241
f 6098//6098 6099//6099 6243//6243
f 6098//6098 6243//6243 6242//6242
f 6099//6099 6100//6100 6244//6244
f 6099//6099 6244//6244 6243//6243
f 6100//6100 6101//6101 6245//6245
f 6100//6100 6245//6245 6244//6244
f 6101//6101 6102//6102 6246//6246
f 6101//6101 6246//6246 6245//6245
f 6102//6102 6103//6103 6247//6247
f 6102//6102 6247//6247 6246//6246
f 6103//6103 6104//6104 6248//6248
f 6103//6103 6248//6248 6247//6247
f 6104//6104 6105//6105 6249//6249
f 6104//6104 6249//6249 6248//6248
f 6105//6105 6106//6106 6250//6250
f 6105//6105 6250//6250 6249//6249
f 6106//6106 6107//6107 6251//6251
f 6106//6106 6251//6251 6250//6250
f 6107//6107 6108//6108 6252//6252
f 6107//6107 6252//6252 6251//6251
f 6108//6108 6109//6109 6253//6253
f 6108//6108 6253//6253 6252//6252
f 6109//6109 6110//6110 6254//6254
f 6109//6109 6254//6254 6253//6253
f 6110//6110 6111//6111 6255//6255
f 6110//6110 6255//6255 6254//6254
f 6111//6111 6112//6112 6256//6256
f 6111//6111 6256//6256 6255//6255
f 6112//6112 6113//6113 6257//6257
f 6112//6112 6257//6257 6256//6256
f 6113//6113 6114//6114 6258//6258
f 6113//6113 6258//6258 6257//6257
f 6114//6114 6115//6115 6259//6259
f 6114//6114 6259//6259 6258//6258
f 6115//6115 6116//6116 6260//6260
f 6115//6115 6260//6260 6259//6259
f 6116//6116 6117//6117 6261//6261
f 6116//6116 6261//6261 6260//6260
f 6117//6117 6118//6118 6262//6262
f 6117//6117 6262//6262 6261//6261
f 6118//6118 6119//6119 6263//6263
f 6118//6118 6263//6263 6262//6262
f 6119//6119 6120//6120 6264//6264
f 6119//6119 6264//6264 6263//6263
f 6120//6120 6121//6121 6265//6265
f 6120//6120 6265//6265 6264//6264
f 6121//6121 6122//6122 6266//6266
f 6121//6121 6266//6266 6265//6265
f 6122//6122 6123//6123 6267//6267
f 6122//6122 6267//6267 6266//6266
f 6123//6123 6124//6124 6268//6268
f 6123//6123 6268//6268 6267//6267
f 6124//6124 6125//6125 6269//6269
f 6124//6124 6269//6269 6268//6268
f 6125//6125 6126//6126 6270//6270
f 6125//6125 6270//6270 6269//6269
f 6126//6126 6127//6127 6271//6271
f 6126//6126 6271//6271 6270//6270
f 6127//6127 6128//6128 6272//6272
f 6127//6127 6272//6272 6271//6271
f 6128//6128 6129//6129 6273//6273
f 6128//6128 6273//6273 6272//6272
f 6129//6129 6130//6130 6274//6274
f 6129//6129 6274//6274 6273//6273
f 6130//6130 6131//6131 6275//6275
f 6130//6130 6275//6275 6274//6274
f 6131//6131 6132//6132 6276//6276
f 6131//6131 6276//6276 6275//6275
f 6132//6132 6133//6133 6277//6277
f 6132//6132 6277//6277 6276//6276
f 6133//6133 6134//6134 6278//6278
f 6133//6133 6278//6278 6277//6277
f 6134//6134 6135//6135 6279//6279
f 6134//6134 6279//6279 6278//6278
f 6135//6135 6136//6136 6280//6280
f 6135//6135 6280//6280 6279//6279
f 6136//6136 6137//6137 6281//6281
f 6136//6136 6281//6281 6280//6280
f 6137//6137 6138//6138 6282//6282
f 6137//6137 6282//6282 6281//6281
f 6138//6138 6139//6139 6283//6283
f 6138//6138 6283//6283 6282//6282
f 6139//6139 6140//6140 6284//6284
f 6139//6139 6284//6284 6283//6283
f 6140//6140 6141//6141 6285//6285
f 6140//6140 6285//6285 6284//6284
f 6141//6141 6142//6142 6286//6286
f 6141//6141 6286//6286 6285//6285
f 6142//6142 6143//6143 6287//6287
f 6142//6142 6287//6287 6286//6286
f 6143//6143 6144//6144 6288//6288
f 6143//6143 6288//6288 6287//6287
f 6144//6144 6145//6145 6289//6289
f 6144//6144 6289//6289 6288//6288
f 6145//6145 6146//6146 6290//6290
f 6145//6145 6290//6290 6289//6289
f 6146//6146 6147//6147 6291//6291
f 6146//6146 6291//6291 6290//6290
f 6147//6147 6148//6148 6292//6292
f 6147//6147 6292//6292 6291//6291
f 6148//6148 6149//6149 6293//6293
f 6148//6148 6293//6293 6292//6292
f 6149//6149 6150//6150 6294//6294
f 6149//6149 6294//6294 6293//6293
f 6150//6150 6151//6151 6295//6295
f 6150//6150 6295//6295 6294//6294
f 6151//6151 6152//6152 6296//6296
f 6151//6151 6296//6296 6295//6295
f 6152//6152 6153//6153 6297//6297
f 6152//6152 6297//6297 6296//6296
f 6153//6153 6154//6154 6298//6298
f 6153//6153 6298//6298 6297//6297
f 6154//6154 6155//6155 6299//6299
f 6154//6154 6299//6299 6298//6298
usemtl score
f 6155//6155 6156//6156 6300//6300
f 6155//6155 6300//6300 6299//6299
f 6156//6156 6157//6157 6301//6301
f 6156//6156 6301//6301 6300//6300
usemtl crust
f 6157//6157 6158//6158 6302//6302
usemtl score
f 6157//6157 6302//6302 6301//6301
usemtl crust
f 6158//6158 6159//6159 6303//6303
f 6158//6158 6303//6303 6302//6302
f 6159//6159 6160//6160 6304//6304
f 6159//6159 6304//6304 6303//6303
f 6160//6160 6161//6161 6305//6305
f 6160//6160 6305//6305 6304//6304
f 6161//6161 6162//6162 6306//6306
f 6161//6161 6306//6306 6305//6305
f 6162//6162 6163//6163 6307//6307
f 6162//6162 6307//6307 6306//6306
f 6163//6163 6164//6164 6308//6308
f 6163//6163 6308//6308 6307//6307
f 6164//6164 6165//6165 6309//6309
f 6164//6164 6309//6309 6308//6308
f 6165//6165 6166//6166 6310//6310
f 6165//6165 6310//6310 6309//6309
f 6166//6166 6167//6167 6311//6311
f 6166//6166 6311//6311 6310//6310
f 6167//6167 6168//6168 6312//6312
f 6167//6167 6312//6312 6311//6311
f 6168//6168 6169//6169 6313//6313
f 6168//6168 6313//6313 6312//6312
f 6169//6169 6170//6170 6314//6314
f 6169//6169 6314//6314 6313//6313
f 6170//6170 6171//6171 6315//6315
f 6170//6170 6315//6315 6314//6314
f 6171//6171 6172//6172 6316//6316
f 6171//6171 6316//6316 6315//6315
f 6172//6172 6173//6173 6317//6317
f 6172//6172 6317//6317 6316//6316
f 6173//6173 6174//6174 6318//6318
f 6173//6173 6318//6318 6317//6317
f 6174//6174 6175//6175 6319//6319
f 6174//6174 6319//6319 6318//6318
f 6175//6175 6176//6176 6320//6320
f 6175//6175 6320//6320 6319//6319
f 6176//6176 6177//6177 6321//6321
f 6176//6176 6321//6321 6320//6320
f 6177//6177 6178//6178 6322//6322
f 6177//6177 6322//6322 6321//6321
f 6178//6178 6179//6179 6323//6323
f 6178//6178 6323//6323 6322//6322
f 6179//6179 6180//6180 6324//6324
f 6179//6179 6324//6324 6323//6323
f 6180//6180 6181//6181 6325//6325
f 6180//6180 6325//6325 6324//6324
f 6181//6181 6182//6182 6326//6326
f 6181//6181 6326//6326 6325//6325
f 6182//6182 6183//6183 6327//6327
f 6182//6182 6327//6327 6326//6326
f 6183//6183 6184//6184 6328//6328
f 6183//6183 6328//6328 6327//6327
f 6184//6184 6185//6185 6329//6329
f 6184//6184 6329//6329 6328//6328
f 6185//6185 6186//6186 6330//6330
f 6185//6185 6330//6330 6329//6329
f 6186//6186 6187//6187 6331//6331
f 6186//6186 6331//6331 6330//6330
f 6187//6187 6188//6188 6332//6332
f 6187//6187 6332//6332 6331//6331
f 6188//6188 6189//6189 6333//6333
f 6188//6188 6333//6333 6332//6332
f 6189//6189 6190//6190 6334//6334
f 6189//6189 6334//6334 6333//6333
f 6190//6190 6191//6191 6335//6335
f 6190//6190 6335//6335 6334//6334
f 6191//6191 6192//6192 6336//6336
f 6191//6191 6336//6336 6335//6335
f 6192//6192 6193//6193 6337//6337
f 6192//6192 6337//6337 6336//6336
f 6193//6193 6050//6050 6194//6194
f 6193//6193 6194//6194 6337//6337
f 6194//6194 6195//6195 6339//6339
f 6194//6194 6339//6339 6338//6338
f 6195//6195 6196//6196 6340//6340
f 6195//6195 6340//6340 6339//6339
f 6196//6196 6197//6197 6341//6341
f 6196//6196 6341//6341 6340//6340
f 6197//6197 6198//6198 6342//6342
f 6197//6197 6342//6342 6341//6341
f 6198//6198 6199//6199 6343//6343
f 6198//6198 6343//6343 6342//6342
f 6199//6199 6200//6200 6344//6344
f 6199//6199 6344//6344 6343//6343
f 6200//6200 6201//6201 6345//6345
f 6200//6200 6345//6345 6344//6344
f 6201//6201 6202//6202 6346//6346
f 6201//6201 6346//6346 6345//6345
f 6202//6202 6203//6203 6347//6347
f 6202//6202 6347//6347 6346//6346
f 6203//6203 6204//6204 6348//6348
f 6203//6203 6348//6348 6347//6347
f 6204//6204 6205//6205 6349//6349
f 6204//6204 6349//6349 6348//6348
f 6205//6205 6206//6206 6350//6350
f 6205//6205 6350//6350 6349//6349
f 6206//6206 6207//6207 6351//6351
f 6206//6206 6351//6351 6350//6350
f 6207//6207 6208//6208 6352//6352
f 6207//6207 6352//6352 6351//6351
f 6208//6208 6209//6209 6353//6353
f 6208//6208 6353//6353 6352//6352
f 6209//6209 6210//6210 6354//6354
f 6209//6209 6354//6354 6353//6353
f 6210//6210 6211//6211 6355//6355
f 6210//6210 6355//6355 6354//6354
f 6211//6211 6212//6212 6356//6356
f 6211//6211 6356//6356 6355//6355
f 6212//6212 6213//6213 6357//6357
f 6212//6212 6357//6357 6356//6356
f 6213//6213 6214//6214 6358//6358
f 6213//6213 6358//6358 6357//6357
f 6214//6214 6215//6215 6359//6359
f 6214//6214 6359//6359 6358//6358
f 6215//6215 6216//6216 6360//6360
f 6215//6215 6360//6360 6359//6359
f 6216//6216 6217//6217 6361//6361
f 6216//6216 6361//6361 6360//6360
f 6217//6217 6218//6218 6362//6362
f 6217//6217 6362//6362 6361//6361
f 6218//6218 6219//6219 6363//6363
f 6218//6218 6363//6363 6362//6362
f 6219//6219 6220//6220 6364//6364
f 6219//6219 6364//6364 6363//6363
f 6220//6220 6221//6221 6365//6365
f 6220//6220 6365//6365 6364//6364
f 6221//6221 6222//6222 6366//6366
f 6221//6221 6366//6366 6365//6365
f 6222//6222 6223//6223 6367//6367
f 6222//6222 6367//6367 6366//6366
f 6223//6223 6224//6224 6368//6368
f 6223//6223 6368//6368 6367//6367
f 6224//6224 6225//6225 6369//6369
f 6224//6224 6369//6369 6368//6368
f 6225//6225 6226//6226 6370//6370
f 6225//6225 6370//6370 6369//6369
f 6226//6226 6227//6227 6371//6371
f 6226//6226 6371//6371 6370//6370
usemtl score
f 6227//6227 6228//6228 6372//6372
f 6227//6227 6372//6372 6371//6371
f 6228//6228 6229//6229 6373//6373
f 6228//6228 6373//6373 6372//6372
usemtl crust
f 6229//6229 6230//6230 6374//6374
usemtl score
f 6229//6229 6374//6374 6373//6373
usemtl crust
f 6230//6230 6231//6231 6375//6375
f 6230//6230 6375//6375 6374//6374
f 6231//6231 6232//6232 6376//6376
f 6231//6231 6376//6376 6375//6375
f 6232//6232 6233//6233 6377//6377
f 6232//6232 6377//6377 6376//6376
f 6233//6233 6234//6234 6378//6378
f 6233//6233 6378//6378 6377//6377
f 6234//6234 6235//6235 6379//6379
f 6234//6234 6379//6379 6378//6378
f 6235//6235 6236//6236 6380//6380
f 6235//6235 6380//6380 6379//6379
f 6236//6236 6237//6237 6381//6381
f 6236//6236 6381//6381 6380//6380
f 6237//6237 6238//6238 6382//6382
f 6237//6237 6382//6382 6381//6381
f 6238//6238 6239//6239 6383//6383
f 6238//6238 6383//6383 6382//6382
f 6239//6239 6240//6240 6384//6384
f 6239//6239 6384//6384 6383//6383
f 6240//6240 6241//6241 6385//6385
f 6240//6240 6385//6385 6384//6384
f 6241//6241 6242//6242 6386//6386
f 6241//6241 6386//6386 6385//6385
f 6242//6242 6243//6243 6387//6387
f 6242//6242 6387//6387 6386//6386
f 6243//6243 6244//6244 6388//6388
f 6243//6243 6388//6388 6387//6387
f 6244//6244 6245//6245 6389//6389
f 6244//6244 6389//6389 6388//6388
f 6245//6245 6246//6246 6390//6390
f 6245//6245 6390//6390 6389//6389
f 6246//6246 6247//6247 6391//6391
f 6246//6246 6391//6391 6390//6390
f 6247//6247 6248//6248 6392//6392
f 6247//6247 6392//6392 6391//6391
f 6248//6248 6249//6249 6393//6393
f 6248//6248 6393//6393 6392//6392
f 6249//6249 6250//6250 6394//6394
f 6249//6249 6394//6394 6393//6393
f 6250//6250 6251//6251 6395//6395
f 6250//6250 6395//6395 6394//6394
f 6251//6251 6252//6252 6396//6396
f 6251//6251 6396//6396 6395//6395
f 6252//6252 6253//6253 6397//6397
f 6252//6252 6397//6397 6396//6396
f 6253//6253 6254//6254 6398//6398
f 6253//6253 6398//6398 6397//6397
f 6254//6254 6255//6255 6399//6399
f 6254//6254 6399//6399 6398//6398
f 6255//6255 6256//6256 6400//6400
f 6255//6255 6400//6400 6399//6399
f 6256//6256 6257//6257 6401//6401
f 6256//6256 6401//6401 6400//6400
f 6257//6257 6258//6258 6402//6402
f 6257//6257 6402//6402 6401//6401
f 6258//6258 6259//6259 6403//6403
f 6258//6258 6403//6403 6402//6402
f 6259//6259 6260//6260 6404//6404
f 6259//6259 6404//6404 6403//6403
f 6260//6260 6261//6261 6405//6405
f 6260//6260 6405//6405 6404//6404
f 6261//6261 6262//6262 6406//6406
f 6261//6261 6406//6406 6405//6405
f 6262//6262 6263//6263 6407//6407
f 6262//6262 6407//6407 6406//6406
f 6263//6263 6264//6264 6408//6408
f 6263//6263 6408//6408 6407//6407
f 6264//6264 6265//6265 6409//6409
f 6264//6264 6409//6409 6408//6408
f 6265//6265 6266//6266 6410//6410
f 6265//6265 6410//6410 6409//6409
f 6266//6266 6267//6267 6411//6411
f 6266//6266 6411//6411 6410//6410
f 6267//6267 6268//6268 6412//6412
f 6267//6267 6412//6412 6411//6411
f 6268//6268 6269//6269 6413//6413
f 6268//6268 6413//6413 6412//6412
f 6269//6269 6270//6270 6414//6414
f 6269//6269 6414//6414 6413//6413
f 6270//6270 6271//6271 6415//6415
f 6270//6270 6415//6415 6414//6414
f 6271//6271 6272//6272 6416//6416
f 6271//6271 6416//6416 6415//6415
f 6272//6272 6273//6273 6417//6417
f 6272//6272 6417//6417 6416//6416
f 6273//6273 6274//6274 6418//6418
f 6273//6273 6418//6418 6417//6417
f 6274//6274 6275//6275 6419//6419
f 6274//6274 6419//6419 6418//6418
f 6275//6275 6276//6276 6420//6420
f 6275//6275 6420//6420 6419//6419
f 6276//6276 6277//6277 6421//6421
f 6276//6276 6421//6421 6420//6420
f 6277//6277 6278//6278 6422//6422
f 6277//6277 6422//6422 6421//6421
f 6278//6278 6279//6279 6423//6423
f 6278//6278 6423//6423 6422//6422
f 6279//6279 6280//6280 6424//6424
f 6279//6279 6424//6424 6423//6423
f 6280//6280 6281//6281 6425//6425
f 6280//6280 6425//6425 6424//6424
f 6281//6281 6282//6282 6426//6426
f 6281//6281 6426//6426 6425//6425
f 6282//6282 6283//6283 6427//6427
f 6282//6282 6427//6427 6426//6426
f 6283//6283 6284//6284 6428//6428
f 6283//6283 6428//6428 6427//6427
f 6284//6284 6285//6285 6429//6429
f 6284//6284 6429//6429 6428//6428
f 6285//6285 6286//6286 6430//6430
f 6285//6285 6430//6430 6429//6429
f 6286//6286 6287//6287 6431//6431
f 6286//6286 6431//6431 6430//6430
f 6287//6287 6288//6288 6432//6432
f 6287//6287 6432//6432 6431//6431
f 6288//6288 6289//6289 6433//6433
f 6288//6288 6433//6433 6432//6432
f 6289//6289 6290//6290 6434//6434
f 6289//6289 6434//6434 6433//6433
f 6290//6290 6291//6291 6435//6435
f 6290//6290 6435//6435 6434//6434
f 6291//6291 6292//6292 6436//6436
f 6291//6291 6436//6436 6435//6435
f 6292//6292 6293//6293 6437//6437
f 6292//6292 6437//6437 6436//6436
f 6293//6293 6294//6294 6438//6438
f 6293//6293 6438//6438 6437//6437
f 6294//6294 6295//6295 6439//6439
f 6294//6294 6439//6439 6438//6438
f 6295//6295 6296//6296 6440//6440
f 6295//6295 6440//6440 6439//6439
f 6296//6296 6297//6297 6441//6441
f 6296//6296 6441//6441 6440//6440
f 6297//6297 6298//6298 6442//6442
f 6297//6297 6442//6442 6441//6441
f 6298//6298 6299//6299 6443//6443
f 6298//6298 6443//6443 6442//6442
usemtl score
f 6299//6299 6300//6300 6444//6444
f 6299//6299 6444//6444 6443//6443
f 6300//6300 6301//6301 6445//6445
f 6300//6300 6445//6445 6444//6444
usemtl crust
f 6301//6301 6302//6302 6446//6446
usemtl score
f 6301//6301 6446//6446 6445//6445
usemtl crust
f 6302//6302 6303//6303 6447//6447
f 6302//6302 6447//6447 6446//6446
f 6303//6303 6304//6304 6448//6448
f 6303//6303 6448//6448 6447//6447
f 6304//6304 6305//6305 6449//6449
f 6304//6304 6449//6449 6448//6448
f 6305//6305 6306//6306 6450//6450
f 6305//6305 6450//6450 6449//6449
f 6306//6306 6307//6307 6451//6451
f 6306//6306 6451//6451 6450//6450
f 6307//6307 6308//6308 6452//6452
f 6307//6307 6452//6452 6451//6451
f 6308//6308 6309//6309 6453//6453
f 6308//6308 6453//6453 6452//6452
f 6309//6309 6310//6310 6454//6454
f 6309//6309 6454//6454 6453//6453
f 6310//6310 6311//6311 6455//6455
f 6310//6310 6455//6455 6454//6454
f 6311//6311 6312//6312 6456//6456
f 6311//6311 6456//6456 6455//6455
f 6312//6312 6313//6313 6457//6457
f 6312//6312 6457//6457 6456//6456
f 6313//6313 6314//6314 6458//6458
f 6313//6313 6458//6458 6457//6457
f 6314//6314 6315//6315 6459//6459
f 6314//6314 6459//6459 6458//6458
f 6315//6315 6316//6316 6460//6460
f 6315//6315 6460//6460 6459//6459
f 6316//6316 6317//6317 6461//6461
f 6316//6316 6461//6461 6460//6460
f 6317//6317 6318//6318 6462//6462
f 6317//6317 6462//6462 6461//6461
f 6318//6318 6319//6319 6463//6463
f 6318//6318 6463//6463 6462//6462
f 6319//6319 6320//6320 6464//6464
f 6319//6319 6464//6464 6463//6463
f 6320//6320 6321//6321 6465//6465
f 6320//6320 6465//6465 6464//6464
f 6321//6321 6322//6322 6466//6466
f 6321//6321 6466//6466 6465//6465
f 6322//6322 6323//6323 6467//6467
f 6322//6322 6467//6467 6466//6466
f 6323//6323 6324//6324 6468//6468
f 6323//6323 6468//6468 6467//6467
f 6324//6324 6325//6325 6469//6469
f 6324//6324 6469//6469 6468//6468
f 6325//6325 6326//6326 6470//6470
f 6325//6325 6470//6470 6469//6469
f 6326//6326 6327//6327 6471//6471
f 6326//6326 6471//6471 6470//6470
f 6327//6327 6328//6328 6472//6472
f 6327//6327 6472//6472 6471//6471
f 6328//6328 6329//6329 6473//6473
f 6328//6328 6473//6473 6472//6472
f 6329//6329 6330//6330 6474//6474
f 6329//6329 6474//6474 6473//6473
f 6330//6330 6331//6331 6475//6475
f 6330//6330 6475//6475 6474//6474
f 6331//6331 6332//6332 6476//6476
f 6331//6331 6476//6476 6475//6475
f 6332//6332 6333//6333 6477//6477
f 6332//6332 6477//6477 6476//6476
f 6333//6333 6334//6334 6478//6478
f 6333//6333 6478//6478 6477//6477
f 6334//6334 6335//6335 6479//6479
f 6334//6334 6479//6479 6478//6478
f 6335//6335 6336//6336 6480//6480
f 6335//6335 6480//6480 6479//6479
f 6336//6336 6337//6337 6481//6481
f 6336//6336 6481//6481 6480//6480
f 6337//6337 6194//6194 6338//6338
f 6337//6337 6338//6338 6481//6481
f 6338//6338 6339//6339 6483//6483
f 6338//6338 6483//6483 6482//6482
f 6339//6339 6340//6340 6484//6484
f 6339//6339 6484//6484 6483//6483
f 6340//6340 6341//6341 6485//6485
f 6340//6340 6485//6485 6484//6484
f 6341//6341 6342//6342 6486//6486
f 6341//6341 6486//6486 6485//6485
f 6342//6342 6343//6343 6487//6487
f 6342//6342 6487//6487 6486//6486
f 6343//6343 6344//6344 6488//6488
f 6343//6343 6488//6488 6487//6487
f 6344//6344 6345//6345 6489//6489
f 6344//6344 6489//6489 6488//6488
f 6345//6345 6346//6346 6490//6490
f 6345//6345 6490//6490 6489//6489
f 6346//6346 6347//6347 6491//6491
f 6346//6346 6491//6491 6490//6490
f 6347//6347 6348//6348 6492//6492
f 6347//6347 6492//6492 6491//6491
f 6348//6348 6349//6349 6493//6493
f 6348//6348 6493//6493 6492//6492
f 6349//6349 6350//6350 6494//6494
f 6349//6349 6494//6494 6493//6493
f 6350//6350 6351//6351 6495//6495
f 6350//6350 6495//6495 6494//6494
f 6351//6351 6352//6352 6496//6496
f 6351//6351 6496//6496 6495//6495
f 6352//6352 6353//6353 6497//6497
f 6352//6352 6497//6497 6496//6496
f 6353//6353 6354//6354 6498//6498
f 6353//6353 6498//6498 6497//6497
f 6354//6354 6355//6355 6499//6499
f 6354//6354 6499//6499 6498//6498
f 6355//6355 6356//6356 6500//6500
f 6355//6355 6500//6500 6499//6499
f 6356//6356 6357//6357 6501//6501
f 6356//6356 6501//6501 6500//6500
f 6357//6357 6358//6358 6502//6502
f 6357//6357 6502//6502 6501//6501
f 6358//6358 6359//6359 6503//6503
f 6358//6358 6503//6503 6502//6502
f 6359//6359 6360//6360 6504//6504
f 6359//6359 6504//6504 6503//6503
f 6360//6360 6361//6361 6505//6505
f 6360//6360 6505//6505 6504//6504
f 6361//6361 6362//6362 6506//6506
f 6361//6361 6506//6506 6505//6505
f 6362//6362 6363//6363 6507//6507
f 6362//6362 6507//6507 6506//6506
f 6363//6363 6364//6364 6508//6508
f 6363//6363 6508//6508 6507//6507
f 6364//6364 6365//6365 6509//6509
f 6364//6364 6509//6509 6508//6508
f 6365//6365 6366//6366 6510//6510
f 6365//6365 6510//6510 6509//6509
f 6366//6366 6367//6367 6511//6511
f 6366//6366 6511//6511 6510//6510
f 6367//6367 6368//6368 6512//6512
f 6367//6367 6512//6512 6511//6511
f 6368//6368 6369//6369 6513//6513
f 6368//6368 6513//6513 6512//6512
f 6369//6369 6370//6370 6514//6514
f 6369//6369 6514//6514 6513//6513
usemtl score
f 6370//6370 6371//6371 6515//6515
f 6370//6370 6515//6515 6514//6514
f 6371//6371 6372//6372 6516//6516
f 6371//6371 6516//6516 6515//6515
f 6372//6372 6373//6373 6517//6517
f 6372//6372 6517//6517 6516//6516
f 6373//6373 6374//6374 6518//6518
f 6373//6373 6518//6518 6517//6517
usemtl crust
f 6374//6374 6375//6375 6519//6519
f 6374//6374 6519//6519 6518//6518
f 6375//6375 6376//6376 6520//6520
f 6375//6375 6520//6520 6519//6519
f 6376//6376 6377//6377 6521//6521
f 6376//6376 6521//6521 6520//6520
f 6377//6377 6378//6378 6522//6522
f 6377//6377 6522//6522 6521//6521
f 6378//6378 6379//6379 6523//6523
f 6378//6378 6523//6523 6522//6522
f 6379//6379 6380//6380 6524//6524
f 6379//6379 6524//6524 6523//6523
f 6380//6380 6381//6381 6525//6525
f 6380//6380 6525//6525 6524//6524
f 6381//6381 6382//6382 6526//6526
f 6381//6381 6526//6526 6525//6525
f 6382//6382 6383//6383 6527//6527
f 6382//6382 6527//6527 6526//6526
f 6383//6383 6384//6384 6528//6528
f 6383//6383 6528//6528 6527//6527
f 6384//6384 6385//6385 6529//6529
f 6384//6384 6529//6529 6528//6528
f 6385//6385 6386//6386 6530//6530
f 6385//6385 6530//6530 6529//6529
f 6386//6386 6387//6387 6531//6531
f 6386//6386 6531//6531 6530//6530
f 6387//6387 6388//6388 6532//6532
f 6387//6387 6532//6532 6531//6531
f 6388//6388 6389//6389 6533//6533
f 6388//6388 6533//6533 6532//6532
f 6389//6389 6390//6390 6534//6534
f 6389//6389 6534//6534 6533//6533
f 6390//6390 6391//6391 6535//6535
f 6390//6390 6535//6535 6534//6534
f 6391//6391 6392//6392 6536//6536
f 6391//6391 6536//6536 6535//6535
f 6392//6392 6393//6393 6537//6537
f 6392//6392 6537//6537 6536//6536
f 6393//6393 6394//6394 6538//6538
f 6393//6393 6538//6538 6537//6537
f 6394//6394 6395//6395 6539//6539
f 6394//6394 6539//6539 6538//6538
f 6395//6395 6396//6396 6540//6540
f 6395//6395 6540//6540 6539//6539
f 6396//6396 6397//6397 6541//6541
f 6396//6396 6541//6541 6540//6540
f 6397//6397 6398//6398 6542//6542
f 6397//6397 6542//6542 6541//6541
f 6398//6398 6399//6399 6543//6543
f 6398//6398 6543//6543 6542//6542
f 6399//6399 6400//6400 6544//6544
f 6399//6399 6544//6544 6543//6543
f 6400//6400 6401//6401 6545//6545
f 6400//6400 6545//6545 6544//6544
f 6401//6401 6402//6402 6546//6546
f 6401//6401 6546//6546 6545//6545
f 6402//6402 6403//6403 6547//6547
f 6402//6402 6547//6547 6546//6546
f 6403//6403 6404//6404 6548//6548
f 6403//6403 6548//6548 6547//6547
f 6404//6404 6405//6405 6549//6549
f 6404//6404 6549//6549 6548//6548
f 6405//6405 6406//6406 6550//6550
f 6405//6405 6550//6550 6549//6549
f 6406//6406 6407//6407 6551//6551
f 6406//6406 6551//6551 6550//6550
f 6407//6407 6408//6408 6552//6552
f 6407//6407 6552//6552 6551//6551
f 6408//6408 6409//6409 6553//6553
f 6408//6408 6553//6553 6552//6552
f 6409//6409 6410//6410 6554//6554
f 6409//6409 6554//6554 6553//6553
f 6410//6410 6411//6411 6555//6555
f 6410//6410 6555//6555 6554//6554
f 6411//6411 6412//6412 6556//6556
f 6411//6411 6556//6556 6555//6555
f 6412//6412 6413//6413 6557//6557
f 6412//6412 6557//6557 6556//6556
f 6413//6413 6414//6414 6558//6558
f 6413//6413 6558//6558 6557//6557
f 6414//6414 6415//6415 6559//6559
f 6414//6414 6559//6559 6558//6558
f 6415//6415 6416//6416 6560//6560
f 6415//6415 6560//6560 6559//6559
f 6416//6416 6417//6417 6561//6561
f 6416//6416 6561//6561 6560//6560
f 6417//6417 6418//6418 6562//6562
f 6417//6417 6562//6562 6561//6561
f 6418//6418 6419//6419 6563//6563
f 6418//6418 6563//6563 6562//6562
f 6419//6419 6420//6420 6564//6564
f 6419//6419 6564//6564 6563//6563
f 6420//6420 6421//6421 6565//6565
f 6420//6420 6565//6565 6564//6564
f 6421//6421 6422//6422 6566//6566
f 6421//6421 6566//6566 6565//6565
f 6422//6422 6423//6423 6567//6567
f 6422//6422 6567//6567 6566//6566
f 6423//6423 6424//6424 6568//6568
f 6423//6423 6568//6568 6567//6567
f 6424//6424 6425//6425 6569//6569
f 6424//6424 6569//6569 6568//6568
f 6425//6425 6426//6426 6570//6570
f 6425//6425 6570//6570 6569//6569
f 6426//6426 6427//6427 6571//6571
f 6426//6426 6571//6571 6570//6570
f 6427//6427 6428//6428 6572//6572
f 6427//6427 6572//6572 6571//6571
f 6428//6428 6429//6429 6573//6573
f 6428//6428 6573//6573 6572//6572
f 6429//6429 6430//6430 6574//6574
f 6429//6429 6574//6574 6573//6573
f 6430//6430 6431//6431 6575//6575
f 6430//6430 6575//6575 6574//6574
f 6431//6431 6432//6432 6576//6576
f 6431//6431 6576//6576 6575//6575
f 6432//6432 6433//6433 6577//6577
f 6432//6432 6577//6577 6576//6576
f 6433//6433 6434//6434 6578//6578
f 6433//6433 6578//6578 6577//6577
f 6434//6434 6435//6435 6579//6579
f 6434//6434 6579//6579 6578//6578
f 6435//6435 6436//6436 6580//6580
f 6435//6435 6580//6580 6579//6579
f 6436//6436 6437//6437 6581//6581
f 6436//6436 6581//6581 6580//6580
f 6437//6437 6438//6438 6582//6582
f 6437//6437 6582//6582 6581//6581
f 6438//6438 6439//6439 6583//6583
f 6438//6438 6583//6583 6582//6582
f 6439//6439 6440//6440 6584//6584
f 6439//6439 6584//6584 6583//6583
f 6440//6440 6441//6441 6585//6585
f 6440//6440 6585//6585 6584//6584
f 6441//6441 6442//6442 6586//6586
f 6441//6441 6586//6586 6585//6585
usemtl score
f 6442//6442 6443//6443 6587//6587
f 6442//6442 6587//6587 6586//6586
f 6443//6443 6444//6444 6588//6588
f 6443//6443 6588//6588 6587//6587
f 6444//6444 6445//6445 6589//6589
f 6444//6444 6589//6589 6588//6588
f 6445//6445 6446//6446 6590//6590
f 6445//6445 6590//6590 6589//6589
usemtl crust
f 6446//6446 6447//6447 6591//6591
f 6446//6446 6591//6591 6590//6590
f 6447//6447 6448//6448 6592//6592
f 6447//6447 6592//6592 6591//6591
f 6448//6448 6449//6449 6593//6593
f 6448//6448 6593//6593 6592//6592
f 6449//6449 6450//6450 6594//6594
f 6449//6449 6594//6594 6593//6593
f 6450//6450 6451//6451 6595//6595
f 6450//6450 6595//6595 6594//6594
f 6451//6451 6452//6452 6596//6596
f 6451//6451 6596//6596 6595//6595
f 6452//6452 6453//6453 6597//6597
f 6452//6452 6597//6597 6596//6596
f 6453//6453 6454//6454 6598//6598
f 6453//6453 6598//6598 6597//6597
f 6454//6454 6455//6455 6599//6599
f 6454//6454 6599//6599 6598//6598
f 6455//6455 6456//6456 6600//6600
f 6455//6455 6600//6600 6599//6599
f 6456//6456 6457//6457 6601//6601
f 6456//6456 6601//6601 6600//6600
f 6457//6457 6458//6458 6602//6602
f 6457//6457 6602//6602 6601//6601
f 6458//6458 6459//6459 6603//6603
f 6458//6458 6603//6603 6602//6602
f 6459//6459 6460//6460 6604//6604
f 6459//6459 6604//6604 6603//6603
f 6460//6460 6461//6461 6605//6605
f 6460//6460 6605//6605 6604//6604
f 6461//6461 6462//6462 6606//6606
f 6461//6461 6606//6606 6605//6605
f 6462//6462 6463//6463 6607//6607
f 6462//6462 6607//6607 6606//6606
f 6463//6463 6464//6464 6608//6608
f 6463//6463 6608//6608 6607//6607
f 6464//6464 6465//6465 6609//6609
f 6464//6464 6609//6609 6608//6608
f 6465//6465 6466//6466 6610//6610
f 6465//6465 6610//6610 6609//6609
f 6466//6466 6467//6467 6611//6611
f 6466//6466 6611//6611 6610//6610
f 6467//6467 6468//6468 6612//6612
f 6467//6467 6612//6612 6611//6611
f 6468//6468 6469//6469 6613//6613
f 6468//6468 6613//6613 6612//6612
f 6469//6469 6470//6470 6614//6614
f 6469//6469 6614//6614 6613//6613
f 6470//6470 6471//6471 6615//6615
f 6470//6470 6615//6615 6614//6614
f 6471//6471 6472//6472 6616//6616
f 6471//6471 6616//6616 6615//6615
f 6472//6472 6473//6473 6617//6617
f 6472//6472 6617//6617 6616//6616
f 6473//6473 6474//6474 6618//6618
f 6473//6473 6618//6618 6617//6617
f 6474//6474 6475//6475 6619//6619
f 6474//6474 6619//6619 6618//6618
f 6475//6475 6476//6476 6620//6620
f 6475//6475 6620//6620 6619//6619
f 6476//6476 6477//6477 6621//6621
f 6476//6476 6621//6621 6620//6620
f 6477//6477 6478//6478 6622//6622
f 6477//6477 6622//6622 6621//6621
f 6478//6478 6479//6479 6623//6623
f 6478//6478 6623//6623 6622//6622
f 6479//6479 6480//6480 6624//6624
f 6479//6479 6624//6624 6623//6623
f 6480//6480 6481//6481 6625//6625
f 6480//6480 6625//6625 6624//6624
f 6481//6481 6338//6338 6482//6482
f 6481//6481 6482//6482 6625//6625
f 6482//6482 6483//6483 6627//6627
f 6482//6482 6627//6627 6626//6626
f 6483//6483 6484//6484 6628//6628
f 6483//6483 6628//6628 6627//6627
f 6484//6484 6485//6485 6629//6629
f 6484//6484 6629//6629 6628//6628
f 6485//6485 6486//6486 6630//6630
f 6485//6485 6630//6630 6629//6629
f 6486//6486 6487//6487 6631//6631
f 6486//6486 6631//6631 6630//6630
f 6487//6487 6488//6488 6632//6632
f 6487//6487 6632//6632 6631//6631
f 6488//6488 6489//6489 6633//6633
f 6488//6488 6633//6633 6632//6632
f 6489//6489 6490//6490 6634//6634
f 6489//6489 6634//6634 6633//6633
f 6490//6490 6491//6491 6635//6635
f 6490//6490 6635//6635 6634//6634
f 6491//6491 6492//6492 6636//6636
f 6491//6491 6636//6636 6635//6635
f 6492//6492 6493//6493 6637//6637
f 6492//6492 6637//6637 6636//6636
f 6493//6493 6494//6494 6638//6638
f 6493//6493 6638//6638 6637//6637
f 6494//6494 6495//6495 6639//6639
f 6494//6494 6639//6639 6638//6638
f 6495//6495 6496//6496 6640//6640
f 6495//6495 6640//6640 6639//6639
f 6496//6496 6497//6497 6641//6641
f 6496//6496 6641//6641 6640//6640
f 6497//6497 6498//6498 6642//6642
f 6497//6497 6642//6642 6641//6641
f 6498//6498 6499//6499 6643//6643
f 6498//6498 6643//6643 6642//6642
f 6499//6499 6500//6500 6644//6644
f 6499//6499 6644//6644 6643//6643
f 6500//6500 6501//6501 6645//6645
f 6500//6500 6645//6645 6644//6644
f 6501//6501 6502//6502 6646//6646
f 6501//6501 6646//6646 6645//6645
f 6502//6502 6503//6503 6647//6647
f 6502//6502 6647//6647 6646//6646
f 6503//6503 6504//6504 6648//6648
f 6503//6503 6648//6648 6647//6647
f 6504//6504 6505//6505 6649//6649
f 6504//6504 6649//6649 6648//6648
f 6505//6505 6506//6506 6650//6650
f 6505//6505 6650//6650 6649//6649
f 6506//6506 6507//6507 6651//6651
f 6506//6506 6651//6651 6650//6650
f 6507//6507 6508//6508 6652//6652
f 6507//6507 6652//6652 6651//6651
f 6508//6508 6509//6509 6653//6653
f 6508//6508 6653//6653 6652//6652
f 6509//6509 6510//6510 6654//6654
f 6509//6509 6654//6654 6653//6653
f 6510//6510 6511//6511 6655//6655
f 6510//6510 6655//6655 6654//6654
f 6511//6511 6512//6512 6656//6656
f 6511//6511 6656//6656 6655//6655
f 6512//6512 6513//6513 6657//6657
f 6512//6512 6657//6657 6656//6656
usemtl score
f 6513//6513 6514//6514 6658//6658
f 6513//6513 6658//6658 6657//6657
f 6514//6514 6515//6515 6659//6659
f 6514//6514 6659//6659 6658//6658
f 6515//6515 6516//6516 6660//6660
f 6515//6515 6660//6660 6659//6659
f 6516//6516 6517//6517 6661//6661
f 6516//6516 6661//6661 6660//6660
f 6517//6517 6518//6518 6662//6662
f 6517//6517 6662//6662 6661//6661
usemtl crust
f 6518//6518 6519//6519 6663//6663
usemtl score
f 6518//6518 6663//6663 6662//6662
usemtl crust
f 6519//6519 6520//6520 6664//6664
f 6519//6519 6664//6664 6663//6663
f 6520//6520 6521//6521 6665//6665
f 6520//6520 6665//6665 6664//6664
f 6521//6521 6522//6522 6666//6666
f 6521//6521 6666//6666 6665//6665
f 6522//6522 6523//6523 6667//6667
f 6522//6522 6667//6667 6666//6666
f 6523//6523 6524//6524 6668//6668
f 6523//6523 6668//6668 6667//6667
f 6524//6524 6525//6525 6669//6669
f 6524//6524 6669//6669 6668//6668
f 6525//6525 6526//6526 6670//6670
f 6525//6525 6670//6670 6669//6669
f 6526//6526 6527//6527 6671//6671
f 6526//6526 6671//6671 6670//6670
f 6527//6527 6528//6528 6672//6672
f 6527//6527 6672//6672 6671//6671
f 6528//6528 6529//6529 6673//6673
f 6528//6528 6673//6673 6672//6672
f 6529//6529 6530//6530 6674//6674
f 6529//6529 6674//6674 6673//6673
f 6530//6530 6531//6531 6675//6675
f 6530//6530 6675//6675 6674//6674
f 6531//6531 6532//6532 6676//6676
f 6531//6531 6676//6676 6675//6675
f 6532//6532 6533//6533 6677//6677
f 6532//6532 6677//6677 6676//6676
f 6533//6533 6534//6534 6678//6678
f 6533//6533 6678//6678 6677//6677
f 6534//6534 6535//6535 6679//6679
f 6534//6534 6679//6679 6678//6678
f 6535//6535 6536//6536 6680//6680
f 6535//6535 6680//6680 6679//6679
f 6536//6536 6537//6537 6681//6681
f 6536//6536 6681//6681 6680//6680
f 6537//6537 6538//6538 6682//6682
f 6537//6537 6682//6682 6681//6681
f 6538//6538 6539//6539 6683//6683
f 6538//6538 6683//6683 6682//6682
f 6539//6539 6540//6540 6684//6684
f 6539//6539 6684//6684 6683//6683
f 6540//6540 6541//6541 6685//6685
f 6540//6540 6685//6685 6684//6684
f 6541//6541 6542//6542 6686//6686
f 6541//6541 6686//6686 6685//6685
f 6542//6542 6543//6543 6687//6687
f 6542//6542 6687//6687 6686//6686
f 6543//6543 6544//6544 6688//6688
f 6543//6543 6688//6688 6687//6687
f 6544//6544 6545//6545 6689//6689
f 6544//6544 6689//6689 6688//6688
f 6545//6545 6546//6546 6690//6690
f 6545//6545 6690//6690 6689//6689
f 6546//6546 6547//6547 6691//6691
f 6546//6546 6691//6691 6690//6690
f 6547//6547 6548//6548 6692//6692
f 6547//6547 6692//6692 6691//6691
f 6548//6548 6549//6549 6693//6693
f 6548//6548 6693//6693 6692//6692
f 6549//6549 6550//6550 6694//6694
f 6549//6549 6694//6694 6693//6693
f 6550//6550 6551//6551 6695//6695
f 6550//6550 6695//6695 6694//6694
f 6551//6551 6552//6552 6696//6696
f 6551//6551 6696//6696 6695//6695
f 6552//6552 6553//6553 6697//6697
f 6552//6552 6697//6697 6696//6696
f 6553//6553 6554//6554 6698//6698
f 6553//6553 6698//6698 6697//6697
f 6554//6554 6555//6555 6699//6699
f 6554//6554 6699//6699 6698//6698
f 6555//6555 6556//6556 6700//6700
f 6555//6555 6700//6700 6699//6699
f 6556//6556 6557//6557 6701//6701
f 6556//6556 6701//6701 6700//6700
f 6557//6557 6558//6558 6702//6702
f 6557//6557 6702//6702 6701//6701
f 6558//6558 6559//6559 6703//6703
f 6558//6558 6703//6703 6702//6702
f 6559//6559 6560//6560 6704//6704
f 6559//6559 6704//6704 6703//6703
f 6560//6560 6561//6561 6705//6705
f 6560//6560 6705//6705 6704//6704
f 6561//6561 6562//6562 6706//6706
f 6561//6561 6706//6706 6705//6705
f 6562//6562 6563//6563 6707//6707
f 6562//6562 6707//6707 6706//6706
f 6563//6563 6564//6564 6708//6708
f 6563//6563 6708//6708 6707//6707
f 6564//6564 6565//6565 6709//6709
f 6564//6564 6709//6709 6708//6708
f 6565//6565 6566//6566 6710//6710
f 6565//6565 6710//6710 6709//6709
f 6566//6566 6567//6567 6711//6711
f 6566//6566 6711//6711 6710//6710
f 6567//6567 6568//6568 6712//6712
f 6567//6567 6712//6712 6711//6711
f 6568//6568 6569//6569 6713//6713
f 6568//6568 6713//6713 6712//6712
f 6569//6569 6570//6570 6714//6714
f 6569//6569 6714//6714 6713//6713
f 6570//6570 6571//6571 6715//6715
f 6570//6570 6715//6715 6714//6714
f 6571//6571 6572//6572 6716//6716
f 6571//6571 6716//6716 6715//6715
f 6572//6572 6573//6573 6717//6717
f 6572//6572 6717//6717 6716//6716
f 6573//6573 6574//6574 6718//6718
f 6573//6573 6718//6718 6717//6717
f 6574//6574 6575//6575 6719//6719
f 6574//6574 6719//6719 6718//6718
f 6575//6575 6576//6576 6720//6720
f 6575//6575 6720//6720 6719//6719
f 6576//6576 6577//6577 6721//6721
f 6576//6576 6721//6721 6720//6720
f 6577//6577 6578//6578 6722//6722
f 6577//6577 6722//6722 6721//6721
f 6578//6578 6579//6579 6723//6723
f 6578//6578 6723//6723 6722//6722
f 6579//6579 6580//6580 6724//6724
f 6579//6579 6724//6724 6723//6723
f 6580//6580 6581//6581 6725//6725
f 6580//6580 6725//6725 6724//6724
f 6581//6581 6582//6582 6726//6726
f 6581//6581 6726//6726 6725//6725
f 6582//6582 6583//6583 6727//6727
f 6582//6582 6727//6727 6726//6726
f 6583//6583 6584//6584 6728//6728
f 6583//6583 6728//6728 6727//6727
f 6584//6584 6585//6585 6729//6729
f 6584//6584 6729//6729 6728//6728
usemtl score
f 6585//6585 6586//6586 6730//6730
f 6585//6585 6730//6730 6729//6729
f 6586//6586 6587//6587 6731//6731
f 6586//6586 6731//6731 6730//6730
f 6587//6587 6588//6588 6732//6732
f 6587//6587 6732//6732 6731//6731
f 6588//6588 6589//6589 6733//6733
f 6588//6588 6733//6733 6732//6732
f 6589//6589 6590//6590 6734//6734
f 6589//6589 6734//6734 6733//6733
usemtl crust
f 6590//6590 6591//6591 6735//6735
usemtl score
f 6590//6590 6735//6735 6734//6734
usemtl crust
f 6591//6591 6592//6592 6736//6736
f 6591//6591 6736//6736 6735//6735
f 6592//6592 6593//6593 6737//6737
f 6592//6592 6737//6737 6736//6736
f 6593//6593 6594//6594 6738//6738
f 6593//6593 6738//6738 6737//6737
f 6594//6594 6595//6595 6739//6739
f 6594//6594 6739//6739 6738//6738
f 6595//6595 6596//6596 6740//6740
f 6595//6595 6740//6740 6739//6739
f 6596//6596 6597//6597 6741//6741
f 6596//6596 6741//6741 6740//6740
f 6597//6597 6598//6598 6742//6742
f 6597//6597 6742//6742 6741//6741
f 6598//6598 6599//6599 6743//6743
f 6598//6598 6743//6743 6742//6742
f 6599//6599 6600//6600 6744//6744
f 6599//6599 6744//6744 6743//6743
f 6600//6600 6601//6601 6745//6745
f 6600//6600 6745//6745 6744//6744
f 6601//6601 6602//6602 6746//6746
f 6601//6601 6746//6746 6745//6745
f 6602//6602 6603//6603 6747//6747
f 6602//6602 6747//6747 6746//6746
f 6603//6603 6604//6604 6748//6748
f 6603//6603 6748//6748 6747//6747
f 6604//6604 6605//6605 6749//6749
f 6604//6604 6749//6749 6748//6748
f 6605//6605 6606//6606 6750//6750
f 6605//6605 6750//6750 6749//6749
f 6606//6606 6607//6607 6751//6751
f 6606//6606 6751//6751 6750//6750
f 6607//6607 6608//6608 6752//6752
f 6607//6607 6752//6752 6751//6751
f 6608//6608 6609//6609 6753//6753
f 6608//6608 6753//6753 6752//6752
f 6609//6609 6610//6610 6754//6754
f 6609//6609 6754//6754 6753//6753
f 6610//6610 6611//6611 6755//6755
f 6610//6610 6755//6755 6754//6754
f 6611//6611 6612//6612 6756//6756
f 6611//6611 6756//6756 6755//6755
f 6612//6612 6613//6613 6757//6757
f 6612//6612 6757//6757 6756//6756
f 6613//6613 6614//6614 6758//6758
f 6613//6613 6758//6758 6757//6757
f 6614//6614 6615//6615 6759//6759
f 6614//6614 6759//6759 6758//6758
f 6615//6615 6616//6616 6760//6760
f 6615//6615 6760//6760 6759//6759
f 6616//6616 6617//6617 6761//6761
f 6616//6616 6761//6761 6760//6760
f 6617//6617 6618//6618 6762//6762
f 6617//6617 6762//6762 6761//6761
f 6618//6618 6619//6619 6763//6763
f 6618//6618 6763//6763 6762//6762
f 6619//6619 6620//6620 6764//6764
f 6619//6619 6764//6764 6763//6763
f 6620//6620 6621//6621 6765//6765
f 6620//6620 6765//6765 6764//6764
f 6621//6621 6622//6622 6766//6766
f 6621//6621 6766//6766 6765//6765
f 6622//6622 6623//6623 6767//6767
f 6622//6622 6767//6767 6766//6766
f 6623//6623 6624//6624 6768//6768
f 6623//6623 6768//6768 6767//6767
f 6624//6624 6625//6625 6769//6769
f 6624//6624 6769//6769 6768//6768
f 6625//6625 6482//6482 6626//6626
f 6625//6625 6626//6626 6769//6769
f 6626//6626 6627//6627 6770//6770
f 6627//6627 6628//6628 6770//6770
f 6628//6628 6629//6629 6770//6770
f 6629//6629 6630//6630 6770//6770
f 6630//6630 6631//6631 6770//6770
f 6631//6631 6632//6632 6770//6770
f 6632//6632 6633//6633 6770//6770
f 6633//6633 6634//6634 6770//6770
f 6634//6634 6635//6635 6770//6770
f 6635//6635 6636//6636 6770//6770
f 6636//6636 6637//6637 6770//6770
f 6637//6637 6638//6638 6770//6770
f 6638//6638 6639//6639 6770//6770
f 6639//6639 6640//6640 6770//6770
f 6640//6640 6641//6641 6770//6770
f 6641//6641 6642//6642 6770//6770
f 6642//6642 6643//6643 6770//6770
f 6643//6643 6644//6644 6770//6770
f 6644//6644 6645//6645 6770//6770
f 6645//6645 6646//6646 6770//6770
f 6646//6646 6647//6647 6770//6770
f 6647//6647 6648//6648 6770//6770
f 6648//6648 6649//6649 6770//6770
f 6649//6649 6650//6650 6770//6770
f 6650//6650 6651//6651 6770//6770
f 6651//6651 6652//6652 6770//6770
f 6652//6652 6653//6653 6770//6770
usemtl score
f 6653//6653 6654//6654 6770//6770
f 6654//6654 6655//6655 6770//6770
f 6655//6655 6656//6656 6770//6770
f 6656//6656 6657//6657 6770//6770
f 6657//6657 6658//6658 6770//6770
f 6658//6658 6659//6659 6770//6770
f 6659//6659 6660//6660 6770//6770
f 6660//6660 6661//6661 6770//6770
f 6661//6661 6662//6662 6770//6770
f 6662//6662 6663//6663 6770//6770
f 6663//6663 6664//6664 6770//6770
f 6664//6664 6665//6665 6770//6770
usemtl crust
f 6665//6665 6666//6666 6770//6770
f 6666//6666 6667//6667 6770//6770
f 6667//6667 6668//6668 6770//6770
f 6668//6668 6669//6669 6770//6770
f 6669//6669 6670//6670 6770//6770
f 6670//6670 6671//6671 6770//6770
f 6671//6671 6672//6672 6770//6770
f 6672//6672 6673//6673 6770//6770
f 6673//6673 6674//6674 6770//6770
f 6674//6674 6675//6675 6770//6770
f 6675//6675 6676//6676 6770//6770
f 6676//6676 6677//6677 6770//6770
f 6677//6677 6678//6678 6770//6770
f 6678//6678 6679//6679 6770//6770
f 6679//6679 6680//6680 6770//6770
f 6680//6680 6681//6681 6770//6770
f 6681//6681 6682//6682 6770//6770
f 6682//6682 6683//6683 6770//6770
f 6683//6683 6684//6684 6770//6770
f 6684//6684 6685//6685 6770//6770
f 6685//6685 6686//6686 6770//6770
f 6686//6686 6687//6687 6770//6770
f 6687//6687 6688//6688 6770//6770
f 6688//6688 6689//6689 6770//6770
f 6689//6689 6690//6690 6770//6770
f 6690//6690 6691//6691 6770//6770
f 6691//6691 6692//6692 6770//6770
f 6692//6692 6693//6693 6770//6770
f 6693//6693 6694//6694 6770//6770
f 6694//6694 6695//6695 6770//6770
f 6695//6695 6696//6696 6770//6770
f 6696//6696 6697//6697 6770//6770
f 6697//6697 6698//6698 6770//6770
f 6698//6698 6699//6699 6770//6770
f 6699//6699 6700//6700 6770//6770
f 6700//6700 6701//6701 6770//6770
f 6701//6701 6702//6702 6770//6770
f 6702//6702 6703//6703 6770//6770
f 6703//6703 6704//6704 6770//6770
f 6704//6704 6705//6705 6770//6770
f 6705//6705 6706//6706 6770//6770
f 6706//6706 6707//6707 6770//6770
f 6707//6707 6708//6708 6770//6770
f 6708//6708 6709//6709 6770//6770
f 6709//6709 6710//6710 6770//6770
f 6710//6710 6711//6711 6770//6770
f 6711//6711 6712//6712 6770//6770
f 6712//6712 6713//6713 6770//6770
f 6713//6713 6714//6714 6770//6770
f 6714//6714 6715//6715 6770//6770
f 6715//6715 6716//6716 6770//6770
f 6716//6716 6717//6717 6770//6770
f 6717//6717 6718//6718 6770//6770
f 6718//6718 6719//6719 6770//6770
f 6719//6719 6720//6720 6770//6770
f 6720//6720 6721//6721 6770//6770
f 6721//6721 6722//6722 6770//6770
f 6722//6722 6723//6723 6770//6770
f 6723//6723 6724//6724 6770//6770
f 6724//6724 6725//6725 6770//6770
usemtl score
f 6725//6725 6726//6726 6770//6770
f 6726//6726 6727//6727 6770//6770
f 6727//6727 6728//6728 6770//6770
f 6728//6728 6729//6729 6770//6770
f 6729//6729 6730//6730 6770//6770
f 6730//6730 6731//6731 6770//6770
f 6731//6731 6732//6732 6770//6770
f 6732//6732 6733//6733 6770//6770
f 6733//6733 6734//6734 6770//6770
f 6734//6734 6735//6735 6770//6770
f 6735//6735 6736//6736 6770//6770
f 6736//6736 6737//6737 6770//6770
usemtl crust
f 6737//6737 6738//6738 6770//6770
f 6738//6738 6739//6739 6770//6770
f 6739//6739 6740//6740 6770//6770
f 6740//6740 6741//6741 6770//6770
f 6741//6741 6742//6742 6770//6770
f 6742//6742 6743//6743 6770//6770
f 6743//6743 6744//6744 6770//6770
f 6744//6744 6745//6745 6770//6770
f 6745//6745 6746//6746 6770//6770
f 6746//6746 6747//6747 6770//6770
f 6747//6747 6748//6748 6770//6770
f 6748//6748 6749//6749 6770//6770
f 6749//6749 6750//6750 6770//6770
f 6750//6750 6751//6751 6770//6770
f 6751//6751 6752//6752 6770//6770
f 6752//6752 6753//6753 6770//6770
f 6753//6753 6754//6754 6770//6770
f 6754//6754 6755//6755 6770//6770
f 6755//6755 6756//6756 6770//6770
f 6756//6756 6757//6757 6770//6770
f 6757//6757 6758//6758 6770//6770
f 6758//6758 6759//6759 6770//6770
f 6759//6759 6760//6760 6770//6770
f 6760//6760 6761//6761 6770//6770
f 6761//6761 6762//6762 6770//6770
f 6762//6762 6763//6763 6770//6770
f 6763//6763 6764//6764 6770//6770
f 6764//6764 6765//6765 6770//6770
f 6765//6765 6766//6766 6770//6770
f 6766//6766 6767//6767 6770//6770
f 6767//6767 6768//6768 6770//6770
f 6768//6768 6769//6769 6770//6770
f 6769//6769 6626//6626 6770//6770
