# Open six-egg carton, metres, Z-up
mtllib egg_carton.mtl
o egg_carton
v -0.0900000 -0.0550000 0.0000000
v 0.0900000 -0.0550000 0.0000000
v 0.0900000 0.0550000 0.0000000
v -0.0900000 0.0550000 0.0000000
v -0.0900000 -0.0550000 0.0140000
v 0.0900000 -0.0550000 0.0140000
v 0.0900000 0.0550000 0.0140000
v -0.0900000 0.0550000 0.0140000
v -0.0900000 -0.0550000 0.0060000
v 0.0900000 -0.0550000 0.0060000
v 0.0900000 -0.0470000 0.0060000
v -0.0900000 -0.0470000 0.0060000
v -0.0900000 -0.0550000 0.0380000
v 0.0900000 -0.0550000 0.0380000
v 0.0900000 -0.0470000 0.0380000
v -0.0900000 -0.0470000 0.0380000
v -0.0900000 0.0470000 0.0060000
v 0.0900000 0.0470000 0.0060000
v 0.0900000 0.0550000 0.0060000
v -0.0900000 0.0550000 0.0060000
v -0.0900000 0.0470000 0.0380000
v 0.0900000 0.0470000 0.0380000
v 0.0900000 0.0550000 0.0380000
v -0.0900000 0.0550000 0.0380000
v -0.0900000 -0.0470000 0.0060000
v -0.0820000 -0.0470000 0.0060000
v -0.0820000 0.0470000 0.0060000
v -0.0900000 0.0470000 0.0060000
v -0.0900000 -0.0470000 0.0380000
v -0.0820000 -0.0470000 0.0380000
v -0.0820000 0.0470000 0.0380000
v -0.0900000 0.0470000 0.0380000
v 0.0820000 -0.0470000 0.0060000
v 0.0900000 -0.0470000 0.0060000
v 0.0900000 0.0470000 0.0060000
v 0.0820000 0.0470000 0.0060000
v 0.0820000 -0.0470000 0.0380000
v 0.0900000 -0.0470000 0.0380000
v 0.0900000 0.0470000 0.0380000
v 0.0820000 0.0470000 0.0380000
v -0.0190000 -0.0630000 0.0080000
v 0.0190000 -0.0630000 0.0080000
v 0.0190000 -0.0530000 0.0080000
v -0.0190000 -0.0530000 0.0080000
v -0.0190000 -0.0630000 0.0280000
v 0.0190000 -0.0630000 0.0280000
v 0.0190000 -0.0530000 0.0280000
v -0.0190000 -0.0530000 0.0280000
v -0.0140000 0.0000000 0.0120000
v -0.0144770 0.0036235 0.0120000
v -0.0158756 0.0070000 0.0120000
v -0.0181005 0.0098995 0.0120000
v -0.0210000 0.0121244 0.0120000
v -0.0243765 0.0135230 0.0120000
v -0.0280000 0.0140000 0.0120000
v -0.0316235 0.0135230 0.0120000
v -0.0350000 0.0121244 0.0120000
v -0.0378995 0.0098995 0.0120000
v -0.0401244 0.0070000 0.0120000
v -0.0415230 0.0036235 0.0120000
v -0.0420000 0.0000000 0.0120000
v -0.0415230 -0.0036235 0.0120000
v -0.0401244 -0.0070000 0.0120000
v -0.0378995 -0.0098995 0.0120000
v -0.0350000 -0.0121244 0.0120000
v -0.0316235 -0.0135230 0.0120000
v -0.0280000 -0.0140000 0.0120000
v -0.0243765 -0.0135230 0.0120000
v -0.0210000 -0.0121244 0.0120000
v -0.0181005 -0.0098995 0.0120000
v -0.0158756 -0.0070000 0.0120000
v -0.0144770 -0.0036235 0.0120000
v -0.0235000 0.0000000 0.0480000
v -0.0236533 0.0011647 0.0480000
v -0.0241029 0.0022500 0.0480000
v -0.0248180 0.0031820 0.0480000
v -0.0257500 0.0038971 0.0480000
v -0.0268353 0.0043467 0.0480000
v -0.0280000 0.0045000 0.0480000
v -0.0291647 0.0043467 0.0480000
v -0.0302500 0.0038971 0.0480000
v -0.0311820 0.0031820 0.0480000
v -0.0318971 0.0022500 0.0480000
v -0.0323467 0.0011647 0.0480000
v -0.0325000 0.0000000 0.0480000
v -0.0323467 -0.0011647 0.0480000
v -0.0318971 -0.0022500 0.0480000
v -0.0311820 -0.0031820 0.0480000
v -0.0302500 -0.0038971 0.0480000
v -0.0291647 -0.0043467 0.0480000
v -0.0280000 -0.0045000 0.0480000
v -0.0268353 -0.0043467 0.0480000
v -0.0257500 -0.0038971 0.0480000
v -0.0248180 -0.0031820 0.0480000
v -0.0241029 -0.0022500 0.0480000
v -0.0236533 -0.0011647 0.0480000
v -0.0280000 0.0000000 0.0120000
v -0.0280000 0.0000000 0.0480000
v 0.0420000 0.0000000 0.0120000
v 0.0415230 0.0036235 0.0120000
v 0.0401244 0.0070000 0.0120000
v 0.0378995 0.0098995 0.0120000
v 0.0350000 0.0121244 0.0120000
v 0.0316235 0.0135230 0.0120000
v 0.0280000 0.0140000 0.0120000
v 0.0243765 0.0135230 0.0120000
v 0.0210000 0.0121244 0.0120000
v 0.0181005 0.0098995 0.0120000
v 0.0158756 0.0070000 0.0120000
v 0.0144770 0.0036235 0.0120000
v 0.0140000 0.0000000 0.0120000
v 0.0144770 -0.0036235 0.0120000
v 0.0158756 -0.0070000 0.0120000
v 0.0181005 -0.0098995 0.0120000
v 0.0210000 -0.0121244 0.0120000
v 0.0243765 -0.0135230 0.0120000
v 0.0280000 -0.0140000 0.0120000
v 0.0316235 -0.0135230 0.0120000
v 0.0350000 -0.0121244 0.0120000
v 0.0378995 -0.0098995 0.0120000
v 0.0401244 -0.0070000 0.0120000
v 0.0415230 -0.0036235 0.0120000
v 0.0325000 0.0000000 0.0480000
v 0.0323467 0.0011647 0.0480000
v 0.0318971 0.0022500 0.0480000
v 0.0311820 0.0031820 0.0480000
v 0.0302500 0.0038971 0.0480000
v 0.0291647 0.0043467 0.0480000
v 0.0280000 0.0045000 0.0480000
v 0.0268353 0.0043467 0.0480000
v 0.0257500 0.0038971 0.0480000
v 0.0248180 0.0031820 0.0480000
v 0.0241029 0.0022500 0.0480000
v 0.0236533 0.0011647 0.0480000
v 0.0235000 0.0000000 0.0480000
v 0.0236533 -0.0011647 0.0480000
v 0.0241029 -0.0022500 0.0480000
v 0.0248180 -0.0031820 0.0480000
v 0.0257500 -0.0038971 0.0480000
v 0.0268353 -0.0043467 0.0480000
v 0.0280000 -0.0045000 0.0480000
v 0.0291647 -0.0043467 0.0480000
v 0.0302500 -0.0038971 0.0480000
v 0.0311820 -0.0031820 0.0480000
v 0.0318971 -0.0022500 0.0480000
v 0.0323467 -0.0011647 0.0480000
v 0.0280000 0.0000000 0.0120000
v 0.0280000 0.0000000 0.0480000
v -0.0570000 -0.0270000 0.0110000
v -0.0544499 -0.0270000 0.0112138
v -0.0544813 -0.0266431 0.0112138
v -0.0545747 -0.0262949 0.0112138
v -0.0547278 -0.0259641 0.0112138
v -0.0549369 -0.0256589 0.0112138
v -0.0551968 -0.0253866 0.0112138
v -0.0555011 -0.0251541 0.0112138
v -0.0558423 -0.0249670 0.0112138
v -0.0562120 -0.0248300 0.0112138
v -0.0566011 -0.0247464 0.0112138
v -0.0570000 -0.0247183 0.0112138
v -0.0573989 -0.0247464 0.0112138
v -0.0577880 -0.0248300 0.0112138
v -0.0581577 -0.0249670 0.0112138
v -0.0584989 -0.0251541 0.0112138
v -0.0588032 -0.0253866 0.0112138
v -0.0590631 -0.0256589 0.0112138
v -0.0592722 -0.0259641 0.0112138
v -0.0594253 -0.0262949 0.0112138
v -0.0595187 -0.0266431 0.0112138
v -0.0595501 -0.0270000 0.0112138
v -0.0595187 -0.0273569 0.0112138
v -0.0594253 -0.0277051 0.0112138
v -0.0592722 -0.0280359 0.0112138
v -0.0590631 -0.0283411 0.0112138
v -0.0588032 -0.0286134 0.0112138
v -0.0584989 -0.0288459 0.0112138
v -0.0581577 -0.0290330 0.0112138
v -0.0577880 -0.0291700 0.0112138
v -0.0573989 -0.0292536 0.0112138
v -0.0570000 -0.0292817 0.0112138
v -0.0566011 -0.0292536 0.0112138
v -0.0562120 -0.0291700 0.0112138
v -0.0558423 -0.0290330 0.0112138
v -0.0555011 -0.0288459 0.0112138
v -0.0551968 -0.0286134 0.0112138
v -0.0549369 -0.0283411 0.0112138
v -0.0547278 -0.0280359 0.0112138
v -0.0545747 -0.0277051 0.0112138
v -0.0544813 -0.0273569 0.0112138
v -0.0519477 -0.0270000 0.0118525
v -0.0520099 -0.0262928 0.0118525
v -0.0521950 -0.0256031 0.0118525
v -0.0524984 -0.0249478 0.0118525
v -0.0529126 -0.0243429 0.0118525
v -0.0534275 -0.0238036 0.0118525
v -0.0540303 -0.0233429 0.0118525
v -0.0547063 -0.0229722 0.0118525
v -0.0554388 -0.0227008 0.0118525
v -0.0562096 -0.0225352 0.0118525
v -0.0570000 -0.0224795 0.0118525
v -0.0577904 -0.0225352 0.0118525
v -0.0585612 -0.0227008 0.0118525
v -0.0592937 -0.0229722 0.0118525
v -0.0599697 -0.0233429 0.0118525
v -0.0605725 -0.0238036 0.0118525
v -0.0610874 -0.0243429 0.0118525
v -0.0615016 -0.0249478 0.0118525
v -0.0618050 -0.0256031 0.0118525
v -0.0619901 -0.0262928 0.0118525
v -0.0620523 -0.0270000 0.0118525
v -0.0619901 -0.0277072 0.0118525
v -0.0618050 -0.0283969 0.0118525
v -0.0615016 -0.0290522 0.0118525
v -0.0610874 -0.0296571 0.0118525
v -0.0605725 -0.0301964 0.0118525
v -0.0599697 -0.0306571 0.0118525
v -0.0592937 -0.0310278 0.0118525
v -0.0585612 -0.0312992 0.0118525
v -0.0577904 -0.0314648 0.0118525
v -0.0570000 -0.0315205 0.0118525
v -0.0562096 -0.0314648 0.0118525
v -0.0554388 -0.0312992 0.0118525
v -0.0547063 -0.0310278 0.0118525
v -0.0540303 -0.0306571 0.0118525
v -0.0534275 -0.0301964 0.0118525
v -0.0529126 -0.0296571 0.0118525
v -0.0524984 -0.0290522 0.0118525
v -0.0521950 -0.0283969 0.0118525
v -0.0520099 -0.0277072 0.0118525
v -0.0495401 -0.0270000 0.0129080
v -0.0496319 -0.0259559 0.0129080
v -0.0499052 -0.0249374 0.0129080
v -0.0503532 -0.0239698 0.0129080
v -0.0509648 -0.0230767 0.0129080
v -0.0517250 -0.0222803 0.0129080
v -0.0526152 -0.0216001 0.0129080
v -0.0536133 -0.0210528 0.0129080
v -0.0546948 -0.0206520 0.0129080
v -0.0558330 -0.0204075 0.0129080
v -0.0570000 -0.0203253 0.0129080
v -0.0581670 -0.0204075 0.0129080
v -0.0593052 -0.0206520 0.0129080
v -0.0603867 -0.0210528 0.0129080
v -0.0613848 -0.0216001 0.0129080
v -0.0622750 -0.0222803 0.0129080
v -0.0630352 -0.0230767 0.0129080
v -0.0636468 -0.0239698 0.0129080
v -0.0640948 -0.0249374 0.0129080
v -0.0643681 -0.0259559 0.0129080
v -0.0644599 -0.0270000 0.0129080
v -0.0643681 -0.0280441 0.0129080
v -0.0640948 -0.0290626 0.0129080
v -0.0636468 -0.0300302 0.0129080
v -0.0630352 -0.0309233 0.0129080
v -0.0622750 -0.0317197 0.0129080
v -0.0613848 -0.0323999 0.0129080
v -0.0603867 -0.0329472 0.0129080
v -0.0593052 -0.0333480 0.0129080
v -0.0581670 -0.0335925 0.0129080
v -0.0570000 -0.0336747 0.0129080
v -0.0558330 -0.0335925 0.0129080
v -0.0546948 -0.0333480 0.0129080
v -0.0536133 -0.0329472 0.0129080
v -0.0526152 -0.0323999 0.0129080
v -0.0517250 -0.0317197 0.0129080
v -0.0509648 -0.0309233 0.0129080
v -0.0503532 -0.0300302 0.0129080
v -0.0499052 -0.0290626 0.0129080
v -0.0496319 -0.0280441 0.0129080
v -0.0472707 -0.0270000 0.0143671
v -0.0473905 -0.0256382 0.0143671
v -0.0477469 -0.0243100 0.0143671
v -0.0483312 -0.0230480 0.0143671
v -0.0491289 -0.0218832 0.0143671
v -0.0501204 -0.0208445 0.0143671
v -0.0512813 -0.0199574 0.0143671
v -0.0525830 -0.0192437 0.0143671
v -0.0539935 -0.0187209 0.0143671
v -0.0554780 -0.0184020 0.0143671
v -0.0570000 -0.0182949 0.0143671
v -0.0585220 -0.0184020 0.0143671
v -0.0600065 -0.0187209 0.0143671
v -0.0614170 -0.0192437 0.0143671
v -0.0627187 -0.0199574 0.0143671
v -0.0638796 -0.0208445 0.0143671
v -0.0648711 -0.0218832 0.0143671
v -0.0656688 -0.0230480 0.0143671
v -0.0662531 -0.0243100 0.0143671
v -0.0666095 -0.0256382 0.0143671
v -0.0667293 -0.0270000 0.0143671
v -0.0666095 -0.0283618 0.0143671
v -0.0662531 -0.0296900 0.0143671
v -0.0656688 -0.0309520 0.0143671
v -0.0648711 -0.0321168 0.0143671
v -0.0638796 -0.0331555 0.0143671
v -0.0627187 -0.0340426 0.0143671
v -0.0614170 -0.0347563 0.0143671
v -0.0600065 -0.0352791 0.0143671
v -0.0585220 -0.0355980 0.0143671
v -0.0570000 -0.0357051 0.0143671
v -0.0554780 -0.0355980 0.0143671
v -0.0539935 -0.0352791 0.0143671
v -0.0525830 -0.0347563 0.0143671
v -0.0512813 -0.0340426 0.0143671
v -0.0501204 -0.0331555 0.0143671
v -0.0491289 -0.0321168 0.0143671
v -0.0483312 -0.0309520 0.0143671
v -0.0477469 -0.0296900 0.0143671
v -0.0473905 -0.0283618 0.0143671
v -0.0451795 -0.0270000 0.0162114
v -0.0453251 -0.0253455 0.0162114
v -0.0457581 -0.0237318 0.0162114
v -0.0464679 -0.0221985 0.0162114
v -0.0474371 -0.0207835 0.0162114
v -0.0486417 -0.0195215 0.0162114
v -0.0500521 -0.0184437 0.0162114
v -0.0516336 -0.0175765 0.0162114
v -0.0533473 -0.0169414 0.0162114
v -0.0551509 -0.0165540 0.0162114
v -0.0570000 -0.0164238 0.0162114
v -0.0588491 -0.0165540 0.0162114
v -0.0606527 -0.0169414 0.0162114
v -0.0623664 -0.0175765 0.0162114
v -0.0639479 -0.0184437 0.0162114
v -0.0653583 -0.0195215 0.0162114
v -0.0665629 -0.0207835 0.0162114
v -0.0675321 -0.0221985 0.0162114
v -0.0682419 -0.0237318 0.0162114
v -0.0686749 -0.0253455 0.0162114
v -0.0688205 -0.0270000 0.0162114
v -0.0686749 -0.0286545 0.0162114
v -0.0682419 -0.0302682 0.0162114
v -0.0675321 -0.0318015 0.0162114
v -0.0665629 -0.0332165 0.0162114
v -0.0653583 -0.0344785 0.0162114
v -0.0639479 -0.0355563 0.0162114
v -0.0623664 -0.0364235 0.0162114
v -0.0606527 -0.0370586 0.0162114
v -0.0588491 -0.0374460 0.0162114
v -0.0570000 -0.0375762 0.0162114
v -0.0551509 -0.0374460 0.0162114
v -0.0533473 -0.0370586 0.0162114
v -0.0516336 -0.0364235 0.0162114
v -0.0500521 -0.0355563 0.0162114
v -0.0486417 -0.0344785 0.0162114
v -0.0474371 -0.0332165 0.0162114
v -0.0464679 -0.0318015 0.0162114
v -0.0457581 -0.0302682 0.0162114
v -0.0453251 -0.0286545 0.0162114
v -0.0433013 -0.0270000 0.0184177
v -0.0434700 -0.0250826 0.0184177
v -0.0439718 -0.0232125 0.0184177
v -0.0447944 -0.0214356 0.0184177
v -0.0459175 -0.0197957 0.0184177
v -0.0473136 -0.0183332 0.0184177
v -0.0489481 -0.0170841 0.0184177
v -0.0507809 -0.0160792 0.0184177
v -0.0527669 -0.0153432 0.0184177
v -0.0548571 -0.0148942 0.0184177
v -0.0570000 -0.0147433 0.0184177
v -0.0591429 -0.0148942 0.0184177
v -0.0612331 -0.0153432 0.0184177
v -0.0632191 -0.0160792 0.0184177
v -0.0650519 -0.0170841 0.0184177
v -0.0666864 -0.0183332 0.0184177
v -0.0680825 -0.0197957 0.0184177
v -0.0692056 -0.0214356 0.0184177
v -0.0700282 -0.0232125 0.0184177
v -0.0705300 -0.0250826 0.0184177
v -0.0706987 -0.0270000 0.0184177
v -0.0705300 -0.0289174 0.0184177
v -0.0700282 -0.0307875 0.0184177
v -0.0692056 -0.0325644 0.0184177
v -0.0680825 -0.0342043 0.0184177
v -0.0666864 -0.0356668 0.0184177
v -0.0650519 -0.0369159 0.0184177
v -0.0632191 -0.0379208 0.0184177
v -0.0612331 -0.0386568 0.0184177
v -0.0591429 -0.0391058 0.0184177
v -0.0570000 -0.0392567 0.0184177
v -0.0548571 -0.0391058 0.0184177
v -0.0527669 -0.0386568 0.0184177
v -0.0507809 -0.0379208 0.0184177
v -0.0489481 -0.0369159 0.0184177
v -0.0473136 -0.0356668 0.0184177
v -0.0459175 -0.0342043 0.0184177
v -0.0447944 -0.0325644 0.0184177
v -0.0439718 -0.0307875 0.0184177
v -0.0434700 -0.0289174 0.0184177
v -0.0416650 -0.0270000 0.0209584
v -0.0418538 -0.0248536 0.0209584
v -0.0424155 -0.0227600 0.0209584
v -0.0433364 -0.0207709 0.0209584
v -0.0445937 -0.0189351 0.0209584
v -0.0461565 -0.0172979 0.0209584
v -0.0479863 -0.0158996 0.0209584
v -0.0500380 -0.0147747 0.0209584
v -0.0522612 -0.0139507 0.0209584
v -0.0546011 -0.0134481 0.0209584
v -0.0570000 -0.0132792 0.0209584
v -0.0593989 -0.0134481 0.0209584
v -0.0617388 -0.0139507 0.0209584
v -0.0639620 -0.0147747 0.0209584
v -0.0660137 -0.0158996 0.0209584
v -0.0678435 -0.0172979 0.0209584
v -0.0694063 -0.0189351 0.0209584
v -0.0706636 -0.0207709 0.0209584
v -0.0715845 -0.0227600 0.0209584
v -0.0721462 -0.0248536 0.0209584
v -0.0723350 -0.0270000 0.0209584
v -0.0721462 -0.0291464 0.0209584
v -0.0715845 -0.0312400 0.0209584
v -0.0706636 -0.0332291 0.0209584
v -0.0694063 -0.0350649 0.0209584
v -0.0678435 -0.0367021 0.0209584
v -0.0660137 -0.0381004 0.0209584
v -0.0639620 -0.0392253 0.0209584
v -0.0617388 -0.0400493 0.0209584
v -0.0593989 -0.0405519 0.0209584
v -0.0570000 -0.0407208 0.0209584
v -0.0546011 -0.0405519 0.0209584
v -0.0522612 -0.0400493 0.0209584
v -0.0500380 -0.0392253 0.0209584
v -0.0479863 -0.0381004 0.0209584
v -0.0461565 -0.0367021 0.0209584
v -0.0445937 -0.0350649 0.0209584
v -0.0433364 -0.0332291 0.0209584
v -0.0424155 -0.0312400 0.0209584
v -0.0418538 -0.0291464 0.0209584
v -0.0402928 -0.0270000 0.0238013
v -0.0404985 -0.0246615 0.0238013
v -0.0411105 -0.0223807 0.0238013
v -0.0421138 -0.0202135 0.0238013
v -0.0434836 -0.0182135 0.0238013
v -0.0451863 -0.0164298 0.0238013
v -0.0471798 -0.0149064 0.0238013
v -0.0494151 -0.0136808 0.0238013
v -0.0518372 -0.0127831 0.0238013
v -0.0543864 -0.0122355 0.0238013
v -0.0570000 -0.0120515 0.0238013
v -0.0596136 -0.0122355 0.0238013
v -0.0621628 -0.0127831 0.0238013
v -0.0645849 -0.0136808 0.0238013
v -0.0668202 -0.0149064 0.0238013
v -0.0688137 -0.0164298 0.0238013
v -0.0705164 -0.0182135 0.0238013
v -0.0718862 -0.0202135 0.0238013
v -0.0728895 -0.0223807 0.0238013
v -0.0735015 -0.0246615 0.0238013
v -0.0737072 -0.0270000 0.0238013
v -0.0735015 -0.0293385 0.0238013
v -0.0728895 -0.0316193 0.0238013
v -0.0718862 -0.0337865 0.0238013
v -0.0705164 -0.0357865 0.0238013
v -0.0688137 -0.0375702 0.0238013
v -0.0668202 -0.0390936 0.0238013
v -0.0645849 -0.0403192 0.0238013
v -0.0621628 -0.0412169 0.0238013
v -0.0596136 -0.0417645 0.0238013
v -0.0570000 -0.0419485 0.0238013
v -0.0543864 -0.0417645 0.0238013
v -0.0518372 -0.0412169 0.0238013
v -0.0494151 -0.0403192 0.0238013
v -0.0471798 -0.0390936 0.0238013
v -0.0451863 -0.0375702 0.0238013
v -0.0434836 -0.0357865 0.0238013
v -0.0421138 -0.0337865 0.0238013
v -0.0411105 -0.0316193 0.0238013
v -0.0404985 -0.0293385 0.0238013
v -0.0392004 -0.0270000 0.0269109
v -0.0394195 -0.0245086 0.0269109
v -0.0400716 -0.0220786 0.0269109
v -0.0411404 -0.0197698 0.0269109
v -0.0425998 -0.0176390 0.0269109
v -0.0444138 -0.0157386 0.0269109
v -0.0465377 -0.0141156 0.0269109
v -0.0489192 -0.0128099 0.0269109
v -0.0514996 -0.0118535 0.0269109
v -0.0542155 -0.0112701 0.0269109
v -0.0570000 -0.0110740 0.0269109
v -0.0597845 -0.0112701 0.0269109
v -0.0625004 -0.0118535 0.0269109
v -0.0650808 -0.0128099 0.0269109
v -0.0674623 -0.0141156 0.0269109
v -0.0695862 -0.0157386 0.0269109
v -0.0714002 -0.0176390 0.0269109
v -0.0728596 -0.0197698 0.0269109
v -0.0739284 -0.0220786 0.0269109
v -0.0745805 -0.0245086 0.0269109
v -0.0747996 -0.0270000 0.0269109
v -0.0745805 -0.0294914 0.0269109
v -0.0739284 -0.0319214 0.0269109
v -0.0728596 -0.0342302 0.0269109
v -0.0714002 -0.0363610 0.0269109
v -0.0695862 -0.0382614 0.0269109
v -0.0674623 -0.0398844 0.0269109
v -0.0650808 -0.0411901 0.0269109
v -0.0625004 -0.0421465 0.0269109
v -0.0597845 -0.0427299 0.0269109
v -0.0570000 -0.0429260 0.0269109
v -0.0542155 -0.0427299 0.0269109
v -0.0514996 -0.0421465 0.0269109
v -0.0489192 -0.0411901 0.0269109
v -0.0465377 -0.0398844 0.0269109
v -0.0444138 -0.0382614 0.0269109
v -0.0425998 -0.0363610 0.0269109
v -0.0411404 -0.0342302 0.0269109
v -0.0400716 -0.0319214 0.0269109
v -0.0394195 -0.0294914 0.0269109
v -0.0383961 -0.0270000 0.0302480
v -0.0386252 -0.0243961 0.0302480
v -0.0393067 -0.0218562 0.0302480
v -0.0404238 -0.0194431 0.0302480
v -0.0419491 -0.0172160 0.0302480
v -0.0438451 -0.0152298 0.0302480
v -0.0460649 -0.0135334 0.0302480
v -0.0485540 -0.0121687 0.0302480
v -0.0512511 -0.0111691 0.0302480
v -0.0540897 -0.0105594 0.0302480
v -0.0570000 -0.0103544 0.0302480
v -0.0599103 -0.0105594 0.0302480
v -0.0627489 -0.0111691 0.0302480
v -0.0654460 -0.0121687 0.0302480
v -0.0679351 -0.0135334 0.0302480
v -0.0701549 -0.0152298 0.0302480
v -0.0720509 -0.0172160 0.0302480
v -0.0735762 -0.0194431 0.0302480
v -0.0746933 -0.0218562 0.0302480
v -0.0753748 -0.0243961 0.0302480
v -0.0756039 -0.0270000 0.0302480
v -0.0753748 -0.0296039 0.0302480
v -0.0746933 -0.0321438 0.0302480
v -0.0735762 -0.0345569 0.0302480
v -0.0720509 -0.0367840 0.0302480
v -0.0701549 -0.0387702 0.0302480
v -0.0679351 -0.0404666 0.0302480
v -0.0654460 -0.0418313 0.0302480
v -0.0627489 -0.0428309 0.0302480
v -0.0599103 -0.0434406 0.0302480
v -0.0570000 -0.0436456 0.0302480
v -0.0540897 -0.0434406 0.0302480
v -0.0512511 -0.0428309 0.0302480
v -0.0485540 -0.0418313 0.0302480
v -0.0460649 -0.0404666 0.0302480
v -0.0438451 -0.0387702 0.0302480
v -0.0419491 -0.0367840 0.0302480
v -0.0404238 -0.0345569 0.0302480
v -0.0393067 -0.0321438 0.0302480
v -0.0386252 -0.0296039 0.0302480
v -0.0378816 -0.0270000 0.0337705
v -0.0381170 -0.0243240 0.0337705
v -0.0388173 -0.0217140 0.0337705
v -0.0399654 -0.0192341 0.0337705
v -0.0415329 -0.0169454 0.0337705
v -0.0434812 -0.0149043 0.0337705
v -0.0457625 -0.0131610 0.0337705
v -0.0483204 -0.0117585 0.0337705
v -0.0510921 -0.0107313 0.0337705
v -0.0540092 -0.0101047 0.0337705
v -0.0570000 -0.0098941 0.0337705
v -0.0599908 -0.0101047 0.0337705
v -0.0629079 -0.0107313 0.0337705
v -0.0656796 -0.0117585 0.0337705
v -0.0682375 -0.0131610 0.0337705
v -0.0705188 -0.0149043 0.0337705
v -0.0724671 -0.0169454 0.0337705
v -0.0740346 -0.0192341 0.0337705
v -0.0751827 -0.0217140 0.0337705
v -0.0758830 -0.0243240 0.0337705
v -0.0761184 -0.0270000 0.0337705
v -0.0758830 -0.0296760 0.0337705
v -0.0751827 -0.0322860 0.0337705
v -0.0740346 -0.0347659 0.0337705
v -0.0724671 -0.0370546 0.0337705
v -0.0705188 -0.0390957 0.0337705
v -0.0682375 -0.0408390 0.0337705
v -0.0656796 -0.0422415 0.0337705
v -0.0629079 -0.0432687 0.0337705
v -0.0599908 -0.0438953 0.0337705
v -0.0570000 -0.0441059 0.0337705
v -0.0540092 -0.0438953 0.0337705
v -0.0510921 -0.0432687 0.0337705
v -0.0483204 -0.0422415 0.0337705
v -0.0457625 -0.0408390 0.0337705
v -0.0434812 -0.0390957 0.0337705
v -0.0415329 -0.0370546 0.0337705
v -0.0399654 -0.0347659 0.0337705
v -0.0388173 -0.0322860 0.0337705
v -0.0381170 -0.0296760 0.0337705
v -0.0376520 -0.0270000 0.0374343
v -0.0378902 -0.0242919 0.0374343
v -0.0385989 -0.0216505 0.0374343
v -0.0397608 -0.0191408 0.0374343
v -0.0413471 -0.0168246 0.0374343
v -0.0433189 -0.0147590 0.0374343
v -0.0456275 -0.0129948 0.0374343
v -0.0482162 -0.0115755 0.0374343
v -0.0510211 -0.0105359 0.0374343
v -0.0539733 -0.0099018 0.0374343
v -0.0570000 -0.0096886 0.0374343
v -0.0600267 -0.0099018 0.0374343
v -0.0629789 -0.0105359 0.0374343
v -0.0657838 -0.0115755 0.0374343
v -0.0683725 -0.0129948 0.0374343
v -0.0706811 -0.0147590 0.0374343
v -0.0726529 -0.0168246 0.0374343
v -0.0742392 -0.0191408 0.0374343
v -0.0754011 -0.0216505 0.0374343
v -0.0761098 -0.0242919 0.0374343
v -0.0763480 -0.0270000 0.0374343
v -0.0761098 -0.0297081 0.0374343
v -0.0754011 -0.0323495 0.0374343
v -0.0742392 -0.0348592 0.0374343
v -0.0726529 -0.0371754 0.0374343
v -0.0706811 -0.0392410 0.0374343
v -0.0683725 -0.0410052 0.0374343
v -0.0657838 -0.0424245 0.0374343
v -0.0629789 -0.0434641 0.0374343
v -0.0600267 -0.0440982 0.0374343
v -0.0570000 -0.0443114 0.0374343
v -0.0539733 -0.0440982 0.0374343
v -0.0510211 -0.0434641 0.0374343
v -0.0482162 -0.0424245 0.0374343
v -0.0456275 -0.0410052 0.0374343
v -0.0433189 -0.0392410 0.0374343
v -0.0413471 -0.0371754 0.0374343
v -0.0397608 -0.0348592 0.0374343
v -0.0385989 -0.0323495 0.0374343
v -0.0378902 -0.0297081 0.0374343
v -0.0376967 -0.0270000 0.0411932
v -0.0379343 -0.0242982 0.0411932
v -0.0386415 -0.0216628 0.0411932
v -0.0398006 -0.0191590 0.0411932
v -0.0413833 -0.0168481 0.0411932
v -0.0433505 -0.0147873 0.0411932
v -0.0456538 -0.0130271 0.0411932
v -0.0482365 -0.0116111 0.0411932
v -0.0510349 -0.0105739 0.0411932
v -0.0539803 -0.0099412 0.0411932
v -0.0570000 -0.0097286 0.0411932
v -0.0600197 -0.0099412 0.0411932
v -0.0629651 -0.0105739 0.0411932
v -0.0657635 -0.0116111 0.0411932
v -0.0683462 -0.0130271 0.0411932
v -0.0706495 -0.0147873 0.0411932
v -0.0726167 -0.0168481 0.0411932
v -0.0741994 -0.0191590 0.0411932
v -0.0753585 -0.0216628 0.0411932
v -0.0760657 -0.0242982 0.0411932
v -0.0763033 -0.0270000 0.0411932
v -0.0760657 -0.0297018 0.0411932
v -0.0753585 -0.0323372 0.0411932
v -0.0741994 -0.0348410 0.0411932
v -0.0726167 -0.0371519 0.0411932
v -0.0706495 -0.0392127 0.0411932
v -0.0683462 -0.0409729 0.0411932
v -0.0657635 -0.0423889 0.0411932
v -0.0629651 -0.0434261 0.0411932
v -0.0600197 -0.0440588 0.0411932
v -0.0570000 -0.0442714 0.0411932
v -0.0539803 -0.0440588 0.0411932
v -0.0510349 -0.0434261 0.0411932
v -0.0482365 -0.0423889 0.0411932
v -0.0456538 -0.0409729 0.0411932
v -0.0433505 -0.0392127 0.0411932
v -0.0413833 -0.0371519 0.0411932
v -0.0398006 -0.0348410 0.0411932
v -0.0386415 -0.0323372 0.0411932
v -0.0379343 -0.0297018 0.0411932
v -0.0380000 -0.0270000 0.0450000
v -0.0382339 -0.0243406 0.0450000
v -0.0389299 -0.0217467 0.0450000
v -0.0400709 -0.0192822 0.0450000
v -0.0416287 -0.0170077 0.0450000
v -0.0435650 -0.0149792 0.0450000
v -0.0458321 -0.0132467 0.0450000
v -0.0483742 -0.0118529 0.0450000
v -0.0511287 -0.0108320 0.0450000
v -0.0540277 -0.0102093 0.0450000
v -0.0570000 -0.0100000 0.0450000
v -0.0599723 -0.0102093 0.0450000
v -0.0628713 -0.0108320 0.0450000
v -0.0656258 -0.0118529 0.0450000
v -0.0681679 -0.0132467 0.0450000
v -0.0704350 -0.0149792 0.0450000
v -0.0723713 -0.0170077 0.0450000
v -0.0739291 -0.0192822 0.0450000
v -0.0750701 -0.0217467 0.0450000
v -0.0757661 -0.0243406 0.0450000
v -0.0760000 -0.0270000 0.0450000
v -0.0757661 -0.0296594 0.0450000
v -0.0750701 -0.0322533 0.0450000
v -0.0739291 -0.0347178 0.0450000
v -0.0723713 -0.0369923 0.0450000
v -0.0704350 -0.0390208 0.0450000
v -0.0681679 -0.0407533 0.0450000
v -0.0656258 -0.0421471 0.0450000
v -0.0628713 -0.0431680 0.0450000
v -0.0599723 -0.0437907 0.0450000
v -0.0570000 -0.0440000 0.0450000
v -0.0540277 -0.0437907 0.0450000
v -0.0511287 -0.0431680 0.0450000
v -0.0483742 -0.0421471 0.0450000
v -0.0458321 -0.0407533 0.0450000
v -0.0435650 -0.0390208 0.0450000
v -0.0416287 -0.0369923 0.0450000
v -0.0400709 -0.0347178 0.0450000
v -0.0389299 -0.0322533 0.0450000
v -0.0382339 -0.0296594 0.0450000
v -0.0385423 -0.0270000 0.0488068
v -0.0387695 -0.0244165 0.0488068
v -0.0394456 -0.0218966 0.0488068
v -0.0405540 -0.0195024 0.0488068
v -0.0420674 -0.0172928 0.0488068
v -0.0439484 -0.0153223 0.0488068
v -0.0461508 -0.0136392 0.0488068
v -0.0486204 -0.0122852 0.0488068
v -0.0512962 -0.0112935 0.0488068
v -0.0541126 -0.0106885 0.0488068
v -0.0570000 -0.0104852 0.0488068
v -0.0598874 -0.0106885 0.0488068
v -0.0627038 -0.0112935 0.0488068
v -0.0653796 -0.0122852 0.0488068
v -0.0678492 -0.0136392 0.0488068
v -0.0700516 -0.0153223 0.0488068
v -0.0719326 -0.0172928 0.0488068
v -0.0734460 -0.0195024 0.0488068
v -0.0745544 -0.0218966 0.0488068
v -0.0752305 -0.0244165 0.0488068
v -0.0754577 -0.0270000 0.0488068
v -0.0752305 -0.0295835 0.0488068
v -0.0745544 -0.0321034 0.0488068
v -0.0734460 -0.0344976 0.0488068
v -0.0719326 -0.0367072 0.0488068
v -0.0700516 -0.0386777 0.0488068
v -0.0678492 -0.0403608 0.0488068
v -0.0653796 -0.0417148 0.0488068
v -0.0627038 -0.0427065 0.0488068
v -0.0598874 -0.0433115 0.0488068
v -0.0570000 -0.0435148 0.0488068
v -0.0541126 -0.0433115 0.0488068
v -0.0512962 -0.0427065 0.0488068
v -0.0486204 -0.0417148 0.0488068
v -0.0461508 -0.0403608 0.0488068
v -0.0439484 -0.0386777 0.0488068
v -0.0420674 -0.0367072 0.0488068
v -0.0405540 -0.0344976 0.0488068
v -0.0394456 -0.0321034 0.0488068
v -0.0387695 -0.0295835 0.0488068
v -0.0393007 -0.0270000 0.0525657
v -0.0395187 -0.0245227 0.0525657
v -0.0401670 -0.0221064 0.0525657
v -0.0412299 -0.0198105 0.0525657
v -0.0426810 -0.0176917 0.0525657
v -0.0444847 -0.0158021 0.0525657
v -0.0465966 -0.0141883 0.0525657
v -0.0489647 -0.0128899 0.0525657
v -0.0515306 -0.0119389 0.0525657
v -0.0542312 -0.0113588 0.0525657
v -0.0570000 -0.0111638 0.0525657
v -0.0597688 -0.0113588 0.0525657
v -0.0624694 -0.0119389 0.0525657
v -0.0650353 -0.0128899 0.0525657
v -0.0674034 -0.0141883 0.0525657
v -0.0695153 -0.0158021 0.0525657
v -0.0713190 -0.0176917 0.0525657
v -0.0727701 -0.0198105 0.0525657
v -0.0738330 -0.0221064 0.0525657
v -0.0744813 -0.0245227 0.0525657
v -0.0746993 -0.0270000 0.0525657
v -0.0744813 -0.0294773 0.0525657
v -0.0738330 -0.0318936 0.0525657
v -0.0727701 -0.0341895 0.0525657
v -0.0713190 -0.0363083 0.0525657
v -0.0695153 -0.0381979 0.0525657
v -0.0674034 -0.0398117 0.0525657
v -0.0650353 -0.0411101 0.0525657
v -0.0624694 -0.0420611 0.0525657
v -0.0597688 -0.0426412 0.0525657
v -0.0570000 -0.0428362 0.0525657
v -0.0542312 -0.0426412 0.0525657
v -0.0515306 -0.0420611 0.0525657
v -0.0489647 -0.0411101 0.0525657
v -0.0465966 -0.0398117 0.0525657
v -0.0444847 -0.0381979 0.0525657
v -0.0426810 -0.0363083 0.0525657
v -0.0412299 -0.0341895 0.0525657
v -0.0401670 -0.0318936 0.0525657
v -0.0395187 -0.0294773 0.0525657
v -0.0402508 -0.0270000 0.0562295
v -0.0404571 -0.0246557 0.0562295
v -0.0410706 -0.0223690 0.0562295
v -0.0420764 -0.0201965 0.0562295
v -0.0434497 -0.0181914 0.0562295
v -0.0451566 -0.0164032 0.0562295
v -0.0471551 -0.0148760 0.0562295
v -0.0493960 -0.0136473 0.0562295
v -0.0518242 -0.0127474 0.0562295
v -0.0543799 -0.0121984 0.0562295
v -0.0570000 -0.0120139 0.0562295
v -0.0596201 -0.0121984 0.0562295
v -0.0621758 -0.0127474 0.0562295
v -0.0646040 -0.0136473 0.0562295
v -0.0668449 -0.0148760 0.0562295
v -0.0688434 -0.0164032 0.0562295
v -0.0705503 -0.0181914 0.0562295
v -0.0719236 -0.0201965 0.0562295
v -0.0729294 -0.0223690 0.0562295
v -0.0735429 -0.0246557 0.0562295
v -0.0737492 -0.0270000 0.0562295
v -0.0735429 -0.0293443 0.0562295
v -0.0729294 -0.0316310 0.0562295
v -0.0719236 -0.0338035 0.0562295
v -0.0705503 -0.0358086 0.0562295
v -0.0688434 -0.0375968 0.0562295
v -0.0668449 -0.0391240 0.0562295
v -0.0646040 -0.0403527 0.0562295
v -0.0621758 -0.0412526 0.0562295
v -0.0596201 -0.0418016 0.0562295
v -0.0570000 -0.0419861 0.0562295
v -0.0543799 -0.0418016 0.0562295
v -0.0518242 -0.0412526 0.0562295
v -0.0493960 -0.0403527 0.0562295
v -0.0471551 -0.0391240 0.0562295
v -0.0451566 -0.0375968 0.0562295
v -0.0434497 -0.0358086 0.0562295
v -0.0420764 -0.0338035 0.0562295
v -0.0410706 -0.0316310 0.0562295
v -0.0404571 -0.0293443 0.0562295
v -0.0413671 -0.0270000 0.0597520
v -0.0415595 -0.0248119 0.0597520
v -0.0421322 -0.0226777 0.0597520
v -0.0430710 -0.0206499 0.0597520
v -0.0443527 -0.0187784 0.0597520
v -0.0459459 -0.0171094 0.0597520
v -0.0478112 -0.0156840 0.0597520
v -0.0499028 -0.0145372 0.0597520
v -0.0521692 -0.0136972 0.0597520
v -0.0545545 -0.0131849 0.0597520
v -0.0570000 -0.0130126 0.0597520
v -0.0594455 -0.0131849 0.0597520
v -0.0618308 -0.0136972 0.0597520
v -0.0640972 -0.0145372 0.0597520
v -0.0661888 -0.0156840 0.0597520
v -0.0680541 -0.0171094 0.0597520
v -0.0696473 -0.0187784 0.0597520
v -0.0709290 -0.0206499 0.0597520
v -0.0718678 -0.0226777 0.0597520
v -0.0724405 -0.0248119 0.0597520
v -0.0726329 -0.0270000 0.0597520
v -0.0724405 -0.0291881 0.0597520
v -0.0718678 -0.0313223 0.0597520
v -0.0709290 -0.0333501 0.0597520
v -0.0696473 -0.0352216 0.0597520
v -0.0680541 -0.0368906 0.0597520
v -0.0661888 -0.0383160 0.0597520
v -0.0640972 -0.0394628 0.0597520
v -0.0618308 -0.0403028 0.0597520
v -0.0594455 -0.0408151 0.0597520
v -0.0570000 -0.0409874 0.0597520
v -0.0545545 -0.0408151 0.0597520
v -0.0521692 -0.0403028 0.0597520
v -0.0499028 -0.0394628 0.0597520
v -0.0478112 -0.0383160 0.0597520
v -0.0459459 -0.0368906 0.0597520
v -0.0443527 -0.0352216 0.0597520
v -0.0430710 -0.0333501 0.0597520
v -0.0421322 -0.0313223 0.0597520
v -0.0415595 -0.0291881 0.0597520
v -0.0426241 -0.0270000 0.0630891
v -0.0428011 -0.0249878 0.0630891
v -0.0433277 -0.0230252 0.0630891
v -0.0441910 -0.0211605 0.0630891
v -0.0453696 -0.0194395 0.0630891
v -0.0468347 -0.0179047 0.0630891
v -0.0485500 -0.0165939 0.0630891
v -0.0504735 -0.0155393 0.0630891
v -0.0525576 -0.0147669 0.0630891
v -0.0547511 -0.0142957 0.0630891
v -0.0570000 -0.0141373 0.0630891
v -0.0592489 -0.0142957 0.0630891
v -0.0614424 -0.0147669 0.0630891
v -0.0635265 -0.0155393 0.0630891
v -0.0654500 -0.0165939 0.0630891
v -0.0671653 -0.0179047 0.0630891
v -0.0686304 -0.0194395 0.0630891
v -0.0698090 -0.0211605 0.0630891
v -0.0706723 -0.0230252 0.0630891
v -0.0711989 -0.0249878 0.0630891
v -0.0713759 -0.0270000 0.0630891
v -0.0711989 -0.0290122 0.0630891
v -0.0706723 -0.0309748 0.0630891
v -0.0698090 -0.0328395 0.0630891
v -0.0686304 -0.0345605 0.0630891
v -0.0671653 -0.0360953 0.0630891
v -0.0654500 -0.0374061 0.0630891
v -0.0635265 -0.0384607 0.0630891
v -0.0614424 -0.0392331 0.0630891
v -0.0592489 -0.0397043 0.0630891
v -0.0570000 -0.0398627 0.0630891
v -0.0547511 -0.0397043 0.0630891
v -0.0525576 -0.0392331 0.0630891
v -0.0504735 -0.0384607 0.0630891
v -0.0485500 -0.0374061 0.0630891
v -0.0468347 -0.0360953 0.0630891
v -0.0453696 -0.0345605 0.0630891
v -0.0441910 -0.0328395 0.0630891
v -0.0433277 -0.0309748 0.0630891
v -0.0428011 -0.0290122 0.0630891
v -0.0439976 -0.0270000 0.0661987
v -0.0441576 -0.0251801 0.0661987
v -0.0446339 -0.0234050 0.0661987
v -0.0454147 -0.0217184 0.0661987
v -0.0464808 -0.0201618 0.0661987
v -0.0478059 -0.0187737 0.0661987
v -0.0493574 -0.0175881 0.0661987
v -0.0510970 -0.0166342 0.0661987
v -0.0529820 -0.0159356 0.0661987
v -0.0549660 -0.0155095 0.0661987
v -0.0570000 -0.0153662 0.0661987
v -0.0590340 -0.0155095 0.0661987
v -0.0610180 -0.0159356 0.0661987
v -0.0629030 -0.0166342 0.0661987
v -0.0646426 -0.0175881 0.0661987
v -0.0661941 -0.0187737 0.0661987
v -0.0675192 -0.0201618 0.0661987
v -0.0685853 -0.0217184 0.0661987
v -0.0693661 -0.0234050 0.0661987
v -0.0698424 -0.0251801 0.0661987
v -0.0700024 -0.0270000 0.0661987
v -0.0698424 -0.0288199 0.0661987
v -0.0693661 -0.0305950 0.0661987
v -0.0685853 -0.0322816 0.0661987
v -0.0675192 -0.0338382 0.0661987
v -0.0661941 -0.0352263 0.0661987
v -0.0646426 -0.0364119 0.0661987
v -0.0629030 -0.0373658 0.0661987
v -0.0610180 -0.0380644 0.0661987
v -0.0590340 -0.0384905 0.0661987
v -0.0570000 -0.0386338 0.0661987
v -0.0549660 -0.0384905 0.0661987
v -0.0529820 -0.0380644 0.0661987
v -0.0510970 -0.0373658 0.0661987
v -0.0493574 -0.0364119 0.0661987
v -0.0478059 -0.0352263 0.0661987
v -0.0464808 -0.0338382 0.0661987
v -0.0454147 -0.0322816 0.0661987
v -0.0446339 -0.0305950 0.0661987
v -0.0441576 -0.0288199 0.0661987
v -0.0454650 -0.0270000 0.0690416
v -0.0456070 -0.0253855 0.0690416
v -0.0460295 -0.0238107 0.0690416
v -0.0467222 -0.0223144 0.0690416
v -0.0476680 -0.0209336 0.0690416
v -0.0488435 -0.0197021 0.0690416
v -0.0502199 -0.0186503 0.0690416
v -0.0517632 -0.0178041 0.0690416
v -0.0534355 -0.0171843 0.0690416
v -0.0551955 -0.0168063 0.0690416
v -0.0570000 -0.0166792 0.0690416
v -0.0588045 -0.0168063 0.0690416
v -0.0605645 -0.0171843 0.0690416
v -0.0622368 -0.0178041 0.0690416
v -0.0637801 -0.0186503 0.0690416
v -0.0651565 -0.0197021 0.0690416
v -0.0663320 -0.0209336 0.0690416
v -0.0672778 -0.0223144 0.0690416
v -0.0679705 -0.0238107 0.0690416
v -0.0683930 -0.0253855 0.0690416
v -0.0685350 -0.0270000 0.0690416
v -0.0683930 -0.0286145 0.0690416
v -0.0679705 -0.0301893 0.0690416
v -0.0672778 -0.0316856 0.0690416
v -0.0663320 -0.0330664 0.0690416
v -0.0651565 -0.0342979 0.0690416
v -0.0637801 -0.0353497 0.0690416
v -0.0622368 -0.0361959 0.0690416
v -0.0605645 -0.0368157 0.0690416
v -0.0588045 -0.0371937 0.0690416
v -0.0570000 -0.0373208 0.0690416
v -0.0551955 -0.0371937 0.0690416
v -0.0534355 -0.0368157 0.0690416
v -0.0517632 -0.0361959 0.0690416
v -0.0502199 -0.0353497 0.0690416
v -0.0488435 -0.0342979 0.0690416
v -0.0476680 -0.0330664 0.0690416
v -0.0467222 -0.0316856 0.0690416
v -0.0460295 -0.0301893 0.0690416
v -0.0456070 -0.0286145 0.0690416
v -0.0470061 -0.0270000 0.0715823
v -0.0471291 -0.0256012 0.0715823
v -0.0474952 -0.0242368 0.0715823
v -0.0480953 -0.0229404 0.0715823
v -0.0489147 -0.0217441 0.0715823
v -0.0499332 -0.0206771 0.0715823
v -0.0511257 -0.0197658 0.0715823
v -0.0524628 -0.0190327 0.0715823
v -0.0539117 -0.0184957 0.0715823
v -0.0554366 -0.0181681 0.0715823
v -0.0570000 -0.0180581 0.0715823
v -0.0585634 -0.0181681 0.0715823
v -0.0600883 -0.0184957 0.0715823
v -0.0615372 -0.0190327 0.0715823
v -0.0628743 -0.0197658 0.0715823
v -0.0640668 -0.0206771 0.0715823
v -0.0650853 -0.0217441 0.0715823
v -0.0659047 -0.0229404 0.0715823
v -0.0665048 -0.0242368 0.0715823
v -0.0668709 -0.0256012 0.0715823
v -0.0669939 -0.0270000 0.0715823
v -0.0668709 -0.0283988 0.0715823
v -0.0665048 -0.0297632 0.0715823
v -0.0659047 -0.0310596 0.0715823
v -0.0650853 -0.0322559 0.0715823
v -0.0640668 -0.0333229 0.0715823
v -0.0628743 -0.0342342 0.0715823
v -0.0615372 -0.0349673 0.0715823
v -0.0600883 -0.0355043 0.0715823
v -0.0585634 -0.0358319 0.0715823
v -0.0570000 -0.0359419 0.0715823
v -0.0554366 -0.0358319 0.0715823
v -0.0539117 -0.0355043 0.0715823
v -0.0524628 -0.0349673 0.0715823
v -0.0511257 -0.0342342 0.0715823
v -0.0499332 -0.0333229 0.0715823
v -0.0489147 -0.0322559 0.0715823
v -0.0480953 -0.0310596 0.0715823
v -0.0474952 -0.0297632 0.0715823
v -0.0471291 -0.0283988 0.0715823
v -0.0486032 -0.0270000 0.0737886
v -0.0487066 -0.0258247 0.0737886
v -0.0490142 -0.0246784 0.0737886
v -0.0495184 -0.0235892 0.0737886
v -0.0502069 -0.0225840 0.0737886
v -0.0510626 -0.0216876 0.0737886
v -0.0520645 -0.0209219 0.0737886
v -0.0531879 -0.0203060 0.0737886
v -0.0544053 -0.0198548 0.0737886
v -0.0556865 -0.0195796 0.0737886
v -0.0570000 -0.0194871 0.0737886
v -0.0583135 -0.0195796 0.0737886
v -0.0595947 -0.0198548 0.0737886
v -0.0608121 -0.0203060 0.0737886
v -0.0619355 -0.0209219 0.0737886
v -0.0629374 -0.0216876 0.0737886
v -0.0637931 -0.0225840 0.0737886
v -0.0644816 -0.0235892 0.0737886
v -0.0649858 -0.0246784 0.0737886
v -0.0652934 -0.0258247 0.0737886
v -0.0653968 -0.0270000 0.0737886
v -0.0652934 -0.0281753 0.0737886
v -0.0649858 -0.0293216 0.0737886
v -0.0644816 -0.0304108 0.0737886
v -0.0637931 -0.0314160 0.0737886
v -0.0629374 -0.0323124 0.0737886
v -0.0619355 -0.0330781 0.0737886
v -0.0608121 -0.0336940 0.0737886
v -0.0595947 -0.0341452 0.0737886
v -0.0583135 -0.0344204 0.0737886
v -0.0570000 -0.0345129 0.0737886
v -0.0556865 -0.0344204 0.0737886
v -0.0544053 -0.0341452 0.0737886
v -0.0531879 -0.0336940 0.0737886
v -0.0520645 -0.0330781 0.0737886
v -0.0510626 -0.0323124 0.0737886
v -0.0502069 -0.0314160 0.0737886
v -0.0495184 -0.0304108 0.0737886
v -0.0490142 -0.0293216 0.0737886
v -0.0487066 -0.0281753 0.0737886
v -0.0502417 -0.0270000 0.0756329
v -0.0503249 -0.0260541 0.0756329
v -0.0505725 -0.0251314 0.0756329
v -0.0509783 -0.0242548 0.0756329
v -0.0515324 -0.0234457 0.0756329
v -0.0522212 -0.0227242 0.0756329
v -0.0530276 -0.0221079 0.0756329
v -0.0539318 -0.0216122 0.0756329
v -0.0549116 -0.0212490 0.0756329
v -0.0559428 -0.0210275 0.0756329
v -0.0570000 -0.0209531 0.0756329
v -0.0580572 -0.0210275 0.0756329
v -0.0590884 -0.0212490 0.0756329
v -0.0600682 -0.0216122 0.0756329
v -0.0609724 -0.0221079 0.0756329
v -0.0617788 -0.0227242 0.0756329
v -0.0624676 -0.0234457 0.0756329
v -0.0630217 -0.0242548 0.0756329
v -0.0634275 -0.0251314 0.0756329
v -0.0636751 -0.0260541 0.0756329
v -0.0637583 -0.0270000 0.0756329
v -0.0636751 -0.0279459 0.0756329
v -0.0634275 -0.0288686 0.0756329
v -0.0630217 -0.0297452 0.0756329
v -0.0624676 -0.0305543 0.0756329
v -0.0617788 -0.0312758 0.0756329
v -0.0609724 -0.0318921 0.0756329
v -0.0600682 -0.0323878 0.0756329
v -0.0590884 -0.0327510 0.0756329
v -0.0580572 -0.0329725 0.0756329
v -0.0570000 -0.0330469 0.0756329
v -0.0559428 -0.0329725 0.0756329
v -0.0549116 -0.0327510 0.0756329
v -0.0539318 -0.0323878 0.0756329
v -0.0530276 -0.0318921 0.0756329
v -0.0522212 -0.0312758 0.0756329
v -0.0515324 -0.0305543 0.0756329
v -0.0509783 -0.0297452 0.0756329
v -0.0505725 -0.0288686 0.0756329
v -0.0503249 -0.0279459 0.0756329
v -0.0519093 -0.0270000 0.0770920
v -0.0519720 -0.0262875 0.0770920
v -0.0521585 -0.0255925 0.0770920
v -0.0524642 -0.0249322 0.0770920
v -0.0528816 -0.0243227 0.0770920
v -0.0534004 -0.0237793 0.0770920
v -0.0540078 -0.0233151 0.0770920
v -0.0546889 -0.0229416 0.0770920
v -0.0554269 -0.0226681 0.0770920
v -0.0562036 -0.0225013 0.0770920
v -0.0570000 -0.0224452 0.0770920
v -0.0577964 -0.0225013 0.0770920
v -0.0585731 -0.0226681 0.0770920
v -0.0593111 -0.0229416 0.0770920
v -0.0599922 -0.0233151 0.0770920
v -0.0605996 -0.0237793 0.0770920
v -0.0611184 -0.0243227 0.0770920
v -0.0615358 -0.0249322 0.0770920
v -0.0618415 -0.0255925 0.0770920
v -0.0620280 -0.0262875 0.0770920
v -0.0620907 -0.0270000 0.0770920
v -0.0620280 -0.0277125 0.0770920
v -0.0618415 -0.0284075 0.0770920
v -0.0615358 -0.0290678 0.0770920
v -0.0611184 -0.0296773 0.0770920
v -0.0605996 -0.0302207 0.0770920
v -0.0599922 -0.0306849 0.0770920
v -0.0593111 -0.0310584 0.0770920
v -0.0585731 -0.0313319 0.0770920
v -0.0577964 -0.0314987 0.0770920
v -0.0570000 -0.0315548 0.0770920
v -0.0562036 -0.0314987 0.0770920
v -0.0554269 -0.0313319 0.0770920
v -0.0546889 -0.0310584 0.0770920
v -0.0540078 -0.0306849 0.0770920
v -0.0534004 -0.0302207 0.0770920
v -0.0528816 -0.0296773 0.0770920
v -0.0524642 -0.0290678 0.0770920
v -0.0521585 -0.0284075 0.0770920
v -0.0519720 -0.0277125 0.0770920
v -0.0535965 -0.0270000 0.0781475
v -0.0536384 -0.0265236 0.0781475
v -0.0537631 -0.0260590 0.0781475
v -0.0539674 -0.0256175 0.0781475
v -0.0542465 -0.0252100 0.0781475
v -0.0545933 -0.0248467 0.0781475
v -0.0549995 -0.0245363 0.0781475
v -0.0554548 -0.0242867 0.0781475
v -0.0559483 -0.0241038 0.0781475
v -0.0564676 -0.0239922 0.0781475
v -0.0570000 -0.0239547 0.0781475
v -0.0575324 -0.0239922 0.0781475
v -0.0580517 -0.0241038 0.0781475
v -0.0585452 -0.0242867 0.0781475
v -0.0590005 -0.0245363 0.0781475
v -0.0594067 -0.0248467 0.0781475
v -0.0597535 -0.0252100 0.0781475
v -0.0600326 -0.0256175 0.0781475
v -0.0602369 -0.0260590 0.0781475
v -0.0603616 -0.0265236 0.0781475
v -0.0604035 -0.0270000 0.0781475
v -0.0603616 -0.0274764 0.0781475
v -0.0602369 -0.0279410 0.0781475
v -0.0600326 -0.0283825 0.0781475
v -0.0597535 -0.0287900 0.0781475
v -0.0594067 -0.0291533 0.0781475
v -0.0590005 -0.0294637 0.0781475
v -0.0585452 -0.0297133 0.0781475
v -0.0580517 -0.0298962 0.0781475
v -0.0575324 -0.0300078 0.0781475
v -0.0570000 -0.0300453 0.0781475
v -0.0564676 -0.0300078 0.0781475
v -0.0559483 -0.0298962 0.0781475
v -0.0554548 -0.0297133 0.0781475
v -0.0549995 -0.0294637 0.0781475
v -0.0545933 -0.0291533 0.0781475
v -0.0542465 -0.0287900 0.0781475
v -0.0539674 -0.0283825 0.0781475
v -0.0537631 -0.0279410 0.0781475
v -0.0536384 -0.0274764 0.0781475
v -0.0552955 -0.0270000 0.0787862
v -0.0553165 -0.0267614 0.0787862
v -0.0553789 -0.0265287 0.0787862
v -0.0554812 -0.0263076 0.0787862
v -0.0556210 -0.0261036 0.0787862
v -0.0557947 -0.0259216 0.0787862
v -0.0559981 -0.0257662 0.0787862
v -0.0562262 -0.0256411 0.0787862
v -0.0564733 -0.0255495 0.0787862
v -0.0567334 -0.0254937 0.0787862
v -0.0570000 -0.0254749 0.0787862
v -0.0572666 -0.0254937 0.0787862
v -0.0575267 -0.0255495 0.0787862
v -0.0577738 -0.0256411 0.0787862
v -0.0580019 -0.0257662 0.0787862
v -0.0582053 -0.0259216 0.0787862
v -0.0583790 -0.0261036 0.0787862
v -0.0585188 -0.0263076 0.0787862
v -0.0586211 -0.0265287 0.0787862
v -0.0586835 -0.0267614 0.0787862
v -0.0587045 -0.0270000 0.0787862
v -0.0586835 -0.0272386 0.0787862
v -0.0586211 -0.0274713 0.0787862
v -0.0585188 -0.0276924 0.0787862
v -0.0583790 -0.0278964 0.0787862
v -0.0582053 -0.0280784 0.0787862
v -0.0580019 -0.0282338 0.0787862
v -0.0577738 -0.0283589 0.0787862
v -0.0575267 -0.0284505 0.0787862
v -0.0572666 -0.0285063 0.0787862
v -0.0570000 -0.0285251 0.0787862
v -0.0567334 -0.0285063 0.0787862
v -0.0564733 -0.0284505 0.0787862
v -0.0562262 -0.0283589 0.0787862
v -0.0559981 -0.0282338 0.0787862
v -0.0557947 -0.0280784 0.0787862
v -0.0556210 -0.0278964 0.0787862
v -0.0554812 -0.0276924 0.0787862
v -0.0553789 -0.0274713 0.0787862
v -0.0553165 -0.0272386 0.0787862
v -0.0570000 -0.0270000 0.0790000
v 0.0000000 -0.0270000 0.0110000
v 0.0025501 -0.0270000 0.0112138
v 0.0025187 -0.0266431 0.0112138
v 0.0024253 -0.0262949 0.0112138
v 0.0022722 -0.0259641 0.0112138
v 0.0020631 -0.0256589 0.0112138
v 0.0018032 -0.0253866 0.0112138
v 0.0014989 -0.0251541 0.0112138
v 0.0011577 -0.0249670 0.0112138
v 0.0007880 -0.0248300 0.0112138
v 0.0003989 -0.0247464 0.0112138
v 0.0000000 -0.0247183 0.0112138
v -0.0003989 -0.0247464 0.0112138
v -0.0007880 -0.0248300 0.0112138
v -0.0011577 -0.0249670 0.0112138
v -0.0014989 -0.0251541 0.0112138
v -0.0018032 -0.0253866 0.0112138
v -0.0020631 -0.0256589 0.0112138
v -0.0022722 -0.0259641 0.0112138
v -0.0024253 -0.0262949 0.0112138
v -0.0025187 -0.0266431 0.0112138
v -0.0025501 -0.0270000 0.0112138
v -0.0025187 -0.0273569 0.0112138
v -0.0024253 -0.0277051 0.0112138
v -0.0022722 -0.0280359 0.0112138
v -0.0020631 -0.0283411 0.0112138
v -0.0018032 -0.0286134 0.0112138
v -0.0014989 -0.0288459 0.0112138
v -0.0011577 -0.0290330 0.0112138
v -0.0007880 -0.0291700 0.0112138
v -0.0003989 -0.0292536 0.0112138
v -0.0000000 -0.0292817 0.0112138
v 0.0003989 -0.0292536 0.0112138
v 0.0007880 -0.0291700 0.0112138
v 0.0011577 -0.0290330 0.0112138
v 0.0014989 -0.0288459 0.0112138
v 0.0018032 -0.0286134 0.0112138
v 0.0020631 -0.0283411 0.0112138
v 0.0022722 -0.0280359 0.0112138
v 0.0024253 -0.0277051 0.0112138
v 0.0025187 -0.0273569 0.0112138
v 0.0050523 -0.0270000 0.0118525
v 0.0049901 -0.0262928 0.0118525
v 0.0048050 -0.0256031 0.0118525
v 0.0045016 -0.0249478 0.0118525
v 0.0040874 -0.0243429 0.0118525
v 0.0035725 -0.0238036 0.0118525
v 0.0029697 -0.0233429 0.0118525
v 0.0022937 -0.0229722 0.0118525
v 0.0015612 -0.0227008 0.0118525
v 0.0007904 -0.0225352 0.0118525
v 0.0000000 -0.0224795 0.0118525
v -0.0007904 -0.0225352 0.0118525
v -0.0015612 -0.0227008 0.0118525
v -0.0022937 -0.0229722 0.0118525
v -0.0029697 -0.0233429 0.0118525
v -0.0035725 -0.0238036 0.0118525
v -0.0040874 -0.0243429 0.0118525
v -0.0045016 -0.0249478 0.0118525
v -0.0048050 -0.0256031 0.0118525
v -0.0049901 -0.0262928 0.0118525
v -0.0050523 -0.0270000 0.0118525
v -0.0049901 -0.0277072 0.0118525
v -0.0048050 -0.0283969 0.0118525
v -0.0045016 -0.0290522 0.0118525
v -0.0040874 -0.0296571 0.0118525
v -0.0035725 -0.0301964 0.0118525
v -0.0029697 -0.0306571 0.0118525
v -0.0022937 -0.0310278 0.0118525
v -0.0015612 -0.0312992 0.0118525
v -0.0007904 -0.0314648 0.0118525
v -0.0000000 -0.0315205 0.0118525
v 0.0007904 -0.0314648 0.0118525
v 0.0015612 -0.0312992 0.0118525
v 0.0022937 -0.0310278 0.0118525
v 0.0029697 -0.0306571 0.0118525
v 0.0035725 -0.0301964 0.0118525
v 0.0040874 -0.0296571 0.0118525
v 0.0045016 -0.0290522 0.0118525
v 0.0048050 -0.0283969 0.0118525
v 0.0049901 -0.0277072 0.0118525
v 0.0074599 -0.0270000 0.0129080
v 0.0073681 -0.0259559 0.0129080
v 0.0070948 -0.0249374 0.0129080
v 0.0066468 -0.0239698 0.0129080
v 0.0060352 -0.0230767 0.0129080
v 0.0052750 -0.0222803 0.0129080
v 0.0043848 -0.0216001 0.0129080
v 0.0033867 -0.0210528 0.0129080
v 0.0023052 -0.0206520 0.0129080
v 0.0011670 -0.0204075 0.0129080
v 0.0000000 -0.0203253 0.0129080
v -0.0011670 -0.0204075 0.0129080
v -0.0023052 -0.0206520 0.0129080
v -0.0033867 -0.0210528 0.0129080
v -0.0043848 -0.0216001 0.0129080
v -0.0052750 -0.0222803 0.0129080
v -0.0060352 -0.0230767 0.0129080
v -0.0066468 -0.0239698 0.0129080
v -0.0070948 -0.0249374 0.0129080
v -0.0073681 -0.0259559 0.0129080
v -0.0074599 -0.0270000 0.0129080
v -0.0073681 -0.0280441 0.0129080
v -0.0070948 -0.0290626 0.0129080
v -0.0066468 -0.0300302 0.0129080
v -0.0060352 -0.0309233 0.0129080
v -0.0052750 -0.0317197 0.0129080
v -0.0043848 -0.0323999 0.0129080
v -0.0033867 -0.0329472 0.0129080
v -0.0023052 -0.0333480 0.0129080
v -0.0011670 -0.0335925 0.0129080
v -0.0000000 -0.0336747 0.0129080
v 0.0011670 -0.0335925 0.0129080
v 0.0023052 -0.0333480 0.0129080
v 0.0033867 -0.0329472 0.0129080
v 0.0043848 -0.0323999 0.0129080
v 0.0052750 -0.0317197 0.0129080
v 0.0060352 -0.0309233 0.0129080
v 0.0066468 -0.0300302 0.0129080
v 0.0070948 -0.0290626 0.0129080
v 0.0073681 -0.0280441 0.0129080
v 0.0097293 -0.0270000 0.0143671
v 0.0096095 -0.0256382 0.0143671
v 0.0092531 -0.0243100 0.0143671
v 0.0086688 -0.0230480 0.0143671
v 0.0078711 -0.0218832 0.0143671
v 0.0068796 -0.0208445 0.0143671
v 0.0057187 -0.0199574 0.0143671
v 0.0044170 -0.0192437 0.0143671
v 0.0030065 -0.0187209 0.0143671
v 0.0015220 -0.0184020 0.0143671
v 0.0000000 -0.0182949 0.0143671
v -0.0015220 -0.0184020 0.0143671
v -0.0030065 -0.0187209 0.0143671
v -0.0044170 -0.0192437 0.0143671
v -0.0057187 -0.0199574 0.0143671
v -0.0068796 -0.0208445 0.0143671
v -0.0078711 -0.0218832 0.0143671
v -0.0086688 -0.0230480 0.0143671
v -0.0092531 -0.0243100 0.0143671
v -0.0096095 -0.0256382 0.0143671
v -0.0097293 -0.0270000 0.0143671
v -0.0096095 -0.0283618 0.0143671
v -0.0092531 -0.0296900 0.0143671
v -0.0086688 -0.0309520 0.0143671
v -0.0078711 -0.0321168 0.0143671
v -0.0068796 -0.0331555 0.0143671
v -0.0057187 -0.0340426 0.0143671
v -0.0044170 -0.0347563 0.0143671
v -0.0030065 -0.0352791 0.0143671
v -0.0015220 -0.0355980 0.0143671
v -0.0000000 -0.0357051 0.0143671
v 0.0015220 -0.0355980 0.0143671
v 0.0030065 -0.0352791 0.0143671
v 0.0044170 -0.0347563 0.0143671
v 0.0057187 -0.0340426 0.0143671
v 0.0068796 -0.0331555 0.0143671
v 0.0078711 -0.0321168 0.0143671
v 0.0086688 -0.0309520 0.0143671
v 0.0092531 -0.0296900 0.0143671
v 0.0096095 -0.0283618 0.0143671
v 0.0118205 -0.0270000 0.0162114
v 0.0116749 -0.0253455 0.0162114
v 0.0112419 -0.0237318 0.0162114
v 0.0105321 -0.0221985 0.0162114
v 0.0095629 -0.0207835 0.0162114
v 0.0083583 -0.0195215 0.0162114
v 0.0069479 -0.0184437 0.0162114
v 0.0053664 -0.0175765 0.0162114
v 0.0036527 -0.0169414 0.0162114
v 0.0018491 -0.0165540 0.0162114
v 0.0000000 -0.0164238 0.0162114
v -0.0018491 -0.0165540 0.0162114
v -0.0036527 -0.0169414 0.0162114
v -0.0053664 -0.0175765 0.0162114
v -0.0069479 -0.0184437 0.0162114
v -0.0083583 -0.0195215 0.0162114
v -0.0095629 -0.0207835 0.0162114
v -0.0105321 -0.0221985 0.0162114
v -0.0112419 -0.0237318 0.0162114
v -0.0116749 -0.0253455 0.0162114
v -0.0118205 -0.0270000 0.0162114
v -0.0116749 -0.0286545 0.0162114
v -0.0112419 -0.0302682 0.0162114
v -0.0105321 -0.0318015 0.0162114
v -0.0095629 -0.0332165 0.0162114
v -0.0083583 -0.0344785 0.0162114
v -0.0069479 -0.0355563 0.0162114
v -0.0053664 -0.0364235 0.0162114
v -0.0036527 -0.0370586 0.0162114
v -0.0018491 -0.0374460 0.0162114
v -0.0000000 -0.0375762 0.0162114
v 0.0018491 -0.0374460 0.0162114
v 0.0036527 -0.0370586 0.0162114
v 0.0053664 -0.0364235 0.0162114
v 0.0069479 -0.0355563 0.0162114
v 0.0083583 -0.0344785 0.0162114
v 0.0095629 -0.0332165 0.0162114
v 0.0105321 -0.0318015 0.0162114
v 0.0112419 -0.0302682 0.0162114
v 0.0116749 -0.0286545 0.0162114
v 0.0136987 -0.0270000 0.0184177
v 0.0135300 -0.0250826 0.0184177
v 0.0130282 -0.0232125 0.0184177
v 0.0122056 -0.0214356 0.0184177
v 0.0110825 -0.0197957 0.0184177
v 0.0096864 -0.0183332 0.0184177
v 0.0080519 -0.0170841 0.0184177
v 0.0062191 -0.0160792 0.0184177
v 0.0042331 -0.0153432 0.0184177
v 0.0021429 -0.0148942 0.0184177
v 0.0000000 -0.0147433 0.0184177
v -0.0021429 -0.0148942 0.0184177
v -0.0042331 -0.0153432 0.0184177
v -0.0062191 -0.0160792 0.0184177
v -0.0080519 -0.0170841 0.0184177
v -0.0096864 -0.0183332 0.0184177
v -0.0110825 -0.0197957 0.0184177
v -0.0122056 -0.0214356 0.0184177
v -0.0130282 -0.0232125 0.0184177
v -0.0135300 -0.0250826 0.0184177
v -0.0136987 -0.0270000 0.0184177
v -0.0135300 -0.0289174 0.0184177
v -0.0130282 -0.0307875 0.0184177
v -0.0122056 -0.0325644 0.0184177
v -0.0110825 -0.0342043 0.0184177
v -0.0096864 -0.0356668 0.0184177
v -0.0080519 -0.0369159 0.0184177
v -0.0062191 -0.0379208 0.0184177
v -0.0042331 -0.0386568 0.0184177
v -0.0021429 -0.0391058 0.0184177
v -0.0000000 -0.0392567 0.0184177
v 0.0021429 -0.0391058 0.0184177
v 0.0042331 -0.0386568 0.0184177
v 0.0062191 -0.0379208 0.0184177
v 0.0080519 -0.0369159 0.0184177
v 0.0096864 -0.0356668 0.0184177
v 0.0110825 -0.0342043 0.0184177
v 0.0122056 -0.0325644 0.0184177
v 0.0130282 -0.0307875 0.0184177
v 0.0135300 -0.0289174 0.0184177
v 0.0153350 -0.0270000 0.0209584
v 0.0151462 -0.0248536 0.0209584
v 0.0145845 -0.0227600 0.0209584
v 0.0136636 -0.0207709 0.0209584
v 0.0124063 -0.0189351 0.0209584
v 0.0108435 -0.0172979 0.0209584
v 0.0090137 -0.0158996 0.0209584
v 0.0069620 -0.0147747 0.0209584
v 0.0047388 -0.0139507 0.0209584
v 0.0023989 -0.0134481 0.0209584
v 0.0000000 -0.0132792 0.0209584
v -0.0023989 -0.0134481 0.0209584
v -0.0047388 -0.0139507 0.0209584
v -0.0069620 -0.0147747 0.0209584
v -0.0090137 -0.0158996 0.0209584
v -0.0108435 -0.0172979 0.0209584
v -0.0124063 -0.0189351 0.0209584
v -0.0136636 -0.0207709 0.0209584
v -0.0145845 -0.0227600 0.0209584
v -0.0151462 -0.0248536 0.0209584
v -0.0153350 -0.0270000 0.0209584
v -0.0151462 -0.0291464 0.0209584
v -0.0145845 -0.0312400 0.0209584
v -0.0136636 -0.0332291 0.0209584
v -0.0124063 -0.0350649 0.0209584
v -0.0108435 -0.0367021 0.0209584
v -0.0090137 -0.0381004 0.0209584
v -0.0069620 -0.0392253 0.0209584
v -0.0047388 -0.0400493 0.0209584
v -0.0023989 -0.0405519 0.0209584
v -0.0000000 -0.0407208 0.0209584
v 0.0023989 -0.0405519 0.0209584
v 0.0047388 -0.0400493 0.0209584
v 0.0069620 -0.0392253 0.0209584
v 0.0090137 -0.0381004 0.0209584
v 0.0108435 -0.0367021 0.0209584
v 0.0124063 -0.0350649 0.0209584
v 0.0136636 -0.0332291 0.0209584
v 0.0145845 -0.0312400 0.0209584
v 0.0151462 -0.0291464 0.0209584
v 0.0167072 -0.0270000 0.0238013
v 0.0165015 -0.0246615 0.0238013
v 0.0158895 -0.0223807 0.0238013
v 0.0148862 -0.0202135 0.0238013
v 0.0135164 -0.0182135 0.0238013
v 0.0118137 -0.0164298 0.0238013
v 0.0098202 -0.0149064 0.0238013
v 0.0075849 -0.0136808 0.0238013
v 0.0051628 -0.0127831 0.0238013
v 0.0026136 -0.0122355 0.0238013
v 0.0000000 -0.0120515 0.0238013
v -0.0026136 -0.0122355 0.0238013
v -0.0051628 -0.0127831 0.0238013
v -0.0075849 -0.0136808 0.0238013
v -0.0098202 -0.0149064 0.0238013
v -0.0118137 -0.0164298 0.0238013
v -0.0135164 -0.0182135 0.0238013
v -0.0148862 -0.0202135 0.0238013
v -0.0158895 -0.0223807 0.0238013
v -0.0165015 -0.0246615 0.0238013
v -0.0167072 -0.0270000 0.0238013
v -0.0165015 -0.0293385 0.0238013
v -0.0158895 -0.0316193 0.0238013
v -0.0148862 -0.0337865 0.0238013
v -0.0135164 -0.0357865 0.0238013
v -0.0118137 -0.0375702 0.0238013
v -0.0098202 -0.0390936 0.0238013
v -0.0075849 -0.0403192 0.0238013
v -0.0051628 -0.0412169 0.0238013
v -0.0026136 -0.0417645 0.0238013
v -0.0000000 -0.0419485 0.0238013
v 0.0026136 -0.0417645 0.0238013
v 0.0051628 -0.0412169 0.0238013
v 0.0075849 -0.0403192 0.0238013
v 0.0098202 -0.0390936 0.0238013
v 0.0118137 -0.0375702 0.0238013
v 0.0135164 -0.0357865 0.0238013
v 0.0148862 -0.0337865 0.0238013
v 0.0158895 -0.0316193 0.0238013
v 0.0165015 -0.0293385 0.0238013
v 0.0177996 -0.0270000 0.0269109
v 0.0175805 -0.0245086 0.0269109
v 0.0169284 -0.0220786 0.0269109
v 0.0158596 -0.0197698 0.0269109
v 0.0144002 -0.0176390 0.0269109
v 0.0125862 -0.0157386 0.0269109
v 0.0104623 -0.0141156 0.0269109
v 0.0080808 -0.0128099 0.0269109
v 0.0055004 -0.0118535 0.0269109
v 0.0027845 -0.0112701 0.0269109
v 0.0000000 -0.0110740 0.0269109
v -0.0027845 -0.0112701 0.0269109
v -0.0055004 -0.0118535 0.0269109
v -0.0080808 -0.0128099 0.0269109
v -0.0104623 -0.0141156 0.0269109
v -0.0125862 -0.0157386 0.0269109
v -0.0144002 -0.0176390 0.0269109
v -0.0158596 -0.0197698 0.0269109
v -0.0169284 -0.0220786 0.0269109
v -0.0175805 -0.0245086 0.0269109
v -0.0177996 -0.0270000 0.0269109
v -0.0175805 -0.0294914 0.0269109
v -0.0169284 -0.0319214 0.0269109
v -0.0158596 -0.0342302 0.0269109
v -0.0144002 -0.0363610 0.0269109
v -0.0125862 -0.0382614 0.0269109
v -0.0104623 -0.0398844 0.0269109
v -0.0080808 -0.0411901 0.0269109
v -0.0055004 -0.0421465 0.0269109
v -0.0027845 -0.0427299 0.0269109
v -0.0000000 -0.0429260 0.0269109
v 0.0027845 -0.0427299 0.0269109
v 0.0055004 -0.0421465 0.0269109
v 0.0080808 -0.0411901 0.0269109
v 0.0104623 -0.0398844 0.0269109
v 0.0125862 -0.0382614 0.0269109
v 0.0144002 -0.0363610 0.0269109
v 0.0158596 -0.0342302 0.0269109
v 0.0169284 -0.0319214 0.0269109
v 0.0175805 -0.0294914 0.0269109
v 0.0186039 -0.0270000 0.0302480
v 0.0183748 -0.0243961 0.0302480
v 0.0176933 -0.0218562 0.0302480
v 0.0165762 -0.0194431 0.0302480
v 0.0150509 -0.0172160 0.0302480
v 0.0131549 -0.0152298 0.0302480
v 0.0109351 -0.0135334 0.0302480
v 0.0084460 -0.0121687 0.0302480
v 0.0057489 -0.0111691 0.0302480
v 0.0029103 -0.0105594 0.0302480
v 0.0000000 -0.0103544 0.0302480
v -0.0029103 -0.0105594 0.0302480
v -0.0057489 -0.0111691 0.0302480
v -0.0084460 -0.0121687 0.0302480
v -0.0109351 -0.0135334 0.0302480
v -0.0131549 -0.0152298 0.0302480
v -0.0150509 -0.0172160 0.0302480
v -0.0165762 -0.0194431 0.0302480
v -0.0176933 -0.0218562 0.0302480
v -0.0183748 -0.0243961 0.0302480
v -0.0186039 -0.0270000 0.0302480
v -0.0183748 -0.0296039 0.0302480
v -0.0176933 -0.0321438 0.0302480
v -0.0165762 -0.0345569 0.0302480
v -0.0150509 -0.0367840 0.0302480
v -0.0131549 -0.0387702 0.0302480
v -0.0109351 -0.0404666 0.0302480
v -0.0084460 -0.0418313 0.0302480
v -0.0057489 -0.0428309 0.0302480
v -0.0029103 -0.0434406 0.0302480
v -0.0000000 -0.0436456 0.0302480
v 0.0029103 -0.0434406 0.0302480
v 0.0057489 -0.0428309 0.0302480
v 0.0084460 -0.0418313 0.0302480
v 0.0109351 -0.0404666 0.0302480
v 0.0131549 -0.0387702 0.0302480
v 0.0150509 -0.0367840 0.0302480
v 0.0165762 -0.0345569 0.0302480
v 0.0176933 -0.0321438 0.0302480
v 0.0183748 -0.0296039 0.0302480
v 0.0191184 -0.0270000 0.0337705
v 0.0188830 -0.0243240 0.0337705
v 0.0181827 -0.0217140 0.0337705
v 0.0170346 -0.0192341 0.0337705
v 0.0154671 -0.0169454 0.0337705
v 0.0135188 -0.0149043 0.0337705
v 0.0112375 -0.0131610 0.0337705
v 0.0086796 -0.0117585 0.0337705
v 0.0059079 -0.0107313 0.0337705
v 0.0029908 -0.0101047 0.0337705
v 0.0000000 -0.0098941 0.0337705
v -0.0029908 -0.0101047 0.0337705
v -0.0059079 -0.0107313 0.0337705
v -0.0086796 -0.0117585 0.0337705
v -0.0112375 -0.0131610 0.0337705
v -0.0135188 -0.0149043 0.0337705
v -0.0154671 -0.0169454 0.0337705
v -0.0170346 -0.0192341 0.0337705
v -0.0181827 -0.0217140 0.0337705
v -0.0188830 -0.0243240 0.0337705
v -0.0191184 -0.0270000 0.0337705
v -0.0188830 -0.0296760 0.0337705
v -0.0181827 -0.0322860 0.0337705
v -0.0170346 -0.0347659 0.0337705
v -0.0154671 -0.0370546 0.0337705
v -0.0135188 -0.0390957 0.0337705
v -0.0112375 -0.0408390 0.0337705
v -0.0086796 -0.0422415 0.0337705
v -0.0059079 -0.0432687 0.0337705
v -0.0029908 -0.0438953 0.0337705
v -0.0000000 -0.0441059 0.0337705
v 0.0029908 -0.0438953 0.0337705
v 0.0059079 -0.0432687 0.0337705
v 0.0086796 -0.0422415 0.0337705
v 0.0112375 -0.0408390 0.0337705
v 0.0135188 -0.0390957 0.0337705
v 0.0154671 -0.0370546 0.0337705
v 0.0170346 -0.0347659 0.0337705
v 0.0181827 -0.0322860 0.0337705
v 0.0188830 -0.0296760 0.0337705
v 0.0193480 -0.0270000 0.0374343
v 0.0191098 -0.0242919 0.0374343
v 0.0184011 -0.0216505 0.0374343
v 0.0172392 -0.0191408 0.0374343
v 0.0156529 -0.0168246 0.0374343
v 0.0136811 -0.0147590 0.0374343
v 0.0113725 -0.0129948 0.0374343
v 0.0087838 -0.0115755 0.0374343
v 0.0059789 -0.0105359 0.0374343
v 0.0030267 -0.0099018 0.0374343
v 0.0000000 -0.0096886 0.0374343
v -0.0030267 -0.0099018 0.0374343
v -0.0059789 -0.0105359 0.0374343
v -0.0087838 -0.0115755 0.0374343
v -0.0113725 -0.0129948 0.0374343
v -0.0136811 -0.0147590 0.0374343
v -0.0156529 -0.0168246 0.0374343
v -0.0172392 -0.0191408 0.0374343
v -0.0184011 -0.0216505 0.0374343
v -0.0191098 -0.0242919 0.0374343
v -0.0193480 -0.0270000 0.0374343
v -0.0191098 -0.0297081 0.0374343
v -0.0184011 -0.0323495 0.0374343
v -0.0172392 -0.0348592 0.0374343
v -0.0156529 -0.0371754 0.0374343
v -0.0136811 -0.0392410 0.0374343
v -0.0113725 -0.0410052 0.0374343
v -0.0087838 -0.0424245 0.0374343
v -0.0059789 -0.0434641 0.0374343
v -0.0030267 -0.0440982 0.0374343
v -0.0000000 -0.0443114 0.0374343
v 0.0030267 -0.0440982 0.0374343
v 0.0059789 -0.0434641 0.0374343
v 0.0087838 -0.0424245 0.0374343
v 0.0113725 -0.0410052 0.0374343
v 0.0136811 -0.0392410 0.0374343
v 0.0156529 -0.0371754 0.0374343
v 0.0172392 -0.0348592 0.0374343
v 0.0184011 -0.0323495 0.0374343
v 0.0191098 -0.0297081 0.0374343
v 0.0193033 -0.0270000 0.0411932
v 0.0190657 -0.0242982 0.0411932
v 0.0183585 -0.0216628 0.0411932
v 0.0171994 -0.0191590 0.0411932
v 0.0156167 -0.0168481 0.0411932
v 0.0136495 -0.0147873 0.0411932
v 0.0113462 -0.0130271 0.0411932
v 0.0087635 -0.0116111 0.0411932
v 0.0059651 -0.0105739 0.0411932
v 0.0030197 -0.0099412 0.0411932
v 0.0000000 -0.0097286 0.0411932
v -0.0030197 -0.0099412 0.0411932
v -0.0059651 -0.0105739 0.0411932
v -0.0087635 -0.0116111 0.0411932
v -0.0113462 -0.0130271 0.0411932
v -0.0136495 -0.0147873 0.0411932
v -0.0156167 -0.0168481 0.0411932
v -0.0171994 -0.0191590 0.0411932
v -0.0183585 -0.0216628 0.0411932
v -0.0190657 -0.0242982 0.0411932
v -0.0193033 -0.0270000 0.0411932
v -0.0190657 -0.0297018 0.0411932
v -0.0183585 -0.0323372 0.0411932
v -0.0171994 -0.0348410 0.0411932
v -0.0156167 -0.0371519 0.0411932
v -0.0136495 -0.0392127 0.0411932
v -0.0113462 -0.0409729 0.0411932
v -0.0087635 -0.0423889 0.0411932
v -0.0059651 -0.0434261 0.0411932
v -0.0030197 -0.0440588 0.0411932
v -0.0000000 -0.0442714 0.0411932
v 0.0030197 -0.0440588 0.0411932
v 0.0059651 -0.0434261 0.0411932
v 0.0087635 -0.0423889 0.0411932
v 0.0113462 -0.0409729 0.0411932
v 0.0136495 -0.0392127 0.0411932
v 0.0156167 -0.0371519 0.0411932
v 0.0171994 -0.0348410 0.0411932
v 0.0183585 -0.0323372 0.0411932
v 0.0190657 -0.0297018 0.0411932
v 0.0190000 -0.0270000 0.0450000
v 0.0187661 -0.0243406 0.0450000
v 0.0180701 -0.0217467 0.0450000
v 0.0169291 -0.0192822 0.0450000
v 0.0153713 -0.0170077 0.0450000
v 0.0134350 -0.0149792 0.0450000
v 0.0111679 -0.0132467 0.0450000
v 0.0086258 -0.0118529 0.0450000
v 0.0058713 -0.0108320 0.0450000
v 0.0029723 -0.0102093 0.0450000
v 0.0000000 -0.0100000 0.0450000
v -0.0029723 -0.0102093 0.0450000
v -0.0058713 -0.0108320 0.0450000
v -0.0086258 -0.0118529 0.0450000
v -0.0111679 -0.0132467 0.0450000
v -0.0134350 -0.0149792 0.0450000
v -0.0153713 -0.0170077 0.0450000
v -0.0169291 -0.0192822 0.0450000
v -0.0180701 -0.0217467 0.0450000
v -0.0187661 -0.0243406 0.0450000
v -0.0190000 -0.0270000 0.0450000
v -0.0187661 -0.0296594 0.0450000
v -0.0180701 -0.0322533 0.0450000
v -0.0169291 -0.0347178 0.0450000
v -0.0153713 -0.0369923 0.0450000
v -0.0134350 -0.0390208 0.0450000
v -0.0111679 -0.0407533 0.0450000
v -0.0086258 -0.0421471 0.0450000
v -0.0058713 -0.0431680 0.0450000
v -0.0029723 -0.0437907 0.0450000
v -0.0000000 -0.0440000 0.0450000
v 0.0029723 -0.0437907 0.0450000
v 0.0058713 -0.0431680 0.0450000
v 0.0086258 -0.0421471 0.0450000
v 0.0111679 -0.0407533 0.0450000
v 0.0134350 -0.0390208 0.0450000
v 0.0153713 -0.0369923 0.0450000
v 0.0169291 -0.0347178 0.0450000
v 0.0180701 -0.0322533 0.0450000
v 0.0187661 -0.0296594 0.0450000
v 0.0184577 -0.0270000 0.0488068
v 0.0182305 -0.0244165 0.0488068
v 0.0175544 -0.0218966 0.0488068
v 0.0164460 -0.0195024 0.0488068
v 0.0149326 -0.0172928 0.0488068
v 0.0130516 -0.0153223 0.0488068
v 0.0108492 -0.0136392 0.0488068
v 0.0083796 -0.0122852 0.0488068
v 0.0057038 -0.0112935 0.0488068
v 0.0028874 -0.0106885 0.0488068
v 0.0000000 -0.0104852 0.0488068
v -0.0028874 -0.0106885 0.0488068
v -0.0057038 -0.0112935 0.0488068
v -0.0083796 -0.0122852 0.0488068
v -0.0108492 -0.0136392 0.0488068
v -0.0130516 -0.0153223 0.0488068
v -0.0149326 -0.0172928 0.0488068
v -0.0164460 -0.0195024 0.0488068
v -0.0175544 -0.0218966 0.0488068
v -0.0182305 -0.0244165 0.0488068
v -0.0184577 -0.0270000 0.0488068
v -0.0182305 -0.0295835 0.0488068
v -0.0175544 -0.0321034 0.0488068
v -0.0164460 -0.0344976 0.0488068
v -0.0149326 -0.0367072 0.0488068
v -0.0130516 -0.0386777 0.0488068
v -0.0108492 -0.0403608 0.0488068
v -0.0083796 -0.0417148 0.0488068
v -0.0057038 -0.0427065 0.0488068
v -0.0028874 -0.0433115 0.0488068
v -0.0000000 -0.0435148 0.0488068
v 0.0028874 -0.0433115 0.0488068
v 0.0057038 -0.0427065 0.0488068
v 0.0083796 -0.0417148 0.0488068
v 0.0108492 -0.0403608 0.0488068
v 0.0130516 -0.0386777 0.0488068
v 0.0149326 -0.0367072 0.0488068
v 0.0164460 -0.0344976 0.0488068
v 0.0175544 -0.0321034 0.0488068
v 0.0182305 -0.0295835 0.0488068
v 0.0176993 -0.0270000 0.0525657
v 0.0174813 -0.0245227 0.0525657
v 0.0168330 -0.0221064 0.0525657
v 0.0157701 -0.0198105 0.0525657
v 0.0143190 -0.0176917 0.0525657
v 0.0125153 -0.0158021 0.0525657
v 0.0104034 -0.0141883 0.0525657
v 0.0080353 -0.0128899 0.0525657
v 0.0054694 -0.0119389 0.0525657
v 0.0027688 -0.0113588 0.0525657
v 0.0000000 -0.0111638 0.0525657
v -0.0027688 -0.0113588 0.0525657
v -0.0054694 -0.0119389 0.0525657
v -0.0080353 -0.0128899 0.0525657
v -0.0104034 -0.0141883 0.0525657
v -0.0125153 -0.0158021 0.0525657
v -0.0143190 -0.0176917 0.0525657
v -0.0157701 -0.0198105 0.0525657
v -0.0168330 -0.0221064 0.0525657
v -0.0174813 -0.0245227 0.0525657
v -0.0176993 -0.0270000 0.0525657
v -0.0174813 -0.0294773 0.0525657
v -0.0168330 -0.0318936 0.0525657
v -0.0157701 -0.0341895 0.0525657
v -0.0143190 -0.0363083 0.0525657
v -0.0125153 -0.0381979 0.0525657
v -0.0104034 -0.0398117 0.0525657
v -0.0080353 -0.0411101 0.0525657
v -0.0054694 -0.0420611 0.0525657
v -0.0027688 -0.0426412 0.0525657
v -0.0000000 -0.0428362 0.0525657
v 0.0027688 -0.0426412 0.0525657
v 0.0054694 -0.0420611 0.0525657
v 0.0080353 -0.0411101 0.0525657
v 0.0104034 -0.0398117 0.0525657
v 0.0125153 -0.0381979 0.0525657
v 0.0143190 -0.0363083 0.0525657
v 0.0157701 -0.0341895 0.0525657
v 0.0168330 -0.0318936 0.0525657
v 0.0174813 -0.0294773 0.0525657
v 0.0167492 -0.0270000 0.0562295
v 0.0165429 -0.0246557 0.0562295
v 0.0159294 -0.0223690 0.0562295
v 0.0149236 -0.0201965 0.0562295
v 0.0135503 -0.0181914 0.0562295
v 0.0118434 -0.0164032 0.0562295
v 0.0098449 -0.0148760 0.0562295
v 0.0076040 -0.0136473 0.0562295
v 0.0051758 -0.0127474 0.0562295
v 0.0026201 -0.0121984 0.0562295
v 0.0000000 -0.0120139 0.0562295
v -0.0026201 -0.0121984 0.0562295
v -0.0051758 -0.0127474 0.0562295
v -0.0076040 -0.0136473 0.0562295
v -0.0098449 -0.0148760 0.0562295
v -0.0118434 -0.0164032 0.0562295
v -0.0135503 -0.0181914 0.0562295
v -0.0149236 -0.0201965 0.0562295
v -0.0159294 -0.0223690 0.0562295
v -0.0165429 -0.0246557 0.0562295
v -0.0167492 -0.0270000 0.0562295
v -0.0165429 -0.0293443 0.0562295
v -0.0159294 -0.0316310 0.0562295
v -0.0149236 -0.0338035 0.0562295
v -0.0135503 -0.0358086 0.0562295
v -0.0118434 -0.0375968 0.0562295
v -0.0098449 -0.0391240 0.0562295
v -0.0076040 -0.0403527 0.0562295
v -0.0051758 -0.0412526 0.0562295
v -0.0026201 -0.0418016 0.0562295
v -0.0000000 -0.0419861 0.0562295
v 0.0026201 -0.0418016 0.0562295
v 0.0051758 -0.0412526 0.0562295
v 0.0076040 -0.0403527 0.0562295
v 0.0098449 -0.0391240 0.0562295
v 0.0118434 -0.0375968 0.0562295
v 0.0135503 -0.0358086 0.0562295
v 0.0149236 -0.0338035 0.0562295
v 0.0159294 -0.0316310 0.0562295
v 0.0165429 -0.0293443 0.0562295
v 0.0156329 -0.0270000 0.0597520
v 0.0154405 -0.0248119 0.0597520
v 0.0148678 -0.0226777 0.0597520
v 0.0139290 -0.0206499 0.0597520
v 0.0126473 -0.0187784 0.0597520
v 0.0110541 -0.0171094 0.0597520
v 0.0091888 -0.0156840 0.0597520
v 0.0070972 -0.0145372 0.0597520
v 0.0048308 -0.0136972 0.0597520
v 0.0024455 -0.0131849 0.0597520
v 0.0000000 -0.0130126 0.0597520
v -0.0024455 -0.0131849 0.0597520
v -0.0048308 -0.0136972 0.0597520
v -0.0070972 -0.0145372 0.0597520
v -0.0091888 -0.0156840 0.0597520
v -0.0110541 -0.0171094 0.0597520
v -0.0126473 -0.0187784 0.0597520
v -0.0139290 -0.0206499 0.0597520
v -0.0148678 -0.0226777 0.0597520
v -0.0154405 -0.0248119 0.0597520
v -0.0156329 -0.0270000 0.0597520
v -0.0154405 -0.0291881 0.0597520
v -0.0148678 -0.0313223 0.0597520
v -0.0139290 -0.0333501 0.0597520
v -0.0126473 -0.0352216 0.0597520
v -0.0110541 -0.0368906 0.0597520
v -0.0091888 -0.0383160 0.0597520
v -0.0070972 -0.0394628 0.0597520
v -0.0048308 -0.0403028 0.0597520
v -0.0024455 -0.0408151 0.0597520
v -0.0000000 -0.0409874 0.0597520
v 0.0024455 -0.0408151 0.0597520
v 0.0048308 -0.0403028 0.0597520
v 0.0070972 -0.0394628 0.0597520
v 0.0091888 -0.0383160 0.0597520
v 0.0110541 -0.0368906 0.0597520
v 0.0126473 -0.0352216 0.0597520
v 0.0139290 -0.0333501 0.0597520
v 0.0148678 -0.0313223 0.0597520
v 0.0154405 -0.0291881 0.0597520
v 0.0143759 -0.0270000 0.0630891
v 0.0141989 -0.0249878 0.0630891
v 0.0136723 -0.0230252 0.0630891
v 0.0128090 -0.0211605 0.0630891
v 0.0116304 -0.0194395 0.0630891
v 0.0101653 -0.0179047 0.0630891
v 0.0084500 -0.0165939 0.0630891
v 0.0065265 -0.0155393 0.0630891
v 0.0044424 -0.0147669 0.0630891
v 0.0022489 -0.0142957 0.0630891
v 0.0000000 -0.0141373 0.0630891
v -0.0022489 -0.0142957 0.0630891
v -0.0044424 -0.0147669 0.0630891
v -0.0065265 -0.0155393 0.0630891
v -0.0084500 -0.0165939 0.0630891
v -0.0101653 -0.0179047 0.0630891
v -0.0116304 -0.0194395 0.0630891
v -0.0128090 -0.0211605 0.0630891
v -0.0136723 -0.0230252 0.0630891
v -0.0141989 -0.0249878 0.0630891
v -0.0143759 -0.0270000 0.0630891
v -0.0141989 -0.0290122 0.0630891
v -0.0136723 -0.0309748 0.0630891
v -0.0128090 -0.0328395 0.0630891
v -0.0116304 -0.0345605 0.0630891
v -0.0101653 -0.0360953 0.0630891
v -0.0084500 -0.0374061 0.0630891
v -0.0065265 -0.0384607 0.0630891
v -0.0044424 -0.0392331 0.0630891
v -0.0022489 -0.0397043 0.0630891
v -0.0000000 -0.0398627 0.0630891
v 0.0022489 -0.0397043 0.0630891
v 0.0044424 -0.0392331 0.0630891
v 0.0065265 -0.0384607 0.0630891
v 0.0084500 -0.0374061 0.0630891
v 0.0101653 -0.0360953 0.0630891
v 0.0116304 -0.0345605 0.0630891
v 0.0128090 -0.0328395 0.0630891
v 0.0136723 -0.0309748 0.0630891
v 0.0141989 -0.0290122 0.0630891
v 0.0130024 -0.0270000 0.0661987
v 0.0128424 -0.0251801 0.0661987
v 0.0123661 -0.0234050 0.0661987
v 0.0115853 -0.0217184 0.0661987
v 0.0105192 -0.0201618 0.0661987
v 0.0091941 -0.0187737 0.0661987
v 0.0076426 -0.0175881 0.0661987
v 0.0059030 -0.0166342 0.0661987
v 0.0040180 -0.0159356 0.0661987
v 0.0020340 -0.0155095 0.0661987
v 0.0000000 -0.0153662 0.0661987
v -0.0020340 -0.0155095 0.0661987
v -0.0040180 -0.0159356 0.0661987
v -0.0059030 -0.0166342 0.0661987
v -0.0076426 -0.0175881 0.0661987
v -0.0091941 -0.0187737 0.0661987
v -0.0105192 -0.0201618 0.0661987
v -0.0115853 -0.0217184 0.0661987
v -0.0123661 -0.0234050 0.0661987
v -0.0128424 -0.0251801 0.0661987
v -0.0130024 -0.0270000 0.0661987
v -0.0128424 -0.0288199 0.0661987
v -0.0123661 -0.0305950 0.0661987
v -0.0115853 -0.0322816 0.0661987
v -0.0105192 -0.0338382 0.0661987
v -0.0091941 -0.0352263 0.0661987
v -0.0076426 -0.0364119 0.0661987
v -0.0059030 -0.0373658 0.0661987
v -0.0040180 -0.0380644 0.0661987
v -0.0020340 -0.0384905 0.0661987
v -0.0000000 -0.0386338 0.0661987
v 0.0020340 -0.0384905 0.0661987
v 0.0040180 -0.0380644 0.0661987
v 0.0059030 -0.0373658 0.0661987
v 0.0076426 -0.0364119 0.0661987
v 0.0091941 -0.0352263 0.0661987
v 0.0105192 -0.0338382 0.0661987
v 0.0115853 -0.0322816 0.0661987
v 0.0123661 -0.0305950 0.0661987
v 0.0128424 -0.0288199 0.0661987
v 0.0115350 -0.0270000 0.0690416
v 0.0113930 -0.0253855 0.0690416
v 0.0109705 -0.0238107 0.0690416
v 0.0102778 -0.0223144 0.0690416
v 0.0093320 -0.0209336 0.0690416
v 0.0081565 -0.0197021 0.0690416
v 0.0067801 -0.0186503 0.0690416
v 0.0052368 -0.0178041 0.0690416
v 0.0035645 -0.0171843 0.0690416
v 0.0018045 -0.0168063 0.0690416
v 0.0000000 -0.0166792 0.0690416
v -0.0018045 -0.0168063 0.0690416
v -0.0035645 -0.0171843 0.0690416
v -0.0052368 -0.0178041 0.0690416
v -0.0067801 -0.0186503 0.0690416
v -0.0081565 -0.0197021 0.0690416
v -0.0093320 -0.0209336 0.0690416
v -0.0102778 -0.0223144 0.0690416
v -0.0109705 -0.0238107 0.0690416
v -0.0113930 -0.0253855 0.0690416
v -0.0115350 -0.0270000 0.0690416
v -0.0113930 -0.0286145 0.0690416
v -0.0109705 -0.0301893 0.0690416
v -0.0102778 -0.0316856 0.0690416
v -0.0093320 -0.0330664 0.0690416
v -0.0081565 -0.0342979 0.0690416
v -0.0067801 -0.0353497 0.0690416
v -0.0052368 -0.0361959 0.0690416
v -0.0035645 -0.0368157 0.0690416
v -0.0018045 -0.0371937 0.0690416
v -0.0000000 -0.0373208 0.0690416
v 0.0018045 -0.0371937 0.0690416
v 0.0035645 -0.0368157 0.0690416
v 0.0052368 -0.0361959 0.0690416
v 0.0067801 -0.0353497 0.0690416
v 0.0081565 -0.0342979 0.0690416
v 0.0093320 -0.0330664 0.0690416
v 0.0102778 -0.0316856 0.0690416
v 0.0109705 -0.0301893 0.0690416
v 0.0113930 -0.0286145 0.0690416
v 0.0099939 -0.0270000 0.0715823
v 0.0098709 -0.0256012 0.0715823
v 0.0095048 -0.0242368 0.0715823
v 0.0089047 -0.0229404 0.0715823
v 0.0080853 -0.0217441 0.0715823
v 0.0070668 -0.0206771 0.0715823
v 0.0058743 -0.0197658 0.0715823
v 0.0045372 -0.0190327 0.0715823
v 0.0030883 -0.0184957 0.0715823
v 0.0015634 -0.0181681 0.0715823
v 0.0000000 -0.0180581 0.0715823
v -0.0015634 -0.0181681 0.0715823
v -0.0030883 -0.0184957 0.0715823
v -0.0045372 -0.0190327 0.0715823
v -0.0058743 -0.0197658 0.0715823
v -0.0070668 -0.0206771 0.0715823
v -0.0080853 -0.0217441 0.0715823
v -0.0089047 -0.0229404 0.0715823
v -0.0095048 -0.0242368 0.0715823
v -0.0098709 -0.0256012 0.0715823
v -0.0099939 -0.0270000 0.0715823
v -0.0098709 -0.0283988 0.0715823
v -0.0095048 -0.0297632 0.0715823
v -0.0089047 -0.0310596 0.0715823
v -0.0080853 -0.0322559 0.0715823
v -0.0070668 -0.0333229 0.0715823
v -0.0058743 -0.0342342 0.0715823
v -0.0045372 -0.0349673 0.0715823
v -0.0030883 -0.0355043 0.0715823
v -0.0015634 -0.0358319 0.0715823
v -0.0000000 -0.0359419 0.0715823
v 0.0015634 -0.0358319 0.0715823
v 0.0030883 -0.0355043 0.0715823
v 0.0045372 -0.0349673 0.0715823
v 0.0058743 -0.0342342 0.0715823
v 0.0070668 -0.0333229 0.0715823
v 0.0080853 -0.0322559 0.0715823
v 0.0089047 -0.0310596 0.0715823
v 0.0095048 -0.0297632 0.0715823
v 0.0098709 -0.0283988 0.0715823
v 0.0083968 -0.0270000 0.0737886
v 0.0082934 -0.0258247 0.0737886
v 0.0079858 -0.0246784 0.0737886
v 0.0074816 -0.0235892 0.0737886
v 0.0067931 -0.0225840 0.0737886
v 0.0059374 -0.0216876 0.0737886
v 0.0049355 -0.0209219 0.0737886
v 0.0038121 -0.0203060 0.0737886
v 0.0025947 -0.0198548 0.0737886
v 0.0013135 -0.0195796 0.0737886
v 0.0000000 -0.0194871 0.0737886
v -0.0013135 -0.0195796 0.0737886
v -0.0025947 -0.0198548 0.0737886
v -0.0038121 -0.0203060 0.0737886
v -0.0049355 -0.0209219 0.0737886
v -0.0059374 -0.0216876 0.0737886
v -0.0067931 -0.0225840 0.0737886
v -0.0074816 -0.0235892 0.0737886
v -0.0079858 -0.0246784 0.0737886
v -0.0082934 -0.0258247 0.0737886
v -0.0083968 -0.0270000 0.0737886
v -0.0082934 -0.0281753 0.0737886
v -0.0079858 -0.0293216 0.0737886
v -0.0074816 -0.0304108 0.0737886
v -0.0067931 -0.0314160 0.0737886
v -0.0059374 -0.0323124 0.0737886
v -0.0049355 -0.0330781 0.0737886
v -0.0038121 -0.0336940 0.0737886
v -0.0025947 -0.0341452 0.0737886
v -0.0013135 -0.0344204 0.0737886
v -0.0000000 -0.0345129 0.0737886
v 0.0013135 -0.0344204 0.0737886
v 0.0025947 -0.0341452 0.0737886
v 0.0038121 -0.0336940 0.0737886
v 0.0049355 -0.0330781 0.0737886
v 0.0059374 -0.0323124 0.0737886
v 0.0067931 -0.0314160 0.0737886
v 0.0074816 -0.0304108 0.0737886
v 0.0079858 -0.0293216 0.0737886
v 0.0082934 -0.0281753 0.0737886
v 0.0067583 -0.0270000 0.0756329
v 0.0066751 -0.0260541 0.0756329
v 0.0064275 -0.0251314 0.0756329
v 0.0060217 -0.0242548 0.0756329
v 0.0054676 -0.0234457 0.0756329
v 0.0047788 -0.0227242 0.0756329
v 0.0039724 -0.0221079 0.0756329
v 0.0030682 -0.0216122 0.0756329
v 0.0020884 -0.0212490 0.0756329
v 0.0010572 -0.0210275 0.0756329
v 0.0000000 -0.0209531 0.0756329
v -0.0010572 -0.0210275 0.0756329
v -0.0020884 -0.0212490 0.0756329
v -0.0030682 -0.0216122 0.0756329
v -0.0039724 -0.0221079 0.0756329
v -0.0047788 -0.0227242 0.0756329
v -0.0054676 -0.0234457 0.0756329
v -0.0060217 -0.0242548 0.0756329
v -0.0064275 -0.0251314 0.0756329
v -0.0066751 -0.0260541 0.0756329
v -0.0067583 -0.0270000 0.0756329
v -0.0066751 -0.0279459 0.0756329
v -0.0064275 -0.0288686 0.0756329
v -0.0060217 -0.0297452 0.0756329
v -0.0054676 -0.0305543 0.0756329
v -0.0047788 -0.0312758 0.0756329
v -0.0039724 -0.0318921 0.0756329
v -0.0030682 -0.0323878 0.0756329
v -0.0020884 -0.0327510 0.0756329
v -0.0010572 -0.0329725 0.0756329
v -0.0000000 -0.0330469 0.0756329
v 0.0010572 -0.0329725 0.0756329
v 0.0020884 -0.0327510 0.0756329
v 0.0030682 -0.0323878 0.0756329
v 0.0039724 -0.0318921 0.0756329
v 0.0047788 -0.0312758 0.0756329
v 0.0054676 -0.0305543 0.0756329
v 0.0060217 -0.0297452 0.0756329
v 0.0064275 -0.0288686 0.0756329
v 0.0066751 -0.0279459 0.0756329
v 0.0050907 -0.0270000 0.0770920
v 0.0050280 -0.0262875 0.0770920
v 0.0048415 -0.0255925 0.0770920
v 0.0045358 -0.0249322 0.0770920
v 0.0041184 -0.0243227 0.0770920
v 0.0035996 -0.0237793 0.0770920
v 0.0029922 -0.0233151 0.0770920
v 0.0023111 -0.0229416 0.0770920
v 0.0015731 -0.0226681 0.0770920
v 0.0007964 -0.0225013 0.0770920
v 0.0000000 -0.0224452 0.0770920
v -0.0007964 -0.0225013 0.0770920
v -0.0015731 -0.0226681 0.0770920
v -0.0023111 -0.0229416 0.0770920
v -0.0029922 -0.0233151 0.0770920
v -0.0035996 -0.0237793 0.0770920
v -0.0041184 -0.0243227 0.0770920
v -0.0045358 -0.0249322 0.0770920
v -0.0048415 -0.0255925 0.0770920
v -0.0050280 -0.0262875 0.0770920
v -0.0050907 -0.0270000 0.0770920
v -0.0050280 -0.0277125 0.0770920
v -0.0048415 -0.0284075 0.0770920
v -0.0045358 -0.0290678 0.0770920
v -0.0041184 -0.0296773 0.0770920
v -0.0035996 -0.0302207 0.0770920
v -0.0029922 -0.0306849 0.0770920
v -0.0023111 -0.0310584 0.0770920
v -0.0015731 -0.0313319 0.0770920
v -0.0007964 -0.0314987 0.0770920
v -0.0000000 -0.0315548 0.0770920
v 0.0007964 -0.0314987 0.0770920
v 0.0015731 -0.0313319 0.0770920
v 0.0023111 -0.0310584 0.0770920
v 0.0029922 -0.0306849 0.0770920
v 0.0035996 -0.0302207 0.0770920
v 0.0041184 -0.0296773 0.0770920
v 0.0045358 -0.0290678 0.0770920
v 0.0048415 -0.0284075 0.0770920
v 0.0050280 -0.0277125 0.0770920
v 0.0034035 -0.0270000 0.0781475
v 0.0033616 -0.0265236 0.0781475
v 0.0032369 -0.0260590 0.0781475
v 0.0030326 -0.0256175 0.0781475
v 0.0027535 -0.0252100 0.0781475
v 0.0024067 -0.0248467 0.0781475
v 0.0020005 -0.0245363 0.0781475
v 0.0015452 -0.0242867 0.0781475
v 0.0010517 -0.0241038 0.0781475
v 0.0005324 -0.0239922 0.0781475
v 0.0000000 -0.0239547 0.0781475
v -0.0005324 -0.0239922 0.0781475
v -0.0010517 -0.0241038 0.0781475
v -0.0015452 -0.0242867 0.0781475
v -0.0020005 -0.0245363 0.0781475
v -0.0024067 -0.0248467 0.0781475
v -0.0027535 -0.0252100 0.0781475
v -0.0030326 -0.0256175 0.0781475
v -0.0032369 -0.0260590 0.0781475
v -0.0033616 -0.0265236 0.0781475
v -0.0034035 -0.0270000 0.0781475
v -0.0033616 -0.0274764 0.0781475
v -0.0032369 -0.0279410 0.0781475
v -0.0030326 -0.0283825 0.0781475
v -0.0027535 -0.0287900 0.0781475
v -0.0024067 -0.0291533 0.0781475
v -0.0020005 -0.0294637 0.0781475
v -0.0015452 -0.0297133 0.0781475
v -0.0010517 -0.0298962 0.0781475
v -0.0005324 -0.0300078 0.0781475
v -0.0000000 -0.0300453 0.0781475
v 0.0005324 -0.0300078 0.0781475
v 0.0010517 -0.0298962 0.0781475
v 0.0015452 -0.0297133 0.0781475
v 0.0020005 -0.0294637 0.0781475
v 0.0024067 -0.0291533 0.0781475
v 0.0027535 -0.0287900 0.0781475
v 0.0030326 -0.0283825 0.0781475
v 0.0032369 -0.0279410 0.0781475
v 0.0033616 -0.0274764 0.0781475
v 0.0017045 -0.0270000 0.0787862
v 0.0016835 -0.0267614 0.0787862
v 0.0016211 -0.0265287 0.0787862
v 0.0015188 -0.0263076 0.0787862
v 0.0013790 -0.0261036 0.0787862
v 0.0012053 -0.0259216 0.0787862
v 0.0010019 -0.0257662 0.0787862
v 0.0007738 -0.0256411 0.0787862
v 0.0005267 -0.0255495 0.0787862
v 0.0002666 -0.0254937 0.0787862
v 0.0000000 -0.0254749 0.0787862
v -0.0002666 -0.0254937 0.0787862
v -0.0005267 -0.0255495 0.0787862
v -0.0007738 -0.0256411 0.0787862
v -0.0010019 -0.0257662 0.0787862
v -0.0012053 -0.0259216 0.0787862
v -0.0013790 -0.0261036 0.0787862
v -0.0015188 -0.0263076 0.0787862
v -0.0016211 -0.0265287 0.0787862
v -0.0016835 -0.0267614 0.0787862
v -0.0017045 -0.0270000 0.0787862
v -0.0016835 -0.0272386 0.0787862
v -0.0016211 -0.0274713 0.0787862
v -0.0015188 -0.0276924 0.0787862
v -0.0013790 -0.0278964 0.0787862
v -0.0012053 -0.0280784 0.0787862
v -0.0010019 -0.0282338 0.0787862
v -0.0007738 -0.0283589 0.0787862
v -0.0005267 -0.0284505 0.0787862
v -0.0002666 -0.0285063 0.0787862
v -0.0000000 -0.0285251 0.0787862
v 0.0002666 -0.0285063 0.0787862
v 0.0005267 -0.0284505 0.0787862
v 0.0007738 -0.0283589 0.0787862
v 0.0010019 -0.0282338 0.0787862
v 0.0012053 -0.0280784 0.0787862
v 0.0013790 -0.0278964 0.0787862
v 0.0015188 -0.0276924 0.0787862
v 0.0016211 -0.0274713 0.0787862
v 0.0016835 -0.0272386 0.0787862
v 0.0000000 -0.0270000 0.0790000
v 0.0570000 -0.0270000 0.0110000
v 0.0595501 -0.0270000 0.0112138
v 0.0595187 -0.0266431 0.0112138
v 0.0594253 -0.0262949 0.0112138
v 0.0592722 -0.0259641 0.0112138
v 0.0590631 -0.0256589 0.0112138
v 0.0588032 -0.0253866 0.0112138
v 0.0584989 -0.0251541 0.0112138
v 0.0581577 -0.0249670 0.0112138
v 0.0577880 -0.0248300 0.0112138
v 0.0573989 -0.0247464 0.0112138
v 0.0570000 -0.0247183 0.0112138
v 0.0566011 -0.0247464 0.0112138
v 0.0562120 -0.0248300 0.0112138
v 0.0558423 -0.0249670 0.0112138
v 0.0555011 -0.0251541 0.0112138
v 0.0551968 -0.0253866 0.0112138
v 0.0549369 -0.0256589 0.0112138
v 0.0547278 -0.0259641 0.0112138
v 0.0545747 -0.0262949 0.0112138
v 0.0544813 -0.0266431 0.0112138
v 0.0544499 -0.0270000 0.0112138
v 0.0544813 -0.0273569 0.0112138
v 0.0545747 -0.0277051 0.0112138
v 0.0547278 -0.0280359 0.0112138
v 0.0549369 -0.0283411 0.0112138
v 0.0551968 -0.0286134 0.0112138
v 0.0555011 -0.0288459 0.0112138
v 0.0558423 -0.0290330 0.0112138
v 0.0562120 -0.0291700 0.0112138
v 0.0566011 -0.0292536 0.0112138
v 0.0570000 -0.0292817 0.0112138
v 0.0573989 -0.0292536 0.0112138
v 0.0577880 -0.0291700 0.0112138
v 0.0581577 -0.0290330 0.0112138
v 0.0584989 -0.0288459 0.0112138
v 0.0588032 -0.0286134 0.0112138
v 0.0590631 -0.0283411 0.0112138
v 0.0592722 -0.0280359 0.0112138
v 0.0594253 -0.0277051 0.0112138
v 0.0595187 -0.0273569 0.0112138
v 0.0620523 -0.0270000 0.0118525
v 0.0619901 -0.0262928 0.0118525
v 0.0618050 -0.0256031 0.0118525
v 0.0615016 -0.0249478 0.0118525
v 0.0610874 -0.0243429 0.0118525
v 0.0605725 -0.0238036 0.0118525
v 0.0599697 -0.0233429 0.0118525
v 0.0592937 -0.0229722 0.0118525
v 0.0585612 -0.0227008 0.0118525
v 0.0577904 -0.0225352 0.0118525
v 0.0570000 -0.0224795 0.0118525
v 0.0562096 -0.0225352 0.0118525
v 0.0554388 -0.0227008 0.0118525
v 0.0547063 -0.0229722 0.0118525
v 0.0540303 -0.0233429 0.0118525
v 0.0534275 -0.0238036 0.0118525
v 0.0529126 -0.0243429 0.0118525
v 0.0524984 -0.0249478 0.0118525
v 0.0521950 -0.0256031 0.0118525
v 0.0520099 -0.0262928 0.0118525
v 0.0519477 -0.0270000 0.0118525
v 0.0520099 -0.0277072 0.0118525
v 0.0521950 -0.0283969 0.0118525
v 0.0524984 -0.0290522 0.0118525
v 0.0529126 -0.0296571 0.0118525
v 0.0534275 -0.0301964 0.0118525
v 0.0540303 -0.0306571 0.0118525
v 0.0547063 -0.0310278 0.0118525
v 0.0554388 -0.0312992 0.0118525
v 0.0562096 -0.0314648 0.0118525
v 0.0570000 -0.0315205 0.0118525
v 0.0577904 -0.0314648 0.0118525
v 0.0585612 -0.0312992 0.0118525
v 0.0592937 -0.0310278 0.0118525
v 0.0599697 -0.0306571 0.0118525
v 0.0605725 -0.0301964 0.0118525
v 0.0610874 -0.0296571 0.0118525
v 0.0615016 -0.0290522 0.0118525
v 0.0618050 -0.0283969 0.0118525
v 0.0619901 -0.0277072 0.0118525
v 0.0644599 -0.0270000 0.0129080
v 0.0643681 -0.0259559 0.0129080
v 0.0640948 -0.0249374 0.0129080
v 0.0636468 -0.0239698 0.0129080
v 0.0630352 -0.0230767 0.0129080
v 0.0622750 -0.0222803 0.0129080
v 0.0613848 -0.0216001 0.0129080
v 0.0603867 -0.0210528 0.0129080
v 0.0593052 -0.0206520 0.0129080
v 0.0581670 -0.0204075 0.0129080
v 0.0570000 -0.0203253 0.0129080
v 0.0558330 -0.0204075 0.0129080
v 0.0546948 -0.0206520 0.0129080
v 0.0536133 -0.0210528 0.0129080
v 0.0526152 -0.0216001 0.0129080
v 0.0517250 -0.0222803 0.0129080
v 0.0509648 -0.0230767 0.0129080
v 0.0503532 -0.0239698 0.0129080
v 0.0499052 -0.0249374 0.0129080
v 0.0496319 -0.0259559 0.0129080
v 0.0495401 -0.0270000 0.0129080
v 0.0496319 -0.0280441 0.0129080
v 0.0499052 -0.0290626 0.0129080
v 0.0503532 -0.0300302 0.0129080
v 0.0509648 -0.0309233 0.0129080
v 0.0517250 -0.0317197 0.0129080
v 0.0526152 -0.0323999 0.0129080
v 0.0536133 -0.0329472 0.0129080
v 0.0546948 -0.0333480 0.0129080
v 0.0558330 -0.0335925 0.0129080
v 0.0570000 -0.0336747 0.0129080
v 0.0581670 -0.0335925 0.0129080
v 0.0593052 -0.0333480 0.0129080
v 0.0603867 -0.0329472 0.0129080
v 0.0613848 -0.0323999 0.0129080
v 0.0622750 -0.0317197 0.0129080
v 0.0630352 -0.0309233 0.0129080
v 0.0636468 -0.0300302 0.0129080
v 0.0640948 -0.0290626 0.0129080
v 0.0643681 -0.0280441 0.0129080
v 0.0667293 -0.0270000 0.0143671
v 0.0666095 -0.0256382 0.0143671
v 0.0662531 -0.0243100 0.0143671
v 0.0656688 -0.0230480 0.0143671
v 0.0648711 -0.0218832 0.0143671
v 0.0638796 -0.0208445 0.0143671
v 0.0627187 -0.0199574 0.0143671
v 0.0614170 -0.0192437 0.0143671
v 0.0600065 -0.0187209 0.0143671
v 0.0585220 -0.0184020 0.0143671
v 0.0570000 -0.0182949 0.0143671
v 0.0554780 -0.0184020 0.0143671
v 0.0539935 -0.0187209 0.0143671
v 0.0525830 -0.0192437 0.0143671
v 0.0512813 -0.0199574 0.0143671
v 0.0501204 -0.0208445 0.0143671
v 0.0491289 -0.0218832 0.0143671
v 0.0483312 -0.0230480 0.0143671
v 0.0477469 -0.0243100 0.0143671
v 0.0473905 -0.0256382 0.0143671
v 0.0472707 -0.0270000 0.0143671
v 0.0473905 -0.0283618 0.0143671
v 0.0477469 -0.0296900 0.0143671
v 0.0483312 -0.0309520 0.0143671
v 0.0491289 -0.0321168 0.0143671
v 0.0501204 -0.0331555 0.0143671
v 0.0512813 -0.0340426 0.0143671
v 0.0525830 -0.0347563 0.0143671
v 0.0539935 -0.0352791 0.0143671
v 0.0554780 -0.0355980 0.0143671
v 0.0570000 -0.0357051 0.0143671
v 0.0585220 -0.0355980 0.0143671
v 0.0600065 -0.0352791 0.0143671
v 0.0614170 -0.0347563 0.0143671
v 0.0627187 -0.0340426 0.0143671
v 0.0638796 -0.0331555 0.0143671
v 0.0648711 -0.0321168 0.0143671
v 0.0656688 -0.0309520 0.0143671
v 0.0662531 -0.0296900 0.0143671
v 0.0666095 -0.0283618 0.0143671
v 0.0688205 -0.0270000 0.0162114
v 0.0686749 -0.0253455 0.0162114
v 0.0682419 -0.0237318 0.0162114
v 0.0675321 -0.0221985 0.0162114
v 0.0665629 -0.0207835 0.0162114
v 0.0653583 -0.0195215 0.0162114
v 0.0639479 -0.0184437 0.0162114
v 0.0623664 -0.0175765 0.0162114
v 0.0606527 -0.0169414 0.0162114
v 0.0588491 -0.0165540 0.0162114
v 0.0570000 -0.0164238 0.0162114
v 0.0551509 -0.0165540 0.0162114
v 0.0533473 -0.0169414 0.0162114
v 0.0516336 -0.0175765 0.0162114
v 0.0500521 -0.0184437 0.0162114
v 0.0486417 -0.0195215 0.0162114
v 0.0474371 -0.0207835 0.0162114
v 0.0464679 -0.0221985 0.0162114
v 0.0457581 -0.0237318 0.0162114
v 0.0453251 -0.0253455 0.0162114
v 0.0451795 -0.0270000 0.0162114
v 0.0453251 -0.0286545 0.0162114
v 0.0457581 -0.0302682 0.0162114
v 0.0464679 -0.0318015 0.0162114
v 0.0474371 -0.0332165 0.0162114
v 0.0486417 -0.0344785 0.0162114
v 0.0500521 -0.0355563 0.0162114
v 0.0516336 -0.0364235 0.0162114
v 0.0533473 -0.0370586 0.0162114
v 0.0551509 -0.0374460 0.0162114
v 0.0570000 -0.0375762 0.0162114
v 0.0588491 -0.0374460 0.0162114
v 0.0606527 -0.0370586 0.0162114
v 0.0623664 -0.0364235 0.0162114
v 0.0639479 -0.0355563 0.0162114
v 0.0653583 -0.0344785 0.0162114
v 0.0665629 -0.0332165 0.0162114
v 0.0675321 -0.0318015 0.0162114
v 0.0682419 -0.0302682 0.0162114
v 0.0686749 -0.0286545 0.0162114
v 0.0706987 -0.0270000 0.0184177
v 0.0705300 -0.0250826 0.0184177
v 0.0700282 -0.0232125 0.0184177
v 0.0692056 -0.0214356 0.0184177
v 0.0680825 -0.0197957 0.0184177
v 0.0666864 -0.0183332 0.0184177
v 0.0650519 -0.0170841 0.0184177
v 0.0632191 -0.0160792 0.0184177
v 0.0612331 -0.0153432 0.0184177
v 0.0591429 -0.0148942 0.0184177
v 0.0570000 -0.0147433 0.0184177
v 0.0548571 -0.0148942 0.0184177
v 0.0527669 -0.0153432 0.0184177
v 0.0507809 -0.0160792 0.0184177
v 0.0489481 -0.0170841 0.0184177
v 0.0473136 -0.0183332 0.0184177
v 0.0459175 -0.0197957 0.0184177
v 0.0447944 -0.0214356 0.0184177
v 0.0439718 -0.0232125 0.0184177
v 0.0434700 -0.0250826 0.0184177
v 0.0433013 -0.0270000 0.0184177
v 0.0434700 -0.0289174 0.0184177
v 0.0439718 -0.0307875 0.0184177
v 0.0447944 -0.0325644 0.0184177
v 0.0459175 -0.0342043 0.0184177
v 0.0473136 -0.0356668 0.0184177
v 0.0489481 -0.0369159 0.0184177
v 0.0507809 -0.0379208 0.0184177
v 0.0527669 -0.0386568 0.0184177
v 0.0548571 -0.0391058 0.0184177
v 0.0570000 -0.0392567 0.0184177
v 0.0591429 -0.0391058 0.0184177
v 0.0612331 -0.0386568 0.0184177
v 0.0632191 -0.0379208 0.0184177
v 0.0650519 -0.0369159 0.0184177
v 0.0666864 -0.0356668 0.0184177
v 0.0680825 -0.0342043 0.0184177
v 0.0692056 -0.0325644 0.0184177
v 0.0700282 -0.0307875 0.0184177
v 0.0705300 -0.0289174 0.0184177
v 0.0723350 -0.0270000 0.0209584
v 0.0721462 -0.0248536 0.0209584
v 0.0715845 -0.0227600 0.0209584
v 0.0706636 -0.0207709 0.0209584
v 0.0694063 -0.0189351 0.0209584
v 0.0678435 -0.0172979 0.0209584
v 0.0660137 -0.0158996 0.0209584
v 0.0639620 -0.0147747 0.0209584
v 0.0617388 -0.0139507 0.0209584
v 0.0593989 -0.0134481 0.0209584
v 0.0570000 -0.0132792 0.0209584
v 0.0546011 -0.0134481 0.0209584
v 0.0522612 -0.0139507 0.0209584
v 0.0500380 -0.0147747 0.0209584
v 0.0479863 -0.0158996 0.0209584
v 0.0461565 -0.0172979 0.0209584
v 0.0445937 -0.0189351 0.0209584
v 0.0433364 -0.0207709 0.0209584
v 0.0424155 -0.0227600 0.0209584
v 0.0418538 -0.0248536 0.0209584
v 0.0416650 -0.0270000 0.0209584
v 0.0418538 -0.0291464 0.0209584
v 0.0424155 -0.0312400 0.0209584
v 0.0433364 -0.0332291 0.0209584
v 0.0445937 -0.0350649 0.0209584
v 0.0461565 -0.0367021 0.0209584
v 0.0479863 -0.0381004 0.0209584
v 0.0500380 -0.0392253 0.0209584
v 0.0522612 -0.0400493 0.0209584
v 0.0546011 -0.0405519 0.0209584
v 0.0570000 -0.0407208 0.0209584
v 0.0593989 -0.0405519 0.0209584
v 0.0617388 -0.0400493 0.0209584
v 0.0639620 -0.0392253 0.0209584
v 0.0660137 -0.0381004 0.0209584
v 0.0678435 -0.0367021 0.0209584
v 0.0694063 -0.0350649 0.0209584
v 0.0706636 -0.0332291 0.0209584
v 0.0715845 -0.0312400 0.0209584
v 0.0721462 -0.0291464 0.0209584
v 0.0737072 -0.0270000 0.0238013
v 0.0735015 -0.0246615 0.0238013
v 0.0728895 -0.0223807 0.0238013
v 0.0718862 -0.0202135 0.0238013
v 0.0705164 -0.0182135 0.0238013
v 0.0688137 -0.0164298 0.0238013
v 0.0668202 -0.0149064 0.0238013
v 0.0645849 -0.0136808 0.0238013
v 0.0621628 -0.0127831 0.0238013
v 0.0596136 -0.0122355 0.0238013
v 0.0570000 -0.0120515 0.0238013
v 0.0543864 -0.0122355 0.0238013
v 0.0518372 -0.0127831 0.0238013
v 0.0494151 -0.0136808 0.0238013
v 0.0471798 -0.0149064 0.0238013
v 0.0451863 -0.0164298 0.0238013
v 0.0434836 -0.0182135 0.0238013
v 0.0421138 -0.0202135 0.0238013
v 0.0411105 -0.0223807 0.0238013
v 0.0404985 -0.0246615 0.0238013
v 0.0402928 -0.0270000 0.0238013
v 0.0404985 -0.0293385 0.0238013
v 0.0411105 -0.0316193 0.0238013
v 0.0421138 -0.0337865 0.0238013
v 0.0434836 -0.0357865 0.0238013
v 0.0451863 -0.0375702 0.0238013
v 0.0471798 -0.0390936 0.0238013
v 0.0494151 -0.0403192 0.0238013
v 0.0518372 -0.0412169 0.0238013
v 0.0543864 -0.0417645 0.0238013
v 0.0570000 -0.0419485 0.0238013
v 0.0596136 -0.0417645 0.0238013
v 0.0621628 -0.0412169 0.0238013
v 0.0645849 -0.0403192 0.0238013
v 0.0668202 -0.0390936 0.0238013
v 0.0688137 -0.0375702 0.0238013
v 0.0705164 -0.0357865 0.0238013
v 0.0718862 -0.0337865 0.0238013
v 0.0728895 -0.0316193 0.0238013
v 0.0735015 -0.0293385 0.0238013
v 0.0747996 -0.0270000 0.0269109
v 0.0745805 -0.0245086 0.0269109
v 0.0739284 -0.0220786 0.0269109
v 0.0728596 -0.0197698 0.0269109
v 0.0714002 -0.0176390 0.0269109
v 0.0695862 -0.0157386 0.0269109
v 0.0674623 -0.0141156 0.0269109
v 0.0650808 -0.0128099 0.0269109
v 0.0625004 -0.0118535 0.0269109
v 0.0597845 -0.0112701 0.0269109
v 0.0570000 -0.0110740 0.0269109
v 0.0542155 -0.0112701 0.0269109
v 0.0514996 -0.0118535 0.0269109
v 0.0489192 -0.0128099 0.0269109
v 0.0465377 -0.0141156 0.0269109
v 0.0444138 -0.0157386 0.0269109
v 0.0425998 -0.0176390 0.0269109
v 0.0411404 -0.0197698 0.0269109
v 0.0400716 -0.0220786 0.0269109
v 0.0394195 -0.0245086 0.0269109
v 0.0392004 -0.0270000 0.0269109
v 0.0394195 -0.0294914 0.0269109
v 0.0400716 -0.0319214 0.0269109
v 0.0411404 -0.0342302 0.0269109
v 0.0425998 -0.0363610 0.0269109
v 0.0444138 -0.0382614 0.0269109
v 0.0465377 -0.0398844 0.0269109
v 0.0489192 -0.0411901 0.0269109
v 0.0514996 -0.0421465 0.0269109
v 0.0542155 -0.0427299 0.0269109
v 0.0570000 -0.0429260 0.0269109
v 0.0597845 -0.0427299 0.0269109
v 0.0625004 -0.0421465 0.0269109
v 0.0650808 -0.0411901 0.0269109
v 0.0674623 -0.0398844 0.0269109
v 0.0695862 -0.0382614 0.0269109
v 0.0714002 -0.0363610 0.0269109
v 0.0728596 -0.0342302 0.0269109
v 0.0739284 -0.0319214 0.0269109
v 0.0745805 -0.0294914 0.0269109
v 0.0756039 -0.0270000 0.0302480
v 0.0753748 -0.0243961 0.0302480
v 0.0746933 -0.0218562 0.0302480
v 0.0735762 -0.0194431 0.0302480
v 0.0720509 -0.0172160 0.0302480
v 0.0701549 -0.0152298 0.0302480
v 0.0679351 -0.0135334 0.0302480
v 0.0654460 -0.0121687 0.0302480
v 0.0627489 -0.0111691 0.0302480
v 0.0599103 -0.0105594 0.0302480
v 0.0570000 -0.0103544 0.0302480
v 0.0540897 -0.0105594 0.0302480
v 0.0512511 -0.0111691 0.0302480
v 0.0485540 -0.0121687 0.0302480
v 0.0460649 -0.0135334 0.0302480
v 0.0438451 -0.0152298 0.0302480
v 0.0419491 -0.0172160 0.0302480
v 0.0404238 -0.0194431 0.0302480
v 0.0393067 -0.0218562 0.0302480
v 0.0386252 -0.0243961 0.0302480
v 0.0383961 -0.0270000 0.0302480
v 0.0386252 -0.0296039 0.0302480
v 0.0393067 -0.0321438 0.0302480
v 0.0404238 -0.0345569 0.0302480
v 0.0419491 -0.0367840 0.0302480
v 0.0438451 -0.0387702 0.0302480
v 0.0460649 -0.0404666 0.0302480
v 0.0485540 -0.0418313 0.0302480
v 0.0512511 -0.0428309 0.0302480
v 0.0540897 -0.0434406 0.0302480
v 0.0570000 -0.0436456 0.0302480
v 0.0599103 -0.0434406 0.0302480
v 0.0627489 -0.0428309 0.0302480
v 0.0654460 -0.0418313 0.0302480
v 0.0679351 -0.0404666 0.0302480
v 0.0701549 -0.0387702 0.0302480
v 0.0720509 -0.0367840 0.0302480
v 0.0735762 -0.0345569 0.0302480
v 0.0746933 -0.0321438 0.0302480
v 0.0753748 -0.0296039 0.0302480
v 0.0761184 -0.0270000 0.0337705
v 0.0758830 -0.0243240 0.0337705
v 0.0751827 -0.0217140 0.0337705
v 0.0740346 -0.0192341 0.0337705
v 0.0724671 -0.0169454 0.0337705
v 0.0705188 -0.0149043 0.0337705
v 0.0682375 -0.0131610 0.0337705
v 0.0656796 -0.0117585 0.0337705
v 0.0629079 -0.0107313 0.0337705
v 0.0599908 -0.0101047 0.0337705
v 0.0570000 -0.0098941 0.0337705
v 0.0540092 -0.0101047 0.0337705
v 0.0510921 -0.0107313 0.0337705
v 0.0483204 -0.0117585 0.0337705
v 0.0457625 -0.0131610 0.0337705
v 0.0434812 -0.0149043 0.0337705
v 0.0415329 -0.0169454 0.0337705
v 0.0399654 -0.0192341 0.0337705
v 0.0388173 -0.0217140 0.0337705
v 0.0381170 -0.0243240 0.0337705
v 0.0378816 -0.0270000 0.0337705
v 0.0381170 -0.0296760 0.0337705
v 0.0388173 -0.0322860 0.0337705
v 0.0399654 -0.0347659 0.0337705
v 0.0415329 -0.0370546 0.0337705
v 0.0434812 -0.0390957 0.0337705
v 0.0457625 -0.0408390 0.0337705
v 0.0483204 -0.0422415 0.0337705
v 0.0510921 -0.0432687 0.0337705
v 0.0540092 -0.0438953 0.0337705
v 0.0570000 -0.0441059 0.0337705
v 0.0599908 -0.0438953 0.0337705
v 0.0629079 -0.0432687 0.0337705
v 0.0656796 -0.0422415 0.0337705
v 0.0682375 -0.0408390 0.0337705
v 0.0705188 -0.0390957 0.0337705
v 0.0724671 -0.0370546 0.0337705
v 0.0740346 -0.0347659 0.0337705
v 0.0751827 -0.0322860 0.0337705
v 0.0758830 -0.0296760 0.0337705
v 0.0763480 -0.0270000 0.0374343
v 0.0761098 -0.0242919 0.0374343
v 0.0754011 -0.0216505 0.0374343
v 0.0742392 -0.0191408 0.0374343
v 0.0726529 -0.0168246 0.0374343
v 0.0706811 -0.0147590 0.0374343
v 0.0683725 -0.0129948 0.0374343
v 0.0657838 -0.0115755 0.0374343
v 0.0629789 -0.0105359 0.0374343
v 0.0600267 -0.0099018 0.0374343
v 0.0570000 -0.0096886 0.0374343
v 0.0539733 -0.0099018 0.0374343
v 0.0510211 -0.0105359 0.0374343
v 0.0482162 -0.0115755 0.0374343
v 0.0456275 -0.0129948 0.0374343
v 0.0433189 -0.0147590 0.0374343
v 0.0413471 -0.0168246 0.0374343
v 0.0397608 -0.0191408 0.0374343
v 0.0385989 -0.0216505 0.0374343
v 0.0378902 -0.0242919 0.0374343
v 0.0376520 -0.0270000 0.0374343
v 0.0378902 -0.0297081 0.0374343
v 0.0385989 -0.0323495 0.0374343
v 0.0397608 -0.0348592 0.0374343
v 0.0413471 -0.0371754 0.0374343
v 0.0433189 -0.0392410 0.0374343
v 0.0456275 -0.0410052 0.0374343
v 0.0482162 -0.0424245 0.0374343
v 0.0510211 -0.0434641 0.0374343
v 0.0539733 -0.0440982 0.0374343
v 0.0570000 -0.0443114 0.0374343
v 0.0600267 -0.0440982 0.0374343
v 0.0629789 -0.0434641 0.0374343
v 0.0657838 -0.0424245 0.0374343
v 0.0683725 -0.0410052 0.0374343
v 0.0706811 -0.0392410 0.0374343
v 0.0726529 -0.0371754 0.0374343
v 0.0742392 -0.0348592 0.0374343
v 0.0754011 -0.0323495 0.0374343
v 0.0761098 -0.0297081 0.0374343
v 0.0763033 -0.0270000 0.0411932
v 0.0760657 -0.0242982 0.0411932
v 0.0753585 -0.0216628 0.0411932
v 0.0741994 -0.0191590 0.0411932
v 0.0726167 -0.0168481 0.0411932
v 0.0706495 -0.0147873 0.0411932
v 0.0683462 -0.0130271 0.0411932
v 0.0657635 -0.0116111 0.0411932
v 0.0629651 -0.0105739 0.0411932
v 0.0600197 -0.0099412 0.0411932
v 0.0570000 -0.0097286 0.0411932
v 0.0539803 -0.0099412 0.0411932
v 0.0510349 -0.0105739 0.0411932
v 0.0482365 -0.0116111 0.0411932
v 0.0456538 -0.0130271 0.0411932
v 0.0433505 -0.0147873 0.0411932
v 0.0413833 -0.0168481 0.0411932
v 0.0398006 -0.0191590 0.0411932
v 0.0386415 -0.0216628 0.0411932
v 0.0379343 -0.0242982 0.0411932
v 0.0376967 -0.0270000 0.0411932
v 0.0379343 -0.0297018 0.0411932
v 0.0386415 -0.0323372 0.0411932
v 0.0398006 -0.0348410 0.0411932
v 0.0413833 -0.0371519 0.0411932
v 0.0433505 -0.0392127 0.0411932
v 0.0456538 -0.0409729 0.0411932
v 0.0482365 -0.0423889 0.0411932
v 0.0510349 -0.0434261 0.0411932
v 0.0539803 -0.0440588 0.0411932
v 0.0570000 -0.0442714 0.0411932
v 0.0600197 -0.0440588 0.0411932
v 0.0629651 -0.0434261 0.0411932
v 0.0657635 -0.0423889 0.0411932
v 0.0683462 -0.0409729 0.0411932
v 0.0706495 -0.0392127 0.0411932
v 0.0726167 -0.0371519 0.0411932
v 0.0741994 -0.0348410 0.0411932
v 0.0753585 -0.0323372 0.0411932
v 0.0760657 -0.0297018 0.0411932
v 0.0760000 -0.0270000 0.0450000
v 0.0757661 -0.0243406 0.0450000
v 0.0750701 -0.0217467 0.0450000
v 0.0739291 -0.0192822 0.0450000
v 0.0723713 -0.0170077 0.0450000
v 0.0704350 -0.0149792 0.0450000
v 0.0681679 -0.0132467 0.0450000
v 0.0656258 -0.0118529 0.0450000
v 0.0628713 -0.0108320 0.0450000
v 0.0599723 -0.0102093 0.0450000
v 0.0570000 -0.0100000 0.0450000
v 0.0540277 -0.0102093 0.0450000
v 0.0511287 -0.0108320 0.0450000
v 0.0483742 -0.0118529 0.0450000
v 0.0458321 -0.0132467 0.0450000
v 0.0435650 -0.0149792 0.0450000
v 0.0416287 -0.0170077 0.0450000
v 0.0400709 -0.0192822 0.0450000
v 0.0389299 -0.0217467 0.0450000
v 0.0382339 -0.0243406 0.0450000
v 0.0380000 -0.0270000 0.0450000
v 0.0382339 -0.0296594 0.0450000
v 0.0389299 -0.0322533 0.0450000
v 0.0400709 -0.0347178 0.0450000
v 0.0416287 -0.0369923 0.0450000
v 0.0435650 -0.0390208 0.0450000
v 0.0458321 -0.0407533 0.0450000
v 0.0483742 -0.0421471 0.0450000
v 0.0511287 -0.0431680 0.0450000
v 0.0540277 -0.0437907 0.0450000
v 0.0570000 -0.0440000 0.0450000
v 0.0599723 -0.0437907 0.0450000
v 0.0628713 -0.0431680 0.0450000
v 0.0656258 -0.0421471 0.0450000
v 0.0681679 -0.0407533 0.0450000
v 0.0704350 -0.0390208 0.0450000
v 0.0723713 -0.0369923 0.0450000
v 0.0739291 -0.0347178 0.0450000
v 0.0750701 -0.0322533 0.0450000
v 0.0757661 -0.0296594 0.0450000
v 0.0754577 -0.0270000 0.0488068
v 0.0752305 -0.0244165 0.0488068
v 0.0745544 -0.0218966 0.0488068
v 0.0734460 -0.0195024 0.0488068
v 0.0719326 -0.0172928 0.0488068
v 0.0700516 -0.0153223 0.0488068
v 0.0678492 -0.0136392 0.0488068
v 0.0653796 -0.0122852 0.0488068
v 0.0627038 -0.0112935 0.0488068
v 0.0598874 -0.0106885 0.0488068
v 0.0570000 -0.0104852 0.0488068
v 0.0541126 -0.0106885 0.0488068
v 0.0512962 -0.0112935 0.0488068
v 0.0486204 -0.0122852 0.0488068
v 0.0461508 -0.0136392 0.0488068
v 0.0439484 -0.0153223 0.0488068
v 0.0420674 -0.0172928 0.0488068
v 0.0405540 -0.0195024 0.0488068
v 0.0394456 -0.0218966 0.0488068
v 0.0387695 -0.0244165 0.0488068
v 0.0385423 -0.0270000 0.0488068
v 0.0387695 -0.0295835 0.0488068
v 0.0394456 -0.0321034 0.0488068
v 0.0405540 -0.0344976 0.0488068
v 0.0420674 -0.0367072 0.0488068
v 0.0439484 -0.0386777 0.0488068
v 0.0461508 -0.0403608 0.0488068
v 0.0486204 -0.0417148 0.0488068
v 0.0512962 -0.0427065 0.0488068
v 0.0541126 -0.0433115 0.0488068
v 0.0570000 -0.0435148 0.0488068
v 0.0598874 -0.0433115 0.0488068
v 0.0627038 -0.0427065 0.0488068
v 0.0653796 -0.0417148 0.0488068
v 0.0678492 -0.0403608 0.0488068
v 0.0700516 -0.0386777 0.0488068
v 0.0719326 -0.0367072 0.0488068
v 0.0734460 -0.0344976 0.0488068
v 0.0745544 -0.0321034 0.0488068
v 0.0752305 -0.0295835 0.0488068
v 0.0746993 -0.0270000 0.0525657
v 0.0744813 -0.0245227 0.0525657
v 0.0738330 -0.0221064 0.0525657
v 0.0727701 -0.0198105 0.0525657
v 0.0713190 -0.0176917 0.0525657
v 0.0695153 -0.0158021 0.0525657
v 0.0674034 -0.0141883 0.0525657
v 0.0650353 -0.0128899 0.0525657
v 0.0624694 -0.0119389 0.0525657
v 0.0597688 -0.0113588 0.0525657
v 0.0570000 -0.0111638 0.0525657
v 0.0542312 -0.0113588 0.0525657
v 0.0515306 -0.0119389 0.0525657
v 0.0489647 -0.0128899 0.0525657
v 0.0465966 -0.0141883 0.0525657
v 0.0444847 -0.0158021 0.0525657
v 0.0426810 -0.0176917 0.0525657
v 0.0412299 -0.0198105 0.0525657
v 0.0401670 -0.0221064 0.0525657
v 0.0395187 -0.0245227 0.0525657
v 0.0393007 -0.0270000 0.0525657
v 0.0395187 -0.0294773 0.0525657
v 0.0401670 -0.0318936 0.0525657
v 0.0412299 -0.0341895 0.0525657
v 0.0426810 -0.0363083 0.0525657
v 0.0444847 -0.0381979 0.0525657
v 0.0465966 -0.0398117 0.0525657
v 0.0489647 -0.0411101 0.0525657
v 0.0515306 -0.0420611 0.0525657
v 0.0542312 -0.0426412 0.0525657
v 0.0570000 -0.0428362 0.0525657
v 0.0597688 -0.0426412 0.0525657
v 0.0624694 -0.0420611 0.0525657
v 0.0650353 -0.0411101 0.0525657
v 0.0674034 -0.0398117 0.0525657
v 0.0695153 -0.0381979 0.0525657
v 0.0713190 -0.0363083 0.0525657
v 0.0727701 -0.0341895 0.0525657
v 0.0738330 -0.0318936 0.0525657
v 0.0744813 -0.0294773 0.0525657
v 0.0737492 -0.0270000 0.0562295
v 0.0735429 -0.0246557 0.0562295
v 0.0729294 -0.0223690 0.0562295
v 0.0719236 -0.0201965 0.0562295
v 0.0705503 -0.0181914 0.0562295
v 0.0688434 -0.0164032 0.0562295
v 0.0668449 -0.0148760 0.0562295
v 0.0646040 -0.0136473 0.0562295
v 0.0621758 -0.0127474 0.0562295
v 0.0596201 -0.0121984 0.0562295
v 0.0570000 -0.0120139 0.0562295
v 0.0543799 -0.0121984 0.0562295
v 0.0518242 -0.0127474 0.0562295
v 0.0493960 -0.0136473 0.0562295
v 0.0471551 -0.0148760 0.0562295
v 0.0451566 -0.0164032 0.0562295
v 0.0434497 -0.0181914 0.0562295
v 0.0420764 -0.0201965 0.0562295
v 0.0410706 -0.0223690 0.0562295
v 0.0404571 -0.0246557 0.0562295
v 0.0402508 -0.0270000 0.0562295
v 0.0404571 -0.0293443 0.0562295
v 0.0410706 -0.0316310 0.0562295
v 0.0420764 -0.0338035 0.0562295
v 0.0434497 -0.0358086 0.0562295
v 0.0451566 -0.0375968 0.0562295
v 0.0471551 -0.0391240 0.0562295
v 0.0493960 -0.0403527 0.0562295
v 0.0518242 -0.0412526 0.0562295
v 0.0543799 -0.0418016 0.0562295
v 0.0570000 -0.0419861 0.0562295
v 0.0596201 -0.0418016 0.0562295
v 0.0621758 -0.0412526 0.0562295
v 0.0646040 -0.0403527 0.0562295
v 0.0668449 -0.0391240 0.0562295
v 0.0688434 -0.0375968 0.0562295
v 0.0705503 -0.0358086 0.0562295
v 0.0719236 -0.0338035 0.0562295
v 0.0729294 -0.0316310 0.0562295
v 0.0735429 -0.0293443 0.0562295
v 0.0726329 -0.0270000 0.0597520
v 0.0724405 -0.0248119 0.0597520
v 0.0718678 -0.0226777 0.0597520
v 0.0709290 -0.0206499 0.0597520
v 0.0696473 -0.0187784 0.0597520
v 0.0680541 -0.0171094 0.0597520
v 0.0661888 -0.0156840 0.0597520
v 0.0640972 -0.0145372 0.0597520
v 0.0618308 -0.0136972 0.0597520
v 0.0594455 -0.0131849 0.0597520
v 0.0570000 -0.0130126 0.0597520
v 0.0545545 -0.0131849 0.0597520
v 0.0521692 -0.0136972 0.0597520
v 0.0499028 -0.0145372 0.0597520
v 0.0478112 -0.0156840 0.0597520
v 0.0459459 -0.0171094 0.0597520
v 0.0443527 -0.0187784 0.0597520
v 0.0430710 -0.0206499 0.0597520
v 0.0421322 -0.0226777 0.0597520
v 0.0415595 -0.0248119 0.0597520
v 0.0413671 -0.0270000 0.0597520
v 0.0415595 -0.0291881 0.0597520
v 0.0421322 -0.0313223 0.0597520
v 0.0430710 -0.0333501 0.0597520
v 0.0443527 -0.0352216 0.0597520
v 0.0459459 -0.0368906 0.0597520
v 0.0478112 -0.0383160 0.0597520
v 0.0499028 -0.0394628 0.0597520
v 0.0521692 -0.0403028 0.0597520
v 0.0545545 -0.0408151 0.0597520
v 0.0570000 -0.0409874 0.0597520
v 0.0594455 -0.0408151 0.0597520
v 0.0618308 -0.0403028 0.0597520
v 0.0640972 -0.0394628 0.0597520
v 0.0661888 -0.0383160 0.0597520
v 0.0680541 -0.0368906 0.0597520
v 0.0696473 -0.0352216 0.0597520
v 0.0709290 -0.0333501 0.0597520
v 0.0718678 -0.0313223 0.0597520
v 0.0724405 -0.0291881 0.0597520
v 0.0713759 -0.0270000 0.0630891
v 0.0711989 -0.0249878 0.0630891
v 0.0706723 -0.0230252 0.0630891
v 0.0698090 -0.0211605 0.0630891
v 0.0686304 -0.0194395 0.0630891
v 0.0671653 -0.0179047 0.0630891
v 0.0654500 -0.0165939 0.0630891
v 0.0635265 -0.0155393 0.0630891
v 0.0614424 -0.0147669 0.0630891
v 0.0592489 -0.0142957 0.0630891
v 0.0570000 -0.0141373 0.0630891
v 0.0547511 -0.0142957 0.0630891
v 0.0525576 -0.0147669 0.0630891
v 0.0504735 -0.0155393 0.0630891
v 0.0485500 -0.0165939 0.0630891
v 0.0468347 -0.0179047 0.0630891
v 0.0453696 -0.0194395 0.0630891
v 0.0441910 -0.0211605 0.0630891
v 0.0433277 -0.0230252 0.0630891
v 0.0428011 -0.0249878 0.0630891
v 0.0426241 -0.0270000 0.0630891
v 0.0428011 -0.0290122 0.0630891
v 0.0433277 -0.0309748 0.0630891
v 0.0441910 -0.0328395 0.0630891
v 0.0453696 -0.0345605 0.0630891
v 0.0468347 -0.0360953 0.0630891
v 0.0485500 -0.0374061 0.0630891
v 0.0504735 -0.0384607 0.0630891
v 0.0525576 -0.0392331 0.0630891
v 0.0547511 -0.0397043 0.0630891
v 0.0570000 -0.0398627 0.0630891
v 0.0592489 -0.0397043 0.0630891
v 0.0614424 -0.0392331 0.0630891
v 0.0635265 -0.0384607 0.0630891
v 0.0654500 -0.0374061 0.0630891
v 0.0671653 -0.0360953 0.0630891
v 0.0686304 -0.0345605 0.0630891
v 0.0698090 -0.0328395 0.0630891
v 0.0706723 -0.0309748 0.0630891
v 0.0711989 -0.0290122 0.0630891
v 0.0700024 -0.0270000 0.0661987
v 0.0698424 -0.0251801 0.0661987
v 0.0693661 -0.0234050 0.0661987
v 0.0685853 -0.0217184 0.0661987
v 0.0675192 -0.0201618 0.0661987
v 0.0661941 -0.0187737 0.0661987
v 0.0646426 -0.0175881 0.0661987
v 0.0629030 -0.0166342 0.0661987
v 0.0610180 -0.0159356 0.0661987
v 0.0590340 -0.0155095 0.0661987
v 0.0570000 -0.0153662 0.0661987
v 0.0549660 -0.0155095 0.0661987
v 0.0529820 -0.0159356 0.0661987
v 0.0510970 -0.0166342 0.0661987
v 0.0493574 -0.0175881 0.0661987
v 0.0478059 -0.0187737 0.0661987
v 0.0464808 -0.0201618 0.0661987
v 0.0454147 -0.0217184 0.0661987
v 0.0446339 -0.0234050 0.0661987
v 0.0441576 -0.0251801 0.0661987
v 0.0439976 -0.0270000 0.0661987
v 0.0441576 -0.0288199 0.0661987
v 0.0446339 -0.0305950 0.0661987
v 0.0454147 -0.0322816 0.0661987
v 0.0464808 -0.0338382 0.0661987
v 0.0478059 -0.0352263 0.0661987
v 0.0493574 -0.0364119 0.0661987
v 0.0510970 -0.0373658 0.0661987
v 0.0529820 -0.0380644 0.0661987
v 0.0549660 -0.0384905 0.0661987
v 0.0570000 -0.0386338 0.0661987
v 0.0590340 -0.0384905 0.0661987
v 0.0610180 -0.0380644 0.0661987
v 0.0629030 -0.0373658 0.0661987
v 0.0646426 -0.0364119 0.0661987
v 0.0661941 -0.0352263 0.0661987
v 0.0675192 -0.0338382 0.0661987
v 0.0685853 -0.0322816 0.0661987
v 0.0693661 -0.0305950 0.0661987
v 0.0698424 -0.0288199 0.0661987
v 0.0685350 -0.0270000 0.0690416
v 0.0683930 -0.0253855 0.0690416
v 0.0679705 -0.0238107 0.0690416
v 0.0672778 -0.0223144 0.0690416
v 0.0663320 -0.0209336 0.0690416
v 0.0651565 -0.0197021 0.0690416
v 0.0637801 -0.0186503 0.0690416
v 0.0622368 -0.0178041 0.0690416
v 0.0605645 -0.0171843 0.0690416
v 0.0588045 -0.0168063 0.0690416
v 0.0570000 -0.0166792 0.0690416
v 0.0551955 -0.0168063 0.0690416
v 0.0534355 -0.0171843 0.0690416
v 0.0517632 -0.0178041 0.0690416
v 0.0502199 -0.0186503 0.0690416
v 0.0488435 -0.0197021 0.0690416
v 0.0476680 -0.0209336 0.0690416
v 0.0467222 -0.0223144 0.0690416
v 0.0460295 -0.0238107 0.0690416
v 0.0456070 -0.0253855 0.0690416
v 0.0454650 -0.0270000 0.0690416
v 0.0456070 -0.0286145 0.0690416
v 0.0460295 -0.0301893 0.0690416
v 0.0467222 -0.0316856 0.0690416
v 0.0476680 -0.0330664 0.0690416
v 0.0488435 -0.0342979 0.0690416
v 0.0502199 -0.0353497 0.0690416
v 0.0517632 -0.0361959 0.0690416
v 0.0534355 -0.0368157 0.0690416
v 0.0551955 -0.0371937 0.0690416
v 0.0570000 -0.0373208 0.0690416
v 0.0588045 -0.0371937 0.0690416
v 0.0605645 -0.0368157 0.0690416
v 0.0622368 -0.0361959 0.0690416
v 0.0637801 -0.0353497 0.0690416
v 0.0651565 -0.0342979 0.0690416
v 0.0663320 -0.0330664 0.0690416
v 0.0672778 -0.0316856 0.0690416
v 0.0679705 -0.0301893 0.0690416
v 0.0683930 -0.0286145 0.0690416
v 0.0669939 -0.0270000 0.0715823
v 0.0668709 -0.0256012 0.0715823
v 0.0665048 -0.0242368 0.0715823
v 0.0659047 -0.0229404 0.0715823
v 0.0650853 -0.0217441 0.0715823
v 0.0640668 -0.0206771 0.0715823
v 0.0628743 -0.0197658 0.0715823
v 0.0615372 -0.0190327 0.0715823
v 0.0600883 -0.0184957 0.0715823
v 0.0585634 -0.0181681 0.0715823
v 0.0570000 -0.0180581 0.0715823
v 0.0554366 -0.0181681 0.0715823
v 0.0539117 -0.0184957 0.0715823
v 0.0524628 -0.0190327 0.0715823
v 0.0511257 -0.0197658 0.0715823
v 0.0499332 -0.0206771 0.0715823
v 0.0489147 -0.0217441 0.0715823
v 0.0480953 -0.0229404 0.0715823
v 0.0474952 -0.0242368 0.0715823
v 0.0471291 -0.0256012 0.0715823
v 0.0470061 -0.0270000 0.0715823
v 0.0471291 -0.0283988 0.0715823
v 0.0474952 -0.0297632 0.0715823
v 0.0480953 -0.0310596 0.0715823
v 0.0489147 -0.0322559 0.0715823
v 0.0499332 -0.0333229 0.0715823
v 0.0511257 -0.0342342 0.0715823
v 0.0524628 -0.0349673 0.0715823
v 0.0539117 -0.0355043 0.0715823
v 0.0554366 -0.0358319 0.0715823
v 0.0570000 -0.0359419 0.0715823
v 0.0585634 -0.0358319 0.0715823
v 0.0600883 -0.0355043 0.0715823
v 0.0615372 -0.0349673 0.0715823
v 0.0628743 -0.0342342 0.0715823
v 0.0640668 -0.0333229 0.0715823
v 0.0650853 -0.0322559 0.0715823
v 0.0659047 -0.0310596 0.0715823
v 0.0665048 -0.0297632 0.0715823
v 0.0668709 -0.0283988 0.0715823
v 0.0653968 -0.0270000 0.0737886
v 0.0652934 -0.0258247 0.0737886
v 0.0649858 -0.0246784 0.0737886
v 0.0644816 -0.0235892 0.0737886
v 0.0637931 -0.0225840 0.0737886
v 0.0629374 -0.0216876 0.0737886
v 0.0619355 -0.0209219 0.0737886
v 0.0608121 -0.0203060 0.0737886
v 0.0595947 -0.0198548 0.0737886
v 0.0583135 -0.0195796 0.0737886
v 0.0570000 -0.0194871 0.0737886
v 0.0556865 -0.0195796 0.0737886
v 0.0544053 -0.0198548 0.0737886
v 0.0531879 -0.0203060 0.0737886
v 0.0520645 -0.0209219 0.0737886
v 0.0510626 -0.0216876 0.0737886
v 0.0502069 -0.0225840 0.0737886
v 0.0495184 -0.0235892 0.0737886
v 0.0490142 -0.0246784 0.0737886
v 0.0487066 -0.0258247 0.0737886
v 0.0486032 -0.0270000 0.0737886
v 0.0487066 -0.0281753 0.0737886
v 0.0490142 -0.0293216 0.0737886
v 0.0495184 -0.0304108 0.0737886
v 0.0502069 -0.0314160 0.0737886
v 0.0510626 -0.0323124 0.0737886
v 0.0520645 -0.0330781 0.0737886
v 0.0531879 -0.0336940 0.0737886
v 0.0544053 -0.0341452 0.0737886
v 0.0556865 -0.0344204 0.0737886
v 0.0570000 -0.0345129 0.0737886
v 0.0583135 -0.0344204 0.0737886
v 0.0595947 -0.0341452 0.0737886
v 0.0608121 -0.0336940 0.0737886
v 0.0619355 -0.0330781 0.0737886
v 0.0629374 -0.0323124 0.0737886
v 0.0637931 -0.0314160 0.0737886
v 0.0644816 -0.0304108 0.0737886
v 0.0649858 -0.0293216 0.0737886
v 0.0652934 -0.0281753 0.0737886
v 0.0637583 -0.0270000 0.0756329
v 0.0636751 -0.0260541 0.0756329
v 0.0634275 -0.0251314 0.0756329
v 0.0630217 -0.0242548 0.0756329
v 0.0624676 -0.0234457 0.0756329
v 0.0617788 -0.0227242 0.0756329
v 0.0609724 -0.0221079 0.0756329
v 0.0600682 -0.0216122 0.0756329
v 0.0590884 -0.0212490 0.0756329
v 0.0580572 -0.0210275 0.0756329
v 0.0570000 -0.0209531 0.0756329
v 0.0559428 -0.0210275 0.0756329
v 0.0549116 -0.0212490 0.0756329
v 0.0539318 -0.0216122 0.0756329
v 0.0530276 -0.0221079 0.0756329
v 0.0522212 -0.0227242 0.0756329
v 0.0515324 -0.0234457 0.0756329
v 0.0509783 -0.0242548 0.0756329
v 0.0505725 -0.0251314 0.0756329
v 0.0503249 -0.0260541 0.0756329
v 0.0502417 -0.0270000 0.0756329
v 0.0503249 -0.0279459 0.0756329
v 0.0505725 -0.0288686 0.0756329
v 0.0509783 -0.0297452 0.0756329
v 0.0515324 -0.0305543 0.0756329
v 0.0522212 -0.0312758 0.0756329
v 0.0530276 -0.0318921 0.0756329
v 0.0539318 -0.0323878 0.0756329
v 0.0549116 -0.0327510 0.0756329
v 0.0559428 -0.0329725 0.0756329
v 0.0570000 -0.0330469 0.0756329
v 0.0580572 -0.0329725 0.0756329
v 0.0590884 -0.0327510 0.0756329
v 0.0600682 -0.0323878 0.0756329
v 0.0609724 -0.0318921 0.0756329
v 0.0617788 -0.0312758 0.0756329
v 0.0624676 -0.0305543 0.0756329
v 0.0630217 -0.0297452 0.0756329
v 0.0634275 -0.0288686 0.0756329
v 0.0636751 -0.0279459 0.0756329
v 0.0620907 -0.0270000 0.0770920
v 0.0620280 -0.0262875 0.0770920
v 0.0618415 -0.0255925 0.0770920
v 0.0615358 -0.0249322 0.0770920
v 0.0611184 -0.0243227 0.0770920
v 0.0605996 -0.0237793 0.0770920
v 0.0599922 -0.0233151 0.0770920
v 0.0593111 -0.0229416 0.0770920
v 0.0585731 -0.0226681 0.0770920
v 0.0577964 -0.0225013 0.0770920
v 0.0570000 -0.0224452 0.0770920
v 0.0562036 -0.0225013 0.0770920
v 0.0554269 -0.0226681 0.0770920
v 0.0546889 -0.0229416 0.0770920
v 0.0540078 -0.0233151 0.0770920
v 0.0534004 -0.0237793 0.0770920
v 0.0528816 -0.0243227 0.0770920
v 0.0524642 -0.0249322 0.0770920
v 0.0521585 -0.0255925 0.0770920
v 0.0519720 -0.0262875 0.0770920
v 0.0519093 -0.0270000 0.0770920
v 0.0519720 -0.0277125 0.0770920
v 0.0521585 -0.0284075 0.0770920
v 0.0524642 -0.0290678 0.0770920
v 0.0528816 -0.0296773 0.0770920
v 0.0534004 -0.0302207 0.0770920
v 0.0540078 -0.0306849 0.0770920
v 0.0546889 -0.0310584 0.0770920
v 0.0554269 -0.0313319 0.0770920
v 0.0562036 -0.0314987 0.0770920
v 0.0570000 -0.0315548 0.0770920
v 0.0577964 -0.0314987 0.0770920
v 0.0585731 -0.0313319 0.0770920
v 0.0593111 -0.0310584 0.0770920
v 0.0599922 -0.0306849 0.0770920
v 0.0605996 -0.0302207 0.0770920
v 0.0611184 -0.0296773 0.0770920
v 0.0615358 -0.0290678 0.0770920
v 0.0618415 -0.0284075 0.0770920
v 0.0620280 -0.0277125 0.0770920
v 0.0604035 -0.0270000 0.0781475
v 0.0603616 -0.0265236 0.0781475
v 0.0602369 -0.0260590 0.0781475
v 0.0600326 -0.0256175 0.0781475
v 0.0597535 -0.0252100 0.0781475
v 0.0594067 -0.0248467 0.0781475
v 0.0590005 -0.0245363 0.0781475
v 0.0585452 -0.0242867 0.0781475
v 0.0580517 -0.0241038 0.0781475
v 0.0575324 -0.0239922 0.0781475
v 0.0570000 -0.0239547 0.0781475
v 0.0564676 -0.0239922 0.0781475
v 0.0559483 -0.0241038 0.0781475
v 0.0554548 -0.0242867 0.0781475
v 0.0549995 -0.0245363 0.0781475
v 0.0545933 -0.0248467 0.0781475
v 0.0542465 -0.0252100 0.0781475
v 0.0539674 -0.0256175 0.0781475
v 0.0537631 -0.0260590 0.0781475
v 0.0536384 -0.0265236 0.0781475
v 0.0535965 -0.0270000 0.0781475
v 0.0536384 -0.0274764 0.0781475
v 0.0537631 -0.0279410 0.0781475
v 0.0539674 -0.0283825 0.0781475
v 0.0542465 -0.0287900 0.0781475
v 0.0545933 -0.0291533 0.0781475
v 0.0549995 -0.0294637 0.0781475
v 0.0554548 -0.0297133 0.0781475
v 0.0559483 -0.0298962 0.0781475
v 0.0564676 -0.0300078 0.0781475
v 0.0570000 -0.0300453 0.0781475
v 0.0575324 -0.0300078 0.0781475
v 0.0580517 -0.0298962 0.0781475
v 0.0585452 -0.0297133 0.0781475
v 0.0590005 -0.0294637 0.0781475
v 0.0594067 -0.0291533 0.0781475
v 0.0597535 -0.0287900 0.0781475
v 0.0600326 -0.0283825 0.0781475
v 0.0602369 -0.0279410 0.0781475
v 0.0603616 -0.0274764 0.0781475
v 0.0587045 -0.0270000 0.0787862
v 0.0586835 -0.0267614 0.0787862
v 0.0586211 -0.0265287 0.0787862
v 0.0585188 -0.0263076 0.0787862
v 0.0583790 -0.0261036 0.0787862
v 0.0582053 -0.0259216 0.0787862
v 0.0580019 -0.0257662 0.0787862
v 0.0577738 -0.0256411 0.0787862
v 0.0575267 -0.0255495 0.0787862
v 0.0572666 -0.0254937 0.0787862
v 0.0570000 -0.0254749 0.0787862
v 0.0567334 -0.0254937 0.0787862
v 0.0564733 -0.0255495 0.0787862
v 0.0562262 -0.0256411 0.0787862
v 0.0559981 -0.0257662 0.0787862
v 0.0557947 -0.0259216 0.0787862
v 0.0556210 -0.0261036 0.0787862
v 0.0554812 -0.0263076 0.0787862
v 0.0553789 -0.0265287 0.0787862
v 0.0553165 -0.0267614 0.0787862
v 0.0552955 -0.0270000 0.0787862
v 0.0553165 -0.0272386 0.0787862
v 0.0553789 -0.0274713 0.0787862
v 0.0554812 -0.0276924 0.0787862
v 0.0556210 -0.0278964 0.0787862
v 0.0557947 -0.0280784 0.0787862
v 0.0559981 -0.0282338 0.0787862
v 0.0562262 -0.0283589 0.0787862
v 0.0564733 -0.0284505 0.0787862
v 0.0567334 -0.0285063 0.0787862
v 0.0570000 -0.0285251 0.0787862
v 0.0572666 -0.0285063 0.0787862
v 0.0575267 -0.0284505 0.0787862
v 0.0577738 -0.0283589 0.0787862
v 0.0580019 -0.0282338 0.0787862
v 0.0582053 -0.0280784 0.0787862
v 0.0583790 -0.0278964 0.0787862
v 0.0585188 -0.0276924 0.0787862
v 0.0586211 -0.0274713 0.0787862
v 0.0586835 -0.0272386 0.0787862
v 0.0570000 -0.0270000 0.0790000
v -0.0570000 0.0270000 0.0110000
v -0.0544499 0.0270000 0.0112138
v -0.0544813 0.0273569 0.0112138
v -0.0545747 0.0277051 0.0112138
v -0.0547278 0.0280359 0.0112138
v -0.0549369 0.0283411 0.0112138
v -0.0551968 0.0286134 0.0112138
v -0.0555011 0.0288459 0.0112138
v -0.0558423 0.0290330 0.0112138
v -0.0562120 0.0291700 0.0112138
v -0.0566011 0.0292536 0.0112138
v -0.0570000 0.0292817 0.0112138
v -0.0573989 0.0292536 0.0112138
v -0.0577880 0.0291700 0.0112138
v -0.0581577 0.0290330 0.0112138
v -0.0584989 0.0288459 0.0112138
v -0.0588032 0.0286134 0.0112138
v -0.0590631 0.0283411 0.0112138
v -0.0592722 0.0280359 0.0112138
v -0.0594253 0.0277051 0.0112138
v -0.0595187 0.0273569 0.0112138
v -0.0595501 0.0270000 0.0112138
v -0.0595187 0.0266431 0.0112138
v -0.0594253 0.0262949 0.0112138
v -0.0592722 0.0259641 0.0112138
v -0.0590631 0.0256589 0.0112138
v -0.0588032 0.0253866 0.0112138
v -0.0584989 0.0251541 0.0112138
v -0.0581577 0.0249670 0.0112138
v -0.0577880 0.0248300 0.0112138
v -0.0573989 0.0247464 0.0112138
v -0.0570000 0.0247183 0.0112138
v -0.0566011 0.0247464 0.0112138
v -0.0562120 0.0248300 0.0112138
v -0.0558423 0.0249670 0.0112138
v -0.0555011 0.0251541 0.0112138
v -0.0551968 0.0253866 0.0112138
v -0.0549369 0.0256589 0.0112138
v -0.0547278 0.0259641 0.0112138
v -0.0545747 0.0262949 0.0112138
v -0.0544813 0.0266431 0.0112138
v -0.0519477 0.0270000 0.0118525
v -0.0520099 0.0277072 0.0118525
v -0.0521950 0.0283969 0.0118525
v -0.0524984 0.0290522 0.0118525
v -0.0529126 0.0296571 0.0118525
v -0.0534275 0.0301964 0.0118525
v -0.0540303 0.0306571 0.0118525
v -0.0547063 0.0310278 0.0118525
v -0.0554388 0.0312992 0.0118525
v -0.0562096 0.0314648 0.0118525
v -0.0570000 0.0315205 0.0118525
v -0.0577904 0.0314648 0.0118525
v -0.0585612 0.0312992 0.0118525
v -0.0592937 0.0310278 0.0118525
v -0.0599697 0.0306571 0.0118525
v -0.0605725 0.0301964 0.0118525
v -0.0610874 0.0296571 0.0118525
v -0.0615016 0.0290522 0.0118525
v -0.0618050 0.0283969 0.0118525
v -0.0619901 0.0277072 0.0118525
v -0.0620523 0.0270000 0.0118525
v -0.0619901 0.0262928 0.0118525
v -0.0618050 0.0256031 0.0118525
v -0.0615016 0.0249478 0.0118525
v -0.0610874 0.0243429 0.0118525
v -0.0605725 0.0238036 0.0118525
v -0.0599697 0.0233429 0.0118525
v -0.0592937 0.0229722 0.0118525
v -0.0585612 0.0227008 0.0118525
v -0.0577904 0.0225352 0.0118525
v -0.0570000 0.0224795 0.0118525
v -0.0562096 0.0225352 0.0118525
v -0.0554388 0.0227008 0.0118525
v -0.0547063 0.0229722 0.0118525
v -0.0540303 0.0233429 0.0118525
v -0.0534275 0.0238036 0.0118525
v -0.0529126 0.0243429 0.0118525
v -0.0524984 0.0249478 0.0118525
v -0.0521950 0.0256031 0.0118525
v -0.0520099 0.0262928 0.0118525
v -0.0495401 0.0270000 0.0129080
v -0.0496319 0.0280441 0.0129080
v -0.0499052 0.0290626 0.0129080
v -0.0503532 0.0300302 0.0129080
v -0.0509648 0.0309233 0.0129080
v -0.0517250 0.0317197 0.0129080
v -0.0526152 0.0323999 0.0129080
v -0.0536133 0.0329472 0.0129080
v -0.0546948 0.0333480 0.0129080
v -0.0558330 0.0335925 0.0129080
v -0.0570000 0.0336747 0.0129080
v -0.0581670 0.0335925 0.0129080
v -0.0593052 0.0333480 0.0129080
v -0.0603867 0.0329472 0.0129080
v -0.0613848 0.0323999 0.0129080
v -0.0622750 0.0317197 0.0129080
v -0.0630352 0.0309233 0.0129080
v -0.0636468 0.0300302 0.0129080
v -0.0640948 0.0290626 0.0129080
v -0.0643681 0.0280441 0.0129080
v -0.0644599 0.0270000 0.0129080
v -0.0643681 0.0259559 0.0129080
v -0.0640948 0.0249374 0.0129080
v -0.0636468 0.0239698 0.0129080
v -0.0630352 0.0230767 0.0129080
v -0.0622750 0.0222803 0.0129080
v -0.0613848 0.0216001 0.0129080
v -0.0603867 0.0210528 0.0129080
v -0.0593052 0.0206520 0.0129080
v -0.0581670 0.0204075 0.0129080
v -0.0570000 0.0203253 0.0129080
v -0.0558330 0.0204075 0.0129080
v -0.0546948 0.0206520 0.0129080
v -0.0536133 0.0210528 0.0129080
v -0.0526152 0.0216001 0.0129080
v -0.0517250 0.0222803 0.0129080
v -0.0509648 0.0230767 0.0129080
v -0.0503532 0.0239698 0.0129080
v -0.0499052 0.0249374 0.0129080
v -0.0496319 0.0259559 0.0129080
v -0.0472707 0.0270000 0.0143671
v -0.0473905 0.0283618 0.0143671
v -0.0477469 0.0296900 0.0143671
v -0.0483312 0.0309520 0.0143671
v -0.0491289 0.0321168 0.0143671
v -0.0501204 0.0331555 0.0143671
v -0.0512813 0.0340426 0.0143671
v -0.0525830 0.0347563 0.0143671
v -0.0539935 0.0352791 0.0143671
v -0.0554780 0.0355980 0.0143671
v -0.0570000 0.0357051 0.0143671
v -0.0585220 0.0355980 0.0143671
v -0.0600065 0.0352791 0.0143671
v -0.0614170 0.0347563 0.0143671
v -0.0627187 0.0340426 0.0143671
v -0.0638796 0.0331555 0.0143671
v -0.0648711 0.0321168 0.0143671
v -0.0656688 0.0309520 0.0143671
v -0.0662531 0.0296900 0.0143671
v -0.0666095 0.0283618 0.0143671
v -0.0667293 0.0270000 0.0143671
v -0.0666095 0.0256382 0.0143671
v -0.0662531 0.0243100 0.0143671
v -0.0656688 0.0230480 0.0143671
v -0.0648711 0.0218832 0.0143671
v -0.0638796 0.0208445 0.0143671
v -0.0627187 0.0199574 0.0143671
v -0.0614170 0.0192437 0.0143671
v -0.0600065 0.0187209 0.0143671
v -0.0585220 0.0184020 0.0143671
v -0.0570000 0.0182949 0.0143671
v -0.0554780 0.0184020 0.0143671
v -0.0539935 0.0187209 0.0143671
v -0.0525830 0.0192437 0.0143671
v -0.0512813 0.0199574 0.0143671
v -0.0501204 0.0208445 0.0143671
v -0.0491289 0.0218832 0.0143671
v -0.0483312 0.0230480 0.0143671
v -0.0477469 0.0243100 0.0143671
v -0.0473905 0.0256382 0.0143671
v -0.0451795 0.0270000 0.0162114
v -0.0453251 0.0286545 0.0162114
v -0.0457581 0.0302682 0.0162114
v -0.0464679 0.0318015 0.0162114
v -0.0474371 0.0332165 0.0162114
v -0.0486417 0.0344785 0.0162114
v -0.0500521 0.0355563 0.0162114
v -0.0516336 0.0364235 0.0162114
v -0.0533473 0.0370586 0.0162114
v -0.0551509 0.0374460 0.0162114
v -0.0570000 0.0375762 0.0162114
v -0.0588491 0.0374460 0.0162114
v -0.0606527 0.0370586 0.0162114
v -0.0623664 0.0364235 0.0162114
v -0.0639479 0.0355563 0.0162114
v -0.0653583 0.0344785 0.0162114
v -0.0665629 0.0332165 0.0162114
v -0.0675321 0.0318015 0.0162114
v -0.0682419 0.0302682 0.0162114
v -0.0686749 0.0286545 0.0162114
v -0.0688205 0.0270000 0.0162114
v -0.0686749 0.0253455 0.0162114
v -0.0682419 0.0237318 0.0162114
v -0.0675321 0.0221985 0.0162114
v -0.0665629 0.0207835 0.0162114
v -0.0653583 0.0195215 0.0162114
v -0.0639479 0.0184437 0.0162114
v -0.0623664 0.0175765 0.0162114
v -0.0606527 0.0169414 0.0162114
v -0.0588491 0.0165540 0.0162114
v -0.0570000 0.0164238 0.0162114
v -0.0551509 0.0165540 0.0162114
v -0.0533473 0.0169414 0.0162114
v -0.0516336 0.0175765 0.0162114
v -0.0500521 0.0184437 0.0162114
v -0.0486417 0.0195215 0.0162114
v -0.0474371 0.0207835 0.0162114
v -0.0464679 0.0221985 0.0162114
v -0.0457581 0.0237318 0.0162114
v -0.0453251 0.0253455 0.0162114
v -0.0433013 0.0270000 0.0184177
v -0.0434700 0.0289174 0.0184177
v -0.0439718 0.0307875 0.0184177
v -0.0447944 0.0325644 0.0184177
v -0.0459175 0.0342043 0.0184177
v -0.0473136 0.0356668 0.0184177
v -0.0489481 0.0369159 0.0184177
v -0.0507809 0.0379208 0.0184177
v -0.0527669 0.0386568 0.0184177
v -0.0548571 0.0391058 0.0184177
v -0.0570000 0.0392567 0.0184177
v -0.0591429 0.0391058 0.0184177
v -0.0612331 0.0386568 0.0184177
v -0.0632191 0.0379208 0.0184177
v -0.0650519 0.0369159 0.0184177
v -0.0666864 0.0356668 0.0184177
v -0.0680825 0.0342043 0.0184177
v -0.0692056 0.0325644 0.0184177
v -0.0700282 0.0307875 0.0184177
v -0.0705300 0.0289174 0.0184177
v -0.0706987 0.0270000 0.0184177
v -0.0705300 0.0250826 0.0184177
v -0.0700282 0.0232125 0.0184177
v -0.0692056 0.0214356 0.0184177
v -0.0680825 0.0197957 0.0184177
v -0.0666864 0.0183332 0.0184177
v -0.0650519 0.0170841 0.0184177
v -0.0632191 0.0160792 0.0184177
v -0.0612331 0.0153432 0.0184177
v -0.0591429 0.0148942 0.0184177
v -0.0570000 0.0147433 0.0184177
v -0.0548571 0.0148942 0.0184177
v -0.0527669 0.0153432 0.0184177
v -0.0507809 0.0160792 0.0184177
v -0.0489481 0.0170841 0.0184177
v -0.0473136 0.0183332 0.0184177
v -0.0459175 0.0197957 0.0184177
v -0.0447944 0.0214356 0.0184177
v -0.0439718 0.0232125 0.0184177
v -0.0434700 0.0250826 0.0184177
v -0.0416650 0.0270000 0.0209584
v -0.0418538 0.0291464 0.0209584
v -0.0424155 0.0312400 0.0209584
v -0.0433364 0.0332291 0.0209584
v -0.0445937 0.0350649 0.0209584
v -0.0461565 0.0367021 0.0209584
v -0.0479863 0.0381004 0.0209584
v -0.0500380 0.0392253 0.0209584
v -0.0522612 0.0400493 0.0209584
v -0.0546011 0.0405519 0.0209584
v -0.0570000 0.0407208 0.0209584
v -0.0593989 0.0405519 0.0209584
v -0.0617388 0.0400493 0.0209584
v -0.0639620 0.0392253 0.0209584
v -0.0660137 0.0381004 0.0209584
v -0.0678435 0.0367021 0.0209584
v -0.0694063 0.0350649 0.0209584
v -0.0706636 0.0332291 0.0209584
v -0.0715845 0.0312400 0.0209584
v -0.0721462 0.0291464 0.0209584
v -0.0723350 0.0270000 0.0209584
v -0.0721462 0.0248536 0.0209584
v -0.0715845 0.0227600 0.0209584
v -0.0706636 0.0207709 0.0209584
v -0.0694063 0.0189351 0.0209584
v -0.0678435 0.0172979 0.0209584
v -0.0660137 0.0158996 0.0209584
v -0.0639620 0.0147747 0.0209584
v -0.0617388 0.0139507 0.0209584
v -0.0593989 0.0134481 0.0209584
v -0.0570000 0.0132792 0.0209584
v -0.0546011 0.0134481 0.0209584
v -0.0522612 0.0139507 0.0209584
v -0.0500380 0.0147747 0.0209584
v -0.0479863 0.0158996 0.0209584
v -0.0461565 0.0172979 0.0209584
v -0.0445937 0.0189351 0.0209584
v -0.0433364 0.0207709 0.0209584
v -0.0424155 0.0227600 0.0209584
v -0.0418538 0.0248536 0.0209584
v -0.0402928 0.0270000 0.0238013
v -0.0404985 0.0293385 0.0238013
v -0.0411105 0.0316193 0.0238013
v -0.0421138 0.0337865 0.0238013
v -0.0434836 0.0357865 0.0238013
v -0.0451863 0.0375702 0.0238013
v -0.0471798 0.0390936 0.0238013
v -0.0494151 0.0403192 0.0238013
v -0.0518372 0.0412169 0.0238013
v -0.0543864 0.0417645 0.0238013
v -0.0570000 0.0419485 0.0238013
v -0.0596136 0.0417645 0.0238013
v -0.0621628 0.0412169 0.0238013
v -0.0645849 0.0403192 0.0238013
v -0.0668202 0.0390936 0.0238013
v -0.0688137 0.0375702 0.0238013
v -0.0705164 0.0357865 0.0238013
v -0.0718862 0.0337865 0.0238013
v -0.0728895 0.0316193 0.0238013
v -0.0735015 0.0293385 0.0238013
v -0.0737072 0.0270000 0.0238013
v -0.0735015 0.0246615 0.0238013
v -0.0728895 0.0223807 0.0238013
v -0.0718862 0.0202135 0.0238013
v -0.0705164 0.0182135 0.0238013
v -0.0688137 0.0164298 0.0238013
v -0.0668202 0.0149064 0.0238013
v -0.0645849 0.0136808 0.0238013
v -0.0621628 0.0127831 0.0238013
v -0.0596136 0.0122355 0.0238013
v -0.0570000 0.0120515 0.0238013
v -0.0543864 0.0122355 0.0238013
v -0.0518372 0.0127831 0.0238013
v -0.0494151 0.0136808 0.0238013
v -0.0471798 0.0149064 0.0238013
v -0.0451863 0.0164298 0.0238013
v -0.0434836 0.0182135 0.0238013
v -0.0421138 0.0202135 0.0238013
v -0.0411105 0.0223807 0.0238013
v -0.0404985 0.0246615 0.0238013
v -0.0392004 0.0270000 0.0269109
v -0.0394195 0.0294914 0.0269109
v -0.0400716 0.0319214 0.0269109
v -0.0411404 0.0342302 0.0269109
v -0.0425998 0.0363610 0.0269109
v -0.0444138 0.0382614 0.0269109
v -0.0465377 0.0398844 0.0269109
v -0.0489192 0.0411901 0.0269109
v -0.0514996 0.0421465 0.0269109
v -0.0542155 0.0427299 0.0269109
v -0.0570000 0.0429260 0.0269109
v -0.0597845 0.0427299 0.0269109
v -0.0625004 0.0421465 0.0269109
v -0.0650808 0.0411901 0.0269109
v -0.0674623 0.0398844 0.0269109
v -0.0695862 0.0382614 0.0269109
v -0.0714002 0.0363610 0.0269109
v -0.0728596 0.0342302 0.0269109
v -0.0739284 0.0319214 0.0269109
v -0.0745805 0.0294914 0.0269109
v -0.0747996 0.0270000 0.0269109
v -0.0745805 0.0245086 0.0269109
v -0.0739284 0.0220786 0.0269109
v -0.0728596 0.0197698 0.0269109
v -0.0714002 0.0176390 0.0269109
v -0.0695862 0.0157386 0.0269109
v -0.0674623 0.0141156 0.0269109
v -0.0650808 0.0128099 0.0269109
v -0.0625004 0.0118535 0.0269109
v -0.0597845 0.0112701 0.0269109
v -0.0570000 0.0110740 0.0269109
v -0.0542155 0.0112701 0.0269109
v -0.0514996 0.0118535 0.0269109
v -0.0489192 0.0128099 0.0269109
v -0.0465377 0.0141156 0.0269109
v -0.0444138 0.0157386 0.0269109
v -0.0425998 0.0176390 0.0269109
v -0.0411404 0.0197698 0.0269109
v -0.0400716 0.0220786 0.0269109
v -0.0394195 0.0245086 0.0269109
v -0.0383961 0.0270000 0.0302480
v -0.0386252 0.0296039 0.0302480
v -0.0393067 0.0321438 0.0302480
v -0.0404238 0.0345569 0.0302480
v -0.0419491 0.0367840 0.0302480
v -0.0438451 0.0387702 0.0302480
v -0.0460649 0.0404666 0.0302480
v -0.0485540 0.0418313 0.0302480
v -0.0512511 0.0428309 0.0302480
v -0.0540897 0.0434406 0.0302480
v -0.0570000 0.0436456 0.0302480
v -0.0599103 0.0434406 0.0302480
v -0.0627489 0.0428309 0.0302480
v -0.0654460 0.0418313 0.0302480
v -0.0679351 0.0404666 0.0302480
v -0.0701549 0.0387702 0.0302480
v -0.0720509 0.0367840 0.0302480
v -0.0735762 0.0345569 0.0302480
v -0.0746933 0.0321438 0.0302480
v -0.0753748 0.0296039 0.0302480
v -0.0756039 0.0270000 0.0302480
v -0.0753748 0.0243961 0.0302480
v -0.0746933 0.0218562 0.0302480
v -0.0735762 0.0194431 0.0302480
v -0.0720509 0.0172160 0.0302480
v -0.0701549 0.0152298 0.0302480
v -0.0679351 0.0135334 0.0302480
v -0.0654460 0.0121687 0.0302480
v -0.0627489 0.0111691 0.0302480
v -0.0599103 0.0105594 0.0302480
v -0.0570000 0.0103544 0.0302480
v -0.0540897 0.0105594 0.0302480
v -0.0512511 0.0111691 0.0302480
v -0.0485540 0.0121687 0.0302480
v -0.0460649 0.0135334 0.0302480
v -0.0438451 0.0152298 0.0302480
v -0.0419491 0.0172160 0.0302480
v -0.0404238 0.0194431 0.0302480
v -0.0393067 0.0218562 0.0302480
v -0.0386252 0.0243961 0.0302480
v -0.0378816 0.0270000 0.0337705
v -0.0381170 0.0296760 0.0337705
v -0.0388173 0.0322860 0.0337705
v -0.0399654 0.0347659 0.0337705
v -0.0415329 0.0370546 0.0337705
v -0.0434812 0.0390957 0.0337705
v -0.0457625 0.0408390 0.0337705
v -0.0483204 0.0422415 0.0337705
v -0.0510921 0.0432687 0.0337705
v -0.0540092 0.0438953 0.0337705
v -0.0570000 0.0441059 0.0337705
v -0.0599908 0.0438953 0.0337705
v -0.0629079 0.0432687 0.0337705
v -0.0656796 0.0422415 0.0337705
v -0.0682375 0.0408390 0.0337705
v -0.0705188 0.0390957 0.0337705
v -0.0724671 0.0370546 0.0337705
v -0.0740346 0.0347659 0.0337705
v -0.0751827 0.0322860 0.0337705
v -0.0758830 0.0296760 0.0337705
v -0.0761184 0.0270000 0.0337705
v -0.0758830 0.0243240 0.0337705
v -0.0751827 0.0217140 0.0337705
v -0.0740346 0.0192341 0.0337705
v -0.0724671 0.0169454 0.0337705
v -0.0705188 0.0149043 0.0337705
v -0.0682375 0.0131610 0.0337705
v -0.0656796 0.0117585 0.0337705
v -0.0629079 0.0107313 0.0337705
v -0.0599908 0.0101047 0.0337705
v -0.0570000 0.0098941 0.0337705
v -0.0540092 0.0101047 0.0337705
v -0.0510921 0.0107313 0.0337705
v -0.0483204 0.0117585 0.0337705
v -0.0457625 0.0131610 0.0337705
v -0.0434812 0.0149043 0.0337705
v -0.0415329 0.0169454 0.0337705
v -0.0399654 0.0192341 0.0337705
v -0.0388173 0.0217140 0.0337705
v -0.0381170 0.0243240 0.0337705
v -0.0376520 0.0270000 0.0374343
v -0.0378902 0.0297081 0.0374343
v -0.0385989 0.0323495 0.0374343
v -0.0397608 0.0348592 0.0374343
v -0.0413471 0.0371754 0.0374343
v -0.0433189 0.0392410 0.0374343
v -0.0456275 0.0410052 0.0374343
v -0.0482162 0.0424245 0.0374343
v -0.0510211 0.0434641 0.0374343
v -0.0539733 0.0440982 0.0374343
v -0.0570000 0.0443114 0.0374343
v -0.0600267 0.0440982 0.0374343
v -0.0629789 0.0434641 0.0374343
v -0.0657838 0.0424245 0.0374343
v -0.0683725 0.0410052 0.0374343
v -0.0706811 0.0392410 0.0374343
v -0.0726529 0.0371754 0.0374343
v -0.0742392 0.0348592 0.0374343
v -0.0754011 0.0323495 0.0374343
v -0.0761098 0.0297081 0.0374343
v -0.0763480 0.0270000 0.0374343
v -0.0761098 0.0242919 0.0374343
v -0.0754011 0.0216505 0.0374343
v -0.0742392 0.0191408 0.0374343
v -0.0726529 0.0168246 0.0374343
v -0.0706811 0.0147590 0.0374343
v -0.0683725 0.0129948 0.0374343
v -0.0657838 0.0115755 0.0374343
v -0.0629789 0.0105359 0.0374343
v -0.0600267 0.0099018 0.0374343
v -0.0570000 0.0096886 0.0374343
v -0.0539733 0.0099018 0.0374343
v -0.0510211 0.0105359 0.0374343
v -0.0482162 0.0115755 0.0374343
v -0.0456275 0.0129948 0.0374343
v -0.0433189 0.0147590 0.0374343
v -0.0413471 0.0168246 0.0374343
v -0.0397608 0.0191408 0.0374343
v -0.0385989 0.0216505 0.0374343
v -0.0378902 0.0242919 0.0374343
v -0.0376967 0.0270000 0.0411932
v -0.0379343 0.0297018 0.0411932
v -0.0386415 0.0323372 0.0411932
v -0.0398006 0.0348410 0.0411932
v -0.0413833 0.0371519 0.0411932
v -0.0433505 0.0392127 0.0411932
v -0.0456538 0.0409729 0.0411932
v -0.0482365 0.0423889 0.0411932
v -0.0510349 0.0434261 0.0411932
v -0.0539803 0.0440588 0.0411932
v -0.0570000 0.0442714 0.0411932
v -0.0600197 0.0440588 0.0411932
v -0.0629651 0.0434261 0.0411932
v -0.0657635 0.0423889 0.0411932
v -0.0683462 0.0409729 0.0411932
v -0.0706495 0.0392127 0.0411932
v -0.0726167 0.0371519 0.0411932
v -0.0741994 0.0348410 0.0411932
v -0.0753585 0.0323372 0.0411932
v -0.0760657 0.0297018 0.0411932
v -0.0763033 0.0270000 0.0411932
v -0.0760657 0.0242982 0.0411932
v -0.0753585 0.0216628 0.0411932
v -0.0741994 0.0191590 0.0411932
v -0.0726167 0.0168481 0.0411932
v -0.0706495 0.0147873 0.0411932
v -0.0683462 0.0130271 0.0411932
v -0.0657635 0.0116111 0.0411932
v -0.0629651 0.0105739 0.0411932
v -0.0600197 0.0099412 0.0411932
v -0.0570000 0.0097286 0.0411932
v -0.0539803 0.0099412 0.0411932
v -0.0510349 0.0105739 0.0411932
v -0.0482365 0.0116111 0.0411932
v -0.0456538 0.0130271 0.0411932
v -0.0433505 0.0147873 0.0411932
v -0.0413833 0.0168481 0.0411932
v -0.0398006 0.0191590 0.0411932
v -0.0386415 0.0216628 0.0411932
v -0.0379343 0.0242982 0.0411932
v -0.0380000 0.0270000 0.0450000
v -0.0382339 0.0296594 0.0450000
v -0.0389299 0.0322533 0.0450000
v -0.0400709 0.0347178 0.0450000
v -0.0416287 0.0369923 0.0450000
v -0.0435650 0.0390208 0.0450000
v -0.0458321 0.0407533 0.0450000
v -0.0483742 0.0421471 0.0450000
v -0.0511287 0.0431680 0.0450000
v -0.0540277 0.0437907 0.0450000
v -0.0570000 0.0440000 0.0450000
v -0.0599723 0.0437907 0.0450000
v -0.0628713 0.0431680 0.0450000
v -0.0656258 0.0421471 0.0450000
v -0.0681679 0.0407533 0.0450000
v -0.0704350 0.0390208 0.0450000
v -0.0723713 0.0369923 0.0450000
v -0.0739291 0.0347178 0.0450000
v -0.0750701 0.0322533 0.0450000
v -0.0757661 0.0296594 0.0450000
v -0.0760000 0.0270000 0.0450000
v -0.0757661 0.0243406 0.0450000
v -0.0750701 0.0217467 0.0450000
v -0.0739291 0.0192822 0.0450000
v -0.0723713 0.0170077 0.0450000
v -0.0704350 0.0149792 0.0450000
v -0.0681679 0.0132467 0.0450000
v -0.0656258 0.0118529 0.0450000
v -0.0628713 0.0108320 0.0450000
v -0.0599723 0.0102093 0.0450000
v -0.0570000 0.0100000 0.0450000
v -0.0540277 0.0102093 0.0450000
v -0.0511287 0.0108320 0.0450000
v -0.0483742 0.0118529 0.0450000
v -0.0458321 0.0132467 0.0450000
v -0.0435650 0.0149792 0.0450000
v -0.0416287 0.0170077 0.0450000
v -0.0400709 0.0192822 0.0450000
v -0.0389299 0.0217467 0.0450000
v -0.0382339 0.0243406 0.0450000
v -0.0385423 0.0270000 0.0488068
v -0.0387695 0.0295835 0.0488068
v -0.0394456 0.0321034 0.0488068
v -0.0405540 0.0344976 0.0488068
v -0.0420674 0.0367072 0.0488068
v -0.0439484 0.0386777 0.0488068
v -0.0461508 0.0403608 0.0488068
v -0.0486204 0.0417148 0.0488068
v -0.0512962 0.0427065 0.0488068
v -0.0541126 0.0433115 0.0488068
v -0.0570000 0.0435148 0.0488068
v -0.0598874 0.0433115 0.0488068
v -0.0627038 0.0427065 0.0488068
v -0.0653796 0.0417148 0.0488068
v -0.0678492 0.0403608 0.0488068
v -0.0700516 0.0386777 0.0488068
v -0.0719326 0.0367072 0.0488068
v -0.0734460 0.0344976 0.0488068
v -0.0745544 0.0321034 0.0488068
v -0.0752305 0.0295835 0.0488068
v -0.0754577 0.0270000 0.0488068
v -0.0752305 0.0244165 0.0488068
v -0.0745544 0.0218966 0.0488068
v -0.0734460 0.0195024 0.0488068
v -0.0719326 0.0172928 0.0488068
v -0.0700516 0.0153223 0.0488068
v -0.0678492 0.0136392 0.0488068
v -0.0653796 0.0122852 0.0488068
v -0.0627038 0.0112935 0.0488068
v -0.0598874 0.0106885 0.0488068
v -0.0570000 0.0104852 0.0488068
v -0.0541126 0.0106885 0.0488068
v -0.0512962 0.0112935 0.0488068
v -0.0486204 0.0122852 0.0488068
v -0.0461508 0.0136392 0.0488068
v -0.0439484 0.0153223 0.0488068
v -0.0420674 0.0172928 0.0488068
v -0.0405540 0.0195024 0.0488068
v -0.0394456 0.0218966 0.0488068
v -0.0387695 0.0244165 0.0488068
v -0.0393007 0.0270000 0.0525657
v -0.0395187 0.0294773 0.0525657
v -0.0401670 0.0318936 0.0525657
v -0.0412299 0.0341895 0.0525657
v -0.0426810 0.0363083 0.0525657
v -0.0444847 0.0381979 0.0525657
v -0.0465966 0.0398117 0.0525657
v -0.0489647 0.0411101 0.0525657
v -0.0515306 0.0420611 0.0525657
v -0.0542312 0.0426412 0.0525657
v -0.0570000 0.0428362 0.0525657
v -0.0597688 0.0426412 0.0525657
v -0.0624694 0.0420611 0.0525657
v -0.0650353 0.0411101 0.0525657
v -0.0674034 0.0398117 0.0525657
v -0.0695153 0.0381979 0.0525657
v -0.0713190 0.0363083 0.0525657
v -0.0727701 0.0341895 0.0525657
v -0.0738330 0.0318936 0.0525657
v -0.0744813 0.0294773 0.0525657
v -0.0746993 0.0270000 0.0525657
v -0.0744813 0.0245227 0.0525657
v -0.0738330 0.0221064 0.0525657
v -0.0727701 0.0198105 0.0525657
v -0.0713190 0.0176917 0.0525657
v -0.0695153 0.0158021 0.0525657
v -0.0674034 0.0141883 0.0525657
v -0.0650353 0.0128899 0.0525657
v -0.0624694 0.0119389 0.0525657
v -0.0597688 0.0113588 0.0525657
v -0.0570000 0.0111638 0.0525657
v -0.0542312 0.0113588 0.0525657
v -0.0515306 0.0119389 0.0525657
v -0.0489647 0.0128899 0.0525657
v -0.0465966 0.0141883 0.0525657
v -0.0444847 0.0158021 0.0525657
v -0.0426810 0.0176917 0.0525657
v -0.0412299 0.0198105 0.0525657
v -0.0401670 0.0221064 0.0525657
v -0.0395187 0.0245227 0.0525657
v -0.0402508 0.0270000 0.0562295
v -0.0404571 0.0293443 0.0562295
v -0.0410706 0.0316310 0.0562295
v -0.0420764 0.0338035 0.0562295
v -0.0434497 0.0358086 0.0562295
v -0.0451566 0.0375968 0.0562295
v -0.0471551 0.0391240 0.0562295
v -0.0493960 0.0403527 0.0562295
v -0.0518242 0.0412526 0.0562295
v -0.0543799 0.0418016 0.0562295
v -0.0570000 0.0419861 0.0562295
v -0.0596201 0.0418016 0.0562295
v -0.0621758 0.0412526 0.0562295
v -0.0646040 0.0403527 0.0562295
v -0.0668449 0.0391240 0.0562295
v -0.0688434 0.0375968 0.0562295
v -0.0705503 0.0358086 0.0562295
v -0.0719236 0.0338035 0.0562295
v -0.0729294 0.0316310 0.0562295
v -0.0735429 0.0293443 0.0562295
v -0.0737492 0.0270000 0.0562295
v -0.0735429 0.0246557 0.0562295
v -0.0729294 0.0223690 0.0562295
v -0.0719236 0.0201965 0.0562295
v -0.0705503 0.0181914 0.0562295
v -0.0688434 0.0164032 0.0562295
v -0.0668449 0.0148760 0.0562295
v -0.0646040 0.0136473 0.0562295
v -0.0621758 0.0127474 0.0562295
v -0.0596201 0.0121984 0.0562295
v -0.0570000 0.0120139 0.0562295
v -0.0543799 0.0121984 0.0562295
v -0.0518242 0.0127474 0.0562295
v -0.0493960 0.0136473 0.0562295
v -0.0471551 0.0148760 0.0562295
v -0.0451566 0.0164032 0.0562295
v -0.0434497 0.0181914 0.0562295
v -0.0420764 0.0201965 0.0562295
v -0.0410706 0.0223690 0.0562295
v -0.0404571 0.0246557 0.0562295
v -0.0413671 0.0270000 0.0597520
v -0.0415595 0.0291881 0.0597520
v -0.0421322 0.0313223 0.0597520
v -0.0430710 0.0333501 0.0597520
v -0.0443527 0.0352216 0.0597520
v -0.0459459 0.0368906 0.0597520
v -0.0478112 0.0383160 0.0597520
v -0.0499028 0.0394628 0.0597520
v -0.0521692 0.0403028 0.0597520
v -0.0545545 0.0408151 0.0597520
v -0.0570000 0.0409874 0.0597520
v -0.0594455 0.0408151 0.0597520
v -0.0618308 0.0403028 0.0597520
v -0.0640972 0.0394628 0.0597520
v -0.0661888 0.0383160 0.0597520
v -0.0680541 0.0368906 0.0597520
v -0.0696473 0.0352216 0.0597520
v -0.0709290 0.0333501 0.0597520
v -0.0718678 0.0313223 0.0597520
v -0.0724405 0.0291881 0.0597520
v -0.0726329 0.0270000 0.0597520
v -0.0724405 0.0248119 0.0597520
v -0.0718678 0.0226777 0.0597520
v -0.0709290 0.0206499 0.0597520
v -0.0696473 0.0187784 0.0597520
v -0.0680541 0.0171094 0.0597520
v -0.0661888 0.0156840 0.0597520
v -0.0640972 0.0145372 0.0597520
v -0.0618308 0.0136972 0.0597520
v -0.0594455 0.0131849 0.0597520
v -0.0570000 0.0130126 0.0597520
v -0.0545545 0.0131849 0.0597520
v -0.0521692 0.0136972 0.0597520
v -0.0499028 0.0145372 0.0597520
v -0.0478112 0.0156840 0.0597520
v -0.0459459 0.0171094 0.0597520
v -0.0443527 0.0187784 0.0597520
v -0.0430710 0.0206499 0.0597520
v -0.0421322 0.0226777 0.0597520
v -0.0415595 0.0248119 0.0597520
v -0.0426241 0.0270000 0.0630891
v -0.0428011 0.0290122 0.0630891
v -0.0433277 0.0309748 0.0630891
v -0.0441910 0.0328395 0.0630891
v -0.0453696 0.0345605 0.0630891
v -0.0468347 0.0360953 0.0630891
v -0.0485500 0.0374061 0.0630891
v -0.0504735 0.0384607 0.0630891
v -0.0525576 0.0392331 0.0630891
v -0.0547511 0.0397043 0.0630891
v -0.0570000 0.0398627 0.0630891
v -0.0592489 0.0397043 0.0630891
v -0.0614424 0.0392331 0.0630891
v -0.0635265 0.0384607 0.0630891
v -0.0654500 0.0374061 0.0630891
v -0.0671653 0.0360953 0.0630891
v -0.0686304 0.0345605 0.0630891
v -0.0698090 0.0328395 0.0630891
v -0.0706723 0.0309748 0.0630891
v -0.0711989 0.0290122 0.0630891
v -0.0713759 0.0270000 0.0630891
v -0.0711989 0.0249878 0.0630891
v -0.0706723 0.0230252 0.0630891
v -0.0698090 0.0211605 0.0630891
v -0.0686304 0.0194395 0.0630891
v -0.0671653 0.0179047 0.0630891
v -0.0654500 0.0165939 0.0630891
v -0.0635265 0.0155393 0.0630891
v -0.0614424 0.0147669 0.0630891
v -0.0592489 0.0142957 0.0630891
v -0.0570000 0.0141373 0.0630891
v -0.0547511 0.0142957 0.0630891
v -0.0525576 0.0147669 0.0630891
v -0.0504735 0.0155393 0.0630891
v -0.0485500 0.0165939 0.0630891
v -0.0468347 0.0179047 0.0630891
v -0.0453696 0.0194395 0.0630891
v -0.0441910 0.0211605 0.0630891
v -0.0433277 0.0230252 0.0630891
v -0.0428011 0.0249878 0.0630891
v -0.0439976 0.0270000 0.0661987
v -0.0441576 0.0288199 0.0661987
v -0.0446339 0.0305950 0.0661987
v -0.0454147 0.0322816 0.0661987
v -0.0464808 0.0338382 0.0661987
v -0.0478059 0.0352263 0.0661987
v -0.0493574 0.0364119 0.0661987
v -0.0510970 0.0373658 0.0661987
v -0.0529820 0.0380644 0.0661987
v -0.0549660 0.0384905 0.0661987
v -0.0570000 0.0386338 0.0661987
v -0.0590340 0.0384905 0.0661987
v -0.0610180 0.0380644 0.0661987
v -0.0629030 0.0373658 0.0661987
v -0.0646426 0.0364119 0.0661987
v -0.0661941 0.0352263 0.0661987
v -0.0675192 0.0338382 0.0661987
v -0.0685853 0.0322816 0.0661987
v -0.0693661 0.0305950 0.0661987
v -0.0698424 0.0288199 0.0661987
v -0.0700024 0.0270000 0.0661987
v -0.0698424 0.0251801 0.0661987
v -0.0693661 0.0234050 0.0661987
v -0.0685853 0.0217184 0.0661987
v -0.0675192 0.0201618 0.0661987
v -0.0661941 0.0187737 0.0661987
v -0.0646426 0.0175881 0.0661987
v -0.0629030 0.0166342 0.0661987
v -0.0610180 0.0159356 0.0661987
v -0.0590340 0.0155095 0.0661987
v -0.0570000 0.0153662 0.0661987
v -0.0549660 0.0155095 0.0661987
v -0.0529820 0.0159356 0.0661987
v -0.0510970 0.0166342 0.0661987
v -0.0493574 0.0175881 0.0661987
v -0.0478059 0.0187737 0.0661987
v -0.0464808 0.0201618 0.0661987
v -0.0454147 0.0217184 0.0661987
v -0.0446339 0.0234050 0.0661987
v -0.0441576 0.0251801 0.0661987
v -0.0454650 0.0270000 0.0690416
v -0.0456070 0.0286145 0.0690416
v -0.0460295 0.0301893 0.0690416
v -0.0467222 0.0316856 0.0690416
v -0.0476680 0.0330664 0.0690416
v -0.0488435 0.0342979 0.0690416
v -0.0502199 0.0353497 0.0690416
v -0.0517632 0.0361959 0.0690416
v -0.0534355 0.0368157 0.0690416
v -0.0551955 0.0371937 0.0690416
v -0.0570000 0.0373208 0.0690416
v -0.0588045 0.0371937 0.0690416
v -0.0605645 0.0368157 0.0690416
v -0.0622368 0.0361959 0.0690416
v -0.0637801 0.0353497 0.0690416
v -0.0651565 0.0342979 0.0690416
v -0.0663320 0.0330664 0.0690416
v -0.0672778 0.0316856 0.0690416
v -0.0679705 0.0301893 0.0690416
v -0.0683930 0.0286145 0.0690416
v -0.0685350 0.0270000 0.0690416
v -0.0683930 0.0253855 0.0690416
v -0.0679705 0.0238107 0.0690416
v -0.0672778 0.0223144 0.0690416
v -0.0663320 0.0209336 0.0690416
v -0.0651565 0.0197021 0.0690416
v -0.0637801 0.0186503 0.0690416
v -0.0622368 0.0178041 0.0690416
v -0.0605645 0.0171843 0.0690416
v -0.0588045 0.0168063 0.0690416
v -0.0570000 0.0166792 0.0690416
v -0.0551955 0.0168063 0.0690416
v -0.0534355 0.0171843 0.0690416
v -0.0517632 0.0178041 0.0690416
v -0.0502199 0.0186503 0.0690416
v -0.0488435 0.0197021 0.0690416
v -0.0476680 0.0209336 0.0690416
v -0.0467222 0.0223144 0.0690416
v -0.0460295 0.0238107 0.0690416
v -0.0456070 0.0253855 0.0690416
v -0.0470061 0.0270000 0.0715823
v -0.0471291 0.0283988 0.0715823
v -0.0474952 0.0297632 0.0715823
v -0.0480953 0.0310596 0.0715823
v -0.0489147 0.0322559 0.0715823
v -0.0499332 0.0333229 0.0715823
v -0.0511257 0.0342342 0.0715823
v -0.0524628 0.0349673 0.0715823
v -0.0539117 0.0355043 0.0715823
v -0.0554366 0.0358319 0.0715823
v -0.0570000 0.0359419 0.0715823
v -0.0585634 0.0358319 0.0715823
v -0.0600883 0.0355043 0.0715823
v -0.0615372 0.0349673 0.0715823
v -0.0628743 0.0342342 0.0715823
v -0.0640668 0.0333229 0.0715823
v -0.0650853 0.0322559 0.0715823
v -0.0659047 0.0310596 0.0715823
v -0.0665048 0.0297632 0.0715823
v -0.0668709 0.0283988 0.0715823
v -0.0669939 0.0270000 0.0715823
v -0.0668709 0.0256012 0.0715823
v -0.0665048 0.0242368 0.0715823
v -0.0659047 0.0229404 0.0715823
v -0.0650853 0.0217441 0.0715823
v -0.0640668 0.0206771 0.0715823
v -0.0628743 0.0197658 0.0715823
v -0.0615372 0.0190327 0.0715823
v -0.0600883 0.0184957 0.0715823
v -0.0585634 0.0181681 0.0715823
v -0.0570000 0.0180581 0.0715823
v -0.0554366 0.0181681 0.0715823
v -0.0539117 0.0184957 0.0715823
v -0.0524628 0.0190327 0.0715823
v -0.0511257 0.0197658 0.0715823
v -0.0499332 0.0206771 0.0715823
v -0.0489147 0.0217441 0.0715823
v -0.0480953 0.0229404 0.0715823
v -0.0474952 0.0242368 0.0715823
v -0.0471291 0.0256012 0.0715823
v -0.0486032 0.0270000 0.0737886
v -0.0487066 0.0281753 0.0737886
v -0.0490142 0.0293216 0.0737886
v -0.0495184 0.0304108 0.0737886
v -0.0502069 0.0314160 0.0737886
v -0.0510626 0.0323124 0.0737886
v -0.0520645 0.0330781 0.0737886
v -0.0531879 0.0336940 0.0737886
v -0.0544053 0.0341452 0.0737886
v -0.0556865 0.0344204 0.0737886
v -0.0570000 0.0345129 0.0737886
v -0.0583135 0.0344204 0.0737886
v -0.0595947 0.0341452 0.0737886
v -0.0608121 0.0336940 0.0737886
v -0.0619355 0.0330781 0.0737886
v -0.0629374 0.0323124 0.0737886
v -0.0637931 0.0314160 0.0737886
v -0.0644816 0.0304108 0.0737886
v -0.0649858 0.0293216 0.0737886
v -0.0652934 0.0281753 0.0737886
v -0.0653968 0.0270000 0.0737886
v -0.0652934 0.0258247 0.0737886
v -0.0649858 0.0246784 0.0737886
v -0.0644816 0.0235892 0.0737886
v -0.0637931 0.0225840 0.0737886
v -0.0629374 0.0216876 0.0737886
v -0.0619355 0.0209219 0.0737886
v -0.0608121 0.0203060 0.0737886
v -0.0595947 0.0198548 0.0737886
v -0.0583135 0.0195796 0.0737886
v -0.0570000 0.0194871 0.0737886
v -0.0556865 0.0195796 0.0737886
v -0.0544053 0.0198548 0.0737886
v -0.0531879 0.0203060 0.0737886
v -0.0520645 0.0209219 0.0737886
v -0.0510626 0.0216876 0.0737886
v -0.0502069 0.0225840 0.0737886
v -0.0495184 0.0235892 0.0737886
v -0.0490142 0.0246784 0.0737886
v -0.0487066 0.0258247 0.0737886
v -0.0502417 0.0270000 0.0756329
v -0.0503249 0.0279459 0.0756329
v -0.0505725 0.0288686 0.0756329
v -0.0509783 0.0297452 0.0756329
v -0.0515324 0.0305543 0.0756329
v -0.0522212 0.0312758 0.0756329
v -0.0530276 0.0318921 0.0756329
v -0.0539318 0.0323878 0.0756329
v -0.0549116 0.0327510 0.0756329
v -0.0559428 0.0329725 0.0756329
v -0.0570000 0.0330469 0.0756329
v -0.0580572 0.0329725 0.0756329
v -0.0590884 0.0327510 0.0756329
v -0.0600682 0.0323878 0.0756329
v -0.0609724 0.0318921 0.0756329
v -0.0617788 0.0312758 0.0756329
v -0.0624676 0.0305543 0.0756329
v -0.0630217 0.0297452 0.0756329
v -0.0634275 0.0288686 0.0756329
v -0.0636751 0.0279459 0.0756329
v -0.0637583 0.0270000 0.0756329
v -0.0636751 0.0260541 0.0756329
v -0.0634275 0.0251314 0.0756329
v -0.0630217 0.0242548 0.0756329
v -0.0624676 0.0234457 0.0756329
v -0.0617788 0.0227242 0.0756329
v -0.0609724 0.0221079 0.0756329
v -0.0600682 0.0216122 0.0756329
v -0.0590884 0.0212490 0.0756329
v -0.0580572 0.0210275 0.0756329
v -0.0570000 0.0209531 0.0756329
v -0.0559428 0.0210275 0.0756329
v -0.0549116 0.0212490 0.0756329
v -0.0539318 0.0216122 0.0756329
v -0.0530276 0.0221079 0.0756329
v -0.0522212 0.0227242 0.0756329
v -0.0515324 0.0234457 0.0756329
v -0.0509783 0.0242548 0.0756329
v -0.0505725 0.0251314 0.0756329
v -0.0503249 0.0260541 0.0756329
v -0.0519093 0.0270000 0.0770920
v -0.0519720 0.0277125 0.0770920
v -0.0521585 0.0284075 0.0770920
v -0.0524642 0.0290678 0.0770920
v -0.0528816 0.0296773 0.0770920
v -0.0534004 0.0302207 0.0770920
v -0.0540078 0.0306849 0.0770920
v -0.0546889 0.0310584 0.0770920
v -0.0554269 0.0313319 0.0770920
v -0.0562036 0.0314987 0.0770920
v -0.0570000 0.0315548 0.0770920
v -0.0577964 0.0314987 0.0770920
v -0.0585731 0.0313319 0.0770920
v -0.0593111 0.0310584 0.0770920
v -0.0599922 0.0306849 0.0770920
v -0.0605996 0.0302207 0.0770920
v -0.0611184 0.0296773 0.0770920
v -0.0615358 0.0290678 0.0770920
v -0.0618415 0.0284075 0.0770920
v -0.0620280 0.0277125 0.0770920
v -0.0620907 0.0270000 0.0770920
v -0.0620280 0.0262875 0.0770920
v -0.0618415 0.0255925 0.0770920
v -0.0615358 0.0249322 0.0770920
v -0.0611184 0.0243227 0.0770920
v -0.0605996 0.0237793 0.0770920
v -0.0599922 0.0233151 0.0770920
v -0.0593111 0.0229416 0.0770920
v -0.0585731 0.0226681 0.0770920
v -0.0577964 0.0225013 0.0770920
v -0.0570000 0.0224452 0.0770920
v -0.0562036 0.0225013 0.0770920
v -0.0554269 0.0226681 0.0770920
v -0.0546889 0.0229416 0.0770920
v -0.0540078 0.0233151 0.0770920
v -0.0534004 0.0237793 0.0770920
v -0.0528816 0.0243227 0.0770920
v -0.0524642 0.0249322 0.0770920
v -0.0521585 0.0255925 0.0770920
v -0.0519720 0.0262875 0.0770920
v -0.0535965 0.0270000 0.0781475
v -0.0536384 0.0274764 0.0781475
v -0.0537631 0.0279410 0.0781475
v -0.0539674 0.0283825 0.0781475
v -0.0542465 0.0287900 0.0781475
v -0.0545933 0.0291533 0.0781475
v -0.0549995 0.0294637 0.0781475
v -0.0554548 0.0297133 0.0781475
v -0.0559483 0.0298962 0.0781475
v -0.0564676 0.0300078 0.0781475
v -0.0570000 0.0300453 0.0781475
v -0.0575324 0.0300078 0.0781475
v -0.0580517 0.0298962 0.0781475
v -0.0585452 0.0297133 0.0781475
v -0.0590005 0.0294637 0.0781475
v -0.0594067 0.0291533 0.0781475
v -0.0597535 0.0287900 0.0781475
v -0.0600326 0.0283825 0.0781475
v -0.0602369 0.0279410 0.0781475
v -0.0603616 0.0274764 0.0781475
v -0.0604035 0.0270000 0.0781475
v -0.0603616 0.0265236 0.0781475
v -0.0602369 0.0260590 0.0781475
v -0.0600326 0.0256175 0.0781475
v -0.0597535 0.0252100 0.0781475
v -0.0594067 0.0248467 0.0781475
v -0.0590005 0.0245363 0.0781475
v -0.0585452 0.0242867 0.0781475
v -0.0580517 0.0241038 0.0781475
v -0.0575324 0.0239922 0.0781475
v -0.0570000 0.0239547 0.0781475
v -0.0564676 0.0239922 0.0781475
v -0.0559483 0.0241038 0.0781475
v -0.0554548 0.0242867 0.0781475
v -0.0549995 0.0245363 0.0781475
v -0.0545933 0.0248467 0.0781475
v -0.0542465 0.0252100 0.0781475
v -0.0539674 0.0256175 0.0781475
v -0.0537631 0.0260590 0.0781475
v -0.0536384 0.0265236 0.0781475
v -0.0552955 0.0270000 0.0787862
v -0.0553165 0.0272386 0.0787862
v -0.0553789 0.0274713 0.0787862
v -0.0554812 0.0276924 0.0787862
v -0.0556210 0.0278964 0.0787862
v -0.0557947 0.0280784 0.0787862
v -0.0559981 0.0282338 0.0787862
v -0.0562262 0.0283589 0.0787862
v -0.0564733 0.0284505 0.0787862
v -0.0567334 0.0285063 0.0787862
v -0.0570000 0.0285251 0.0787862
v -0.0572666 0.0285063 0.0787862
v -0.0575267 0.0284505 0.0787862
v -0.0577738 0.0283589 0.0787862
v -0.0580019 0.0282338 0.0787862
v -0.0582053 0.0280784 0.0787862
v -0.0583790 0.0278964 0.0787862
v -0.0585188 0.0276924 0.0787862
v -0.0586211 0.0274713 0.0787862
v -0.0586835 0.0272386 0.0787862
v -0.0587045 0.0270000 0.0787862
v -0.0586835 0.0267614 0.0787862
v -0.0586211 0.0265287 0.0787862
v -0.0585188 0.0263076 0.0787862
v -0.0583790 0.0261036 0.0787862
v -0.0582053 0.0259216 0.0787862
v -0.0580019 0.0257662 0.0787862
v -0.0577738 0.0256411 0.0787862
v -0.0575267 0.0255495 0.0787862
v -0.0572666 0.0254937 0.0787862
v -0.0570000 0.0254749 0.0787862
v -0.0567334 0.0254937 0.0787862
v -0.0564733 0.0255495 0.0787862
v -0.0562262 0.0256411 0.0787862
v -0.0559981 0.0257662 0.0787862
v -0.0557947 0.0259216 0.0787862
v -0.0556210 0.0261036 0.0787862
v -0.0554812 0.0263076 0.0787862
v -0.0553789 0.0265287 0.0787862
v -0.0553165 0.0267614 0.0787862
v -0.0570000 0.0270000 0.0790000
v 0.0000000 0.0270000 0.0110000
v 0.0025501 0.0270000 0.0112138
v 0.0025187 0.0273569 0.0112138
v 0.0024253 0.0277051 0.0112138
v 0.0022722 0.0280359 0.0112138
v 0.0020631 0.0283411 0.0112138
v 0.0018032 0.0286134 0.0112138
v 0.0014989 0.0288459 0.0112138
v 0.0011577 0.0290330 0.0112138
v 0.0007880 0.0291700 0.0112138
v 0.0003989 0.0292536 0.0112138
v 0.0000000 0.0292817 0.0112138
v -0.0003989 0.0292536 0.0112138
v -0.0007880 0.0291700 0.0112138
v -0.0011577 0.0290330 0.0112138
v -0.0014989 0.0288459 0.0112138
v -0.0018032 0.0286134 0.0112138
v -0.0020631 0.0283411 0.0112138
v -0.0022722 0.0280359 0.0112138
v -0.0024253 0.0277051 0.0112138
v -0.0025187 0.0273569 0.0112138
v -0.0025501 0.0270000 0.0112138
v -0.0025187 0.0266431 0.0112138
v -0.0024253 0.0262949 0.0112138
v -0.0022722 0.0259641 0.0112138
v -0.0020631 0.0256589 0.0112138
v -0.0018032 0.0253866 0.0112138
v -0.0014989 0.0251541 0.0112138
v -0.0011577 0.0249670 0.0112138
v -0.0007880 0.0248300 0.0112138
v -0.0003989 0.0247464 0.0112138
v -0.0000000 0.0247183 0.0112138
v 0.0003989 0.0247464 0.0112138
v 0.0007880 0.0248300 0.0112138
v 0.0011577 0.0249670 0.0112138
v 0.0014989 0.0251541 0.0112138
v 0.0018032 0.0253866 0.0112138
v 0.0020631 0.0256589 0.0112138
v 0.0022722 0.0259641 0.0112138
v 0.0024253 0.0262949 0.0112138
v 0.0025187 0.0266431 0.0112138
v 0.0050523 0.0270000 0.0118525
v 0.0049901 0.0277072 0.0118525
v 0.0048050 0.0283969 0.0118525
v 0.0045016 0.0290522 0.0118525
v 0.0040874 0.0296571 0.0118525
v 0.0035725 0.0301964 0.0118525
v 0.0029697 0.0306571 0.0118525
v 0.0022937 0.0310278 0.0118525
v 0.0015612 0.0312992 0.0118525
v 0.0007904 0.0314648 0.0118525
v 0.0000000 0.0315205 0.0118525
v -0.0007904 0.0314648 0.0118525
v -0.0015612 0.0312992 0.0118525
v -0.0022937 0.0310278 0.0118525
v -0.0029697 0.0306571 0.0118525
v -0.0035725 0.0301964 0.0118525
v -0.0040874 0.0296571 0.0118525
v -0.0045016 0.0290522 0.0118525
v -0.0048050 0.0283969 0.0118525
v -0.0049901 0.0277072 0.0118525
v -0.0050523 0.0270000 0.0118525
v -0.0049901 0.0262928 0.0118525
v -0.0048050 0.0256031 0.0118525
v -0.0045016 0.0249478 0.0118525
v -0.0040874 0.0243429 0.0118525
v -0.0035725 0.0238036 0.0118525
v -0.0029697 0.0233429 0.0118525
v -0.0022937 0.0229722 0.0118525
v -0.0015612 0.0227008 0.0118525
v -0.0007904 0.0225352 0.0118525
v -0.0000000 0.0224795 0.0118525
v 0.0007904 0.0225352 0.0118525
v 0.0015612 0.0227008 0.0118525
v 0.0022937 0.0229722 0.0118525
v 0.0029697 0.0233429 0.0118525
v 0.0035725 0.0238036 0.0118525
v 0.0040874 0.0243429 0.0118525
v 0.0045016 0.0249478 0.0118525
v 0.0048050 0.0256031 0.0118525
v 0.0049901 0.0262928 0.0118525
v 0.0074599 0.0270000 0.0129080
v 0.0073681 0.0280441 0.0129080
v 0.0070948 0.0290626 0.0129080
v 0.0066468 0.0300302 0.0129080
v 0.0060352 0.0309233 0.0129080
v 0.0052750 0.0317197 0.0129080
v 0.0043848 0.0323999 0.0129080
v 0.0033867 0.0329472 0.0129080
v 0.0023052 0.0333480 0.0129080
v 0.0011670 0.0335925 0.0129080
v 0.0000000 0.0336747 0.0129080
v -0.0011670 0.0335925 0.0129080
v -0.0023052 0.0333480 0.0129080
v -0.0033867 0.0329472 0.0129080
v -0.0043848 0.0323999 0.0129080
v -0.0052750 0.0317197 0.0129080
v -0.0060352 0.0309233 0.0129080
v -0.0066468 0.0300302 0.0129080
v -0.0070948 0.0290626 0.0129080
v -0.0073681 0.0280441 0.0129080
v -0.0074599 0.0270000 0.0129080
v -0.0073681 0.0259559 0.0129080
v -0.0070948 0.0249374 0.0129080
v -0.0066468 0.0239698 0.0129080
v -0.0060352 0.0230767 0.0129080
v -0.0052750 0.0222803 0.0129080
v -0.0043848 0.0216001 0.0129080
v -0.0033867 0.0210528 0.0129080
v -0.0023052 0.0206520 0.0129080
v -0.0011670 0.0204075 0.0129080
v -0.0000000 0.0203253 0.0129080
v 0.0011670 0.0204075 0.0129080
v 0.0023052 0.0206520 0.0129080
v 0.0033867 0.0210528 0.0129080
v 0.0043848 0.0216001 0.0129080
v 0.0052750 0.0222803 0.0129080
v 0.0060352 0.0230767 0.0129080
v 0.0066468 0.0239698 0.0129080
v 0.0070948 0.0249374 0.0129080
v 0.0073681 0.0259559 0.0129080
v 0.0097293 0.0270000 0.0143671
v 0.0096095 0.0283618 0.0143671
v 0.0092531 0.0296900 0.0143671
v 0.0086688 0.0309520 0.0143671
v 0.0078711 0.0321168 0.0143671
v 0.0068796 0.0331555 0.0143671
v 0.0057187 0.0340426 0.0143671
v 0.0044170 0.0347563 0.0143671
v 0.0030065 0.0352791 0.0143671
v 0.0015220 0.0355980 0.0143671
v 0.0000000 0.0357051 0.0143671
v -0.0015220 0.0355980 0.0143671
v -0.0030065 0.0352791 0.0143671
v -0.0044170 0.0347563 0.0143671
v -0.0057187 0.0340426 0.0143671
v -0.0068796 0.0331555 0.0143671
v -0.0078711 0.0321168 0.0143671
v -0.0086688 0.0309520 0.0143671
v -0.0092531 0.0296900 0.0143671
v -0.0096095 0.0283618 0.0143671
v -0.0097293 0.0270000 0.0143671
v -0.0096095 0.0256382 0.0143671
v -0.0092531 0.0243100 0.0143671
v -0.0086688 0.0230480 0.0143671
v -0.0078711 0.0218832 0.0143671
v -0.0068796 0.0208445 0.0143671
v -0.0057187 0.0199574 0.0143671
v -0.0044170 0.0192437 0.0143671
v -0.0030065 0.0187209 0.0143671
v -0.0015220 0.0184020 0.0143671
v -0.0000000 0.0182949 0.0143671
v 0.0015220 0.0184020 0.0143671
v 0.0030065 0.0187209 0.0143671
v 0.0044170 0.0192437 0.0143671
v 0.0057187 0.0199574 0.0143671
v 0.0068796 0.0208445 0.0143671
v 0.0078711 0.0218832 0.0143671
v 0.0086688 0.0230480 0.0143671
v 0.0092531 0.0243100 0.0143671
v 0.0096095 0.0256382 0.0143671
v 0.0118205 0.0270000 0.0162114
v 0.0116749 0.0286545 0.0162114
v 0.0112419 0.0302682 0.0162114
v 0.0105321 0.0318015 0.0162114
v 0.0095629 0.0332165 0.0162114
v 0.0083583 0.0344785 0.0162114
v 0.0069479 0.0355563 0.0162114
v 0.0053664 0.0364235 0.0162114
v 0.0036527 0.0370586 0.0162114
v 0.0018491 0.0374460 0.0162114
v 0.0000000 0.0375762 0.0162114
v -0.0018491 0.0374460 0.0162114
v -0.0036527 0.0370586 0.0162114
v -0.0053664 0.0364235 0.0162114
v -0.0069479 0.0355563 0.0162114
v -0.0083583 0.0344785 0.0162114
v -0.0095629 0.0332165 0.0162114
v -0.0105321 0.0318015 0.0162114
v -0.0112419 0.0302682 0.0162114
v -0.0116749 0.0286545 0.0162114
v -0.0118205 0.0270000 0.0162114
v -0.0116749 0.0253455 0.0162114
v -0.0112419 0.0237318 0.0162114
v -0.0105321 0.0221985 0.0162114
v -0.0095629 0.0207835 0.0162114
v -0.0083583 0.0195215 0.0162114
v -0.0069479 0.0184437 0.0162114
v -0.0053664 0.0175765 0.0162114
v -0.0036527 0.0169414 0.0162114
v -0.0018491 0.0165540 0.0162114
v -0.0000000 0.0164238 0.0162114
v 0.0018491 0.0165540 0.0162114
v 0.0036527 0.0169414 0.0162114
v 0.0053664 0.0175765 0.0162114
v 0.0069479 0.0184437 0.0162114
v 0.0083583 0.0195215 0.0162114
v 0.0095629 0.0207835 0.0162114
v 0.0105321 0.0221985 0.0162114
v 0.0112419 0.0237318 0.0162114
v 0.0116749 0.0253455 0.0162114
v 0.0136987 0.0270000 0.0184177
v 0.0135300 0.0289174 0.0184177
v 0.0130282 0.0307875 0.0184177
v 0.0122056 0.0325644 0.0184177
v 0.0110825 0.0342043 0.0184177
v 0.0096864 0.0356668 0.0184177
v 0.0080519 0.0369159 0.0184177
v 0.0062191 0.0379208 0.0184177
v 0.0042331 0.0386568 0.0184177
v 0.0021429 0.0391058 0.0184177
v 0.0000000 0.0392567 0.0184177
v -0.0021429 0.0391058 0.0184177
v -0.0042331 0.0386568 0.0184177
v -0.0062191 0.0379208 0.0184177
v -0.0080519 0.0369159 0.0184177
v -0.0096864 0.0356668 0.0184177
v -0.0110825 0.0342043 0.0184177
v -0.0122056 0.0325644 0.0184177
v -0.0130282 0.0307875 0.0184177
v -0.0135300 0.0289174 0.0184177
v -0.0136987 0.0270000 0.0184177
v -0.0135300 0.0250826 0.0184177
v -0.0130282 0.0232125 0.0184177
v -0.0122056 0.0214356 0.0184177
v -0.0110825 0.0197957 0.0184177
v -0.0096864 0.0183332 0.0184177
v -0.0080519 0.0170841 0.0184177
v -0.0062191 0.0160792 0.0184177
v -0.0042331 0.0153432 0.0184177
v -0.0021429 0.0148942 0.0184177
v -0.0000000 0.0147433 0.0184177
v 0.0021429 0.0148942 0.0184177
v 0.0042331 0.0153432 0.0184177
v 0.0062191 0.0160792 0.0184177
v 0.0080519 0.0170841 0.0184177
v 0.0096864 0.0183332 0.0184177
v 0.0110825 0.0197957 0.0184177
v 0.0122056 0.0214356 0.0184177
v 0.0130282 0.0232125 0.0184177
v 0.0135300 0.0250826 0.0184177
v 0.0153350 0.0270000 0.0209584
v 0.0151462 0.0291464 0.0209584
v 0.0145845 0.0312400 0.0209584
v 0.0136636 0.0332291 0.0209584
v 0.0124063 0.0350649 0.0209584
v 0.0108435 0.0367021 0.0209584
v 0.0090137 0.0381004 0.0209584
v 0.0069620 0.0392253 0.0209584
v 0.0047388 0.0400493 0.0209584
v 0.0023989 0.0405519 0.0209584
v 0.0000000 0.0407208 0.0209584
v -0.0023989 0.0405519 0.0209584
v -0.0047388 0.0400493 0.0209584
v -0.0069620 0.0392253 0.0209584
v -0.0090137 0.0381004 0.0209584
v -0.0108435 0.0367021 0.0209584
v -0.0124063 0.0350649 0.0209584
v -0.0136636 0.0332291 0.0209584
v -0.0145845 0.0312400 0.0209584
v -0.0151462 0.0291464 0.0209584
v -0.0153350 0.0270000 0.0209584
v -0.0151462 0.0248536 0.0209584
v -0.0145845 0.0227600 0.0209584
v -0.0136636 0.0207709 0.0209584
v -0.0124063 0.0189351 0.0209584
v -0.0108435 0.0172979 0.0209584
v -0.0090137 0.0158996 0.0209584
v -0.0069620 0.0147747 0.0209584
v -0.0047388 0.0139507 0.0209584
v -0.0023989 0.0134481 0.0209584
v -0.0000000 0.0132792 0.0209584
v 0.0023989 0.0134481 0.0209584
v 0.0047388 0.0139507 0.0209584
v 0.0069620 0.0147747 0.0209584
v 0.0090137 0.0158996 0.0209584
v 0.0108435 0.0172979 0.0209584
v 0.0124063 0.0189351 0.0209584
v 0.0136636 0.0207709 0.0209584
v 0.0145845 0.0227600 0.0209584
v 0.0151462 0.0248536 0.0209584
v 0.0167072 0.0270000 0.0238013
v 0.0165015 0.0293385 0.0238013
v 0.0158895 0.0316193 0.0238013
v 0.0148862 0.0337865 0.0238013
v 0.0135164 0.0357865 0.0238013
v 0.0118137 0.0375702 0.0238013
v 0.0098202 0.0390936 0.0238013
v 0.0075849 0.0403192 0.0238013
v 0.0051628 0.0412169 0.0238013
v 0.0026136 0.0417645 0.0238013
v 0.0000000 0.0419485 0.0238013
v -0.0026136 0.0417645 0.0238013
v -0.0051628 0.0412169 0.0238013
v -0.0075849 0.0403192 0.0238013
v -0.0098202 0.0390936 0.0238013
v -0.0118137 0.0375702 0.0238013
v -0.0135164 0.0357865 0.0238013
v -0.0148862 0.0337865 0.0238013
v -0.0158895 0.0316193 0.0238013
v -0.0165015 0.0293385 0.0238013
v -0.0167072 0.0270000 0.0238013
v -0.0165015 0.0246615 0.0238013
v -0.0158895 0.0223807 0.0238013
v -0.0148862 0.0202135 0.0238013
v -0.0135164 0.0182135 0.0238013
v -0.0118137 0.0164298 0.0238013
v -0.0098202 0.0149064 0.0238013
v -0.0075849 0.0136808 0.0238013
v -0.0051628 0.0127831 0.0238013
v -0.0026136 0.0122355 0.0238013
v -0.0000000 0.0120515 0.0238013
v 0.0026136 0.0122355 0.0238013
v 0.0051628 0.0127831 0.0238013
v 0.0075849 0.0136808 0.0238013
v 0.0098202 0.0149064 0.0238013
v 0.0118137 0.0164298 0.0238013
v 0.0135164 0.0182135 0.0238013
v 0.0148862 0.0202135 0.0238013
v 0.0158895 0.0223807 0.0238013
v 0.0165015 0.0246615 0.0238013
v 0.0177996 0.0270000 0.0269109
v 0.0175805 0.0294914 0.0269109
v 0.0169284 0.0319214 0.0269109
v 0.0158596 0.0342302 0.0269109
v 0.0144002 0.0363610 0.0269109
v 0.0125862 0.0382614 0.0269109
v 0.0104623 0.0398844 0.0269109
v 0.0080808 0.0411901 0.0269109
v 0.0055004 0.0421465 0.0269109
v 0.0027845 0.0427299 0.0269109
v 0.0000000 0.0429260 0.0269109
v -0.0027845 0.0427299 0.0269109
v -0.0055004 0.0421465 0.0269109
v -0.0080808 0.0411901 0.0269109
v -0.0104623 0.0398844 0.0269109
v -0.0125862 0.0382614 0.0269109
v -0.0144002 0.0363610 0.0269109
v -0.0158596 0.0342302 0.0269109
v -0.0169284 0.0319214 0.0269109
v -0.0175805 0.0294914 0.0269109
v -0.0177996 0.0270000 0.0269109
v -0.0175805 0.0245086 0.0269109
v -0.0169284 0.0220786 0.0269109
v -0.0158596 0.0197698 0.0269109
v -0.0144002 0.0176390 0.0269109
v -0.0125862 0.0157386 0.0269109
v -0.0104623 0.0141156 0.0269109
v -0.0080808 0.0128099 0.0269109
v -0.0055004 0.0118535 0.0269109
v -0.0027845 0.0112701 0.0269109
v -0.0000000 0.0110740 0.0269109
v 0.0027845 0.0112701 0.0269109
v 0.0055004 0.0118535 0.0269109
v 0.0080808 0.0128099 0.0269109
v 0.0104623 0.0141156 0.0269109
v 0.0125862 0.0157386 0.0269109
v 0.0144002 0.0176390 0.0269109
v 0.0158596 0.0197698 0.0269109
v 0.0169284 0.0220786 0.0269109
v 0.0175805 0.0245086 0.0269109
v 0.0186039 0.0270000 0.0302480
v 0.0183748 0.0296039 0.0302480
v 0.0176933 0.0321438 0.0302480
v 0.0165762 0.0345569 0.0302480
v 0.0150509 0.0367840 0.0302480
v 0.0131549 0.0387702 0.0302480
v 0.0109351 0.0404666 0.0302480
v 0.0084460 0.0418313 0.0302480
v 0.0057489 0.0428309 0.0302480
v 0.0029103 0.0434406 0.0302480
v 0.0000000 0.0436456 0.0302480
v -0.0029103 0.0434406 0.0302480
v -0.0057489 0.0428309 0.0302480
v -0.0084460 0.0418313 0.0302480
v -0.0109351 0.0404666 0.0302480
v -0.0131549 0.0387702 0.0302480
v -0.0150509 0.0367840 0.0302480
v -0.0165762 0.0345569 0.0302480
v -0.0176933 0.0321438 0.0302480
v -0.0183748 0.0296039 0.0302480
v -0.0186039 0.0270000 0.0302480
v -0.0183748 0.0243961 0.0302480
v -0.0176933 0.0218562 0.0302480
v -0.0165762 0.0194431 0.0302480
v -0.0150509 0.0172160 0.0302480
v -0.0131549 0.0152298 0.0302480
v -0.0109351 0.0135334 0.0302480
v -0.0084460 0.0121687 0.0302480
v -0.0057489 0.0111691 0.0302480
v -0.0029103 0.0105594 0.0302480
v -0.0000000 0.0103544 0.0302480
v 0.0029103 0.0105594 0.0302480
v 0.0057489 0.0111691 0.0302480
v 0.0084460 0.0121687 0.0302480
v 0.0109351 0.0135334 0.0302480
v 0.0131549 0.0152298 0.0302480
v 0.0150509 0.0172160 0.0302480
v 0.0165762 0.0194431 0.0302480
v 0.0176933 0.0218562 0.0302480
v 0.0183748 0.0243961 0.0302480
v 0.0191184 0.0270000 0.0337705
v 0.0188830 0.0296760 0.0337705
v 0.0181827 0.0322860 0.0337705
v 0.0170346 0.0347659 0.0337705
v 0.0154671 0.0370546 0.0337705
v 0.0135188 0.0390957 0.0337705
v 0.0112375 0.0408390 0.0337705
v 0.0086796 0.0422415 0.0337705
v 0.0059079 0.0432687 0.0337705
v 0.0029908 0.0438953 0.0337705
v 0.0000000 0.0441059 0.0337705
v -0.0029908 0.0438953 0.0337705
v -0.0059079 0.0432687 0.0337705
v -0.0086796 0.0422415 0.0337705
v -0.0112375 0.0408390 0.0337705
v -0.0135188 0.0390957 0.0337705
v -0.0154671 0.0370546 0.0337705
v -0.0170346 0.0347659 0.0337705
v -0.0181827 0.0322860 0.0337705
v -0.0188830 0.0296760 0.0337705
v -0.0191184 0.0270000 0.0337705
v -0.0188830 0.0243240 0.0337705
v -0.0181827 0.0217140 0.0337705
v -0.0170346 0.0192341 0.0337705
v -0.0154671 0.0169454 0.0337705
v -0.0135188 0.0149043 0.0337705
v -0.0112375 0.0131610 0.0337705
v -0.0086796 0.0117585 0.0337705
v -0.0059079 0.0107313 0.0337705
v -0.0029908 0.0101047 0.0337705
v -0.0000000 0.0098941 0.0337705
v 0.0029908 0.0101047 0.0337705
v 0.0059079 0.0107313 0.0337705
v 0.0086796 0.0117585 0.0337705
v 0.0112375 0.0131610 0.0337705
v 0.0135188 0.0149043 0.0337705
v 0.0154671 0.0169454 0.0337705
v 0.0170346 0.0192341 0.0337705
v 0.0181827 0.0217140 0.0337705
v 0.0188830 0.0243240 0.0337705
v 0.0193480 0.0270000 0.0374343
v 0.0191098 0.0297081 0.0374343
v 0.0184011 0.0323495 0.0374343
v 0.0172392 0.0348592 0.0374343
v 0.0156529 0.0371754 0.0374343
v 0.0136811 0.0392410 0.0374343
v 0.0113725 0.0410052 0.0374343
v 0.0087838 0.0424245 0.0374343
v 0.0059789 0.0434641 0.0374343
v 0.0030267 0.0440982 0.0374343
v 0.0000000 0.0443114 0.0374343
v -0.0030267 0.0440982 0.0374343
v -0.0059789 0.0434641 0.0374343
v -0.0087838 0.0424245 0.0374343
v -0.0113725 0.0410052 0.0374343
v -0.0136811 0.0392410 0.0374343
v -0.0156529 0.0371754 0.0374343
v -0.0172392 0.0348592 0.0374343
v -0.0184011 0.0323495 0.0374343
v -0.0191098 0.0297081 0.0374343
v -0.0193480 0.0270000 0.0374343
v -0.0191098 0.0242919 0.0374343
v -0.0184011 0.0216505 0.0374343
v -0.0172392 0.0191408 0.0374343
v -0.0156529 0.0168246 0.0374343
v -0.0136811 0.0147590 0.0374343
v -0.0113725 0.0129948 0.0374343
v -0.0087838 0.0115755 0.0374343
v -0.0059789 0.0105359 0.0374343
v -0.0030267 0.0099018 0.0374343
v -0.0000000 0.0096886 0.0374343
v 0.0030267 0.0099018 0.0374343
v 0.0059789 0.0105359 0.0374343
v 0.0087838 0.0115755 0.0374343
v 0.0113725 0.0129948 0.0374343
v 0.0136811 0.0147590 0.0374343
v 0.0156529 0.0168246 0.0374343
v 0.0172392 0.0191408 0.0374343
v 0.0184011 0.0216505 0.0374343
v 0.0191098 0.0242919 0.0374343
v 0.0193033 0.0270000 0.0411932
v 0.0190657 0.0297018 0.0411932
v 0.0183585 0.0323372 0.0411932
v 0.0171994 0.0348410 0.0411932
v 0.0156167 0.0371519 0.0411932
v 0.0136495 0.0392127 0.0411932
v 0.0113462 0.0409729 0.0411932
v 0.0087635 0.0423889 0.0411932
v 0.0059651 0.0434261 0.0411932
v 0.0030197 0.0440588 0.0411932
v 0.0000000 0.0442714 0.0411932
v -0.0030197 0.0440588 0.0411932
v -0.0059651 0.0434261 0.0411932
v -0.0087635 0.0423889 0.0411932
v -0.0113462 0.0409729 0.0411932
v -0.0136495 0.0392127 0.0411932
v -0.0156167 0.0371519 0.0411932
v -0.0171994 0.0348410 0.0411932
v -0.0183585 0.0323372 0.0411932
v -0.0190657 0.0297018 0.0411932
v -0.0193033 0.0270000 0.0411932
v -0.0190657 0.0242982 0.0411932
v -0.0183585 0.0216628 0.0411932
v -0.0171994 0.0191590 0.0411932
v -0.0156167 0.0168481 0.0411932
v -0.0136495 0.0147873 0.0411932
v -0.0113462 0.0130271 0.0411932
v -0.0087635 0.0116111 0.0411932
v -0.0059651 0.0105739 0.0411932
v -0.0030197 0.0099412 0.0411932
v -0.0000000 0.0097286 0.0411932
v 0.0030197 0.0099412 0.0411932
v 0.0059651 0.0105739 0.0411932
v 0.0087635 0.0116111 0.0411932
v 0.0113462 0.0130271 0.0411932
v 0.0136495 0.0147873 0.0411932
v 0.0156167 0.0168481 0.0411932
v 0.0171994 0.0191590 0.0411932
v 0.0183585 0.0216628 0.0411932
v 0.0190657 0.0242982 0.0411932
v 0.0190000 0.0270000 0.0450000
v 0.0187661 0.0296594 0.0450000
v 0.0180701 0.0322533 0.0450000
v 0.0169291 0.0347178 0.0450000
v 0.0153713 0.0369923 0.0450000
v 0.0134350 0.0390208 0.0450000
v 0.0111679 0.0407533 0.0450000
v 0.0086258 0.0421471 0.0450000
v 0.0058713 0.0431680 0.0450000
v 0.0029723 0.0437907 0.0450000
v 0.0000000 0.0440000 0.0450000
v -0.0029723 0.0437907 0.0450000
v -0.0058713 0.0431680 0.0450000
v -0.0086258 0.0421471 0.0450000
v -0.0111679 0.0407533 0.0450000
v -0.0134350 0.0390208 0.0450000
v -0.0153713 0.0369923 0.0450000
v -0.0169291 0.0347178 0.0450000
v -0.0180701 0.0322533 0.0450000
v -0.0187661 0.0296594 0.0450000
v -0.0190000 0.0270000 0.0450000
v -0.0187661 0.0243406 0.0450000
v -0.0180701 0.0217467 0.0450000
v -0.0169291 0.0192822 0.0450000
v -0.0153713 0.0170077 0.0450000
v -0.0134350 0.0149792 0.0450000
v -0.0111679 0.0132467 0.0450000
v -0.0086258 0.0118529 0.0450000
v -0.0058713 0.0108320 0.0450000
v -0.0029723 0.0102093 0.0450000
v -0.0000000 0.0100000 0.0450000
v 0.0029723 0.0102093 0.0450000
v 0.0058713 0.0108320 0.0450000
v 0.0086258 0.0118529 0.0450000
v 0.0111679 0.0132467 0.0450000
v 0.0134350 0.0149792 0.0450000
v 0.0153713 0.0170077 0.0450000
v 0.0169291 0.0192822 0.0450000
v 0.0180701 0.0217467 0.0450000
v 0.0187661 0.0243406 0.0450000
v 0.0184577 0.0270000 0.0488068
v 0.0182305 0.0295835 0.0488068
v 0.0175544 0.0321034 0.0488068
v 0.0164460 0.0344976 0.0488068
v 0.0149326 0.0367072 0.0488068
v 0.0130516 0.0386777 0.0488068
v 0.0108492 0.0403608 0.0488068
v 0.0083796 0.0417148 0.0488068
v 0.0057038 0.0427065 0.0488068
v 0.0028874 0.0433115 0.0488068
v 0.0000000 0.0435148 0.0488068
v -0.0028874 0.0433115 0.0488068
v -0.0057038 0.0427065 0.0488068
v -0.0083796 0.0417148 0.0488068
v -0.0108492 0.0403608 0.0488068
v -0.0130516 0.0386777 0.0488068
v -0.0149326 0.0367072 0.0488068
v -0.0164460 0.0344976 0.0488068
v -0.0175544 0.0321034 0.0488068
v -0.0182305 0.0295835 0.0488068
v -0.0184577 0.0270000 0.0488068
v -0.0182305 0.0244165 0.0488068
v -0.0175544 0.0218966 0.0488068
v -0.0164460 0.0195024 0.0488068
v -0.0149326 0.0172928 0.0488068
v -0.0130516 0.0153223 0.0488068
v -0.0108492 0.0136392 0.0488068
v -0.0083796 0.0122852 0.0488068
v -0.0057038 0.0112935 0.0488068
v -0.0028874 0.0106885 0.0488068
v -0.0000000 0.0104852 0.0488068
v 0.0028874 0.0106885 0.0488068
v 0.0057038 0.0112935 0.0488068
v 0.0083796 0.0122852 0.0488068
v 0.0108492 0.0136392 0.0488068
v 0.0130516 0.0153223 0.0488068
v 0.0149326 0.0172928 0.0488068
v 0.0164460 0.0195024 0.0488068
v 0.0175544 0.0218966 0.0488068
v 0.0182305 0.0244165 0.0488068
v 0.0176993 0.0270000 0.0525657
v 0.0174813 0.0294773 0.0525657
v 0.0168330 0.0318936 0.0525657
v 0.0157701 0.0341895 0.0525657
v 0.0143190 0.0363083 0.0525657
v 0.0125153 0.0381979 0.0525657
v 0.0104034 0.0398117 0.0525657
v 0.0080353 0.0411101 0.0525657
v 0.0054694 0.0420611 0.0525657
v 0.0027688 0.0426412 0.0525657
v 0.0000000 0.0428362 0.0525657
v -0.0027688 0.0426412 0.0525657
v -0.0054694 0.0420611 0.0525657
v -0.0080353 0.0411101 0.0525657
v -0.0104034 0.0398117 0.0525657
v -0.0125153 0.0381979 0.0525657
v -0.0143190 0.0363083 0.0525657
v -0.0157701 0.0341895 0.0525657
v -0.0168330 0.0318936 0.0525657
v -0.0174813 0.0294773 0.0525657
v -0.0176993 0.0270000 0.0525657
v -0.0174813 0.0245227 0.0525657
v -0.0168330 0.0221064 0.0525657
v -0.0157701 0.0198105 0.0525657
v -0.0143190 0.0176917 0.0525657
v -0.0125153 0.0158021 0.0525657
v -0.0104034 0.0141883 0.0525657
v -0.0080353 0.0128899 0.0525657
v -0.0054694 0.0119389 0.0525657
v -0.0027688 0.0113588 0.0525657
v -0.0000000 0.0111638 0.0525657
v 0.0027688 0.0113588 0.0525657
v 0.0054694 0.0119389 0.0525657
v 0.0080353 0.0128899 0.0525657
v 0.0104034 0.0141883 0.0525657
v 0.0125153 0.0158021 0.0525657
v 0.0143190 0.0176917 0.0525657
v 0.0157701 0.0198105 0.0525657
v 0.0168330 0.0221064 0.0525657
v 0.0174813 0.0245227 0.0525657
v 0.0167492 0.0270000 0.0562295
v 0.0165429 0.0293443 0.0562295
v 0.0159294 0.0316310 0.0562295
v 0.0149236 0.0338035 0.0562295
v 0.0135503 0.0358086 0.0562295
v 0.0118434 0.0375968 0.0562295
v 0.0098449 0.0391240 0.0562295
v 0.0076040 0.0403527 0.0562295
v 0.0051758 0.0412526 0.0562295
v 0.0026201 0.0418016 0.0562295
v 0.0000000 0.0419861 0.0562295
v -0.0026201 0.0418016 0.0562295
v -0.0051758 0.0412526 0.0562295
v -0.0076040 0.0403527 0.0562295
v -0.0098449 0.0391240 0.0562295
v -0.0118434 0.0375968 0.0562295
v -0.0135503 0.0358086 0.0562295
v -0.0149236 0.0338035 0.0562295
v -0.0159294 0.0316310 0.0562295
v -0.0165429 0.0293443 0.0562295
v -0.0167492 0.0270000 0.0562295
v -0.0165429 0.0246557 0.0562295
v -0.0159294 0.0223690 0.0562295
v -0.0149236 0.0201965 0.0562295
v -0.0135503 0.0181914 0.0562295
v -0.0118434 0.0164032 0.0562295
v -0.0098449 0.0148760 0.0562295
v -0.0076040 0.0136473 0.0562295
v -0.0051758 0.0127474 0.0562295
v -0.0026201 0.0121984 0.0562295
v -0.0000000 0.0120139 0.0562295
v 0.0026201 0.0121984 0.0562295
v 0.0051758 0.0127474 0.0562295
v 0.0076040 0.0136473 0.0562295
v 0.0098449 0.0148760 0.0562295
v 0.0118434 0.0164032 0.0562295
v 0.0135503 0.0181914 0.0562295
v 0.0149236 0.0201965 0.0562295
v 0.0159294 0.0223690 0.0562295
v 0.0165429 0.0246557 0.0562295
v 0.0156329 0.0270000 0.0597520
v 0.0154405 0.0291881 0.0597520
v 0.0148678 0.0313223 0.0597520
v 0.0139290 0.0333501 0.0597520
v 0.0126473 0.0352216 0.0597520
v 0.0110541 0.0368906 0.0597520
v 0.0091888 0.0383160 0.0597520
v 0.0070972 0.0394628 0.0597520
v 0.0048308 0.0403028 0.0597520
v 0.0024455 0.0408151 0.0597520
v 0.0000000 0.0409874 0.0597520
v -0.0024455 0.0408151 0.0597520
v -0.0048308 0.0403028 0.0597520
v -0.0070972 0.0394628 0.0597520
v -0.0091888 0.0383160 0.0597520
v -0.0110541 0.0368906 0.0597520
v -0.0126473 0.0352216 0.0597520
v -0.0139290 0.0333501 0.0597520
v -0.0148678 0.0313223 0.0597520
v -0.0154405 0.0291881 0.0597520
v -0.0156329 0.0270000 0.0597520
v -0.0154405 0.0248119 0.0597520
v -0.0148678 0.0226777 0.0597520
v -0.0139290 0.0206499 0.0597520
v -0.0126473 0.0187784 0.0597520
v -0.0110541 0.0171094 0.0597520
v -0.0091888 0.0156840 0.0597520
v -0.0070972 0.0145372 0.0597520
v -0.0048308 0.0136972 0.0597520
v -0.0024455 0.0131849 0.0597520
v -0.0000000 0.0130126 0.0597520
v 0.0024455 0.0131849 0.0597520
v 0.0048308 0.0136972 0.0597520
v 0.0070972 0.0145372 0.0597520
v 0.0091888 0.0156840 0.0597520
v 0.0110541 0.0171094 0.0597520
v 0.0126473 0.0187784 0.0597520
v 0.0139290 0.0206499 0.0597520
v 0.0148678 0.0226777 0.0597520
v 0.0154405 0.0248119 0.0597520
v 0.0143759 0.0270000 0.0630891
v 0.0141989 0.0290122 0.0630891
v 0.0136723 0.0309748 0.0630891
v 0.0128090 0.0328395 0.0630891
v 0.0116304 0.0345605 0.0630891
v 0.0101653 0.0360953 0.0630891
v 0.0084500 0.0374061 0.0630891
v 0.0065265 0.0384607 0.0630891
v 0.0044424 0.0392331 0.0630891
v 0.0022489 0.0397043 0.0630891
v 0.0000000 0.0398627 0.0630891
v -0.0022489 0.0397043 0.0630891
v -0.0044424 0.0392331 0.0630891
v -0.0065265 0.0384607 0.0630891
v -0.0084500 0.0374061 0.0630891
v -0.0101653 0.0360953 0.0630891
v -0.0116304 0.0345605 0.0630891
v -0.0128090 0.0328395 0.0630891
v -0.0136723 0.0309748 0.0630891
v -0.0141989 0.0290122 0.0630891
v -0.0143759 0.0270000 0.0630891
v -0.0141989 0.0249878 0.0630891
v -0.0136723 0.0230252 0.0630891
v -0.0128090 0.0211605 0.0630891
v -0.0116304 0.0194395 0.0630891
v -0.0101653 0.0179047 0.0630891
v -0.0084500 0.0165939 0.0630891
v -0.0065265 0.0155393 0.0630891
v -0.0044424 0.0147669 0.0630891
v -0.0022489 0.0142957 0.0630891
v -0.0000000 0.0141373 0.0630891
v 0.0022489 0.0142957 0.0630891
v 0.0044424 0.0147669 0.0630891
v 0.0065265 0.0155393 0.0630891
v 0.0084500 0.0165939 0.0630891
v 0.0101653 0.0179047 0.0630891
v 0.0116304 0.0194395 0.0630891
v 0.0128090 0.0211605 0.0630891
v 0.0136723 0.0230252 0.0630891
v 0.0141989 0.0249878 0.0630891
v 0.0130024 0.0270000 0.0661987
v 0.0128424 0.0288199 0.0661987
v 0.0123661 0.0305950 0.0661987
v 0.0115853 0.0322816 0.0661987
v 0.0105192 0.0338382 0.0661987
v 0.0091941 0.0352263 0.0661987
v 0.0076426 0.0364119 0.0661987
v 0.0059030 0.0373658 0.0661987
v 0.0040180 0.0380644 0.0661987
v 0.0020340 0.0384905 0.0661987
v 0.0000000 0.0386338 0.0661987
v -0.0020340 0.0384905 0.0661987
v -0.0040180 0.0380644 0.0661987
v -0.0059030 0.0373658 0.0661987
v -0.0076426 0.0364119 0.0661987
v -0.0091941 0.0352263 0.0661987
v -0.0105192 0.0338382 0.0661987
v -0.0115853 0.0322816 0.0661987
v -0.0123661 0.0305950 0.0661987
v -0.0128424 0.0288199 0.0661987
v -0.0130024 0.0270000 0.0661987
v -0.0128424 0.0251801 0.0661987
v -0.0123661 0.0234050 0.0661987
v -0.0115853 0.0217184 0.0661987
v -0.0105192 0.0201618 0.0661987
v -0.0091941 0.0187737 0.0661987
v -0.0076426 0.0175881 0.0661987
v -0.0059030 0.0166342 0.0661987
v -0.0040180 0.0159356 0.0661987
v -0.0020340 0.0155095 0.0661987
v -0.0000000 0.0153662 0.0661987
v 0.0020340 0.0155095 0.0661987
v 0.0040180 0.0159356 0.0661987
v 0.0059030 0.0166342 0.0661987
v 0.0076426 0.0175881 0.0661987
v 0.0091941 0.0187737 0.0661987
v 0.0105192 0.0201618 0.0661987
v 0.0115853 0.0217184 0.0661987
v 0.0123661 0.0234050 0.0661987
v 0.0128424 0.0251801 0.0661987
v 0.0115350 0.0270000 0.0690416
v 0.0113930 0.0286145 0.0690416
v 0.0109705 0.0301893 0.0690416
v 0.0102778 0.0316856 0.0690416
v 0.0093320 0.0330664 0.0690416
v 0.0081565 0.0342979 0.0690416
v 0.0067801 0.0353497 0.0690416
v 0.0052368 0.0361959 0.0690416
v 0.0035645 0.0368157 0.0690416
v 0.0018045 0.0371937 0.0690416
v 0.0000000 0.0373208 0.0690416
v -0.0018045 0.0371937 0.0690416
v -0.0035645 0.0368157 0.0690416
v -0.0052368 0.0361959 0.0690416
v -0.0067801 0.0353497 0.0690416
v -0.0081565 0.0342979 0.0690416
v -0.0093320 0.0330664 0.0690416
v -0.0102778 0.0316856 0.0690416
v -0.0109705 0.0301893 0.0690416
v -0.0113930 0.0286145 0.0690416
v -0.0115350 0.0270000 0.0690416
v -0.0113930 0.0253855 0.0690416
v -0.0109705 0.0238107 0.0690416
v -0.0102778 0.0223144 0.0690416
v -0.0093320 0.0209336 0.0690416
v -0.0081565 0.0197021 0.0690416
v -0.0067801 0.0186503 0.0690416
v -0.0052368 0.0178041 0.0690416
v -0.0035645 0.0171843 0.0690416
v -0.0018045 0.0168063 0.0690416
v -0.0000000 0.0166792 0.0690416
v 0.0018045 0.0168063 0.0690416
v 0.0035645 0.0171843 0.0690416
v 0.0052368 0.0178041 0.0690416
v 0.0067801 0.0186503 0.0690416
v 0.0081565 0.0197021 0.0690416
v 0.0093320 0.0209336 0.0690416
v 0.0102778 0.0223144 0.0690416
v 0.0109705 0.0238107 0.0690416
v 0.0113930 0.0253855 0.0690416
v 0.0099939 0.0270000 0.0715823
v 0.0098709 0.0283988 0.0715823
v 0.0095048 0.0297632 0.0715823
v 0.0089047 0.0310596 0.0715823
v 0.0080853 0.0322559 0.0715823
v 0.0070668 0.0333229 0.0715823
v 0.0058743 0.0342342 0.0715823
v 0.0045372 0.0349673 0.0715823
v 0.0030883 0.0355043 0.0715823
v 0.0015634 0.0358319 0.0715823
v 0.0000000 0.0359419 0.0715823
v -0.0015634 0.0358319 0.0715823
v -0.0030883 0.0355043 0.0715823
v -0.0045372 0.0349673 0.0715823
v -0.0058743 0.0342342 0.0715823
v -0.0070668 0.0333229 0.0715823
v -0.0080853 0.0322559 0.0715823
v -0.0089047 0.0310596 0.0715823
v -0.0095048 0.0297632 0.0715823
v -0.0098709 0.0283988 0.0715823
v -0.0099939 0.0270000 0.0715823
v -0.0098709 0.0256012 0.0715823
v -0.0095048 0.0242368 0.0715823
v -0.0089047 0.0229404 0.0715823
v -0.0080853 0.0217441 0.0715823
v -0.0070668 0.0206771 0.0715823
v -0.0058743 0.0197658 0.0715823
v -0.0045372 0.0190327 0.0715823
v -0.0030883 0.0184957 0.0715823
v -0.0015634 0.0181681 0.0715823
v -0.0000000 0.0180581 0.0715823
v 0.0015634 0.0181681 0.0715823
v 0.0030883 0.0184957 0.0715823
v 0.0045372 0.0190327 0.0715823
v 0.0058743 0.0197658 0.0715823
v 0.0070668 0.0206771 0.0715823
v 0.0080853 0.0217441 0.0715823
v 0.0089047 0.0229404 0.0715823
v 0.0095048 0.0242368 0.0715823
v 0.0098709 0.0256012 0.0715823
v 0.0083968 0.0270000 0.0737886
v 0.0082934 0.0281753 0.0737886
v 0.0079858 0.0293216 0.0737886
v 0.0074816 0.0304108 0.0737886
v 0.0067931 0.0314160 0.0737886
v 0.0059374 0.0323124 0.0737886
v 0.0049355 0.0330781 0.0737886
v 0.0038121 0.0336940 0.0737886
v 0.0025947 0.0341452 0.0737886
v 0.0013135 0.0344204 0.0737886
v 0.0000000 0.0345129 0.0737886
v -0.0013135 0.0344204 0.0737886
v -0.0025947 0.0341452 0.0737886
v -0.0038121 0.0336940 0.0737886
v -0.0049355 0.0330781 0.0737886
v -0.0059374 0.0323124 0.0737886
v -0.0067931 0.0314160 0.0737886
v -0.0074816 0.0304108 0.0737886
v -0.0079858 0.0293216 0.0737886
v -0.0082934 0.0281753 0.0737886
v -0.0083968 0.0270000 0.0737886
v -0.0082934 0.0258247 0.0737886
v -0.0079858 0.0246784 0.0737886
v -0.0074816 0.0235892 0.0737886
v -0.0067931 0.0225840 0.0737886
v -0.0059374 0.0216876 0.0737886
v -0.0049355 0.0209219 0.0737886
v -0.0038121 0.0203060 0.0737886
v -0.0025947 0.0198548 0.0737886
v -0.0013135 0.0195796 0.0737886
v -0.0000000 0.0194871 0.0737886
v 0.0013135 0.0195796 0.0737886
v 0.0025947 0.0198548 0.0737886
v 0.0038121 0.0203060 0.0737886
v 0.0049355 0.0209219 0.0737886
v 0.0059374 0.0216876 0.0737886
v 0.0067931 0.0225840 0.0737886
v 0.0074816 0.0235892 0.0737886
v 0.0079858 0.0246784 0.0737886
v 0.0082934 0.0258247 0.0737886
v 0.0067583 0.0270000 0.0756329
v 0.0066751 0.0279459 0.0756329
v 0.0064275 0.0288686 0.0756329
v 0.0060217 0.0297452 0.0756329
v 0.0054676 0.0305543 0.0756329
v 0.0047788 0.0312758 0.0756329
v 0.0039724 0.0318921 0.0756329
v 0.0030682 0.0323878 0.0756329
v 0.0020884 0.0327510 0.0756329
v 0.0010572 0.0329725 0.0756329
v 0.0000000 0.0330469 0.0756329
v -0.0010572 0.0329725 0.0756329
v -0.0020884 0.0327510 0.0756329
v -0.0030682 0.0323878 0.0756329
v -0.0039724 0.0318921 0.0756329
v -0.0047788 0.0312758 0.0756329
v -0.0054676 0.0305543 0.0756329
v -0.0060217 0.0297452 0.0756329
v -0.0064275 0.0288686 0.0756329
v -0.0066751 0.0279459 0.0756329
v -0.0067583 0.0270000 0.0756329
v -0.0066751 0.0260541 0.0756329
v -0.0064275 0.0251314 0.0756329
v -0.0060217 0.0242548 0.0756329
v -0.0054676 0.0234457 0.0756329
v -0.0047788 0.0227242 0.0756329
v -0.0039724 0.0221079 0.0756329
v -0.0030682 0.0216122 0.0756329
v -0.0020884 0.0212490 0.0756329
v -0.0010572 0.0210275 0.0756329
v -0.0000000 0.0209531 0.0756329
v 0.0010572 0.0210275 0.0756329
v 0.0020884 0.0212490 0.0756329
v 0.0030682 0.0216122 0.0756329
v 0.0039724 0.0221079 0.0756329
v 0.0047788 0.0227242 0.0756329
v 0.0054676 0.0234457 0.0756329
v 0.0060217 0.0242548 0.0756329
v 0.0064275 0.0251314 0.0756329
v 0.0066751 0.0260541 0.0756329
v 0.0050907 0.0270000 0.0770920
v 0.0050280 0.0277125 0.0770920
v 0.0048415 0.0284075 0.0770920
v 0.0045358 0.0290678 0.0770920
v 0.0041184 0.0296773 0.0770920
v 0.0035996 0.0302207 0.0770920
v 0.0029922 0.0306849 0.0770920
v 0.0023111 0.0310584 0.0770920
v 0.0015731 0.0313319 0.0770920
v 0.0007964 0.0314987 0.0770920
v 0.0000000 0.0315548 0.0770920
v -0.0007964 0.0314987 0.0770920
v -0.0015731 0.0313319 0.0770920
v -0.0023111 0.0310584 0.0770920
v -0.0029922 0.0306849 0.0770920
v -0.0035996 0.0302207 0.0770920
v -0.0041184 0.0296773 0.0770920
v -0.0045358 0.0290678 0.0770920
v -0.0048415 0.0284075 0.0770920
v -0.0050280 0.0277125 0.0770920
v -0.0050907 0.0270000 0.0770920
v -0.0050280 0.0262875 0.0770920
v -0.0048415 0.0255925 0.0770920
v -0.0045358 0.0249322 0.0770920
v -0.0041184 0.0243227 0.0770920
v -0.0035996 0.0237793 0.0770920
v -0.0029922 0.0233151 0.0770920
v -0.0023111 0.0229416 0.0770920
v -0.0015731 0.0226681 0.0770920
v -0.0007964 0.0225013 0.0770920
v -0.0000000 0.0224452 0.0770920
v 0.0007964 0.0225013 0.0770920
v 0.0015731 0.0226681 0.0770920
v 0.0023111 0.0229416 0.0770920
v 0.0029922 0.0233151 0.0770920
v 0.0035996 0.0237793 0.0770920
v 0.0041184 0.0243227 0.0770920
v 0.0045358 0.0249322 0.0770920
v 0.0048415 0.0255925 0.0770920
v 0.0050280 0.0262875 0.0770920
v 0.0034035 0.0270000 0.0781475
v 0.0033616 0.0274764 0.0781475
v 0.0032369 0.0279410 0.0781475
v 0.0030326 0.0283825 0.0781475
v 0.0027535 0.0287900 0.0781475
v 0.0024067 0.0291533 0.0781475
v 0.0020005 0.0294637 0.0781475
v 0.0015452 0.0297133 0.0781475
v 0.0010517 0.0298962 0.0781475
v 0.0005324 0.0300078 0.0781475
v 0.0000000 0.0300453 0.0781475
v -0.0005324 0.0300078 0.0781475
v -0.0010517 0.0298962 0.0781475
v -0.0015452 0.0297133 0.0781475
v -0.0020005 0.0294637 0.0781475
v -0.0024067 0.0291533 0.0781475
v -0.0027535 0.0287900 0.0781475
v -0.0030326 0.0283825 0.0781475
v -0.0032369 0.0279410 0.0781475
v -0.0033616 0.0274764 0.0781475
v -0.0034035 0.0270000 0.0781475
v -0.0033616 0.0265236 0.0781475
v -0.0032369 0.0260590 0.0781475
v -0.0030326 0.0256175 0.0781475
v -0.0027535 0.0252100 0.0781475
v -0.0024067 0.0248467 0.0781475
v -0.0020005 0.0245363 0.0781475
v -0.0015452 0.0242867 0.0781475
v -0.0010517 0.0241038 0.0781475
v -0.0005324 0.0239922 0.0781475
v -0.0000000 0.0239547 0.0781475
v 0.0005324 0.0239922 0.0781475
v 0.0010517 0.0241038 0.0781475
v 0.0015452 0.0242867 0.0781475
v 0.0020005 0.0245363 0.0781475
v 0.0024067 0.0248467 0.0781475
v 0.0027535 0.0252100 0.0781475
v 0.0030326 0.0256175 0.0781475
v 0.0032369 0.0260590 0.0781475
v 0.0033616 0.0265236 0.0781475
v 0.0017045 0.0270000 0.0787862
v 0.0016835 0.0272386 0.0787862
v 0.0016211 0.0274713 0.0787862
v 0.0015188 0.0276924 0.0787862
v 0.0013790 0.0278964 0.0787862
v 0.0012053 0.0280784 0.0787862
v 0.0010019 0.0282338 0.0787862
v 0.0007738 0.0283589 0.0787862
v 0.0005267 0.0284505 0.0787862
v 0.0002666 0.0285063 0.0787862
v 0.0000000 0.0285251 0.0787862
v -0.0002666 0.0285063 0.0787862
v -0.0005267 0.0284505 0.0787862
v -0.0007738 0.0283589 0.0787862
v -0.0010019 0.0282338 0.0787862
v -0.0012053 0.0280784 0.0787862
v -0.0013790 0.0278964 0.0787862
v -0.0015188 0.0276924 0.0787862
v -0.0016211 0.0274713 0.0787862
v -0.0016835 0.0272386 0.0787862
v -0.0017045 0.0270000 0.0787862
v -0.0016835 0.0267614 0.0787862
v -0.0016211 0.0265287 0.0787862
v -0.0015188 0.0263076 0.0787862
v -0.0013790 0.0261036 0.0787862
v -0.0012053 0.0259216 0.0787862
v -0.0010019 0.0257662 0.0787862
v -0.0007738 0.0256411 0.0787862
v -0.0005267 0.0255495 0.0787862
v -0.0002666 0.0254937 0.0787862
v -0.0000000 0.0254749 0.0787862
v 0.0002666 0.0254937 0.0787862
v 0.0005267 0.0255495 0.0787862
v 0.0007738 0.0256411 0.0787862
v 0.0010019 0.0257662 0.0787862
v 0.0012053 0.0259216 0.0787862
v 0.0013790 0.0261036 0.0787862
v 0.0015188 0.0263076 0.0787862
v 0.0016211 0.0265287 0.0787862
v 0.0016835 0.0267614 0.0787862
v 0.0000000 0.0270000 0.0790000
v 0.0570000 0.0270000 0.0110000
v 0.0595501 0.0270000 0.0112138
v 0.0595187 0.0273569 0.0112138
v 0.0594253 0.0277051 0.0112138
v 0.0592722 0.0280359 0.0112138
v 0.0590631 0.0283411 0.0112138
v 0.0588032 0.0286134 0.0112138
v 0.0584989 0.0288459 0.0112138
v 0.0581577 0.0290330 0.0112138
v 0.0577880 0.0291700 0.0112138
v 0.0573989 0.0292536 0.0112138
v 0.0570000 0.0292817 0.0112138
v 0.0566011 0.0292536 0.0112138
v 0.0562120 0.0291700 0.0112138
v 0.0558423 0.0290330 0.0112138
v 0.0555011 0.0288459 0.0112138
v 0.0551968 0.0286134 0.0112138
v 0.0549369 0.0283411 0.0112138
v 0.0547278 0.0280359 0.0112138
v 0.0545747 0.0277051 0.0112138
v 0.0544813 0.0273569 0.0112138
v 0.0544499 0.0270000 0.0112138
v 0.0544813 0.0266431 0.0112138
v 0.0545747 0.0262949 0.0112138
v 0.0547278 0.0259641 0.0112138
v 0.0549369 0.0256589 0.0112138
v 0.0551968 0.0253866 0.0112138
v 0.0555011 0.0251541 0.0112138
v 0.0558423 0.0249670 0.0112138
v 0.0562120 0.0248300 0.0112138
v 0.0566011 0.0247464 0.0112138
v 0.0570000 0.0247183 0.0112138
v 0.0573989 0.0247464 0.0112138
v 0.0577880 0.0248300 0.0112138
v 0.0581577 0.0249670 0.0112138
v 0.0584989 0.0251541 0.0112138
v 0.0588032 0.0253866 0.0112138
v 0.0590631 0.0256589 0.0112138
v 0.0592722 0.0259641 0.0112138
v 0.0594253 0.0262949 0.0112138
v 0.0595187 0.0266431 0.0112138
v 0.0620523 0.0270000 0.0118525
v 0.0619901 0.0277072 0.0118525
v 0.0618050 0.0283969 0.0118525
v 0.0615016 0.0290522 0.0118525
v 0.0610874 0.0296571 0.0118525
v 0.0605725 0.0301964 0.0118525
v 0.0599697 0.0306571 0.0118525
v 0.0592937 0.0310278 0.0118525
v 0.0585612 0.0312992 0.0118525
v 0.0577904 0.0314648 0.0118525
v 0.0570000 0.0315205 0.0118525
v 0.0562096 0.0314648 0.0118525
v 0.0554388 0.0312992 0.0118525
v 0.0547063 0.0310278 0.0118525
v 0.0540303 0.0306571 0.0118525
v 0.0534275 0.0301964 0.0118525
v 0.0529126 0.0296571 0.0118525
v 0.0524984 0.0290522 0.0118525
v 0.0521950 0.0283969 0.0118525
v 0.0520099 0.0277072 0.0118525
v 0.0519477 0.0270000 0.0118525
v 0.0520099 0.0262928 0.0118525
v 0.0521950 0.0256031 0.0118525
v 0.0524984 0.0249478 0.0118525
v 0.0529126 0.0243429 0.0118525
v 0.0534275 0.0238036 0.0118525
v 0.0540303 0.0233429 0.0118525
v 0.0547063 0.0229722 0.0118525
v 0.0554388 0.0227008 0.0118525
v 0.0562096 0.0225352 0.0118525
v 0.0570000 0.0224795 0.0118525
v 0.0577904 0.0225352 0.0118525
v 0.0585612 0.0227008 0.0118525
v 0.0592937 0.0229722 0.0118525
v 0.0599697 0.0233429 0.0118525
v 0.0605725 0.0238036 0.0118525
v 0.0610874 0.0243429 0.0118525
v 0.0615016 0.0249478 0.0118525
v 0.0618050 0.0256031 0.0118525
v 0.0619901 0.0262928 0.0118525
v 0.0644599 0.0270000 0.0129080
v 0.0643681 0.0280441 0.0129080
v 0.0640948 0.0290626 0.0129080
v 0.0636468 0.0300302 0.0129080
v 0.0630352 0.0309233 0.0129080
v 0.0622750 0.0317197 0.0129080
v 0.0613848 0.0323999 0.0129080
v 0.0603867 0.0329472 0.0129080
v 0.0593052 0.0333480 0.0129080
v 0.0581670 0.0335925 0.0129080
v 0.0570000 0.0336747 0.0129080
v 0.0558330 0.0335925 0.0129080
v 0.0546948 0.0333480 0.0129080
v 0.0536133 0.0329472 0.0129080
v 0.0526152 0.0323999 0.0129080
v 0.0517250 0.0317197 0.0129080
v 0.0509648 0.0309233 0.0129080
v 0.0503532 0.0300302 0.0129080
v 0.0499052 0.0290626 0.0129080
v 0.0496319 0.0280441 0.0129080
v 0.0495401 0.0270000 0.0129080
v 0.0496319 0.0259559 0.0129080
v 0.0499052 0.0249374 0.0129080
v 0.0503532 0.0239698 0.0129080
v 0.0509648 0.0230767 0.0129080
v 0.0517250 0.0222803 0.0129080
v 0.0526152 0.0216001 0.0129080
v 0.0536133 0.0210528 0.0129080
v 0.0546948 0.0206520 0.0129080
v 0.0558330 0.0204075 0.0129080
v 0.0570000 0.0203253 0.0129080
v 0.0581670 0.0204075 0.0129080
v 0.0593052 0.0206520 0.0129080
v 0.0603867 0.0210528 0.0129080
v 0.0613848 0.0216001 0.0129080
v 0.0622750 0.0222803 0.0129080
v 0.0630352 0.0230767 0.0129080
v 0.0636468 0.0239698 0.0129080
v 0.0640948 0.0249374 0.0129080
v 0.0643681 0.0259559 0.0129080
v 0.0667293 0.0270000 0.0143671
v 0.0666095 0.0283618 0.0143671
v 0.0662531 0.0296900 0.0143671
v 0.0656688 0.0309520 0.0143671
v 0.0648711 0.0321168 0.0143671
v 0.0638796 0.0331555 0.0143671
v 0.0627187 0.0340426 0.0143671
v 0.0614170 0.0347563 0.0143671
v 0.0600065 0.0352791 0.0143671
v 0.0585220 0.0355980 0.0143671
v 0.0570000 0.0357051 0.0143671
v 0.0554780 0.0355980 0.0143671
v 0.0539935 0.0352791 0.0143671
v 0.0525830 0.0347563 0.0143671
v 0.0512813 0.0340426 0.0143671
v 0.0501204 0.0331555 0.0143671
v 0.0491289 0.0321168 0.0143671
v 0.0483312 0.0309520 0.0143671
v 0.0477469 0.0296900 0.0143671
v 0.0473905 0.0283618 0.0143671
v 0.0472707 0.0270000 0.0143671
v 0.0473905 0.0256382 0.0143671
v 0.0477469 0.0243100 0.0143671
v 0.0483312 0.0230480 0.0143671
v 0.0491289 0.0218832 0.0143671
v 0.0501204 0.0208445 0.0143671
v 0.0512813 0.0199574 0.0143671
v 0.0525830 0.0192437 0.0143671
v 0.0539935 0.0187209 0.0143671
v 0.0554780 0.0184020 0.0143671
v 0.0570000 0.0182949 0.0143671
v 0.0585220 0.0184020 0.0143671
v 0.0600065 0.0187209 0.0143671
v 0.0614170 0.0192437 0.0143671
v 0.0627187 0.0199574 0.0143671
v 0.0638796 0.0208445 0.0143671
v 0.0648711 0.0218832 0.0143671
v 0.0656688 0.0230480 0.0143671
v 0.0662531 0.0243100 0.0143671
v 0.0666095 0.0256382 0.0143671
v 0.0688205 0.0270000 0.0162114
v 0.0686749 0.0286545 0.0162114
v 0.0682419 0.0302682 0.0162114
v 0.0675321 0.0318015 0.0162114
v 0.0665629 0.0332165 0.0162114
v 0.0653583 0.0344785 0.0162114
v 0.0639479 0.0355563 0.0162114
v 0.0623664 0.0364235 0.0162114
v 0.0606527 0.0370586 0.0162114
v 0.0588491 0.0374460 0.0162114
v 0.0570000 0.0375762 0.0162114
v 0.0551509 0.0374460 0.0162114
v 0.0533473 0.0370586 0.0162114
v 0.0516336 0.0364235 0.0162114
v 0.0500521 0.0355563 0.0162114
v 0.0486417 0.0344785 0.0162114
v 0.0474371 0.0332165 0.0162114
v 0.0464679 0.0318015 0.0162114
v 0.0457581 0.0302682 0.0162114
v 0.0453251 0.0286545 0.0162114
v 0.0451795 0.0270000 0.0162114
v 0.0453251 0.0253455 0.0162114
v 0.0457581 0.0237318 0.0162114
v 0.0464679 0.0221985 0.0162114
v 0.0474371 0.0207835 0.0162114
v 0.0486417 0.0195215 0.0162114
v 0.0500521 0.0184437 0.0162114
v 0.0516336 0.0175765 0.0162114
v 0.0533473 0.0169414 0.0162114
v 0.0551509 0.0165540 0.0162114
v 0.0570000 0.0164238 0.0162114
v 0.0588491 0.0165540 0.0162114
v 0.0606527 0.0169414 0.0162114
v 0.0623664 0.0175765 0.0162114
v 0.0639479 0.0184437 0.0162114
v 0.0653583 0.0195215 0.0162114
v 0.0665629 0.0207835 0.0162114
v 0.0675321 0.0221985 0.0162114
v 0.0682419 0.0237318 0.0162114
v 0.0686749 0.0253455 0.0162114
v 0.0706987 0.0270000 0.0184177
v 0.0705300 0.0289174 0.0184177
v 0.0700282 0.0307875 0.0184177
v 0.0692056 0.0325644 0.0184177
v 0.0680825 0.0342043 0.0184177
v 0.0666864 0.0356668 0.0184177
v 0.0650519 0.0369159 0.0184177
v 0.0632191 0.0379208 0.0184177
v 0.0612331 0.0386568 0.0184177
v 0.0591429 0.0391058 0.0184177
v 0.0570000 0.0392567 0.0184177
v 0.0548571 0.0391058 0.0184177
v 0.0527669 0.0386568 0.0184177
v 0.0507809 0.0379208 0.0184177
v 0.0489481 0.0369159 0.0184177
v 0.0473136 0.0356668 0.0184177
v 0.0459175 0.0342043 0.0184177
v 0.0447944 0.0325644 0.0184177
v 0.0439718 0.0307875 0.0184177
v 0.0434700 0.0289174 0.0184177
v 0.0433013 0.0270000 0.0184177
v 0.0434700 0.0250826 0.0184177
v 0.0439718 0.0232125 0.0184177
v 0.0447944 0.0214356 0.0184177
v 0.0459175 0.0197957 0.0184177
v 0.0473136 0.0183332 0.0184177
v 0.0489481 0.0170841 0.0184177
v 0.0507809 0.0160792 0.0184177
v 0.0527669 0.0153432 0.0184177
v 0.0548571 0.0148942 0.0184177
v 0.0570000 0.0147433 0.0184177
v 0.0591429 0.0148942 0.0184177
v 0.0612331 0.0153432 0.0184177
v 0.0632191 0.0160792 0.0184177
v 0.0650519 0.0170841 0.0184177
v 0.0666864 0.0183332 0.0184177
v 0.0680825 0.0197957 0.0184177
v 0.0692056 0.0214356 0.0184177
v 0.0700282 0.0232125 0.0184177
v 0.0705300 0.0250826 0.0184177
v 0.0723350 0.0270000 0.0209584
v 0.0721462 0.0291464 0.0209584
v 0.0715845 0.0312400 0.0209584
v 0.0706636 0.0332291 0.0209584
v 0.0694063 0.0350649 0.0209584
v 0.0678435 0.0367021 0.0209584
v 0.0660137 0.0381004 0.0209584
v 0.0639620 0.0392253 0.0209584
v 0.0617388 0.0400493 0.0209584
v 0.0593989 0.0405519 0.0209584
v 0.0570000 0.0407208 0.0209584
v 0.0546011 0.0405519 0.0209584
v 0.0522612 0.0400493 0.0209584
v 0.0500380 0.0392253 0.0209584
v 0.0479863 0.0381004 0.0209584
v 0.0461565 0.0367021 0.0209584
v 0.0445937 0.0350649 0.0209584
v 0.0433364 0.0332291 0.0209584
v 0.0424155 0.0312400 0.0209584
v 0.0418538 0.0291464 0.0209584
v 0.0416650 0.0270000 0.0209584
v 0.0418538 0.0248536 0.0209584
v 0.0424155 0.0227600 0.0209584
v 0.0433364 0.0207709 0.0209584
v 0.0445937 0.0189351 0.0209584
v 0.0461565 0.0172979 0.0209584
v 0.0479863 0.0158996 0.0209584
v 0.0500380 0.0147747 0.0209584
v 0.0522612 0.0139507 0.0209584
v 0.0546011 0.0134481 0.0209584
v 0.0570000 0.0132792 0.0209584
v 0.0593989 0.0134481 0.0209584
v 0.0617388 0.0139507 0.0209584
v 0.0639620 0.0147747 0.0209584
v 0.0660137 0.0158996 0.0209584
v 0.0678435 0.0172979 0.0209584
v 0.0694063 0.0189351 0.0209584
v 0.0706636 0.0207709 0.0209584
v 0.0715845 0.0227600 0.0209584
v 0.0721462 0.0248536 0.0209584
v 0.0737072 0.0270000 0.0238013
v 0.0735015 0.0293385 0.0238013
v 0.0728895 0.0316193 0.0238013
v 0.0718862 0.0337865 0.0238013
v 0.0705164 0.0357865 0.0238013
v 0.0688137 0.0375702 0.0238013
v 0.0668202 0.0390936 0.0238013
v 0.0645849 0.0403192 0.0238013
v 0.0621628 0.0412169 0.0238013
v 0.0596136 0.0417645 0.0238013
v 0.0570000 0.0419485 0.0238013
v 0.0543864 0.0417645 0.0238013
v 0.0518372 0.0412169 0.0238013
v 0.0494151 0.0403192 0.0238013
v 0.0471798 0.0390936 0.0238013
v 0.0451863 0.0375702 0.0238013
v 0.0434836 0.0357865 0.0238013
v 0.0421138 0.0337865 0.0238013
v 0.0411105 0.0316193 0.0238013
v 0.0404985 0.0293385 0.0238013
v 0.0402928 0.0270000 0.0238013
v 0.0404985 0.0246615 0.0238013
v 0.0411105 0.0223807 0.0238013
v 0.0421138 0.0202135 0.0238013
v 0.0434836 0.0182135 0.0238013
v 0.0451863 0.0164298 0.0238013
v 0.0471798 0.0149064 0.0238013
v 0.0494151 0.0136808 0.0238013
v 0.0518372 0.0127831 0.0238013
v 0.0543864 0.0122355 0.0238013
v 0.0570000 0.0120515 0.0238013
v 0.0596136 0.0122355 0.0238013
v 0.0621628 0.0127831 0.0238013
v 0.0645849 0.0136808 0.0238013
v 0.0668202 0.0149064 0.0238013
v 0.0688137 0.0164298 0.0238013
v 0.0705164 0.0182135 0.0238013
v 0.0718862 0.0202135 0.0238013
v 0.0728895 0.0223807 0.0238013
v 0.0735015 0.0246615 0.0238013
v 0.0747996 0.0270000 0.0269109
v 0.0745805 0.0294914 0.0269109
v 0.0739284 0.0319214 0.0269109
v 0.0728596 0.0342302 0.0269109
v 0.0714002 0.0363610 0.0269109
v 0.0695862 0.0382614 0.0269109
v 0.0674623 0.0398844 0.0269109
v 0.0650808 0.0411901 0.0269109
v 0.0625004 0.0421465 0.0269109
v 0.0597845 0.0427299 0.0269109
v 0.0570000 0.0429260 0.0269109
v 0.0542155 0.0427299 0.0269109
v 0.0514996 0.0421465 0.0269109
v 0.0489192 0.0411901 0.0269109
v 0.0465377 0.0398844 0.0269109
v 0.0444138 0.0382614 0.0269109
v 0.0425998 0.0363610 0.0269109
v 0.0411404 0.0342302 0.0269109
v 0.0400716 0.0319214 0.0269109
v 0.0394195 0.0294914 0.0269109
v 0.0392004 0.0270000 0.0269109
v 0.0394195 0.0245086 0.0269109
v 0.0400716 0.0220786 0.0269109
v 0.0411404 0.0197698 0.0269109
v 0.0425998 0.0176390 0.0269109
v 0.0444138 0.0157386 0.0269109
v 0.0465377 0.0141156 0.0269109
v 0.0489192 0.0128099 0.0269109
v 0.0514996 0.0118535 0.0269109
v 0.0542155 0.0112701 0.0269109
v 0.0570000 0.0110740 0.0269109
v 0.0597845 0.0112701 0.0269109
v 0.0625004 0.0118535 0.0269109
v 0.0650808 0.0128099 0.0269109
v 0.0674623 0.0141156 0.0269109
v 0.0695862 0.0157386 0.0269109
v 0.0714002 0.0176390 0.0269109
v 0.0728596 0.0197698 0.0269109
v 0.0739284 0.0220786 0.0269109
v 0.0745805 0.0245086 0.0269109
v 0.0756039 0.0270000 0.0302480
v 0.0753748 0.0296039 0.0302480
v 0.0746933 0.0321438 0.0302480
v 0.0735762 0.0345569 0.0302480
v 0.0720509 0.0367840 0.0302480
v 0.0701549 0.0387702 0.0302480
v 0.0679351 0.0404666 0.0302480
v 0.0654460 0.0418313 0.0302480
v 0.0627489 0.0428309 0.0302480
v 0.0599103 0.0434406 0.0302480
v 0.0570000 0.0436456 0.0302480
v 0.0540897 0.0434406 0.0302480
v 0.0512511 0.0428309 0.0302480
v 0.0485540 0.0418313 0.0302480
v 0.0460649 0.0404666 0.0302480
v 0.0438451 0.0387702 0.0302480
v 0.0419491 0.0367840 0.0302480
v 0.0404238 0.0345569 0.0302480
v 0.0393067 0.0321438 0.0302480
v 0.0386252 0.0296039 0.0302480
v 0.0383961 0.0270000 0.0302480
v 0.0386252 0.0243961 0.0302480
v 0.0393067 0.0218562 0.0302480
v 0.0404238 0.0194431 0.0302480
v 0.0419491 0.0172160 0.0302480
v 0.0438451 0.0152298 0.0302480
v 0.0460649 0.0135334 0.0302480
v 0.0485540 0.0121687 0.0302480
v 0.0512511 0.0111691 0.0302480
v 0.0540897 0.0105594 0.0302480
v 0.0570000 0.0103544 0.0302480
v 0.0599103 0.0105594 0.0302480
v 0.0627489 0.0111691 0.0302480
v 0.0654460 0.0121687 0.0302480
v 0.0679351 0.0135334 0.0302480
v 0.0701549 0.0152298 0.0302480
v 0.0720509 0.0172160 0.0302480
v 0.0735762 0.0194431 0.0302480
v 0.0746933 0.0218562 0.0302480
v 0.0753748 0.0243961 0.0302480
v 0.0761184 0.0270000 0.0337705
v 0.0758830 0.0296760 0.0337705
v 0.0751827 0.0322860 0.0337705
v 0.0740346 0.0347659 0.0337705
v 0.0724671 0.0370546 0.0337705
v 0.0705188 0.0390957 0.0337705
v 0.0682375 0.0408390 0.0337705
v 0.0656796 0.0422415 0.0337705
v 0.0629079 0.0432687 0.0337705
v 0.0599908 0.0438953 0.0337705
v 0.0570000 0.0441059 0.0337705
v 0.0540092 0.0438953 0.0337705
v 0.0510921 0.0432687 0.0337705
v 0.0483204 0.0422415 0.0337705
v 0.0457625 0.0408390 0.0337705
v 0.0434812 0.0390957 0.0337705
v 0.0415329 0.0370546 0.0337705
v 0.0399654 0.0347659 0.0337705
v 0.0388173 0.0322860 0.0337705
v 0.0381170 0.0296760 0.0337705
v 0.0378816 0.0270000 0.0337705
v 0.0381170 0.0243240 0.0337705
v 0.0388173 0.0217140 0.0337705
v 0.0399654 0.0192341 0.0337705
v 0.0415329 0.0169454 0.0337705
v 0.0434812 0.0149043 0.0337705
v 0.0457625 0.0131610 0.0337705
v 0.0483204 0.0117585 0.0337705
v 0.0510921 0.0107313 0.0337705
v 0.0540092 0.0101047 0.0337705
v 0.0570000 0.0098941 0.0337705
v 0.0599908 0.0101047 0.0337705
v 0.0629079 0.0107313 0.0337705
v 0.0656796 0.0117585 0.0337705
v 0.0682375 0.0131610 0.0337705
v 0.0705188 0.0149043 0.0337705
v 0.0724671 0.0169454 0.0337705
v 0.0740346 0.0192341 0.0337705
v 0.0751827 0.0217140 0.0337705
v 0.0758830 0.0243240 0.0337705
v 0.0763480 0.0270000 0.0374343
v 0.0761098 0.0297081 0.0374343
v 0.0754011 0.0323495 0.0374343
v 0.0742392 0.0348592 0.0374343
v 0.0726529 0.0371754 0.0374343
v 0.0706811 0.0392410 0.0374343
v 0.0683725 0.0410052 0.0374343
v 0.0657838 0.0424245 0.0374343
v 0.0629789 0.0434641 0.0374343
v 0.0600267 0.0440982 0.0374343
v 0.0570000 0.0443114 0.0374343
v 0.0539733 0.0440982 0.0374343
v 0.0510211 0.0434641 0.0374343
v 0.0482162 0.0424245 0.0374343
v 0.0456275 0.0410052 0.0374343
v 0.0433189 0.0392410 0.0374343
v 0.0413471 0.0371754 0.0374343
v 0.0397608 0.0348592 0.0374343
v 0.0385989 0.0323495 0.0374343
v 0.0378902 0.0297081 0.0374343
v 0.0376520 0.0270000 0.0374343
v 0.0378902 0.0242919 0.0374343
v 0.0385989 0.0216505 0.0374343
v 0.0397608 0.0191408 0.0374343
v 0.0413471 0.0168246 0.0374343
v 0.0433189 0.0147590 0.0374343
v 0.0456275 0.0129948 0.0374343
v 0.0482162 0.0115755 0.0374343
v 0.0510211 0.0105359 0.0374343
v 0.0539733 0.0099018 0.0374343
v 0.0570000 0.0096886 0.0374343
v 0.0600267 0.0099018 0.0374343
v 0.0629789 0.0105359 0.0374343
v 0.0657838 0.0115755 0.0374343
v 0.0683725 0.0129948 0.0374343
v 0.0706811 0.0147590 0.0374343
v 0.0726529 0.0168246 0.0374343
v 0.0742392 0.0191408 0.0374343
v 0.0754011 0.0216505 0.0374343
v 0.0761098 0.0242919 0.0374343
v 0.0763033 0.0270000 0.0411932
v 0.0760657 0.0297018 0.0411932
v 0.0753585 0.0323372 0.0411932
v 0.0741994 0.0348410 0.0411932
v 0.0726167 0.0371519 0.0411932
v 0.0706495 0.0392127 0.0411932
v 0.0683462 0.0409729 0.0411932
v 0.0657635 0.0423889 0.0411932
v 0.0629651 0.0434261 0.0411932
v 0.0600197 0.0440588 0.0411932
v 0.0570000 0.0442714 0.0411932
v 0.0539803 0.0440588 0.0411932
v 0.0510349 0.0434261 0.0411932
v 0.0482365 0.0423889 0.0411932
v 0.0456538 0.0409729 0.0411932
v 0.0433505 0.0392127 0.0411932
v 0.0413833 0.0371519 0.0411932
v 0.0398006 0.0348410 0.0411932
v 0.0386415 0.0323372 0.0411932
v 0.0379343 0.0297018 0.0411932
v 0.0376967 0.0270000 0.0411932
v 0.0379343 0.0242982 0.0411932
v 0.0386415 0.0216628 0.0411932
v 0.0398006 0.0191590 0.0411932
v 0.0413833 0.0168481 0.0411932
v 0.0433505 0.0147873 0.0411932
v 0.0456538 0.0130271 0.0411932
v 0.0482365 0.0116111 0.0411932
v 0.0510349 0.0105739 0.0411932
v 0.0539803 0.0099412 0.0411932
v 0.0570000 0.0097286 0.0411932
v 0.0600197 0.0099412 0.0411932
v 0.0629651 0.0105739 0.0411932
v 0.0657635 0.0116111 0.0411932
v 0.0683462 0.0130271 0.0411932
v 0.0706495 0.0147873 0.0411932
v 0.0726167 0.0168481 0.0411932
v 0.0741994 0.0191590 0.0411932
v 0.0753585 0.0216628 0.0411932
v 0.0760657 0.0242982 0.0411932
v 0.0760000 0.0270000 0.0450000
v 0.0757661 0.0296594 0.0450000
v 0.0750701 0.0322533 0.0450000
v 0.0739291 0.0347178 0.0450000
v 0.0723713 0.0369923 0.0450000
v 0.0704350 0.0390208 0.0450000
v 0.0681679 0.0407533 0.0450000
v 0.0656258 0.0421471 0.0450000
v 0.0628713 0.0431680 0.0450000
v 0.0599723 0.0437907 0.0450000
v 0.0570000 0.0440000 0.0450000
v 0.0540277 0.0437907 0.0450000
v 0.0511287 0.0431680 0.0450000
v 0.0483742 0.0421471 0.0450000
v 0.0458321 0.0407533 0.0450000
v 0.0435650 0.0390208 0.0450000
v 0.0416287 0.0369923 0.0450000
v 0.0400709 0.0347178 0.0450000
v 0.0389299 0.0322533 0.0450000
v 0.0382339 0.0296594 0.0450000
v 0.0380000 0.0270000 0.0450000
v 0.0382339 0.0243406 0.0450000
v 0.0389299 0.0217467 0.0450000
v 0.0400709 0.0192822 0.0450000
v 0.0416287 0.0170077 0.0450000
v 0.0435650 0.0149792 0.0450000
v 0.0458321 0.0132467 0.0450000
v 0.0483742 0.0118529 0.0450000
v 0.0511287 0.0108320 0.0450000
v 0.0540277 0.0102093 0.0450000
v 0.0570000 0.0100000 0.0450000
v 0.0599723 0.0102093 0.0450000
v 0.0628713 0.0108320 0.0450000
v 0.0656258 0.0118529 0.0450000
v 0.0681679 0.0132467 0.0450000
v 0.0704350 0.0149792 0.0450000
v 0.0723713 0.0170077 0.0450000
v 0.0739291 0.0192822 0.0450000
v 0.0750701 0.0217467 0.0450000
v 0.0757661 0.0243406 0.0450000
v 0.0754577 0.0270000 0.0488068
v 0.0752305 0.0295835 0.0488068
v 0.0745544 0.0321034 0.0488068
v 0.0734460 0.0344976 0.0488068
v 0.0719326 0.0367072 0.0488068
v 0.0700516 0.0386777 0.0488068
v 0.0678492 0.0403608 0.0488068
v 0.0653796 0.0417148 0.0488068
v 0.0627038 0.0427065 0.0488068
v 0.0598874 0.0433115 0.0488068
v 0.0570000 0.0435148 0.0488068
v 0.0541126 0.0433115 0.0488068
v 0.0512962 0.0427065 0.0488068
v 0.0486204 0.0417148 0.0488068
v 0.0461508 0.0403608 0.0488068
v 0.0439484 0.0386777 0.0488068
v 0.0420674 0.0367072 0.0488068
v 0.0405540 0.0344976 0.0488068
v 0.0394456 0.0321034 0.0488068
v 0.0387695 0.0295835 0.0488068
v 0.0385423 0.0270000 0.0488068
v 0.0387695 0.0244165 0.0488068
v 0.0394456 0.0218966 0.0488068
v 0.0405540 0.0195024 0.0488068
v 0.0420674 0.0172928 0.0488068
v 0.0439484 0.0153223 0.0488068
v 0.0461508 0.0136392 0.0488068
v 0.0486204 0.0122852 0.0488068
v 0.0512962 0.0112935 0.0488068
v 0.0541126 0.0106885 0.0488068
v 0.0570000 0.0104852 0.0488068
v 0.0598874 0.0106885 0.0488068
v 0.0627038 0.0112935 0.0488068
v 0.0653796 0.0122852 0.0488068
v 0.0678492 0.0136392 0.0488068
v 0.0700516 0.0153223 0.0488068
v 0.0719326 0.0172928 0.0488068
v 0.0734460 0.0195024 0.0488068
v 0.0745544 0.0218966 0.0488068
v 0.0752305 0.0244165 0.0488068
v 0.0746993 0.0270000 0.0525657
v 0.0744813 0.0294773 0.0525657
v 0.0738330 0.0318936 0.0525657
v 0.0727701 0.0341895 0.0525657
v 0.0713190 0.0363083 0.0525657
v 0.0695153 0.0381979 0.0525657
v 0.0674034 0.0398117 0.0525657
v 0.0650353 0.0411101 0.0525657
v 0.0624694 0.0420611 0.0525657
v 0.0597688 0.0426412 0.0525657
v 0.0570000 0.0428362 0.0525657
v 0.0542312 0.0426412 0.0525657
v 0.0515306 0.0420611 0.0525657
v 0.0489647 0.0411101 0.0525657
v 0.0465966 0.0398117 0.0525657
v 0.0444847 0.0381979 0.0525657
v 0.0426810 0.0363083 0.0525657
v 0.0412299 0.0341895 0.0525657
v 0.0401670 0.0318936 0.0525657
v 0.0395187 0.0294773 0.0525657
v 0.0393007 0.0270000 0.0525657
v 0.0395187 0.0245227 0.0525657
v 0.0401670 0.0221064 0.0525657
v 0.0412299 0.0198105 0.0525657
v 0.0426810 0.0176917 0.0525657
v 0.0444847 0.0158021 0.0525657
v 0.0465966 0.0141883 0.0525657
v 0.0489647 0.0128899 0.0525657
v 0.0515306 0.0119389 0.0525657
v 0.0542312 0.0113588 0.0525657
v 0.0570000 0.0111638 0.0525657
v 0.0597688 0.0113588 0.0525657
v 0.0624694 0.0119389 0.0525657
v 0.0650353 0.0128899 0.0525657
v 0.0674034 0.0141883 0.0525657
v 0.0695153 0.0158021 0.0525657
v 0.0713190 0.0176917 0.0525657
v 0.0727701 0.0198105 0.0525657
v 0.0738330 0.0221064 0.0525657
v 0.0744813 0.0245227 0.0525657
v 0.0737492 0.0270000 0.0562295
v 0.0735429 0.0293443 0.0562295
v 0.0729294 0.0316310 0.0562295
v 0.0719236 0.0338035 0.0562295
v 0.0705503 0.0358086 0.0562295
v 0.0688434 0.0375968 0.0562295
v 0.0668449 0.0391240 0.0562295
v 0.0646040 0.0403527 0.0562295
v 0.0621758 0.0412526 0.0562295
v 0.0596201 0.0418016 0.0562295
v 0.0570000 0.0419861 0.0562295
v 0.0543799 0.0418016 0.0562295
v 0.0518242 0.0412526 0.0562295
v 0.0493960 0.0403527 0.0562295
v 0.0471551 0.0391240 0.0562295
v 0.0451566 0.0375968 0.0562295
v 0.0434497 0.0358086 0.0562295
v 0.0420764 0.0338035 0.0562295
v 0.0410706 0.0316310 0.0562295
v 0.0404571 0.0293443 0.0562295
v 0.0402508 0.0270000 0.0562295
v 0.0404571 0.0246557 0.0562295
v 0.0410706 0.0223690 0.0562295
v 0.0420764 0.0201965 0.0562295
v 0.0434497 0.0181914 0.0562295
v 0.0451566 0.0164032 0.0562295
v 0.0471551 0.0148760 0.0562295
v 0.0493960 0.0136473 0.0562295
v 0.0518242 0.0127474 0.0562295
v 0.0543799 0.0121984 0.0562295
v 0.0570000 0.0120139 0.0562295
v 0.0596201 0.0121984 0.0562295
v 0.0621758 0.0127474 0.0562295
v 0.0646040 0.0136473 0.0562295
v 0.0668449 0.0148760 0.0562295
v 0.0688434 0.0164032 0.0562295
v 0.0705503 0.0181914 0.0562295
v 0.0719236 0.0201965 0.0562295
v 0.0729294 0.0223690 0.0562295
v 0.0735429 0.0246557 0.0562295
v 0.0726329 0.0270000 0.0597520
v 0.0724405 0.0291881 0.0597520
v 0.0718678 0.0313223 0.0597520
v 0.0709290 0.0333501 0.0597520
v 0.0696473 0.0352216 0.0597520
v 0.0680541 0.0368906 0.0597520
v 0.0661888 0.0383160 0.0597520
v 0.0640972 0.0394628 0.0597520
v 0.0618308 0.0403028 0.0597520
v 0.0594455 0.0408151 0.0597520
v 0.0570000 0.0409874 0.0597520
v 0.0545545 0.0408151 0.0597520
v 0.0521692 0.0403028 0.0597520
v 0.0499028 0.0394628 0.0597520
v 0.0478112 0.0383160 0.0597520
v 0.0459459 0.0368906 0.0597520
v 0.0443527 0.0352216 0.0597520
v 0.0430710 0.0333501 0.0597520
v 0.0421322 0.0313223 0.0597520
v 0.0415595 0.0291881 0.0597520
v 0.0413671 0.0270000 0.0597520
v 0.0415595 0.0248119 0.0597520
v 0.0421322 0.0226777 0.0597520
v 0.0430710 0.0206499 0.0597520
v 0.0443527 0.0187784 0.0597520
v 0.0459459 0.0171094 0.0597520
v 0.0478112 0.0156840 0.0597520
v 0.0499028 0.0145372 0.0597520
v 0.0521692 0.0136972 0.0597520
v 0.0545545 0.0131849 0.0597520
v 0.0570000 0.0130126 0.0597520
v 0.0594455 0.0131849 0.0597520
v 0.0618308 0.0136972 0.0597520
v 0.0640972 0.0145372 0.0597520
v 0.0661888 0.0156840 0.0597520
v 0.0680541 0.0171094 0.0597520
v 0.0696473 0.0187784 0.0597520
v 0.0709290 0.0206499 0.0597520
v 0.0718678 0.0226777 0.0597520
v 0.0724405 0.0248119 0.0597520
v 0.0713759 0.0270000 0.0630891
v 0.0711989 0.0290122 0.0630891
v 0.0706723 0.0309748 0.0630891
v 0.0698090 0.0328395 0.0630891
v 0.0686304 0.0345605 0.0630891
v 0.0671653 0.0360953 0.0630891
v 0.0654500 0.0374061 0.0630891
v 0.0635265 0.0384607 0.0630891
v 0.0614424 0.0392331 0.0630891
v 0.0592489 0.0397043 0.0630891
v 0.0570000 0.0398627 0.0630891
v 0.0547511 0.0397043 0.0630891
v 0.0525576 0.0392331 0.0630891
v 0.0504735 0.0384607 0.0630891
v 0.0485500 0.0374061 0.0630891
v 0.0468347 0.0360953 0.0630891
v 0.0453696 0.0345605 0.0630891
v 0.0441910 0.0328395 0.0630891
v 0.0433277 0.0309748 0.0630891
v 0.0428011 0.0290122 0.0630891
v 0.0426241 0.0270000 0.0630891
v 0.0428011 0.0249878 0.0630891
v 0.0433277 0.0230252 0.0630891
v 0.0441910 0.0211605 0.0630891
v 0.0453696 0.0194395 0.0630891
v 0.0468347 0.0179047 0.0630891
v 0.0485500 0.0165939 0.0630891
v 0.0504735 0.0155393 0.0630891
v 0.0525576 0.0147669 0.0630891
v 0.0547511 0.0142957 0.0630891
v 0.0570000 0.0141373 0.0630891
v 0.0592489 0.0142957 0.0630891
v 0.0614424 0.0147669 0.0630891
v 0.0635265 0.0155393 0.0630891
v 0.0654500 0.0165939 0.0630891
v 0.0671653 0.0179047 0.0630891
v 0.0686304 0.0194395 0.0630891
v 0.0698090 0.0211605 0.0630891
v 0.0706723 0.0230252 0.0630891
v 0.0711989 0.0249878 0.0630891
v 0.0700024 0.0270000 0.0661987
v 0.0698424 0.0288199 0.0661987
v 0.0693661 0.0305950 0.0661987
v 0.0685853 0.0322816 0.0661987
v 0.0675192 0.0338382 0.0661987
v 0.0661941 0.0352263 0.0661987
v 0.0646426 0.0364119 0.0661987
v 0.0629030 0.0373658 0.0661987
v 0.0610180 0.0380644 0.0661987
v 0.0590340 0.0384905 0.0661987
v 0.0570000 0.0386338 0.0661987
v 0.0549660 0.0384905 0.0661987
v 0.0529820 0.0380644 0.0661987
v 0.0510970 0.0373658 0.0661987
v 0.0493574 0.0364119 0.0661987
v 0.0478059 0.0352263 0.0661987
v 0.0464808 0.0338382 0.0661987
v 0.0454147 0.0322816 0.0661987
v 0.0446339 0.0305950 0.0661987
v 0.0441576 0.0288199 0.0661987
v 0.0439976 0.0270000 0.0661987
v 0.0441576 0.0251801 0.0661987
v 0.0446339 0.0234050 0.0661987
v 0.0454147 0.0217184 0.0661987
v 0.0464808 0.0201618 0.0661987
v 0.0478059 0.0187737 0.0661987
v 0.0493574 0.0175881 0.0661987
v 0.0510970 0.0166342 0.0661987
v 0.0529820 0.0159356 0.0661987
v 0.0549660 0.0155095 0.0661987
v 0.0570000 0.0153662 0.0661987
v 0.0590340 0.0155095 0.0661987
v 0.0610180 0.0159356 0.0661987
v 0.0629030 0.0166342 0.0661987
v 0.0646426 0.0175881 0.0661987
v 0.0661941 0.0187737 0.0661987
v 0.0675192 0.0201618 0.0661987
v 0.0685853 0.0217184 0.0661987
v 0.0693661 0.0234050 0.0661987
v 0.0698424 0.0251801 0.0661987
v 0.0685350 0.0270000 0.0690416
v 0.0683930 0.0286145 0.0690416
v 0.0679705 0.0301893 0.0690416
v 0.0672778 0.0316856 0.0690416
v 0.0663320 0.0330664 0.0690416
v 0.0651565 0.0342979 0.0690416
v 0.0637801 0.0353497 0.0690416
v 0.0622368 0.0361959 0.0690416
v 0.0605645 0.0368157 0.0690416
v 0.0588045 0.0371937 0.0690416
v 0.0570000 0.0373208 0.0690416
v 0.0551955 0.0371937 0.0690416
v 0.0534355 0.0368157 0.0690416
v 0.0517632 0.0361959 0.0690416
v 0.0502199 0.0353497 0.0690416
v 0.0488435 0.0342979 0.0690416
v 0.0476680 0.0330664 0.0690416
v 0.0467222 0.0316856 0.0690416
v 0.0460295 0.0301893 0.0690416
v 0.0456070 0.0286145 0.0690416
v 0.0454650 0.0270000 0.0690416
v 0.0456070 0.0253855 0.0690416
v 0.0460295 0.0238107 0.0690416
v 0.0467222 0.0223144 0.0690416
v 0.0476680 0.0209336 0.0690416
v 0.0488435 0.0197021 0.0690416
v 0.0502199 0.0186503 0.0690416
v 0.0517632 0.0178041 0.0690416
v 0.0534355 0.0171843 0.0690416
v 0.0551955 0.0168063 0.0690416
v 0.0570000 0.0166792 0.0690416
v 0.0588045 0.0168063 0.0690416
v 0.0605645 0.0171843 0.0690416
v 0.0622368 0.0178041 0.0690416
v 0.0637801 0.0186503 0.0690416
v 0.0651565 0.0197021 0.0690416
v 0.0663320 0.0209336 0.0690416
v 0.0672778 0.0223144 0.0690416
v 0.0679705 0.0238107 0.0690416
v 0.0683930 0.0253855 0.0690416
v 0.0669939 0.0270000 0.0715823
v 0.0668709 0.0283988 0.0715823
v 0.0665048 0.0297632 0.0715823
v 0.0659047 0.0310596 0.0715823
v 0.0650853 0.0322559 0.0715823
v 0.0640668 0.0333229 0.0715823
v 0.0628743 0.0342342 0.0715823
v 0.0615372 0.0349673 0.0715823
v 0.0600883 0.0355043 0.0715823
v 0.0585634 0.0358319 0.0715823
v 0.0570000 0.0359419 0.0715823
v 0.0554366 0.0358319 0.0715823
v 0.0539117 0.0355043 0.0715823
v 0.0524628 0.0349673 0.0715823
v 0.0511257 0.0342342 0.0715823
v 0.0499332 0.0333229 0.0715823
v 0.0489147 0.0322559 0.0715823
v 0.0480953 0.0310596 0.0715823
v 0.0474952 0.0297632 0.0715823
v 0.0471291 0.0283988 0.0715823
v 0.0470061 0.0270000 0.0715823
v 0.0471291 0.0256012 0.0715823
v 0.0474952 0.0242368 0.0715823
v 0.0480953 0.0229404 0.0715823
v 0.0489147 0.0217441 0.0715823
v 0.0499332 0.0206771 0.0715823
v 0.0511257 0.0197658 0.0715823
v 0.0524628 0.0190327 0.0715823
v 0.0539117 0.0184957 0.0715823
v 0.0554366 0.0181681 0.0715823
v 0.0570000 0.0180581 0.0715823
v 0.0585634 0.0181681 0.0715823
v 0.0600883 0.0184957 0.0715823
v 0.0615372 0.0190327 0.0715823
v 0.0628743 0.0197658 0.0715823
v 0.0640668 0.0206771 0.0715823
v 0.0650853 0.0217441 0.0715823
v 0.0659047 0.0229404 0.0715823
v 0.0665048 0.0242368 0.0715823
v 0.0668709 0.0256012 0.0715823
v 0.0653968 0.0270000 0.0737886
v 0.0652934 0.0281753 0.0737886
v 0.0649858 0.0293216 0.0737886
v 0.0644816 0.0304108 0.0737886
v 0.0637931 0.0314160 0.0737886
v 0.0629374 0.0323124 0.0737886
v 0.0619355 0.0330781 0.0737886
v 0.0608121 0.0336940 0.0737886
v 0.0595947 0.0341452 0.0737886
v 0.0583135 0.0344204 0.0737886
v 0.0570000 0.0345129 0.0737886
v 0.0556865 0.0344204 0.0737886
v 0.0544053 0.0341452 0.0737886
v 0.0531879 0.0336940 0.0737886
v 0.0520645 0.0330781 0.0737886
v 0.0510626 0.0323124 0.0737886
v 0.0502069 0.0314160 0.0737886
v 0.0495184 0.0304108 0.0737886
v 0.0490142 0.0293216 0.0737886
v 0.0487066 0.0281753 0.0737886
v 0.0486032 0.0270000 0.0737886
v 0.0487066 0.0258247 0.0737886
v 0.0490142 0.0246784 0.0737886
v 0.0495184 0.0235892 0.0737886
v 0.0502069 0.0225840 0.0737886
v 0.0510626 0.0216876 0.0737886
v 0.0520645 0.0209219 0.0737886
v 0.0531879 0.0203060 0.0737886
v 0.0544053 0.0198548 0.0737886
v 0.0556865 0.0195796 0.0737886
v 0.0570000 0.0194871 0.0737886
v 0.0583135 0.0195796 0.0737886
v 0.0595947 0.0198548 0.0737886
v 0.0608121 0.0203060 0.0737886
v 0.0619355 0.0209219 0.0737886
v 0.0629374 0.0216876 0.0737886
v 0.0637931 0.0225840 0.0737886
v 0.0644816 0.0235892 0.0737886
v 0.0649858 0.0246784 0.0737886
v 0.0652934 0.0258247 0.0737886
v 0.0637583 0.0270000 0.0756329
v 0.0636751 0.0279459 0.0756329
v 0.0634275 0.0288686 0.0756329
v 0.0630217 0.0297452 0.0756329
v 0.0624676 0.0305543 0.0756329
v 0.0617788 0.0312758 0.0756329
v 0.0609724 0.0318921 0.0756329
v 0.0600682 0.0323878 0.0756329
v 0.0590884 0.0327510 0.0756329
v 0.0580572 0.0329725 0.0756329
v 0.0570000 0.0330469 0.0756329
v 0.0559428 0.0329725 0.0756329
v 0.0549116 0.0327510 0.0756329
v 0.0539318 0.0323878 0.0756329
v 0.0530276 0.0318921 0.0756329
v 0.0522212 0.0312758 0.0756329
v 0.0515324 0.0305543 0.0756329
v 0.0509783 0.0297452 0.0756329
v 0.0505725 0.0288686 0.0756329
v 0.0503249 0.0279459 0.0756329
v 0.0502417 0.0270000 0.0756329
v 0.0503249 0.0260541 0.0756329
v 0.0505725 0.0251314 0.0756329
v 0.0509783 0.0242548 0.0756329
v 0.0515324 0.0234457 0.0756329
v 0.0522212 0.0227242 0.0756329
v 0.0530276 0.0221079 0.0756329
v 0.0539318 0.0216122 0.0756329
v 0.0549116 0.0212490 0.0756329
v 0.0559428 0.0210275 0.0756329
v 0.0570000 0.0209531 0.0756329
v 0.0580572 0.0210275 0.0756329
v 0.0590884 0.0212490 0.0756329
v 0.0600682 0.0216122 0.0756329
v 0.0609724 0.0221079 0.0756329
v 0.0617788 0.0227242 0.0756329
v 0.0624676 0.0234457 0.0756329
v 0.0630217 0.0242548 0.0756329
v 0.0634275 0.0251314 0.0756329
v 0.0636751 0.0260541 0.0756329
v 0.0620907 0.0270000 0.0770920
v 0.0620280 0.0277125 0.0770920
v 0.0618415 0.0284075 0.0770920
v 0.0615358 0.0290678 0.0770920
v 0.0611184 0.0296773 0.0770920
v 0.0605996 0.0302207 0.0770920
v 0.0599922 0.0306849 0.0770920
v 0.0593111 0.0310584 0.0770920
v 0.0585731 0.0313319 0.0770920
v 0.0577964 0.0314987 0.0770920
v 0.0570000 0.0315548 0.0770920
v 0.0562036 0.0314987 0.0770920
v 0.0554269 0.0313319 0.0770920
v 0.0546889 0.0310584 0.0770920
v 0.0540078 0.0306849 0.0770920
v 0.0534004 0.0302207 0.0770920
v 0.0528816 0.0296773 0.0770920
v 0.0524642 0.0290678 0.0770920
v 0.0521585 0.0284075 0.0770920
v 0.0519720 0.0277125 0.0770920
v 0.0519093 0.0270000 0.0770920
v 0.0519720 0.0262875 0.0770920
v 0.0521585 0.0255925 0.0770920
v 0.0524642 0.0249322 0.0770920
v 0.0528816 0.0243227 0.0770920
v 0.0534004 0.0237793 0.0770920
v 0.0540078 0.0233151 0.0770920
v 0.0546889 0.0229416 0.0770920
v 0.0554269 0.0226681 0.0770920
v 0.0562036 0.0225013 0.0770920
v 0.0570000 0.0224452 0.0770920
v 0.0577964 0.0225013 0.0770920
v 0.0585731 0.0226681 0.0770920
v 0.0593111 0.0229416 0.0770920
v 0.0599922 0.0233151 0.0770920
v 0.0605996 0.0237793 0.0770920
v 0.0611184 0.0243227 0.0770920
v 0.0615358 0.0249322 0.0770920
v 0.0618415 0.0255925 0.0770920
v 0.0620280 0.0262875 0.0770920
v 0.0604035 0.0270000 0.0781475
v 0.0603616 0.0274764 0.0781475
v 0.0602369 0.0279410 0.0781475
v 0.0600326 0.0283825 0.0781475
v 0.0597535 0.0287900 0.0781475
v 0.0594067 0.0291533 0.0781475
v 0.0590005 0.0294637 0.0781475
v 0.0585452 0.0297133 0.0781475
v 0.0580517 0.0298962 0.0781475
v 0.0575324 0.0300078 0.0781475
v 0.0570000 0.0300453 0.0781475
v 0.0564676 0.0300078 0.0781475
v 0.0559483 0.0298962 0.0781475
v 0.0554548 0.0297133 0.0781475
v 0.0549995 0.0294637 0.0781475
v 0.0545933 0.0291533 0.0781475
v 0.0542465 0.0287900 0.0781475
v 0.0539674 0.0283825 0.0781475
v 0.0537631 0.0279410 0.0781475
v 0.0536384 0.0274764 0.0781475
v 0.0535965 0.0270000 0.0781475
v 0.0536384 0.0265236 0.0781475
v 0.0537631 0.0260590 0.0781475
v 0.0539674 0.0256175 0.0781475
v 0.0542465 0.0252100 0.0781475
v 0.0545933 0.0248467 0.0781475
v 0.0549995 0.0245363 0.0781475
v 0.0554548 0.0242867 0.0781475
v 0.0559483 0.0241038 0.0781475
v 0.0564676 0.0239922 0.0781475
v 0.0570000 0.0239547 0.0781475
v 0.0575324 0.0239922 0.0781475
v 0.0580517 0.0241038 0.0781475
v 0.0585452 0.0242867 0.0781475
v 0.0590005 0.0245363 0.0781475
v 0.0594067 0.0248467 0.0781475
v 0.0597535 0.0252100 0.0781475
v 0.0600326 0.0256175 0.0781475
v 0.0602369 0.0260590 0.0781475
v 0.0603616 0.0265236 0.0781475
v 0.0587045 0.0270000 0.0787862
v 0.0586835 0.0272386 0.0787862
v 0.0586211 0.0274713 0.0787862
v 0.0585188 0.0276924 0.0787862
v 0.0583790 0.0278964 0.0787862
v 0.0582053 0.0280784 0.0787862
v 0.0580019 0.0282338 0.0787862
v 0.0577738 0.0283589 0.0787862
v 0.0575267 0.0284505 0.0787862
v 0.0572666 0.0285063 0.0787862
v 0.0570000 0.0285251 0.0787862
v 0.0567334 0.0285063 0.0787862
v 0.0564733 0.0284505 0.0787862
v 0.0562262 0.0283589 0.0787862
v 0.0559981 0.0282338 0.0787862
v 0.0557947 0.0280784 0.0787862
v 0.0556210 0.0278964 0.0787862
v 0.0554812 0.0276924 0.0787862
v 0.0553789 0.0274713 0.0787862
v 0.0553165 0.0272386 0.0787862
v 0.0552955 0.0270000 0.0787862
v 0.0553165 0.0267614 0.0787862
v 0.0553789 0.0265287 0.0787862
v 0.0554812 0.0263076 0.0787862
v 0.0556210 0.0261036 0.0787862
v 0.0557947 0.0259216 0.0787862
v 0.0559981 0.0257662 0.0787862
v 0.0562262 0.0256411 0.0787862
v 0.0564733 0.0255495 0.0787862
v 0.0567334 0.0254937 0.0787862
v 0.0570000 0.0254749 0.0787862
v 0.0572666 0.0254937 0.0787862
v 0.0575267 0.0255495 0.0787862
v 0.0577738 0.0256411 0.0787862
v 0.0580019 0.0257662 0.0787862
v 0.0582053 0.0259216 0.0787862
v 0.0583790 0.0261036 0.0787862
v 0.0585188 0.0263076 0.0787862
v 0.0586211 0.0265287 0.0787862
v 0.0586835 0.0267614 0.0787862
v 0.0570000 0.0270000 0.0790000
v -0.0920000 0.0577816 0.0288762
v 0.0920000 0.0577816 0.0288762
v 0.0920000 0.0922454 0.1141771
v -0.0920000 0.0922454 0.1141771
v -0.0920000 0.0522184 0.0311238
v 0.0920000 0.0522184 0.0311238
v 0.0920000 0.0866823 0.1164247
v -0.0920000 0.0866823 0.1164247
v -0.0920000 0.0755567 0.0675323
v 0.0920000 0.0755567 0.0675323
v 0.0920000 0.0781789 0.0740226
v -0.0920000 0.0781789 0.0740226
v -0.0920000 0.0662849 0.0712783
v 0.0920000 0.0662849 0.0712783
v 0.0920000 0.0689071 0.0777686
v -0.0920000 0.0689071 0.0777686
v -0.0920000 0.0600105 0.0290542
v 0.0920000 0.0600105 0.0290542
v 0.0920000 0.0622582 0.0346173
v -0.0920000 0.0622582 0.0346173
v -0.0920000 0.0507387 0.0328002
v 0.0920000 0.0507387 0.0328002
v 0.0920000 0.0529863 0.0383633
v -0.0920000 0.0529863 0.0383633
v -0.0920000 0.0914775 0.1069376
v 0.0920000 0.0914775 0.1069376
v 0.0920000 0.0937251 0.1125007
v -0.0920000 0.0937251 0.1125007
v -0.0920000 0.0822056 0.1106837
v 0.0920000 0.0822056 0.1106837
v 0.0920000 0.0844533 0.1162468
v -0.0920000 0.0844533 0.1162468
v -0.0920000 0.0596359 0.0281270
v -0.0860000 0.0596359 0.0281270
v -0.0860000 0.0940997 0.1134279
v -0.0920000 0.0940997 0.1134279
v -0.0920000 0.0503641 0.0318730
v -0.0860000 0.0503641 0.0318730
v -0.0860000 0.0848279 0.1171739
v -0.0920000 0.0848279 0.1171739
v 0.0860000 0.0596359 0.0281270
v 0.0920000 0.0596359 0.0281270
v 0.0920000 0.0940997 0.1134279
v 0.0860000 0.0940997 0.1134279
v 0.0860000 0.0503641 0.0318730
v 0.0920000 0.0503641 0.0318730
v 0.0920000 0.0848279 0.1171739
v 0.0860000 0.0848279 0.1171739
v -0.0410000 0.0616374 0.0564387
v 0.0410000 0.0616374 0.0564387
v 0.0410000 0.0758725 0.0916717
v -0.0410000 0.0758725 0.0916717
v -0.0410000 0.0602467 0.0570006
v 0.0410000 0.0602467 0.0570006
v 0.0410000 0.0744817 0.0922336
v -0.0410000 0.0744817 0.0922336
vn -0.0385490 -0.1261604 -0.9912606
vn 0.1525057 -0.1247774 -0.9803941
vn 0.0385490 0.1261604 -0.9912606
vn -0.1525057 0.1247774 -0.9803941
vn -0.0773880 -0.0633174 0.9949884
vn 0.0751610 -0.2459815 0.9663560
vn 0.0773880 0.0633174 0.9949884
vn -0.0751610 0.2459815 0.9663560
vn -0.0215537 -0.9699171 -0.2424793
vn 0.0859160 -0.9665553 -0.2416388
vn 0.0215537 0.9699171 -0.2424793
vn -0.0859160 0.9665553 -0.2416388
vn -0.0792546 -0.8916137 0.4458068
vn 0.0220453 -0.9920367 0.1240046
vn 0.0792546 0.8916137 0.4458068
vn -0.0220453 0.9920367 0.1240046
vn -0.0215537 -0.9699171 -0.2424793
vn 0.0859160 -0.9665553 -0.2416388
vn 0.0215537 0.9699171 -0.2424793
vn -0.0859160 0.9665553 -0.2416388
vn -0.0792546 -0.8916137 0.4458068
vn 0.0220453 -0.9920367 0.1240046
vn 0.0792546 0.8916137 0.4458068
vn -0.0220453 0.9920367 0.1240046
vn -0.8842385 -0.1505087 -0.4421192
vn 0.9913945 -0.0421870 -0.1239243
vn 0.8842385 0.1505087 -0.4421192
vn -0.9913945 0.0421870 -0.1239243
vn -0.9693169 -0.0412475 0.2423292
vn 0.9571800 -0.1629243 0.2392950
vn 0.9693169 0.0412475 0.2423292
vn -0.9571800 0.1629243 0.2392950
vn -0.8842385 -0.1505087 -0.4421192
vn 0.9913945 -0.0421870 -0.1239243
vn 0.8842385 0.1505087 -0.4421192
vn -0.9913945 0.0421870 -0.1239243
vn -0.9693169 -0.0412475 0.2423292
vn 0.9571800 -0.1629243 0.2392950
vn 0.9693169 0.0412475 0.2423292
vn -0.9571800 0.1629243 0.2392950
vn -0.1168811 -0.8882967 -0.4441484
vn 0.4259177 -0.8092436 -0.4046218
vn 0.1168811 0.8882967 -0.4441484
vn -0.4259177 0.8092436 -0.4046218
vn -0.3487901 -0.6627011 0.6627011
vn 0.1266229 -0.9623338 0.2405834
vn 0.3487901 0.6627011 0.6627011
vn -0.1266229 0.9623338 0.2405834
vn 0.9973133 0.0181798 -0.0709627
vn 0.9586254 0.2756840 -0.0709627
vn 0.8546087 0.5144008 -0.0709627
vn 0.6923519 0.7180621 -0.0709627
vn 0.4829124 0.8727886 -0.0709627
vn 0.2405633 0.9680359 -0.0709627
vn -0.0181798 0.9973133 -0.0709627
vn -0.2756840 0.9586254 -0.0709627
vn -0.5144008 0.8546087 -0.0709627
vn -0.7180621 0.6923519 -0.0709627
vn -0.8727886 0.4829124 -0.0709627
vn -0.9680359 0.2405633 -0.0709627
vn -0.9973133 -0.0181798 -0.0709627
vn -0.9586254 -0.2756840 -0.0709627
vn -0.8546087 -0.5144008 -0.0709627
vn -0.6923519 -0.7180621 -0.0709627
vn -0.4829124 -0.8727886 -0.0709627
vn -0.2405633 -0.9680359 -0.0709627
vn 0.0181798 -0.9973133 -0.0709627
vn 0.2756840 -0.9586254 -0.0709627
vn 0.5144008 -0.8546087 -0.0709627
vn 0.7180621 -0.6923519 -0.0709627
vn 0.8727886 -0.4829124 -0.0709627
vn 0.9680359 -0.2405633 -0.0709627
vn 0.9516187 -0.0762592 0.2976682
vn 0.9389304 0.1726363 0.2976682
vn 0.8622556 0.4097670 0.2976682
vn 0.7268195 0.6189726 0.2976682
vn 0.5418518 0.7859964 0.2976682
vn 0.3199578 0.8994558 0.2976682
vn 0.0762592 0.9516187 0.2976682
vn -0.1726363 0.9389304 0.2976682
vn -0.4097670 0.8622556 0.2976682
vn -0.6189726 0.7268195 0.2976682
vn -0.7859964 0.5418518 0.2976682
vn -0.8994558 0.3199578 0.2976682
vn -0.9516187 0.0762592 0.2976682
vn -0.9389304 -0.1726363 0.2976682
vn -0.8622556 -0.4097670 0.2976682
vn -0.7268195 -0.6189726 0.2976682
vn -0.5418518 -0.7859964 0.2976682
vn -0.3199578 -0.8994558 0.2976682
vn -0.0762592 -0.9516187 0.2976682
vn 0.1726363 -0.9389304 0.2976682
vn 0.4097670 -0.8622556 0.2976682
vn 0.6189726 -0.7268195 0.2976682
vn 0.7859964 -0.5418518 0.2976682
vn 0.8994558 -0.3199578 0.2976682
vn 0.0000000 0.0000000 -1.0000000
vn 0.0000000 0.0000000 1.0000000
vn 0.9973133 0.0181798 -0.0709627
vn 0.9586254 0.2756840 -0.0709627
vn 0.8546087 0.5144008 -0.0709627
vn 0.6923519 0.7180621 -0.0709627
vn 0.4829124 0.8727886 -0.0709627
vn 0.2405633 0.9680359 -0.0709627
vn -0.0181798 0.9973133 -0.0709627
vn -0.2756840 0.9586254 -0.0709627
vn -0.5144008 0.8546087 -0.0709627
vn -0.7180621 0.6923519 -0.0709627
vn -0.8727886 0.4829124 -0.0709627
vn -0.9680359 0.2405633 -0.0709627
vn -0.9973133 -0.0181798 -0.0709627
vn -0.9586254 -0.2756840 -0.0709627
vn -0.8546087 -0.5144008 -0.0709627
vn -0.6923519 -0.7180621 -0.0709627
vn -0.4829124 -0.8727886 -0.0709627
vn -0.2405633 -0.9680359 -0.0709627
vn 0.0181798 -0.9973133 -0.0709627
vn 0.2756840 -0.9586254 -0.0709627
vn 0.5144008 -0.8546087 -0.0709627
vn 0.7180621 -0.6923519 -0.0709627
vn 0.8727886 -0.4829124 -0.0709627
vn 0.9680359 -0.2405633 -0.0709627
vn 0.9516187 -0.0762592 0.2976682
vn 0.9389304 0.1726363 0.2976682
vn 0.8622556 0.4097670 0.2976682
vn 0.7268195 0.6189726 0.2976682
vn 0.5418518 0.7859964 0.2976682
vn 0.3199578 0.8994558 0.2976682
vn 0.0762592 0.9516187 0.2976682
vn -0.1726363 0.9389304 0.2976682
vn -0.4097670 0.8622556 0.2976682
vn -0.6189726 0.7268195 0.2976682
vn -0.7859964 0.5418518 0.2976682
vn -0.8994558 0.3199578 0.2976682
vn -0.9516187 0.0762592 0.2976682
vn -0.9389304 -0.1726363 0.2976682
vn -0.8622556 -0.4097670 0.2976682
vn -0.7268195 -0.6189726 0.2976682
vn -0.5418518 -0.7859964 0.2976682
vn -0.3199578 -0.8994558 0.2976682
vn -0.0762592 -0.9516187 0.2976682
vn 0.1726363 -0.9389304 0.2976682
vn 0.4097670 -0.8622556 0.2976682
vn 0.6189726 -0.7268195 0.2976682
vn 0.7859964 -0.5418518 0.2976682
vn 0.8994558 -0.3199578 0.2976682
vn 0.0000000 0.0000000 -1.0000000
vn 0.0000000 0.0000000 1.0000000
vn 0.0000000 0.0000000 -1.0000000
vn 0.1934709 0.0072496 -0.9810792
vn 0.1900434 0.0409799 -0.9809200
vn 0.1818998 0.0736747 -0.9805532
vn 0.1692553 0.1045134 -0.9800151
vn 0.1524409 0.1327301 -0.9793592
vn 0.1318906 0.1576343 -0.9786502
vn 0.1081265 0.1786266 -0.9779577
vn 0.0817424 0.1952105 -0.9773490
vn 0.0533874 0.2070002 -0.9768832
vn 0.0237501 0.2137250 -0.9766051
vn -0.0064565 0.2152321 -0.9765416
vn -0.0365084 0.2114874 -0.9766986
vn -0.0656847 0.2025757 -0.9770612
vn -0.0932810 0.1887004 -0.9775944
vn -0.1186236 0.1701816 -0.9782467
vn -0.1410851 0.1474530 -0.9789548
vn -0.1601003 0.1210564 -0.9796496
vn -0.1751827 0.0916316 -0.9802626
vn -0.1859406 0.0599035 -0.9807332
vn -0.1920911 0.0266640 -0.9810148
vn -0.1934709 -0.0072496 -0.9810792
vn -0.1900434 -0.0409799 -0.9809200
vn -0.1818998 -0.0736747 -0.9805532
vn -0.1692553 -0.1045134 -0.9800151
vn -0.1524409 -0.1327301 -0.9793592
vn -0.1318906 -0.1576343 -0.9786502
vn -0.1081265 -0.1786266 -0.9779577
vn -0.0817424 -0.1952105 -0.9773490
vn -0.0533874 -0.2070002 -0.9768832
vn -0.0237501 -0.2137250 -0.9766051
vn 0.0064565 -0.2152321 -0.9765416
vn 0.0365084 -0.2114874 -0.9766986
vn 0.0656847 -0.2025757 -0.9770612
vn 0.0932810 -0.1887004 -0.9775944
vn 0.1186236 -0.1701816 -0.9782467
vn 0.1410851 -0.1474530 -0.9789548
vn 0.1601003 -0.1210564 -0.9796496
vn 0.1751827 -0.0916316 -0.9802626
vn 0.1859406 -0.0599035 -0.9807332
vn 0.1920911 -0.0266640 -0.9810148
vn 0.3386946 0.0069891 -0.9408704
vn 0.3334027 0.0660914 -0.9404651
vn 0.3197000 0.1234353 -0.9394443
vn 0.2980006 0.1775217 -0.9379135
vn 0.2689428 0.2269810 -0.9360285
vn 0.2333495 0.2706141 -0.9339786
vn 0.1921843 0.3074169 -0.9319657
vn 0.1465092 0.3365887 -0.9301844
vn 0.0974490 0.3575288 -0.9288040
vn 0.0461645 0.3698259 -0.9279535
vn -0.0061660 0.3732468 -0.9277116
vn -0.0583570 0.3677276 -0.9281007
vn -0.1092242 0.3533715 -0.9290848
vn -0.1575920 0.3304527 -0.9305728
vn -0.2023064 0.2994259 -0.9324249
vn -0.2422544 0.2609381 -0.9344646
vn -0.2763936 0.2158378 -0.9364938
vn -0.3037896 0.1651762 -0.9383116
vn -0.3236590 0.1101954 -0.9397350
vn -0.3354130 0.0522998 -0.9406183
vn -0.3386946 -0.0069891 -0.9408704
vn -0.3334027 -0.0660914 -0.9404651
vn -0.3197000 -0.1234353 -0.9394443
vn -0.2980006 -0.1775217 -0.9379135
vn -0.2689428 -0.2269810 -0.9360285
vn -0.2333495 -0.2706141 -0.9339786
vn -0.1921843 -0.3074169 -0.9319657
vn -0.1465092 -0.3365887 -0.9301844
vn -0.0974490 -0.3575288 -0.9288040
vn -0.0461645 -0.3698259 -0.9279535
vn 0.0061660 -0.3732468 -0.9277116
vn 0.0583570 -0.3677276 -0.9281007
vn 0.1092242 -0.3533715 -0.9290848
vn 0.1575920 -0.3304527 -0.9305728
vn 0.2023064 -0.2994259 -0.9324249
vn 0.2422544 -0.2609381 -0.9344646
vn 0.2763936 -0.2158378 -0.9364938
vn 0.3037896 -0.1651762 -0.9383116
vn 0.3236590 -0.1101954 -0.9397350
vn 0.3354130 -0.0522998 -0.9406183
vn 0.4808303 0.0065711 -0.8767891
vn 0.4736056 0.0904843 -0.8760767
vn 0.4541391 0.1718076 -0.8742081
vn 0.4231300 0.2482892 -0.8713859
vn 0.3816394 0.3179382 -0.8679093
vn 0.3309943 0.3790937 -0.8641358
vn 0.2726870 0.4304479 -0.8604396
vn 0.2082874 0.4710300 -0.8571739
vn 0.1393807 0.5001643 -0.8546395
vn 0.0675331 0.5174194 -0.8530630
vn -0.0057171 0.5225618 -0.8525822
vn -0.0788492 0.5155253 -0.8532388
vn -0.1503407 0.4964010 -0.8549759
vn -0.2186494 0.4654506 -0.8576411
vn -0.2822048 0.4231402 -0.8609952
vn -0.3394214 0.3701882 -0.8647276
vn -0.3887363 0.3076155 -0.8684796
vn -0.4286769 0.2367848 -0.8718768
vn -0.4579507 0.1594109 -0.8745681
vn -0.4755469 0.0775312 -0.8762671
vn -0.4808303 -0.0065711 -0.8767891
vn -0.4736056 -0.0904843 -0.8760767
vn -0.4541391 -0.1718076 -0.8742081
vn -0.4231300 -0.2482892 -0.8713859
vn -0.3816394 -0.3179382 -0.8679093
vn -0.3309943 -0.3790937 -0.8641358
vn -0.2726870 -0.4304479 -0.8604396
vn -0.2082874 -0.4710300 -0.8571739
vn -0.1393807 -0.5001643 -0.8546395
vn -0.0675331 -0.5174194 -0.8530630
vn 0.0057171 -0.5225618 -0.8525822
vn 0.0788492 -0.5155253 -0.8532388
vn 0.1503407 -0.4964010 -0.8549759
vn 0.2186494 -0.4654506 -0.8576411
vn 0.2822048 -0.4231402 -0.8609952
vn 0.3394214 -0.3701882 -0.8647276
vn 0.3887363 -0.3076155 -0.8684796
vn 0.4286769 -0.2367848 -0.8718768
vn 0.4579507 -0.1594109 -0.8745681
vn 0.4755469 -0.0775312 -0.8762671
vn 0.6083567 0.0060241 -0.7936409
vn 0.5992724 0.1121735 -0.7926473
vn 0.5742564 0.2148436 -0.7899822
vn 0.5343745 0.3110056 -0.7859513
vn 0.4812147 0.3980827 -0.7810011
vn 0.4166990 0.4740488 -0.7756544
vn 0.3428988 0.5374336 -0.7704450
vn 0.2618870 0.5872555 -0.7658631
vn 0.1756485 0.6229145 -0.7623156
vn 0.0860476 0.6440805 -0.7601027
vn -0.0051575 0.6505976 -0.7594052
vn -0.0962673 0.6424241 -0.7602788
vn -0.1855785 0.6196129 -0.7626535
vn -0.2713229 0.5823356 -0.7663349
vn -0.3516226 0.5309477 -0.7710098
vn -0.4244802 0.4660863 -0.7762603
vn -0.4878172 0.3887833 -0.7815893
vn -0.5395709 0.3005694 -0.7864612
vn -0.5778472 0.2035347 -0.7903583
vn -0.6011080 0.1003138 -0.7928470
vn -0.6083567 -0.0060241 -0.7936409
vn -0.5992724 -0.1121735 -0.7926473
vn -0.5742564 -0.2148436 -0.7899822
vn -0.5343745 -0.3110056 -0.7859513
vn -0.4812147 -0.3980827 -0.7810011
vn -0.4166990 -0.4740488 -0.7756544
vn -0.3428988 -0.5374336 -0.7704450
vn -0.2618870 -0.5872555 -0.7658631
vn -0.1756485 -0.6229145 -0.7623156
vn -0.0860476 -0.6440805 -0.7601027
vn 0.0051575 -0.6505976 -0.7594052
vn 0.0962673 -0.6424241 -0.7602788
vn 0.1855785 -0.6196129 -0.7626535
vn 0.2713229 -0.5823356 -0.7663349
vn 0.3516226 -0.5309477 -0.7710098
vn 0.4244802 -0.4660863 -0.7762603
vn 0.4878172 -0.3887833 -0.7815893
vn 0.5395709 -0.3005694 -0.7864612
vn 0.5778472 -0.2035347 -0.7903583
vn 0.6011080 -0.1003138 -0.7928470
vn 0.7170257 0.0053812 -0.6970260
vn 0.7062451 0.1304571 -0.6958440
vn 0.6761519 0.2511640 -0.6926292
vn 0.6282348 0.3637199 -0.6877709
vn 0.5646716 0.4650301 -0.6818306
vn 0.4880217 0.5528106 -0.6754519
vn 0.4009373 0.6255561 -0.6692749
vn 0.3059529 0.6823989 -0.6638709
vn 0.2053745 0.7229211 -0.6597017
vn 0.1012595 0.7469710 -0.6571004
vn -0.0045332 0.7545174 -0.6562644
vn -0.1102517 0.7455599 -0.6572556
vn -0.2141393 0.7200996 -0.6600007
vn -0.3143233 0.6781735 -0.6642903
vn -0.4087259 0.6199497 -0.6697802
vn -0.4950200 0.5458771 -0.6759981
vn -0.5706551 0.4568707 -0.6823649
vn -0.6329775 0.3544981 -0.6882373
vn -0.6794481 0.2411133 -0.6929752
vn -0.7079365 0.1198769 -0.6960284
vn -0.7170257 -0.0053812 -0.6970260
vn -0.7062451 -0.1304571 -0.6958440
vn -0.6761519 -0.2511640 -0.6926292
vn -0.6282348 -0.3637199 -0.6877709
vn -0.5646716 -0.4650301 -0.6818306
vn -0.4880217 -0.5528106 -0.6754519
vn -0.4009373 -0.6255561 -0.6692749
vn -0.3059529 -0.6823989 -0.6638709
vn -0.2053745 -0.7229211 -0.6597017
vn -0.1012595 -0.7469710 -0.6571004
vn 0.0045332 -0.7545174 -0.6562644
vn 0.1102517 -0.7455599 -0.6572556
vn 0.2141393 -0.7200996 -0.6600007
vn 0.3143233 -0.6781735 -0.6642903
vn 0.4087259 -0.6199497 -0.6697802
vn 0.4950200 -0.5458771 -0.6759981
vn 0.5706551 -0.4568707 -0.6823649
vn 0.6329775 -0.3544981 -0.6882373
vn 0.6794481 -0.2411133 -0.6929752
vn 0.7079365 -0.1198769 -0.6960284
vn 0.8053815 0.0046772 -0.5927384
vn 0.7931418 0.1451258 -0.5914935
vn 0.7586534 0.2803808 -0.5880745
vn 0.7038401 0.4059779 -0.5829160
vn 0.6314741 0.5183927 -0.5766363
vn 0.5447326 0.6151788 -0.5699311
vn 0.4468019 0.6948839 -0.5634753
vn 0.3406089 0.7568236 -0.5578562
vn 0.2286999 0.8008081 -0.5535366
vn 0.1132431 0.8268907 -0.5508428
vn -0.0038828 0.8351780 -0.5499660
vn -0.1209526 0.8257158 -0.5509663
vn -0.2362351 0.7984524 -0.5537750
vn -0.3478368 0.7532802 -0.5581922
vn -0.4535662 0.6901552 -0.5638824
vn -0.5508509 0.6092920 -0.5703740
vn -0.6367415 0.5114171 -0.5770727
vn -0.7080422 0.3980428 -0.5832993
vn -0.7615895 0.2716863 -0.5883604
vn -0.7946537 0.1359412 -0.5916464
vn -0.8053815 -0.0046772 -0.5927384
vn -0.7931418 -0.1451258 -0.5914935
vn -0.7586534 -0.2803808 -0.5880745
vn -0.7038401 -0.4059779 -0.5829160
vn -0.6314741 -0.5183927 -0.5766363
vn -0.5447326 -0.6151788 -0.5699311
vn -0.4468019 -0.6948839 -0.5634753
vn -0.3406089 -0.7568236 -0.5578562
vn -0.2286999 -0.8008081 -0.5535366
vn -0.1132431 -0.8268907 -0.5508428
vn 0.0038828 -0.8351780 -0.5499660
vn 0.1209526 -0.8257158 -0.5509663
vn 0.2362351 -0.7984524 -0.5537750
vn 0.3478368 -0.7532802 -0.5581922
vn 0.4535662 -0.6901552 -0.5638824
vn 0.5508509 -0.6092920 -0.5703740
vn 0.6367415 -0.5114171 -0.5770727
vn 0.7080422 -0.3980428 -0.5832993
vn 0.7615895 -0.2716863 -0.5883604
vn 0.7946537 -0.1359412 -0.5916464
vn 0.8739150 0.0039441 -0.4860627
vn 0.8605007 0.1563076 -0.4848777
vn 0.8224303 0.3027709 -0.4815995
vn 0.7620315 0.4382948 -0.4766610
vn 0.6826171 0.5590183 -0.4706723
vn 0.5879102 0.6624043 -0.4643082
vn 0.4815489 0.7470967 -0.4582108
vn 0.3667715 0.8126109 -0.4529263
vn 0.2462944 0.8589816 -0.4488761
vn 0.1223406 0.8864551 -0.4463521
vn -0.0032346 0.8952648 -0.4455228
vn -0.1287679 0.8854992 -0.4464414
vn -0.2525906 0.8570606 -0.4490491
vn -0.3728327 0.8097110 -0.4531709
vn -0.4872482 0.7432086 -0.4585086
vn -0.5930935 0.6575373 -0.4646341
vn -0.6871052 0.5532178 -0.4709951
vn -0.7656316 0.4316603 -0.4769462
vn -0.8249571 0.2954687 -0.4818132
vn -0.8618058 0.1485706 -0.4849923
vn -0.8739150 -0.0039441 -0.4860627
vn -0.8605007 -0.1563076 -0.4848777
vn -0.8224303 -0.3027709 -0.4815995
vn -0.7620315 -0.4382948 -0.4766610
vn -0.6826171 -0.5590183 -0.4706723
vn -0.5879102 -0.6624043 -0.4643082
vn -0.4815489 -0.7470967 -0.4582108
vn -0.3667715 -0.8126109 -0.4529263
vn -0.2462944 -0.8589816 -0.4488761
vn -0.1223406 -0.8864551 -0.4463521
vn 0.0032346 -0.8952648 -0.4455228
vn 0.1287679 -0.8854992 -0.4464414
vn 0.2525906 -0.8570606 -0.4490491
vn 0.3728327 -0.8097110 -0.4531709
vn 0.4872482 -0.7432086 -0.4585086
vn 0.5930935 -0.6575373 -0.4646341
vn 0.6871052 -0.5532178 -0.4709951
vn 0.7656316 -0.4316603 -0.4769462
vn 0.8249571 -0.2954687 -0.4818132
vn 0.8618058 -0.1485706 -0.4849923
vn 0.9244589 0.0032084 -0.3812683
vn 0.9101674 0.1643556 -0.3802402
vn 0.8693650 0.3190451 -0.3773786
vn 0.8047178 0.4617858 -0.3730727
vn 0.7199859 0.5884680 -0.3678665
vn 0.6193339 0.6965090 -0.3623544
vn 0.5067536 0.7846562 -0.3570931
vn 0.3857155 0.8526039 -0.3525480
vn 0.2590505 0.9005783 -0.3490724
vn 0.1290042 0.9289850 -0.3469074
vn -0.0026066 0.9381605 -0.3461908
vn -0.1341865 0.9282287 -0.3469661
vn -0.2641358 0.8990558 -0.3491862
vn -0.3906244 0.8502992 -0.3527093
vn -0.5113861 0.7815548 -0.3572902
vn -0.6235648 0.6926105 -0.3625710
vn -0.7236657 0.5838010 -0.3680821
vn -0.8076820 0.4564251 -0.3732639
vn -0.8714530 0.3131239 -0.3775224
vn -0.9112483 0.1580670 -0.3803175
vn -0.9244589 -0.0032084 -0.3812683
vn -0.9101674 -0.1643556 -0.3802402
vn -0.8693650 -0.3190451 -0.3773786
vn -0.8047178 -0.4617858 -0.3730727
vn -0.7199859 -0.5884680 -0.3678665
vn -0.6193339 -0.6965090 -0.3623544
vn -0.5067536 -0.7846562 -0.3570931
vn -0.3857155 -0.8526039 -0.3525480
vn -0.2590505 -0.9005783 -0.3490724
vn -0.1290042 -0.9289850 -0.3469074
vn 0.0026066 -0.9381605 -0.3461908
vn 0.1341865 -0.9282287 -0.3469661
vn 0.2641358 -0.8990558 -0.3491862
vn 0.3906244 -0.8502992 -0.3527093
vn 0.5113861 -0.7815548 -0.3572902
vn 0.6235648 -0.6926105 -0.3625710
vn 0.7236657 -0.5838010 -0.3680821
vn 0.8076820 -0.4564251 -0.3732639
vn 0.8714530 -0.3131239 -0.3775224
vn 0.9112483 -0.1580670 -0.3803175
vn 0.9595900 0.0024890 -0.2813909
vn 0.9447019 0.1697419 -0.2805814
vn 0.9019707 0.3301351 -0.2783159
vn 0.8343180 0.4778478 -0.2749090
vn 0.7458406 0.6085969 -0.2707981
vn 0.6410301 0.7197786 -0.2664568
vn 0.5241342 0.8102281 -0.2623238
vn 0.3987855 0.8797799 -0.2587614
vn 0.2678892 0.9288047 -0.2560415
vn 0.1336979 0.9578269 -0.2543473
vn -0.0020085 0.9672591 -0.2537830
vn -0.1376928 0.9572517 -0.2543815
vn -0.2718141 0.9276453 -0.2561079
vn -0.4025815 0.8780215 -0.2588557
vn -0.5277257 0.8078559 -0.2624393
vn -0.6443201 0.7167877 -0.2665841
vn -0.7487112 0.6050050 -0.2709252
vn -0.8366375 0.4737094 -0.2750221
vn -0.9036086 0.3255522 -0.2784012
vn -0.9455514 0.1648663 -0.2806273
vn -0.9595900 -0.0024890 -0.2813909
vn -0.9447019 -0.1697419 -0.2805814
vn -0.9019707 -0.3301351 -0.2783159
vn -0.8343180 -0.4778478 -0.2749090
vn -0.7458406 -0.6085969 -0.2707981
vn -0.6410301 -0.7197786 -0.2664568
vn -0.5241342 -0.8102281 -0.2623238
vn -0.3987855 -0.8797799 -0.2587614
vn -0.2678892 -0.9288047 -0.2560415
vn -0.1336979 -0.9578269 -0.2543473
vn 0.0020085 -0.9672591 -0.2537830
vn 0.1376928 -0.9572517 -0.2543815
vn 0.2718141 -0.9276453 -0.2561079
vn 0.4025815 -0.8780215 -0.2588557
vn 0.5277257 -0.8078559 -0.2624393
vn 0.6443201 -0.7167877 -0.2665841
vn 0.7487112 -0.6050050 -0.2709252
vn 0.8366375 -0.4737094 -0.2750221
vn 0.9036086 -0.3255522 -0.2784012
vn 0.9455514 -0.1648663 -0.2806273
vn 0.9821161 0.0017975 -0.1882679
vn 0.9668756 0.1729687 -0.1877054
vn 0.9229164 0.3370214 -0.1861233
vn 0.8533325 0.4879158 -0.1837441
vn 0.7624470 0.6212553 -0.1808766
vn 0.6549700 0.7344267 -0.1778532
vn 0.5353183 0.8263272 -0.1749793
vn 0.4072290 0.8968870 -0.1725057
vn 0.2736534 0.9465744 -0.1706185
vn 0.1368448 0.9759932 -0.1694428
vn -0.0014441 0.9856066 -0.1690489
vn -0.1397178 0.9755831 -0.1694594
vn -0.2764782 0.9457474 -0.1706510
vn -0.4099646 0.8956310 -0.1725518
vn -0.5379107 0.8246299 -0.1750359
vn -0.6573495 0.7322825 -0.1779157
vn -0.7645275 0.6186749 -0.1809392
vn -0.8550170 0.4849367 -0.1837998
vn -0.9241080 0.3337168 -0.1861653
vn -0.9674943 0.1694492 -0.1877281
vn -0.9821161 -0.0017975 -0.1882679
vn -0.9668756 -0.1729687 -0.1877054
vn -0.9229164 -0.3370214 -0.1861233
vn -0.8533325 -0.4879158 -0.1837441
vn -0.7624470 -0.6212553 -0.1808766
vn -0.6549700 -0.7344267 -0.1778532
vn -0.5353183 -0.8263272 -0.1749793
vn -0.4072290 -0.8968870 -0.1725057
vn -0.2736534 -0.9465744 -0.1706185
vn -0.1368448 -0.9759932 -0.1694428
vn 0.0014441 -0.9856066 -0.1690489
vn 0.1397178 -0.9755831 -0.1694594
vn 0.2764782 -0.9457474 -0.1706510
vn 0.4099646 -0.8956310 -0.1725518
vn 0.5379107 -0.8246299 -0.1750359
vn 0.6573495 -0.7322825 -0.1779157
vn 0.7645275 -0.6186749 -0.1809392
vn 0.8550170 -0.4849367 -0.1837998
vn 0.9241080 -0.3337168 -0.1861653
vn 0.9674943 -0.1694492 -0.1877281
vn 0.9947087 0.0011391 -0.1027292
vn 0.9793153 0.1745061 -0.1024167
vn 0.9347036 0.3406172 -0.1015337
vn 0.8640650 0.4933058 -0.1002052
vn 0.7718521 0.6281094 -0.0986047
vn 0.6629002 0.7424083 -0.0969184
vn 0.5417228 0.8351354 -0.0953168
vn 0.4121170 0.9062754 -0.0939390
vn 0.2770595 0.9563524 -0.0928881
vn 0.1388041 0.9860155 -0.0922330
vn -0.0009129 0.9957574 -0.0920125
vn -0.1406206 0.9857575 -0.0922388
vn -0.2788463 0.9558318 -0.0928994
vn -0.4138485 0.9054843 -0.0939550
vn -0.5433653 0.8340654 -0.0953365
vn -0.6644095 0.7410551 -0.0969402
vn -0.7731733 0.6264789 -0.0986266
vn -0.8651359 0.4914213 -0.1002247
vn -0.9354618 0.3385248 -0.1015484
vn -0.9797092 0.1722762 -0.1024247
vn -0.9947087 -0.0011391 -0.1027292
vn -0.9793153 -0.1745061 -0.1024167
vn -0.9347036 -0.3406172 -0.1015337
vn -0.8640650 -0.4933058 -0.1002052
vn -0.7718521 -0.6281094 -0.0986047
vn -0.6629002 -0.7424083 -0.0969184
vn -0.5417228 -0.8351354 -0.0953168
vn -0.4121170 -0.9062754 -0.0939390
vn -0.2770595 -0.9563524 -0.0928881
vn -0.1388041 -0.9860155 -0.0922330
vn 0.0009129 -0.9957574 -0.0920125
vn 0.1406206 -0.9857575 -0.0922388
vn 0.2788463 -0.9558318 -0.0928994
vn 0.4138485 -0.9054843 -0.0939550
vn 0.5433653 -0.8340654 -0.0953365
vn 0.6644095 -0.7410551 -0.0969402
vn 0.7731733 -0.6264789 -0.0986266
vn 0.8651359 -0.4914213 -0.1002247
vn 0.9354618 -0.3385248 -0.1015484
vn 0.9797092 -0.1722762 -0.1024247
vn 0.9996912 0.0005143 -0.0248440
vn 0.9842999 0.1747578 -0.0247682
vn 0.9394866 0.3417048 -0.0245530
vn 0.8684782 0.4951349 -0.0242290
vn 0.7757778 0.6305557 -0.0238386
vn 0.6662710 0.7453416 -0.0234272
vn 0.5445108 0.8384374 -0.0230366
vn 0.4143199 0.9098482 -0.0227006
vn 0.2786866 0.9601198 -0.0224442
vn 0.1398660 0.9899197 -0.0222843
vn -0.0004118 0.9997528 -0.0222302
vn -0.1406853 0.9898035 -0.0222849
vn -0.2794927 0.9598854 -0.0224455
vn -0.4151013 0.9094919 -0.0227023
vn -0.5452524 0.8379553 -0.0230387
vn -0.6669526 0.7447317 -0.0234296
vn -0.7763748 0.6298204 -0.0238410
vn -0.8689623 0.4942847 -0.0242311
vn -0.9398295 0.3407604 -0.0245546
vn -0.9844781 0.1737511 -0.0247691
vn -0.9996912 -0.0005143 -0.0248440
vn -0.9842999 -0.1747578 -0.0247682
vn -0.9394866 -0.3417048 -0.0245530
vn -0.8684782 -0.4951349 -0.0242290
vn -0.7757778 -0.6305557 -0.0238386
vn -0.6662710 -0.7453416 -0.0234272
vn -0.5445108 -0.8384374 -0.0230366
vn -0.4143199 -0.9098482 -0.0227006
vn -0.2786866 -0.9601198 -0.0224442
vn -0.1398660 -0.9899197 -0.0222843
vn 0.0004118 -0.9997528 -0.0222302
vn 0.1406853 -0.9898035 -0.0222849
vn 0.2794927 -0.9598854 -0.0224455
vn 0.4151013 -0.9094919 -0.0227023
vn 0.5452524 -0.8379553 -0.0230387
vn 0.6669526 -0.7447317 -0.0234296
vn 0.7763748 -0.6298204 -0.0238410
vn 0.8689623 -0.4942847 -0.0242311
vn 0.9398295 -0.3407604 -0.0245546
vn 0.9844781 -0.1737511 -0.0247691
vn 0.9989484 -0.0000801 0.0458479
vn 0.9836759 0.1740474 0.0457092
vn 0.9390027 0.3409114 0.0453134
vn 0.8681440 0.4942939 0.0447169
vn 0.7755918 0.6296996 0.0439976
vn 0.6662243 0.7444968 0.0432395
vn 0.5445912 0.8376232 0.0425192
vn 0.4145141 0.9090778 0.0418994
vn 0.2789832 0.9594020 0.0414263
vn 0.1402556 0.9892606 0.0411308
vn 0.0000641 0.9991579 0.0410304
vn -0.1401280 0.9892787 0.0411306
vn -0.2788576 0.9594386 0.0414259
vn -0.4143924 0.9091334 0.0418989
vn -0.5444756 0.8376983 0.0425186
vn -0.6661182 0.7445918 0.0432388
vn -0.7754988 0.6298141 0.0439970
vn -0.8680686 0.4944264 0.0447163
vn -0.9389493 0.3410585 0.0453130
vn -0.9836481 0.1742042 0.0457089
vn -0.9989484 0.0000801 0.0458479
vn -0.9836759 -0.1740474 0.0457092
vn -0.9390027 -0.3409114 0.0453134
vn -0.8681440 -0.4942939 0.0447169
vn -0.7755918 -0.6296996 0.0439976
vn -0.6662243 -0.7444968 0.0432395
vn -0.5445912 -0.8376232 0.0425192
vn -0.4145141 -0.9090778 0.0418994
vn -0.2789832 -0.9594020 0.0414263
vn -0.1402556 -0.9892606 0.0411308
vn -0.0000641 -0.9991579 0.0410304
vn 0.1401280 -0.9892787 0.0411306
vn 0.2788576 -0.9594386 0.0414259
vn 0.4143924 -0.9091334 0.0418989
vn 0.5444756 -0.8376983 0.0425186
vn 0.6661182 -0.7445918 0.0432388
vn 0.7754988 -0.6298141 0.0439970
vn 0.8680686 -0.4944264 0.0447163
vn 0.9389493 -0.3410585 0.0453130
vn 0.9836481 -0.1742042 0.0457089
vn 0.9939143 -0.0006498 0.1101542
vn 0.9788470 0.1726175 0.1098264
vn 0.9345693 0.3387093 0.1088867
vn 0.8642486 0.4914518 0.1074683
vn 0.7723208 0.6263673 0.1057567
vn 0.6636133 0.7408182 0.1039509
vn 0.5426393 0.8337210 0.1022340
vn 0.4132007 0.9050489 0.1007554
vn 0.2782810 0.9553190 0.0996259
vn 0.1401406 0.9851779 0.0989196
vn 0.0005209 0.9951192 0.0986785
vn -0.1391042 0.9853251 0.0989161
vn -0.2772616 0.9556161 0.0996190
vn -0.4122128 0.9055004 0.1007455
vn -0.5417023 0.8343316 0.1022219
vn -0.6627524 0.7415904 0.1039376
vn -0.7715672 0.6272976 0.1057433
vn -0.8636378 0.4925270 0.1074564
vn -0.9341368 0.3399030 0.1088777
vn -0.9786223 0.1738896 0.1098216
vn -0.9939143 0.0006498 0.1101542
vn -0.9788470 -0.1726175 0.1098264
vn -0.9345693 -0.3387093 0.1088867
vn -0.8642486 -0.4914518 0.1074683
vn -0.7723208 -0.6263673 0.1057567
vn -0.6636133 -0.7408182 0.1039509
vn -0.5426393 -0.8337210 0.1022340
vn -0.4132007 -0.9050489 0.1007554
vn -0.2782810 -0.9553190 0.0996259
vn -0.1401406 -0.9851779 0.0989196
vn -0.0005209 -0.9951192 0.0986785
vn 0.1391042 -0.9853251 0.0989161
vn 0.2772616 -0.9556161 0.0996190
vn 0.4122128 -0.9055004 0.1007455
vn 0.5417023 -0.8343316 0.1022219
vn 0.6627524 -0.7415904 0.1039376
vn 0.7715672 -0.6272976 0.1057433
vn 0.8636378 -0.4925270 0.1074564
vn 0.9341368 -0.3399030 0.1088777
vn 0.9786223 -0.1738896 0.1098216
vn 0.9855971 -0.0012023 0.1691065
vn 0.9708000 0.1706353 0.1686148
vn 0.9271106 0.3354262 0.1671984
vn 0.8576224 0.4870728 0.1650573
vn 0.7666810 0.6211310 0.1624702
vn 0.6590306 0.7349575 0.1597378
vn 0.5391236 0.8274381 0.1571370
vn 0.4107264 0.8985051 0.1548950
vn 0.2768100 0.9486369 0.1531806
vn 0.1396382 0.9784501 0.1521073
vn 0.0009653 0.9884201 0.1517392
vn -0.1377177 0.9787238 0.1520972
vn -0.2749215 0.9491890 0.1531611
vn -0.4088972 0.8993438 0.1548672
vn -0.5373896 0.8285717 0.1571030
vn -0.6574386 0.7363901 0.1597001
vn -0.7652885 0.6228556 0.1624325
vn -0.8564947 0.4890645 0.1650237
vn -0.9263126 0.3376360 0.1671730
vn -0.9703857 0.1729893 0.1686011
vn -0.9855971 0.0012023 0.1691065
vn -0.9708000 -0.1706353 0.1686148
vn -0.9271106 -0.3354262 0.1671984
vn -0.8576224 -0.4870728 0.1650573
vn -0.7666810 -0.6211310 0.1624702
vn -0.6590306 -0.7349575 0.1597378
vn -0.5391236 -0.8274381 0.1571370
vn -0.4107264 -0.8985051 0.1548950
vn -0.2768100 -0.9486369 0.1531806
vn -0.1396382 -0.9784501 0.1521073
vn -0.0009653 -0.9884201 0.1517392
vn 0.1377177 -0.9787238 0.1520972
vn 0.2749215 -0.9491890 0.1531611
vn 0.4088972 -0.8993438 0.1548672
vn 0.5373896 -0.8285717 0.1571030
vn 0.6574386 -0.7363901 0.1597001
vn 0.7652885 -0.6228556 0.1624325
vn 0.8564947 -0.4890645 0.1650237
vn 0.9263126 -0.3376360 0.1671730
vn 0.9703857 -0.1729893 0.1686011
vn 0.9746131 -0.0017464 0.2238891
vn 0.9601384 0.1681985 0.2232566
vn 0.9171908 0.3312577 0.2214256
vn 0.8487705 0.4814349 0.2186530
vn 0.7591064 0.6143323 0.2152980
vn 0.6528345 0.7273027 0.2117498
vn 0.5343262 0.8191937 0.2083680
vn 0.4073004 0.8898860 0.2054492
vn 0.2747099 0.9398076 0.2032146
vn 0.1388213 0.9695359 0.2018135
vn 0.0014051 0.9795223 0.2013308
vn -0.1360261 0.9699361 0.2017943
vn -0.2719622 0.9406145 0.2031773
vn -0.4046407 0.8911107 0.2053961
vn -0.5318070 0.8208479 0.2083029
vn -0.6505238 0.7293910 0.2116780
vn -0.7570874 0.6168438 0.2152262
vn -0.8471370 0.4843324 0.2185890
vn -0.9160360 0.3344700 0.2213773
vn -0.9595391 0.1716185 0.2232306
vn -0.9746131 0.0017464 0.2238891
vn -0.9601384 -0.1681985 0.2232566
vn -0.9171908 -0.3312577 0.2214256
vn -0.8487705 -0.4814349 0.2186530
vn -0.7591064 -0.6143323 0.2152980
vn -0.6528345 -0.7273027 0.2117498
vn -0.5343262 -0.8191937 0.2083680
vn -0.4073004 -0.8898860 0.2054492
vn -0.2747099 -0.9398076 0.2032146
vn -0.1388213 -0.9695359 0.2018135
vn -0.0014051 -0.9795223 0.2013308
vn 0.1360261 -0.9699361 0.2017943
vn 0.2719622 -0.9406145 0.2031773
vn 0.4046407 -0.8911107 0.2053961
vn 0.5318070 -0.8208479 0.2083029
vn 0.6505238 -0.7293910 0.2116780
vn 0.7570874 -0.6168438 0.2152262
vn 0.8471370 -0.4843324 0.2185890
vn 0.9160360 -0.3344700 0.2213773
vn 0.9595391 -0.1716185 0.2232306
vn 0.9612089 -0.0022924 0.2758119
vn 0.9471036 0.1653397 0.2750591
vn 0.9050347 0.3262747 0.2728683
vn 0.8378920 0.4746397 0.2695445
vn 0.7497660 0.6060959 0.2655159
vn 0.6451626 0.7179934 0.2612484
vn 0.5283549 0.8091367 0.2571749
vn 0.4030029 0.8793454 0.2536539
vn 0.2720354 0.9289879 0.2509548
vn 0.1377214 0.9585940 0.2492597
vn 0.0018493 0.9685857 0.2486730
vn -0.1340432 0.9591233 0.2492288
vn -0.2684215 0.9300547 0.2508948
vn -0.3995072 0.8809636 0.2535687
vn -0.5250472 0.8113200 0.2570705
vn -0.6421322 0.7207466 0.2611334
vn -0.7471215 0.6094028 0.2654010
vn -0.8357548 0.4784504 0.2694422
vn -0.9035253 0.3304951 0.2727912
vn -0.9463208 0.1698300 0.2750176
vn -0.9612089 0.0022924 0.2758119
vn -0.9471036 -0.1653397 0.2750591
vn -0.9050347 -0.3262747 0.2728683
vn -0.8378920 -0.4746397 0.2695445
vn -0.7497660 -0.6060959 0.2655159
vn -0.6451626 -0.7179934 0.2612484
vn -0.5283549 -0.8091367 0.2571749
vn -0.4030029 -0.8793454 0.2536539
vn -0.2720354 -0.9289879 0.2509548
vn -0.1377214 -0.9585940 0.2492597
vn -0.0018493 -0.9685857 0.2486730
vn 0.1340432 -0.9591233 0.2492288
vn 0.2684215 -0.9300547 0.2508948
vn 0.3995072 -0.8809636 0.2535687
vn 0.5250472 -0.8113200 0.2570705
vn 0.6421322 -0.7207466 0.2611334
vn 0.7471215 -0.6094028 0.2654010
vn 0.8357548 -0.4784504 0.2694422
vn 0.9035253 -0.3304951 0.2727912
vn 0.9463208 -0.1698300 0.2750176
vn 0.9452560 -0.0028522 0.3263173
vn 0.9315699 0.1620243 0.3254622
vn 0.8905211 0.3204206 0.3229593
vn 0.8248735 0.4666096 0.3191539
vn 0.7385574 0.5963237 0.3145330
vn 0.6359265 0.7069140 0.3096290
vn 0.5211380 0.7971368 0.3049397
vn 0.3977809 0.8667420 0.3008797
vn 0.2687542 0.9160288 0.2977625
vn 0.1363272 0.9454715 0.2958015
vn 0.0023080 0.9554577 0.2951192
vn -0.1317374 0.9461361 0.2957563
vn -0.2642471 0.9173675 0.2976749
vn -0.3934252 0.8687709 0.3007554
vn -0.5170213 0.7998709 0.3047876
vn -0.6321600 0.7103571 0.3094616
vn -0.7352753 0.6004533 0.3143661
vn -0.8222249 0.4713615 0.3190056
vn -0.8886527 0.3256774 0.3228476
vn -0.9306016 0.1676128 0.3254021
vn -0.9452560 0.0028522 0.3263173
vn -0.9315699 -0.1620243 0.3254622
vn -0.8905211 -0.3204206 0.3229593
vn -0.8248735 -0.4666096 0.3191539
vn -0.7385574 -0.5963237 0.3145330
vn -0.6359265 -0.7069140 0.3096290
vn -0.5211380 -0.7971368 0.3049397
vn -0.3977809 -0.8667420 0.3008797
vn -0.2687542 -0.9160288 0.2977625
vn -0.1363272 -0.9454715 0.2958015
vn -0.0023080 -0.9554577 0.2951192
vn 0.1317374 -0.9461361 0.2957563
vn 0.2642471 -0.9173675 0.2976749
vn 0.3934252 -0.8687709 0.3007554
vn 0.5170213 -0.7998709 0.3047876
vn 0.6321600 -0.7103571 0.3094616
vn 0.7352753 -0.6004533 0.3143661
vn 0.8222249 -0.4713615 0.3190056
vn 0.8886527 -0.3256774 0.3228476
vn 0.9306016 -0.1676128 0.3254021
vn 0.9262016 -0.0034399 0.3770129
vn 0.9129955 0.1581425 0.3760719
vn 0.8731370 0.3134945 0.3733001
vn 0.8092454 0.4570613 0.3690756
vn 0.7250663 0.5846626 0.3639348
vn 0.6247763 0.6936540 0.3584673
vn 0.5123953 0.7827394 0.3532282
vn 0.3914269 0.8515896 0.3486835
vn 0.2647319 0.9004234 0.3451880
vn 0.1345779 0.9296507 0.3429845
vn 0.0027937 0.9396180 0.3422137
vn -0.1290235 0.9304608 0.3429223
vn -0.2592811 0.9020543 0.3450672
vn -0.3861646 0.8540586 0.3485123
vn -0.5074288 0.7860621 0.3530190
vn -0.6202397 0.6978315 0.3582373
vn -0.7211200 0.5896643 0.3637059
vn -0.8060660 0.4628074 0.3688726
vn -0.8708972 0.3198422 0.3731474
vn -0.9118359 0.1648846 0.3759899
vn -0.9262016 0.0034399 0.3770129
vn -0.9129955 -0.1581425 0.3760719
vn -0.8731370 -0.3134945 0.3733001
vn -0.8092454 -0.4570613 0.3690756
vn -0.7250663 -0.5846626 0.3639348
vn -0.6247763 -0.6936540 0.3584673
vn -0.5123953 -0.7827394 0.3532282
vn -0.3914269 -0.8515896 0.3486835
vn -0.2647319 -0.9004234 0.3451880
vn -0.1345779 -0.9296507 0.3429845
vn -0.0027937 -0.9396180 0.3422137
vn 0.1290235 -0.9304608 0.3429223
vn 0.2592811 -0.9020543 0.3450672
vn 0.3861646 -0.8540586 0.3485123
vn 0.5074288 -0.7860621 0.3530190
vn 0.6202397 -0.6978315 0.3582373
vn 0.7211200 -0.5896643 0.3637059
vn 0.8060660 -0.4628074 0.3688726
vn 0.8708972 -0.3198422 0.3731474
vn 0.9118359 -0.1648846 0.3759899
vn 0.9029533 -0.0040719 0.4297195
vn 0.8903088 0.1534876 0.4287095
vn 0.8518667 0.3051101 0.4257122
vn 0.7900791 0.4454474 0.4211313
vn 0.7084751 0.5704275 0.4155425
vn 0.6110213 0.6774175 0.4095834
vn 0.5015729 0.7650636 0.4038592
vn 0.3835282 0.8329460 0.3988823
vn 0.2596990 0.8811895 0.3950461
vn 0.1323466 0.9101275 0.3926224
vn 0.0033215 0.9200576 0.3917690
vn -0.1257445 0.9110989 0.3925394
vn -0.2532252 0.8831436 0.3948854
vn -0.3772863 0.8359004 0.3986546
vn -0.4956916 0.7690331 0.4035815
vn -0.6056596 0.6823982 0.4092788
vn -0.7038206 0.5763786 0.4152399
vn -0.7863366 0.4522706 0.4208634
vn -0.8492346 0.3126353 0.4255111
vn -0.8889476 0.1614715 0.4286014
vn -0.9029533 0.0040719 0.4297195
vn -0.8903088 -0.1534876 0.4287095
vn -0.8518667 -0.3051101 0.4257122
vn -0.7900791 -0.4454474 0.4211313
vn -0.7084751 -0.5704275 0.4155425
vn -0.6110213 -0.6774175 0.4095834
vn -0.5015729 -0.7650636 0.4038592
vn -0.3835282 -0.8329460 0.3988823
vn -0.2596990 -0.8811895 0.3950461
vn -0.1323466 -0.9101275 0.3926224
vn -0.0033215 -0.9200576 0.3917690
vn 0.1257445 -0.9110989 0.3925394
vn 0.2532252 -0.8831436 0.3948854
vn 0.3772863 -0.8359004 0.3986546
vn 0.4956916 -0.7690331 0.4035815
vn 0.6056596 -0.6823982 0.4092788
vn 0.7038206 -0.5763786 0.4152399
vn 0.7863366 -0.4522706 0.4208634
vn 0.8492346 -0.3126353 0.4255111
vn 0.8889476 -0.1614715 0.4286014
vn 0.8736604 -0.0047679 0.4865128
vn 0.8616923 0.1477182 0.4854541
vn 0.8249854 0.2946201 0.4822842
vn 0.7657936 0.4308451 0.4774229
vn 0.6873872 0.5524596 0.4714736
vn 0.5934783 0.6568531 0.4651103
vn 0.4877185 0.7426093 0.4589793
vn 0.3733727 0.8092029 0.4536337
vn 0.2531867 0.8566470 0.4495024
vn 0.1294087 0.8851821 0.4468848
vn 0.0039104 0.8950462 0.4459563
vn -0.1216386 0.8863378 0.4467767
vn -0.2455752 0.8589694 0.4492932
vn -0.3660454 0.8127088 0.4533377
vn -0.4808288 0.7473100 0.4586190
vn -0.5872125 0.6627371 0.4647161
vn -0.6819618 0.5594719 0.4710831
vn -0.7614419 0.4388654 0.4770779
vn -0.8219311 0.3034476 0.4820258
vn -0.8601149 0.1570712 0.4853154
vn -0.8736604 0.0047679 0.4865128
vn -0.8616923 -0.1477182 0.4854541
vn -0.8249854 -0.2946201 0.4822842
vn -0.7657936 -0.4308451 0.4774229
vn -0.6873872 -0.5524596 0.4714736
vn -0.5934783 -0.6568531 0.4651103
vn -0.4877185 -0.7426093 0.4589793
vn -0.3733727 -0.8092029 0.4536337
vn -0.2531867 -0.8566470 0.4495024
vn -0.1294087 -0.8851821 0.4468848
vn -0.0039104 -0.8950462 0.4459563
vn 0.1216386 -0.8863378 0.4467767
vn 0.2455752 -0.8589694 0.4492932
vn 0.3660454 -0.8127088 0.4533377
vn 0.4808288 -0.7473100 0.4586190
vn 0.5872125 -0.6627371 0.4647161
vn 0.6819618 -0.5594719 0.4710831
vn 0.7614419 -0.4388654 0.4770779
vn 0.8219311 -0.3034476 0.4820258
vn 0.8601149 -0.1570712 0.4853154
vn 0.8353414 -0.0055502 0.5497035
vn 0.8242139 0.1402923 0.5486252
vn 0.7897018 0.2809870 0.5453599
vn 0.7338201 0.4117654 0.5403308
vn 0.6595225 0.5288779 0.5341518
vn 0.5702050 0.6297556 0.5275169
vn 0.4692605 0.7129165 0.5210995
vn 0.3597785 0.7777119 0.5154839
vn 0.2444123 0.8240202 0.5111295
vn 0.1253840 0.8519673 0.5083606
vn 0.0045835 0.8617165 0.5073693
vn -0.1162804 0.8533402 0.5082218
vn -0.2355057 0.8267755 0.5108613
vn -0.3512218 0.7818630 0.5151053
vn -0.4612363 0.7184673 0.5206398
vn -0.5629301 0.6366823 0.5270155
vn -0.6532439 0.5371060 0.5336568
vn -0.7287995 0.4211471 0.5398948
vn -0.7861870 0.2912865 0.5450341
vn -0.8224016 0.1511864 0.5484507
vn -0.8353414 0.0055502 0.5497035
vn -0.8242139 -0.1402923 0.5486252
vn -0.7897018 -0.2809870 0.5453599
vn -0.7338201 -0.4117654 0.5403308
vn -0.6595225 -0.5288779 0.5341518
vn -0.5702050 -0.6297556 0.5275169
vn -0.4692605 -0.7129165 0.5210995
vn -0.3597785 -0.7777119 0.5154839
vn -0.2444123 -0.8240202 0.5111295
vn -0.1253840 -0.8519673 0.5083606
vn -0.0045835 -0.8617165 0.5073693
vn 0.1162804 -0.8533402 0.5082218
vn 0.2355057 -0.8267755 0.5108613
vn 0.3512218 -0.7818630 0.5151053
vn 0.4612363 -0.7184673 0.5206398
vn 0.5629301 -0.6366823 0.5270155
vn 0.6532439 -0.5371060 0.5336568
vn 0.7287995 -0.4211471 0.5398948
vn 0.7861870 -0.2912865 0.5450341
vn 0.8224016 -0.1511864 0.5484507
vn 0.7833015 -0.0064409 0.6216086
vn 0.7732486 0.1303687 0.6205567
vn 0.7415957 0.2625815 0.6173223
vn 0.6900667 0.3858513 0.6123126
vn 0.6212235 0.4966816 0.6061261
vn 0.5380622 0.5925795 0.5994486
vn 0.4436392 0.6720013 0.5929574
vn 0.3408066 0.7341581 0.5872502
vn 0.2320822 0.7787658 0.5828051
vn 0.1196370 0.8058087 0.5799650
vn 0.0053673 0.8153555 0.5789357
vn -0.1089827 0.8074446 0.5797896
vn -0.2216759 0.7820437 0.5824667
vn -0.3308361 0.7390831 0.5867739
vn -0.4343218 0.6785640 0.5923812
vn -0.5296490 0.6007356 0.5988227
vn -0.6139934 0.5063290 0.6055106
vn -0.6843084 0.3968073 0.6117728
vn -0.7375778 0.2745694 0.6169202
vn -0.7711815 0.1430209 0.6203419
vn -0.7833015 0.0064409 0.6216086
vn -0.7732486 -0.1303687 0.6205567
vn -0.7415957 -0.2625815 0.6173223
vn -0.6900667 -0.3858513 0.6123126
vn -0.6212235 -0.4966816 0.6061261
vn -0.5380622 -0.5925795 0.5994486
vn -0.4436392 -0.6720013 0.5929574
vn -0.3408066 -0.7341581 0.5872502
vn -0.2320822 -0.7787658 0.5828051
vn -0.1196370 -0.8058087 0.5799650
vn -0.0053673 -0.8153555 0.5789357
vn 0.1089827 -0.8074446 0.5797896
vn 0.2216759 -0.7820437 0.5824667
vn 0.3308361 -0.7390831 0.5867739
vn 0.4343218 -0.6785640 0.5923812
vn 0.5296490 -0.6007356 0.5988227
vn 0.6139934 -0.5063290 0.6055106
vn 0.6843084 -0.3968073 0.6117728
vn 0.7375778 -0.2745694 0.6169202
vn 0.7711815 -0.1430209 0.6203419
vn 0.7103945 -0.0074529 0.7037642
vn 0.7017407 0.1166851 0.7028119
vn 0.6738855 0.2369260 0.6998174
vn 0.6282030 0.3494804 0.6951435
vn 0.5667744 0.4512077 0.6893318
vn 0.4920914 0.5397552 0.6830156
vn 0.4067694 0.6135427 0.6768338
vn 0.3133322 0.6716354 0.6713634
vn 0.2140916 0.7135637 0.6670769
vn 0.1111187 0.7391425 0.6643199
vn 0.0062850 0.7483239 0.6633038
vn -0.0986524 0.7411028 0.6641042
vn -0.2019430 0.7174827 0.6666615
vn -0.3017341 0.6775025 0.6707809
vn -0.3959818 0.6213241 0.6761322
vn -0.4824029 0.5493741 0.6822576
vn -0.5584949 0.4625216 0.6885907
vn -0.6216436 0.3622615 0.6944968
vn -0.6693283 0.2508507 0.6993379
vn -0.6994029 0.1313397 0.7025564
vn -0.7103945 0.0074529 0.7037642
vn -0.7017407 -0.1166851 0.7028119
vn -0.6738855 -0.2369260 0.6998174
vn -0.6282030 -0.3494804 0.6951435
vn -0.5667744 -0.4512077 0.6893318
vn -0.4920914 -0.5397552 0.6830156
vn -0.4067694 -0.6135427 0.6768338
vn -0.3133322 -0.6716354 0.6713634
vn -0.2140916 -0.7135637 0.6670769
vn -0.1111187 -0.7391425 0.6643199
vn -0.0062850 -0.7483239 0.6633038
vn 0.0986524 -0.7411028 0.6641042
vn 0.2019430 -0.7174827 0.6666615
vn 0.3017341 -0.6775025 0.6707809
vn 0.3959818 -0.6213241 0.6761322
vn 0.4824029 -0.5493741 0.6822576
vn 0.5584949 -0.4625216 0.6885907
vn 0.6216436 -0.3622615 0.6944968
vn 0.6693283 -0.2508507 0.6993379
vn 0.6994029 -0.1313397 0.7025564
vn 0.6067054 -0.0085654 0.7948806
vn 0.5998694 0.0975236 0.7941322
vn 0.5770543 0.2005846 0.7916907
vn 0.5392368 0.2975509 0.7878370
vn 0.4879362 0.3857838 0.7830001
vn 0.4250318 0.4631841 0.7776943
vn 0.3525761 0.5282098 0.7724535
vn 0.2726416 0.5798173 0.7677750
vn 0.1872233 0.6173597 0.7640776
vn 0.0981983 0.6404736 0.7616762
vn 0.0073349 0.6489824 0.7607681
vn -0.0836642 0.6428302 0.7614260
vn -0.1731019 0.6220570 0.7635973
vn -0.2592238 0.5868165 0.7671045
vn -0.3401719 0.5374361 0.7716511
vn -0.4139691 0.4745097 0.7768334
vn -0.4785502 0.3990095 0.7821644
vn -0.5318504 0.3123919 0.7871127
vn -0.5719506 0.2166654 0.7911565
vn -0.5972605 0.1143868 0.7938486
vn -0.6067054 0.0085654 0.7948806
vn -0.5998694 -0.0975236 0.7941322
vn -0.5770543 -0.2005846 0.7916907
vn -0.5392368 -0.2975509 0.7878370
vn -0.4879362 -0.3857838 0.7830001
vn -0.4250318 -0.4631841 0.7776943
vn -0.3525761 -0.5282098 0.7724535
vn -0.2726416 -0.5798173 0.7677750
vn -0.1872233 -0.6173597 0.7640776
vn -0.0981983 -0.6404736 0.7616762
vn -0.0073349 -0.6489824 0.7607681
vn 0.0836642 -0.6428302 0.7614260
vn 0.1731019 -0.6220570 0.7635973
vn 0.2592238 -0.5868165 0.7671045
vn 0.3401719 -0.5374361 0.7716511
vn 0.4139691 -0.4745097 0.7768334
vn 0.4785502 -0.3990095 0.7821644
vn 0.5318504 -0.3123919 0.7871127
vn 0.5719506 -0.2166654 0.7911565
vn 0.5972605 -0.1143868 0.7938486
vn 0.4620677 -0.0096778 0.8867918
vn 0.4575063 0.0711933 0.8863518
vn 0.4411387 0.1500445 0.8848069
vn 0.4135425 0.2246930 0.8823240
vn 0.3756520 0.2931767 0.8791661
vn 0.3286753 0.3538284 0.8756586
vn 0.2740025 0.4053075 0.8721516
vn 0.2131220 0.4465953 0.8689831
vn 0.1475575 0.4769635 0.8664483
vn 0.0788290 0.4959312 0.8647764
vn 0.0084376 0.5032229 0.8641154
vn -0.0621305 0.4987379 0.8645232
vn -0.1313913 0.4825376 0.8659640
vn -0.1978481 0.4548540 0.8683110
vn -0.2599848 0.4161152 0.8713530
vn -0.3162760 0.3669865 0.8748088
vn -0.3652200 0.3084138 0.8783480
vn -0.4053963 0.2416592 0.8816205
vn -0.4355451 0.1683134 0.8842913
vn -0.4546586 0.0902733 0.8860791
vn -0.4620677 0.0096778 0.8867918
vn -0.4575063 -0.0711933 0.8863518
vn -0.4411387 -0.1500445 0.8848069
vn -0.4135425 -0.2246930 0.8823240
vn -0.3756520 -0.2931767 0.8791661
vn -0.3286753 -0.3538284 0.8756586
vn -0.2740025 -0.4053075 0.8721516
vn -0.2131220 -0.4465953 0.8689831
vn -0.1475575 -0.4769635 0.8664483
vn -0.0788290 -0.4959312 0.8647764
vn -0.0084376 -0.5032229 0.8641154
vn 0.0621305 -0.4987379 0.8645232
vn 0.1313913 -0.4825376 0.8659640
vn 0.1978481 -0.4548540 0.8683110
vn 0.2599848 -0.4161152 0.8713530
vn 0.3162760 -0.3669865 0.8748088
vn 0.3652200 -0.3084138 0.8783480
vn 0.4053963 -0.2416592 0.8816205
vn 0.4355451 -0.1683134 0.8842913
vn 0.4546586 -0.0902733 0.8860791
vn 0.2804448 -0.0105559 0.9598121
vn 0.2784312 0.0386013 0.9596802
vn 0.2694379 0.0867543 0.9591021
vn 0.2537223 0.1326607 0.9581368
vn 0.2317264 0.1751581 0.9568817
vn 0.2040538 0.2131996 0.9554622
vn 0.1714411 0.2458791 0.9540186
vn 0.1347276 0.2724470 0.9526915
vn 0.0948272 0.2923157 0.9516088
vn 0.0527042 0.3050603 0.9508735
vn 0.0093536 0.3104152 0.9505550
vn -0.0342143 0.3082705 0.9506833
vn -0.0769865 0.2986699 0.9512462
vn -0.1179598 0.2818122 0.9521908
vn -0.1561547 0.2580534 0.9534276
vn -0.1906329 0.2279112 0.9548380
vn -0.2205198 0.1920659 0.9562854
vn -0.2450313 0.1513580 0.9576275
vn -0.2635031 0.1067765 0.9587309
vn -0.2754205 0.0594382 0.9594846
vn -0.2804448 0.0105559 0.9598121
vn -0.2784312 -0.0386013 0.9596802
vn -0.2694379 -0.0867543 0.9591021
vn -0.2537223 -0.1326607 0.9581368
vn -0.2317264 -0.1751581 0.9568817
vn -0.2040538 -0.2131996 0.9554622
vn -0.1714411 -0.2458791 0.9540186
vn -0.1347276 -0.2724470 0.9526915
vn -0.0948272 -0.2923157 0.9516088
vn -0.0527042 -0.3050603 0.9508735
vn -0.0093536 -0.3104152 0.9505550
vn 0.0342143 -0.3082705 0.9506833
vn 0.0769865 -0.2986699 0.9512462
vn 0.1179598 -0.2818122 0.9521908
vn 0.1561547 -0.2580534 0.9534276
vn 0.1906329 -0.2279112 0.9548380
vn 0.2205198 -0.1920659 0.9562854
vn 0.2450313 -0.1513580 0.9576275
vn 0.2635031 -0.1067765 0.9587309
vn 0.2754205 -0.0594382 0.9594846
vn 0.0000000 0.0000000 1.0000000
vn 0.0000000 -0.0000000 -1.0000000
vn 0.1934709 0.0072496 -0.9810792
vn 0.1900434 0.0409799 -0.9809200
vn 0.1818998 0.0736747 -0.9805532
vn 0.1692553 0.1045134 -0.9800151
vn 0.1524409 0.1327301 -0.9793592
vn 0.1318906 0.1576343 -0.9786502
vn 0.1081265 0.1786266 -0.9779577
vn 0.0817424 0.1952105 -0.9773490
vn 0.0533874 0.2070002 -0.9768832
vn 0.0237501 0.2137250 -0.9766051
vn -0.0064565 0.2152321 -0.9765416
vn -0.0365084 0.2114874 -0.9766986
vn -0.0656847 0.2025757 -0.9770612
vn -0.0932810 0.1887004 -0.9775944
vn -0.1186236 0.1701816 -0.9782467
vn -0.1410851 0.1474530 -0.9789548
vn -0.1601003 0.1210564 -0.9796496
vn -0.1751827 0.0916316 -0.9802626
vn -0.1859406 0.0599035 -0.9807332
vn -0.1920911 0.0266640 -0.9810148
vn -0.1934709 -0.0072496 -0.9810792
vn -0.1900434 -0.0409799 -0.9809200
vn -0.1818998 -0.0736747 -0.9805532
vn -0.1692553 -0.1045134 -0.9800151
vn -0.1524409 -0.1327301 -0.9793592
vn -0.1318906 -0.1576343 -0.9786502
vn -0.1081265 -0.1786266 -0.9779577
vn -0.0817424 -0.1952105 -0.9773490
vn -0.0533874 -0.2070002 -0.9768832
vn -0.0237501 -0.2137250 -0.9766051
vn 0.0064565 -0.2152321 -0.9765416
vn 0.0365084 -0.2114874 -0.9766986
vn 0.0656847 -0.2025757 -0.9770612
vn 0.0932810 -0.1887004 -0.9775944
vn 0.1186236 -0.1701816 -0.9782467
vn 0.1410851 -0.1474530 -0.9789548
vn 0.1601003 -0.1210564 -0.9796496
vn 0.1751827 -0.0916316 -0.9802626
vn 0.1859406 -0.0599035 -0.9807332
vn 0.1920911 -0.0266640 -0.9810148
vn 0.3386946 0.0069891 -0.9408704
vn 0.3334027 0.0660914 -0.9404651
vn 0.3197000 0.1234353 -0.9394443
vn 0.2980006 0.1775217 -0.9379135
vn 0.2689428 0.2269810 -0.9360285
vn 0.2333495 0.2706141 -0.9339786
vn 0.1921843 0.3074169 -0.9319657
vn 0.1465092 0.3365887 -0.9301844
vn 0.0974490 0.3575288 -0.9288040
vn 0.0461645 0.3698259 -0.9279535
vn -0.0061660 0.3732468 -0.9277116
vn -0.0583570 0.3677276 -0.9281007
vn -0.1092242 0.3533715 -0.9290848
vn -0.1575920 0.3304527 -0.9305728
vn -0.2023064 0.2994259 -0.9324249
vn -0.2422544 0.2609381 -0.9344646
vn -0.2763936 0.2158378 -0.9364938
vn -0.3037896 0.1651762 -0.9383116
vn -0.3236590 0.1101954 -0.9397350
vn -0.3354130 0.0522998 -0.9406183
vn -0.3386946 -0.0069891 -0.9408704
vn -0.3334027 -0.0660914 -0.9404651
vn -0.3197000 -0.1234353 -0.9394443
vn -0.2980006 -0.1775217 -0.9379135
vn -0.2689428 -0.2269810 -0.9360285
vn -0.2333495 -0.2706141 -0.9339786
vn -0.1921843 -0.3074169 -0.9319657
vn -0.1465092 -0.3365887 -0.9301844
vn -0.0974490 -0.3575288 -0.9288040
vn -0.0461645 -0.3698259 -0.9279535
vn 0.0061660 -0.3732468 -0.9277116
vn 0.0583570 -0.3677276 -0.9281007
vn 0.1092242 -0.3533715 -0.9290848
vn 0.1575920 -0.3304527 -0.9305728
vn 0.2023064 -0.2994259 -0.9324249
vn 0.2422544 -0.2609381 -0.9344646
vn 0.2763936 -0.2158378 -0.9364938
vn 0.3037896 -0.1651762 -0.9383116
vn 0.3236590 -0.1101954 -0.9397350
vn 0.3354130 -0.0522998 -0.9406183
vn 0.4808303 0.0065711 -0.8767891
vn 0.4736056 0.0904843 -0.8760767
vn 0.4541391 0.1718076 -0.8742081
vn 0.4231300 0.2482892 -0.8713859
vn 0.3816394 0.3179382 -0.8679093
vn 0.3309943 0.3790937 -0.8641358
vn 0.2726870 0.4304479 -0.8604396
vn 0.2082874 0.4710300 -0.8571739
vn 0.1393807 0.5001643 -0.8546395
vn 0.0675331 0.5174194 -0.8530630
vn -0.0057171 0.5225618 -0.8525822
vn -0.0788492 0.5155253 -0.8532388
vn -0.1503407 0.4964010 -0.8549759
vn -0.2186494 0.4654506 -0.8576411
vn -0.2822048 0.4231402 -0.8609952
vn -0.3394214 0.3701882 -0.8647276
vn -0.3887363 0.3076155 -0.8684796
vn -0.4286769 0.2367848 -0.8718768
vn -0.4579507 0.1594109 -0.8745681
vn -0.4755469 0.0775312 -0.8762671
vn -0.4808303 -0.0065711 -0.8767891
vn -0.4736056 -0.0904843 -0.8760767
vn -0.4541391 -0.1718076 -0.8742081
vn -0.4231300 -0.2482892 -0.8713859
vn -0.3816394 -0.3179382 -0.8679093
vn -0.3309943 -0.3790937 -0.8641358
vn -0.2726870 -0.4304479 -0.8604396
vn -0.2082874 -0.4710300 -0.8571739
vn -0.1393807 -0.5001643 -0.8546395
vn -0.0675331 -0.5174194 -0.8530630
vn 0.0057171 -0.5225618 -0.8525822
vn 0.0788492 -0.5155253 -0.8532388
vn 0.1503407 -0.4964010 -0.8549759
vn 0.2186494 -0.4654506 -0.8576411
vn 0.2822048 -0.4231402 -0.8609952
vn 0.3394214 -0.3701882 -0.8647276
vn 0.3887363 -0.3076155 -0.8684796
vn 0.4286769 -0.2367848 -0.8718768
vn 0.4579507 -0.1594109 -0.8745681
vn 0.4755469 -0.0775312 -0.8762671
vn 0.6083567 0.0060241 -0.7936409
vn 0.5992724 0.1121735 -0.7926473
vn 0.5742564 0.2148436 -0.7899822
vn 0.5343745 0.3110056 -0.7859513
vn 0.4812147 0.3980827 -0.7810011
vn 0.4166990 0.4740488 -0.7756544
vn 0.3428988 0.5374336 -0.7704450
vn 0.2618870 0.5872555 -0.7658631
vn 0.1756485 0.6229145 -0.7623156
vn 0.0860476 0.6440805 -0.7601027
vn -0.0051575 0.6505976 -0.7594052
vn -0.0962673 0.6424241 -0.7602788
vn -0.1855785 0.6196129 -0.7626535
vn -0.2713229 0.5823356 -0.7663349
vn -0.3516226 0.5309477 -0.7710098
vn -0.4244802 0.4660863 -0.7762603
vn -0.4878172 0.3887833 -0.7815893
vn -0.5395709 0.3005694 -0.7864612
vn -0.5778472 0.2035347 -0.7903583
vn -0.6011080 0.1003138 -0.7928470
vn -0.6083567 -0.0060241 -0.7936409
vn -0.5992724 -0.1121735 -0.7926473
vn -0.5742564 -0.2148436 -0.7899822
vn -0.5343745 -0.3110056 -0.7859513
vn -0.4812147 -0.3980827 -0.7810011
vn -0.4166990 -0.4740488 -0.7756544
vn -0.3428988 -0.5374336 -0.7704450
vn -0.2618870 -0.5872555 -0.7658631
vn -0.1756485 -0.6229145 -0.7623156
vn -0.0860476 -0.6440805 -0.7601027
vn 0.0051575 -0.6505976 -0.7594052
vn 0.0962673 -0.6424241 -0.7602788
vn 0.1855785 -0.6196129 -0.7626535
vn 0.2713229 -0.5823356 -0.7663349
vn 0.3516226 -0.5309477 -0.7710098
vn 0.4244802 -0.4660863 -0.7762603
vn 0.4878172 -0.3887833 -0.7815893
vn 0.5395709 -0.3005694 -0.7864612
vn 0.5778472 -0.2035347 -0.7903583
vn 0.6011080 -0.1003138 -0.7928470
vn 0.7170257 0.0053812 -0.6970260
vn 0.7062451 0.1304571 -0.6958440
vn 0.6761519 0.2511640 -0.6926292
vn 0.6282348 0.3637199 -0.6877709
vn 0.5646716 0.4650301 -0.6818306
vn 0.4880217 0.5528106 -0.6754519
vn 0.4009373 0.6255561 -0.6692749
vn 0.3059529 0.6823989 -0.6638709
vn 0.2053745 0.7229211 -0.6597017
vn 0.1012595 0.7469710 -0.6571004
vn -0.0045332 0.7545174 -0.6562644
vn -0.1102517 0.7455599 -0.6572556
vn -0.2141393 0.7200996 -0.6600007
vn -0.3143233 0.6781735 -0.6642903
vn -0.4087259 0.6199497 -0.6697802
vn -0.4950200 0.5458771 -0.6759981
vn -0.5706551 0.4568707 -0.6823649
vn -0.6329775 0.3544981 -0.6882373
vn -0.6794481 0.2411133 -0.6929752
vn -0.7079365 0.1198769 -0.6960284
vn -0.7170257 -0.0053812 -0.6970260
vn -0.7062451 -0.1304571 -0.6958440
vn -0.6761519 -0.2511640 -0.6926292
vn -0.6282348 -0.3637199 -0.6877709
vn -0.5646716 -0.4650301 -0.6818306
vn -0.4880217 -0.5528106 -0.6754519
vn -0.4009373 -0.6255561 -0.6692749
vn -0.3059529 -0.6823989 -0.6638709
vn -0.2053745 -0.7229211 -0.6597017
vn -0.1012595 -0.7469710 -0.6571004
vn 0.0045332 -0.7545174 -0.6562644
vn 0.1102517 -0.7455599 -0.6572556
vn 0.2141393 -0.7200996 -0.6600007
vn 0.3143233 -0.6781735 -0.6642903
vn 0.4087259 -0.6199497 -0.6697802
vn 0.4950200 -0.5458771 -0.6759981
vn 0.5706551 -0.4568707 -0.6823649
vn 0.6329775 -0.3544981 -0.6882373
vn 0.6794481 -0.2411133 -0.6929752
vn 0.7079365 -0.1198769 -0.6960284
vn 0.8053815 0.0046772 -0.5927384
vn 0.7931418 0.1451258 -0.5914935
vn 0.7586534 0.2803808 -0.5880745
vn 0.7038401 0.4059779 -0.5829160
vn 0.6314741 0.5183927 -0.5766363
vn 0.5447326 0.6151788 -0.5699311
vn 0.4468019 0.6948839 -0.5634753
vn 0.3406089 0.7568236 -0.5578562
vn 0.2286999 0.8008081 -0.5535366
vn 0.1132431 0.8268907 -0.5508428
vn -0.0038828 0.8351780 -0.5499660
vn -0.1209526 0.8257158 -0.5509663
vn -0.2362351 0.7984524 -0.5537750
vn -0.3478368 0.7532802 -0.5581922
vn -0.4535662 0.6901552 -0.5638824
vn -0.5508509 0.6092920 -0.5703740
vn -0.6367415 0.5114171 -0.5770727
vn -0.7080422 0.3980428 -0.5832993
vn -0.7615895 0.2716863 -0.5883604
vn -0.7946537 0.1359412 -0.5916464
vn -0.8053815 -0.0046772 -0.5927384
vn -0.7931418 -0.1451258 -0.5914935
vn -0.7586534 -0.2803808 -0.5880745
vn -0.7038401 -0.4059779 -0.5829160
vn -0.6314741 -0.5183927 -0.5766363
vn -0.5447326 -0.6151788 -0.5699311
vn -0.4468019 -0.6948839 -0.5634753
vn -0.3406089 -0.7568236 -0.5578562
vn -0.2286999 -0.8008081 -0.5535366
vn -0.1132431 -0.8268907 -0.5508428
vn 0.0038828 -0.8351780 -0.5499660
vn 0.1209526 -0.8257158 -0.5509663
vn 0.2362351 -0.7984524 -0.5537750
vn 0.3478368 -0.7532802 -0.5581922
vn 0.4535662 -0.6901552 -0.5638824
vn 0.5508509 -0.6092920 -0.5703740
vn 0.6367415 -0.5114171 -0.5770727
vn 0.7080422 -0.3980428 -0.5832993
vn 0.7615895 -0.2716863 -0.5883604
vn 0.7946537 -0.1359412 -0.5916464
vn 0.8739150 0.0039441 -0.4860627
vn 0.8605007 0.1563076 -0.4848777
vn 0.8224303 0.3027709 -0.4815995
vn 0.7620315 0.4382948 -0.4766610
vn 0.6826171 0.5590183 -0.4706723
vn 0.5879102 0.6624043 -0.4643082
vn 0.4815489 0.7470967 -0.4582108
vn 0.3667715 0.8126109 -0.4529263
vn 0.2462944 0.8589816 -0.4488761
vn 0.1223406 0.8864551 -0.4463521
vn -0.0032346 0.8952648 -0.4455228
vn -0.1287679 0.8854992 -0.4464414
vn -0.2525906 0.8570606 -0.4490491
vn -0.3728327 0.8097110 -0.4531709
vn -0.4872482 0.7432086 -0.4585086
vn -0.5930935 0.6575373 -0.4646341
vn -0.6871052 0.5532178 -0.4709951
vn -0.7656316 0.4316603 -0.4769462
vn -0.8249571 0.2954687 -0.4818132
vn -0.8618058 0.1485706 -0.4849923
vn -0.8739150 -0.0039441 -0.4860627
vn -0.8605007 -0.1563076 -0.4848777
vn -0.8224303 -0.3027709 -0.4815995
vn -0.7620315 -0.4382948 -0.4766610
vn -0.6826171 -0.5590183 -0.4706723
vn -0.5879102 -0.6624043 -0.4643082
vn -0.4815489 -0.7470967 -0.4582108
vn -0.3667715 -0.8126109 -0.4529263
vn -0.2462944 -0.8589816 -0.4488761
vn -0.1223406 -0.8864551 -0.4463521
vn 0.0032346 -0.8952648 -0.4455228
vn 0.1287679 -0.8854992 -0.4464414
vn 0.2525906 -0.8570606 -0.4490491
vn 0.3728327 -0.8097110 -0.4531709
vn 0.4872482 -0.7432086 -0.4585086
vn 0.5930935 -0.6575373 -0.4646341
vn 0.6871052 -0.5532178 -0.4709951
vn 0.7656316 -0.4316603 -0.4769462
vn 0.8249571 -0.2954687 -0.4818132
vn 0.8618058 -0.1485706 -0.4849923
vn 0.9244589 0.0032084 -0.3812683
vn 0.9101674 0.1643556 -0.3802402
vn 0.8693650 0.3190451 -0.3773786
vn 0.8047178 0.4617858 -0.3730727
vn 0.7199859 0.5884680 -0.3678665
vn 0.6193339 0.6965090 -0.3623544
vn 0.5067536 0.7846562 -0.3570931
vn 0.3857155 0.8526039 -0.3525480
vn 0.2590505 0.9005783 -0.3490724
vn 0.1290042 0.9289850 -0.3469074
vn -0.0026066 0.9381605 -0.3461908
vn -0.1341865 0.9282287 -0.3469661
vn -0.2641358 0.8990558 -0.3491862
vn -0.3906244 0.8502992 -0.3527093
vn -0.5113861 0.7815548 -0.3572902
vn -0.6235648 0.6926105 -0.3625710
vn -0.7236657 0.5838010 -0.3680821
vn -0.8076820 0.4564251 -0.3732639
vn -0.8714530 0.3131239 -0.3775224
vn -0.9112483 0.1580670 -0.3803175
vn -0.9244589 -0.0032084 -0.3812683
vn -0.9101674 -0.1643556 -0.3802402
vn -0.8693650 -0.3190451 -0.3773786
vn -0.8047178 -0.4617858 -0.3730727
vn -0.7199859 -0.5884680 -0.3678665
vn -0.6193339 -0.6965090 -0.3623544
vn -0.5067536 -0.7846562 -0.3570931
vn -0.3857155 -0.8526039 -0.3525480
vn -0.2590505 -0.9005783 -0.3490724
vn -0.1290042 -0.9289850 -0.3469074
vn 0.0026066 -0.9381605 -0.3461908
vn 0.1341865 -0.9282287 -0.3469661
vn 0.2641358 -0.8990558 -0.3491862
vn 0.3906244 -0.8502992 -0.3527093
vn 0.5113861 -0.7815548 -0.3572902
vn 0.6235648 -0.6926105 -0.3625710
vn 0.7236657 -0.5838010 -0.3680821
vn 0.8076820 -0.4564251 -0.3732639
vn 0.8714530 -0.3131239 -0.3775224
vn 0.9112483 -0.1580670 -0.3803175
vn 0.9595900 0.0024890 -0.2813909
vn 0.9447019 0.1697419 -0.2805814
vn 0.9019707 0.3301351 -0.2783159
vn 0.8343180 0.4778478 -0.2749090
vn 0.7458406 0.6085969 -0.2707981
vn 0.6410301 0.7197786 -0.2664568
vn 0.5241342 0.8102281 -0.2623238
vn 0.3987855 0.8797799 -0.2587614
vn 0.2678892 0.9288047 -0.2560415
vn 0.1336979 0.9578269 -0.2543473
vn -0.0020085 0.9672591 -0.2537830
vn -0.1376928 0.9572517 -0.2543815
vn -0.2718141 0.9276453 -0.2561079
vn -0.4025815 0.8780215 -0.2588557
vn -0.5277257 0.8078559 -0.2624393
vn -0.6443201 0.7167877 -0.2665841
vn -0.7487112 0.6050050 -0.2709252
vn -0.8366375 0.4737094 -0.2750221
vn -0.9036086 0.3255522 -0.2784012
vn -0.9455514 0.1648663 -0.2806273
vn -0.9595900 -0.0024890 -0.2813909
vn -0.9447019 -0.1697419 -0.2805814
vn -0.9019707 -0.3301351 -0.2783159
vn -0.8343180 -0.4778478 -0.2749090
vn -0.7458406 -0.6085969 -0.2707981
vn -0.6410301 -0.7197786 -0.2664568
vn -0.5241342 -0.8102281 -0.2623238
vn -0.3987855 -0.8797799 -0.2587614
vn -0.2678892 -0.9288047 -0.2560415
vn -0.1336979 -0.9578269 -0.2543473
vn 0.0020085 -0.9672591 -0.2537830
vn 0.1376928 -0.9572517 -0.2543815
vn 0.2718141 -0.9276453 -0.2561079
vn 0.4025815 -0.8780215 -0.2588557
vn 0.5277257 -0.8078559 -0.2624393
vn 0.6443201 -0.7167877 -0.2665841
vn 0.7487112 -0.6050050 -0.2709252
vn 0.8366375 -0.4737094 -0.2750221
vn 0.9036086 -0.3255522 -0.2784012
vn 0.9455514 -0.1648663 -0.2806273
vn 0.9821161 0.0017975 -0.1882679
vn 0.9668756 0.1729687 -0.1877054
vn 0.9229164 0.3370214 -0.1861233
vn 0.8533325 0.4879158 -0.1837441
vn 0.7624470 0.6212553 -0.1808766
vn 0.6549700 0.7344267 -0.1778532
vn 0.5353183 0.8263272 -0.1749793
vn 0.4072290 0.8968870 -0.1725057
vn 0.2736534 0.9465744 -0.1706185
vn 0.1368448 0.9759932 -0.1694428
vn -0.0014441 0.9856066 -0.1690489
vn -0.1397178 0.9755831 -0.1694594
vn -0.2764782 0.9457474 -0.1706510
vn -0.4099646 0.8956310 -0.1725518
vn -0.5379107 0.8246299 -0.1750359
vn -0.6573495 0.7322825 -0.1779157
vn -0.7645275 0.6186749 -0.1809392
vn -0.8550170 0.4849367 -0.1837998
vn -0.9241080 0.3337168 -0.1861653
vn -0.9674943 0.1694492 -0.1877281
vn -0.9821161 -0.0017975 -0.1882679
vn -0.9668756 -0.1729687 -0.1877054
vn -0.9229164 -0.3370214 -0.1861233
vn -0.8533325 -0.4879158 -0.1837441
vn -0.7624470 -0.6212553 -0.1808766
vn -0.6549700 -0.7344267 -0.1778532
vn -0.5353183 -0.8263272 -0.1749793
vn -0.4072290 -0.8968870 -0.1725057
vn -0.2736534 -0.9465744 -0.1706185
vn -0.1368448 -0.9759932 -0.1694428
vn 0.0014441 -0.9856066 -0.1690489
vn 0.1397178 -0.9755831 -0.1694594
vn 0.2764782 -0.9457474 -0.1706510
vn 0.4099646 -0.8956310 -0.1725518
vn 0.5379107 -0.8246299 -0.1750359
vn 0.6573495 -0.7322825 -0.1779157
vn 0.7645275 -0.6186749 -0.1809392
vn 0.8550170 -0.4849367 -0.1837998
vn 0.9241080 -0.3337168 -0.1861653
vn 0.9674943 -0.1694492 -0.1877281
vn 0.9947087 0.0011391 -0.1027292
vn 0.9793153 0.1745061 -0.1024167
vn 0.9347036 0.3406172 -0.1015337
vn 0.8640650 0.4933058 -0.1002052
vn 0.7718521 0.6281094 -0.0986047
vn 0.6629002 0.7424083 -0.0969184
vn 0.5417228 0.8351354 -0.0953168
vn 0.4121170 0.9062754 -0.0939390
vn 0.2770595 0.9563524 -0.0928881
vn 0.1388041 0.9860155 -0.0922330
vn -0.0009129 0.9957574 -0.0920125
vn -0.1406206 0.9857575 -0.0922388
vn -0.2788463 0.9558318 -0.0928994
vn -0.4138485 0.9054843 -0.0939550
vn -0.5433653 0.8340654 -0.0953365
vn -0.6644095 0.7410551 -0.0969402
vn -0.7731733 0.6264789 -0.0986266
vn -0.8651359 0.4914213 -0.1002247
vn -0.9354618 0.3385248 -0.1015484
vn -0.9797092 0.1722762 -0.1024247
vn -0.9947087 -0.0011391 -0.1027292
vn -0.9793153 -0.1745061 -0.1024167
vn -0.9347036 -0.3406172 -0.1015337
vn -0.8640650 -0.4933058 -0.1002052
vn -0.7718521 -0.6281094 -0.0986047
vn -0.6629002 -0.7424083 -0.0969184
vn -0.5417228 -0.8351354 -0.0953168
vn -0.4121170 -0.9062754 -0.0939390
vn -0.2770595 -0.9563524 -0.0928881
vn -0.1388041 -0.9860155 -0.0922330
vn 0.0009129 -0.9957574 -0.0920125
vn 0.1406206 -0.9857575 -0.0922388
vn 0.2788463 -0.9558318 -0.0928994
vn 0.4138485 -0.9054843 -0.0939550
vn 0.5433653 -0.8340654 -0.0953365
vn 0.6644095 -0.7410551 -0.0969402
vn 0.7731733 -0.6264789 -0.0986266
vn 0.8651359 -0.4914213 -0.1002247
vn 0.9354618 -0.3385248 -0.1015484
vn 0.9797092 -0.1722762 -0.1024247
vn 0.9996912 0.0005143 -0.0248440
vn 0.9842999 0.1747578 -0.0247682
vn 0.9394866 0.3417048 -0.0245530
vn 0.8684782 0.4951349 -0.0242290
vn 0.7757778 0.6305557 -0.0238386
vn 0.6662710 0.7453416 -0.0234272
vn 0.5445108 0.8384374 -0.0230366
vn 0.4143199 0.9098482 -0.0227006
vn 0.2786866 0.9601198 -0.0224442
vn 0.1398660 0.9899197 -0.0222843
vn -0.0004118 0.9997528 -0.0222302
vn -0.1406853 0.9898035 -0.0222849
vn -0.2794927 0.9598854 -0.0224455
vn -0.4151013 0.9094919 -0.0227023
vn -0.5452524 0.8379553 -0.0230387
vn -0.6669526 0.7447317 -0.0234296
vn -0.7763748 0.6298204 -0.0238410
vn -0.8689623 0.4942847 -0.0242311
vn -0.9398295 0.3407604 -0.0245546
vn -0.9844781 0.1737511 -0.0247691
vn -0.9996912 -0.0005143 -0.0248440
vn -0.9842999 -0.1747578 -0.0247682
vn -0.9394866 -0.3417048 -0.0245530
vn -0.8684782 -0.4951349 -0.0242290
vn -0.7757778 -0.6305557 -0.0238386
vn -0.6662710 -0.7453416 -0.0234272
vn -0.5445108 -0.8384374 -0.0230366
vn -0.4143199 -0.9098482 -0.0227006
vn -0.2786866 -0.9601198 -0.0224442
vn -0.1398660 -0.9899197 -0.0222843
vn 0.0004118 -0.9997528 -0.0222302
vn 0.1406853 -0.9898035 -0.0222849
vn 0.2794927 -0.9598854 -0.0224455
vn 0.4151013 -0.9094919 -0.0227023
vn 0.5452524 -0.8379553 -0.0230387
vn 0.6669526 -0.7447317 -0.0234296
vn 0.7763748 -0.6298204 -0.0238410
vn 0.8689623 -0.4942847 -0.0242311
vn 0.9398295 -0.3407604 -0.0245546
vn 0.9844781 -0.1737511 -0.0247691
vn 0.9989484 -0.0000801 0.0458479
vn 0.9836759 0.1740474 0.0457092
vn 0.9390027 0.3409114 0.0453134
vn 0.8681440 0.4942939 0.0447169
vn 0.7755918 0.6296996 0.0439976
vn 0.6662243 0.7444968 0.0432395
vn 0.5445912 0.8376232 0.0425192
vn 0.4145141 0.9090778 0.0418994
vn 0.2789832 0.9594020 0.0414263
vn 0.1402556 0.9892606 0.0411308
vn 0.0000641 0.9991579 0.0410304
vn -0.1401280 0.9892787 0.0411306
vn -0.2788576 0.9594386 0.0414259
vn -0.4143924 0.9091334 0.0418989
vn -0.5444756 0.8376983 0.0425186
vn -0.6661182 0.7445918 0.0432388
vn -0.7754988 0.6298141 0.0439970
vn -0.8680686 0.4944264 0.0447163
vn -0.9389493 0.3410585 0.0453130
vn -0.9836481 0.1742042 0.0457089
vn -0.9989484 0.0000801 0.0458479
vn -0.9836759 -0.1740474 0.0457092
vn -0.9390027 -0.3409114 0.0453134
vn -0.8681440 -0.4942939 0.0447169
vn -0.7755918 -0.6296996 0.0439976
vn -0.6662243 -0.7444968 0.0432395
vn -0.5445912 -0.8376232 0.0425192
vn -0.4145141 -0.9090778 0.0418994
vn -0.2789832 -0.9594020 0.0414263
vn -0.1402556 -0.9892606 0.0411308
vn -0.0000641 -0.9991579 0.0410304
vn 0.1401280 -0.9892787 0.0411306
vn 0.2788576 -0.9594386 0.0414259
vn 0.4143924 -0.9091334 0.0418989
vn 0.5444756 -0.8376983 0.0425186
vn 0.6661182 -0.7445918 0.0432388
vn 0.7754988 -0.6298141 0.0439970
vn 0.8680686 -0.4944264 0.0447163
vn 0.9389493 -0.3410585 0.0453130
vn 0.9836481 -0.1742042 0.0457089
vn 0.9939143 -0.0006498 0.1101542
vn 0.9788470 0.1726175 0.1098264
vn 0.9345693 0.3387093 0.1088867
vn 0.8642486 0.4914518 0.1074683
vn 0.7723208 0.6263673 0.1057567
vn 0.6636133 0.7408182 0.1039509
vn 0.5426393 0.8337210 0.1022340
vn 0.4132007 0.9050489 0.1007554
vn 0.2782810 0.9553190 0.0996259
vn 0.1401406 0.9851779 0.0989196
vn 0.0005209 0.9951192 0.0986785
vn -0.1391042 0.9853251 0.0989161
vn -0.2772616 0.9556161 0.0996190
vn -0.4122128 0.9055004 0.1007455
vn -0.5417023 0.8343316 0.1022219
vn -0.6627524 0.7415904 0.1039376
vn -0.7715672 0.6272976 0.1057433
vn -0.8636378 0.4925270 0.1074564
vn -0.9341368 0.3399030 0.1088777
vn -0.9786223 0.1738896 0.1098216
vn -0.9939143 0.0006498 0.1101542
vn -0.9788470 -0.1726175 0.1098264
vn -0.9345693 -0.3387093 0.1088867
vn -0.8642486 -0.4914518 0.1074683
vn -0.7723208 -0.6263673 0.1057567
vn -0.6636133 -0.7408182 0.1039509
vn -0.5426393 -0.8337210 0.1022340
vn -0.4132007 -0.9050489 0.1007554
vn -0.2782810 -0.9553190 0.0996259
vn -0.1401406 -0.9851779 0.0989196
vn -0.0005209 -0.9951192 0.0986785
vn 0.1391042 -0.9853251 0.0989161
vn 0.2772616 -0.9556161 0.0996190
vn 0.4122128 -0.9055004 0.1007455
vn 0.5417023 -0.8343316 0.1022219
vn 0.6627524 -0.7415904 0.1039376
vn 0.7715672 -0.6272976 0.1057433
vn 0.8636378 -0.4925270 0.1074564
vn 0.9341368 -0.3399030 0.1088777
vn 0.9786223 -0.1738896 0.1098216
vn 0.9855971 -0.0012023 0.1691065
vn 0.9708000 0.1706353 0.1686148
vn 0.9271106 0.3354262 0.1671984
vn 0.8576224 0.4870728 0.1650573
vn 0.7666810 0.6211310 0.1624702
vn 0.6590306 0.7349575 0.1597378
vn 0.5391236 0.8274381 0.1571370
vn 0.4107264 0.8985051 0.1548950
vn 0.2768100 0.9486369 0.1531806
vn 0.1396382 0.9784501 0.1521073
vn 0.0009653 0.9884201 0.1517392
vn -0.1377177 0.9787238 0.1520972
vn -0.2749215 0.9491890 0.1531611
vn -0.4088972 0.8993438 0.1548672
vn -0.5373896 0.8285717 0.1571030
vn -0.6574386 0.7363901 0.1597001
vn -0.7652885 0.6228556 0.1624325
vn -0.8564947 0.4890645 0.1650237
vn -0.9263126 0.3376360 0.1671730
vn -0.9703857 0.1729893 0.1686011
vn -0.9855971 0.0012023 0.1691065
vn -0.9708000 -0.1706353 0.1686148
vn -0.9271106 -0.3354262 0.1671984
vn -0.8576224 -0.4870728 0.1650573
vn -0.7666810 -0.6211310 0.1624702
vn -0.6590306 -0.7349575 0.1597378
vn -0.5391236 -0.8274381 0.1571370
vn -0.4107264 -0.8985051 0.1548950
vn -0.2768100 -0.9486369 0.1531806
vn -0.1396382 -0.9784501 0.1521073
vn -0.0009653 -0.9884201 0.1517392
vn 0.1377177 -0.9787238 0.1520972
vn 0.2749215 -0.9491890 0.1531611
vn 0.4088972 -0.8993438 0.1548672
vn 0.5373896 -0.8285717 0.1571030
vn 0.6574386 -0.7363901 0.1597001
vn 0.7652885 -0.6228556 0.1624325
vn 0.8564947 -0.4890645 0.1650237
vn 0.9263126 -0.3376360 0.1671730
vn 0.9703857 -0.1729893 0.1686011
vn 0.9746131 -0.0017464 0.2238891
vn 0.9601384 0.1681985 0.2232566
vn 0.9171908 0.3312577 0.2214256
vn 0.8487705 0.4814349 0.2186530
vn 0.7591064 0.6143323 0.2152980
vn 0.6528345 0.7273027 0.2117498
vn 0.5343262 0.8191937 0.2083680
vn 0.4073004 0.8898860 0.2054492
vn 0.2747099 0.9398076 0.2032146
vn 0.1388213 0.9695359 0.2018135
vn 0.0014051 0.9795223 0.2013308
vn -0.1360261 0.9699361 0.2017943
vn -0.2719622 0.9406145 0.2031773
vn -0.4046407 0.8911107 0.2053961
vn -0.5318070 0.8208479 0.2083029
vn -0.6505238 0.7293910 0.2116780
vn -0.7570874 0.6168438 0.2152262
vn -0.8471370 0.4843324 0.2185890
vn -0.9160360 0.3344700 0.2213773
vn -0.9595391 0.1716185 0.2232306
vn -0.9746131 0.0017464 0.2238891
vn -0.9601384 -0.1681985 0.2232566
vn -0.9171908 -0.3312577 0.2214256
vn -0.8487705 -0.4814349 0.2186530
vn -0.7591064 -0.6143323 0.2152980
vn -0.6528345 -0.7273027 0.2117498
vn -0.5343262 -0.8191937 0.2083680
vn -0.4073004 -0.8898860 0.2054492
vn -0.2747099 -0.9398076 0.2032146
vn -0.1388213 -0.9695359 0.2018135
vn -0.0014051 -0.9795223 0.2013308
vn 0.1360261 -0.9699361 0.2017943
vn 0.2719622 -0.9406145 0.2031773
vn 0.4046407 -0.8911107 0.2053961
vn 0.5318070 -0.8208479 0.2083029
vn 0.6505238 -0.7293910 0.2116780
vn 0.7570874 -0.6168438 0.2152262
vn 0.8471370 -0.4843324 0.2185890
vn 0.9160360 -0.3344700 0.2213773
vn 0.9595391 -0.1716185 0.2232306
vn 0.9612089 -0.0022924 0.2758119
vn 0.9471036 0.1653397 0.2750591
vn 0.9050347 0.3262747 0.2728683
vn 0.8378920 0.4746397 0.2695445
vn 0.7497660 0.6060959 0.2655159
vn 0.6451626 0.7179934 0.2612484
vn 0.5283549 0.8091367 0.2571749
vn 0.4030029 0.8793454 0.2536539
vn 0.2720354 0.9289879 0.2509548
vn 0.1377214 0.9585940 0.2492597
vn 0.0018493 0.9685857 0.2486730
vn -0.1340432 0.9591233 0.2492288
vn -0.2684215 0.9300547 0.2508948
vn -0.3995072 0.8809636 0.2535687
vn -0.5250472 0.8113200 0.2570705
vn -0.6421322 0.7207466 0.2611334
vn -0.7471215 0.6094028 0.2654010
vn -0.8357548 0.4784504 0.2694422
vn -0.9035253 0.3304951 0.2727912
vn -0.9463208 0.1698300 0.2750176
vn -0.9612089 0.0022924 0.2758119
vn -0.9471036 -0.1653397 0.2750591
vn -0.9050347 -0.3262747 0.2728683
vn -0.8378920 -0.4746397 0.2695445
vn -0.7497660 -0.6060959 0.2655159
vn -0.6451626 -0.7179934 0.2612484
vn -0.5283549 -0.8091367 0.2571749
vn -0.4030029 -0.8793454 0.2536539
vn -0.2720354 -0.9289879 0.2509548
vn -0.1377214 -0.9585940 0.2492597
vn -0.0018493 -0.9685857 0.2486730
vn 0.1340432 -0.9591233 0.2492288
vn 0.2684215 -0.9300547 0.2508948
vn 0.3995072 -0.8809636 0.2535687
vn 0.5250472 -0.8113200 0.2570705
vn 0.6421322 -0.7207466 0.2611334
vn 0.7471215 -0.6094028 0.2654010
vn 0.8357548 -0.4784504 0.2694422
vn 0.9035253 -0.3304951 0.2727912
vn 0.9463208 -0.1698300 0.2750176
vn 0.9452560 -0.0028522 0.3263173
vn 0.9315699 0.1620243 0.3254622
vn 0.8905211 0.3204206 0.3229593
vn 0.8248735 0.4666096 0.3191539
vn 0.7385574 0.5963237 0.3145330
vn 0.6359265 0.7069140 0.3096290
vn 0.5211380 0.7971368 0.3049397
vn 0.3977809 0.8667420 0.3008797
vn 0.2687542 0.9160288 0.2977625
vn 0.1363272 0.9454715 0.2958015
vn 0.0023080 0.9554577 0.2951192
vn -0.1317374 0.9461361 0.2957563
vn -0.2642471 0.9173675 0.2976749
vn -0.3934252 0.8687709 0.3007554
vn -0.5170213 0.7998709 0.3047876
vn -0.6321600 0.7103571 0.3094616
vn -0.7352753 0.6004533 0.3143661
vn -0.8222249 0.4713615 0.3190056
vn -0.8886527 0.3256774 0.3228476
vn -0.9306016 0.1676128 0.3254021
vn -0.9452560 0.0028522 0.3263173
vn -0.9315699 -0.1620243 0.3254622
vn -0.8905211 -0.3204206 0.3229593
vn -0.8248735 -0.4666096 0.3191539
vn -0.7385574 -0.5963237 0.3145330
vn -0.6359265 -0.7069140 0.3096290
vn -0.5211380 -0.7971368 0.3049397
vn -0.3977809 -0.8667420 0.3008797
vn -0.2687542 -0.9160288 0.2977625
vn -0.1363272 -0.9454715 0.2958015
vn -0.0023080 -0.9554577 0.2951192
vn 0.1317374 -0.9461361 0.2957563
vn 0.2642471 -0.9173675 0.2976749
vn 0.3934252 -0.8687709 0.3007554
vn 0.5170213 -0.7998709 0.3047876
vn 0.6321600 -0.7103571 0.3094616
vn 0.7352753 -0.6004533 0.3143661
vn 0.8222249 -0.4713615 0.3190056
vn 0.8886527 -0.3256774 0.3228476
vn 0.9306016 -0.1676128 0.3254021
vn 0.9262016 -0.0034399 0.3770129
vn 0.9129955 0.1581425 0.3760719
vn 0.8731370 0.3134945 0.3733001
vn 0.8092454 0.4570613 0.3690756
vn 0.7250663 0.5846626 0.3639348
vn 0.6247763 0.6936540 0.3584673
vn 0.5123953 0.7827394 0.3532282
vn 0.3914269 0.8515896 0.3486835
vn 0.2647319 0.9004234 0.3451880
vn 0.1345779 0.9296507 0.3429845
vn 0.0027937 0.9396180 0.3422137
vn -0.1290235 0.9304608 0.3429223
vn -0.2592811 0.9020543 0.3450672
vn -0.3861646 0.8540586 0.3485123
vn -0.5074288 0.7860621 0.3530190
vn -0.6202397 0.6978315 0.3582373
vn -0.7211200 0.5896643 0.3637059
vn -0.8060660 0.4628074 0.3688726
vn -0.8708972 0.3198422 0.3731474
vn -0.9118359 0.1648846 0.3759899
vn -0.9262016 0.0034399 0.3770129
vn -0.9129955 -0.1581425 0.3760719
vn -0.8731370 -0.3134945 0.3733001
vn -0.8092454 -0.4570613 0.3690756
vn -0.7250663 -0.5846626 0.3639348
vn -0.6247763 -0.6936540 0.3584673
vn -0.5123953 -0.7827394 0.3532282
vn -0.3914269 -0.8515896 0.3486835
vn -0.2647319 -0.9004234 0.3451880
vn -0.1345779 -0.9296507 0.3429845
vn -0.0027937 -0.9396180 0.3422137
vn 0.1290235 -0.9304608 0.3429223
vn 0.2592811 -0.9020543 0.3450672
vn 0.3861646 -0.8540586 0.3485123
vn 0.5074288 -0.7860621 0.3530190
vn 0.6202397 -0.6978315 0.3582373
vn 0.7211200 -0.5896643 0.3637059
vn 0.8060660 -0.4628074 0.3688726
vn 0.8708972 -0.3198422 0.3731474
vn 0.9118359 -0.1648846 0.3759899
vn 0.9029533 -0.0040719 0.4297195
vn 0.8903088 0.1534876 0.4287095
vn 0.8518667 0.3051101 0.4257122
vn 0.7900791 0.4454474 0.4211313
vn 0.7084751 0.5704275 0.4155425
vn 0.6110213 0.6774175 0.4095834
vn 0.5015729 0.7650636 0.4038592
vn 0.3835282 0.8329460 0.3988823
vn 0.2596990 0.8811895 0.3950461
vn 0.1323466 0.9101275 0.3926224
vn 0.0033215 0.9200576 0.3917690
vn -0.1257445 0.9110989 0.3925394
vn -0.2532252 0.8831436 0.3948854
vn -0.3772863 0.8359004 0.3986546
vn -0.4956916 0.7690331 0.4035815
vn -0.6056596 0.6823982 0.4092788
vn -0.7038206 0.5763786 0.4152399
vn -0.7863366 0.4522706 0.4208634
vn -0.8492346 0.3126353 0.4255111
vn -0.8889476 0.1614715 0.4286014
vn -0.9029533 0.0040719 0.4297195
vn -0.8903088 -0.1534876 0.4287095
vn -0.8518667 -0.3051101 0.4257122
vn -0.7900791 -0.4454474 0.4211313
vn -0.7084751 -0.5704275 0.4155425
vn -0.6110213 -0.6774175 0.4095834
vn -0.5015729 -0.7650636 0.4038592
vn -0.3835282 -0.8329460 0.3988823
vn -0.2596990 -0.8811895 0.3950461
vn -0.1323466 -0.9101275 0.3926224
vn -0.0033215 -0.9200576 0.3917690
vn 0.1257445 -0.9110989 0.3925394
vn 0.2532252 -0.8831436 0.3948854
vn 0.3772863 -0.8359004 0.3986546
vn 0.4956916 -0.7690331 0.4035815
vn 0.6056596 -0.6823982 0.4092788
vn 0.7038206 -0.5763786 0.4152399
vn 0.7863366 -0.4522706 0.4208634
vn 0.8492346 -0.3126353 0.4255111
vn 0.8889476 -0.1614715 0.4286014
vn 0.8736604 -0.0047679 0.4865128
vn 0.8616923 0.1477182 0.4854541
vn 0.8249854 0.2946201 0.4822842
vn 0.7657936 0.4308451 0.4774229
vn 0.6873872 0.5524596 0.4714736
vn 0.5934783 0.6568531 0.4651103
vn 0.4877185 0.7426093 0.4589793
vn 0.3733727 0.8092029 0.4536337
vn 0.2531867 0.8566470 0.4495024
vn 0.1294087 0.8851821 0.4468848
vn 0.0039104 0.8950462 0.4459563
vn -0.1216386 0.8863378 0.4467767
vn -0.2455752 0.8589694 0.4492932
vn -0.3660454 0.8127088 0.4533377
vn -0.4808288 0.7473100 0.4586190
vn -0.5872125 0.6627371 0.4647161
vn -0.6819618 0.5594719 0.4710831
vn -0.7614419 0.4388654 0.4770779
vn -0.8219311 0.3034476 0.4820258
vn -0.8601149 0.1570712 0.4853154
vn -0.8736604 0.0047679 0.4865128
vn -0.8616923 -0.1477182 0.4854541
vn -0.8249854 -0.2946201 0.4822842
vn -0.7657936 -0.4308451 0.4774229
vn -0.6873872 -0.5524596 0.4714736
vn -0.5934783 -0.6568531 0.4651103
vn -0.4877185 -0.7426093 0.4589793
vn -0.3733727 -0.8092029 0.4536337
vn -0.2531867 -0.8566470 0.4495024
vn -0.1294087 -0.8851821 0.4468848
vn -0.0039104 -0.8950462 0.4459563
vn 0.1216386 -0.8863378 0.4467767
vn 0.2455752 -0.8589694 0.4492932
vn 0.3660454 -0.8127088 0.4533377
vn 0.4808288 -0.7473100 0.4586190
vn 0.5872125 -0.6627371 0.4647161
vn 0.6819618 -0.5594719 0.4710831
vn 0.7614419 -0.4388654 0.4770779
vn 0.8219311 -0.3034476 0.4820258
vn 0.8601149 -0.1570712 0.4853154
vn 0.8353414 -0.0055502 0.5497035
vn 0.8242139 0.1402923 0.5486252
vn 0.7897018 0.2809870 0.5453599
vn 0.7338201 0.4117654 0.5403308
vn 0.6595225 0.5288779 0.5341518
vn 0.5702050 0.6297556 0.5275169
vn 0.4692605 0.7129165 0.5210995
vn 0.3597785 0.7777119 0.5154839
vn 0.2444123 0.8240202 0.5111295
vn 0.1253840 0.8519673 0.5083606
vn 0.0045835 0.8617165 0.5073693
vn -0.1162804 0.8533402 0.5082218
vn -0.2355057 0.8267755 0.5108613
vn -0.3512218 0.7818630 0.5151053
vn -0.4612363 0.7184673 0.5206398
vn -0.5629301 0.6366823 0.5270155
vn -0.6532439 0.5371060 0.5336568
vn -0.7287995 0.4211471 0.5398948
vn -0.7861870 0.2912865 0.5450341
vn -0.8224016 0.1511864 0.5484507
vn -0.8353414 0.0055502 0.5497035
vn -0.8242139 -0.1402923 0.5486252
vn -0.7897018 -0.2809870 0.5453599
vn -0.7338201 -0.4117654 0.5403308
vn -0.6595225 -0.5288779 0.5341518
vn -0.5702050 -0.6297556 0.5275169
vn -0.4692605 -0.7129165 0.5210995
vn -0.3597785 -0.7777119 0.5154839
vn -0.2444123 -0.8240202 0.5111295
vn -0.1253840 -0.8519673 0.5083606
vn -0.0045835 -0.8617165 0.5073693
vn 0.1162804 -0.8533402 0.5082218
vn 0.2355057 -0.8267755 0.5108613
vn 0.3512218 -0.7818630 0.5151053
vn 0.4612363 -0.7184673 0.5206398
vn 0.5629301 -0.6366823 0.5270155
vn 0.6532439 -0.5371060 0.5336568
vn 0.7287995 -0.4211471 0.5398948
vn 0.7861870 -0.2912865 0.5450341
vn 0.8224016 -0.1511864 0.5484507
vn 0.7833015 -0.0064409 0.6216086
vn 0.7732486 0.1303687 0.6205567
vn 0.7415957 0.2625815 0.6173223
vn 0.6900667 0.3858513 0.6123126
vn 0.6212235 0.4966816 0.6061261
vn 0.5380622 0.5925795 0.5994486
vn 0.4436392 0.6720013 0.5929574
vn 0.3408066 0.7341581 0.5872502
vn 0.2320822 0.7787658 0.5828051
vn 0.1196370 0.8058087 0.5799650
vn 0.0053673 0.8153555 0.5789357
vn -0.1089827 0.8074446 0.5797896
vn -0.2216759 0.7820437 0.5824667
vn -0.3308361 0.7390831 0.5867739
vn -0.4343218 0.6785640 0.5923812
vn -0.5296490 0.6007356 0.5988227
vn -0.6139934 0.5063290 0.6055106
vn -0.6843084 0.3968073 0.6117728
vn -0.7375778 0.2745694 0.6169202
vn -0.7711815 0.1430209 0.6203419
vn -0.7833015 0.0064409 0.6216086
vn -0.7732486 -0.1303687 0.6205567
vn -0.7415957 -0.2625815 0.6173223
vn -0.6900667 -0.3858513 0.6123126
vn -0.6212235 -0.4966816 0.6061261
vn -0.5380622 -0.5925795 0.5994486
vn -0.4436392 -0.6720013 0.5929574
vn -0.3408066 -0.7341581 0.5872502
vn -0.2320822 -0.7787658 0.5828051
vn -0.1196370 -0.8058087 0.5799650
vn -0.0053673 -0.8153555 0.5789357
vn 0.1089827 -0.8074446 0.5797896
vn 0.2216759 -0.7820437 0.5824667
vn 0.3308361 -0.7390831 0.5867739
vn 0.4343218 -0.6785640 0.5923812
vn 0.5296490 -0.6007356 0.5988227
vn 0.6139934 -0.5063290 0.6055106
vn 0.6843084 -0.3968073 0.6117728
vn 0.7375778 -0.2745694 0.6169202
vn 0.7711815 -0.1430209 0.6203419
vn 0.7103945 -0.0074529 0.7037642
vn 0.7017407 0.1166851 0.7028119
vn 0.6738855 0.2369260 0.6998174
vn 0.6282030 0.3494804 0.6951435
vn 0.5667744 0.4512077 0.6893318
vn 0.4920914 0.5397552 0.6830156
vn 0.4067694 0.6135427 0.6768338
vn 0.3133322 0.6716354 0.6713634
vn 0.2140916 0.7135637 0.6670769
vn 0.1111187 0.7391425 0.6643199
vn 0.0062850 0.7483239 0.6633038
vn -0.0986524 0.7411028 0.6641042
vn -0.2019430 0.7174827 0.6666615
vn -0.3017341 0.6775025 0.6707809
vn -0.3959818 0.6213241 0.6761322
vn -0.4824029 0.5493741 0.6822576
vn -0.5584949 0.4625216 0.6885907
vn -0.6216436 0.3622615 0.6944968
vn -0.6693283 0.2508507 0.6993379
vn -0.6994029 0.1313397 0.7025564
vn -0.7103945 0.0074529 0.7037642
vn -0.7017407 -0.1166851 0.7028119
vn -0.6738855 -0.2369260 0.6998174
vn -0.6282030 -0.3494804 0.6951435
vn -0.5667744 -0.4512077 0.6893318
vn -0.4920914 -0.5397552 0.6830156
vn -0.4067694 -0.6135427 0.6768338
vn -0.3133322 -0.6716354 0.6713634
vn -0.2140916 -0.7135637 0.6670769
vn -0.1111187 -0.7391425 0.6643199
vn -0.0062850 -0.7483239 0.6633038
vn 0.0986524 -0.7411028 0.6641042
vn 0.2019430 -0.7174827 0.6666615
vn 0.3017341 -0.6775025 0.6707809
vn 0.3959818 -0.6213241 0.6761322
vn 0.4824029 -0.5493741 0.6822576
vn 0.5584949 -0.4625216 0.6885907
vn 0.6216436 -0.3622615 0.6944968
vn 0.6693283 -0.2508507 0.6993379
vn 0.6994029 -0.1313397 0.7025564
vn 0.6067054 -0.0085654 0.7948806
vn 0.5998694 0.0975236 0.7941322
vn 0.5770543 0.2005846 0.7916907
vn 0.5392368 0.2975509 0.7878370
vn 0.4879362 0.3857838 0.7830001
vn 0.4250318 0.4631841 0.7776943
vn 0.3525761 0.5282098 0.7724535
vn 0.2726416 0.5798173 0.7677750
vn 0.1872233 0.6173597 0.7640776
vn 0.0981983 0.6404736 0.7616762
vn 0.0073349 0.6489824 0.7607681
vn -0.0836642 0.6428302 0.7614260
vn -0.1731019 0.6220570 0.7635973
vn -0.2592238 0.5868165 0.7671045
vn -0.3401719 0.5374361 0.7716511
vn -0.4139691 0.4745097 0.7768334
vn -0.4785502 0.3990095 0.7821644
vn -0.5318504 0.3123919 0.7871127
vn -0.5719506 0.2166654 0.7911565
vn -0.5972605 0.1143868 0.7938486
vn -0.6067054 0.0085654 0.7948806
vn -0.5998694 -0.0975236 0.7941322
vn -0.5770543 -0.2005846 0.7916907
vn -0.5392368 -0.2975509 0.7878370
vn -0.4879362 -0.3857838 0.7830001
vn -0.4250318 -0.4631841 0.7776943
vn -0.3525761 -0.5282098 0.7724535
vn -0.2726416 -0.5798173 0.7677750
vn -0.1872233 -0.6173597 0.7640776
vn -0.0981983 -0.6404736 0.7616762
vn -0.0073349 -0.6489824 0.7607681
vn 0.0836642 -0.6428302 0.7614260
vn 0.1731019 -0.6220570 0.7635973
vn 0.2592238 -0.5868165 0.7671045
vn 0.3401719 -0.5374361 0.7716511
vn 0.4139691 -0.4745097 0.7768334
vn 0.4785502 -0.3990095 0.7821644
vn 0.5318504 -0.3123919 0.7871127
vn 0.5719506 -0.2166654 0.7911565
vn 0.5972605 -0.1143868 0.7938486
vn 0.4620677 -0.0096778 0.8867918
vn 0.4575063 0.0711933 0.8863518
vn 0.4411387 0.1500445 0.8848069
vn 0.4135425 0.2246930 0.8823240
vn 0.3756520 0.2931767 0.8791661
vn 0.3286753 0.3538284 0.8756586
vn 0.2740025 0.4053075 0.8721516
vn 0.2131220 0.4465953 0.8689831
vn 0.1475575 0.4769635 0.8664483
vn 0.0788290 0.4959312 0.8647764
vn 0.0084376 0.5032229 0.8641154
vn -0.0621305 0.4987379 0.8645232
vn -0.1313913 0.4825376 0.8659640
vn -0.1978481 0.4548540 0.8683110
vn -0.2599848 0.4161152 0.8713530
vn -0.3162760 0.3669865 0.8748088
vn -0.3652200 0.3084138 0.8783480
vn -0.4053963 0.2416592 0.8816205
vn -0.4355451 0.1683134 0.8842913
vn -0.4546586 0.0902733 0.8860791
vn -0.4620677 0.0096778 0.8867918
vn -0.4575063 -0.0711933 0.8863518
vn -0.4411387 -0.1500445 0.8848069
vn -0.4135425 -0.2246930 0.8823240
vn -0.3756520 -0.2931767 0.8791661
vn -0.3286753 -0.3538284 0.8756586
vn -0.2740025 -0.4053075 0.8721516
vn -0.2131220 -0.4465953 0.8689831
vn -0.1475575 -0.4769635 0.8664483
vn -0.0788290 -0.4959312 0.8647764
vn -0.0084376 -0.5032229 0.8641154
vn 0.0621305 -0.4987379 0.8645232
vn 0.1313913 -0.4825376 0.8659640
vn 0.1978481 -0.4548540 0.8683110
vn 0.2599848 -0.4161152 0.8713530
vn 0.3162760 -0.3669865 0.8748088
vn 0.3652200 -0.3084138 0.8783480
vn 0.4053963 -0.2416592 0.8816205
vn 0.4355451 -0.1683134 0.8842913
vn 0.4546586 -0.0902733 0.8860791
vn 0.2804448 -0.0105559 0.9598121
vn 0.2784312 0.0386013 0.9596802
vn 0.2694379 0.0867543 0.9591021
vn 0.2537223 0.1326607 0.9581368
vn 0.2317264 0.1751581 0.9568817
vn 0.2040538 0.2131996 0.9554622
vn 0.1714411 0.2458791 0.9540186
vn 0.1347276 0.2724470 0.9526915
vn 0.0948272 0.2923157 0.9516088
vn 0.0527042 0.3050603 0.9508735
vn 0.0093536 0.3104152 0.9505550
vn -0.0342143 0.3082705 0.9506833
vn -0.0769865 0.2986699 0.9512462
vn -0.1179598 0.2818122 0.9521908
vn -0.1561547 0.2580534 0.9534276
vn -0.1906329 0.2279112 0.9548380
vn -0.2205198 0.1920659 0.9562854
vn -0.2450313 0.1513580 0.9576275
vn -0.2635031 0.1067765 0.9587309
vn -0.2754205 0.0594382 0.9594846
vn -0.2804448 0.0105559 0.9598121
vn -0.2784312 -0.0386013 0.9596802
vn -0.2694379 -0.0867543 0.9591021
vn -0.2537223 -0.1326607 0.9581368
vn -0.2317264 -0.1751581 0.9568817
vn -0.2040538 -0.2131996 0.9554622
vn -0.1714411 -0.2458791 0.9540186
vn -0.1347276 -0.2724470 0.9526915
vn -0.0948272 -0.2923157 0.9516088
vn -0.0527042 -0.3050603 0.9508735
vn -0.0093536 -0.3104152 0.9505550
vn 0.0342143 -0.3082705 0.9506833
vn 0.0769865 -0.2986699 0.9512462
vn 0.1179598 -0.2818122 0.9521908
vn 0.1561547 -0.2580534 0.9534276
vn 0.1906329 -0.2279112 0.9548380
vn 0.2205198 -0.1920659 0.9562854
vn 0.2450313 -0.1513580 0.9576275
vn 0.2635031 -0.1067765 0.9587309
vn 0.2754205 -0.0594382 0.9594846
vn 0.0000000 0.0000000 1.0000000
vn 0.0000000 0.0000000 -1.0000000
vn 0.1934709 0.0072496 -0.9810792
vn 0.1900434 0.0409799 -0.9809200
vn 0.1818998 0.0736747 -0.9805532
vn 0.1692553 0.1045134 -0.9800151
vn 0.1524409 0.1327301 -0.9793592
vn 0.1318906 0.1576343 -0.9786502
vn 0.1081265 0.1786266 -0.9779577
vn 0.0817424 0.1952105 -0.9773490
vn 0.0533874 0.2070002 -0.9768832
vn 0.0237501 0.2137250 -0.9766051
vn -0.0064565 0.2152321 -0.9765416
vn -0.0365084 0.2114874 -0.9766986
vn -0.0656847 0.2025757 -0.9770612
vn -0.0932810 0.1887004 -0.9775944
vn -0.1186236 0.1701816 -0.9782467
vn -0.1410851 0.1474530 -0.9789548
vn -0.1601003 0.1210564 -0.9796496
vn -0.1751827 0.0916316 -0.9802626
vn -0.1859406 0.0599035 -0.9807332
vn -0.1920911 0.0266640 -0.9810148
vn -0.1934709 -0.0072496 -0.9810792
vn -0.1900434 -0.0409799 -0.9809200
vn -0.1818998 -0.0736747 -0.9805532
vn -0.1692553 -0.1045134 -0.9800151
vn -0.1524409 -0.1327301 -0.9793592
vn -0.1318906 -0.1576343 -0.9786502
vn -0.1081265 -0.1786266 -0.9779577
vn -0.0817424 -0.1952105 -0.9773490
vn -0.0533874 -0.2070002 -0.9768832
vn -0.0237501 -0.2137250 -0.9766051
vn 0.0064565 -0.2152321 -0.9765416
vn 0.0365084 -0.2114874 -0.9766986
vn 0.0656847 -0.2025757 -0.9770612
vn 0.0932810 -0.1887004 -0.9775944
vn 0.1186236 -0.1701816 -0.9782467
vn 0.1410851 -0.1474530 -0.9789548
vn 0.1601003 -0.1210564 -0.9796496
vn 0.1751827 -0.0916316 -0.9802626
vn 0.1859406 -0.0599035 -0.9807332
vn 0.1920911 -0.0266640 -0.9810148
vn 0.3386946 0.0069891 -0.9408704
vn 0.3334027 0.0660914 -0.9404651
vn 0.3197000 0.1234353 -0.9394443
vn 0.2980006 0.1775217 -0.9379135
vn 0.2689428 0.2269810 -0.9360285
vn 0.2333495 0.2706141 -0.9339786
vn 0.1921843 0.3074169 -0.9319657
vn 0.1465092 0.3365887 -0.9301844
vn 0.0974490 0.3575288 -0.9288040
vn 0.0461645 0.3698259 -0.9279535
vn -0.0061660 0.3732468 -0.9277116
vn -0.0583570 0.3677276 -0.9281007
vn -0.1092242 0.3533715 -0.9290848
vn -0.1575920 0.3304527 -0.9305728
vn -0.2023064 0.2994259 -0.9324249
vn -0.2422544 0.2609381 -0.9344646
vn -0.2763936 0.2158378 -0.9364938
vn -0.3037896 0.1651762 -0.9383116
vn -0.3236590 0.1101954 -0.9397350
vn -0.3354130 0.0522998 -0.9406183
vn -0.3386946 -0.0069891 -0.9408704
vn -0.3334027 -0.0660914 -0.9404651
vn -0.3197000 -0.1234353 -0.9394443
vn -0.2980006 -0.1775217 -0.9379135
vn -0.2689428 -0.2269810 -0.9360285
vn -0.2333495 -0.2706141 -0.9339786
vn -0.1921843 -0.3074169 -0.9319657
vn -0.1465092 -0.3365887 -0.9301844
vn -0.0974490 -0.3575288 -0.9288040
vn -0.0461645 -0.3698259 -0.9279535
vn 0.0061660 -0.3732468 -0.9277116
vn 0.0583570 -0.3677276 -0.9281007
vn 0.1092242 -0.3533715 -0.9290848
vn 0.1575920 -0.3304527 -0.9305728
vn 0.2023064 -0.2994259 -0.9324249
vn 0.2422544 -0.2609381 -0.9344646
vn 0.2763936 -0.2158378 -0.9364938
vn 0.3037896 -0.1651762 -0.9383116
vn 0.3236590 -0.1101954 -0.9397350
vn 0.3354130 -0.0522998 -0.9406183
vn 0.4808303 0.0065711 -0.8767891
vn 0.4736056 0.0904843 -0.8760767
vn 0.4541391 0.1718076 -0.8742081
vn 0.4231300 0.2482892 -0.8713859
vn 0.3816394 0.3179382 -0.8679093
vn 0.3309943 0.3790937 -0.8641358
vn 0.2726870 0.4304479 -0.8604396
vn 0.2082874 0.4710300 -0.8571739
vn 0.1393807 0.5001643 -0.8546395
vn 0.0675331 0.5174194 -0.8530630
vn -0.0057171 0.5225618 -0.8525822
vn -0.0788492 0.5155253 -0.8532388
vn -0.1503407 0.4964010 -0.8549759
vn -0.2186494 0.4654506 -0.8576411
vn -0.2822048 0.4231402 -0.8609952
vn -0.3394214 0.3701882 -0.8647276
vn -0.3887363 0.3076155 -0.8684796
vn -0.4286769 0.2367848 -0.8718768
vn -0.4579507 0.1594109 -0.8745681
vn -0.4755469 0.0775312 -0.8762671
vn -0.4808303 -0.0065711 -0.8767891
vn -0.4736056 -0.0904843 -0.8760767
vn -0.4541391 -0.1718076 -0.8742081
vn -0.4231300 -0.2482892 -0.8713859
vn -0.3816394 -0.3179382 -0.8679093
vn -0.3309943 -0.3790937 -0.8641358
vn -0.2726870 -0.4304479 -0.8604396
vn -0.2082874 -0.4710300 -0.8571739
vn -0.1393807 -0.5001643 -0.8546395
vn -0.0675331 -0.5174194 -0.8530630
vn 0.0057171 -0.5225618 -0.8525822
vn 0.0788492 -0.5155253 -0.8532388
vn 0.1503407 -0.4964010 -0.8549759
vn 0.2186494 -0.4654506 -0.8576411
vn 0.2822048 -0.4231402 -0.8609952
vn 0.3394214 -0.3701882 -0.8647276
vn 0.3887363 -0.3076155 -0.8684796
vn 0.4286769 -0.2367848 -0.8718768
vn 0.4579507 -0.1594109 -0.8745681
vn 0.4755469 -0.0775312 -0.8762671
vn 0.6083567 0.0060241 -0.7936409
vn 0.5992724 0.1121735 -0.7926473
vn 0.5742564 0.2148436 -0.7899822
vn 0.5343745 0.3110056 -0.7859513
vn 0.4812147 0.3980827 -0.7810011
vn 0.4166990 0.4740488 -0.7756544
vn 0.3428988 0.5374336 -0.7704450
vn 0.2618870 0.5872555 -0.7658631
vn 0.1756485 0.6229145 -0.7623156
vn 0.0860476 0.6440805 -0.7601027
vn -0.0051575 0.6505976 -0.7594052
vn -0.0962673 0.6424241 -0.7602788
vn -0.1855785 0.6196129 -0.7626535
vn -0.2713229 0.5823356 -0.7663349
vn -0.3516226 0.5309477 -0.7710098
vn -0.4244802 0.4660863 -0.7762603
vn -0.4878172 0.3887833 -0.7815893
vn -0.5395709 0.3005694 -0.7864612
vn -0.5778472 0.2035347 -0.7903583
vn -0.6011080 0.1003138 -0.7928470
vn -0.6083567 -0.0060241 -0.7936409
vn -0.5992724 -0.1121735 -0.7926473
vn -0.5742564 -0.2148436 -0.7899822
vn -0.5343745 -0.3110056 -0.7859513
vn -0.4812147 -0.3980827 -0.7810011
vn -0.4166990 -0.4740488 -0.7756544
vn -0.3428988 -0.5374336 -0.7704450
vn -0.2618870 -0.5872555 -0.7658631
vn -0.1756485 -0.6229145 -0.7623156
vn -0.0860476 -0.6440805 -0.7601027
vn 0.0051575 -0.6505976 -0.7594052
vn 0.0962673 -0.6424241 -0.7602788
vn 0.1855785 -0.6196129 -0.7626535
vn 0.2713229 -0.5823356 -0.7663349
vn 0.3516226 -0.5309477 -0.7710098
vn 0.4244802 -0.4660863 -0.7762603
vn 0.4878172 -0.3887833 -0.7815893
vn 0.5395709 -0.3005694 -0.7864612
vn 0.5778472 -0.2035347 -0.7903583
vn 0.6011080 -0.1003138 -0.7928470
vn 0.7170257 0.0053812 -0.6970260
vn 0.7062451 0.1304571 -0.6958440
vn 0.6761519 0.2511640 -0.6926292
vn 0.6282348 0.3637199 -0.6877709
vn 0.5646716 0.4650301 -0.6818306
vn 0.4880217 0.5528106 -0.6754519
vn 0.4009373 0.6255561 -0.6692749
vn 0.3059529 0.6823989 -0.6638709
vn 0.2053745 0.7229211 -0.6597017
vn 0.1012595 0.7469710 -0.6571004
vn -0.0045332 0.7545174 -0.6562644
vn -0.1102517 0.7455599 -0.6572556
vn -0.2141393 0.7200996 -0.6600007
vn -0.3143233 0.6781735 -0.6642903
vn -0.4087259 0.6199497 -0.6697802
vn -0.4950200 0.5458771 -0.6759981
vn -0.5706551 0.4568707 -0.6823649
vn -0.6329775 0.3544981 -0.6882373
vn -0.6794481 0.2411133 -0.6929752
vn -0.7079365 0.1198769 -0.6960284
vn -0.7170257 -0.0053812 -0.6970260
vn -0.7062451 -0.1304571 -0.6958440
vn -0.6761519 -0.2511640 -0.6926292
vn -0.6282348 -0.3637199 -0.6877709
vn -0.5646716 -0.4650301 -0.6818306
vn -0.4880217 -0.5528106 -0.6754519
vn -0.4009373 -0.6255561 -0.6692749
vn -0.3059529 -0.6823989 -0.6638709
vn -0.2053745 -0.7229211 -0.6597017
vn -0.1012595 -0.7469710 -0.6571004
vn 0.0045332 -0.7545174 -0.6562644
vn 0.1102517 -0.7455599 -0.6572556
vn 0.2141393 -0.7200996 -0.6600007
vn 0.3143233 -0.6781735 -0.6642903
vn 0.4087259 -0.6199497 -0.6697802
vn 0.4950200 -0.5458771 -0.6759981
vn 0.5706551 -0.4568707 -0.6823649
vn 0.6329775 -0.3544981 -0.6882373
vn 0.6794481 -0.2411133 -0.6929752
vn 0.7079365 -0.1198769 -0.6960284
vn 0.8053815 0.0046772 -0.5927384
vn 0.7931418 0.1451258 -0.5914935
vn 0.7586534 0.2803808 -0.5880745
vn 0.7038401 0.4059779 -0.5829160
vn 0.6314741 0.5183927 -0.5766363
vn 0.5447326 0.6151788 -0.5699311
vn 0.4468019 0.6948839 -0.5634753
vn 0.3406089 0.7568236 -0.5578562
vn 0.2286999 0.8008081 -0.5535366
vn 0.1132431 0.8268907 -0.5508428
vn -0.0038828 0.8351780 -0.5499660
vn -0.1209526 0.8257158 -0.5509663
vn -0.2362351 0.7984524 -0.5537750
vn -0.3478368 0.7532802 -0.5581922
vn -0.4535662 0.6901552 -0.5638824
vn -0.5508509 0.6092920 -0.5703740
vn -0.6367415 0.5114171 -0.5770727
vn -0.7080422 0.3980428 -0.5832993
vn -0.7615895 0.2716863 -0.5883604
vn -0.7946537 0.1359412 -0.5916464
vn -0.8053815 -0.0046772 -0.5927384
vn -0.7931418 -0.1451258 -0.5914935
vn -0.7586534 -0.2803808 -0.5880745
vn -0.7038401 -0.4059779 -0.5829160
vn -0.6314741 -0.5183927 -0.5766363
vn -0.5447326 -0.6151788 -0.5699311
vn -0.4468019 -0.6948839 -0.5634753
vn -0.3406089 -0.7568236 -0.5578562
vn -0.2286999 -0.8008081 -0.5535366
vn -0.1132431 -0.8268907 -0.5508428
vn 0.0038828 -0.8351780 -0.5499660
vn 0.1209526 -0.8257158 -0.5509663
vn 0.2362351 -0.7984524 -0.5537750
vn 0.3478368 -0.7532802 -0.5581922
vn 0.4535662 -0.6901552 -0.5638824
vn 0.5508509 -0.6092920 -0.5703740
vn 0.6367415 -0.5114171 -0.5770727
vn 0.7080422 -0.3980428 -0.5832993
vn 0.7615895 -0.2716863 -0.5883604
vn 0.7946537 -0.1359412 -0.5916464
vn 0.8739150 0.0039441 -0.4860627
vn 0.8605007 0.1563076 -0.4848777
vn 0.8224303 0.3027709 -0.4815995
vn 0.7620315 0.4382948 -0.4766610
vn 0.6826171 0.5590183 -0.4706723
vn 0.5879102 0.6624043 -0.4643082
vn 0.4815489 0.7470967 -0.4582108
vn 0.3667715 0.8126109 -0.4529263
vn 0.2462944 0.8589816 -0.4488761
vn 0.1223406 0.8864551 -0.4463521
vn -0.0032346 0.8952648 -0.4455228
vn -0.1287679 0.8854992 -0.4464414
vn -0.2525906 0.8570606 -0.4490491
vn -0.3728327 0.8097110 -0.4531709
vn -0.4872482 0.7432086 -0.4585086
vn -0.5930935 0.6575373 -0.4646341
vn -0.6871052 0.5532178 -0.4709951
vn -0.7656316 0.4316603 -0.4769462
vn -0.8249571 0.2954687 -0.4818132
vn -0.8618058 0.1485706 -0.4849923
vn -0.8739150 -0.0039441 -0.4860627
vn -0.8605007 -0.1563076 -0.4848777
vn -0.8224303 -0.3027709 -0.4815995
vn -0.7620315 -0.4382948 -0.4766610
vn -0.6826171 -0.5590183 -0.4706723
vn -0.5879102 -0.6624043 -0.4643082
vn -0.4815489 -0.7470967 -0.4582108
vn -0.3667715 -0.8126109 -0.4529263
vn -0.2462944 -0.8589816 -0.4488761
vn -0.1223406 -0.8864551 -0.4463521
vn 0.0032346 -0.8952648 -0.4455228
vn 0.1287679 -0.8854992 -0.4464414
vn 0.2525906 -0.8570606 -0.4490491
vn 0.3728327 -0.8097110 -0.4531709
vn 0.4872482 -0.7432086 -0.4585086
vn 0.5930935 -0.6575373 -0.4646341
vn 0.6871052 -0.5532178 -0.4709951
vn 0.7656316 -0.4316603 -0.4769462
vn 0.8249571 -0.2954687 -0.4818132
vn 0.8618058 -0.1485706 -0.4849923
vn 0.9244589 0.0032084 -0.3812683
vn 0.9101674 0.1643556 -0.3802402
vn 0.8693650 0.3190451 -0.3773786
vn 0.8047178 0.4617858 -0.3730727
vn 0.7199859 0.5884680 -0.3678665
vn 0.6193339 0.6965090 -0.3623544
vn 0.5067536 0.7846562 -0.3570931
vn 0.3857155 0.8526039 -0.3525480
vn 0.2590505 0.9005783 -0.3490724
vn 0.1290042 0.9289850 -0.3469074
vn -0.0026066 0.9381605 -0.3461908
vn -0.1341865 0.9282287 -0.3469661
vn -0.2641358 0.8990558 -0.3491862
vn -0.3906244 0.8502992 -0.3527093
vn -0.5113861 0.7815548 -0.3572902
vn -0.6235648 0.6926105 -0.3625710
vn -0.7236657 0.5838010 -0.3680821
vn -0.8076820 0.4564251 -0.3732639
vn -0.8714530 0.3131239 -0.3775224
vn -0.9112483 0.1580670 -0.3803175
vn -0.9244589 -0.0032084 -0.3812683
vn -0.9101674 -0.1643556 -0.3802402
vn -0.8693650 -0.3190451 -0.3773786
vn -0.8047178 -0.4617858 -0.3730727
vn -0.7199859 -0.5884680 -0.3678665
vn -0.6193339 -0.6965090 -0.3623544
vn -0.5067536 -0.7846562 -0.3570931
vn -0.3857155 -0.8526039 -0.3525480
vn -0.2590505 -0.9005783 -0.3490724
vn -0.1290042 -0.9289850 -0.3469074
vn 0.0026066 -0.9381605 -0.3461908
vn 0.1341865 -0.9282287 -0.3469661
vn 0.2641358 -0.8990558 -0.3491862
vn 0.3906244 -0.8502992 -0.3527093
vn 0.5113861 -0.7815548 -0.3572902
vn 0.6235648 -0.6926105 -0.3625710
vn 0.7236657 -0.5838010 -0.3680821
vn 0.8076820 -0.4564251 -0.3732639
vn 0.8714530 -0.3131239 -0.3775224
vn 0.9112483 -0.1580670 -0.3803175
vn 0.9595900 0.0024890 -0.2813909
vn 0.9447019 0.1697419 -0.2805814
vn 0.9019707 0.3301351 -0.2783159
vn 0.8343180 0.4778478 -0.2749090
vn 0.7458406 0.6085969 -0.2707981
vn 0.6410301 0.7197786 -0.2664568
vn 0.5241342 0.8102281 -0.2623238
vn 0.3987855 0.8797799 -0.2587614
vn 0.2678892 0.9288047 -0.2560415
vn 0.1336979 0.9578269 -0.2543473
vn -0.0020085 0.9672591 -0.2537830
vn -0.1376928 0.9572517 -0.2543815
vn -0.2718141 0.9276453 -0.2561079
vn -0.4025815 0.8780215 -0.2588557
vn -0.5277257 0.8078559 -0.2624393
vn -0.6443201 0.7167877 -0.2665841
vn -0.7487112 0.6050050 -0.2709252
vn -0.8366375 0.4737094 -0.2750221
vn -0.9036086 0.3255522 -0.2784012
vn -0.9455514 0.1648663 -0.2806273
vn -0.9595900 -0.0024890 -0.2813909
vn -0.9447019 -0.1697419 -0.2805814
vn -0.9019707 -0.3301351 -0.2783159
vn -0.8343180 -0.4778478 -0.2749090
vn -0.7458406 -0.6085969 -0.2707981
vn -0.6410301 -0.7197786 -0.2664568
vn -0.5241342 -0.8102281 -0.2623238
vn -0.3987855 -0.8797799 -0.2587614
vn -0.2678892 -0.9288047 -0.2560415
vn -0.1336979 -0.9578269 -0.2543473
vn 0.0020085 -0.9672591 -0.2537830
vn 0.1376928 -0.9572517 -0.2543815
vn 0.2718141 -0.9276453 -0.2561079
vn 0.4025815 -0.8780215 -0.2588557
vn 0.5277257 -0.8078559 -0.2624393
vn 0.6443201 -0.7167877 -0.2665841
vn 0.7487112 -0.6050050 -0.2709252
vn 0.8366375 -0.4737094 -0.2750221
vn 0.9036086 -0.3255522 -0.2784012
vn 0.9455514 -0.1648663 -0.2806273
vn 0.9821161 0.0017975 -0.1882679
vn 0.9668756 0.1729687 -0.1877054
vn 0.9229164 0.3370214 -0.1861233
vn 0.8533325 0.4879158 -0.1837441
vn 0.7624470 0.6212553 -0.1808766
vn 0.6549700 0.7344267 -0.1778532
vn 0.5353183 0.8263272 -0.1749793
vn 0.4072290 0.8968870 -0.1725057
vn 0.2736534 0.9465744 -0.1706185
vn 0.1368448 0.9759932 -0.1694428
vn -0.0014441 0.9856066 -0.1690489
vn -0.1397178 0.9755831 -0.1694594
vn -0.2764782 0.9457474 -0.1706510
vn -0.4099646 0.8956310 -0.1725518
vn -0.5379107 0.8246299 -0.1750359
vn -0.6573495 0.7322825 -0.1779157
vn -0.7645275 0.6186749 -0.1809392
vn -0.8550170 0.4849367 -0.1837998
vn -0.9241080 0.3337168 -0.1861653
vn -0.9674943 0.1694492 -0.1877281
vn -0.9821161 -0.0017975 -0.1882679
vn -0.9668756 -0.1729687 -0.1877054
vn -0.9229164 -0.3370214 -0.1861233
vn -0.8533325 -0.4879158 -0.1837441
vn -0.7624470 -0.6212553 -0.1808766
vn -0.6549700 -0.7344267 -0.1778532
vn -0.5353183 -0.8263272 -0.1749793
vn -0.4072290 -0.8968870 -0.1725057
vn -0.2736534 -0.9465744 -0.1706185
vn -0.1368448 -0.9759932 -0.1694428
vn 0.0014441 -0.9856066 -0.1690489
vn 0.1397178 -0.9755831 -0.1694594
vn 0.2764782 -0.9457474 -0.1706510
vn 0.4099646 -0.8956310 -0.1725518
vn 0.5379107 -0.8246299 -0.1750359
vn 0.6573495 -0.7322825 -0.1779157
vn 0.7645275 -0.6186749 -0.1809392
vn 0.8550170 -0.4849367 -0.1837998
vn 0.9241080 -0.3337168 -0.1861653
vn 0.9674943 -0.1694492 -0.1877281
vn 0.9947087 0.0011391 -0.1027292
vn 0.9793153 0.1745061 -0.1024167
vn 0.9347036 0.3406172 -0.1015337
vn 0.8640650 0.4933058 -0.1002052
vn 0.7718521 0.6281094 -0.0986047
vn 0.6629002 0.7424083 -0.0969184
vn 0.5417228 0.8351354 -0.0953168
vn 0.4121170 0.9062754 -0.0939390
vn 0.2770595 0.9563524 -0.0928881
vn 0.1388041 0.9860155 -0.0922330
vn -0.0009129 0.9957574 -0.0920125
vn -0.1406206 0.9857575 -0.0922388
vn -0.2788463 0.9558318 -0.0928994
vn -0.4138485 0.9054843 -0.0939550
vn -0.5433653 0.8340654 -0.0953365
vn -0.6644095 0.7410551 -0.0969402
vn -0.7731733 0.6264789 -0.0986266
vn -0.8651359 0.4914213 -0.1002247
vn -0.9354618 0.3385248 -0.1015484
vn -0.9797092 0.1722762 -0.1024247
vn -0.9947087 -0.0011391 -0.1027292
vn -0.9793153 -0.1745061 -0.1024167
vn -0.9347036 -0.3406172 -0.1015337
vn -0.8640650 -0.4933058 -0.1002052
vn -0.7718521 -0.6281094 -0.0986047
vn -0.6629002 -0.7424083 -0.0969184
vn -0.5417228 -0.8351354 -0.0953168
vn -0.4121170 -0.9062754 -0.0939390
vn -0.2770595 -0.9563524 -0.0928881
vn -0.1388041 -0.9860155 -0.0922330
vn 0.0009129 -0.9957574 -0.0920125
vn 0.1406206 -0.9857575 -0.0922388
vn 0.2788463 -0.9558318 -0.0928994
vn 0.4138485 -0.9054843 -0.0939550
vn 0.5433653 -0.8340654 -0.0953365
vn 0.6644095 -0.7410551 -0.0969402
vn 0.7731733 -0.6264789 -0.0986266
vn 0.8651359 -0.4914213 -0.1002247
vn 0.9354618 -0.3385248 -0.1015484
vn 0.9797092 -0.1722762 -0.1024247
vn 0.9996912 0.0005143 -0.0248440
vn 0.9842999 0.1747578 -0.0247682
vn 0.9394866 0.3417048 -0.0245530
vn 0.8684782 0.4951349 -0.0242290
vn 0.7757778 0.6305557 -0.0238386
vn 0.6662710 0.7453416 -0.0234272
vn 0.5445108 0.8384374 -0.0230366
vn 0.4143199 0.9098482 -0.0227006
vn 0.2786866 0.9601198 -0.0224442
vn 0.1398660 0.9899197 -0.0222843
vn -0.0004118 0.9997528 -0.0222302
vn -0.1406853 0.9898035 -0.0222849
vn -0.2794927 0.9598854 -0.0224455
vn -0.4151013 0.9094919 -0.0227023
vn -0.5452524 0.8379553 -0.0230387
vn -0.6669526 0.7447317 -0.0234296
vn -0.7763748 0.6298204 -0.0238410
vn -0.8689623 0.4942847 -0.0242311
vn -0.9398295 0.3407604 -0.0245546
vn -0.9844781 0.1737511 -0.0247691
vn -0.9996912 -0.0005143 -0.0248440
vn -0.9842999 -0.1747578 -0.0247682
vn -0.9394866 -0.3417048 -0.0245530
vn -0.8684782 -0.4951349 -0.0242290
vn -0.7757778 -0.6305557 -0.0238386
vn -0.6662710 -0.7453416 -0.0234272
vn -0.5445108 -0.8384374 -0.0230366
vn -0.4143199 -0.9098482 -0.0227006
vn -0.2786866 -0.9601198 -0.0224442
vn -0.1398660 -0.9899197 -0.0222843
vn 0.0004118 -0.9997528 -0.0222302
vn 0.1406853 -0.9898035 -0.0222849
vn 0.2794927 -0.9598854 -0.0224455
vn 0.4151013 -0.9094919 -0.0227023
vn 0.5452524 -0.8379553 -0.0230387
vn 0.6669526 -0.7447317 -0.0234296
vn 0.7763748 -0.6298204 -0.0238410
vn 0.8689623 -0.4942847 -0.0242311
vn 0.9398295 -0.3407604 -0.0245546
vn 0.9844781 -0.1737511 -0.0247691
vn 0.9989484 -0.0000801 0.0458479
vn 0.9836759 0.1740474 0.0457092
vn 0.9390027 0.3409114 0.0453134
vn 0.8681440 0.4942939 0.0447169
vn 0.7755918 0.6296996 0.0439976
vn 0.6662243 0.7444968 0.0432395
vn 0.5445912 0.8376232 0.0425192
vn 0.4145141 0.9090778 0.0418994
vn 0.2789832 0.9594020 0.0414263
vn 0.1402556 0.9892606 0.0411308
vn 0.0000641 0.9991579 0.0410304
vn -0.1401280 0.9892787 0.0411306
vn -0.2788576 0.9594386 0.0414259
vn -0.4143924 0.9091334 0.0418989
vn -0.5444756 0.8376983 0.0425186
vn -0.6661182 0.7445918 0.0432388
vn -0.7754988 0.6298141 0.0439970
vn -0.8680686 0.4944264 0.0447163
vn -0.9389493 0.3410585 0.0453130
vn -0.9836481 0.1742042 0.0457089
vn -0.9989484 0.0000801 0.0458479
vn -0.9836759 -0.1740474 0.0457092
vn -0.9390027 -0.3409114 0.0453134
vn -0.8681440 -0.4942939 0.0447169
vn -0.7755918 -0.6296996 0.0439976
vn -0.6662243 -0.7444968 0.0432395
vn -0.5445912 -0.8376232 0.0425192
vn -0.4145141 -0.9090778 0.0418994
vn -0.2789832 -0.9594020 0.0414263
vn -0.1402556 -0.9892606 0.0411308
vn -0.0000641 -0.9991579 0.0410304
vn 0.1401280 -0.9892787 0.0411306
vn 0.2788576 -0.9594386 0.0414259
vn 0.4143924 -0.9091334 0.0418989
vn 0.5444756 -0.8376983 0.0425186
vn 0.6661182 -0.7445918 0.0432388
vn 0.7754988 -0.6298141 0.0439970
vn 0.8680686 -0.4944264 0.0447163
vn 0.9389493 -0.3410585 0.0453130
vn 0.9836481 -0.1742042 0.0457089
vn 0.9939143 -0.0006498 0.1101542
vn 0.9788470 0.1726175 0.1098264
vn 0.9345693 0.3387093 0.1088867
vn 0.8642486 0.4914518 0.1074683
vn 0.7723208 0.6263673 0.1057567
vn 0.6636133 0.7408182 0.1039509
vn 0.5426393 0.8337210 0.1022340
vn 0.4132007 0.9050489 0.1007554
vn 0.2782810 0.9553190 0.0996259
vn 0.1401406 0.9851779 0.0989196
vn 0.0005209 0.9951192 0.0986785
vn -0.1391042 0.9853251 0.0989161
vn -0.2772616 0.9556161 0.0996190
vn -0.4122128 0.9055004 0.1007455
vn -0.5417023 0.8343316 0.1022219
vn -0.6627524 0.7415904 0.1039376
vn -0.7715672 0.6272976 0.1057433
vn -0.8636378 0.4925270 0.1074564
vn -0.9341368 0.3399030 0.1088777
vn -0.9786223 0.1738896 0.1098216
vn -0.9939143 0.0006498 0.1101542
vn -0.9788470 -0.1726175 0.1098264
vn -0.9345693 -0.3387093 0.1088867
vn -0.8642486 -0.4914518 0.1074683
vn -0.7723208 -0.6263673 0.1057567
vn -0.6636133 -0.7408182 0.1039509
vn -0.5426393 -0.8337210 0.1022340
vn -0.4132007 -0.9050489 0.1007554
vn -0.2782810 -0.9553190 0.0996259
vn -0.1401406 -0.9851779 0.0989196
vn -0.0005209 -0.9951192 0.0986785
vn 0.1391042 -0.9853251 0.0989161
vn 0.2772616 -0.9556161 0.0996190
vn 0.4122128 -0.9055004 0.1007455
vn 0.5417023 -0.8343316 0.1022219
vn 0.6627524 -0.7415904 0.1039376
vn 0.7715672 -0.6272976 0.1057433
vn 0.8636378 -0.4925270 0.1074564
vn 0.9341368 -0.3399030 0.1088777
vn 0.9786223 -0.1738896 0.1098216
vn 0.9855971 -0.0012023 0.1691065
vn 0.9708000 0.1706353 0.1686148
vn 0.9271106 0.3354262 0.1671984
vn 0.8576224 0.4870728 0.1650573
vn 0.7666810 0.6211310 0.1624702
vn 0.6590306 0.7349575 0.1597378
vn 0.5391236 0.8274381 0.1571370
vn 0.4107264 0.8985051 0.1548950
vn 0.2768100 0.9486369 0.1531806
vn 0.1396382 0.9784501 0.1521073
vn 0.0009653 0.9884201 0.1517392
vn -0.1377177 0.9787238 0.1520972
vn -0.2749215 0.9491890 0.1531611
vn -0.4088972 0.8993438 0.1548672
vn -0.5373896 0.8285717 0.1571030
vn -0.6574386 0.7363901 0.1597001
vn -0.7652885 0.6228556 0.1624325
vn -0.8564947 0.4890645 0.1650237
vn -0.9263126 0.3376360 0.1671730
vn -0.9703857 0.1729893 0.1686011
vn -0.9855971 0.0012023 0.1691065
vn -0.9708000 -0.1706353 0.1686148
vn -0.9271106 -0.3354262 0.1671984
vn -0.8576224 -0.4870728 0.1650573
vn -0.7666810 -0.6211310 0.1624702
vn -0.6590306 -0.7349575 0.1597378
vn -0.5391236 -0.8274381 0.1571370
vn -0.4107264 -0.8985051 0.1548950
vn -0.2768100 -0.9486369 0.1531806
vn -0.1396382 -0.9784501 0.1521073
vn -0.0009653 -0.9884201 0.1517392
vn 0.1377177 -0.9787238 0.1520972
vn 0.2749215 -0.9491890 0.1531611
vn 0.4088972 -0.8993438 0.1548672
vn 0.5373896 -0.8285717 0.1571030
vn 0.6574386 -0.7363901 0.1597001
vn 0.7652885 -0.6228556 0.1624325
vn 0.8564947 -0.4890645 0.1650237
vn 0.9263126 -0.3376360 0.1671730
vn 0.9703857 -0.1729893 0.1686011
vn 0.9746131 -0.0017464 0.2238891
vn 0.9601384 0.1681985 0.2232566
vn 0.9171908 0.3312577 0.2214256
vn 0.8487705 0.4814349 0.2186530
vn 0.7591064 0.6143323 0.2152980
vn 0.6528345 0.7273027 0.2117498
vn 0.5343262 0.8191937 0.2083680
vn 0.4073004 0.8898860 0.2054492
vn 0.2747099 0.9398076 0.2032146
vn 0.1388213 0.9695359 0.2018135
vn 0.0014051 0.9795223 0.2013308
vn -0.1360261 0.9699361 0.2017943
vn -0.2719622 0.9406145 0.2031773
vn -0.4046407 0.8911107 0.2053961
vn -0.5318070 0.8208479 0.2083029
vn -0.6505238 0.7293910 0.2116780
vn -0.7570874 0.6168438 0.2152262
vn -0.8471370 0.4843324 0.2185890
vn -0.9160360 0.3344700 0.2213773
vn -0.9595391 0.1716185 0.2232306
vn -0.9746131 0.0017464 0.2238891
vn -0.9601384 -0.1681985 0.2232566
vn -0.9171908 -0.3312577 0.2214256
vn -0.8487705 -0.4814349 0.2186530
vn -0.7591064 -0.6143323 0.2152980
vn -0.6528345 -0.7273027 0.2117498
vn -0.5343262 -0.8191937 0.2083680
vn -0.4073004 -0.8898860 0.2054492
vn -0.2747099 -0.9398076 0.2032146
vn -0.1388213 -0.9695359 0.2018135
vn -0.0014051 -0.9795223 0.2013308
vn 0.1360261 -0.9699361 0.2017943
vn 0.2719622 -0.9406145 0.2031773
vn 0.4046407 -0.8911107 0.2053961
vn 0.5318070 -0.8208479 0.2083029
vn 0.6505238 -0.7293910 0.2116780
vn 0.7570874 -0.6168438 0.2152262
vn 0.8471370 -0.4843324 0.2185890
vn 0.9160360 -0.3344700 0.2213773
vn 0.9595391 -0.1716185 0.2232306
vn 0.9612089 -0.0022924 0.2758119
vn 0.9471036 0.1653397 0.2750591
vn 0.9050347 0.3262747 0.2728683
vn 0.8378920 0.4746397 0.2695445
vn 0.7497660 0.6060959 0.2655159
vn 0.6451626 0.7179934 0.2612484
vn 0.5283549 0.8091367 0.2571749
vn 0.4030029 0.8793454 0.2536539
vn 0.2720354 0.9289879 0.2509548
vn 0.1377214 0.9585940 0.2492597
vn 0.0018493 0.9685857 0.2486730
vn -0.1340432 0.9591233 0.2492288
vn -0.2684215 0.9300547 0.2508948
vn -0.3995072 0.8809636 0.2535687
vn -0.5250472 0.8113200 0.2570705
vn -0.6421322 0.7207466 0.2611334
vn -0.7471215 0.6094028 0.2654010
vn -0.8357548 0.4784504 0.2694422
vn -0.9035253 0.3304951 0.2727912
vn -0.9463208 0.1698300 0.2750176
vn -0.9612089 0.0022924 0.2758119
vn -0.9471036 -0.1653397 0.2750591
vn -0.9050347 -0.3262747 0.2728683
vn -0.8378920 -0.4746397 0.2695445
vn -0.7497660 -0.6060959 0.2655159
vn -0.6451626 -0.7179934 0.2612484
vn -0.5283549 -0.8091367 0.2571749
vn -0.4030029 -0.8793454 0.2536539
vn -0.2720354 -0.9289879 0.2509548
vn -0.1377214 -0.9585940 0.2492597
vn -0.0018493 -0.9685857 0.2486730
vn 0.1340432 -0.9591233 0.2492288
vn 0.2684215 -0.9300547 0.2508948
vn 0.3995072 -0.8809636 0.2535687
vn 0.5250472 -0.8113200 0.2570705
vn 0.6421322 -0.7207466 0.2611334
vn 0.7471215 -0.6094028 0.2654010
vn 0.8357548 -0.4784504 0.2694422
vn 0.9035253 -0.3304951 0.2727912
vn 0.9463208 -0.1698300 0.2750176
vn 0.9452560 -0.0028522 0.3263173
vn 0.9315699 0.1620243 0.3254622
vn 0.8905211 0.3204206 0.3229593
vn 0.8248735 0.4666096 0.3191539
vn 0.7385574 0.5963237 0.3145330
vn 0.6359265 0.7069140 0.3096290
vn 0.5211380 0.7971368 0.3049397
vn 0.3977809 0.8667420 0.3008797
vn 0.2687542 0.9160288 0.2977625
vn 0.1363272 0.9454715 0.2958015
vn 0.0023080 0.9554577 0.2951192
vn -0.1317374 0.9461361 0.2957563
vn -0.2642471 0.9173675 0.2976749
vn -0.3934252 0.8687709 0.3007554
vn -0.5170213 0.7998709 0.3047876
vn -0.6321600 0.7103571 0.3094616
vn -0.7352753 0.6004533 0.3143661
vn -0.8222249 0.4713615 0.3190056
vn -0.8886527 0.3256774 0.3228476
vn -0.9306016 0.1676128 0.3254021
vn -0.9452560 0.0028522 0.3263173
vn -0.9315699 -0.1620243 0.3254622
vn -0.8905211 -0.3204206 0.3229593
vn -0.8248735 -0.4666096 0.3191539
vn -0.7385574 -0.5963237 0.3145330
vn -0.6359265 -0.7069140 0.3096290
vn -0.5211380 -0.7971368 0.3049397
vn -0.3977809 -0.8667420 0.3008797
vn -0.2687542 -0.9160288 0.2977625
vn -0.1363272 -0.9454715 0.2958015
vn -0.0023080 -0.9554577 0.2951192
vn 0.1317374 -0.9461361 0.2957563
vn 0.2642471 -0.9173675 0.2976749
vn 0.3934252 -0.8687709 0.3007554
vn 0.5170213 -0.7998709 0.3047876
vn 0.6321600 -0.7103571 0.3094616
vn 0.7352753 -0.6004533 0.3143661
vn 0.8222249 -0.4713615 0.3190056
vn 0.8886527 -0.3256774 0.3228476
vn 0.9306016 -0.1676128 0.3254021
vn 0.9262016 -0.0034399 0.3770129
vn 0.9129955 0.1581425 0.3760719
vn 0.8731370 0.3134945 0.3733001
vn 0.8092454 0.4570613 0.3690756
vn 0.7250663 0.5846626 0.3639348
vn 0.6247763 0.6936540 0.3584673
vn 0.5123953 0.7827394 0.3532282
vn 0.3914269 0.8515896 0.3486835
vn 0.2647319 0.9004234 0.3451880
vn 0.1345779 0.9296507 0.3429845
vn 0.0027937 0.9396180 0.3422137
vn -0.1290235 0.9304608 0.3429223
vn -0.2592811 0.9020543 0.3450672
vn -0.3861646 0.8540586 0.3485123
vn -0.5074288 0.7860621 0.3530190
vn -0.6202397 0.6978315 0.3582373
vn -0.7211200 0.5896643 0.3637059
vn -0.8060660 0.4628074 0.3688726
vn -0.8708972 0.3198422 0.3731474
vn -0.9118359 0.1648846 0.3759899
vn -0.9262016 0.0034399 0.3770129
vn -0.9129955 -0.1581425 0.3760719
vn -0.8731370 -0.3134945 0.3733001
vn -0.8092454 -0.4570613 0.3690756
vn -0.7250663 -0.5846626 0.3639348
vn -0.6247763 -0.6936540 0.3584673
vn -0.5123953 -0.7827394 0.3532282
vn -0.3914269 -0.8515896 0.3486835
vn -0.2647319 -0.9004234 0.3451880
vn -0.1345779 -0.9296507 0.3429845
vn -0.0027937 -0.9396180 0.3422137
vn 0.1290235 -0.9304608 0.3429223
vn 0.2592811 -0.9020543 0.3450672
vn 0.3861646 -0.8540586 0.3485123
vn 0.5074288 -0.7860621 0.3530190
vn 0.6202397 -0.6978315 0.3582373
vn 0.7211200 -0.5896643 0.3637059
vn 0.8060660 -0.4628074 0.3688726
vn 0.8708972 -0.3198422 0.3731474
vn 0.9118359 -0.1648846 0.3759899
vn 0.9029533 -0.0040719 0.4297195
vn 0.8903088 0.1534876 0.4287095
vn 0.8518667 0.3051101 0.4257122
vn 0.7900791 0.4454474 0.4211313
vn 0.7084751 0.5704275 0.4155425
vn 0.6110213 0.6774175 0.4095834
vn 0.5015729 0.7650636 0.4038592
vn 0.3835282 0.8329460 0.3988823
vn 0.2596990 0.8811895 0.3950461
vn 0.1323466 0.9101275 0.3926224
vn 0.0033215 0.9200576 0.3917690
vn -0.1257445 0.9110989 0.3925394
vn -0.2532252 0.8831436 0.3948854
vn -0.3772863 0.8359004 0.3986546
vn -0.4956916 0.7690331 0.4035815
vn -0.6056596 0.6823982 0.4092788
vn -0.7038206 0.5763786 0.4152399
vn -0.7863366 0.4522706 0.4208634
vn -0.8492346 0.3126353 0.4255111
vn -0.8889476 0.1614715 0.4286014
vn -0.9029533 0.0040719 0.4297195
vn -0.8903088 -0.1534876 0.4287095
vn -0.8518667 -0.3051101 0.4257122
vn -0.7900791 -0.4454474 0.4211313
vn -0.7084751 -0.5704275 0.4155425
vn -0.6110213 -0.6774175 0.4095834
vn -0.5015729 -0.7650636 0.4038592
vn -0.3835282 -0.8329460 0.3988823
vn -0.2596990 -0.8811895 0.3950461
vn -0.1323466 -0.9101275 0.3926224
vn -0.0033215 -0.9200576 0.3917690
vn 0.1257445 -0.9110989 0.3925394
vn 0.2532252 -0.8831436 0.3948854
vn 0.3772863 -0.8359004 0.3986546
vn 0.4956916 -0.7690331 0.4035815
vn 0.6056596 -0.6823982 0.4092788
vn 0.7038206 -0.5763786 0.4152399
vn 0.7863366 -0.4522706 0.4208634
vn 0.8492346 -0.3126353 0.4255111
vn 0.8889476 -0.1614715 0.4286014
vn 0.8736604 -0.0047679 0.4865128
vn 0.8616923 0.1477182 0.4854541
vn 0.8249854 0.2946201 0.4822842
vn 0.7657936 0.4308451 0.4774229
vn 0.6873872 0.5524596 0.4714736
vn 0.5934783 0.6568531 0.4651103
vn 0.4877185 0.7426093 0.4589793
vn 0.3733727 0.8092029 0.4536337
vn 0.2531867 0.8566470 0.4495024
vn 0.1294087 0.8851821 0.4468848
vn 0.0039104 0.8950462 0.4459563
vn -0.1216386 0.8863378 0.4467767
vn -0.2455752 0.8589694 0.4492932
vn -0.3660454 0.8127088 0.4533377
vn -0.4808288 0.7473100 0.4586190
vn -0.5872125 0.6627371 0.4647161
vn -0.6819618 0.5594719 0.4710831
vn -0.7614419 0.4388654 0.4770779
vn -0.8219311 0.3034476 0.4820258
vn -0.8601149 0.1570712 0.4853154
vn -0.8736604 0.0047679 0.4865128
vn -0.8616923 -0.1477182 0.4854541
vn -0.8249854 -0.2946201 0.4822842
vn -0.7657936 -0.4308451 0.4774229
vn -0.6873872 -0.5524596 0.4714736
vn -0.5934783 -0.6568531 0.4651103
vn -0.4877185 -0.7426093 0.4589793
vn -0.3733727 -0.8092029 0.4536337
vn -0.2531867 -0.8566470 0.4495024
vn -0.1294087 -0.8851821 0.4468848
vn -0.0039104 -0.8950462 0.4459563
vn 0.1216386 -0.8863378 0.4467767
vn 0.2455752 -0.8589694 0.4492932
vn 0.3660454 -0.8127088 0.4533377
vn 0.4808288 -0.7473100 0.4586190
vn 0.5872125 -0.6627371 0.4647161
vn 0.6819618 -0.5594719 0.4710831
vn 0.7614419 -0.4388654 0.4770779
vn 0.8219311 -0.3034476 0.4820258
vn 0.8601149 -0.1570712 0.4853154
vn 0.8353414 -0.0055502 0.5497035
vn 0.8242139 0.1402923 0.5486252
vn 0.7897018 0.2809870 0.5453599
vn 0.7338201 0.4117654 0.5403308
vn 0.6595225 0.5288779 0.5341518
vn 0.5702050 0.6297556 0.5275169
vn 0.4692605 0.7129165 0.5210995
vn 0.3597785 0.7777119 0.5154839
vn 0.2444123 0.8240202 0.5111295
vn 0.1253840 0.8519673 0.5083606
vn 0.0045835 0.8617165 0.5073693
vn -0.1162804 0.8533402 0.5082218
vn -0.2355057 0.8267755 0.5108613
vn -0.3512218 0.7818630 0.5151053
vn -0.4612363 0.7184673 0.5206398
vn -0.5629301 0.6366823 0.5270155
vn -0.6532439 0.5371060 0.5336568
vn -0.7287995 0.4211471 0.5398948
vn -0.7861870 0.2912865 0.5450341
vn -0.8224016 0.1511864 0.5484507
vn -0.8353414 0.0055502 0.5497035
vn -0.8242139 -0.1402923 0.5486252
vn -0.7897018 -0.2809870 0.5453599
vn -0.7338201 -0.4117654 0.5403308
vn -0.6595225 -0.5288779 0.5341518
vn -0.5702050 -0.6297556 0.5275169
vn -0.4692605 -0.7129165 0.5210995
vn -0.3597785 -0.7777119 0.5154839
vn -0.2444123 -0.8240202 0.5111295
vn -0.1253840 -0.8519673 0.5083606
vn -0.0045835 -0.8617165 0.5073693
vn 0.1162804 -0.8533402 0.5082218
vn 0.2355057 -0.8267755 0.5108613
vn 0.3512218 -0.7818630 0.5151053
vn 0.4612363 -0.7184673 0.5206398
vn 0.5629301 -0.6366823 0.5270155
vn 0.6532439 -0.5371060 0.5336568
vn 0.7287995 -0.4211471 0.5398948
vn 0.7861870 -0.2912865 0.5450341
vn 0.8224016 -0.1511864 0.5484507
vn 0.7833015 -0.0064409 0.6216086
vn 0.7732486 0.1303687 0.6205567
vn 0.7415957 0.2625815 0.6173223
vn 0.6900667 0.3858513 0.6123126
vn 0.6212235 0.4966816 0.6061261
vn 0.5380622 0.5925795 0.5994486
vn 0.4436392 0.6720013 0.5929574
vn 0.3408066 0.7341581 0.5872502
vn 0.2320822 0.7787658 0.5828051
vn 0.1196370 0.8058087 0.5799650
vn 0.0053673 0.8153555 0.5789357
vn -0.1089827 0.8074446 0.5797896
vn -0.2216759 0.7820437 0.5824667
vn -0.3308361 0.7390831 0.5867739
vn -0.4343218 0.6785640 0.5923812
vn -0.5296490 0.6007356 0.5988227
vn -0.6139934 0.5063290 0.6055106
vn -0.6843084 0.3968073 0.6117728
vn -0.7375778 0.2745694 0.6169202
vn -0.7711815 0.1430209 0.6203419
vn -0.7833015 0.0064409 0.6216086
vn -0.7732486 -0.1303687 0.6205567
vn -0.7415957 -0.2625815 0.6173223
vn -0.6900667 -0.3858513 0.6123126
vn -0.6212235 -0.4966816 0.6061261
vn -0.5380622 -0.5925795 0.5994486
vn -0.4436392 -0.6720013 0.5929574
vn -0.3408066 -0.7341581 0.5872502
vn -0.2320822 -0.7787658 0.5828051
vn -0.1196370 -0.8058087 0.5799650
vn -0.0053673 -0.8153555 0.5789357
vn 0.1089827 -0.8074446 0.5797896
vn 0.2216759 -0.7820437 0.5824667
vn 0.3308361 -0.7390831 0.5867739
vn 0.4343218 -0.6785640 0.5923812
vn 0.5296490 -0.6007356 0.5988227
vn 0.6139934 -0.5063290 0.6055106
vn 0.6843084 -0.3968073 0.6117728
vn 0.7375778 -0.2745694 0.6169202
vn 0.7711815 -0.1430209 0.6203419
vn 0.7103945 -0.0074529 0.7037642
vn 0.7017407 0.1166851 0.7028119
vn 0.6738855 0.2369260 0.6998174
vn 0.6282030 0.3494804 0.6951435
vn 0.5667744 0.4512077 0.6893318
vn 0.4920914 0.5397552 0.6830156
vn 0.4067694 0.6135427 0.6768338
vn 0.3133322 0.6716354 0.6713634
vn 0.2140916 0.7135637 0.6670769
vn 0.1111187 0.7391425 0.6643199
vn 0.0062850 0.7483239 0.6633038
vn -0.0986524 0.7411028 0.6641042
vn -0.2019430 0.7174827 0.6666615
vn -0.3017341 0.6775025 0.6707809
vn -0.3959818 0.6213241 0.6761322
vn -0.4824029 0.5493741 0.6822576
vn -0.5584949 0.4625216 0.6885907
vn -0.6216436 0.3622615 0.6944968
vn -0.6693283 0.2508507 0.6993379
vn -0.6994029 0.1313397 0.7025564
vn -0.7103945 0.0074529 0.7037642
vn -0.7017407 -0.1166851 0.7028119
vn -0.6738855 -0.2369260 0.6998174
vn -0.6282030 -0.3494804 0.6951435
vn -0.5667744 -0.4512077 0.6893318
vn -0.4920914 -0.5397552 0.6830156
vn -0.4067694 -0.6135427 0.6768338
vn -0.3133322 -0.6716354 0.6713634
vn -0.2140916 -0.7135637 0.6670769
vn -0.1111187 -0.7391425 0.6643199
vn -0.0062850 -0.7483239 0.6633038
vn 0.0986524 -0.7411028 0.6641042
vn 0.2019430 -0.7174827 0.6666615
vn 0.3017341 -0.6775025 0.6707809
vn 0.3959818 -0.6213241 0.6761322
vn 0.4824029 -0.5493741 0.6822576
vn 0.5584949 -0.4625216 0.6885907
vn 0.6216436 -0.3622615 0.6944968
vn 0.6693283 -0.2508507 0.6993379
vn 0.6994029 -0.1313397 0.7025564
vn 0.6067054 -0.0085654 0.7948806
vn 0.5998694 0.0975236 0.7941322
vn 0.5770543 0.2005846 0.7916907
vn 0.5392368 0.2975509 0.7878370
vn 0.4879362 0.3857838 0.7830001
vn 0.4250318 0.4631841 0.7776943
vn 0.3525761 0.5282098 0.7724535
vn 0.2726416 0.5798173 0.7677750
vn 0.1872233 0.6173597 0.7640776
vn 0.0981983 0.6404736 0.7616762
vn 0.0073349 0.6489824 0.7607681
vn -0.0836642 0.6428302 0.7614260
vn -0.1731019 0.6220570 0.7635973
vn -0.2592238 0.5868165 0.7671045
vn -0.3401719 0.5374361 0.7716511
vn -0.4139691 0.4745097 0.7768334
vn -0.4785502 0.3990095 0.7821644
vn -0.5318504 0.3123919 0.7871127
vn -0.5719506 0.2166654 0.7911565
vn -0.5972605 0.1143868 0.7938486
vn -0.6067054 0.0085654 0.7948806
vn -0.5998694 -0.0975236 0.7941322
vn -0.5770543 -0.2005846 0.7916907
vn -0.5392368 -0.2975509 0.7878370
vn -0.4879362 -0.3857838 0.7830001
vn -0.4250318 -0.4631841 0.7776943
vn -0.3525761 -0.5282098 0.7724535
vn -0.2726416 -0.5798173 0.7677750
vn -0.1872233 -0.6173597 0.7640776
vn -0.0981983 -0.6404736 0.7616762
vn -0.0073349 -0.6489824 0.7607681
vn 0.0836642 -0.6428302 0.7614260
vn 0.1731019 -0.6220570 0.7635973
vn 0.2592238 -0.5868165 0.7671045
vn 0.3401719 -0.5374361 0.7716511
vn 0.4139691 -0.4745097 0.7768334
vn 0.4785502 -0.3990095 0.7821644
vn 0.5318504 -0.3123919 0.7871127
vn 0.5719506 -0.2166654 0.7911565
vn 0.5972605 -0.1143868 0.7938486
vn 0.4620677 -0.0096778 0.8867918
vn 0.4575063 0.0711933 0.8863518
vn 0.4411387 0.1500445 0.8848069
vn 0.4135425 0.2246930 0.8823240
vn 0.3756520 0.2931767 0.8791661
vn 0.3286753 0.3538284 0.8756586
vn 0.2740025 0.4053075 0.8721516
vn 0.2131220 0.4465953 0.8689831
vn 0.1475575 0.4769635 0.8664483
vn 0.0788290 0.4959312 0.8647764
vn 0.0084376 0.5032229 0.8641154
vn -0.0621305 0.4987379 0.8645232
vn -0.1313913 0.4825376 0.8659640
vn -0.1978481 0.4548540 0.8683110
vn -0.2599848 0.4161152 0.8713530
vn -0.3162760 0.3669865 0.8748088
vn -0.3652200 0.3084138 0.8783480
vn -0.4053963 0.2416592 0.8816205
vn -0.4355451 0.1683134 0.8842913
vn -0.4546586 0.0902733 0.8860791
vn -0.4620677 0.0096778 0.8867918
vn -0.4575063 -0.0711933 0.8863518
vn -0.4411387 -0.1500445 0.8848069
vn -0.4135425 -0.2246930 0.8823240
vn -0.3756520 -0.2931767 0.8791661
vn -0.3286753 -0.3538284 0.8756586
vn -0.2740025 -0.4053075 0.8721516
vn -0.2131220 -0.4465953 0.8689831
vn -0.1475575 -0.4769635 0.8664483
vn -0.0788290 -0.4959312 0.8647764
vn -0.0084376 -0.5032229 0.8641154
vn 0.0621305 -0.4987379 0.8645232
vn 0.1313913 -0.4825376 0.8659640
vn 0.1978481 -0.4548540 0.8683110
vn 0.2599848 -0.4161152 0.8713530
vn 0.3162760 -0.3669865 0.8748088
vn 0.3652200 -0.3084138 0.8783480
vn 0.4053963 -0.2416592 0.8816205
vn 0.4355451 -0.1683134 0.8842913
vn 0.4546586 -0.0902733 0.8860791
vn 0.2804448 -0.0105559 0.9598121
vn 0.2784312 0.0386013 0.9596802
vn 0.2694379 0.0867543 0.9591021
vn 0.2537223 0.1326607 0.9581368
vn 0.2317264 0.1751581 0.9568817
vn 0.2040538 0.2131996 0.9554622
vn 0.1714411 0.2458791 0.9540186
vn 0.1347276 0.2724470 0.9526915
vn 0.0948272 0.2923157 0.9516088
vn 0.0527042 0.3050603 0.9508735
vn 0.0093536 0.3104152 0.9505550
vn -0.0342143 0.3082705 0.9506833
vn -0.0769865 0.2986699 0.9512462
vn -0.1179598 0.2818122 0.9521908
vn -0.1561547 0.2580534 0.9534276
vn -0.1906329 0.2279112 0.9548380
vn -0.2205198 0.1920659 0.9562854
vn -0.2450313 0.1513580 0.9576275
vn -0.2635031 0.1067765 0.9587309
vn -0.2754205 0.0594382 0.9594846
vn -0.2804448 0.0105559 0.9598121
vn -0.2784312 -0.0386013 0.9596802
vn -0.2694379 -0.0867543 0.9591021
vn -0.2537223 -0.1326607 0.9581368
vn -0.2317264 -0.1751581 0.9568817
vn -0.2040538 -0.2131996 0.9554622
vn -0.1714411 -0.2458791 0.9540186
vn -0.1347276 -0.2724470 0.9526915
vn -0.0948272 -0.2923157 0.9516088
vn -0.0527042 -0.3050603 0.9508735
vn -0.0093536 -0.3104152 0.9505550
vn 0.0342143 -0.3082705 0.9506833
vn 0.0769865 -0.2986699 0.9512462
vn 0.1179598 -0.2818122 0.9521908
vn 0.1561547 -0.2580534 0.9534276
vn 0.1906329 -0.2279112 0.9548380
vn 0.2205198 -0.1920659 0.9562854
vn 0.2450313 -0.1513580 0.9576275
vn 0.2635031 -0.1067765 0.9587309
vn 0.2754205 -0.0594382 0.9594846
vn 0.0000000 0.0000000 1.0000000
vn 0.0000000 0.0000000 -1.0000000
vn 0.1934709 0.0072496 -0.9810792
vn 0.1900434 0.0409799 -0.9809200
vn 0.1818998 0.0736747 -0.9805532
vn 0.1692553 0.1045134 -0.9800151
vn 0.1524409 0.1327301 -0.9793592
vn 0.1318906 0.1576343 -0.9786502
vn 0.1081265 0.1786266 -0.9779577
vn 0.0817424 0.1952105 -0.9773490
vn 0.0533874 0.2070002 -0.9768832
vn 0.0237501 0.2137250 -0.9766051
vn -0.0064565 0.2152321 -0.9765416
vn -0.0365084 0.2114874 -0.9766986
vn -0.0656847 0.2025757 -0.9770612
vn -0.0932810 0.1887004 -0.9775944
vn -0.1186236 0.1701816 -0.9782467
vn -0.1410851 0.1474530 -0.9789548
vn -0.1601003 0.1210564 -0.9796496
vn -0.1751827 0.0916316 -0.9802626
vn -0.1859406 0.0599035 -0.9807332
vn -0.1920911 0.0266640 -0.9810148
vn -0.1934709 -0.0072496 -0.9810792
vn -0.1900434 -0.0409799 -0.9809200
vn -0.1818998 -0.0736747 -0.9805532
vn -0.1692553 -0.1045134 -0.9800151
vn -0.1524409 -0.1327301 -0.9793592
vn -0.1318906 -0.1576343 -0.9786502
vn -0.1081265 -0.1786266 -0.9779577
vn -0.0817424 -0.1952105 -0.9773490
vn -0.0533874 -0.2070002 -0.9768832
vn -0.0237501 -0.2137250 -0.9766051
vn 0.0064565 -0.2152321 -0.9765416
vn 0.0365084 -0.2114874 -0.9766986
vn 0.0656847 -0.2025757 -0.9770612
vn 0.0932810 -0.1887004 -0.9775944
vn 0.1186236 -0.1701816 -0.9782467
vn 0.1410851 -0.1474530 -0.9789548
vn 0.1601003 -0.1210564 -0.9796496
vn 0.1751827 -0.0916316 -0.9802626
vn 0.1859406 -0.0599035 -0.9807332
vn 0.1920911 -0.0266640 -0.9810148
vn 0.3386946 0.0069891 -0.9408704
vn 0.3334027 0.0660914 -0.9404651
vn 0.3197000 0.1234353 -0.9394443
vn 0.2980006 0.1775217 -0.9379135
vn 0.2689428 0.2269810 -0.9360285
vn 0.2333495 0.2706141 -0.9339786
vn 0.1921843 0.3074169 -0.9319657
vn 0.1465092 0.3365887 -0.9301844
vn 0.0974490 0.3575288 -0.9288040
vn 0.0461645 0.3698259 -0.9279535
vn -0.0061660 0.3732468 -0.9277116
vn -0.0583570 0.3677276 -0.9281007
vn -0.1092242 0.3533715 -0.9290848
vn -0.1575920 0.3304527 -0.9305728
vn -0.2023064 0.2994259 -0.9324249
vn -0.2422544 0.2609381 -0.9344646
vn -0.2763936 0.2158378 -0.9364938
vn -0.3037896 0.1651762 -0.9383116
vn -0.3236590 0.1101954 -0.9397350
vn -0.3354130 0.0522998 -0.9406183
vn -0.3386946 -0.0069891 -0.9408704
vn -0.3334027 -0.0660914 -0.9404651
vn -0.3197000 -0.1234353 -0.9394443
vn -0.2980006 -0.1775217 -0.9379135
vn -0.2689428 -0.2269810 -0.9360285
vn -0.2333495 -0.2706141 -0.9339786
vn -0.1921843 -0.3074169 -0.9319657
vn -0.1465092 -0.3365887 -0.9301844
vn -0.0974490 -0.3575288 -0.9288040
vn -0.0461645 -0.3698259 -0.9279535
vn 0.0061660 -0.3732468 -0.9277116
vn 0.0583570 -0.3677276 -0.9281007
vn 0.1092242 -0.3533715 -0.9290848
vn 0.1575920 -0.3304527 -0.9305728
vn 0.2023064 -0.2994259 -0.9324249
vn 0.2422544 -0.2609381 -0.9344646
vn 0.2763936 -0.2158378 -0.9364938
vn 0.3037896 -0.1651762 -0.9383116
vn 0.3236590 -0.1101954 -0.9397350
vn 0.3354130 -0.0522998 -0.9406183
vn 0.4808303 0.0065711 -0.8767891
vn 0.4736056 0.0904843 -0.8760767
vn 0.4541391 0.1718076 -0.8742081
vn 0.4231300 0.2482892 -0.8713859
vn 0.3816394 0.3179382 -0.8679093
vn 0.3309943 0.3790937 -0.8641358
vn 0.2726870 0.4304479 -0.8604396
vn 0.2082874 0.4710300 -0.8571739
vn 0.1393807 0.5001643 -0.8546395
vn 0.0675331 0.5174194 -0.8530630
vn -0.0057171 0.5225618 -0.8525822
vn -0.0788492 0.5155253 -0.8532388
vn -0.1503407 0.4964010 -0.8549759
vn -0.2186494 0.4654506 -0.8576411
vn -0.2822048 0.4231402 -0.8609952
vn -0.3394214 0.3701882 -0.8647276
vn -0.3887363 0.3076155 -0.8684796
vn -0.4286769 0.2367848 -0.8718768
vn -0.4579507 0.1594109 -0.8745681
vn -0.4755469 0.0775312 -0.8762671
vn -0.4808303 -0.0065711 -0.8767891
vn -0.4736056 -0.0904843 -0.8760767
vn -0.4541391 -0.1718076 -0.8742081
vn -0.4231300 -0.2482892 -0.8713859
vn -0.3816394 -0.3179382 -0.8679093
vn -0.3309943 -0.3790937 -0.8641358
vn -0.2726870 -0.4304479 -0.8604396
vn -0.2082874 -0.4710300 -0.8571739
vn -0.1393807 -0.5001643 -0.8546395
vn -0.0675331 -0.5174194 -0.8530630
vn 0.0057171 -0.5225618 -0.8525822
vn 0.0788492 -0.5155253 -0.8532388
vn 0.1503407 -0.4964010 -0.8549759
vn 0.2186494 -0.4654506 -0.8576411
vn 0.2822048 -0.4231402 -0.8609952
vn 0.3394214 -0.3701882 -0.8647276
vn 0.3887363 -0.3076155 -0.8684796
vn 0.4286769 -0.2367848 -0.8718768
vn 0.4579507 -0.1594109 -0.8745681
vn 0.4755469 -0.0775312 -0.8762671
vn 0.6083567 0.0060241 -0.7936409
vn 0.5992724 0.1121735 -0.7926473
vn 0.5742564 0.2148436 -0.7899822
vn 0.5343745 0.3110056 -0.7859513
vn 0.4812147 0.3980827 -0.7810011
vn 0.4166990 0.4740488 -0.7756544
vn 0.3428988 0.5374336 -0.7704450
vn 0.2618870 0.5872555 -0.7658631
vn 0.1756485 0.6229145 -0.7623156
vn 0.0860476 0.6440805 -0.7601027
vn -0.0051575 0.6505976 -0.7594052
vn -0.0962673 0.6424241 -0.7602788
vn -0.1855785 0.6196129 -0.7626535
vn -0.2713229 0.5823356 -0.7663349
vn -0.3516226 0.5309477 -0.7710098
vn -0.4244802 0.4660863 -0.7762603
vn -0.4878172 0.3887833 -0.7815893
vn -0.5395709 0.3005694 -0.7864612
vn -0.5778472 0.2035347 -0.7903583
vn -0.6011080 0.1003138 -0.7928470
vn -0.6083567 -0.0060241 -0.7936409
vn -0.5992724 -0.1121735 -0.7926473
vn -0.5742564 -0.2148436 -0.7899822
vn -0.5343745 -0.3110056 -0.7859513
vn -0.4812147 -0.3980827 -0.7810011
vn -0.4166990 -0.4740488 -0.7756544
vn -0.3428988 -0.5374336 -0.7704450
vn -0.2618870 -0.5872555 -0.7658631
vn -0.1756485 -0.6229145 -0.7623156
vn -0.0860476 -0.6440805 -0.7601027
vn 0.0051575 -0.6505976 -0.7594052
vn 0.0962673 -0.6424241 -0.7602788
vn 0.1855785 -0.6196129 -0.7626535
vn 0.2713229 -0.5823356 -0.7663349
vn 0.3516226 -0.5309477 -0.7710098
vn 0.4244802 -0.4660863 -0.7762603
vn 0.4878172 -0.3887833 -0.7815893
vn 0.5395709 -0.3005694 -0.7864612
vn 0.5778472 -0.2035347 -0.7903583
vn 0.6011080 -0.1003138 -0.7928470
vn 0.7170257 0.0053812 -0.6970260
vn 0.7062451 0.1304571 -0.6958440
vn 0.6761519 0.2511640 -0.6926292
vn 0.6282348 0.3637199 -0.6877709
vn 0.5646716 0.4650301 -0.6818306
vn 0.4880217 0.5528106 -0.6754519
vn 0.4009373 0.6255561 -0.6692749
vn 0.3059529 0.6823989 -0.6638709
vn 0.2053745 0.7229211 -0.6597017
vn 0.1012595 0.7469710 -0.6571004
vn -0.0045332 0.7545174 -0.6562644
vn -0.1102517 0.7455599 -0.6572556
vn -0.2141393 0.7200996 -0.6600007
vn -0.3143233 0.6781735 -0.6642903
vn -0.4087259 0.6199497 -0.6697802
vn -0.4950200 0.5458771 -0.6759981
vn -0.5706551 0.4568707 -0.6823649
vn -0.6329775 0.3544981 -0.6882373
vn -0.6794481 0.2411133 -0.6929752
vn -0.7079365 0.1198769 -0.6960284
vn -0.7170257 -0.0053812 -0.6970260
vn -0.7062451 -0.1304571 -0.6958440
vn -0.6761519 -0.2511640 -0.6926292
vn -0.6282348 -0.3637199 -0.6877709
vn -0.5646716 -0.4650301 -0.6818306
vn -0.4880217 -0.5528106 -0.6754519
vn -0.4009373 -0.6255561 -0.6692749
vn -0.3059529 -0.6823989 -0.6638709
vn -0.2053745 -0.7229211 -0.6597017
vn -0.1012595 -0.7469710 -0.6571004
vn 0.0045332 -0.7545174 -0.6562644
vn 0.1102517 -0.7455599 -0.6572556
vn 0.2141393 -0.7200996 -0.6600007
vn 0.3143233 -0.6781735 -0.6642903
vn 0.4087259 -0.6199497 -0.6697802
vn 0.4950200 -0.5458771 -0.6759981
vn 0.5706551 -0.4568707 -0.6823649
vn 0.6329775 -0.3544981 -0.6882373
vn 0.6794481 -0.2411133 -0.6929752
vn 0.7079365 -0.1198769 -0.6960284
vn 0.8053815 0.0046772 -0.5927384
vn 0.7931418 0.1451258 -0.5914935
vn 0.7586534 0.2803808 -0.5880745
vn 0.7038401 0.4059779 -0.5829160
vn 0.6314741 0.5183927 -0.5766363
vn 0.5447326 0.6151788 -0.5699311
vn 0.4468019 0.6948839 -0.5634753
vn 0.3406089 0.7568236 -0.5578562
vn 0.2286999 0.8008081 -0.5535366
vn 0.1132431 0.8268907 -0.5508428
vn -0.0038828 0.8351780 -0.5499660
vn -0.1209526 0.8257158 -0.5509663
vn -0.2362351 0.7984524 -0.5537750
vn -0.3478368 0.7532802 -0.5581922
vn -0.4535662 0.6901552 -0.5638824
vn -0.5508509 0.6092920 -0.5703740
vn -0.6367415 0.5114171 -0.5770727
vn -0.7080422 0.3980428 -0.5832993
vn -0.7615895 0.2716863 -0.5883604
vn -0.7946537 0.1359412 -0.5916464
vn -0.8053815 -0.0046772 -0.5927384
vn -0.7931418 -0.1451258 -0.5914935
vn -0.7586534 -0.2803808 -0.5880745
vn -0.7038401 -0.4059779 -0.5829160
vn -0.6314741 -0.5183927 -0.5766363
vn -0.5447326 -0.6151788 -0.5699311
vn -0.4468019 -0.6948839 -0.5634753
vn -0.3406089 -0.7568236 -0.5578562
vn -0.2286999 -0.8008081 -0.5535366
vn -0.1132431 -0.8268907 -0.5508428
vn 0.0038828 -0.8351780 -0.5499660
vn 0.1209526 -0.8257158 -0.5509663
vn 0.2362351 -0.7984524 -0.5537750
vn 0.3478368 -0.7532802 -0.5581922
vn 0.4535662 -0.6901552 -0.5638824
vn 0.5508509 -0.6092920 -0.5703740
vn 0.6367415 -0.5114171 -0.5770727
vn 0.7080422 -0.3980428 -0.5832993
vn 0.7615895 -0.2716863 -0.5883604
vn 0.7946537 -0.1359412 -0.5916464
vn 0.8739150 0.0039441 -0.4860627
vn 0.8605007 0.1563076 -0.4848777
vn 0.8224303 0.3027709 -0.4815995
vn 0.7620315 0.4382948 -0.4766610
vn 0.6826171 0.5590183 -0.4706723
vn 0.5879102 0.6624043 -0.4643082
vn 0.4815489 0.7470967 -0.4582108
vn 0.3667715 0.8126109 -0.4529263
vn 0.2462944 0.8589816 -0.4488761
vn 0.1223406 0.8864551 -0.4463521
vn -0.0032346 0.8952648 -0.4455228
vn -0.1287679 0.8854992 -0.4464414
vn -0.2525906 0.8570606 -0.4490491
vn -0.3728327 0.8097110 -0.4531709
vn -0.4872482 0.7432086 -0.4585086
vn -0.5930935 0.6575373 -0.4646341
vn -0.6871052 0.5532178 -0.4709951
vn -0.7656316 0.4316603 -0.4769462
vn -0.8249571 0.2954687 -0.4818132
vn -0.8618058 0.1485706 -0.4849923
vn -0.8739150 -0.0039441 -0.4860627
vn -0.8605007 -0.1563076 -0.4848777
vn -0.8224303 -0.3027709 -0.4815995
vn -0.7620315 -0.4382948 -0.4766610
vn -0.6826171 -0.5590183 -0.4706723
vn -0.5879102 -0.6624043 -0.4643082
vn -0.4815489 -0.7470967 -0.4582108
vn -0.3667715 -0.8126109 -0.4529263
vn -0.2462944 -0.8589816 -0.4488761
vn -0.1223406 -0.8864551 -0.4463521
vn 0.0032346 -0.8952648 -0.4455228
vn 0.1287679 -0.8854992 -0.4464414
vn 0.2525906 -0.8570606 -0.4490491
vn 0.3728327 -0.8097110 -0.4531709
vn 0.4872482 -0.7432086 -0.4585086
vn 0.5930935 -0.6575373 -0.4646341
vn 0.6871052 -0.5532178 -0.4709951
vn 0.7656316 -0.4316603 -0.4769462
vn 0.8249571 -0.2954687 -0.4818132
vn 0.8618058 -0.1485706 -0.4849923
vn 0.9244589 0.0032084 -0.3812683
vn 0.9101674 0.1643556 -0.3802402
vn 0.8693650 0.3190451 -0.3773786
vn 0.8047178 0.4617858 -0.3730727
vn 0.7199859 0.5884680 -0.3678665
vn 0.6193339 0.6965090 -0.3623544
vn 0.5067536 0.7846562 -0.3570931
vn 0.3857155 0.8526039 -0.3525480
vn 0.2590505 0.9005783 -0.3490724
vn 0.1290042 0.9289850 -0.3469074
vn -0.0026066 0.9381605 -0.3461908
vn -0.1341865 0.9282287 -0.3469661
vn -0.2641358 0.8990558 -0.3491862
vn -0.3906244 0.8502992 -0.3527093
vn -0.5113861 0.7815548 -0.3572902
vn -0.6235648 0.6926105 -0.3625710
vn -0.7236657 0.5838010 -0.3680821
vn -0.8076820 0.4564251 -0.3732639
vn -0.8714530 0.3131239 -0.3775224
vn -0.9112483 0.1580670 -0.3803175
vn -0.9244589 -0.0032084 -0.3812683
vn -0.9101674 -0.1643556 -0.3802402
vn -0.8693650 -0.3190451 -0.3773786
vn -0.8047178 -0.4617858 -0.3730727
vn -0.7199859 -0.5884680 -0.3678665
vn -0.6193339 -0.6965090 -0.3623544
vn -0.5067536 -0.7846562 -0.3570931
vn -0.3857155 -0.8526039 -0.3525480
vn -0.2590505 -0.9005783 -0.3490724
vn -0.1290042 -0.9289850 -0.3469074
vn 0.0026066 -0.9381605 -0.3461908
vn 0.1341865 -0.9282287 -0.3469661
vn 0.2641358 -0.8990558 -0.3491862
vn 0.3906244 -0.8502992 -0.3527093
vn 0.5113861 -0.7815548 -0.3572902
vn 0.6235648 -0.6926105 -0.3625710
vn 0.7236657 -0.5838010 -0.3680821
vn 0.8076820 -0.4564251 -0.3732639
vn 0.8714530 -0.3131239 -0.3775224
vn 0.9112483 -0.1580670 -0.3803175
vn 0.9595900 0.0024890 -0.2813909
vn 0.9447019 0.1697419 -0.2805814
vn 0.9019707 0.3301351 -0.2783159
vn 0.8343180 0.4778478 -0.2749090
vn 0.7458406 0.6085969 -0.2707981
vn 0.6410301 0.7197786 -0.2664568
vn 0.5241342 0.8102281 -0.2623238
vn 0.3987855 0.8797799 -0.2587614
vn 0.2678892 0.9288047 -0.2560415
vn 0.1336979 0.9578269 -0.2543473
vn -0.0020085 0.9672591 -0.2537830
vn -0.1376928 0.9572517 -0.2543815
vn -0.2718141 0.9276453 -0.2561079
vn -0.4025815 0.8780215 -0.2588557
vn -0.5277257 0.8078559 -0.2624393
vn -0.6443201 0.7167877 -0.2665841
vn -0.7487112 0.6050050 -0.2709252
vn -0.8366375 0.4737094 -0.2750221
vn -0.9036086 0.3255522 -0.2784012
vn -0.9455514 0.1648663 -0.2806273
vn -0.9595900 -0.0024890 -0.2813909
vn -0.9447019 -0.1697419 -0.2805814
vn -0.9019707 -0.3301351 -0.2783159
vn -0.8343180 -0.4778478 -0.2749090
vn -0.7458406 -0.6085969 -0.2707981
vn -0.6410301 -0.7197786 -0.2664568
vn -0.5241342 -0.8102281 -0.2623238
vn -0.3987855 -0.8797799 -0.2587614
vn -0.2678892 -0.9288047 -0.2560415
vn -0.1336979 -0.9578269 -0.2543473
vn 0.0020085 -0.9672591 -0.2537830
vn 0.1376928 -0.9572517 -0.2543815
vn 0.2718141 -0.9276453 -0.2561079
vn 0.4025815 -0.8780215 -0.2588557
vn 0.5277257 -0.8078559 -0.2624393
vn 0.6443201 -0.7167877 -0.2665841
vn 0.7487112 -0.6050050 -0.2709252
vn 0.8366375 -0.4737094 -0.2750221
vn 0.9036086 -0.3255522 -0.2784012
vn 0.9455514 -0.1648663 -0.2806273
vn 0.9821161 0.0017975 -0.1882679
vn 0.9668756 0.1729687 -0.1877054
vn 0.9229164 0.3370214 -0.1861233
vn 0.8533325 0.4879158 -0.1837441
vn 0.7624470 0.6212553 -0.1808766
vn 0.6549700 0.7344267 -0.1778532
vn 0.5353183 0.8263272 -0.1749793
vn 0.4072290 0.8968870 -0.1725057
vn 0.2736534 0.9465744 -0.1706185
vn 0.1368448 0.9759932 -0.1694428
vn -0.0014441 0.9856066 -0.1690489
vn -0.1397178 0.9755831 -0.1694594
vn -0.2764782 0.9457474 -0.1706510
vn -0.4099646 0.8956310 -0.1725518
vn -0.5379107 0.8246299 -0.1750359
vn -0.6573495 0.7322825 -0.1779157
vn -0.7645275 0.6186749 -0.1809392
vn -0.8550170 0.4849367 -0.1837998
vn -0.9241080 0.3337168 -0.1861653
vn -0.9674943 0.1694492 -0.1877281
vn -0.9821161 -0.0017975 -0.1882679
vn -0.9668756 -0.1729687 -0.1877054
vn -0.9229164 -0.3370214 -0.1861233
vn -0.8533325 -0.4879158 -0.1837441
vn -0.7624470 -0.6212553 -0.1808766
vn -0.6549700 -0.7344267 -0.1778532
vn -0.5353183 -0.8263272 -0.1749793
vn -0.4072290 -0.8968870 -0.1725057
vn -0.2736534 -0.9465744 -0.1706185
vn -0.1368448 -0.9759932 -0.1694428
vn 0.0014441 -0.9856066 -0.1690489
vn 0.1397178 -0.9755831 -0.1694594
vn 0.2764782 -0.9457474 -0.1706510
vn 0.4099646 -0.8956310 -0.1725518
vn 0.5379107 -0.8246299 -0.1750359
vn 0.6573495 -0.7322825 -0.1779157
vn 0.7645275 -0.6186749 -0.1809392
vn 0.8550170 -0.4849367 -0.1837998
vn 0.9241080 -0.3337168 -0.1861653
vn 0.9674943 -0.1694492 -0.1877281
vn 0.9947087 0.0011391 -0.1027292
vn 0.9793153 0.1745061 -0.1024167
vn 0.9347036 0.3406172 -0.1015337
vn 0.8640650 0.4933058 -0.1002052
vn 0.7718521 0.6281094 -0.0986047
vn 0.6629002 0.7424083 -0.0969184
vn 0.5417228 0.8351354 -0.0953168
vn 0.4121170 0.9062754 -0.0939390
vn 0.2770595 0.9563524 -0.0928881
vn 0.1388041 0.9860155 -0.0922330
vn -0.0009129 0.9957574 -0.0920125
vn -0.1406206 0.9857575 -0.0922388
vn -0.2788463 0.9558318 -0.0928994
vn -0.4138485 0.9054843 -0.0939550
vn -0.5433653 0.8340654 -0.0953365
vn -0.6644095 0.7410551 -0.0969402
vn -0.7731733 0.6264789 -0.0986266
vn -0.8651359 0.4914213 -0.1002247
vn -0.9354618 0.3385248 -0.1015484
vn -0.9797092 0.1722762 -0.1024247
vn -0.9947087 -0.0011391 -0.1027292
vn -0.9793153 -0.1745061 -0.1024167
vn -0.9347036 -0.3406172 -0.1015337
vn -0.8640650 -0.4933058 -0.1002052
vn -0.7718521 -0.6281094 -0.0986047
vn -0.6629002 -0.7424083 -0.0969184
vn -0.5417228 -0.8351354 -0.0953168
vn -0.4121170 -0.9062754 -0.0939390
vn -0.2770595 -0.9563524 -0.0928881
vn -0.1388041 -0.9860155 -0.0922330
vn 0.0009129 -0.9957574 -0.0920125
vn 0.1406206 -0.9857575 -0.0922388
vn 0.2788463 -0.9558318 -0.0928994
vn 0.4138485 -0.9054843 -0.0939550
vn 0.5433653 -0.8340654 -0.0953365
vn 0.6644095 -0.7410551 -0.0969402
vn 0.7731733 -0.6264789 -0.0986266
vn 0.8651359 -0.4914213 -0.1002247
vn 0.9354618 -0.3385248 -0.1015484
vn 0.9797092 -0.1722762 -0.1024247
vn 0.9996912 0.0005143 -0.0248440
vn 0.9842999 0.1747578 -0.0247682
vn 0.9394866 0.3417048 -0.0245530
vn 0.8684782 0.4951349 -0.0242290
vn 0.7757778 0.6305557 -0.0238386
vn 0.6662710 0.7453416 -0.0234272
vn 0.5445108 0.8384374 -0.0230366
vn 0.4143199 0.9098482 -0.0227006
vn 0.2786866 0.9601198 -0.0224442
vn 0.1398660 0.9899197 -0.0222843
vn -0.0004118 0.9997528 -0.0222302
vn -0.1406853 0.9898035 -0.0222849
vn -0.2794927 0.9598854 -0.0224455
vn -0.4151013 0.9094919 -0.0227023
vn -0.5452524 0.8379553 -0.0230387
vn -0.6669526 0.7447317 -0.0234296
vn -0.7763748 0.6298204 -0.0238410
vn -0.8689623 0.4942847 -0.0242311
vn -0.9398295 0.3407604 -0.0245546
vn -0.9844781 0.1737511 -0.0247691
vn -0.9996912 -0.0005143 -0.0248440
vn -0.9842999 -0.1747578 -0.0247682
vn -0.9394866 -0.3417048 -0.0245530
vn -0.8684782 -0.4951349 -0.0242290
vn -0.7757778 -0.6305557 -0.0238386
vn -0.6662710 -0.7453416 -0.0234272
vn -0.5445108 -0.8384374 -0.0230366
vn -0.4143199 -0.9098482 -0.0227006
vn -0.2786866 -0.9601198 -0.0224442
vn -0.1398660 -0.9899197 -0.0222843
vn 0.0004118 -0.9997528 -0.0222302
vn 0.1406853 -0.9898035 -0.0222849
vn 0.2794927 -0.9598854 -0.0224455
vn 0.4151013 -0.9094919 -0.0227023
vn 0.5452524 -0.8379553 -0.0230387
vn 0.6669526 -0.7447317 -0.0234296
vn 0.7763748 -0.6298204 -0.0238410
vn 0.8689623 -0.4942847 -0.0242311
vn 0.9398295 -0.3407604 -0.0245546
vn 0.9844781 -0.1737511 -0.0247691
vn 0.9989484 -0.0000801 0.0458479
vn 0.9836759 0.1740474 0.0457092
vn 0.9390027 0.3409114 0.0453134
vn 0.8681440 0.4942939 0.0447169
vn 0.7755918 0.6296996 0.0439976
vn 0.6662243 0.7444968 0.0432395
vn 0.5445912 0.8376232 0.0425192
vn 0.4145141 0.9090778 0.0418994
vn 0.2789832 0.9594020 0.0414263
vn 0.1402556 0.9892606 0.0411308
vn 0.0000641 0.9991579 0.0410304
vn -0.1401280 0.9892787 0.0411306
vn -0.2788576 0.9594386 0.0414259
vn -0.4143924 0.9091334 0.0418989
vn -0.5444756 0.8376983 0.0425186
vn -0.6661182 0.7445918 0.0432388
vn -0.7754988 0.6298141 0.0439970
vn -0.8680686 0.4944264 0.0447163
vn -0.9389493 0.3410585 0.0453130
vn -0.9836481 0.1742042 0.0457089
vn -0.9989484 0.0000801 0.0458479
vn -0.9836759 -0.1740474 0.0457092
vn -0.9390027 -0.3409114 0.0453134
vn -0.8681440 -0.4942939 0.0447169
vn -0.7755918 -0.6296996 0.0439976
vn -0.6662243 -0.7444968 0.0432395
vn -0.5445912 -0.8376232 0.0425192
vn -0.4145141 -0.9090778 0.0418994
vn -0.2789832 -0.9594020 0.0414263
vn -0.1402556 -0.9892606 0.0411308
vn -0.0000641 -0.9991579 0.0410304
vn 0.1401280 -0.9892787 0.0411306
vn 0.2788576 -0.9594386 0.0414259
vn 0.4143924 -0.9091334 0.0418989
vn 0.5444756 -0.8376983 0.0425186
vn 0.6661182 -0.7445918 0.0432388
vn 0.7754988 -0.6298141 0.0439970
vn 0.8680686 -0.4944264 0.0447163
vn 0.9389493 -0.3410585 0.0453130
vn 0.9836481 -0.1742042 0.0457089
vn 0.9939143 -0.0006498 0.1101542
vn 0.9788470 0.1726175 0.1098264
vn 0.9345693 0.3387093 0.1088867
vn 0.8642486 0.4914518 0.1074683
vn 0.7723208 0.6263673 0.1057567
vn 0.6636133 0.7408182 0.1039509
vn 0.5426393 0.8337210 0.1022340
vn 0.4132007 0.9050489 0.1007554
vn 0.2782810 0.9553190 0.0996259
vn 0.1401406 0.9851779 0.0989196
vn 0.0005209 0.9951192 0.0986785
vn -0.1391042 0.9853251 0.0989161
vn -0.2772616 0.9556161 0.0996190
vn -0.4122128 0.9055004 0.1007455
vn -0.5417023 0.8343316 0.1022219
vn -0.6627524 0.7415904 0.1039376
vn -0.7715672 0.6272976 0.1057433
vn -0.8636378 0.4925270 0.1074564
vn -0.9341368 0.3399030 0.1088777
vn -0.9786223 0.1738896 0.1098216
vn -0.9939143 0.0006498 0.1101542
vn -0.9788470 -0.1726175 0.1098264
vn -0.9345693 -0.3387093 0.1088867
vn -0.8642486 -0.4914518 0.1074683
vn -0.7723208 -0.6263673 0.1057567
vn -0.6636133 -0.7408182 0.1039509
vn -0.5426393 -0.8337210 0.1022340
vn -0.4132007 -0.9050489 0.1007554
vn -0.2782810 -0.9553190 0.0996259
vn -0.1401406 -0.9851779 0.0989196
vn -0.0005209 -0.9951192 0.0986785
vn 0.1391042 -0.9853251 0.0989161
vn 0.2772616 -0.9556161 0.0996190
vn 0.4122128 -0.9055004 0.1007455
vn 0.5417023 -0.8343316 0.1022219
vn 0.6627524 -0.7415904 0.1039376
vn 0.7715672 -0.6272976 0.1057433
vn 0.8636378 -0.4925270 0.1074564
vn 0.9341368 -0.3399030 0.1088777
vn 0.9786223 -0.1738896 0.1098216
vn 0.9855971 -0.0012023 0.1691065
vn 0.9708000 0.1706353 0.1686148
vn 0.9271106 0.3354262 0.1671984
vn 0.8576224 0.4870728 0.1650573
vn 0.7666810 0.6211310 0.1624702
vn 0.6590306 0.7349575 0.1597378
vn 0.5391236 0.8274381 0.1571370
vn 0.4107264 0.8985051 0.1548950
vn 0.2768100 0.9486369 0.1531806
vn 0.1396382 0.9784501 0.1521073
vn 0.0009653 0.9884201 0.1517392
vn -0.1377177 0.9787238 0.1520972
vn -0.2749215 0.9491890 0.1531611
vn -0.4088972 0.8993438 0.1548672
vn -0.5373896 0.8285717 0.1571030
vn -0.6574386 0.7363901 0.1597001
vn -0.7652885 0.6228556 0.1624325
vn -0.8564947 0.4890645 0.1650237
vn -0.9263126 0.3376360 0.1671730
vn -0.9703857 0.1729893 0.1686011
vn -0.9855971 0.0012023 0.1691065
vn -0.9708000 -0.1706353 0.1686148
vn -0.9271106 -0.3354262 0.1671984
vn -0.8576224 -0.4870728 0.1650573
vn -0.7666810 -0.6211310 0.1624702
vn -0.6590306 -0.7349575 0.1597378
vn -0.5391236 -0.8274381 0.1571370
vn -0.4107264 -0.8985051 0.1548950
vn -0.2768100 -0.9486369 0.1531806
vn -0.1396382 -0.9784501 0.1521073
vn -0.0009653 -0.9884201 0.1517392
vn 0.1377177 -0.9787238 0.1520972
vn 0.2749215 -0.9491890 0.1531611
vn 0.4088972 -0.8993438 0.1548672
vn 0.5373896 -0.8285717 0.1571030
vn 0.6574386 -0.7363901 0.1597001
vn 0.7652885 -0.6228556 0.1624325
vn 0.8564947 -0.4890645 0.1650237
vn 0.9263126 -0.3376360 0.1671730
vn 0.9703857 -0.1729893 0.1686011
vn 0.9746131 -0.0017464 0.2238891
vn 0.9601384 0.1681985 0.2232566
vn 0.9171908 0.3312577 0.2214256
vn 0.8487705 0.4814349 0.2186530
vn 0.7591064 0.6143323 0.2152980
vn 0.6528345 0.7273027 0.2117498
vn 0.5343262 0.8191937 0.2083680
vn 0.4073004 0.8898860 0.2054492
vn 0.2747099 0.9398076 0.2032146
vn 0.1388213 0.9695359 0.2018135
vn 0.0014051 0.9795223 0.2013308
vn -0.1360261 0.9699361 0.2017943
vn -0.2719622 0.9406145 0.2031773
vn -0.4046407 0.8911107 0.2053961
vn -0.5318070 0.8208479 0.2083029
vn -0.6505238 0.7293910 0.2116780
vn -0.7570874 0.6168438 0.2152262
vn -0.8471370 0.4843324 0.2185890
vn -0.9160360 0.3344700 0.2213773
vn -0.9595391 0.1716185 0.2232306
vn -0.9746131 0.0017464 0.2238891
vn -0.9601384 -0.1681985 0.2232566
vn -0.9171908 -0.3312577 0.2214256
vn -0.8487705 -0.4814349 0.2186530
vn -0.7591064 -0.6143323 0.2152980
vn -0.6528345 -0.7273027 0.2117498
vn -0.5343262 -0.8191937 0.2083680
vn -0.4073004 -0.8898860 0.2054492
vn -0.2747099 -0.9398076 0.2032146
vn -0.1388213 -0.9695359 0.2018135
vn -0.0014051 -0.9795223 0.2013308
vn 0.1360261 -0.9699361 0.2017943
vn 0.2719622 -0.9406145 0.2031773
vn 0.4046407 -0.8911107 0.2053961
vn 0.5318070 -0.8208479 0.2083029
vn 0.6505238 -0.7293910 0.2116780
vn 0.7570874 -0.6168438 0.2152262
vn 0.8471370 -0.4843324 0.2185890
vn 0.9160360 -0.3344700 0.2213773
vn 0.9595391 -0.1716185 0.2232306
vn 0.9612089 -0.0022924 0.2758119
vn 0.9471036 0.1653397 0.2750591
vn 0.9050347 0.3262747 0.2728683
vn 0.8378920 0.4746397 0.2695445
vn 0.7497660 0.6060959 0.2655159
vn 0.6451626 0.7179934 0.2612484
vn 0.5283549 0.8091367 0.2571749
vn 0.4030029 0.8793454 0.2536539
vn 0.2720354 0.9289879 0.2509548
vn 0.1377214 0.9585940 0.2492597
vn 0.0018493 0.9685857 0.2486730
vn -0.1340432 0.9591233 0.2492288
vn -0.2684215 0.9300547 0.2508948
vn -0.3995072 0.8809636 0.2535687
vn -0.5250472 0.8113200 0.2570705
vn -0.6421322 0.7207466 0.2611334
vn -0.7471215 0.6094028 0.2654010
vn -0.8357548 0.4784504 0.2694422
vn -0.9035253 0.3304951 0.2727912
vn -0.9463208 0.1698300 0.2750176
vn -0.9612089 0.0022924 0.2758119
vn -0.9471036 -0.1653397 0.2750591
vn -0.9050347 -0.3262747 0.2728683
vn -0.8378920 -0.4746397 0.2695445
vn -0.7497660 -0.6060959 0.2655159
vn -0.6451626 -0.7179934 0.2612484
vn -0.5283549 -0.8091367 0.2571749
vn -0.4030029 -0.8793454 0.2536539
vn -0.2720354 -0.9289879 0.2509548
vn -0.1377214 -0.9585940 0.2492597
vn -0.0018493 -0.9685857 0.2486730
vn 0.1340432 -0.9591233 0.2492288
vn 0.2684215 -0.9300547 0.2508948
vn 0.3995072 -0.8809636 0.2535687
vn 0.5250472 -0.8113200 0.2570705
vn 0.6421322 -0.7207466 0.2611334
vn 0.7471215 -0.6094028 0.2654010
vn 0.8357548 -0.4784504 0.2694422
vn 0.9035253 -0.3304951 0.2727912
vn 0.9463208 -0.1698300 0.2750176
vn 0.9452560 -0.0028522 0.3263173
vn 0.9315699 0.1620243 0.3254622
vn 0.8905211 0.3204206 0.3229593
vn 0.8248735 0.4666096 0.3191539
vn 0.7385574 0.5963237 0.3145330
vn 0.6359265 0.7069140 0.3096290
vn 0.5211380 0.7971368 0.3049397
vn 0.3977809 0.8667420 0.3008797
vn 0.2687542 0.9160288 0.2977625
vn 0.1363272 0.9454715 0.2958015
vn 0.0023080 0.9554577 0.2951192
vn -0.1317374 0.9461361 0.2957563
vn -0.2642471 0.9173675 0.2976749
vn -0.3934252 0.8687709 0.3007554
vn -0.5170213 0.7998709 0.3047876
vn -0.6321600 0.7103571 0.3094616
vn -0.7352753 0.6004533 0.3143661
vn -0.8222249 0.4713615 0.3190056
vn -0.8886527 0.3256774 0.3228476
vn -0.9306016 0.1676128 0.3254021
vn -0.9452560 0.0028522 0.3263173
vn -0.9315699 -0.1620243 0.3254622
vn -0.8905211 -0.3204206 0.3229593
vn -0.8248735 -0.4666096 0.3191539
vn -0.7385574 -0.5963237 0.3145330
vn -0.6359265 -0.7069140 0.3096290
vn -0.5211380 -0.7971368 0.3049397
vn -0.3977809 -0.8667420 0.3008797
vn -0.2687542 -0.9160288 0.2977625
vn -0.1363272 -0.9454715 0.2958015
vn -0.0023080 -0.9554577 0.2951192
vn 0.1317374 -0.9461361 0.2957563
vn 0.2642471 -0.9173675 0.2976749
vn 0.3934252 -0.8687709 0.3007554
vn 0.5170213 -0.7998709 0.3047876
vn 0.6321600 -0.7103571 0.3094616
vn 0.7352753 -0.6004533 0.3143661
vn 0.8222249 -0.4713615 0.3190056
vn 0.8886527 -0.3256774 0.3228476
vn 0.9306016 -0.1676128 0.3254021
vn 0.9262016 -0.0034399 0.3770129
vn 0.9129955 0.1581425 0.3760719
vn 0.8731370 0.3134945 0.3733001
vn 0.8092454 0.4570613 0.3690756
vn 0.7250663 0.5846626 0.3639348
vn 0.6247763 0.6936540 0.3584673
vn 0.5123953 0.7827394 0.3532282
vn 0.3914269 0.8515896 0.3486835
vn 0.2647319 0.9004234 0.3451880
vn 0.1345779 0.9296507 0.3429845
vn 0.0027937 0.9396180 0.3422137
vn -0.1290235 0.9304608 0.3429223
vn -0.2592811 0.9020543 0.3450672
vn -0.3861646 0.8540586 0.3485123
vn -0.5074288 0.7860621 0.3530190
vn -0.6202397 0.6978315 0.3582373
vn -0.7211200 0.5896643 0.3637059
vn -0.8060660 0.4628074 0.3688726
vn -0.8708972 0.3198422 0.3731474
vn -0.9118359 0.1648846 0.3759899
vn -0.9262016 0.0034399 0.3770129
vn -0.9129955 -0.1581425 0.3760719
vn -0.8731370 -0.3134945 0.3733001
vn -0.8092454 -0.4570613 0.3690756
vn -0.7250663 -0.5846626 0.3639348
vn -0.6247763 -0.6936540 0.3584673
vn -0.5123953 -0.7827394 0.3532282
vn -0.3914269 -0.8515896 0.3486835
vn -0.2647319 -0.9004234 0.3451880
vn -0.1345779 -0.9296507 0.3429845
vn -0.0027937 -0.9396180 0.3422137
vn 0.1290235 -0.9304608 0.3429223
vn 0.2592811 -0.9020543 0.3450672
vn 0.3861646 -0.8540586 0.3485123
vn 0.5074288 -0.7860621 0.3530190
vn 0.6202397 -0.6978315 0.3582373
vn 0.7211200 -0.5896643 0.3637059
vn 0.8060660 -0.4628074 0.3688726
vn 0.8708972 -0.3198422 0.3731474
vn 0.9118359 -0.1648846 0.3759899
vn 0.9029533 -0.0040719 0.4297195
vn 0.8903088 0.1534876 0.4287095
vn 0.8518667 0.3051101 0.4257122
vn 0.7900791 0.4454474 0.4211313
vn 0.7084751 0.5704275 0.4155425
vn 0.6110213 0.6774175 0.4095834
vn 0.5015729 0.7650636 0.4038592
vn 0.3835282 0.8329460 0.3988823
vn 0.2596990 0.8811895 0.3950461
vn 0.1323466 0.9101275 0.3926224
vn 0.0033215 0.9200576 0.3917690
vn -0.1257445 0.9110989 0.3925394
vn -0.2532252 0.8831436 0.3948854
vn -0.3772863 0.8359004 0.3986546
vn -0.4956916 0.7690331 0.4035815
vn -0.6056596 0.6823982 0.4092788
vn -0.7038206 0.5763786 0.4152399
vn -0.7863366 0.4522706 0.4208634
vn -0.8492346 0.3126353 0.4255111
vn -0.8889476 0.1614715 0.4286014
vn -0.9029533 0.0040719 0.4297195
vn -0.8903088 -0.1534876 0.4287095
vn -0.8518667 -0.3051101 0.4257122
vn -0.7900791 -0.4454474 0.4211313
vn -0.7084751 -0.5704275 0.4155425
vn -0.6110213 -0.6774175 0.4095834
vn -0.5015729 -0.7650636 0.4038592
vn -0.3835282 -0.8329460 0.3988823
vn -0.2596990 -0.8811895 0.3950461
vn -0.1323466 -0.9101275 0.3926224
vn -0.0033215 -0.9200576 0.3917690
vn 0.1257445 -0.9110989 0.3925394
vn 0.2532252 -0.8831436 0.3948854
vn 0.3772863 -0.8359004 0.3986546
vn 0.4956916 -0.7690331 0.4035815
vn 0.6056596 -0.6823982 0.4092788
vn 0.7038206 -0.5763786 0.4152399
vn 0.7863366 -0.4522706 0.4208634
vn 0.8492346 -0.3126353 0.4255111
vn 0.8889476 -0.1614715 0.4286014
vn 0.8736604 -0.0047679 0.4865128
vn 0.8616923 0.1477182 0.4854541
vn 0.8249854 0.2946201 0.4822842
vn 0.7657936 0.4308451 0.4774229
vn 0.6873872 0.5524596 0.4714736
vn 0.5934783 0.6568531 0.4651103
vn 0.4877185 0.7426093 0.4589793
vn 0.3733727 0.8092029 0.4536337
vn 0.2531867 0.8566470 0.4495024
vn 0.1294087 0.8851821 0.4468848
vn 0.0039104 0.8950462 0.4459563
vn -0.1216386 0.8863378 0.4467767
vn -0.2455752 0.8589694 0.4492932
vn -0.3660454 0.8127088 0.4533377
vn -0.4808288 0.7473100 0.4586190
vn -0.5872125 0.6627371 0.4647161
vn -0.6819618 0.5594719 0.4710831
vn -0.7614419 0.4388654 0.4770779
vn -0.8219311 0.3034476 0.4820258
vn -0.8601149 0.1570712 0.4853154
vn -0.8736604 0.0047679 0.4865128
vn -0.8616923 -0.1477182 0.4854541
vn -0.8249854 -0.2946201 0.4822842
vn -0.7657936 -0.4308451 0.4774229
vn -0.6873872 -0.5524596 0.4714736
vn -0.5934783 -0.6568531 0.4651103
vn -0.4877185 -0.7426093 0.4589793
vn -0.3733727 -0.8092029 0.4536337
vn -0.2531867 -0.8566470 0.4495024
vn -0.1294087 -0.8851821 0.4468848
vn -0.0039104 -0.8950462 0.4459563
vn 0.1216386 -0.8863378 0.4467767
vn 0.2455752 -0.8589694 0.4492932
vn 0.3660454 -0.8127088 0.4533377
vn 0.4808288 -0.7473100 0.4586190
vn 0.5872125 -0.6627371 0.4647161
vn 0.6819618 -0.5594719 0.4710831
vn 0.7614419 -0.4388654 0.4770779
vn 0.8219311 -0.3034476 0.4820258
vn 0.8601149 -0.1570712 0.4853154
vn 0.8353414 -0.0055502 0.5497035
vn 0.8242139 0.1402923 0.5486252
vn 0.7897018 0.2809870 0.5453599
vn 0.7338201 0.4117654 0.5403308
vn 0.6595225 0.5288779 0.5341518
vn 0.5702050 0.6297556 0.5275169
vn 0.4692605 0.7129165 0.5210995
vn 0.3597785 0.7777119 0.5154839
vn 0.2444123 0.8240202 0.5111295
vn 0.1253840 0.8519673 0.5083606
vn 0.0045835 0.8617165 0.5073693
vn -0.1162804 0.8533402 0.5082218
vn -0.2355057 0.8267755 0.5108613
vn -0.3512218 0.7818630 0.5151053
vn -0.4612363 0.7184673 0.5206398
vn -0.5629301 0.6366823 0.5270155
vn -0.6532439 0.5371060 0.5336568
vn -0.7287995 0.4211471 0.5398948
vn -0.7861870 0.2912865 0.5450341
vn -0.8224016 0.1511864 0.5484507
vn -0.8353414 0.0055502 0.5497035
vn -0.8242139 -0.1402923 0.5486252
vn -0.7897018 -0.2809870 0.5453599
vn -0.7338201 -0.4117654 0.5403308
vn -0.6595225 -0.5288779 0.5341518
vn -0.5702050 -0.6297556 0.5275169
vn -0.4692605 -0.7129165 0.5210995
vn -0.3597785 -0.7777119 0.5154839
vn -0.2444123 -0.8240202 0.5111295
vn -0.1253840 -0.8519673 0.5083606
vn -0.0045835 -0.8617165 0.5073693
vn 0.1162804 -0.8533402 0.5082218
vn 0.2355057 -0.8267755 0.5108613
vn 0.3512218 -0.7818630 0.5151053
vn 0.4612363 -0.7184673 0.5206398
vn 0.5629301 -0.6366823 0.5270155
vn 0.6532439 -0.5371060 0.5336568
vn 0.7287995 -0.4211471 0.5398948
vn 0.7861870 -0.2912865 0.5450341
vn 0.8224016 -0.1511864 0.5484507
vn 0.7833015 -0.0064409 0.6216086
vn 0.7732486 0.1303687 0.6205567
vn 0.7415957 0.2625815 0.6173223
vn 0.6900667 0.3858513 0.6123126
vn 0.6212235 0.4966816 0.6061261
vn 0.5380622 0.5925795 0.5994486
vn 0.4436392 0.6720013 0.5929574
vn 0.3408066 0.7341581 0.5872502
vn 0.2320822 0.7787658 0.5828051
vn 0.1196370 0.8058087 0.5799650
vn 0.0053673 0.8153555 0.5789357
vn -0.1089827 0.8074446 0.5797896
vn -0.2216759 0.7820437 0.5824667
vn -0.3308361 0.7390831 0.5867739
vn -0.4343218 0.6785640 0.5923812
vn -0.5296490 0.6007356 0.5988227
vn -0.6139934 0.5063290 0.6055106
vn -0.6843084 0.3968073 0.6117728
vn -0.7375778 0.2745694 0.6169202
vn -0.7711815 0.1430209 0.6203419
vn -0.7833015 0.0064409 0.6216086
vn -0.7732486 -0.1303687 0.6205567
vn -0.7415957 -0.2625815 0.6173223
vn -0.6900667 -0.3858513 0.6123126
vn -0.6212235 -0.4966816 0.6061261
vn -0.5380622 -0.5925795 0.5994486
vn -0.4436392 -0.6720013 0.5929574
vn -0.3408066 -0.7341581 0.5872502
vn -0.2320822 -0.7787658 0.5828051
vn -0.1196370 -0.8058087 0.5799650
vn -0.0053673 -0.8153555 0.5789357
vn 0.1089827 -0.8074446 0.5797896
vn 0.2216759 -0.7820437 0.5824667
vn 0.3308361 -0.7390831 0.5867739
vn 0.4343218 -0.6785640 0.5923812
vn 0.5296490 -0.6007356 0.5988227
vn 0.6139934 -0.5063290 0.6055106
vn 0.6843084 -0.3968073 0.6117728
vn 0.7375778 -0.2745694 0.6169202
vn 0.7711815 -0.1430209 0.6203419
vn 0.7103945 -0.0074529 0.7037642
vn 0.7017407 0.1166851 0.7028119
vn 0.6738855 0.2369260 0.6998174
vn 0.6282030 0.3494804 0.6951435
vn 0.5667744 0.4512077 0.6893318
vn 0.4920914 0.5397552 0.6830156
vn 0.4067694 0.6135427 0.6768338
vn 0.3133322 0.6716354 0.6713634
vn 0.2140916 0.7135637 0.6670769
vn 0.1111187 0.7391425 0.6643199
vn 0.0062850 0.7483239 0.6633038
vn -0.0986524 0.7411028 0.6641042
vn -0.2019430 0.7174827 0.6666615
vn -0.3017341 0.6775025 0.6707809
vn -0.3959818 0.6213241 0.6761322
vn -0.4824029 0.5493741 0.6822576
vn -0.5584949 0.4625216 0.6885907
vn -0.6216436 0.3622615 0.6944968
vn -0.6693283 0.2508507 0.6993379
vn -0.6994029 0.1313397 0.7025564
vn -0.7103945 0.0074529 0.7037642
vn -0.7017407 -0.1166851 0.7028119
vn -0.6738855 -0.2369260 0.6998174
vn -0.6282030 -0.3494804 0.6951435
vn -0.5667744 -0.4512077 0.6893318
vn -0.4920914 -0.5397552 0.6830156
vn -0.4067694 -0.6135427 0.6768338
vn -0.3133322 -0.6716354 0.6713634
vn -0.2140916 -0.7135637 0.6670769
vn -0.1111187 -0.7391425 0.6643199
vn -0.0062850 -0.7483239 0.6633038
vn 0.0986524 -0.7411028 0.6641042
vn 0.2019430 -0.7174827 0.6666615
vn 0.3017341 -0.6775025 0.6707809
vn 0.3959818 -0.6213241 0.6761322
vn 0.4824029 -0.5493741 0.6822576
vn 0.5584949 -0.4625216 0.6885907
vn 0.6216436 -0.3622615 0.6944968
vn 0.6693283 -0.2508507 0.6993379
vn 0.6994029 -0.1313397 0.7025564
vn 0.6067054 -0.0085654 0.7948806
vn 0.5998694 0.0975236 0.7941322
vn 0.5770543 0.2005846 0.7916907
vn 0.5392368 0.2975509 0.7878370
vn 0.4879362 0.3857838 0.7830001
vn 0.4250318 0.4631841 0.7776943
vn 0.3525761 0.5282098 0.7724535
vn 0.2726416 0.5798173 0.7677750
vn 0.1872233 0.6173597 0.7640776
vn 0.0981983 0.6404736 0.7616762
vn 0.0073349 0.6489824 0.7607681
vn -0.0836642 0.6428302 0.7614260
vn -0.1731019 0.6220570 0.7635973
vn -0.2592238 0.5868165 0.7671045
vn -0.3401719 0.5374361 0.7716511
vn -0.4139691 0.4745097 0.7768334
vn -0.4785502 0.3990095 0.7821644
vn -0.5318504 0.3123919 0.7871127
vn -0.5719506 0.2166654 0.7911565
vn -0.5972605 0.1143868 0.7938486
vn -0.6067054 0.0085654 0.7948806
vn -0.5998694 -0.0975236 0.7941322
vn -0.5770543 -0.2005846 0.7916907
vn -0.5392368 -0.2975509 0.7878370
vn -0.4879362 -0.3857838 0.7830001
vn -0.4250318 -0.4631841 0.7776943
vn -0.3525761 -0.5282098 0.7724535
vn -0.2726416 -0.5798173 0.7677750
vn -0.1872233 -0.6173597 0.7640776
vn -0.0981983 -0.6404736 0.7616762
vn -0.0073349 -0.6489824 0.7607681
vn 0.0836642 -0.6428302 0.7614260
vn 0.1731019 -0.6220570 0.7635973
vn 0.2592238 -0.5868165 0.7671045
vn 0.3401719 -0.5374361 0.7716511
vn 0.4139691 -0.4745097 0.7768334
vn 0.4785502 -0.3990095 0.7821644
vn 0.5318504 -0.3123919 0.7871127
vn 0.5719506 -0.2166654 0.7911565
vn 0.5972605 -0.1143868 0.7938486
vn 0.4620677 -0.0096778 0.8867918
vn 0.4575063 0.0711933 0.8863518
vn 0.4411387 0.1500445 0.8848069
vn 0.4135425 0.2246930 0.8823240
vn 0.3756520 0.2931767 0.8791661
vn 0.3286753 0.3538284 0.8756586
vn 0.2740025 0.4053075 0.8721516
vn 0.2131220 0.4465953 0.8689831
vn 0.1475575 0.4769635 0.8664483
vn 0.0788290 0.4959312 0.8647764
vn 0.0084376 0.5032229 0.8641154
vn -0.0621305 0.4987379 0.8645232
vn -0.1313913 0.4825376 0.8659640
vn -0.1978481 0.4548540 0.8683110
vn -0.2599848 0.4161152 0.8713530
vn -0.3162760 0.3669865 0.8748088
vn -0.3652200 0.3084138 0.8783480
vn -0.4053963 0.2416592 0.8816205
vn -0.4355451 0.1683134 0.8842913
vn -0.4546586 0.0902733 0.8860791
vn -0.4620677 0.0096778 0.8867918
vn -0.4575063 -0.0711933 0.8863518
vn -0.4411387 -0.1500445 0.8848069
vn -0.4135425 -0.2246930 0.8823240
vn -0.3756520 -0.2931767 0.8791661
vn -0.3286753 -0.3538284 0.8756586
vn -0.2740025 -0.4053075 0.8721516
vn -0.2131220 -0.4465953 0.8689831
vn -0.1475575 -0.4769635 0.8664483
vn -0.0788290 -0.4959312 0.8647764
vn -0.0084376 -0.5032229 0.8641154
vn 0.0621305 -0.4987379 0.8645232
vn 0.1313913 -0.4825376 0.8659640
vn 0.1978481 -0.4548540 0.8683110
vn 0.2599848 -0.4161152 0.8713530
vn 0.3162760 -0.3669865 0.8748088
vn 0.3652200 -0.3084138 0.8783480
vn 0.4053963 -0.2416592 0.8816205
vn 0.4355451 -0.1683134 0.8842913
vn 0.4546586 -0.0902733 0.8860791
vn 0.2804448 -0.0105559 0.9598121
vn 0.2784312 0.0386013 0.9596802
vn 0.2694379 0.0867543 0.9591021
vn 0.2537223 0.1326607 0.9581368
vn 0.2317264 0.1751581 0.9568817
vn 0.2040538 0.2131996 0.9554622
vn 0.1714411 0.2458791 0.9540186
vn 0.1347276 0.2724470 0.9526915
vn 0.0948272 0.2923157 0.9516088
vn 0.0527042 0.3050603 0.9508735
vn 0.0093536 0.3104152 0.9505550
vn -0.0342143 0.3082705 0.9506833
vn -0.0769865 0.2986699 0.9512462
vn -0.1179598 0.2818122 0.9521908
vn -0.1561547 0.2580534 0.9534276
vn -0.1906329 0.2279112 0.9548380
vn -0.2205198 0.1920659 0.9562854
vn -0.2450313 0.1513580 0.9576275
vn -0.2635031 0.1067765 0.9587309
vn -0.2754205 0.0594382 0.9594846
vn -0.2804448 0.0105559 0.9598121
vn -0.2784312 -0.0386013 0.9596802
vn -0.2694379 -0.0867543 0.9591021
vn -0.2537223 -0.1326607 0.9581368
vn -0.2317264 -0.1751581 0.9568817
vn -0.2040538 -0.2131996 0.9554622
vn -0.1714411 -0.2458791 0.9540186
vn -0.1347276 -0.2724470 0.9526915
vn -0.0948272 -0.2923157 0.9516088
vn -0.0527042 -0.3050603 0.9508735
vn -0.0093536 -0.3104152 0.9505550
vn 0.0342143 -0.3082705 0.9506833
vn 0.0769865 -0.2986699 0.9512462
vn 0.1179598 -0.2818122 0.9521908
vn 0.1561547 -0.2580534 0.9534276
vn 0.1906329 -0.2279112 0.9548380
vn 0.2205198 -0.1920659 0.9562854
vn 0.2450313 -0.1513580 0.9576275
vn 0.2635031 -0.1067765 0.9587309
vn 0.2754205 -0.0594382 0.9594846
vn 0.0000000 0.0000000 1.0000000
vn 0.0000000 -0.0000000 -1.0000000
vn 0.1934709 0.0072496 -0.9810792
vn 0.1900434 0.0409799 -0.9809200
vn 0.1818998 0.0736747 -0.9805532
vn 0.1692553 0.1045134 -0.9800151
vn 0.1524409 0.1327301 -0.9793592
vn 0.1318906 0.1576343 -0.9786502
vn 0.1081265 0.1786266 -0.9779577
vn 0.0817424 0.1952105 -0.9773490
vn 0.0533874 0.2070002 -0.9768832
vn 0.0237501 0.2137250 -0.9766051
vn -0.0064565 0.2152321 -0.9765416
vn -0.0365084 0.2114874 -0.9766986
vn -0.0656847 0.2025757 -0.9770612
vn -0.0932810 0.1887004 -0.9775944
vn -0.1186236 0.1701816 -0.9782467
vn -0.1410851 0.1474530 -0.9789548
vn -0.1601003 0.1210564 -0.9796496
vn -0.1751827 0.0916316 -0.9802626
vn -0.1859406 0.0599035 -0.9807332
vn -0.1920911 0.0266640 -0.9810148
vn -0.1934709 -0.0072496 -0.9810792
vn -0.1900434 -0.0409799 -0.9809200
vn -0.1818998 -0.0736747 -0.9805532
vn -0.1692553 -0.1045134 -0.9800151
vn -0.1524409 -0.1327301 -0.9793592
vn -0.1318906 -0.1576343 -0.9786502
vn -0.1081265 -0.1786266 -0.9779577
vn -0.0817424 -0.1952105 -0.9773490
vn -0.0533874 -0.2070002 -0.9768832
vn -0.0237501 -0.2137250 -0.9766051
vn 0.0064565 -0.2152321 -0.9765416
vn 0.0365084 -0.2114874 -0.9766986
vn 0.0656847 -0.2025757 -0.9770612
vn 0.0932810 -0.1887004 -0.9775944
vn 0.1186236 -0.1701816 -0.9782467
vn 0.1410851 -0.1474530 -0.9789548
vn 0.1601003 -0.1210564 -0.9796496
vn 0.1751827 -0.0916316 -0.9802626
vn 0.1859406 -0.0599035 -0.9807332
vn 0.1920911 -0.0266640 -0.9810148
vn 0.3386946 0.0069891 -0.9408704
vn 0.3334027 0.0660914 -0.9404651
vn 0.3197000 0.1234353 -0.9394443
vn 0.2980006 0.1775217 -0.9379135
vn 0.2689428 0.2269810 -0.9360285
vn 0.2333495 0.2706141 -0.9339786
vn 0.1921843 0.3074169 -0.9319657
vn 0.1465092 0.3365887 -0.9301844
vn 0.0974490 0.3575288 -0.9288040
vn 0.0461645 0.3698259 -0.9279535
vn -0.0061660 0.3732468 -0.9277116
vn -0.0583570 0.3677276 -0.9281007
vn -0.1092242 0.3533715 -0.9290848
vn -0.1575920 0.3304527 -0.9305728
vn -0.2023064 0.2994259 -0.9324249
vn -0.2422544 0.2609381 -0.9344646
vn -0.2763936 0.2158378 -0.9364938
vn -0.3037896 0.1651762 -0.9383116
vn -0.3236590 0.1101954 -0.9397350
vn -0.3354130 0.0522998 -0.9406183
vn -0.3386946 -0.0069891 -0.9408704
vn -0.3334027 -0.0660914 -0.9404651
vn -0.3197000 -0.1234353 -0.9394443
vn -0.2980006 -0.1775217 -0.9379135
vn -0.2689428 -0.2269810 -0.9360285
vn -0.2333495 -0.2706141 -0.9339786
vn -0.1921843 -0.3074169 -0.9319657
vn -0.1465092 -0.3365887 -0.9301844
vn -0.0974490 -0.3575288 -0.9288040
vn -0.0461645 -0.3698259 -0.9279535
vn 0.0061660 -0.3732468 -0.9277116
vn 0.0583570 -0.3677276 -0.9281007
vn 0.1092242 -0.3533715 -0.9290848
vn 0.1575920 -0.3304527 -0.9305728
vn 0.2023064 -0.2994259 -0.9324249
vn 0.2422544 -0.2609381 -0.9344646
vn 0.2763936 -0.2158378 -0.9364938
vn 0.3037896 -0.1651762 -0.9383116
vn 0.3236590 -0.1101954 -0.9397350
vn 0.3354130 -0.0522998 -0.9406183
vn 0.4808303 0.0065711 -0.8767891
vn 0.4736056 0.0904843 -0.8760767
vn 0.4541391 0.1718076 -0.8742081
vn 0.4231300 0.2482892 -0.8713859
vn 0.3816394 0.3179382 -0.8679093
vn 0.3309943 0.3790937 -0.8641358
vn 0.2726870 0.4304479 -0.8604396
vn 0.2082874 0.4710300 -0.8571739
vn 0.1393807 0.5001643 -0.8546395
vn 0.0675331 0.5174194 -0.8530630
vn -0.0057171 0.5225618 -0.8525822
vn -0.0788492 0.5155253 -0.8532388
vn -0.1503407 0.4964010 -0.8549759
vn -0.2186494 0.4654506 -0.8576411
vn -0.2822048 0.4231402 -0.8609952
vn -0.3394214 0.3701882 -0.8647276
vn -0.3887363 0.3076155 -0.8684796
vn -0.4286769 0.2367848 -0.8718768
vn -0.4579507 0.1594109 -0.8745681
vn -0.4755469 0.0775312 -0.8762671
vn -0.4808303 -0.0065711 -0.8767891
vn -0.4736056 -0.0904843 -0.8760767
vn -0.4541391 -0.1718076 -0.8742081
vn -0.4231300 -0.2482892 -0.8713859
vn -0.3816394 -0.3179382 -0.8679093
vn -0.3309943 -0.3790937 -0.8641358
vn -0.2726870 -0.4304479 -0.8604396
vn -0.2082874 -0.4710300 -0.8571739
vn -0.1393807 -0.5001643 -0.8546395
vn -0.0675331 -0.5174194 -0.8530630
vn 0.0057171 -0.5225618 -0.8525822
vn 0.0788492 -0.5155253 -0.8532388
vn 0.1503407 -0.4964010 -0.8549759
vn 0.2186494 -0.4654506 -0.8576411
vn 0.2822048 -0.4231402 -0.8609952
vn 0.3394214 -0.3701882 -0.8647276
vn 0.3887363 -0.3076155 -0.8684796
vn 0.4286769 -0.2367848 -0.8718768
vn 0.4579507 -0.1594109 -0.8745681
vn 0.4755469 -0.0775312 -0.8762671
vn 0.6083567 0.0060241 -0.7936409
vn 0.5992724 0.1121735 -0.7926473
vn 0.5742564 0.2148436 -0.7899822
vn 0.5343745 0.3110056 -0.7859513
vn 0.4812147 0.3980827 -0.7810011
vn 0.4166990 0.4740488 -0.7756544
vn 0.3428988 0.5374336 -0.7704450
vn 0.2618870 0.5872555 -0.7658631
vn 0.1756485 0.6229145 -0.7623156
vn 0.0860476 0.6440805 -0.7601027
vn -0.0051575 0.6505976 -0.7594052
vn -0.0962673 0.6424241 -0.7602788
vn -0.1855785 0.6196129 -0.7626535
vn -0.2713229 0.5823356 -0.7663349
vn -0.3516226 0.5309477 -0.7710098
vn -0.4244802 0.4660863 -0.7762603
vn -0.4878172 0.3887833 -0.7815893
vn -0.5395709 0.3005694 -0.7864612
vn -0.5778472 0.2035347 -0.7903583
vn -0.6011080 0.1003138 -0.7928470
vn -0.6083567 -0.0060241 -0.7936409
vn -0.5992724 -0.1121735 -0.7926473
vn -0.5742564 -0.2148436 -0.7899822
vn -0.5343745 -0.3110056 -0.7859513
vn -0.4812147 -0.3980827 -0.7810011
vn -0.4166990 -0.4740488 -0.7756544
vn -0.3428988 -0.5374336 -0.7704450
vn -0.2618870 -0.5872555 -0.7658631
vn -0.1756485 -0.6229145 -0.7623156
vn -0.0860476 -0.6440805 -0.7601027
vn 0.0051575 -0.6505976 -0.7594052
vn 0.0962673 -0.6424241 -0.7602788
vn 0.1855785 -0.6196129 -0.7626535
vn 0.2713229 -0.5823356 -0.7663349
vn 0.3516226 -0.5309477 -0.7710098
vn 0.4244802 -0.4660863 -0.7762603
vn 0.4878172 -0.3887833 -0.7815893
vn 0.5395709 -0.3005694 -0.7864612
vn 0.5778472 -0.2035347 -0.7903583
vn 0.6011080 -0.1003138 -0.7928470
vn 0.7170257 0.0053812 -0.6970260
vn 0.7062451 0.1304571 -0.6958440
vn 0.6761519 0.2511640 -0.6926292
vn 0.6282348 0.3637199 -0.6877709
vn 0.5646716 0.4650301 -0.6818306
vn 0.4880217 0.5528106 -0.6754519
vn 0.4009373 0.6255561 -0.6692749
vn 0.3059529 0.6823989 -0.6638709
vn 0.2053745 0.7229211 -0.6597017
vn 0.1012595 0.7469710 -0.6571004
vn -0.0045332 0.7545174 -0.6562644
vn -0.1102517 0.7455599 -0.6572556
vn -0.2141393 0.7200996 -0.6600007
vn -0.3143233 0.6781735 -0.6642903
vn -0.4087259 0.6199497 -0.6697802
vn -0.4950200 0.5458771 -0.6759981
vn -0.5706551 0.4568707 -0.6823649
vn -0.6329775 0.3544981 -0.6882373
vn -0.6794481 0.2411133 -0.6929752
vn -0.7079365 0.1198769 -0.6960284
vn -0.7170257 -0.0053812 -0.6970260
vn -0.7062451 -0.1304571 -0.6958440
vn -0.6761519 -0.2511640 -0.6926292
vn -0.6282348 -0.3637199 -0.6877709
vn -0.5646716 -0.4650301 -0.6818306
vn -0.4880217 -0.5528106 -0.6754519
vn -0.4009373 -0.6255561 -0.6692749
vn -0.3059529 -0.6823989 -0.6638709
vn -0.2053745 -0.7229211 -0.6597017
vn -0.1012595 -0.7469710 -0.6571004
vn 0.0045332 -0.7545174 -0.6562644
vn 0.1102517 -0.7455599 -0.6572556
vn 0.2141393 -0.7200996 -0.6600007
vn 0.3143233 -0.6781735 -0.6642903
vn 0.4087259 -0.6199497 -0.6697802
vn 0.4950200 -0.5458771 -0.6759981
vn 0.5706551 -0.4568707 -0.6823649
vn 0.6329775 -0.3544981 -0.6882373
vn 0.6794481 -0.2411133 -0.6929752
vn 0.7079365 -0.1198769 -0.6960284
vn 0.8053815 0.0046772 -0.5927384
vn 0.7931418 0.1451258 -0.5914935
vn 0.7586534 0.2803808 -0.5880745
vn 0.7038401 0.4059779 -0.5829160
vn 0.6314741 0.5183927 -0.5766363
vn 0.5447326 0.6151788 -0.5699311
vn 0.4468019 0.6948839 -0.5634753
vn 0.3406089 0.7568236 -0.5578562
vn 0.2286999 0.8008081 -0.5535366
vn 0.1132431 0.8268907 -0.5508428
vn -0.0038828 0.8351780 -0.5499660
vn -0.1209526 0.8257158 -0.5509663
vn -0.2362351 0.7984524 -0.5537750
vn -0.3478368 0.7532802 -0.5581922
vn -0.4535662 0.6901552 -0.5638824
vn -0.5508509 0.6092920 -0.5703740
vn -0.6367415 0.5114171 -0.5770727
vn -0.7080422 0.3980428 -0.5832993
vn -0.7615895 0.2716863 -0.5883604
vn -0.7946537 0.1359412 -0.5916464
vn -0.8053815 -0.0046772 -0.5927384
vn -0.7931418 -0.1451258 -0.5914935
vn -0.7586534 -0.2803808 -0.5880745
vn -0.7038401 -0.4059779 -0.5829160
vn -0.6314741 -0.5183927 -0.5766363
vn -0.5447326 -0.6151788 -0.5699311
vn -0.4468019 -0.6948839 -0.5634753
vn -0.3406089 -0.7568236 -0.5578562
vn -0.2286999 -0.8008081 -0.5535366
vn -0.1132431 -0.8268907 -0.5508428
vn 0.0038828 -0.8351780 -0.5499660
vn 0.1209526 -0.8257158 -0.5509663
vn 0.2362351 -0.7984524 -0.5537750
vn 0.3478368 -0.7532802 -0.5581922
vn 0.4535662 -0.6901552 -0.5638824
vn 0.5508509 -0.6092920 -0.5703740
vn 0.6367415 -0.5114171 -0.5770727
vn 0.7080422 -0.3980428 -0.5832993
vn 0.7615895 -0.2716863 -0.5883604
vn 0.7946537 -0.1359412 -0.5916464
vn 0.8739150 0.0039441 -0.4860627
vn 0.8605007 0.1563076 -0.4848777
vn 0.8224303 0.3027709 -0.4815995
vn 0.7620315 0.4382948 -0.4766610
vn 0.6826171 0.5590183 -0.4706723
vn 0.5879102 0.6624043 -0.4643082
vn 0.4815489 0.7470967 -0.4582108
vn 0.3667715 0.8126109 -0.4529263
vn 0.2462944 0.8589816 -0.4488761
vn 0.1223406 0.8864551 -0.4463521
vn -0.0032346 0.8952648 -0.4455228
vn -0.1287679 0.8854992 -0.4464414
vn -0.2525906 0.8570606 -0.4490491
vn -0.3728327 0.8097110 -0.4531709
vn -0.4872482 0.7432086 -0.4585086
vn -0.5930935 0.6575373 -0.4646341
vn -0.6871052 0.5532178 -0.4709951
vn -0.7656316 0.4316603 -0.4769462
vn -0.8249571 0.2954687 -0.4818132
vn -0.8618058 0.1485706 -0.4849923
vn -0.8739150 -0.0039441 -0.4860627
vn -0.8605007 -0.1563076 -0.4848777
vn -0.8224303 -0.3027709 -0.4815995
vn -0.7620315 -0.4382948 -0.4766610
vn -0.6826171 -0.5590183 -0.4706723
vn -0.5879102 -0.6624043 -0.4643082
vn -0.4815489 -0.7470967 -0.4582108
vn -0.3667715 -0.8126109 -0.4529263
vn -0.2462944 -0.8589816 -0.4488761
vn -0.1223406 -0.8864551 -0.4463521
vn 0.0032346 -0.8952648 -0.4455228
vn 0.1287679 -0.8854992 -0.4464414
vn 0.2525906 -0.8570606 -0.4490491
vn 0.3728327 -0.8097110 -0.4531709
vn 0.4872482 -0.7432086 -0.4585086
vn 0.5930935 -0.6575373 -0.4646341
vn 0.6871052 -0.5532178 -0.4709951
vn 0.7656316 -0.4316603 -0.4769462
vn 0.8249571 -0.2954687 -0.4818132
vn 0.8618058 -0.1485706 -0.4849923
vn 0.9244589 0.0032084 -0.3812683
vn 0.9101674 0.1643556 -0.3802402
vn 0.8693650 0.3190451 -0.3773786
vn 0.8047178 0.4617858 -0.3730727
vn 0.7199859 0.5884680 -0.3678665
vn 0.6193339 0.6965090 -0.3623544
vn 0.5067536 0.7846562 -0.3570931
vn 0.3857155 0.8526039 -0.3525480
vn 0.2590505 0.9005783 -0.3490724
vn 0.1290042 0.9289850 -0.3469074
vn -0.0026066 0.9381605 -0.3461908
vn -0.1341865 0.9282287 -0.3469661
vn -0.2641358 0.8990558 -0.3491862
vn -0.3906244 0.8502992 -0.3527093
vn -0.5113861 0.7815548 -0.3572902
vn -0.6235648 0.6926105 -0.3625710
vn -0.7236657 0.5838010 -0.3680821
vn -0.8076820 0.4564251 -0.3732639
vn -0.8714530 0.3131239 -0.3775224
vn -0.9112483 0.1580670 -0.3803175
vn -0.9244589 -0.0032084 -0.3812683
vn -0.9101674 -0.1643556 -0.3802402
vn -0.8693650 -0.3190451 -0.3773786
vn -0.8047178 -0.4617858 -0.3730727
vn -0.7199859 -0.5884680 -0.3678665
vn -0.6193339 -0.6965090 -0.3623544
vn -0.5067536 -0.7846562 -0.3570931
vn -0.3857155 -0.8526039 -0.3525480
vn -0.2590505 -0.9005783 -0.3490724
vn -0.1290042 -0.9289850 -0.3469074
vn 0.0026066 -0.9381605 -0.3461908
vn 0.1341865 -0.9282287 -0.3469661
vn 0.2641358 -0.8990558 -0.3491862
vn 0.3906244 -0.8502992 -0.3527093
vn 0.5113861 -0.7815548 -0.3572902
vn 0.6235648 -0.6926105 -0.3625710
vn 0.7236657 -0.5838010 -0.3680821
vn 0.8076820 -0.4564251 -0.3732639
vn 0.8714530 -0.3131239 -0.3775224
vn 0.9112483 -0.1580670 -0.3803175
vn 0.9595900 0.0024890 -0.2813909
vn 0.9447019 0.1697419 -0.2805814
vn 0.9019707 0.3301351 -0.2783159
vn 0.8343180 0.4778478 -0.2749090
vn 0.7458406 0.6085969 -0.2707981
vn 0.6410301 0.7197786 -0.2664568
vn 0.5241342 0.8102281 -0.2623238
vn 0.3987855 0.8797799 -0.2587614
vn 0.2678892 0.9288047 -0.2560415
vn 0.1336979 0.9578269 -0.2543473
vn -0.0020085 0.9672591 -0.2537830
vn -0.1376928 0.9572517 -0.2543815
vn -0.2718141 0.9276453 -0.2561079
vn -0.4025815 0.8780215 -0.2588557
vn -0.5277257 0.8078559 -0.2624393
vn -0.6443201 0.7167877 -0.2665841
vn -0.7487112 0.6050050 -0.2709252
vn -0.8366375 0.4737094 -0.2750221
vn -0.9036086 0.3255522 -0.2784012
vn -0.9455514 0.1648663 -0.2806273
vn -0.9595900 -0.0024890 -0.2813909
vn -0.9447019 -0.1697419 -0.2805814
vn -0.9019707 -0.3301351 -0.2783159
vn -0.8343180 -0.4778478 -0.2749090
vn -0.7458406 -0.6085969 -0.2707981
vn -0.6410301 -0.7197786 -0.2664568
vn -0.5241342 -0.8102281 -0.2623238
vn -0.3987855 -0.8797799 -0.2587614
vn -0.2678892 -0.9288047 -0.2560415
vn -0.1336979 -0.9578269 -0.2543473
vn 0.0020085 -0.9672591 -0.2537830
vn 0.1376928 -0.9572517 -0.2543815
vn 0.2718141 -0.9276453 -0.2561079
vn 0.4025815 -0.8780215 -0.2588557
vn 0.5277257 -0.8078559 -0.2624393
vn 0.6443201 -0.7167877 -0.2665841
vn 0.7487112 -0.6050050 -0.2709252
vn 0.8366375 -0.4737094 -0.2750221
vn 0.9036086 -0.3255522 -0.2784012
vn 0.9455514 -0.1648663 -0.2806273
vn 0.9821161 0.0017975 -0.1882679
vn 0.9668756 0.1729687 -0.1877054
vn 0.9229164 0.3370214 -0.1861233
vn 0.8533325 0.4879158 -0.1837441
vn 0.7624470 0.6212553 -0.1808766
vn 0.6549700 0.7344267 -0.1778532
vn 0.5353183 0.8263272 -0.1749793
vn 0.4072290 0.8968870 -0.1725057
vn 0.2736534 0.9465744 -0.1706185
vn 0.1368448 0.9759932 -0.1694428
vn -0.0014441 0.9856066 -0.1690489
vn -0.1397178 0.9755831 -0.1694594
vn -0.2764782 0.9457474 -0.1706510
vn -0.4099646 0.8956310 -0.1725518
vn -0.5379107 0.8246299 -0.1750359
vn -0.6573495 0.7322825 -0.1779157
vn -0.7645275 0.6186749 -0.1809392
vn -0.8550170 0.4849367 -0.1837998
vn -0.9241080 0.3337168 -0.1861653
vn -0.9674943 0.1694492 -0.1877281
vn -0.9821161 -0.0017975 -0.1882679
vn -0.9668756 -0.1729687 -0.1877054
vn -0.9229164 -0.3370214 -0.1861233
vn -0.8533325 -0.4879158 -0.1837441
vn -0.7624470 -0.6212553 -0.1808766
vn -0.6549700 -0.7344267 -0.1778532
vn -0.5353183 -0.8263272 -0.1749793
vn -0.4072290 -0.8968870 -0.1725057
vn -0.2736534 -0.9465744 -0.1706185
vn -0.1368448 -0.9759932 -0.1694428
vn 0.0014441 -0.9856066 -0.1690489
vn 0.1397178 -0.9755831 -0.1694594
vn 0.2764782 -0.9457474 -0.1706510
vn 0.4099646 -0.8956310 -0.1725518
vn 0.5379107 -0.8246299 -0.1750359
vn 0.6573495 -0.7322825 -0.1779157
vn 0.7645275 -0.6186749 -0.1809392
vn 0.8550170 -0.4849367 -0.1837998
vn 0.9241080 -0.3337168 -0.1861653
vn 0.9674943 -0.1694492 -0.1877281
vn 0.9947087 0.0011391 -0.1027292
vn 0.9793153 0.1745061 -0.1024167
vn 0.9347036 0.3406172 -0.1015337
vn 0.8640650 0.4933058 -0.1002052
vn 0.7718521 0.6281094 -0.0986047
vn 0.6629002 0.7424083 -0.0969184
vn 0.5417228 0.8351354 -0.0953168
vn 0.4121170 0.9062754 -0.0939390
vn 0.2770595 0.9563524 -0.0928881
vn 0.1388041 0.9860155 -0.0922330
vn -0.0009129 0.9957574 -0.0920125
vn -0.1406206 0.9857575 -0.0922388
vn -0.2788463 0.9558318 -0.0928994
vn -0.4138485 0.9054843 -0.0939550
vn -0.5433653 0.8340654 -0.0953365
vn -0.6644095 0.7410551 -0.0969402
vn -0.7731733 0.6264789 -0.0986266
vn -0.8651359 0.4914213 -0.1002247
vn -0.9354618 0.3385248 -0.1015484
vn -0.9797092 0.1722762 -0.1024247
vn -0.9947087 -0.0011391 -0.1027292
vn -0.9793153 -0.1745061 -0.1024167
vn -0.9347036 -0.3406172 -0.1015337
vn -0.8640650 -0.4933058 -0.1002052
vn -0.7718521 -0.6281094 -0.0986047
vn -0.6629002 -0.7424083 -0.0969184
vn -0.5417228 -0.8351354 -0.0953168
vn -0.4121170 -0.9062754 -0.0939390
vn -0.2770595 -0.9563524 -0.0928881
vn -0.1388041 -0.9860155 -0.0922330
vn 0.0009129 -0.9957574 -0.0920125
vn 0.1406206 -0.9857575 -0.0922388
vn 0.2788463 -0.9558318 -0.0928994
vn 0.4138485 -0.9054843 -0.0939550
vn 0.5433653 -0.8340654 -0.0953365
vn 0.6644095 -0.7410551 -0.0969402
vn 0.7731733 -0.6264789 -0.0986266
vn 0.8651359 -0.4914213 -0.1002247
vn 0.9354618 -0.3385248 -0.1015484
vn 0.9797092 -0.1722762 -0.1024247
vn 0.9996912 0.0005143 -0.0248440
vn 0.9842999 0.1747578 -0.0247682
vn 0.9394866 0.3417048 -0.0245530
vn 0.8684782 0.4951349 -0.0242290
vn 0.7757778 0.6305557 -0.0238386
vn 0.6662710 0.7453416 -0.0234272
vn 0.5445108 0.8384374 -0.0230366
vn 0.4143199 0.9098482 -0.0227006
vn 0.2786866 0.9601198 -0.0224442
vn 0.1398660 0.9899197 -0.0222843
vn -0.0004118 0.9997528 -0.0222302
vn -0.1406853 0.9898035 -0.0222849
vn -0.2794927 0.9598854 -0.0224455
vn -0.4151013 0.9094919 -0.0227023
vn -0.5452524 0.8379553 -0.0230387
vn -0.6669526 0.7447317 -0.0234296
vn -0.7763748 0.6298204 -0.0238410
vn -0.8689623 0.4942847 -0.0242311
vn -0.9398295 0.3407604 -0.0245546
vn -0.9844781 0.1737511 -0.0247691
vn -0.9996912 -0.0005143 -0.0248440
vn -0.9842999 -0.1747578 -0.0247682
vn -0.9394866 -0.3417048 -0.0245530
vn -0.8684782 -0.4951349 -0.0242290
vn -0.7757778 -0.6305557 -0.0238386
vn -0.6662710 -0.7453416 -0.0234272
vn -0.5445108 -0.8384374 -0.0230366
vn -0.4143199 -0.9098482 -0.0227006
vn -0.2786866 -0.9601198 -0.0224442
vn -0.1398660 -0.9899197 -0.0222843
vn 0.0004118 -0.9997528 -0.0222302
vn 0.1406853 -0.9898035 -0.0222849
vn 0.2794927 -0.9598854 -0.0224455
vn 0.4151013 -0.9094919 -0.0227023
vn 0.5452524 -0.8379553 -0.0230387
vn 0.6669526 -0.7447317 -0.0234296
vn 0.7763748 -0.6298204 -0.0238410
vn 0.8689623 -0.4942847 -0.0242311
vn 0.9398295 -0.3407604 -0.0245546
vn 0.9844781 -0.1737511 -0.0247691
vn 0.9989484 -0.0000801 0.0458479
vn 0.9836759 0.1740474 0.0457092
vn 0.9390027 0.3409114 0.0453134
vn 0.8681440 0.4942939 0.0447169
vn 0.7755918 0.6296996 0.0439976
vn 0.6662243 0.7444968 0.0432395
vn 0.5445912 0.8376232 0.0425192
vn 0.4145141 0.9090778 0.0418994
vn 0.2789832 0.9594020 0.0414263
vn 0.1402556 0.9892606 0.0411308
vn 0.0000641 0.9991579 0.0410304
vn -0.1401280 0.9892787 0.0411306
vn -0.2788576 0.9594386 0.0414259
vn -0.4143924 0.9091334 0.0418989
vn -0.5444756 0.8376983 0.0425186
vn -0.6661182 0.7445918 0.0432388
vn -0.7754988 0.6298141 0.0439970
vn -0.8680686 0.4944264 0.0447163
vn -0.9389493 0.3410585 0.0453130
vn -0.9836481 0.1742042 0.0457089
vn -0.9989484 0.0000801 0.0458479
vn -0.9836759 -0.1740474 0.0457092
vn -0.9390027 -0.3409114 0.0453134
vn -0.8681440 -0.4942939 0.0447169
vn -0.7755918 -0.6296996 0.0439976
vn -0.6662243 -0.7444968 0.0432395
vn -0.5445912 -0.8376232 0.0425192
vn -0.4145141 -0.9090778 0.0418994
vn -0.2789832 -0.9594020 0.0414263
vn -0.1402556 -0.9892606 0.0411308
vn -0.0000641 -0.9991579 0.0410304
vn 0.1401280 -0.9892787 0.0411306
vn 0.2788576 -0.9594386 0.0414259
vn 0.4143924 -0.9091334 0.0418989
vn 0.5444756 -0.8376983 0.0425186
vn 0.6661182 -0.7445918 0.0432388
vn 0.7754988 -0.6298141 0.0439970
vn 0.8680686 -0.4944264 0.0447163
vn 0.9389493 -0.3410585 0.0453130
vn 0.9836481 -0.1742042 0.0457089
vn 0.9939143 -0.0006498 0.1101542
vn 0.9788470 0.1726175 0.1098264
vn 0.9345693 0.3387093 0.1088867
vn 0.8642486 0.4914518 0.1074683
vn 0.7723208 0.6263673 0.1057567
vn 0.6636133 0.7408182 0.1039509
vn 0.5426393 0.8337210 0.1022340
vn 0.4132007 0.9050489 0.1007554
vn 0.2782810 0.9553190 0.0996259
vn 0.1401406 0.9851779 0.0989196
vn 0.0005209 0.9951192 0.0986785
vn -0.1391042 0.9853251 0.0989161
vn -0.2772616 0.9556161 0.0996190
vn -0.4122128 0.9055004 0.1007455
vn -0.5417023 0.8343316 0.1022219
vn -0.6627524 0.7415904 0.1039376
vn -0.7715672 0.6272976 0.1057433
vn -0.8636378 0.4925270 0.1074564
vn -0.9341368 0.3399030 0.1088777
vn -0.9786223 0.1738896 0.1098216
vn -0.9939143 0.0006498 0.1101542
vn -0.9788470 -0.1726175 0.1098264
vn -0.9345693 -0.3387093 0.1088867
vn -0.8642486 -0.4914518 0.1074683
vn -0.7723208 -0.6263673 0.1057567
vn -0.6636133 -0.7408182 0.1039509
vn -0.5426393 -0.8337210 0.1022340
vn -0.4132007 -0.9050489 0.1007554
vn -0.2782810 -0.9553190 0.0996259
vn -0.1401406 -0.9851779 0.0989196
vn -0.0005209 -0.9951192 0.0986785
vn 0.1391042 -0.9853251 0.0989161
vn 0.2772616 -0.9556161 0.0996190
vn 0.4122128 -0.9055004 0.1007455
vn 0.5417023 -0.8343316 0.1022219
vn 0.6627524 -0.7415904 0.1039376
vn 0.7715672 -0.6272976 0.1057433
vn 0.8636378 -0.4925270 0.1074564
vn 0.9341368 -0.3399030 0.1088777
vn 0.9786223 -0.1738896 0.1098216
vn 0.9855971 -0.0012023 0.1691065
vn 0.9708000 0.1706353 0.1686148
vn 0.9271106 0.3354262 0.1671984
vn 0.8576224 0.4870728 0.1650573
vn 0.7666810 0.6211310 0.1624702
vn 0.6590306 0.7349575 0.1597378
vn 0.5391236 0.8274381 0.1571370
vn 0.4107264 0.8985051 0.1548950
vn 0.2768100 0.9486369 0.1531806
vn 0.1396382 0.9784501 0.1521073
vn 0.0009653 0.9884201 0.1517392
vn -0.1377177 0.9787238 0.1520972
vn -0.2749215 0.9491890 0.1531611
vn -0.4088972 0.8993438 0.1548672
vn -0.5373896 0.8285717 0.1571030
vn -0.6574386 0.7363901 0.1597001
vn -0.7652885 0.6228556 0.1624325
vn -0.8564947 0.4890645 0.1650237
vn -0.9263126 0.3376360 0.1671730
vn -0.9703857 0.1729893 0.1686011
vn -0.9855971 0.0012023 0.1691065
vn -0.9708000 -0.1706353 0.1686148
vn -0.9271106 -0.3354262 0.1671984
vn -0.8576224 -0.4870728 0.1650573
vn -0.7666810 -0.6211310 0.1624702
vn -0.6590306 -0.7349575 0.1597378
vn -0.5391236 -0.8274381 0.1571370
vn -0.4107264 -0.8985051 0.1548950
vn -0.2768100 -0.9486369 0.1531806
vn -0.1396382 -0.9784501 0.1521073
vn -0.0009653 -0.9884201 0.1517392
vn 0.1377177 -0.9787238 0.1520972
vn 0.2749215 -0.9491890 0.1531611
vn 0.4088972 -0.8993438 0.1548672
vn 0.5373896 -0.8285717 0.1571030
vn 0.6574386 -0.7363901 0.1597001
vn 0.7652885 -0.6228556 0.1624325
vn 0.8564947 -0.4890645 0.1650237
vn 0.9263126 -0.3376360 0.1671730
vn 0.9703857 -0.1729893 0.1686011
vn 0.9746131 -0.0017464 0.2238891
vn 0.9601384 0.1681985 0.2232566
vn 0.9171908 0.3312577 0.2214256
vn 0.8487705 0.4814349 0.2186530
vn 0.7591064 0.6143323 0.2152980
vn 0.6528345 0.7273027 0.2117498
vn 0.5343262 0.8191937 0.2083680
vn 0.4073004 0.8898860 0.2054492
vn 0.2747099 0.9398076 0.2032146
vn 0.1388213 0.9695359 0.2018135
vn 0.0014051 0.9795223 0.2013308
vn -0.1360261 0.9699361 0.2017943
vn -0.2719622 0.9406145 0.2031773
vn -0.4046407 0.8911107 0.2053961
vn -0.5318070 0.8208479 0.2083029
vn -0.6505238 0.7293910 0.2116780
vn -0.7570874 0.6168438 0.2152262
vn -0.8471370 0.4843324 0.2185890
vn -0.9160360 0.3344700 0.2213773
vn -0.9595391 0.1716185 0.2232306
vn -0.9746131 0.0017464 0.2238891
vn -0.9601384 -0.1681985 0.2232566
vn -0.9171908 -0.3312577 0.2214256
vn -0.8487705 -0.4814349 0.2186530
vn -0.7591064 -0.6143323 0.2152980
vn -0.6528345 -0.7273027 0.2117498
vn -0.5343262 -0.8191937 0.2083680
vn -0.4073004 -0.8898860 0.2054492
vn -0.2747099 -0.9398076 0.2032146
vn -0.1388213 -0.9695359 0.2018135
vn -0.0014051 -0.9795223 0.2013308
vn 0.1360261 -0.9699361 0.2017943
vn 0.2719622 -0.9406145 0.2031773
vn 0.4046407 -0.8911107 0.2053961
vn 0.5318070 -0.8208479 0.2083029
vn 0.6505238 -0.7293910 0.2116780
vn 0.7570874 -0.6168438 0.2152262
vn 0.8471370 -0.4843324 0.2185890
vn 0.9160360 -0.3344700 0.2213773
vn 0.9595391 -0.1716185 0.2232306
vn 0.9612089 -0.0022924 0.2758119
vn 0.9471036 0.1653397 0.2750591
vn 0.9050347 0.3262747 0.2728683
vn 0.8378920 0.4746397 0.2695445
vn 0.7497660 0.6060959 0.2655159
vn 0.6451626 0.7179934 0.2612484
vn 0.5283549 0.8091367 0.2571749
vn 0.4030029 0.8793454 0.2536539
vn 0.2720354 0.9289879 0.2509548
vn 0.1377214 0.9585940 0.2492597
vn 0.0018493 0.9685857 0.2486730
vn -0.1340432 0.9591233 0.2492288
vn -0.2684215 0.9300547 0.2508948
vn -0.3995072 0.8809636 0.2535687
vn -0.5250472 0.8113200 0.2570705
vn -0.6421322 0.7207466 0.2611334
vn -0.7471215 0.6094028 0.2654010
vn -0.8357548 0.4784504 0.2694422
vn -0.9035253 0.3304951 0.2727912
vn -0.9463208 0.1698300 0.2750176
vn -0.9612089 0.0022924 0.2758119
vn -0.9471036 -0.1653397 0.2750591
vn -0.9050347 -0.3262747 0.2728683
vn -0.8378920 -0.4746397 0.2695445
vn -0.7497660 -0.6060959 0.2655159
vn -0.6451626 -0.7179934 0.2612484
vn -0.5283549 -0.8091367 0.2571749
vn -0.4030029 -0.8793454 0.2536539
vn -0.2720354 -0.9289879 0.2509548
vn -0.1377214 -0.9585940 0.2492597
vn -0.0018493 -0.9685857 0.2486730
vn 0.1340432 -0.9591233 0.2492288
vn 0.2684215 -0.9300547 0.2508948
vn 0.3995072 -0.8809636 0.2535687
vn 0.5250472 -0.8113200 0.2570705
vn 0.6421322 -0.7207466 0.2611334
vn 0.7471215 -0.6094028 0.2654010
vn 0.8357548 -0.4784504 0.2694422
vn 0.9035253 -0.3304951 0.2727912
vn 0.9463208 -0.1698300 0.2750176
vn 0.9452560 -0.0028522 0.3263173
vn 0.9315699 0.1620243 0.3254622
vn 0.8905211 0.3204206 0.3229593
vn 0.8248735 0.4666096 0.3191539
vn 0.7385574 0.5963237 0.3145330
vn 0.6359265 0.7069140 0.3096290
vn 0.5211380 0.7971368 0.3049397
vn 0.3977809 0.8667420 0.3008797
vn 0.2687542 0.9160288 0.2977625
vn 0.1363272 0.9454715 0.2958015
vn 0.0023080 0.9554577 0.2951192
vn -0.1317374 0.9461361 0.2957563
vn -0.2642471 0.9173675 0.2976749
vn -0.3934252 0.8687709 0.3007554
vn -0.5170213 0.7998709 0.3047876
vn -0.6321600 0.7103571 0.3094616
vn -0.7352753 0.6004533 0.3143661
vn -0.8222249 0.4713615 0.3190056
vn -0.8886527 0.3256774 0.3228476
vn -0.9306016 0.1676128 0.3254021
vn -0.9452560 0.0028522 0.3263173
vn -0.9315699 -0.1620243 0.3254622
vn -0.8905211 -0.3204206 0.3229593
vn -0.8248735 -0.4666096 0.3191539
vn -0.7385574 -0.5963237 0.3145330
vn -0.6359265 -0.7069140 0.3096290
vn -0.5211380 -0.7971368 0.3049397
vn -0.3977809 -0.8667420 0.3008797
vn -0.2687542 -0.9160288 0.2977625
vn -0.1363272 -0.9454715 0.2958015
vn -0.0023080 -0.9554577 0.2951192
vn 0.1317374 -0.9461361 0.2957563
vn 0.2642471 -0.9173675 0.2976749
vn 0.3934252 -0.8687709 0.3007554
vn 0.5170213 -0.7998709 0.3047876
vn 0.6321600 -0.7103571 0.3094616
vn 0.7352753 -0.6004533 0.3143661
vn 0.8222249 -0.4713615 0.3190056
vn 0.8886527 -0.3256774 0.3228476
vn 0.9306016 -0.1676128 0.3254021
vn 0.9262016 -0.0034399 0.3770129
vn 0.9129955 0.1581425 0.3760719
vn 0.8731370 0.3134945 0.3733001
vn 0.8092454 0.4570613 0.3690756
vn 0.7250663 0.5846626 0.3639348
vn 0.6247763 0.6936540 0.3584673
vn 0.5123953 0.7827394 0.3532282
vn 0.3914269 0.8515896 0.3486835
vn 0.2647319 0.9004234 0.3451880
vn 0.1345779 0.9296507 0.3429845
vn 0.0027937 0.9396180 0.3422137
vn -0.1290235 0.9304608 0.3429223
vn -0.2592811 0.9020543 0.3450672
vn -0.3861646 0.8540586 0.3485123
vn -0.5074288 0.7860621 0.3530190
vn -0.6202397 0.6978315 0.3582373
vn -0.7211200 0.5896643 0.3637059
vn -0.8060660 0.4628074 0.3688726
vn -0.8708972 0.3198422 0.3731474
vn -0.9118359 0.1648846 0.3759899
vn -0.9262016 0.0034399 0.3770129
vn -0.9129955 -0.1581425 0.3760719
vn -0.8731370 -0.3134945 0.3733001
vn -0.8092454 -0.4570613 0.3690756
vn -0.7250663 -0.5846626 0.3639348
vn -0.6247763 -0.6936540 0.3584673
vn -0.5123953 -0.7827394 0.3532282
vn -0.3914269 -0.8515896 0.3486835
vn -0.2647319 -0.9004234 0.3451880
vn -0.1345779 -0.9296507 0.3429845
vn -0.0027937 -0.9396180 0.3422137
vn 0.1290235 -0.9304608 0.3429223
vn 0.2592811 -0.9020543 0.3450672
vn 0.3861646 -0.8540586 0.3485123
vn 0.5074288 -0.7860621 0.3530190
vn 0.6202397 -0.6978315 0.3582373
vn 0.7211200 -0.5896643 0.3637059
vn 0.8060660 -0.4628074 0.3688726
vn 0.8708972 -0.3198422 0.3731474
vn 0.9118359 -0.1648846 0.3759899
vn 0.9029533 -0.0040719 0.4297195
vn 0.8903088 0.1534876 0.4287095
vn 0.8518667 0.3051101 0.4257122
vn 0.7900791 0.4454474 0.4211313
vn 0.7084751 0.5704275 0.4155425
vn 0.6110213 0.6774175 0.4095834
vn 0.5015729 0.7650636 0.4038592
vn 0.3835282 0.8329460 0.3988823
vn 0.2596990 0.8811895 0.3950461
vn 0.1323466 0.9101275 0.3926224
vn 0.0033215 0.9200576 0.3917690
vn -0.1257445 0.9110989 0.3925394
vn -0.2532252 0.8831436 0.3948854
vn -0.3772863 0.8359004 0.3986546
vn -0.4956916 0.7690331 0.4035815
vn -0.6056596 0.6823982 0.4092788
vn -0.7038206 0.5763786 0.4152399
vn -0.7863366 0.4522706 0.4208634
vn -0.8492346 0.3126353 0.4255111
vn -0.8889476 0.1614715 0.4286014
vn -0.9029533 0.0040719 0.4297195
vn -0.8903088 -0.1534876 0.4287095
vn -0.8518667 -0.3051101 0.4257122
vn -0.7900791 -0.4454474 0.4211313
vn -0.7084751 -0.5704275 0.4155425
vn -0.6110213 -0.6774175 0.4095834
vn -0.5015729 -0.7650636 0.4038592
vn -0.3835282 -0.8329460 0.3988823
vn -0.2596990 -0.8811895 0.3950461
vn -0.1323466 -0.9101275 0.3926224
vn -0.0033215 -0.9200576 0.3917690
vn 0.1257445 -0.9110989 0.3925394
vn 0.2532252 -0.8831436 0.3948854
vn 0.3772863 -0.8359004 0.3986546
vn 0.4956916 -0.7690331 0.4035815
vn 0.6056596 -0.6823982 0.4092788
vn 0.7038206 -0.5763786 0.4152399
vn 0.7863366 -0.4522706 0.4208634
vn 0.8492346 -0.3126353 0.4255111
vn 0.8889476 -0.1614715 0.4286014
vn 0.8736604 -0.0047679 0.4865128
vn 0.8616923 0.1477182 0.4854541
vn 0.8249854 0.2946201 0.4822842
vn 0.7657936 0.4308451 0.4774229
vn 0.6873872 0.5524596 0.4714736
vn 0.5934783 0.6568531 0.4651103
vn 0.4877185 0.7426093 0.4589793
vn 0.3733727 0.8092029 0.4536337
vn 0.2531867 0.8566470 0.4495024
vn 0.1294087 0.8851821 0.4468848
vn 0.0039104 0.8950462 0.4459563
vn -0.1216386 0.8863378 0.4467767
vn -0.2455752 0.8589694 0.4492932
vn -0.3660454 0.8127088 0.4533377
vn -0.4808288 0.7473100 0.4586190
vn -0.5872125 0.6627371 0.4647161
vn -0.6819618 0.5594719 0.4710831
vn -0.7614419 0.4388654 0.4770779
vn -0.8219311 0.3034476 0.4820258
vn -0.8601149 0.1570712 0.4853154
vn -0.8736604 0.0047679 0.4865128
vn -0.8616923 -0.1477182 0.4854541
vn -0.8249854 -0.2946201 0.4822842
vn -0.7657936 -0.4308451 0.4774229
vn -0.6873872 -0.5524596 0.4714736
vn -0.5934783 -0.6568531 0.4651103
vn -0.4877185 -0.7426093 0.4589793
vn -0.3733727 -0.8092029 0.4536337
vn -0.2531867 -0.8566470 0.4495024
vn -0.1294087 -0.8851821 0.4468848
vn -0.0039104 -0.8950462 0.4459563
vn 0.1216386 -0.8863378 0.4467767
vn 0.2455752 -0.8589694 0.4492932
vn 0.3660454 -0.8127088 0.4533377
vn 0.4808288 -0.7473100 0.4586190
vn 0.5872125 -0.6627371 0.4647161
vn 0.6819618 -0.5594719 0.4710831
vn 0.7614419 -0.4388654 0.4770779
vn 0.8219311 -0.3034476 0.4820258
vn 0.8601149 -0.1570712 0.4853154
vn 0.8353414 -0.0055502 0.5497035
vn 0.8242139 0.1402923 0.5486252
vn 0.7897018 0.2809870 0.5453599
vn 0.7338201 0.4117654 0.5403308
vn 0.6595225 0.5288779 0.5341518
vn 0.5702050 0.6297556 0.5275169
vn 0.4692605 0.7129165 0.5210995
vn 0.3597785 0.7777119 0.5154839
vn 0.2444123 0.8240202 0.5111295
vn 0.1253840 0.8519673 0.5083606
vn 0.0045835 0.8617165 0.5073693
vn -0.1162804 0.8533402 0.5082218
vn -0.2355057 0.8267755 0.5108613
vn -0.3512218 0.7818630 0.5151053
vn -0.4612363 0.7184673 0.5206398
vn -0.5629301 0.6366823 0.5270155
vn -0.6532439 0.5371060 0.5336568
vn -0.7287995 0.4211471 0.5398948
vn -0.7861870 0.2912865 0.5450341
vn -0.8224016 0.1511864 0.5484507
vn -0.8353414 0.0055502 0.5497035
vn -0.8242139 -0.1402923 0.5486252
vn -0.7897018 -0.2809870 0.5453599
vn -0.7338201 -0.4117654 0.5403308
vn -0.6595225 -0.5288779 0.5341518
vn -0.5702050 -0.6297556 0.5275169
vn -0.4692605 -0.7129165 0.5210995
vn -0.3597785 -0.7777119 0.5154839
vn -0.2444123 -0.8240202 0.5111295
vn -0.1253840 -0.8519673 0.5083606
vn -0.0045835 -0.8617165 0.5073693
vn 0.1162804 -0.8533402 0.5082218
vn 0.2355057 -0.8267755 0.5108613
vn 0.3512218 -0.7818630 0.5151053
vn 0.4612363 -0.7184673 0.5206398
vn 0.5629301 -0.6366823 0.5270155
vn 0.6532439 -0.5371060 0.5336568
vn 0.7287995 -0.4211471 0.5398948
vn 0.7861870 -0.2912865 0.5450341
vn 0.8224016 -0.1511864 0.5484507
vn 0.7833015 -0.0064409 0.6216086
vn 0.7732486 0.1303687 0.6205567
vn 0.7415957 0.2625815 0.6173223
vn 0.6900667 0.3858513 0.6123126
vn 0.6212235 0.4966816 0.6061261
vn 0.5380622 0.5925795 0.5994486
vn 0.4436392 0.6720013 0.5929574
vn 0.3408066 0.7341581 0.5872502
vn 0.2320822 0.7787658 0.5828051
vn 0.1196370 0.8058087 0.5799650
vn 0.0053673 0.8153555 0.5789357
vn -0.1089827 0.8074446 0.5797896
vn -0.2216759 0.7820437 0.5824667
vn -0.3308361 0.7390831 0.5867739
vn -0.4343218 0.6785640 0.5923812
vn -0.5296490 0.6007356 0.5988227
vn -0.6139934 0.5063290 0.6055106
vn -0.6843084 0.3968073 0.6117728
vn -0.7375778 0.2745694 0.6169202
vn -0.7711815 0.1430209 0.6203419
vn -0.7833015 0.0064409 0.6216086
vn -0.7732486 -0.1303687 0.6205567
vn -0.7415957 -0.2625815 0.6173223
vn -0.6900667 -0.3858513 0.6123126
vn -0.6212235 -0.4966816 0.6061261
vn -0.5380622 -0.5925795 0.5994486
vn -0.4436392 -0.6720013 0.5929574
vn -0.3408066 -0.7341581 0.5872502
vn -0.2320822 -0.7787658 0.5828051
vn -0.1196370 -0.8058087 0.5799650
vn -0.0053673 -0.8153555 0.5789357
vn 0.1089827 -0.8074446 0.5797896
vn 0.2216759 -0.7820437 0.5824667
vn 0.3308361 -0.7390831 0.5867739
vn 0.4343218 -0.6785640 0.5923812
vn 0.5296490 -0.6007356 0.5988227
vn 0.6139934 -0.5063290 0.6055106
vn 0.6843084 -0.3968073 0.6117728
vn 0.7375778 -0.2745694 0.6169202
vn 0.7711815 -0.1430209 0.6203419
vn 0.7103945 -0.0074529 0.7037642
vn 0.7017407 0.1166851 0.7028119
vn 0.6738855 0.2369260 0.6998174
vn 0.6282030 0.3494804 0.6951435
vn 0.5667744 0.4512077 0.6893318
vn 0.4920914 0.5397552 0.6830156
vn 0.4067694 0.6135427 0.6768338
vn 0.3133322 0.6716354 0.6713634
vn 0.2140916 0.7135637 0.6670769
vn 0.1111187 0.7391425 0.6643199
vn 0.0062850 0.7483239 0.6633038
vn -0.0986524 0.7411028 0.6641042
vn -0.2019430 0.7174827 0.6666615
vn -0.3017341 0.6775025 0.6707809
vn -0.3959818 0.6213241 0.6761322
vn -0.4824029 0.5493741 0.6822576
vn -0.5584949 0.4625216 0.6885907
vn -0.6216436 0.3622615 0.6944968
vn -0.6693283 0.2508507 0.6993379
vn -0.6994029 0.1313397 0.7025564
vn -0.7103945 0.0074529 0.7037642
vn -0.7017407 -0.1166851 0.7028119
vn -0.6738855 -0.2369260 0.6998174
vn -0.6282030 -0.3494804 0.6951435
vn -0.5667744 -0.4512077 0.6893318
vn -0.4920914 -0.5397552 0.6830156
vn -0.4067694 -0.6135427 0.6768338
vn -0.3133322 -0.6716354 0.6713634
vn -0.2140916 -0.7135637 0.6670769
vn -0.1111187 -0.7391425 0.6643199
vn -0.0062850 -0.7483239 0.6633038
vn 0.0986524 -0.7411028 0.6641042
vn 0.2019430 -0.7174827 0.6666615
vn 0.3017341 -0.6775025 0.6707809
vn 0.3959818 -0.6213241 0.6761322
vn 0.4824029 -0.5493741 0.6822576
vn 0.5584949 -0.4625216 0.6885907
vn 0.6216436 -0.3622615 0.6944968
vn 0.6693283 -0.2508507 0.6993379
vn 0.6994029 -0.1313397 0.7025564
vn 0.6067054 -0.0085654 0.7948806
vn 0.5998694 0.0975236 0.7941322
vn 0.5770543 0.2005846 0.7916907
vn 0.5392368 0.2975509 0.7878370
vn 0.4879362 0.3857838 0.7830001
vn 0.4250318 0.4631841 0.7776943
vn 0.3525761 0.5282098 0.7724535
vn 0.2726416 0.5798173 0.7677750
vn 0.1872233 0.6173597 0.7640776
vn 0.0981983 0.6404736 0.7616762
vn 0.0073349 0.6489824 0.7607681
vn -0.0836642 0.6428302 0.7614260
vn -0.1731019 0.6220570 0.7635973
vn -0.2592238 0.5868165 0.7671045
vn -0.3401719 0.5374361 0.7716511
vn -0.4139691 0.4745097 0.7768334
vn -0.4785502 0.3990095 0.7821644
vn -0.5318504 0.3123919 0.7871127
vn -0.5719506 0.2166654 0.7911565
vn -0.5972605 0.1143868 0.7938486
vn -0.6067054 0.0085654 0.7948806
vn -0.5998694 -0.0975236 0.7941322
vn -0.5770543 -0.2005846 0.7916907
vn -0.5392368 -0.2975509 0.7878370
vn -0.4879362 -0.3857838 0.7830001
vn -0.4250318 -0.4631841 0.7776943
vn -0.3525761 -0.5282098 0.7724535
vn -0.2726416 -0.5798173 0.7677750
vn -0.1872233 -0.6173597 0.7640776
vn -0.0981983 -0.6404736 0.7616762
vn -0.0073349 -0.6489824 0.7607681
vn 0.0836642 -0.6428302 0.7614260
vn 0.1731019 -0.6220570 0.7635973
vn 0.2592238 -0.5868165 0.7671045
vn 0.3401719 -0.5374361 0.7716511
vn 0.4139691 -0.4745097 0.7768334
vn 0.4785502 -0.3990095 0.7821644
vn 0.5318504 -0.3123919 0.7871127
vn 0.5719506 -0.2166654 0.7911565
vn 0.5972605 -0.1143868 0.7938486
vn 0.4620677 -0.0096778 0.8867918
vn 0.4575063 0.0711933 0.8863518
vn 0.4411387 0.1500445 0.8848069
vn 0.4135425 0.2246930 0.8823240
vn 0.3756520 0.2931767 0.8791661
vn 0.3286753 0.3538284 0.8756586
vn 0.2740025 0.4053075 0.8721516
vn 0.2131220 0.4465953 0.8689831
vn 0.1475575 0.4769635 0.8664483
vn 0.0788290 0.4959312 0.8647764
vn 0.0084376 0.5032229 0.8641154
vn -0.0621305 0.4987379 0.8645232
vn -0.1313913 0.4825376 0.8659640
vn -0.1978481 0.4548540 0.8683110
vn -0.2599848 0.4161152 0.8713530
vn -0.3162760 0.3669865 0.8748088
vn -0.3652200 0.3084138 0.8783480
vn -0.4053963 0.2416592 0.8816205
vn -0.4355451 0.1683134 0.8842913
vn -0.4546586 0.0902733 0.8860791
vn -0.4620677 0.0096778 0.8867918
vn -0.4575063 -0.0711933 0.8863518
vn -0.4411387 -0.1500445 0.8848069
vn -0.4135425 -0.2246930 0.8823240
vn -0.3756520 -0.2931767 0.8791661
vn -0.3286753 -0.3538284 0.8756586
vn -0.2740025 -0.4053075 0.8721516
vn -0.2131220 -0.4465953 0.8689831
vn -0.1475575 -0.4769635 0.8664483
vn -0.0788290 -0.4959312 0.8647764
vn -0.0084376 -0.5032229 0.8641154
vn 0.0621305 -0.4987379 0.8645232
vn 0.1313913 -0.4825376 0.8659640
vn 0.1978481 -0.4548540 0.8683110
vn 0.2599848 -0.4161152 0.8713530
vn 0.3162760 -0.3669865 0.8748088
vn 0.3652200 -0.3084138 0.8783480
vn 0.4053963 -0.2416592 0.8816205
vn 0.4355451 -0.1683134 0.8842913
vn 0.4546586 -0.0902733 0.8860791
vn 0.2804448 -0.0105559 0.9598121
vn 0.2784312 0.0386013 0.9596802
vn 0.2694379 0.0867543 0.9591021
vn 0.2537223 0.1326607 0.9581368
vn 0.2317264 0.1751581 0.9568817
vn 0.2040538 0.2131996 0.9554622
vn 0.1714411 0.2458791 0.9540186
vn 0.1347276 0.2724470 0.9526915
vn 0.0948272 0.2923157 0.9516088
vn 0.0527042 0.3050603 0.9508735
vn 0.0093536 0.3104152 0.9505550
vn -0.0342143 0.3082705 0.9506833
vn -0.0769865 0.2986699 0.9512462
vn -0.1179598 0.2818122 0.9521908
vn -0.1561547 0.2580534 0.9534276
vn -0.1906329 0.2279112 0.9548380
vn -0.2205198 0.1920659 0.9562854
vn -0.2450313 0.1513580 0.9576275
vn -0.2635031 0.1067765 0.9587309
vn -0.2754205 0.0594382 0.9594846
vn -0.2804448 0.0105559 0.9598121
vn -0.2784312 -0.0386013 0.9596802
vn -0.2694379 -0.0867543 0.9591021
vn -0.2537223 -0.1326607 0.9581368
vn -0.2317264 -0.1751581 0.9568817
vn -0.2040538 -0.2131996 0.9554622
vn -0.1714411 -0.2458791 0.9540186
vn -0.1347276 -0.2724470 0.9526915
vn -0.0948272 -0.2923157 0.9516088
vn -0.0527042 -0.3050603 0.9508735
vn -0.0093536 -0.3104152 0.9505550
vn 0.0342143 -0.3082705 0.9506833
vn 0.0769865 -0.2986699 0.9512462
vn 0.1179598 -0.2818122 0.9521908
vn 0.1561547 -0.2580534 0.9534276
vn 0.1906329 -0.2279112 0.9548380
vn 0.2205198 -0.1920659 0.9562854
vn 0.2450313 -0.1513580 0.9576275
vn 0.2635031 -0.1067765 0.9587309
vn 0.2754205 -0.0594382 0.9594846
vn 0.0000000 0.0000000 1.0000000
vn 0.0000000 0.0000000 -1.0000000
vn 0.1934709 0.0072496 -0.9810792
vn 0.1900434 0.0409799 -0.9809200
vn 0.1818998 0.0736747 -0.9805532
vn 0.1692553 0.1045134 -0.9800151
vn 0.1524409 0.1327301 -0.9793592
vn 0.1318906 0.1576343 -0.9786502
vn 0.1081265 0.1786266 -0.9779577
vn 0.0817424 0.1952105 -0.9773490
vn 0.0533874 0.2070002 -0.9768832
vn 0.0237501 0.2137250 -0.9766051
vn -0.0064565 0.2152321 -0.9765416
vn -0.0365084 0.2114874 -0.9766986
vn -0.0656847 0.2025757 -0.9770612
vn -0.0932810 0.1887004 -0.9775944
vn -0.1186236 0.1701816 -0.9782467
vn -0.1410851 0.1474530 -0.9789548
vn -0.1601003 0.1210564 -0.9796496
vn -0.1751827 0.0916316 -0.9802626
vn -0.1859406 0.0599035 -0.9807332
vn -0.1920911 0.0266640 -0.9810148
vn -0.1934709 -0.0072496 -0.9810792
vn -0.1900434 -0.0409799 -0.9809200
vn -0.1818998 -0.0736747 -0.9805532
vn -0.1692553 -0.1045134 -0.9800151
vn -0.1524409 -0.1327301 -0.9793592
vn -0.1318906 -0.1576343 -0.9786502
vn -0.1081265 -0.1786266 -0.9779577
vn -0.0817424 -0.1952105 -0.9773490
vn -0.0533874 -0.2070002 -0.9768832
vn -0.0237501 -0.2137250 -0.9766051
vn 0.0064565 -0.2152321 -0.9765416
vn 0.0365084 -0.2114874 -0.9766986
vn 0.0656847 -0.2025757 -0.9770612
vn 0.0932810 -0.1887004 -0.9775944
vn 0.1186236 -0.1701816 -0.9782467
vn 0.1410851 -0.1474530 -0.9789548
vn 0.1601003 -0.1210564 -0.9796496
vn 0.1751827 -0.0916316 -0.9802626
vn 0.1859406 -0.0599035 -0.9807332
vn 0.1920911 -0.0266640 -0.9810148
vn 0.3386946 0.0069891 -0.9408704
vn 0.3334027 0.0660914 -0.9404651
vn 0.3197000 0.1234353 -0.9394443
vn 0.2980006 0.1775217 -0.9379135
vn 0.2689428 0.2269810 -0.9360285
vn 0.2333495 0.2706141 -0.9339786
vn 0.1921843 0.3074169 -0.9319657
vn 0.1465092 0.3365887 -0.9301844
vn 0.0974490 0.3575288 -0.9288040
vn 0.0461645 0.3698259 -0.9279535
vn -0.0061660 0.3732468 -0.9277116
vn -0.0583570 0.3677276 -0.9281007
vn -0.1092242 0.3533715 -0.9290848
vn -0.1575920 0.3304527 -0.9305728
vn -0.2023064 0.2994259 -0.9324249
vn -0.2422544 0.2609381 -0.9344646
vn -0.2763936 0.2158378 -0.9364938
vn -0.3037896 0.1651762 -0.9383116
vn -0.3236590 0.1101954 -0.9397350
vn -0.3354130 0.0522998 -0.9406183
vn -0.3386946 -0.0069891 -0.9408704
vn -0.3334027 -0.0660914 -0.9404651
vn -0.3197000 -0.1234353 -0.9394443
vn -0.2980006 -0.1775217 -0.9379135
vn -0.2689428 -0.2269810 -0.9360285
vn -0.2333495 -0.2706141 -0.9339786
vn -0.1921843 -0.3074169 -0.9319657
vn -0.1465092 -0.3365887 -0.9301844
vn -0.0974490 -0.3575288 -0.9288040
vn -0.0461645 -0.3698259 -0.9279535
vn 0.0061660 -0.3732468 -0.9277116
vn 0.0583570 -0.3677276 -0.9281007
vn 0.1092242 -0.3533715 -0.9290848
vn 0.1575920 -0.3304527 -0.9305728
vn 0.2023064 -0.2994259 -0.9324249
vn 0.2422544 -0.2609381 -0.9344646
vn 0.2763936 -0.2158378 -0.9364938
vn 0.3037896 -0.1651762 -0.9383116
vn 0.3236590 -0.1101954 -0.9397350
vn 0.3354130 -0.0522998 -0.9406183
vn 0.4808303 0.0065711 -0.8767891
vn 0.4736056 0.0904843 -0.8760767
vn 0.4541391 0.1718076 -0.8742081
vn 0.4231300 0.2482892 -0.8713859
vn 0.3816394 0.3179382 -0.8679093
vn 0.3309943 0.3790937 -0.8641358
vn 0.2726870 0.4304479 -0.8604396
vn 0.2082874 0.4710300 -0.8571739
vn 0.1393807 0.5001643 -0.8546395
vn 0.0675331 0.5174194 -0.8530630
vn -0.0057171 0.5225618 -0.8525822
vn -0.0788492 0.5155253 -0.8532388
vn -0.1503407 0.4964010 -0.8549759
vn -0.2186494 0.4654506 -0.8576411
vn -0.2822048 0.4231402 -0.8609952
vn -0.3394214 0.3701882 -0.8647276
vn -0.3887363 0.3076155 -0.8684796
vn -0.4286769 0.2367848 -0.8718768
vn -0.4579507 0.1594109 -0.8745681
vn -0.4755469 0.0775312 -0.8762671
vn -0.4808303 -0.0065711 -0.8767891
vn -0.4736056 -0.0904843 -0.8760767
vn -0.4541391 -0.1718076 -0.8742081
vn -0.4231300 -0.2482892 -0.8713859
vn -0.3816394 -0.3179382 -0.8679093
vn -0.3309943 -0.3790937 -0.8641358
vn -0.2726870 -0.4304479 -0.8604396
vn -0.2082874 -0.4710300 -0.8571739
vn -0.1393807 -0.5001643 -0.8546395
vn -0.0675331 -0.5174194 -0.8530630
vn 0.0057171 -0.5225618 -0.8525822
vn 0.0788492 -0.5155253 -0.8532388
vn 0.1503407 -0.4964010 -0.8549759
vn 0.2186494 -0.4654506 -0.8576411
vn 0.2822048 -0.4231402 -0.8609952
vn 0.3394214 -0.3701882 -0.8647276
vn 0.3887363 -0.3076155 -0.8684796
vn 0.4286769 -0.2367848 -0.8718768
vn 0.4579507 -0.1594109 -0.8745681
vn 0.4755469 -0.0775312 -0.8762671
vn 0.6083567 0.0060241 -0.7936409
vn 0.5992724 0.1121735 -0.7926473
vn 0.5742564 0.2148436 -0.7899822
vn 0.5343745 0.3110056 -0.7859513
vn 0.4812147 0.3980827 -0.7810011
vn 0.4166990 0.4740488 -0.7756544
vn 0.3428988 0.5374336 -0.7704450
vn 0.2618870 0.5872555 -0.7658631
vn 0.1756485 0.6229145 -0.7623156
vn 0.0860476 0.6440805 -0.7601027
vn -0.0051575 0.6505976 -0.7594052
vn -0.0962673 0.6424241 -0.7602788
vn -0.1855785 0.6196129 -0.7626535
vn -0.2713229 0.5823356 -0.7663349
vn -0.3516226 0.5309477 -0.7710098
vn -0.4244802 0.4660863 -0.7762603
vn -0.4878172 0.3887833 -0.7815893
vn -0.5395709 0.3005694 -0.7864612
vn -0.5778472 0.2035347 -0.7903583
vn -0.6011080 0.1003138 -0.7928470
vn -0.6083567 -0.0060241 -0.7936409
vn -0.5992724 -0.1121735 -0.7926473
vn -0.5742564 -0.2148436 -0.7899822
vn -0.5343745 -0.3110056 -0.7859513
vn -0.4812147 -0.3980827 -0.7810011
vn -0.4166990 -0.4740488 -0.7756544
vn -0.3428988 -0.5374336 -0.7704450
vn -0.2618870 -0.5872555 -0.7658631
vn -0.1756485 -0.6229145 -0.7623156
vn -0.0860476 -0.6440805 -0.7601027
vn 0.0051575 -0.6505976 -0.7594052
vn 0.0962673 -0.6424241 -0.7602788
vn 0.1855785 -0.6196129 -0.7626535
vn 0.2713229 -0.5823356 -0.7663349
vn 0.3516226 -0.5309477 -0.7710098
vn 0.4244802 -0.4660863 -0.7762603
vn 0.4878172 -0.3887833 -0.7815893
vn 0.5395709 -0.3005694 -0.7864612
vn 0.5778472 -0.2035347 -0.7903583
vn 0.6011080 -0.1003138 -0.7928470
vn 0.7170257 0.0053812 -0.6970260
vn 0.7062451 0.1304571 -0.6958440
vn 0.6761519 0.2511640 -0.6926292
vn 0.6282348 0.3637199 -0.6877709
vn 0.5646716 0.4650301 -0.6818306
vn 0.4880217 0.5528106 -0.6754519
vn 0.4009373 0.6255561 -0.6692749
vn 0.3059529 0.6823989 -0.6638709
vn 0.2053745 0.7229211 -0.6597017
vn 0.1012595 0.7469710 -0.6571004
vn -0.0045332 0.7545174 -0.6562644
vn -0.1102517 0.7455599 -0.6572556
vn -0.2141393 0.7200996 -0.6600007
vn -0.3143233 0.6781735 -0.6642903
vn -0.4087259 0.6199497 -0.6697802
vn -0.4950200 0.5458771 -0.6759981
vn -0.5706551 0.4568707 -0.6823649
vn -0.6329775 0.3544981 -0.6882373
vn -0.6794481 0.2411133 -0.6929752
vn -0.7079365 0.1198769 -0.6960284
vn -0.7170257 -0.0053812 -0.6970260
vn -0.7062451 -0.1304571 -0.6958440
vn -0.6761519 -0.2511640 -0.6926292
vn -0.6282348 -0.3637199 -0.6877709
vn -0.5646716 -0.4650301 -0.6818306
vn -0.4880217 -0.5528106 -0.6754519
vn -0.4009373 -0.6255561 -0.6692749
vn -0.3059529 -0.6823989 -0.6638709
vn -0.2053745 -0.7229211 -0.6597017
vn -0.1012595 -0.7469710 -0.6571004
vn 0.0045332 -0.7545174 -0.6562644
vn 0.1102517 -0.7455599 -0.6572556
vn 0.2141393 -0.7200996 -0.6600007
vn 0.3143233 -0.6781735 -0.6642903
vn 0.4087259 -0.6199497 -0.6697802
vn 0.4950200 -0.5458771 -0.6759981
vn 0.5706551 -0.4568707 -0.6823649
vn 0.6329775 -0.3544981 -0.6882373
vn 0.6794481 -0.2411133 -0.6929752
vn 0.7079365 -0.1198769 -0.6960284
vn 0.8053815 0.0046772 -0.5927384
vn 0.7931418 0.1451258 -0.5914935
vn 0.7586534 0.2803808 -0.5880745
vn 0.7038401 0.4059779 -0.5829160
vn 0.6314741 0.5183927 -0.5766363
vn 0.5447326 0.6151788 -0.5699311
vn 0.4468019 0.6948839 -0.5634753
vn 0.3406089 0.7568236 -0.5578562
vn 0.2286999 0.8008081 -0.5535366
vn 0.1132431 0.8268907 -0.5508428
vn -0.0038828 0.8351780 -0.5499660
vn -0.1209526 0.8257158 -0.5509663
vn -0.2362351 0.7984524 -0.5537750
vn -0.3478368 0.7532802 -0.5581922
vn -0.4535662 0.6901552 -0.5638824
vn -0.5508509 0.6092920 -0.5703740
vn -0.6367415 0.5114171 -0.5770727
vn -0.7080422 0.3980428 -0.5832993
vn -0.7615895 0.2716863 -0.5883604
vn -0.7946537 0.1359412 -0.5916464
vn -0.8053815 -0.0046772 -0.5927384
vn -0.7931418 -0.1451258 -0.5914935
vn -0.7586534 -0.2803808 -0.5880745
vn -0.7038401 -0.4059779 -0.5829160
vn -0.6314741 -0.5183927 -0.5766363
vn -0.5447326 -0.6151788 -0.5699311
vn -0.4468019 -0.6948839 -0.5634753
vn -0.3406089 -0.7568236 -0.5578562
vn -0.2286999 -0.8008081 -0.5535366
vn -0.1132431 -0.8268907 -0.5508428
vn 0.0038828 -0.8351780 -0.5499660
vn 0.1209526 -0.8257158 -0.5509663
vn 0.2362351 -0.7984524 -0.5537750
vn 0.3478368 -0.7532802 -0.5581922
vn 0.4535662 -0.6901552 -0.5638824
vn 0.5508509 -0.6092920 -0.5703740
vn 0.6367415 -0.5114171 -0.5770727
vn 0.7080422 -0.3980428 -0.5832993
vn 0.7615895 -0.2716863 -0.5883604
vn 0.7946537 -0.1359412 -0.5916464
vn 0.8739150 0.0039441 -0.4860627
vn 0.8605007 0.1563076 -0.4848777
vn 0.8224303 0.3027709 -0.4815995
vn 0.7620315 0.4382948 -0.4766610
vn 0.6826171 0.5590183 -0.4706723
vn 0.5879102 0.6624043 -0.4643082
vn 0.4815489 0.7470967 -0.4582108
vn 0.3667715 0.8126109 -0.4529263
vn 0.2462944 0.8589816 -0.4488761
vn 0.1223406 0.8864551 -0.4463521
vn -0.0032346 0.8952648 -0.4455228
vn -0.1287679 0.8854992 -0.4464414
vn -0.2525906 0.8570606 -0.4490491
vn -0.3728327 0.8097110 -0.4531709
vn -0.4872482 0.7432086 -0.4585086
vn -0.5930935 0.6575373 -0.4646341
vn -0.6871052 0.5532178 -0.4709951
vn -0.7656316 0.4316603 -0.4769462
vn -0.8249571 0.2954687 -0.4818132
vn -0.8618058 0.1485706 -0.4849923
vn -0.8739150 -0.0039441 -0.4860627
vn -0.8605007 -0.1563076 -0.4848777
vn -0.8224303 -0.3027709 -0.4815995
vn -0.7620315 -0.4382948 -0.4766610
vn -0.6826171 -0.5590183 -0.4706723
vn -0.5879102 -0.6624043 -0.4643082
vn -0.4815489 -0.7470967 -0.4582108
vn -0.3667715 -0.8126109 -0.4529263
vn -0.2462944 -0.8589816 -0.4488761
vn -0.1223406 -0.8864551 -0.4463521
vn 0.0032346 -0.8952648 -0.4455228
vn 0.1287679 -0.8854992 -0.4464414
vn 0.2525906 -0.8570606 -0.4490491
vn 0.3728327 -0.8097110 -0.4531709
vn 0.4872482 -0.7432086 -0.4585086
vn 0.5930935 -0.6575373 -0.4646341
vn 0.6871052 -0.5532178 -0.4709951
vn 0.7656316 -0.4316603 -0.4769462
vn 0.8249571 -0.2954687 -0.4818132
vn 0.8618058 -0.1485706 -0.4849923
vn 0.9244589 0.0032084 -0.3812683
vn 0.9101674 0.1643556 -0.3802402
vn 0.8693650 0.3190451 -0.3773786
vn 0.8047178 0.4617858 -0.3730727
vn 0.7199859 0.5884680 -0.3678665
vn 0.6193339 0.6965090 -0.3623544
vn 0.5067536 0.7846562 -0.3570931
vn 0.3857155 0.8526039 -0.3525480
vn 0.2590505 0.9005783 -0.3490724
vn 0.1290042 0.9289850 -0.3469074
vn -0.0026066 0.9381605 -0.3461908
vn -0.1341865 0.9282287 -0.3469661
vn -0.2641358 0.8990558 -0.3491862
vn -0.3906244 0.8502992 -0.3527093
vn -0.5113861 0.7815548 -0.3572902
vn -0.6235648 0.6926105 -0.3625710
vn -0.7236657 0.5838010 -0.3680821
vn -0.8076820 0.4564251 -0.3732639
vn -0.8714530 0.3131239 -0.3775224
vn -0.9112483 0.1580670 -0.3803175
vn -0.9244589 -0.0032084 -0.3812683
vn -0.9101674 -0.1643556 -0.3802402
vn -0.8693650 -0.3190451 -0.3773786
vn -0.8047178 -0.4617858 -0.3730727
vn -0.7199859 -0.5884680 -0.3678665
vn -0.6193339 -0.6965090 -0.3623544
vn -0.5067536 -0.7846562 -0.3570931
vn -0.3857155 -0.8526039 -0.3525480
vn -0.2590505 -0.9005783 -0.3490724
vn -0.1290042 -0.9289850 -0.3469074
vn 0.0026066 -0.9381605 -0.3461908
vn 0.1341865 -0.9282287 -0.3469661
vn 0.2641358 -0.8990558 -0.3491862
vn 0.3906244 -0.8502992 -0.3527093
vn 0.5113861 -0.7815548 -0.3572902
vn 0.6235648 -0.6926105 -0.3625710
vn 0.7236657 -0.5838010 -0.3680821
vn 0.8076820 -0.4564251 -0.3732639
vn 0.8714530 -0.3131239 -0.3775224
vn 0.9112483 -0.1580670 -0.3803175
vn 0.9595900 0.0024890 -0.2813909
vn 0.9447019 0.1697419 -0.2805814
vn 0.9019707 0.3301351 -0.2783159
vn 0.8343180 0.4778478 -0.2749090
vn 0.7458406 0.6085969 -0.2707981
vn 0.6410301 0.7197786 -0.2664568
vn 0.5241342 0.8102281 -0.2623238
vn 0.3987855 0.8797799 -0.2587614
vn 0.2678892 0.9288047 -0.2560415
vn 0.1336979 0.9578269 -0.2543473
vn -0.0020085 0.9672591 -0.2537830
vn -0.1376928 0.9572517 -0.2543815
vn -0.2718141 0.9276453 -0.2561079
vn -0.4025815 0.8780215 -0.2588557
vn -0.5277257 0.8078559 -0.2624393
vn -0.6443201 0.7167877 -0.2665841
vn -0.7487112 0.6050050 -0.2709252
vn -0.8366375 0.4737094 -0.2750221
vn -0.9036086 0.3255522 -0.2784012
vn -0.9455514 0.1648663 -0.2806273
vn -0.9595900 -0.0024890 -0.2813909
vn -0.9447019 -0.1697419 -0.2805814
vn -0.9019707 -0.3301351 -0.2783159
vn -0.8343180 -0.4778478 -0.2749090
vn -0.7458406 -0.6085969 -0.2707981
vn -0.6410301 -0.7197786 -0.2664568
vn -0.5241342 -0.8102281 -0.2623238
vn -0.3987855 -0.8797799 -0.2587614
vn -0.2678892 -0.9288047 -0.2560415
vn -0.1336979 -0.9578269 -0.2543473
vn 0.0020085 -0.9672591 -0.2537830
vn 0.1376928 -0.9572517 -0.2543815
vn 0.2718141 -0.9276453 -0.2561079
vn 0.4025815 -0.8780215 -0.2588557
vn 0.5277257 -0.8078559 -0.2624393
vn 0.6443201 -0.7167877 -0.2665841
vn 0.7487112 -0.6050050 -0.2709252
vn 0.8366375 -0.4737094 -0.2750221
vn 0.9036086 -0.3255522 -0.2784012
vn 0.9455514 -0.1648663 -0.2806273
vn 0.9821161 0.0017975 -0.1882679
vn 0.9668756 0.1729687 -0.1877054
vn 0.9229164 0.3370214 -0.1861233
vn 0.8533325 0.4879158 -0.1837441
vn 0.7624470 0.6212553 -0.1808766
vn 0.6549700 0.7344267 -0.1778532
vn 0.5353183 0.8263272 -0.1749793
vn 0.4072290 0.8968870 -0.1725057
vn 0.2736534 0.9465744 -0.1706185
vn 0.1368448 0.9759932 -0.1694428
vn -0.0014441 0.9856066 -0.1690489
vn -0.1397178 0.9755831 -0.1694594
vn -0.2764782 0.9457474 -0.1706510
vn -0.4099646 0.8956310 -0.1725518
vn -0.5379107 0.8246299 -0.1750359
vn -0.6573495 0.7322825 -0.1779157
vn -0.7645275 0.6186749 -0.1809392
vn -0.8550170 0.4849367 -0.1837998
vn -0.9241080 0.3337168 -0.1861653
vn -0.9674943 0.1694492 -0.1877281
vn -0.9821161 -0.0017975 -0.1882679
vn -0.9668756 -0.1729687 -0.1877054
vn -0.9229164 -0.3370214 -0.1861233
vn -0.8533325 -0.4879158 -0.1837441
vn -0.7624470 -0.6212553 -0.1808766
vn -0.6549700 -0.7344267 -0.1778532
vn -0.5353183 -0.8263272 -0.1749793
vn -0.4072290 -0.8968870 -0.1725057
vn -0.2736534 -0.9465744 -0.1706185
vn -0.1368448 -0.9759932 -0.1694428
vn 0.0014441 -0.9856066 -0.1690489
vn 0.1397178 -0.9755831 -0.1694594
vn 0.2764782 -0.9457474 -0.1706510
vn 0.4099646 -0.8956310 -0.1725518
vn 0.5379107 -0.8246299 -0.1750359
vn 0.6573495 -0.7322825 -0.1779157
vn 0.7645275 -0.6186749 -0.1809392
vn 0.8550170 -0.4849367 -0.1837998
vn 0.9241080 -0.3337168 -0.1861653
vn 0.9674943 -0.1694492 -0.1877281
vn 0.9947087 0.0011391 -0.1027292
vn 0.9793153 0.1745061 -0.1024167
vn 0.9347036 0.3406172 -0.1015337
vn 0.8640650 0.4933058 -0.1002052
vn 0.7718521 0.6281094 -0.0986047
vn 0.6629002 0.7424083 -0.0969184
vn 0.5417228 0.8351354 -0.0953168
vn 0.4121170 0.9062754 -0.0939390
vn 0.2770595 0.9563524 -0.0928881
vn 0.1388041 0.9860155 -0.0922330
vn -0.0009129 0.9957574 -0.0920125
vn -0.1406206 0.9857575 -0.0922388
vn -0.2788463 0.9558318 -0.0928994
vn -0.4138485 0.9054843 -0.0939550
vn -0.5433653 0.8340654 -0.0953365
vn -0.6644095 0.7410551 -0.0969402
vn -0.7731733 0.6264789 -0.0986266
vn -0.8651359 0.4914213 -0.1002247
vn -0.9354618 0.3385248 -0.1015484
vn -0.9797092 0.1722762 -0.1024247
vn -0.9947087 -0.0011391 -0.1027292
vn -0.9793153 -0.1745061 -0.1024167
vn -0.9347036 -0.3406172 -0.1015337
vn -0.8640650 -0.4933058 -0.1002052
vn -0.7718521 -0.6281094 -0.0986047
vn -0.6629002 -0.7424083 -0.0969184
vn -0.5417228 -0.8351354 -0.0953168
vn -0.4121170 -0.9062754 -0.0939390
vn -0.2770595 -0.9563524 -0.0928881
vn -0.1388041 -0.9860155 -0.0922330
vn 0.0009129 -0.9957574 -0.0920125
vn 0.1406206 -0.9857575 -0.0922388
vn 0.2788463 -0.9558318 -0.0928994
vn 0.4138485 -0.9054843 -0.0939550
vn 0.5433653 -0.8340654 -0.0953365
vn 0.6644095 -0.7410551 -0.0969402
vn 0.7731733 -0.6264789 -0.0986266
vn 0.8651359 -0.4914213 -0.1002247
vn 0.9354618 -0.3385248 -0.1015484
vn 0.9797092 -0.1722762 -0.1024247
vn 0.9996912 0.0005143 -0.0248440
vn 0.9842999 0.1747578 -0.0247682
vn 0.9394866 0.3417048 -0.0245530
vn 0.8684782 0.4951349 -0.0242290
vn 0.7757778 0.6305557 -0.0238386
vn 0.6662710 0.7453416 -0.0234272
vn 0.5445108 0.8384374 -0.0230366
vn 0.4143199 0.9098482 -0.0227006
vn 0.2786866 0.9601198 -0.0224442
vn 0.1398660 0.9899197 -0.0222843
vn -0.0004118 0.9997528 -0.0222302
vn -0.1406853 0.9898035 -0.0222849
vn -0.2794927 0.9598854 -0.0224455
vn -0.4151013 0.9094919 -0.0227023
vn -0.5452524 0.8379553 -0.0230387
vn -0.6669526 0.7447317 -0.0234296
vn -0.7763748 0.6298204 -0.0238410
vn -0.8689623 0.4942847 -0.0242311
vn -0.9398295 0.3407604 -0.0245546
vn -0.9844781 0.1737511 -0.0247691
vn -0.9996912 -0.0005143 -0.0248440
vn -0.9842999 -0.1747578 -0.0247682
vn -0.9394866 -0.3417048 -0.0245530
vn -0.8684782 -0.4951349 -0.0242290
vn -0.7757778 -0.6305557 -0.0238386
vn -0.6662710 -0.7453416 -0.0234272
vn -0.5445108 -0.8384374 -0.0230366
vn -0.4143199 -0.9098482 -0.0227006
vn -0.2786866 -0.9601198 -0.0224442
vn -0.1398660 -0.9899197 -0.0222843
vn 0.0004118 -0.9997528 -0.0222302
vn 0.1406853 -0.9898035 -0.0222849
vn 0.2794927 -0.9598854 -0.0224455
vn 0.4151013 -0.9094919 -0.0227023
vn 0.5452524 -0.8379553 -0.0230387
vn 0.6669526 -0.7447317 -0.0234296
vn 0.7763748 -0.6298204 -0.0238410
vn 0.8689623 -0.4942847 -0.0242311
vn 0.9398295 -0.3407604 -0.0245546
vn 0.9844781 -0.1737511 -0.0247691
vn 0.9989484 -0.0000801 0.0458479
vn 0.9836759 0.1740474 0.0457092
vn 0.9390027 0.3409114 0.0453134
vn 0.8681440 0.4942939 0.0447169
vn 0.7755918 0.6296996 0.0439976
vn 0.6662243 0.7444968 0.0432395
vn 0.5445912 0.8376232 0.0425192
vn 0.4145141 0.9090778 0.0418994
vn 0.2789832 0.9594020 0.0414263
vn 0.1402556 0.9892606 0.0411308
vn 0.0000641 0.9991579 0.0410304
vn -0.1401280 0.9892787 0.0411306
vn -0.2788576 0.9594386 0.0414259
vn -0.4143924 0.9091334 0.0418989
vn -0.5444756 0.8376983 0.0425186
vn -0.6661182 0.7445918 0.0432388
vn -0.7754988 0.6298141 0.0439970
vn -0.8680686 0.4944264 0.0447163
vn -0.9389493 0.3410585 0.0453130
vn -0.9836481 0.1742042 0.0457089
vn -0.9989484 0.0000801 0.0458479
vn -0.9836759 -0.1740474 0.0457092
vn -0.9390027 -0.3409114 0.0453134
vn -0.8681440 -0.4942939 0.0447169
vn -0.7755918 -0.6296996 0.0439976
vn -0.6662243 -0.7444968 0.0432395
vn -0.5445912 -0.8376232 0.0425192
vn -0.4145141 -0.9090778 0.0418994
vn -0.2789832 -0.9594020 0.0414263
vn -0.1402556 -0.9892606 0.0411308
vn -0.0000641 -0.9991579 0.0410304
vn 0.1401280 -0.9892787 0.0411306
vn 0.2788576 -0.9594386 0.0414259
vn 0.4143924 -0.9091334 0.0418989
vn 0.5444756 -0.8376983 0.0425186
vn 0.6661182 -0.7445918 0.0432388
vn 0.7754988 -0.6298141 0.0439970
vn 0.8680686 -0.4944264 0.0447163
vn 0.9389493 -0.3410585 0.0453130
vn 0.9836481 -0.1742042 0.0457089
vn 0.9939143 -0.0006498 0.1101542
vn 0.9788470 0.1726175 0.1098264
vn 0.9345693 0.3387093 0.1088867
vn 0.8642486 0.4914518 0.1074683
vn 0.7723208 0.6263673 0.1057567
vn 0.6636133 0.7408182 0.1039509
vn 0.5426393 0.8337210 0.1022340
vn 0.4132007 0.9050489 0.1007554
vn 0.2782810 0.9553190 0.0996259
vn 0.1401406 0.9851779 0.0989196
vn 0.0005209 0.9951192 0.0986785
vn -0.1391042 0.9853251 0.0989161
vn -0.2772616 0.9556161 0.0996190
vn -0.4122128 0.9055004 0.1007455
vn -0.5417023 0.8343316 0.1022219
vn -0.6627524 0.7415904 0.1039376
vn -0.7715672 0.6272976 0.1057433
vn -0.8636378 0.4925270 0.1074564
vn -0.9341368 0.3399030 0.1088777
vn -0.9786223 0.1738896 0.1098216
vn -0.9939143 0.0006498 0.1101542
vn -0.9788470 -0.1726175 0.1098264
vn -0.9345693 -0.3387093 0.1088867
vn -0.8642486 -0.4914518 0.1074683
vn -0.7723208 -0.6263673 0.1057567
vn -0.6636133 -0.7408182 0.1039509
vn -0.5426393 -0.8337210 0.1022340
vn -0.4132007 -0.9050489 0.1007554
vn -0.2782810 -0.9553190 0.0996259
vn -0.1401406 -0.9851779 0.0989196
vn -0.0005209 -0.9951192 0.0986785
vn 0.1391042 -0.9853251 0.0989161
vn 0.2772616 -0.9556161 0.0996190
vn 0.4122128 -0.9055004 0.1007455
vn 0.5417023 -0.8343316 0.1022219
vn 0.6627524 -0.7415904 0.1039376
vn 0.7715672 -0.6272976 0.1057433
vn 0.8636378 -0.4925270 0.1074564
vn 0.9341368 -0.3399030 0.1088777
vn 0.9786223 -0.1738896 0.1098216
vn 0.9855971 -0.0012023 0.1691065
vn 0.9708000 0.1706353 0.1686148
vn 0.9271106 0.3354262 0.1671984
vn 0.8576224 0.4870728 0.1650573
vn 0.7666810 0.6211310 0.1624702
vn 0.6590306 0.7349575 0.1597378
vn 0.5391236 0.8274381 0.1571370
vn 0.4107264 0.8985051 0.1548950
vn 0.2768100 0.9486369 0.1531806
vn 0.1396382 0.9784501 0.1521073
vn 0.0009653 0.9884201 0.1517392
vn -0.1377177 0.9787238 0.1520972
vn -0.2749215 0.9491890 0.1531611
vn -0.4088972 0.8993438 0.1548672
vn -0.5373896 0.8285717 0.1571030
vn -0.6574386 0.7363901 0.1597001
vn -0.7652885 0.6228556 0.1624325
vn -0.8564947 0.4890645 0.1650237
vn -0.9263126 0.3376360 0.1671730
vn -0.9703857 0.1729893 0.1686011
vn -0.9855971 0.0012023 0.1691065
vn -0.9708000 -0.1706353 0.1686148
vn -0.9271106 -0.3354262 0.1671984
vn -0.8576224 -0.4870728 0.1650573
vn -0.7666810 -0.6211310 0.1624702
vn -0.6590306 -0.7349575 0.1597378
vn -0.5391236 -0.8274381 0.1571370
vn -0.4107264 -0.8985051 0.1548950
vn -0.2768100 -0.9486369 0.1531806
vn -0.1396382 -0.9784501 0.1521073
vn -0.0009653 -0.9884201 0.1517392
vn 0.1377177 -0.9787238 0.1520972
vn 0.2749215 -0.9491890 0.1531611
vn 0.4088972 -0.8993438 0.1548672
vn 0.5373896 -0.8285717 0.1571030
vn 0.6574386 -0.7363901 0.1597001
vn 0.7652885 -0.6228556 0.1624325
vn 0.8564947 -0.4890645 0.1650237
vn 0.9263126 -0.3376360 0.1671730
vn 0.9703857 -0.1729893 0.1686011
vn 0.9746131 -0.0017464 0.2238891
vn 0.9601384 0.1681985 0.2232566
vn 0.9171908 0.3312577 0.2214256
vn 0.8487705 0.4814349 0.2186530
vn 0.7591064 0.6143323 0.2152980
vn 0.6528345 0.7273027 0.2117498
vn 0.5343262 0.8191937 0.2083680
vn 0.4073004 0.8898860 0.2054492
vn 0.2747099 0.9398076 0.2032146
vn 0.1388213 0.9695359 0.2018135
vn 0.0014051 0.9795223 0.2013308
vn -0.1360261 0.9699361 0.2017943
vn -0.2719622 0.9406145 0.2031773
vn -0.4046407 0.8911107 0.2053961
vn -0.5318070 0.8208479 0.2083029
vn -0.6505238 0.7293910 0.2116780
vn -0.7570874 0.6168438 0.2152262
vn -0.8471370 0.4843324 0.2185890
vn -0.9160360 0.3344700 0.2213773
vn -0.9595391 0.1716185 0.2232306
vn -0.9746131 0.0017464 0.2238891
vn -0.9601384 -0.1681985 0.2232566
vn -0.9171908 -0.3312577 0.2214256
vn -0.8487705 -0.4814349 0.2186530
vn -0.7591064 -0.6143323 0.2152980
vn -0.6528345 -0.7273027 0.2117498
vn -0.5343262 -0.8191937 0.2083680
vn -0.4073004 -0.8898860 0.2054492
vn -0.2747099 -0.9398076 0.2032146
vn -0.1388213 -0.9695359 0.2018135
vn -0.0014051 -0.9795223 0.2013308
vn 0.1360261 -0.9699361 0.2017943
vn 0.2719622 -0.9406145 0.2031773
vn 0.4046407 -0.8911107 0.2053961
vn 0.5318070 -0.8208479 0.2083029
vn 0.6505238 -0.7293910 0.2116780
vn 0.7570874 -0.6168438 0.2152262
vn 0.8471370 -0.4843324 0.2185890
vn 0.9160360 -0.3344700 0.2213773
vn 0.9595391 -0.1716185 0.2232306
vn 0.9612089 -0.0022924 0.2758119
vn 0.9471036 0.1653397 0.2750591
vn 0.9050347 0.3262747 0.2728683
vn 0.8378920 0.4746397 0.2695445
vn 0.7497660 0.6060959 0.2655159
vn 0.6451626 0.7179934 0.2612484
vn 0.5283549 0.8091367 0.2571749
vn 0.4030029 0.8793454 0.2536539
vn 0.2720354 0.9289879 0.2509548
vn 0.1377214 0.9585940 0.2492597
vn 0.0018493 0.9685857 0.2486730
vn -0.1340432 0.9591233 0.2492288
vn -0.2684215 0.9300547 0.2508948
vn -0.3995072 0.8809636 0.2535687
vn -0.5250472 0.8113200 0.2570705
vn -0.6421322 0.7207466 0.2611334
vn -0.7471215 0.6094028 0.2654010
vn -0.8357548 0.4784504 0.2694422
vn -0.9035253 0.3304951 0.2727912
vn -0.9463208 0.1698300 0.2750176
vn -0.9612089 0.0022924 0.2758119
vn -0.9471036 -0.1653397 0.2750591
vn -0.9050347 -0.3262747 0.2728683
vn -0.8378920 -0.4746397 0.2695445
vn -0.7497660 -0.6060959 0.2655159
vn -0.6451626 -0.7179934 0.2612484
vn -0.5283549 -0.8091367 0.2571749
vn -0.4030029 -0.8793454 0.2536539
vn -0.2720354 -0.9289879 0.2509548
vn -0.1377214 -0.9585940 0.2492597
vn -0.0018493 -0.9685857 0.2486730
vn 0.1340432 -0.9591233 0.2492288
vn 0.2684215 -0.9300547 0.2508948
vn 0.3995072 -0.8809636 0.2535687
vn 0.5250472 -0.8113200 0.2570705
vn 0.6421322 -0.7207466 0.2611334
vn 0.7471215 -0.6094028 0.2654010
vn 0.8357548 -0.4784504 0.2694422
vn 0.9035253 -0.3304951 0.2727912
vn 0.9463208 -0.1698300 0.2750176
vn 0.9452560 -0.0028522 0.3263173
vn 0.9315699 0.1620243 0.3254622
vn 0.8905211 0.3204206 0.3229593
vn 0.8248735 0.4666096 0.3191539
vn 0.7385574 0.5963237 0.3145330
vn 0.6359265 0.7069140 0.3096290
vn 0.5211380 0.7971368 0.3049397
vn 0.3977809 0.8667420 0.3008797
vn 0.2687542 0.9160288 0.2977625
vn 0.1363272 0.9454715 0.2958015
vn 0.0023080 0.9554577 0.2951192
vn -0.1317374 0.9461361 0.2957563
vn -0.2642471 0.9173675 0.2976749
vn -0.3934252 0.8687709 0.3007554
vn -0.5170213 0.7998709 0.3047876
vn -0.6321600 0.7103571 0.3094616
vn -0.7352753 0.6004533 0.3143661
vn -0.8222249 0.4713615 0.3190056
vn -0.8886527 0.3256774 0.3228476
vn -0.9306016 0.1676128 0.3254021
vn -0.9452560 0.0028522 0.3263173
vn -0.9315699 -0.1620243 0.3254622
vn -0.8905211 -0.3204206 0.3229593
vn -0.8248735 -0.4666096 0.3191539
vn -0.7385574 -0.5963237 0.3145330
vn -0.6359265 -0.7069140 0.3096290
vn -0.5211380 -0.7971368 0.3049397
vn -0.3977809 -0.8667420 0.3008797
vn -0.2687542 -0.9160288 0.2977625
vn -0.1363272 -0.9454715 0.2958015
vn -0.0023080 -0.9554577 0.2951192
vn 0.1317374 -0.9461361 0.2957563
vn 0.2642471 -0.9173675 0.2976749
vn 0.3934252 -0.8687709 0.3007554
vn 0.5170213 -0.7998709 0.3047876
vn 0.6321600 -0.7103571 0.3094616
vn 0.7352753 -0.6004533 0.3143661
vn 0.8222249 -0.4713615 0.3190056
vn 0.8886527 -0.3256774 0.3228476
vn 0.9306016 -0.1676128 0.3254021
vn 0.9262016 -0.0034399 0.3770129
vn 0.9129955 0.1581425 0.3760719
vn 0.8731370 0.3134945 0.3733001
vn 0.8092454 0.4570613 0.3690756
vn 0.7250663 0.5846626 0.3639348
vn 0.6247763 0.6936540 0.3584673
vn 0.5123953 0.7827394 0.3532282
vn 0.3914269 0.8515896 0.3486835
vn 0.2647319 0.9004234 0.3451880
vn 0.1345779 0.9296507 0.3429845
vn 0.0027937 0.9396180 0.3422137
vn -0.1290235 0.9304608 0.3429223
vn -0.2592811 0.9020543 0.3450672
vn -0.3861646 0.8540586 0.3485123
vn -0.5074288 0.7860621 0.3530190
vn -0.6202397 0.6978315 0.3582373
vn -0.7211200 0.5896643 0.3637059
vn -0.8060660 0.4628074 0.3688726
vn -0.8708972 0.3198422 0.3731474
vn -0.9118359 0.1648846 0.3759899
vn -0.9262016 0.0034399 0.3770129
vn -0.9129955 -0.1581425 0.3760719
vn -0.8731370 -0.3134945 0.3733001
vn -0.8092454 -0.4570613 0.3690756
vn -0.7250663 -0.5846626 0.3639348
vn -0.6247763 -0.6936540 0.3584673
vn -0.5123953 -0.7827394 0.3532282
vn -0.3914269 -0.8515896 0.3486835
vn -0.2647319 -0.9004234 0.3451880
vn -0.1345779 -0.9296507 0.3429845
vn -0.0027937 -0.9396180 0.3422137
vn 0.1290235 -0.9304608 0.3429223
vn 0.2592811 -0.9020543 0.3450672
vn 0.3861646 -0.8540586 0.3485123
vn 0.5074288 -0.7860621 0.3530190
vn 0.6202397 -0.6978315 0.3582373
vn 0.7211200 -0.5896643 0.3637059
vn 0.8060660 -0.4628074 0.3688726
vn 0.8708972 -0.3198422 0.3731474
vn 0.9118359 -0.1648846 0.3759899
vn 0.9029533 -0.0040719 0.4297195
vn 0.8903088 0.1534876 0.4287095
vn 0.8518667 0.3051101 0.4257122
vn 0.7900791 0.4454474 0.4211313
vn 0.7084751 0.5704275 0.4155425
vn 0.6110213 0.6774175 0.4095834
vn 0.5015729 0.7650636 0.4038592
vn 0.3835282 0.8329460 0.3988823
vn 0.2596990 0.8811895 0.3950461
vn 0.1323466 0.9101275 0.3926224
vn 0.0033215 0.9200576 0.3917690
vn -0.1257445 0.9110989 0.3925394
vn -0.2532252 0.8831436 0.3948854
vn -0.3772863 0.8359004 0.3986546
vn -0.4956916 0.7690331 0.4035815
vn -0.6056596 0.6823982 0.4092788
vn -0.7038206 0.5763786 0.4152399
vn -0.7863366 0.4522706 0.4208634
vn -0.8492346 0.3126353 0.4255111
vn -0.8889476 0.1614715 0.4286014
vn -0.9029533 0.0040719 0.4297195
vn -0.8903088 -0.1534876 0.4287095
vn -0.8518667 -0.3051101 0.4257122
vn -0.7900791 -0.4454474 0.4211313
vn -0.7084751 -0.5704275 0.4155425
vn -0.6110213 -0.6774175 0.4095834
vn -0.5015729 -0.7650636 0.4038592
vn -0.3835282 -0.8329460 0.3988823
vn -0.2596990 -0.8811895 0.3950461
vn -0.1323466 -0.9101275 0.3926224
vn -0.0033215 -0.9200576 0.3917690
vn 0.1257445 -0.9110989 0.3925394
vn 0.2532252 -0.8831436 0.3948854
vn 0.3772863 -0.8359004 0.3986546
vn 0.4956916 -0.7690331 0.4035815
vn 0.6056596 -0.6823982 0.4092788
vn 0.7038206 -0.5763786 0.4152399
vn 0.7863366 -0.4522706 0.4208634
vn 0.8492346 -0.3126353 0.4255111
vn 0.8889476 -0.1614715 0.4286014
vn 0.8736604 -0.0047679 0.4865128
vn 0.8616923 0.1477182 0.4854541
vn 0.8249854 0.2946201 0.4822842
vn 0.7657936 0.4308451 0.4774229
vn 0.6873872 0.5524596 0.4714736
vn 0.5934783 0.6568531 0.4651103
vn 0.4877185 0.7426093 0.4589793
vn 0.3733727 0.8092029 0.4536337
vn 0.2531867 0.8566470 0.4495024
vn 0.1294087 0.8851821 0.4468848
vn 0.0039104 0.8950462 0.4459563
vn -0.1216386 0.8863378 0.4467767
vn -0.2455752 0.8589694 0.4492932
vn -0.3660454 0.8127088 0.4533377
vn -0.4808288 0.7473100 0.4586190
vn -0.5872125 0.6627371 0.4647161
vn -0.6819618 0.5594719 0.4710831
vn -0.7614419 0.4388654 0.4770779
vn -0.8219311 0.3034476 0.4820258
vn -0.8601149 0.1570712 0.4853154
vn -0.8736604 0.0047679 0.4865128
vn -0.8616923 -0.1477182 0.4854541
vn -0.8249854 -0.2946201 0.4822842
vn -0.7657936 -0.4308451 0.4774229
vn -0.6873872 -0.5524596 0.4714736
vn -0.5934783 -0.6568531 0.4651103
vn -0.4877185 -0.7426093 0.4589793
vn -0.3733727 -0.8092029 0.4536337
vn -0.2531867 -0.8566470 0.4495024
vn -0.1294087 -0.8851821 0.4468848
vn -0.0039104 -0.8950462 0.4459563
vn 0.1216386 -0.8863378 0.4467767
vn 0.2455752 -0.8589694 0.4492932
vn 0.3660454 -0.8127088 0.4533377
vn 0.4808288 -0.7473100 0.4586190
vn 0.5872125 -0.6627371 0.4647161
vn 0.6819618 -0.5594719 0.4710831
vn 0.7614419 -0.4388654 0.4770779
vn 0.8219311 -0.3034476 0.4820258
vn 0.8601149 -0.1570712 0.4853154
vn 0.8353414 -0.0055502 0.5497035
vn 0.8242139 0.1402923 0.5486252
vn 0.7897018 0.2809870 0.5453599
vn 0.7338201 0.4117654 0.5403308
vn 0.6595225 0.5288779 0.5341518
vn 0.5702050 0.6297556 0.5275169
vn 0.4692605 0.7129165 0.5210995
vn 0.3597785 0.7777119 0.5154839
vn 0.2444123 0.8240202 0.5111295
vn 0.1253840 0.8519673 0.5083606
vn 0.0045835 0.8617165 0.5073693
vn -0.1162804 0.8533402 0.5082218
vn -0.2355057 0.8267755 0.5108613
vn -0.3512218 0.7818630 0.5151053
vn -0.4612363 0.7184673 0.5206398
vn -0.5629301 0.6366823 0.5270155
vn -0.6532439 0.5371060 0.5336568
vn -0.7287995 0.4211471 0.5398948
vn -0.7861870 0.2912865 0.5450341
vn -0.8224016 0.1511864 0.5484507
vn -0.8353414 0.0055502 0.5497035
vn -0.8242139 -0.1402923 0.5486252
vn -0.7897018 -0.2809870 0.5453599
vn -0.7338201 -0.4117654 0.5403308
vn -0.6595225 -0.5288779 0.5341518
vn -0.5702050 -0.6297556 0.5275169
vn -0.4692605 -0.7129165 0.5210995
vn -0.3597785 -0.7777119 0.5154839
vn -0.2444123 -0.8240202 0.5111295
vn -0.1253840 -0.8519673 0.5083606
vn -0.0045835 -0.8617165 0.5073693
vn 0.1162804 -0.8533402 0.5082218
vn 0.2355057 -0.8267755 0.5108613
vn 0.3512218 -0.7818630 0.5151053
vn 0.4612363 -0.7184673 0.5206398
vn 0.5629301 -0.6366823 0.5270155
vn 0.6532439 -0.5371060 0.5336568
vn 0.7287995 -0.4211471 0.5398948
vn 0.7861870 -0.2912865 0.5450341
vn 0.8224016 -0.1511864 0.5484507
vn 0.7833015 -0.0064409 0.6216086
vn 0.7732486 0.1303687 0.6205567
vn 0.7415957 0.2625815 0.6173223
vn 0.6900667 0.3858513 0.6123126
vn 0.6212235 0.4966816 0.6061261
vn 0.5380622 0.5925795 0.5994486
vn 0.4436392 0.6720013 0.5929574
vn 0.3408066 0.7341581 0.5872502
vn 0.2320822 0.7787658 0.5828051
vn 0.1196370 0.8058087 0.5799650
vn 0.0053673 0.8153555 0.5789357
vn -0.1089827 0.8074446 0.5797896
vn -0.2216759 0.7820437 0.5824667
vn -0.3308361 0.7390831 0.5867739
vn -0.4343218 0.6785640 0.5923812
vn -0.5296490 0.6007356 0.5988227
vn -0.6139934 0.5063290 0.6055106
vn -0.6843084 0.3968073 0.6117728
vn -0.7375778 0.2745694 0.6169202
vn -0.7711815 0.1430209 0.6203419
vn -0.7833015 0.0064409 0.6216086
vn -0.7732486 -0.1303687 0.6205567
vn -0.7415957 -0.2625815 0.6173223
vn -0.6900667 -0.3858513 0.6123126
vn -0.6212235 -0.4966816 0.6061261
vn -0.5380622 -0.5925795 0.5994486
vn -0.4436392 -0.6720013 0.5929574
vn -0.3408066 -0.7341581 0.5872502
vn -0.2320822 -0.7787658 0.5828051
vn -0.1196370 -0.8058087 0.5799650
vn -0.0053673 -0.8153555 0.5789357
vn 0.1089827 -0.8074446 0.5797896
vn 0.2216759 -0.7820437 0.5824667
vn 0.3308361 -0.7390831 0.5867739
vn 0.4343218 -0.6785640 0.5923812
vn 0.5296490 -0.6007356 0.5988227
vn 0.6139934 -0.5063290 0.6055106
vn 0.6843084 -0.3968073 0.6117728
vn 0.7375778 -0.2745694 0.6169202
vn 0.7711815 -0.1430209 0.6203419
vn 0.7103945 -0.0074529 0.7037642
vn 0.7017407 0.1166851 0.7028119
vn 0.6738855 0.2369260 0.6998174
vn 0.6282030 0.3494804 0.6951435
vn 0.5667744 0.4512077 0.6893318
vn 0.4920914 0.5397552 0.6830156
vn 0.4067694 0.6135427 0.6768338
vn 0.3133322 0.6716354 0.6713634
vn 0.2140916 0.7135637 0.6670769
vn 0.1111187 0.7391425 0.6643199
vn 0.0062850 0.7483239 0.6633038
vn -0.0986524 0.7411028 0.6641042
vn -0.2019430 0.7174827 0.6666615
vn -0.3017341 0.6775025 0.6707809
vn -0.3959818 0.6213241 0.6761322
vn -0.4824029 0.5493741 0.6822576
vn -0.5584949 0.4625216 0.6885907
vn -0.6216436 0.3622615 0.6944968
vn -0.6693283 0.2508507 0.6993379
vn -0.6994029 0.1313397 0.7025564
vn -0.7103945 0.0074529 0.7037642
vn -0.7017407 -0.1166851 0.7028119
vn -0.6738855 -0.2369260 0.6998174
vn -0.6282030 -0.3494804 0.6951435
vn -0.5667744 -0.4512077 0.6893318
vn -0.4920914 -0.5397552 0.6830156
vn -0.4067694 -0.6135427 0.6768338
vn -0.3133322 -0.6716354 0.6713634
vn -0.2140916 -0.7135637 0.6670769
vn -0.1111187 -0.7391425 0.6643199
vn -0.0062850 -0.7483239 0.6633038
vn 0.0986524 -0.7411028 0.6641042
vn 0.2019430 -0.7174827 0.6666615
vn 0.3017341 -0.6775025 0.6707809
vn 0.3959818 -0.6213241 0.6761322
vn 0.4824029 -0.5493741 0.6822576
vn 0.5584949 -0.4625216 0.6885907
vn 0.6216436 -0.3622615 0.6944968
vn 0.6693283 -0.2508507 0.6993379
vn 0.6994029 -0.1313397 0.7025564
vn 0.6067054 -0.0085654 0.7948806
vn 0.5998694 0.0975236 0.7941322
vn 0.5770543 0.2005846 0.7916907
vn 0.5392368 0.2975509 0.7878370
vn 0.4879362 0.3857838 0.7830001
vn 0.4250318 0.4631841 0.7776943
vn 0.3525761 0.5282098 0.7724535
vn 0.2726416 0.5798173 0.7677750
vn 0.1872233 0.6173597 0.7640776
vn 0.0981983 0.6404736 0.7616762
vn 0.0073349 0.6489824 0.7607681
vn -0.0836642 0.6428302 0.7614260
vn -0.1731019 0.6220570 0.7635973
vn -0.2592238 0.5868165 0.7671045
vn -0.3401719 0.5374361 0.7716511
vn -0.4139691 0.4745097 0.7768334
vn -0.4785502 0.3990095 0.7821644
vn -0.5318504 0.3123919 0.7871127
vn -0.5719506 0.2166654 0.7911565
vn -0.5972605 0.1143868 0.7938486
vn -0.6067054 0.0085654 0.7948806
vn -0.5998694 -0.0975236 0.7941322
vn -0.5770543 -0.2005846 0.7916907
vn -0.5392368 -0.2975509 0.7878370
vn -0.4879362 -0.3857838 0.7830001
vn -0.4250318 -0.4631841 0.7776943
vn -0.3525761 -0.5282098 0.7724535
vn -0.2726416 -0.5798173 0.7677750
vn -0.1872233 -0.6173597 0.7640776
vn -0.0981983 -0.6404736 0.7616762
vn -0.0073349 -0.6489824 0.7607681
vn 0.0836642 -0.6428302 0.7614260
vn 0.1731019 -0.6220570 0.7635973
vn 0.2592238 -0.5868165 0.7671045
vn 0.3401719 -0.5374361 0.7716511
vn 0.4139691 -0.4745097 0.7768334
vn 0.4785502 -0.3990095 0.7821644
vn 0.5318504 -0.3123919 0.7871127
vn 0.5719506 -0.2166654 0.7911565
vn 0.5972605 -0.1143868 0.7938486
vn 0.4620677 -0.0096778 0.8867918
vn 0.4575063 0.0711933 0.8863518
vn 0.4411387 0.1500445 0.8848069
vn 0.4135425 0.2246930 0.8823240
vn 0.3756520 0.2931767 0.8791661
vn 0.3286753 0.3538284 0.8756586
vn 0.2740025 0.4053075 0.8721516
vn 0.2131220 0.4465953 0.8689831
vn 0.1475575 0.4769635 0.8664483
vn 0.0788290 0.4959312 0.8647764
vn 0.0084376 0.5032229 0.8641154
vn -0.0621305 0.4987379 0.8645232
vn -0.1313913 0.4825376 0.8659640
vn -0.1978481 0.4548540 0.8683110
vn -0.2599848 0.4161152 0.8713530
vn -0.3162760 0.3669865 0.8748088
vn -0.3652200 0.3084138 0.8783480
vn -0.4053963 0.2416592 0.8816205
vn -0.4355451 0.1683134 0.8842913
vn -0.4546586 0.0902733 0.8860791
vn -0.4620677 0.0096778 0.8867918
vn -0.4575063 -0.0711933 0.8863518
vn -0.4411387 -0.1500445 0.8848069
vn -0.4135425 -0.2246930 0.8823240
vn -0.3756520 -0.2931767 0.8791661
vn -0.3286753 -0.3538284 0.8756586
vn -0.2740025 -0.4053075 0.8721516
vn -0.2131220 -0.4465953 0.8689831
vn -0.1475575 -0.4769635 0.8664483
vn -0.0788290 -0.4959312 0.8647764
vn -0.0084376 -0.5032229 0.8641154
vn 0.0621305 -0.4987379 0.8645232
vn 0.1313913 -0.4825376 0.8659640
vn 0.1978481 -0.4548540 0.8683110
vn 0.2599848 -0.4161152 0.8713530
vn 0.3162760 -0.3669865 0.8748088
vn 0.3652200 -0.3084138 0.8783480
vn 0.4053963 -0.2416592 0.8816205
vn 0.4355451 -0.1683134 0.8842913
vn 0.4546586 -0.0902733 0.8860791
vn 0.2804448 -0.0105559 0.9598121
vn 0.2784312 0.0386013 0.9596802
vn 0.2694379 0.0867543 0.9591021
vn 0.2537223 0.1326607 0.9581368
vn 0.2317264 0.1751581 0.9568817
vn 0.2040538 0.2131996 0.9554622
vn 0.1714411 0.2458791 0.9540186
vn 0.1347276 0.2724470 0.9526915
vn 0.0948272 0.2923157 0.9516088
vn 0.0527042 0.3050603 0.9508735
vn 0.0093536 0.3104152 0.9505550
vn -0.0342143 0.3082705 0.9506833
vn -0.0769865 0.2986699 0.9512462
vn -0.1179598 0.2818122 0.9521908
vn -0.1561547 0.2580534 0.9534276
vn -0.1906329 0.2279112 0.9548380
vn -0.2205198 0.1920659 0.9562854
vn -0.2450313 0.1513580 0.9576275
vn -0.2635031 0.1067765 0.9587309
vn -0.2754205 0.0594382 0.9594846
vn -0.2804448 0.0105559 0.9598121
vn -0.2784312 -0.0386013 0.9596802
vn -0.2694379 -0.0867543 0.9591021
vn -0.2537223 -0.1326607 0.9581368
vn -0.2317264 -0.1751581 0.9568817
vn -0.2040538 -0.2131996 0.9554622
vn -0.1714411 -0.2458791 0.9540186
vn -0.1347276 -0.2724470 0.9526915
vn -0.0948272 -0.2923157 0.9516088
vn -0.0527042 -0.3050603 0.9508735
vn -0.0093536 -0.3104152 0.9505550
vn 0.0342143 -0.3082705 0.9506833
vn 0.0769865 -0.2986699 0.9512462
vn 0.1179598 -0.2818122 0.9521908
vn 0.1561547 -0.2580534 0.9534276
vn 0.1906329 -0.2279112 0.9548380
vn 0.2205198 -0.1920659 0.9562854
vn 0.2450313 -0.1513580 0.9576275
vn 0.2635031 -0.1067765 0.9587309
vn 0.2754205 -0.0594382 0.9594846
vn 0.0000000 0.0000000 1.0000000
vn -0.0162676 0.9007200 -0.4340953
vn 0.0649418 0.8989376 -0.4332363
vn 0.0162676 0.9494717 -0.3134307
vn -0.0649418 0.9475928 -0.3128104
vn -0.0325741 -0.9384020 0.3440067
vn 0.0323179 -0.9673416 0.2514075
vn 0.0325741 -0.9139971 0.4044111
vn -0.0323179 -0.8704896 0.4911246
vn -0.0155813 0.2247881 -0.9742831
vn 0.0622121 0.2243799 -0.9725139
vn 0.0155813 0.8384929 0.5446897
vn -0.0622121 0.8369703 0.5437006
vn -0.0441815 -0.9712668 -0.2338562
vn 0.0179509 -0.6597648 -0.7512577
vn 0.0441815 -0.5362208 0.8429207
vn -0.0179509 0.0472724 0.9987207
vn -0.0139795 0.1557944 -0.9876906
vn 0.0558362 0.1555666 -0.9862461
vn 0.0139795 0.7981767 0.6022612
vn -0.0558362 0.7970093 0.6013804
vn -0.0417148 -0.9512709 -0.3055217
vn 0.0156148 -0.6251561 -0.7803435
vn 0.0417148 -0.4720538 0.8805822
vn -0.0156148 0.0923725 0.9956021
vn -0.0139795 0.1557944 -0.9876906
vn 0.0558362 0.1555666 -0.9862461
vn 0.0139795 0.7981767 0.6022612
vn -0.0558362 0.7970093 0.6013804
vn -0.0417148 -0.9512709 -0.3055217
vn 0.0156148 -0.6251561 -0.7803435
vn 0.0417148 -0.4720538 0.8805822
vn -0.0156148 0.0923725 0.9956021
vn -0.6379641 0.6786400 -0.3639362
vn 0.9573594 0.2545999 -0.1365350
vn 0.6379641 0.7409841 -0.2096292
vn -0.9573594 0.2779890 -0.0786449
vn -0.8571579 -0.4873163 0.1667427
vn 0.8521792 -0.5157150 0.0884792
vn 0.8571579 -0.4663752 0.2185737
vn -0.8521792 -0.4324371 0.2945992
vn -0.6379641 0.6786400 -0.3639362
vn 0.9573594 0.2545999 -0.1365350
vn 0.6379641 0.7409841 -0.2096292
vn -0.9573594 0.2779890 -0.0786449
vn -0.8571579 -0.4873163 0.1667427
vn 0.8521792 -0.5157150 0.0884792
vn 0.8571579 -0.4663752 0.2185737
vn -0.8521792 -0.4324371 0.2945992
vn -0.0091388 0.9116487 -0.4108688
vn 0.0365325 0.9110782 -0.4106117
vn 0.0091388 0.9411986 -0.3377301
vn -0.0365325 0.9406096 -0.3375187
vn -0.0182861 -0.9342392 0.3561780
vn 0.0182329 -0.9536318 0.3004230
vn 0.0182861 -0.9194574 0.3927641
vn -0.0182329 -0.8946766 0.4463421
s 1
usemtl cardboard
f 1//1 3//3 2//2
f 1//1 4//4 3//3
f 5//5 6//6 7//7
f 5//5 7//7 8//8
f 1//1 2//2 6//6
f 1//1 6//6 5//5
f 2//2 3//3 7//7
f 2//2 7//7 6//6
f 3//3 4//4 8//8
f 3//3 8//8 7//7
f 4//4 1//1 5//5
f 4//4 5//5 8//8
f 9//9 11//11 10//10
f 9//9 12//12 11//11
f 13//13 14//14 15//15
f 13//13 15//15 16//16
f 9//9 10//10 14//14
f 9//9 14//14 13//13
f 10//10 11//11 15//15
f 10//10 15//15 14//14
f 11//11 12//12 16//16
f 11//11 16//16 15//15
f 12//12 9//9 13//13
f 12//12 13//13 16//16
f 17//17 19//19 18//18
f 17//17 20//20 19//19
f 21//21 22//22 23//23
f 21//21 23//23 24//24
f 17//17 18//18 22//22
f 17//17 22//22 21//21
f 18//18 19//19 23//23
f 18//18 23//23 22//22
f 19//19 20//20 24//24
f 19//19 24//24 23//23
f 20//20 17//17 21//21
f 20//20 21//21 24//24
f 25//25 27//27 26//26
f 25//25 28//28 27//27
f 29//29 30//30 31//31
f 29//29 31//31 32//32
f 25//25 26//26 30//30
f 25//25 30//30 29//29
f 26//26 27//27 31//31
f 26//26 31//31 30//30
f 27//27 28//28 32//32
f 27//27 32//32 31//31
f 28//28 25//25 29//29
f 28//28 29//29 32//32
f 33//33 35//35 34//34
f 33//33 36//36 35//35
f 37//37 38//38 39//39
f 37//37 39//39 40//40
f 33//33 34//34 38//38
f 33//33 38//38 37//37
f 34//34 35//35 39//39
f 34//34 39//39 38//38
f 35//35 36//36 40//40
f 35//35 40//40 39//39
f 36//36 33//33 37//37
f 36//36 37//37 40//40
usemtl cardboard_dark
f 41//41 43//43 42//42
f 41//41 44//44 43//43
f 45//45 46//46 47//47
f 45//45 47//47 48//48
f 41//41 42//42 46//46
f 41//41 46//46 45//45
f 42//42 43//43 47//47
f 42//42 47//47 46//46
f 43//43 44//44 48//48
f 43//43 48//48 47//47
f 44//44 41//41 45//45
f 44//44 45//45 48//48
f 49//49 50//50 74//74
f 49//49 74//74 73//73
f 97//97 50//50 49//49
f 98//98 73//73 74//74
f 50//50 51//51 75//75
f 50//50 75//75 74//74
f 97//97 51//51 50//50
f 98//98 74//74 75//75
f 51//51 52//52 76//76
f 51//51 76//76 75//75
f 97//97 52//52 51//51
f 98//98 75//75 76//76
f 52//52 53//53 77//77
f 52//52 77//77 76//76
f 97//97 53//53 52//52
f 98//98 76//76 77//77
f 53//53 54//54 78//78
f 53//53 78//78 77//77
f 97//97 54//54 53//53
f 98//98 77//77 78//78
f 54//54 55//55 79//79
f 54//54 79//79 78//78
f 97//97 55//55 54//54
f 98//98 78//78 79//79
f 55//55 56//56 80//80
f 55//55 80//80 79//79
f 97//97 56//56 55//55
f 98//98 79//79 80//80
f 56//56 57//57 81//81
f 56//56 81//81 80//80
f 97//97 57//57 56//56
f 98//98 80//80 81//81
f 57//57 58//58 82//82
f 57//57 82//82 81//81
f 97//97 58//58 57//57
f 98//98 81//81 82//82
f 58//58 59//59 83//83
f 58//58 83//83 82//82
f 97//97 59//59 58//58
f 98//98 82//82 83//83
f 59//59 60//60 84//84
f 59//59 84//84 83//83
f 97//97 60//60 59//59
f 98//98 83//83 84//84
f 60//60 61//61 85//85
f 60//60 85//85 84//84
f 97//97 61//61 60//60
f 98//98 84//84 85//85
f 61//61 62//62 86//86
f 61//61 86//86 85//85
f 97//97 62//62 61//61
f 98//98 85//85 86//86
f 62//62 63//63 87//87
f 62//62 87//87 86//86
f 97//97 63//63 62//62
f 98//98 86//86 87//87
f 63//63 64//64 88//88
f 63//63 88//88 87//87
f 97//97 64//64 63//63
f 98//98 87//87 88//88
f 64//64 65//65 89//89
f 64//64 89//89 88//88
f 97//97 65//65 64//64
f 98//98 88//88 89//89
f 65//65 66//66 90//90
f 65//65 90//90 89//89
f 97//97 66//66 65//65
f 98//98 89//89 90//90
f 66//66 67//67 91//91
f 66//66 91//91 90//90
f 97//97 67//67 66//66
f 98//98 90//90 91//91
f 67//67 68//68 92//92
f 67//67 92//92 91//91
f 97//97 68//68 67//67
f 98//98 91//91 92//92
f 68//68 69//69 93//93
f 68//68 93//93 92//92
f 97//97 69//69 68//68
f 98//98 92//92 93//93
f 69//69 70//70 94//94
f 69//69 94//94 93//93
f 97//97 70//70 69//69
f 98//98 93//93 94//94
f 70//70 71//71 95//95
f 70//70 95//95 94//94
f 97//97 71//71 70//70
f 98//98 94//94 95//95
f 71//71 72//72 96//96
f 71//71 96//96 95//95
f 97//97 72//72 71//71
f 98//98 95//95 96//96
f 72//72 49//49 73//73
f 72//72 73//73 96//96
f 97//97 49//49 72//72
f 98//98 96//96 73//73
f 99//99 100//100 124//124
f 99//99 124//124 123//123
f 147//147 100//100 99//99
f 148//148 123//123 124//124
f 100//100 101//101 125//125
f 100//100 125//125 124//124
f 147//147 101//101 100//100
f 148//148 124//124 125//125
f 101//101 102//102 126//126
f 101//101 126//126 125//125
f 147//147 102//102 101//101
f 148//148 125//125 126//126
f 102//102 103//103 127//127
f 102//102 127//127 126//126
f 147//147 103//103 102//102
f 148//148 126//126 127//127
f 103//103 104//104 128//128
f 103//103 128//128 127//127
f 147//147 104//104 103//103
f 148//148 127//127 128//128
f 104//104 105//105 129//129
f 104//104 129//129 128//128
f 147//147 105//105 104//104
f 148//148 128//128 129//129
f 105//105 106//106 130//130
f 105//105 130//130 129//129
f 147//147 106//106 105//105
f 148//148 129//129 130//130
f 106//106 107//107 131//131
f 106//106 131//131 130//130
f 147//147 107//107 106//106
f 148//148 130//130 131//131
f 107//107 108//108 132//132
f 107//107 132//132 131//131
f 147//147 108//108 107//107
f 148//148 131//131 132//132
f 108//108 109//109 133//133
f 108//108 133//133 132//132
f 147//147 109//109 108//108
f 148//148 132//132 133//133
f 109//109 110//110 134//134
f 109//109 134//134 133//133
f 147//147 110//110 109//109
f 148//148 133//133 134//134
f 110//110 111//111 135//135
f 110//110 135//135 134//134
f 147//147 111//111 110//110
f 148//148 134//134 135//135
f 111//111 112//112 136//136
f 111//111 136//136 135//135
f 147//147 112//112 111//111
f 148//148 135//135 136//136
f 112//112 113//113 137//137
f 112//112 137//137 136//136
f 147//147 113//113 112//112
f 148//148 136//136 137//137
f 113//113 114//114 138//138
f 113//113 138//138 137//137
f 147//147 114//114 113//113
f 148//148 137//137 138//138
f 114//114 115//115 139//139
f 114//114 139//139 138//138
f 147//147 115//115 114//114
f 148//148 138//138 139//139
f 115//115 116//116 140//140
f 115//115 140//140 139//139
f 147//147 116//116 115//115
f 148//148 139//139 140//140
f 116//116 117//117 141//141
f 116//116 141//141 140//140
f 147//147 117//117 116//116
f 148//148 140//140 141//141
f 117//117 118//118 142//142
f 117//117 142//142 141//141
f 147//147 118//118 117//117
f 148//148 141//141 142//142
f 118//118 119//119 143//143
f 118//118 143//143 142//142
f 147//147 119//119 118//118
f 148//148 142//142 143//143
f 119//119 120//120 144//144
f 119//119 144//144 143//143
f 147//147 120//120 119//119
f 148//148 143//143 144//144
f 120//120 121//121 145//145
f 120//120 145//145 144//144
f 147//147 121//121 120//120
f 148//148 144//144 145//145
f 121//121 122//122 146//146
f 121//121 146//146 145//145
f 147//147 122//122 121//121
f 148//148 145//145 146//146
f 122//122 99//99 123//123
f 122//122 123//123 146//146
f 147//147 99//99 122//122
f 148//148 146//146 123//123
usemtl egg_cream
f 149//149 151//151 150//150
f 149//149 152//152 151//151
f 149//149 153//153 152//152
f 149//149 154//154 153//153
f 149//149 155//155 154//154
f 149//149 156//156 155//155
f 149//149 157//157 156//156
f 149//149 158//158 157//157
f 149//149 159//159 158//158
f 149//149 160//160 159//159
f 149//149 161//161 160//160
f 149//149 162//162 161//161
f 149//149 163//163 162//162
f 149//149 164//164 163//163
f 149//149 165//165 164//164
f 149//149 166//166 165//165
f 149//149 167//167 166//166
f 149//149 168//168 167//167
f 149//149 169//169 168//168
f 149//149 170//170 169//169
f 149//149 171//171 170//170
f 149//149 172//172 171//171
f 149//149 173//173 172//172
f 149//149 174//174 173//173
f 149//149 175//175 174//174
f 149//149 176//176 175//175
f 149//149 177//177 176//176
f 149//149 178//178 177//177
f 149//149 179//179 178//178
f 149//149 180//180 179//179
f 149//149 181//181 180//180
f 149//149 182//182 181//181
f 149//149 183//183 182//182
f 149//149 184//184 183//183
f 149//149 185//185 184//184
f 149//149 186//186 185//185
f 149//149 187//187 186//186
f 149//149 188//188 187//187
f 149//149 189//189 188//188
f 149//149 150//150 189//189
f 150//150 151//151 191//191
f 150//150 191//191 190//190
f 151//151 152//152 192//192
f 151//151 192//192 191//191
f 152//152 153//153 193//193
f 152//152 193//193 192//192
f 153//153 154//154 194//194
f 153//153 194//194 193//193
f 154//154 155//155 195//195
f 154//154 195//195 194//194
f 155//155 156//156 196//196
f 155//155 196//196 195//195
f 156//156 157//157 197//197
f 156//156 197//197 196//196
f 157//157 158//158 198//198
f 157//157 198//198 197//197
f 158//158 159//159 199//199
f 158//158 199//199 198//198
f 159//159 160//160 200//200
f 159//159 200//200 199//199
f 160//160 161//161 201//201
f 160//160 201//201 200//200
f 161//161 162//162 202//202
f 161//161 202//202 201//201
f 162//162 163//163 203//203
f 162//162 203//203 202//202
f 163//163 164//164 204//204
f 163//163 204//204 203//203
f 164//164 165//165 205//205
f 164//164 205//205 204//204
f 165//165 166//166 206//206
f 165//165 206//206 205//205
f 166//166 167//167 207//207
f 166//166 207//207 206//206
f 167//167 168//168 208//208
f 167//167 208//208 207//207
f 168//168 169//169 209//209
f 168//168 209//209 208//208
f 169//169 170//170 210//210
f 169//169 210//210 209//209
f 170//170 171//171 211//211
f 170//170 211//211 210//210
f 171//171 172//172 212//212
f 171//171 212//212 211//211
f 172//172 173//173 213//213
f 172//172 213//213 212//212
f 173//173 174//174 214//214
f 173//173 214//214 213//213
f 174//174 175//175 215//215
f 174//174 215//215 214//214
f 175//175 176//176 216//216
f 175//175 216//216 215//215
f 176//176 177//177 217//217
f 176//176 217//217 216//216
f 177//177 178//178 218//218
f 177//177 218//218 217//217
f 178//178 179//179 219//219
f 178//178 219//219 218//218
f 179//179 180//180 220//220
f 179//179 220//220 219//219
f 180//180 181//181 221//221
f 180//180 221//221 220//220
f 181//181 182//182 222//222
f 181//181 222//222 221//221
f 182//182 183//183 223//223
f 182//182 223//223 222//222
f 183//183 184//184 224//224
f 183//183 224//224 223//223
f 184//184 185//185 225//225
f 184//184 225//225 224//224
f 185//185 186//186 226//226
f 185//185 226//226 225//225
f 186//186 187//187 227//227
f 186//186 227//227 226//226
f 187//187 188//188 228//228
f 187//187 228//228 227//227
f 188//188 189//189 229//229
f 188//188 229//229 228//228
f 189//189 150//150 190//190
f 189//189 190//190 229//229
f 190//190 191//191 231//231
f 190//190 231//231 230//230
f 191//191 192//192 232//232
f 191//191 232//232 231//231
f 192//192 193//193 233//233
f 192//192 233//233 232//232
f 193//193 194//194 234//234
f 193//193 234//234 233//233
f 194//194 195//195 235//235
f 194//194 235//235 234//234
f 195//195 196//196 236//236
f 195//195 236//236 235//235
f 196//196 197//197 237//237
f 196//196 237//237 236//236
f 197//197 198//198 238//238
f 197//197 238//238 237//237
f 198//198 199//199 239//239
f 198//198 239//239 238//238
f 199//199 200//200 240//240
f 199//199 240//240 239//239
f 200//200 201//201 241//241
f 200//200 241//241 240//240
f 201//201 202//202 242//242
f 201//201 242//242 241//241
f 202//202 203//203 243//243
f 202//202 243//243 242//242
f 203//203 204//204 244//244
f 203//203 244//244 243//243
f 204//204 205//205 245//245
f 204//204 245//245 244//244
f 205//205 206//206 246//246
f 205//205 246//246 245//245
f 206//206 207//207 247//247
f 206//206 247//247 246//246
f 207//207 208//208 248//248
f 207//207 248//248 247//247
f 208//208 209//209 249//249
f 208//208 249//249 248//248
f 209//209 210//210 250//250
f 209//209 250//250 249//249
f 210//210 211//211 251//251
f 210//210 251//251 250//250
f 211//211 212//212 252//252
f 211//211 252//252 251//251
f 212//212 213//213 253//253
f 212//212 253//253 252//252
f 213//213 214//214 254//254
f 213//213 254//254 253//253
f 214//214 215//215 255//255
f 214//214 255//255 254//254
f 215//215 216//216 256//256
f 215//215 256//256 255//255
f 216//216 217//217 257//257
f 216//216 257//257 256//256
f 217//217 218//218 258//258
f 217//217 258//258 257//257
f 218//218 219//219 259//259
f 218//218 259//259 258//258
f 219//219 220//220 260//260
f 219//219 260//260 259//259
f 220//220 221//221 261//261
f 220//220 261//261 260//260
f 221//221 222//222 262//262
f 221//221 262//262 261//261
f 222//222 223//223 263//263
f 222//222 263//263 262//262
f 223//223 224//224 264//264
f 223//223 264//264 263//263
f 224//224 225//225 265//265
f 224//224 265//265 264//264
f 225//225 226//226 266//266
f 225//225 266//266 265//265
f 226//226 227//227 267//267
f 226//226 267//267 266//266
f 227//227 228//228 268//268
f 227//227 268//268 267//267
f 228//228 229//229 269//269
f 228//228 269//269 268//268
f 229//229 190//190 230//230
f 229//229 230//230 269//269
f 230//230 231//231 271//271
f 230//230 271//271 270//270
f 231//231 232//232 272//272
f 231//231 272//272 271//271
f 232//232 233//233 273//273
f 232//232 273//273 272//272
f 233//233 234//234 274//274
f 233//233 274//274 273//273
f 234//234 235//235 275//275
f 234//234 275//275 274//274
f 235//235 236//236 276//276
f 235//235 276//276 275//275
f 236//236 237//237 277//277
f 236//236 277//277 276//276
f 237//237 238//238 278//278
f 237//237 278//278 277//277
f 238//238 239//239 279//279
f 238//238 279//279 278//278
f 239//239 240//240 280//280
f 239//239 280//280 279//279
f 240//240 241//241 281//281
f 240//240 281//281 280//280
f 241//241 242//242 282//282
f 241//241 282//282 281//281
f 242//242 243//243 283//283
f 242//242 283//283 282//282
f 243//243 244//244 284//284
f 243//243 284//284 283//283
f 244//244 245//245 285//285
f 244//244 285//285 284//284
f 245//245 246//246 286//286
f 245//245 286//286 285//285
f 246//246 247//247 287//287
f 246//246 287//287 286//286
f 247//247 248//248 288//288
f 247//247 288//288 287//287
f 248//248 249//249 289//289
f 248//248 289//289 288//288
f 249//249 250//250 290//290
f 249//249 290//290 289//289
f 250//250 251//251 291//291
f 250//250 291//291 290//290
f 251//251 252//252 292//292
f 251//251 292//292 291//291
f 252//252 253//253 293//293
f 252//252 293//293 292//292
f 253//253 254//254 294//294
f 253//253 294//294 293//293
f 254//254 255//255 295//295
f 254//254 295//295 294//294
f 255//255 256//256 296//296
f 255//255 296//296 295//295
f 256//256 257//257 297//297
f 256//256 297//297 296//296
f 257//257 258//258 298//298
f 257//257 298//298 297//297
f 258//258 259//259 299//299
f 258//258 299//299 298//298
f 259//259 260//260 300//300
f 259//259 300//300 299//299
f 260//260 261//261 301//301
f 260//260 301//301 300//300
f 261//261 262//262 302//302
f 261//261 302//302 301//301
f 262//262 263//263 303//303
f 262//262 303//303 302//302
f 263//263 264//264 304//304
f 263//263 304//304 303//303
f 264//264 265//265 305//305
f 264//264 305//305 304//304
f 265//265 266//266 306//306
f 265//265 306//306 305//305
f 266//266 267//267 307//307
f 266//266 307//307 306//306
f 267//267 268//268 308//308
f 267//267 308//308 307//307
f 268//268 269//269 309//309
f 268//268 309//309 308//308
f 269//269 230//230 270//270
f 269//269 270//270 309//309
f 270//270 271//271 311//311
f 270//270 311//311 310//310
f 271//271 272//272 312//312
f 271//271 312//312 311//311
f 272//272 273//273 313//313
f 272//272 313//313 312//312
f 273//273 274//274 314//314
f 273//273 314//314 313//313
f 274//274 275//275 315//315
f 274//274 315//315 314//314
f 275//275 276//276 316//316
f 275//275 316//316 315//315
f 276//276 277//277 317//317
f 276//276 317//317 316//316
f 277//277 278//278 318//318
f 277//277 318//318 317//317
f 278//278 279//279 319//319
f 278//278 319//319 318//318
f 279//279 280//280 320//320
f 279//279 320//320 319//319
f 280//280 281//281 321//321
f 280//280 321//321 320//320
f 281//281 282//282 322//322
f 281//281 322//322 321//321
f 282//282 283//283 323//323
f 282//282 323//323 322//322
f 283//283 284//284 324//324
f 283//283 324//324 323//323
f 284//284 285//285 325//325
f 284//284 325//325 324//324
f 285//285 286//286 326//326
f 285//285 326//326 325//325
f 286//286 287//287 327//327
f 286//286 327//327 326//326
f 287//287 288//288 328//328
f 287//287 328//328 327//327
f 288//288 289//289 329//329
f 288//288 329//329 328//328
f 289//289 290//290 330//330
f 289//289 330//330 329//329
f 290//290 291//291 331//331
f 290//290 331//331 330//330
f 291//291 292//292 332//332
f 291//291 332//332 331//331
f 292//292 293//293 333//333
f 292//292 333//333 332//332
f 293//293 294//294 334//334
f 293//293 334//334 333//333
f 294//294 295//295 335//335
f 294//294 335//335 334//334
f 295//295 296//296 336//336
f 295//295 336//336 335//335
f 296//296 297//297 337//337
f 296//296 337//337 336//336
f 297//297 298//298 338//338
f 297//297 338//338 337//337
f 298//298 299//299 339//339
f 298//298 339//339 338//338
f 299//299 300//300 340//340
f 299//299 340//340 339//339
f 300//300 301//301 341//341
f 300//300 341//341 340//340
f 301//301 302//302 342//342
f 301//301 342//342 341//341
f 302//302 303//303 343//343
f 302//302 343//343 342//342
f 303//303 304//304 344//344
f 303//303 344//344 343//343
f 304//304 305//305 345//345
f 304//304 345//345 344//344
f 305//305 306//306 346//346
f 305//305 346//346 345//345
f 306//306 307//307 347//347
f 306//306 347//347 346//346
f 307//307 308//308 348//348
f 307//307 348//348 347//347
f 308//308 309//309 349//349
f 308//308 349//349 348//348
f 309//309 270//270 310//310
f 309//309 310//310 349//349
f 310//310 311//311 351//351
f 310//310 351//351 350//350
f 311//311 312//312 352//352
f 311//311 352//352 351//351
f 312//312 313//313 353//353
f 312//312 353//353 352//352
f 313//313 314//314 354//354
f 313//313 354//354 353//353
f 314//314 315//315 355//355
f 314//314 355//355 354//354
f 315//315 316//316 356//356
f 315//315 356//356 355//355
f 316//316 317//317 357//357
f 316//316 357//357 356//356
f 317//317 318//318 358//358
f 317//317 358//358 357//357
f 318//318 319//319 359//359
f 318//318 359//359 358//358
f 319//319 320//320 360//360
f 319//319 360//360 359//359
f 320//320 321//321 361//361
f 320//320 361//361 360//360
f 321//321 322//322 362//362
f 321//321 362//362 361//361
f 322//322 323//323 363//363
f 322//322 363//363 362//362
f 323//323 324//324 364//364
f 323//323 364//364 363//363
f 324//324 325//325 365//365
f 324//324 365//365 364//364
f 325//325 326//326 366//366
f 325//325 366//366 365//365
f 326//326 327//327 367//367
f 326//326 367//367 366//366
f 327//327 328//328 368//368
f 327//327 368//368 367//367
f 328//328 329//329 369//369
f 328//328 369//369 368//368
f 329//329 330//330 370//370
f 329//329 370//370 369//369
f 330//330 331//331 371//371
f 330//330 371//371 370//370
f 331//331 332//332 372//372
f 331//331 372//372 371//371
f 332//332 333//333 373//373
f 332//332 373//373 372//372
f 333//333 334//334 374//374
f 333//333 374//374 373//373
f 334//334 335//335 375//375
f 334//334 375//375 374//374
f 335//335 336//336 376//376
f 335//335 376//376 375//375
f 336//336 337//337 377//377
f 336//336 377//377 376//376
f 337//337 338//338 378//378
f 337//337 378//378 377//377
f 338//338 339//339 379//379
f 338//338 379//379 378//378
f 339//339 340//340 380//380
f 339//339 380//380 379//379
f 340//340 341//341 381//381
f 340//340 381//381 380//380
f 341//341 342//342 382//382
f 341//341 382//382 381//381
f 342//342 343//343 383//383
f 342//342 383//383 382//382
f 343//343 344//344 384//384
f 343//343 384//384 383//383
f 344//344 345//345 385//385
f 344//344 385//385 384//384
f 345//345 346//346 386//386
f 345//345 386//386 385//385
f 346//346 347//347 387//387
f 346//346 387//387 386//386
f 347//347 348//348 388//388
f 347//347 388//388 387//387
f 348//348 349//349 389//389
f 348//348 389//389 388//388
f 349//349 310//310 350//350
f 349//349 350//350 389//389
f 350//350 351//351 391//391
f 350//350 391//391 390//390
f 351//351 352//352 392//392
f 351//351 392//392 391//391
f 352//352 353//353 393//393
f 352//352 393//393 392//392
f 353//353 354//354 394//394
f 353//353 394//394 393//393
f 354//354 355//355 395//395
f 354//354 395//395 394//394
f 355//355 356//356 396//396
f 355//355 396//396 395//395
f 356//356 357//357 397//397
f 356//356 397//397 396//396
f 357//357 358//358 398//398
f 357//357 398//398 397//397
f 358//358 359//359 399//399
f 358//358 399//399 398//398
f 359//359 360//360 400//400
f 359//359 400//400 399//399
f 360//360 361//361 401//401
f 360//360 401//401 400//400
f 361//361 362//362 402//402
f 361//361 402//402 401//401
f 362//362 363//363 403//403
f 362//362 403//403 402//402
f 363//363 364//364 404//404
f 363//363 404//404 403//403
f 364//364 365//365 405//405
f 364//364 405//405 404//404
f 365//365 366//366 406//406
f 365//365 406//406 405//405
f 366//366 367//367 407//407
f 366//366 407//407 406//406
f 367//367 368//368 408//408
f 367//367 408//408 407//407
f 368//368 369//369 409//409
f 368//368 409//409 408//408
f 369//369 370//370 410//410
f 369//369 410//410 409//409
f 370//370 371//371 411//411
f 370//370 411//411 410//410
f 371//371 372//372 412//412
f 371//371 412//412 411//411
f 372//372 373//373 413//413
f 372//372 413//413 412//412
f 373//373 374//374 414//414
f 373//373 414//414 413//413
f 374//374 375//375 415//415
f 374//374 415//415 414//414
f 375//375 376//376 416//416
f 375//375 416//416 415//415
f 376//376 377//377 417//417
f 376//376 417//417 416//416
f 377//377 378//378 418//418
f 377//377 418//418 417//417
f 378//378 379//379 419//419
f 378//378 419//419 418//418
f 379//379 380//380 420//420
f 379//379 420//420 419//419
f 380//380 381//381 421//421
f 380//380 421//421 420//420
f 381//381 382//382 422//422
f 381//381 422//422 421//421
f 382//382 383//383 423//423
f 382//382 423//423 422//422
f 383//383 384//384 424//424
f 383//383 424//424 423//423
f 384//384 385//385 425//425
f 384//384 425//425 424//424
f 385//385 386//386 426//426
f 385//385 426//426 425//425
f 386//386 387//387 427//427
f 386//386 427//427 426//426
f 387//387 388//388 428//428
f 387//387 428//428 427//427
f 388//388 389//389 429//429
f 388//388 429//429 428//428
f 389//389 350//350 390//390
f 389//389 390//390 429//429
f 390//390 391//391 431//431
f 390//390 431//431 430//430
f 391//391 392//392 432//432
f 391//391 432//432 431//431
f 392//392 393//393 433//433
f 392//392 433//433 432//432
f 393//393 394//394 434//434
f 393//393 434//434 433//433
f 394//394 395//395 435//435
f 394//394 435//435 434//434
f 395//395 396//396 436//436
f 395//395 436//436 435//435
f 396//396 397//397 437//437
f 396//396 437//437 436//436
f 397//397 398//398 438//438
f 397//397 438//438 437//437
f 398//398 399//399 439//439
f 398//398 439//439 438//438
f 399//399 400//400 440//440
f 399//399 440//440 439//439
f 400//400 401//401 441//441
f 400//400 441//441 440//440
f 401//401 402//402 442//442
f 401//401 442//442 441//441
f 402//402 403//403 443//443
f 402//402 443//443 442//442
f 403//403 404//404 444//444
f 403//403 444//444 443//443
f 404//404 405//405 445//445
f 404//404 445//445 444//444
f 405//405 406//406 446//446
f 405//405 446//446 445//445
f 406//406 407//407 447//447
f 406//406 447//447 446//446
f 407//407 408//408 448//448
f 407//407 448//448 447//447
f 408//408 409//409 449//449
f 408//408 449//449 448//448
f 409//409 410//410 450//450
f 409//409 450//450 449//449
f 410//410 411//411 451//451
f 410//410 451//451 450//450
f 411//411 412//412 452//452
f 411//411 452//452 451//451
f 412//412 413//413 453//453
f 412//412 453//453 452//452
f 413//413 414//414 454//454
f 413//413 454//454 453//453
f 414//414 415//415 455//455
f 414//414 455//455 454//454
f 415//415 416//416 456//456
f 415//415 456//456 455//455
f 416//416 417//417 457//457
f 416//416 457//457 456//456
f 417//417 418//418 458//458
f 417//417 458//458 457//457
f 418//418 419//419 459//459
f 418//418 459//459 458//458
f 419//419 420//420 460//460
f 419//419 460//460 459//459
f 420//420 421//421 461//461
f 420//420 461//461 460//460
f 421//421 422//422 462//462
f 421//421 462//462 461//461
f 422//422 423//423 463//463
f 422//422 463//463 462//462
f 423//423 424//424 464//464
f 423//423 464//464 463//463
f 424//424 425//425 465//465
f 424//424 465//465 464//464
f 425//425 426//426 466//466
f 425//425 466//466 465//465
f 426//426 427//427 467//467
f 426//426 467//467 466//466
f 427//427 428//428 468//468
f 427//427 468//468 467//467
f 428//428 429//429 469//469
f 428//428 469//469 468//468
f 429//429 390//390 430//430
f 429//429 430//430 469//469
f 430//430 431//431 471//471
f 430//430 471//471 470//470
f 431//431 432//432 472//472
f 431//431 472//472 471//471
f 432//432 433//433 473//473
f 432//432 473//473 472//472
f 433//433 434//434 474//474
f 433//433 474//474 473//473
f 434//434 435//435 475//475
f 434//434 475//475 474//474
f 435//435 436//436 476//476
f 435//435 476//476 475//475
f 436//436 437//437 477//477
f 436//436 477//477 476//476
f 437//437 438//438 478//478
f 437//437 478//478 477//477
f 438//438 439//439 479//479
f 438//438 479//479 478//478
f 439//439 440//440 480//480
f 439//439 480//480 479//479
f 440//440 441//441 481//481
f 440//440 481//481 480//480
f 441//441 442//442 482//482
f 441//441 482//482 481//481
f 442//442 443//443 483//483
f 442//442 483//483 482//482
f 443//443 444//444 484//484
f 443//443 484//484 483//483
f 444//444 445//445 485//485
f 444//444 485//485 484//484
f 445//445 446//446 486//486
f 445//445 486//486 485//485
f 446//446 447//447 487//487
f 446//446 487//487 486//486
f 447//447 448//448 488//488
f 447//447 488//488 487//487
f 448//448 449//449 489//489
f 448//448 489//489 488//488
f 449//449 450//450 490//490
f 449//449 490//490 489//489
f 450//450 451//451 491//491
f 450//450 491//491 490//490
f 451//451 452//452 492//492
f 451//451 492//492 491//491
f 452//452 453//453 493//493
f 452//452 493//493 492//492
f 453//453 454//454 494//494
f 453//453 494//494 493//493
f 454//454 455//455 495//495
f 454//454 495//495 494//494
f 455//455 456//456 496//496
f 455//455 496//496 495//495
f 456//456 457//457 497//497
f 456//456 497//497 496//496
f 457//457 458//458 498//498
f 457//457 498//498 497//497
f 458//458 459//459 499//499
f 458//458 499//499 498//498
f 459//459 460//460 500//500
f 459//459 500//500 499//499
f 460//460 461//461 501//501
f 460//460 501//501 500//500
f 461//461 462//462 502//502
f 461//461 502//502 501//501
f 462//462 463//463 503//503
f 462//462 503//503 502//502
f 463//463 464//464 504//504
f 463//463 504//504 503//503
f 464//464 465//465 505//505
f 464//464 505//505 504//504
f 465//465 466//466 506//506
f 465//465 506//506 505//505
f 466//466 467//467 507//507
f 466//466 507//507 506//506
f 467//467 468//468 508//508
f 467//467 508//508 507//507
f 468//468 469//469 509//509
f 468//468 509//509 508//508
f 469//469 430//430 470//470
f 469//469 470//470 509//509
f 470//470 471//471 511//511
f 470//470 511//511 510//510
f 471//471 472//472 512//512
f 471//471 512//512 511//511
f 472//472 473//473 513//513
f 472//472 513//513 512//512
f 473//473 474//474 514//514
f 473//473 514//514 513//513
f 474//474 475//475 515//515
f 474//474 515//515 514//514
f 475//475 476//476 516//516
f 475//475 516//516 515//515
f 476//476 477//477 517//517
f 476//476 517//517 516//516
f 477//477 478//478 518//518
f 477//477 518//518 517//517
f 478//478 479//479 519//519
f 478//478 519//519 518//518
f 479//479 480//480 520//520
f 479//479 520//520 519//519
f 480//480 481//481 521//521
f 480//480 521//521 520//520
f 481//481 482//482 522//522
f 481//481 522//522 521//521
f 482//482 483//483 523//523
f 482//482 523//523 522//522
f 483//483 484//484 524//524
f 483//483 524//524 523//523
f 484//484 485//485 525//525
f 484//484 525//525 524//524
f 485//485 486//486 526//526
f 485//485 526//526 525//525
f 486//486 487//487 527//527
f 486//486 527//527 526//526
f 487//487 488//488 528//528
f 487//487 528//528 527//527
f 488//488 489//489 529//529
f 488//488 529//529 528//528
f 489//489 490//490 530//530
f 489//489 530//530 529//529
f 490//490 491//491 531//531
f 490//490 531//531 530//530
f 491//491 492//492 532//532
f 491//491 532//532 531//531
f 492//492 493//493 533//533
f 492//492 533//533 532//532
f 493//493 494//494 534//534
f 493//493 534//534 533//533
f 494//494 495//495 535//535
f 494//494 535//535 534//534
f 495//495 496//496 536//536
f 495//495 536//536 535//535
f 496//496 497//497 537//537
f 496//496 537//537 536//536
f 497//497 498//498 538//538
f 497//497 538//538 537//537
f 498//498 499//499 539//539
f 498//498 539//539 538//538
f 499//499 500//500 540//540
f 499//499 540//540 539//539
f 500//500 501//501 541//541
f 500//500 541//541 540//540
f 501//501 502//502 542//542
f 501//501 542//542 541//541
f 502//502 503//503 543//543
f 502//502 543//543 542//542
f 503//503 504//504 544//544
f 503//503 544//544 543//543
f 504//504 505//505 545//545
f 504//504 545//545 544//544
f 505//505 506//506 546//546
f 505//505 546//546 545//545
f 506//506 507//507 547//547
f 506//506 547//547 546//546
f 507//507 508//508 548//548
f 507//507 548//548 547//547
f 508//508 509//509 549//549
f 508//508 549//549 548//548
f 509//509 470//470 510//510
f 509//509 510//510 549//549
f 510//510 511//511 551//551
f 510//510 551//551 550//550
f 511//511 512//512 552//552
f 511//511 552//552 551//551
f 512//512 513//513 553//553
f 512//512 553//553 552//552
f 513//513 514//514 554//554
f 513//513 554//554 553//553
f 514//514 515//515 555//555
f 514//514 555//555 554//554
f 515//515 516//516 556//556
f 515//515 556//556 555//555
f 516//516 517//517 557//557
f 516//516 557//557 556//556
f 517//517 518//518 558//558
f 517//517 558//558 557//557
f 518//518 519//519 559//559
f 518//518 559//559 558//558
f 519//519 520//520 560//560
f 519//519 560//560 559//559
f 520//520 521//521 561//561
f 520//520 561//561 560//560
f 521//521 522//522 562//562
f 521//521 562//562 561//561
f 522//522 523//523 563//563
f 522//522 563//563 562//562
f 523//523 524//524 564//564
f 523//523 564//564 563//563
f 524//524 525//525 565//565
f 524//524 565//565 564//564
f 525//525 526//526 566//566
f 525//525 566//566 565//565
f 526//526 527//527 567//567
f 526//526 567//567 566//566
f 527//527 528//528 568//568
f 527//527 568//568 567//567
f 528//528 529//529 569//569
f 528//528 569//569 568//568
f 529//529 530//530 570//570
f 529//529 570//570 569//569
f 530//530 531//531 571//571
f 530//530 571//571 570//570
f 531//531 532//532 572//572
f 531//531 572//572 571//571
f 532//532 533//533 573//573
f 532//532 573//573 572//572
f 533//533 534//534 574//574
f 533//533 574//574 573//573
f 534//534 535//535 575//575
f 534//534 575//575 574//574
f 535//535 536//536 576//576
f 535//535 576//576 575//575
f 536//536 537//537 577//577
f 536//536 577//577 576//576
f 537//537 538//538 578//578
f 537//537 578//578 577//577
f 538//538 539//539 579//579
f 538//538 579//579 578//578
f 539//539 540//540 580//580
f 539//539 580//580 579//579
f 540//540 541//541 581//581
f 540//540 581//581 580//580
f 541//541 542//542 582//582
f 541//541 582//582 581//581
f 542//542 543//543 583//583
f 542//542 583//583 582//582
f 543//543 544//544 584//584
f 543//543 584//584 583//583
f 544//544 545//545 585//585
f 544//544 585//585 584//584
f 545//545 546//546 586//586
f 545//545 586//586 585//585
f 546//546 547//547 587//587
f 546//546 587//587 586//586
f 547//547 548//548 588//588
f 547//547 588//588 587//587
f 548//548 549//549 589//589
f 548//548 589//589 588//588
f 549//549 510//510 550//550
f 549//549 550//550 589//589
f 550//550 551//551 591//591
f 550//550 591//591 590//590
f 551//551 552//552 592//592
f 551//551 592//592 591//591
f 552//552 553//553 593//593
f 552//552 593//593 592//592
f 553//553 554//554 594//594
f 553//553 594//594 593//593
f 554//554 555//555 595//595
f 554//554 595//595 594//594
f 555//555 556//556 596//596
f 555//555 596//596 595//595
f 556//556 557//557 597//597
f 556//556 597//597 596//596
f 557//557 558//558 598//598
f 557//557 598//598 597//597
f 558//558 559//559 599//599
f 558//558 599//599 598//598
f 559//559 560//560 600//600
f 559//559 600//600 599//599
f 560//560 561//561 601//601
f 560//560 601//601 600//600
f 561//561 562//562 602//602
f 561//561 602//602 601//601
f 562//562 563//563 603//603
f 562//562 603//603 602//602
f 563//563 564//564 604//604
f 563//563 604//604 603//603
f 564//564 565//565 605//605
f 564//564 605//605 604//604
f 565//565 566//566 606//606
f 565//565 606//606 605//605
f 566//566 567//567 607//607
f 566//566 607//607 606//606
f 567//567 568//568 608//608
f 567//567 608//608 607//607
f 568//568 569//569 609//609
f 568//568 609//609 608//608
f 569//569 570//570 610//610
f 569//569 610//610 609//609
f 570//570 571//571 611//611
f 570//570 611//611 610//610
f 571//571 572//572 612//612
f 571//571 612//612 611//611
f 572//572 573//573 613//613
f 572//572 613//613 612//612
f 573//573 574//574 614//614
f 573//573 614//614 613//613
f 574//574 575//575 615//615
f 574//574 615//615 614//614
f 575//575 576//576 616//616
f 575//575 616//616 615//615
f 576//576 577//577 617//617
f 576//576 617//617 616//616
f 577//577 578//578 618//618
f 577//577 618//618 617//617
f 578//578 579//579 619//619
f 578//578 619//619 618//618
f 579//579 580//580 620//620
f 579//579 620//620 619//619
f 580//580 581//581 621//621
f 580//580 621//621 620//620
f 581//581 582//582 622//622
f 581//581 622//622 621//621
f 582//582 583//583 623//623
f 582//582 623//623 622//622
f 583//583 584//584 624//624
f 583//583 624//624 623//623
f 584//584 585//585 625//625
f 584//584 625//625 624//624
f 585//585 586//586 626//626
f 585//585 626//626 625//625
f 586//586 587//587 627//627
f 586//586 627//627 626//626
f 587//587 588//588 628//628
f 587//587 628//628 627//627
f 588//588 589//589 629//629
f 588//588 629//629 628//628
f 589//589 550//550 590//590
f 589//589 590//590 629//629
f 590//590 591//591 631//631
f 590//590 631//631 630//630
f 591//591 592//592 632//632
f 591//591 632//632 631//631
f 592//592 593//593 633//633
f 592//592 633//633 632//632
f 593//593 594//594 634//634
f 593//593 634//634 633//633
f 594//594 595//595 635//635
f 594//594 635//635 634//634
f 595//595 596//596 636//636
f 595//595 636//636 635//635
f 596//596 597//597 637//637
f 596//596 637//637 636//636
f 597//597 598//598 638//638
f 597//597 638//638 637//637
f 598//598 599//599 639//639
f 598//598 639//639 638//638
f 599//599 600//600 640//640
f 599//599 640//640 639//639
f 600//600 601//601 641//641
f 600//600 641//641 640//640
f 601//601 602//602 642//642
f 601//601 642//642 641//641
f 602//602 603//603 643//643
f 602//602 643//643 642//642
f 603//603 604//604 644//644
f 603//603 644//644 643//643
f 604//604 605//605 645//645
f 604//604 645//645 644//644
f 605//605 606//606 646//646
f 605//605 646//646 645//645
f 606//606 607//607 647//647
f 606//606 647//647 646//646
f 607//607 608//608 648//648
f 607//607 648//648 647//647
f 608//608 609//609 649//649
f 608//608 649//649 648//648
f 609//609 610//610 650//650
f 609//609 650//650 649//649
f 610//610 611//611 651//651
f 610//610 651//651 650//650
f 611//611 612//612 652//652
f 611//611 652//652 651//651
f 612//612 613//613 653//653
f 612//612 653//653 652//652
f 613//613 614//614 654//654
f 613//613 654//654 653//653
f 614//614 615//615 655//655
f 614//614 655//655 654//654
f 615//615 616//616 656//656
f 615//615 656//656 655//655
f 616//616 617//617 657//657
f 616//616 657//657 656//656
f 617//617 618//618 658//658
f 617//617 658//658 657//657
f 618//618 619//619 659//659
f 618//618 659//659 658//658
f 619//619 620//620 660//660
f 619//619 660//660 659//659
f 620//620 621//621 661//661
f 620//620 661//661 660//660
f 621//621 622//622 662//662
f 621//621 662//662 661//661
f 622//622 623//623 663//663
f 622//622 663//663 662//662
f 623//623 624//624 664//664
f 623//623 664//664 663//663
f 624//624 625//625 665//665
f 624//624 665//665 664//664
f 625//625 626//626 666//666
f 625//625 666//666 665//665
f 626//626 627//627 667//667
f 626//626 667//667 666//666
f 627//627 628//628 668//668
f 627//627 668//668 667//667
f 628//628 629//629 669//669
f 628//628 669//669 668//668
f 629//629 590//590 630//630
f 629//629 630//630 669//669
f 630//630 631//631 671//671
f 630//630 671//671 670//670
f 631//631 632//632 672//672
f 631//631 672//672 671//671
f 632//632 633//633 673//673
f 632//632 673//673 672//672
f 633//633 634//634 674//674
f 633//633 674//674 673//673
f 634//634 635//635 675//675
f 634//634 675//675 674//674
f 635//635 636//636 676//676
f 635//635 676//676 675//675
f 636//636 637//637 677//677
f 636//636 677//677 676//676
f 637//637 638//638 678//678
f 637//637 678//678 677//677
f 638//638 639//639 679//679
f 638//638 679//679 678//678
f 639//639 640//640 680//680
f 639//639 680//680 679//679
f 640//640 641//641 681//681
f 640//640 681//681 680//680
f 641//641 642//642 682//682
f 641//641 682//682 681//681
f 642//642 643//643 683//683
f 642//642 683//683 682//682
f 643//643 644//644 684//684
f 643//643 684//684 683//683
f 644//644 645//645 685//685
f 644//644 685//685 684//684
f 645//645 646//646 686//686
f 645//645 686//686 685//685
f 646//646 647//647 687//687
f 646//646 687//687 686//686
f 647//647 648//648 688//688
f 647//647 688//688 687//687
f 648//648 649//649 689//689
f 648//648 689//689 688//688
f 649//649 650//650 690//690
f 649//649 690//690 689//689
f 650//650 651//651 691//691
f 650//650 691//691 690//690
f 651//651 652//652 692//692
f 651//651 692//692 691//691
f 652//652 653//653 693//693
f 652//652 693//693 692//692
f 653//653 654//654 694//694
f 653//653 694//694 693//693
f 654//654 655//655 695//695
f 654//654 695//695 694//694
f 655//655 656//656 696//696
f 655//655 696//696 695//695
f 656//656 657//657 697//697
f 656//656 697//697 696//696
f 657//657 658//658 698//698
f 657//657 698//698 697//697
f 658//658 659//659 699//699
f 658//658 699//699 698//698
f 659//659 660//660 700//700
f 659//659 700//700 699//699
f 660//660 661//661 701//701
f 660//660 701//701 700//700
f 661//661 662//662 702//702
f 661//661 702//702 701//701
f 662//662 663//663 703//703
f 662//662 703//703 702//702
f 663//663 664//664 704//704
f 663//663 704//704 703//703
f 664//664 665//665 705//705
f 664//664 705//705 704//704
f 665//665 666//666 706//706
f 665//665 706//706 705//705
f 666//666 667//667 707//707
f 666//666 707//707 706//706
f 667//667 668//668 708//708
f 667//667 708//708 707//707
f 668//668 669//669 709//709
f 668//668 709//709 708//708
f 669//669 630//630 670//670
f 669//669 670//670 709//709
f 670//670 671//671 711//711
f 670//670 711//711 710//710
f 671//671 672//672 712//712
f 671//671 712//712 711//711
f 672//672 673//673 713//713
f 672//672 713//713 712//712
f 673//673 674//674 714//714
f 673//673 714//714 713//713
f 674//674 675//675 715//715
f 674//674 715//715 714//714
f 675//675 676//676 716//716
f 675//675 716//716 715//715
f 676//676 677//677 717//717
f 676//676 717//717 716//716
f 677//677 678//678 718//718
f 677//677 718//718 717//717
f 678//678 679//679 719//719
f 678//678 719//719 718//718
f 679//679 680//680 720//720
f 679//679 720//720 719//719
f 680//680 681//681 721//721
f 680//680 721//721 720//720
f 681//681 682//682 722//722
f 681//681 722//722 721//721
f 682//682 683//683 723//723
f 682//682 723//723 722//722
f 683//683 684//684 724//724
f 683//683 724//724 723//723
f 684//684 685//685 725//725
f 684//684 725//725 724//724
f 685//685 686//686 726//726
f 685//685 726//726 725//725
f 686//686 687//687 727//727
f 686//686 727//727 726//726
f 687//687 688//688 728//728
f 687//687 728//728 727//727
f 688//688 689//689 729//729
f 688//688 729//729 728//728
f 689//689 690//690 730//730
f 689//689 730//730 729//729
f 690//690 691//691 731//731
f 690//690 731//731 730//730
f 691//691 692//692 732//732
f 691//691 732//732 731//731
f 692//692 693//693 733//733
f 692//692 733//733 732//732
f 693//693 694//694 734//734
f 693//693 734//734 733//733
f 694//694 695//695 735//735
f 694//694 735//735 734//734
f 695//695 696//696 736//736
f 695//695 736//736 735//735
f 696//696 697//697 737//737
f 696//696 737//737 736//736
f 697//697 698//698 738//738
f 697//697 738//738 737//737
f 698//698 699//699 739//739
f 698//698 739//739 738//738
f 699//699 700//700 740//740
f 699//699 740//740 739//739
f 700//700 701//701 741//741
f 700//700 741//741 740//740
f 701//701 702//702 742//742
f 701//701 742//742 741//741
f 702//702 703//703 743//743
f 702//702 743//743 742//742
f 703//703 704//704 744//744
f 703//703 744//744 743//743
f 704//704 705//705 745//745
f 704//704 745//745 744//744
f 705//705 706//706 746//746
f 705//705 746//746 745//745
f 706//706 707//707 747//747
f 706//706 747//747 746//746
f 707//707 708//708 748//748
f 707//707 748//748 747//747
f 708//708 709//709 749//749
f 708//708 749//749 748//748
f 709//709 670//670 710//710
f 709//709 710//710 749//749
f 710//710 711//711 751//751
f 710//710 751//751 750//750
f 711//711 712//712 752//752
f 711//711 752//752 751//751
f 712//712 713//713 753//753
f 712//712 753//753 752//752
f 713//713 714//714 754//754
f 713//713 754//754 753//753
f 714//714 715//715 755//755
f 714//714 755//755 754//754
f 715//715 716//716 756//756
f 715//715 756//756 755//755
f 716//716 717//717 757//757
f 716//716 757//757 756//756
f 717//717 718//718 758//758
f 717//717 758//758 757//757
f 718//718 719//719 759//759
f 718//718 759//759 758//758
f 719//719 720//720 760//760
f 719//719 760//760 759//759
f 720//720 721//721 761//761
f 720//720 761//761 760//760
f 721//721 722//722 762//762
f 721//721 762//762 761//761
f 722//722 723//723 763//763
f 722//722 763//763 762//762
f 723//723 724//724 764//764
f 723//723 764//764 763//763
f 724//724 725//725 765//765
f 724//724 765//765 764//764
f 725//725 726//726 766//766
f 725//725 766//766 765//765
f 726//726 727//727 767//767
f 726//726 767//767 766//766
f 727//727 728//728 768//768
f 727//727 768//768 767//767
f 728//728 729//729 769//769
f 728//728 769//769 768//768
f 729//729 730//730 770//770
f 729//729 770//770 769//769
f 730//730 731//731 771//771
f 730//730 771//771 770//770
f 731//731 732//732 772//772
f 731//731 772//772 771//771
f 732//732 733//733 773//773
f 732//732 773//773 772//772
f 733//733 734//734 774//774
f 733//733 774//774 773//773
f 734//734 735//735 775//775
f 734//734 775//775 774//774
f 735//735 736//736 776//776
f 735//735 776//776 775//775
f 736//736 737//737 777//777
f 736//736 777//777 776//776
f 737//737 738//738 778//778
f 737//737 778//778 777//777
f 738//738 739//739 779//779
f 738//738 779//779 778//778
f 739//739 740//740 780//780
f 739//739 780//780 779//779
f 740//740 741//741 781//781
f 740//740 781//781 780//780
f 741//741 742//742 782//782
f 741//741 782//782 781//781
f 742//742 743//743 783//783
f 742//742 783//783 782//782
f 743//743 744//744 784//784
f 743//743 784//784 783//783
f 744//744 745//745 785//785
f 744//744 785//785 784//784
f 745//745 746//746 786//786
f 745//745 786//786 785//785
f 746//746 747//747 787//787
f 746//746 787//787 786//786
f 747//747 748//748 788//788
f 747//747 788//788 787//787
f 748//748 749//749 789//789
f 748//748 789//789 788//788
f 749//749 710//710 750//750
f 749//749 750//750 789//789
f 750//750 751//751 791//791
f 750//750 791//791 790//790
f 751//751 752//752 792//792
f 751//751 792//792 791//791
f 752//752 753//753 793//793
f 752//752 793//793 792//792
f 753//753 754//754 794//794
f 753//753 794//794 793//793
f 754//754 755//755 795//795
f 754//754 795//795 794//794
f 755//755 756//756 796//796
f 755//755 796//796 795//795
f 756//756 757//757 797//797
f 756//756 797//797 796//796
f 757//757 758//758 798//798
f 757//757 798//798 797//797
f 758//758 759//759 799//799
f 758//758 799//799 798//798
f 759//759 760//760 800//800
f 759//759 800//800 799//799
f 760//760 761//761 801//801
f 760//760 801//801 800//800
f 761//761 762//762 802//802
f 761//761 802//802 801//801
f 762//762 763//763 803//803
f 762//762 803//803 802//802
f 763//763 764//764 804//804
f 763//763 804//804 803//803
f 764//764 765//765 805//805
f 764//764 805//805 804//804
f 765//765 766//766 806//806
f 765//765 806//806 805//805
f 766//766 767//767 807//807
f 766//766 807//807 806//806
f 767//767 768//768 808//808
f 767//767 808//808 807//807
f 768//768 769//769 809//809
f 768//768 809//809 808//808
f 769//769 770//770 810//810
f 769//769 810//810 809//809
f 770//770 771//771 811//811
f 770//770 811//811 810//810
f 771//771 772//772 812//812
f 771//771 812//812 811//811
f 772//772 773//773 813//813
f 772//772 813//813 812//812
f 773//773 774//774 814//814
f 773//773 814//814 813//813
f 774//774 775//775 815//815
f 774//774 815//815 814//814
f 775//775 776//776 816//816
f 775//775 816//816 815//815
f 776//776 777//777 817//817
f 776//776 817//817 816//816
f 777//777 778//778 818//818
f 777//777 818//818 817//817
f 778//778 779//779 819//819
f 778//778 819//819 818//818
f 779//779 780//780 820//820
f 779//779 820//820 819//819
f 780//780 781//781 821//821
f 780//780 821//821 820//820
f 781//781 782//782 822//822
f 781//781 822//822 821//821
f 782//782 783//783 823//823
f 782//782 823//823 822//822
f 783//783 784//784 824//824
f 783//783 824//824 823//823
f 784//784 785//785 825//825
f 784//784 825//825 824//824
f 785//785 786//786 826//826
f 785//785 826//826 825//825
f 786//786 787//787 827//827
f 786//786 827//827 826//826
f 787//787 788//788 828//828
f 787//787 828//828 827//827
f 788//788 789//789 829//829
f 788//788 829//829 828//828
f 789//789 750//750 790//790
f 789//789 790//790 829//829
f 790//790 791//791 831//831
f 790//790 831//831 830//830
f 791//791 792//792 832//832
f 791//791 832//832 831//831
f 792//792 793//793 833//833
f 792//792 833//833 832//832
f 793//793 794//794 834//834
f 793//793 834//834 833//833
f 794//794 795//795 835//835
f 794//794 835//835 834//834
f 795//795 796//796 836//836
f 795//795 836//836 835//835
f 796//796 797//797 837//837
f 796//796 837//837 836//836
f 797//797 798//798 838//838
f 797//797 838//838 837//837
f 798//798 799//799 839//839
f 798//798 839//839 838//838
f 799//799 800//800 840//840
f 799//799 840//840 839//839
f 800//800 801//801 841//841
f 800//800 841//841 840//840
f 801//801 802//802 842//842
f 801//801 842//842 841//841
f 802//802 803//803 843//843
f 802//802 843//843 842//842
f 803//803 804//804 844//844
f 803//803 844//844 843//843
f 804//804 805//805 845//845
f 804//804 845//845 844//844
f 805//805 806//806 846//846
f 805//805 846//846 845//845
f 806//806 807//807 847//847
f 806//806 847//847 846//846
f 807//807 808//808 848//848
f 807//807 848//848 847//847
f 808//808 809//809 849//849
f 808//808 849//849 848//848
f 809//809 810//810 850//850
f 809//809 850//850 849//849
f 810//810 811//811 851//851
f 810//810 851//851 850//850
f 811//811 812//812 852//852
f 811//811 852//852 851//851
f 812//812 813//813 853//853
f 812//812 853//853 852//852
f 813//813 814//814 854//854
f 813//813 854//854 853//853
f 814//814 815//815 855//855
f 814//814 855//855 854//854
f 815//815 816//816 856//856
f 815//815 856//856 855//855
f 816//816 817//817 857//857
f 816//816 857//857 856//856
f 817//817 818//818 858//858
f 817//817 858//858 857//857
f 818//818 819//819 859//859
f 818//818 859//859 858//858
f 819//819 820//820 860//860
f 819//819 860//860 859//859
f 820//820 821//821 861//861
f 820//820 861//861 860//860
f 821//821 822//822 862//862
f 821//821 862//862 861//861
f 822//822 823//823 863//863
f 822//822 863//863 862//862
f 823//823 824//824 864//864
f 823//823 864//864 863//863
f 824//824 825//825 865//865
f 824//824 865//865 864//864
f 825//825 826//826 866//866
f 825//825 866//866 865//865
f 826//826 827//827 867//867
f 826//826 867//867 866//866
f 827//827 828//828 868//868
f 827//827 868//868 867//867
f 828//828 829//829 869//869
f 828//828 869//869 868//868
f 829//829 790//790 830//830
f 829//829 830//830 869//869
f 830//830 831//831 871//871
f 830//830 871//871 870//870
f 831//831 832//832 872//872
f 831//831 872//872 871//871
f 832//832 833//833 873//873
f 832//832 873//873 872//872
f 833//833 834//834 874//874
f 833//833 874//874 873//873
f 834//834 835//835 875//875
f 834//834 875//875 874//874
f 835//835 836//836 876//876
f 835//835 876//876 875//875
f 836//836 837//837 877//877
f 836//836 877//877 876//876
f 837//837 838//838 878//878
f 837//837 878//878 877//877
f 838//838 839//839 879//879
f 838//838 879//879 878//878
f 839//839 840//840 880//880
f 839//839 880//880 879//879
f 840//840 841//841 881//881
f 840//840 881//881 880//880
f 841//841 842//842 882//882
f 841//841 882//882 881//881
f 842//842 843//843 883//883
f 842//842 883//883 882//882
f 843//843 844//844 884//884
f 843//843 884//884 883//883
f 844//844 845//845 885//885
f 844//844 885//885 884//884
f 845//845 846//846 886//886
f 845//845 886//886 885//885
f 846//846 847//847 887//887
f 846//846 887//887 886//886
f 847//847 848//848 888//888
f 847//847 888//888 887//887
f 848//848 849//849 889//889
f 848//848 889//889 888//888
f 849//849 850//850 890//890
f 849//849 890//890 889//889
f 850//850 851//851 891//891
f 850//850 891//891 890//890
f 851//851 852//852 892//892
f 851//851 892//892 891//891
f 852//852 853//853 893//893
f 852//852 893//893 892//892
f 853//853 854//854 894//894
f 853//853 894//894 893//893
f 854//854 855//855 895//895
f 854//854 895//895 894//894
f 855//855 856//856 896//896
f 855//855 896//896 895//895
f 856//856 857//857 897//897
f 856//856 897//897 896//896
f 857//857 858//858 898//898
f 857//857 898//898 897//897
f 858//858 859//859 899//899
f 858//858 899//899 898//898
f 859//859 860//860 900//900
f 859//859 900//900 899//899
f 860//860 861//861 901//901
f 860//860 901//901 900//900
f 861//861 862//862 902//902
f 861//861 902//902 901//901
f 862//862 863//863 903//903
f 862//862 903//903 902//902
f 863//863 864//864 904//904
f 863//863 904//904 903//903
f 864//864 865//865 905//905
f 864//864 905//905 904//904
f 865//865 866//866 906//906
f 865//865 906//906 905//905
f 866//866 867//867 907//907
f 866//866 907//907 906//906
f 867//867 868//868 908//908
f 867//867 908//908 907//907
f 868//868 869//869 909//909
f 868//868 909//909 908//908
f 869//869 830//830 870//870
f 869//869 870//870 909//909
f 870//870 871//871 911//911
f 870//870 911//911 910//910
f 871//871 872//872 912//912
f 871//871 912//912 911//911
f 872//872 873//873 913//913
f 872//872 913//913 912//912
f 873//873 874//874 914//914
f 873//873 914//914 913//913
f 874//874 875//875 915//915
f 874//874 915//915 914//914
f 875//875 876//876 916//916
f 875//875 916//916 915//915
f 876//876 877//877 917//917
f 876//876 917//917 916//916
f 877//877 878//878 918//918
f 877//877 918//918 917//917
f 878//878 879//879 919//919
f 878//878 919//919 918//918
f 879//879 880//880 920//920
f 879//879 920//920 919//919
f 880//880 881//881 921//921
f 880//880 921//921 920//920
f 881//881 882//882 922//922
f 881//881 922//922 921//921
f 882//882 883//883 923//923
f 882//882 923//923 922//922
f 883//883 884//884 924//924
f 883//883 924//924 923//923
f 884//884 885//885 925//925
f 884//884 925//925 924//924
f 885//885 886//886 926//926
f 885//885 926//926 925//925
f 886//886 887//887 927//927
f 886//886 927//927 926//926
f 887//887 888//888 928//928
f 887//887 928//928 927//927
f 888//888 889//889 929//929
f 888//888 929//929 928//928
f 889//889 890//890 930//930
f 889//889 930//930 929//929
f 890//890 891//891 931//931
f 890//890 931//931 930//930
f 891//891 892//892 932//932
f 891//891 932//932 931//931
f 892//892 893//893 933//933
f 892//892 933//933 932//932
f 893//893 894//894 934//934
f 893//893 934//934 933//933
f 894//894 895//895 935//935
f 894//894 935//935 934//934
f 895//895 896//896 936//936
f 895//895 936//936 935//935
f 896//896 897//897 937//937
f 896//896 937//937 936//936
f 897//897 898//898 938//938
f 897//897 938//938 937//937
f 898//898 899//899 939//939
f 898//898 939//939 938//938
f 899//899 900//900 940//940
f 899//899 940//940 939//939
f 900//900 901//901 941//941
f 900//900 941//941 940//940
f 901//901 902//902 942//942
f 901//901 942//942 941//941
f 902//902 903//903 943//943
f 902//902 943//943 942//942
f 903//903 904//904 944//944
f 903//903 944//944 943//943
f 904//904 905//905 945//945
f 904//904 945//945 944//944
f 905//905 906//906 946//946
f 905//905 946//946 945//945
f 906//906 907//907 947//947
f 906//906 947//947 946//946
f 907//907 908//908 948//948
f 907//907 948//948 947//947
f 908//908 909//909 949//949
f 908//908 949//949 948//948
f 909//909 870//870 910//910
f 909//909 910//910 949//949
f 910//910 911//911 951//951
f 910//910 951//951 950//950
f 911//911 912//912 952//952
f 911//911 952//952 951//951
f 912//912 913//913 953//953
f 912//912 953//953 952//952
f 913//913 914//914 954//954
f 913//913 954//954 953//953
f 914//914 915//915 955//955
f 914//914 955//955 954//954
f 915//915 916//916 956//956
f 915//915 956//956 955//955
f 916//916 917//917 957//957
f 916//916 957//957 956//956
f 917//917 918//918 958//958
f 917//917 958//958 957//957
f 918//918 919//919 959//959
f 918//918 959//959 958//958
f 919//919 920//920 960//960
f 919//919 960//960 959//959
f 920//920 921//921 961//961
f 920//920 961//961 960//960
f 921//921 922//922 962//962
f 921//921 962//962 961//961
f 922//922 923//923 963//963
f 922//922 963//963 962//962
f 923//923 924//924 964//964
f 923//923 964//964 963//963
f 924//924 925//925 965//965
f 924//924 965//965 964//964
f 925//925 926//926 966//966
f 925//925 966//966 965//965
f 926//926 927//927 967//967
f 926//926 967//967 966//966
f 927//927 928//928 968//968
f 927//927 968//968 967//967
f 928//928 929//929 969//969
f 928//928 969//969 968//968
f 929//929 930//930 970//970
f 929//929 970//970 969//969
f 930//930 931//931 971//971
f 930//930 971//971 970//970
f 931//931 932//932 972//972
f 931//931 972//972 971//971
f 932//932 933//933 973//973
f 932//932 973//973 972//972
f 933//933 934//934 974//974
f 933//933 974//974 973//973
f 934//934 935//935 975//975
f 934//934 975//975 974//974
f 935//935 936//936 976//976
f 935//935 976//976 975//975
f 936//936 937//937 977//977
f 936//936 977//977 976//976
f 937//937 938//938 978//978
f 937//937 978//978 977//977
f 938//938 939//939 979//979
f 938//938 979//979 978//978
f 939//939 940//940 980//980
f 939//939 980//980 979//979
f 940//940 941//941 981//981
f 940//940 981//981 980//980
f 941//941 942//942 982//982
f 941//941 982//982 981//981
f 942//942 943//943 983//983
f 942//942 983//983 982//982
f 943//943 944//944 984//984
f 943//943 984//984 983//983
f 944//944 945//945 985//985
f 944//944 985//985 984//984
f 945//945 946//946 986//986
f 945//945 986//986 985//985
f 946//946 947//947 987//987
f 946//946 987//987 986//986
f 947//947 948//948 988//988
f 947//947 988//988 987//987
f 948//948 949//949 989//989
f 948//948 989//989 988//988
f 949//949 910//910 950//950
f 949//949 950//950 989//989
f 950//950 951//951 991//991
f 950//950 991//991 990//990
f 951//951 952//952 992//992
f 951//951 992//992 991//991
f 952//952 953//953 993//993
f 952//952 993//993 992//992
f 953//953 954//954 994//994
f 953//953 994//994 993//993
f 954//954 955//955 995//995
f 954//954 995//995 994//994
f 955//955 956//956 996//996
f 955//955 996//996 995//995
f 956//956 957//957 997//997
f 956//956 997//997 996//996
f 957//957 958//958 998//998
f 957//957 998//998 997//997
f 958//958 959//959 999//999
f 958//958 999//999 998//998
f 959//959 960//960 1000//1000
f 959//959 1000//1000 999//999
f 960//960 961//961 1001//1001
f 960//960 1001//1001 1000//1000
f 961//961 962//962 1002//1002
f 961//961 1002//1002 1001//1001
f 962//962 963//963 1003//1003
f 962//962 1003//1003 1002//1002
f 963//963 964//964 1004//1004
f 963//963 1004//1004 1003//1003
f 964//964 965//965 1005//1005
f 964//964 1005//1005 1004//1004
f 965//965 966//966 1006//1006
f 965//965 1006//1006 1005//1005
f 966//966 967//967 1007//1007
f 966//966 1007//1007 1006//1006
f 967//967 968//968 1008//1008
f 967//967 1008//1008 1007//1007
f 968//968 969//969 1009//1009
f 968//968 1009//1009 1008//1008
f 969//969 970//970 1010//1010
f 969//969 1010//1010 1009//1009
f 970//970 971//971 1011//1011
f 970//970 1011//1011 1010//1010
f 971//971 972//972 1012//1012
f 971//971 1012//1012 1011//1011
f 972//972 973//973 1013//1013
f 972//972 1013//1013 1012//1012
f 973//973 974//974 1014//1014
f 973//973 1014//1014 1013//1013
f 974//974 975//975 1015//1015
f 974//974 1015//1015 1014//1014
f 975//975 976//976 1016//1016
f 975//975 1016//1016 1015//1015
f 976//976 977//977 1017//1017
f 976//976 1017//1017 1016//1016
f 977//977 978//978 1018//1018
f 977//977 1018//1018 1017//1017
f 978//978 979//979 1019//1019
f 978//978 1019//1019 1018//1018
f 979//979 980//980 1020//1020
f 979//979 1020//1020 1019//1019
f 980//980 981//981 1021//1021
f 980//980 1021//1021 1020//1020
f 981//981 982//982 1022//1022
f 981//981 1022//1022 1021//1021
f 982//982 983//983 1023//1023
f 982//982 1023//1023 1022//1022
f 983//983 984//984 1024//1024
f 983//983 1024//1024 1023//1023
f 984//984 985//985 1025//1025
f 984//984 1025//1025 1024//1024
f 985//985 986//986 1026//1026
f 985//985 1026//1026 1025//1025
f 986//986 987//987 1027//1027
f 986//986 1027//1027 1026//1026
f 987//987 988//988 1028//1028
f 987//987 1028//1028 1027//1027
f 988//988 989//989 1029//1029
f 988//988 1029//1029 1028//1028
f 989//989 950//950 990//990
f 989//989 990//990 1029//1029
f 990//990 991//991 1031//1031
f 990//990 1031//1031 1030//1030
f 991//991 992//992 1032//1032
f 991//991 1032//1032 1031//1031
f 992//992 993//993 1033//1033
f 992//992 1033//1033 1032//1032
f 993//993 994//994 1034//1034
f 993//993 1034//1034 1033//1033
f 994//994 995//995 1035//1035
f 994//994 1035//1035 1034//1034
f 995//995 996//996 1036//1036
f 995//995 1036//1036 1035//1035
f 996//996 997//997 1037//1037
f 996//996 1037//1037 1036//1036
f 997//997 998//998 1038//1038
f 997//997 1038//1038 1037//1037
f 998//998 999//999 1039//1039
f 998//998 1039//1039 1038//1038
f 999//999 1000//1000 1040//1040
f 999//999 1040//1040 1039//1039
f 1000//1000 1001//1001 1041//1041
f 1000//1000 1041//1041 1040//1040
f 1001//1001 1002//1002 1042//1042
f 1001//1001 1042//1042 1041//1041
f 1002//1002 1003//1003 1043//1043
f 1002//1002 1043//1043 1042//1042
f 1003//1003 1004//1004 1044//1044
f 1003//1003 1044//1044 1043//1043
f 1004//1004 1005//1005 1045//1045
f 1004//1004 1045//1045 1044//1044
f 1005//1005 1006//1006 1046//1046
f 1005//1005 1046//1046 1045//1045
f 1006//1006 1007//1007 1047//1047
f 1006//1006 1047//1047 1046//1046
f 1007//1007 1008//1008 1048//1048
f 1007//1007 1048//1048 1047//1047
f 1008//1008 1009//1009 1049//1049
f 1008//1008 1049//1049 1048//1048
f 1009//1009 1010//1010 1050//1050
f 1009//1009 1050//1050 1049//1049
f 1010//1010 1011//1011 1051//1051
f 1010//1010 1051//1051 1050//1050
f 1011//1011 1012//1012 1052//1052
f 1011//1011 1052//1052 1051//1051
f 1012//1012 1013//1013 1053//1053
f 1012//1012 1053//1053 1052//1052
f 1013//1013 1014//1014 1054//1054
f 1013//1013 1054//1054 1053//1053
f 1014//1014 1015//1015 1055//1055
f 1014//1014 1055//1055 1054//1054
f 1015//1015 1016//1016 1056//1056
f 1015//1015 1056//1056 1055//1055
f 1016//1016 1017//1017 1057//1057
f 1016//1016 1057//1057 1056//1056
f 1017//1017 1018//1018 1058//1058
f 1017//1017 1058//1058 1057//1057
f 1018//1018 1019//1019 1059//1059
f 1018//1018 1059//1059 1058//1058
f 1019//1019 1020//1020 1060//1060
f 1019//1019 1060//1060 1059//1059
f 1020//1020 1021//1021 1061//1061
f 1020//1020 1061//1061 1060//1060
f 1021//1021 1022//1022 1062//1062
f 1021//1021 1062//1062 1061//1061
f 1022//1022 1023//1023 1063//1063
f 1022//1022 1063//1063 1062//1062
f 1023//1023 1024//1024 1064//1064
f 1023//1023 1064//1064 1063//1063
f 1024//1024 1025//1025 1065//1065
f 1024//1024 1065//1065 1064//1064
f 1025//1025 1026//1026 1066//1066
f 1025//1025 1066//1066 1065//1065
f 1026//1026 1027//1027 1067//1067
f 1026//1026 1067//1067 1066//1066
f 1027//1027 1028//1028 1068//1068
f 1027//1027 1068//1068 1067//1067
f 1028//1028 1029//1029 1069//1069
f 1028//1028 1069//1069 1068//1068
f 1029//1029 990//990 1030//1030
f 1029//1029 1030//1030 1069//1069
f 1030//1030 1031//1031 1071//1071
f 1030//1030 1071//1071 1070//1070
f 1031//1031 1032//1032 1072//1072
f 1031//1031 1072//1072 1071//1071
f 1032//1032 1033//1033 1073//1073
f 1032//1032 1073//1073 1072//1072
f 1033//1033 1034//1034 1074//1074
f 1033//1033 1074//1074 1073//1073
f 1034//1034 1035//1035 1075//1075
f 1034//1034 1075//1075 1074//1074
f 1035//1035 1036//1036 1076//1076
f 1035//1035 1076//1076 1075//1075
f 1036//1036 1037//1037 1077//1077
f 1036//1036 1077//1077 1076//1076
f 1037//1037 1038//1038 1078//1078
f 1037//1037 1078//1078 1077//1077
f 1038//1038 1039//1039 1079//1079
f 1038//1038 1079//1079 1078//1078
f 1039//1039 1040//1040 1080//1080
f 1039//1039 1080//1080 1079//1079
f 1040//1040 1041//1041 1081//1081
f 1040//1040 1081//1081 1080//1080
f 1041//1041 1042//1042 1082//1082
f 1041//1041 1082//1082 1081//1081
f 1042//1042 1043//1043 1083//1083
f 1042//1042 1083//1083 1082//1082
f 1043//1043 1044//1044 1084//1084
f 1043//1043 1084//1084 1083//1083
f 1044//1044 1045//1045 1085//1085
f 1044//1044 1085//1085 1084//1084
f 1045//1045 1046//1046 1086//1086
f 1045//1045 1086//1086 1085//1085
f 1046//1046 1047//1047 1087//1087
f 1046//1046 1087//1087 1086//1086
f 1047//1047 1048//1048 1088//1088
f 1047//1047 1088//1088 1087//1087
f 1048//1048 1049//1049 1089//1089
f 1048//1048 1089//1089 1088//1088
f 1049//1049 1050//1050 1090//1090
f 1049//1049 1090//1090 1089//1089
f 1050//1050 1051//1051 1091//1091
f 1050//1050 1091//1091 1090//1090
f 1051//1051 1052//1052 1092//1092
f 1051//1051 1092//1092 1091//1091
f 1052//1052 1053//1053 1093//1093
f 1052//1052 1093//1093 1092//1092
f 1053//1053 1054//1054 1094//1094
f 1053//1053 1094//1094 1093//1093
f 1054//1054 1055//1055 1095//1095
f 1054//1054 1095//1095 1094//1094
f 1055//1055 1056//1056 1096//1096
f 1055//1055 1096//1096 1095//1095
f 1056//1056 1057//1057 1097//1097
f 1056//1056 1097//1097 1096//1096
f 1057//1057 1058//1058 1098//1098
f 1057//1057 1098//1098 1097//1097
f 1058//1058 1059//1059 1099//1099
f 1058//1058 1099//1099 1098//1098
f 1059//1059 1060//1060 1100//1100
f 1059//1059 1100//1100 1099//1099
f 1060//1060 1061//1061 1101//1101
f 1060//1060 1101//1101 1100//1100
f 1061//1061 1062//1062 1102//1102
f 1061//1061 1102//1102 1101//1101
f 1062//1062 1063//1063 1103//1103
f 1062//1062 1103//1103 1102//1102
f 1063//1063 1064//1064 1104//1104
f 1063//1063 1104//1104 1103//1103
f 1064//1064 1065//1065 1105//1105
f 1064//1064 1105//1105 1104//1104
f 1065//1065 1066//1066 1106//1106
f 1065//1065 1106//1106 1105//1105
f 1066//1066 1067//1067 1107//1107
f 1066//1066 1107//1107 1106//1106
f 1067//1067 1068//1068 1108//1108
f 1067//1067 1108//1108 1107//1107
f 1068//1068 1069//1069 1109//1109
f 1068//1068 1109//1109 1108//1108
f 1069//1069 1030//1030 1070//1070
f 1069//1069 1070//1070 1109//1109
f 1070//1070 1071//1071 1111//1111
f 1070//1070 1111//1111 1110//1110
f 1071//1071 1072//1072 1112//1112
f 1071//1071 1112//1112 1111//1111
f 1072//1072 1073//1073 1113//1113
f 1072//1072 1113//1113 1112//1112
f 1073//1073 1074//1074 1114//1114
f 1073//1073 1114//1114 1113//1113
f 1074//1074 1075//1075 1115//1115
f 1074//1074 1115//1115 1114//1114
f 1075//1075 1076//1076 1116//1116
f 1075//1075 1116//1116 1115//1115
f 1076//1076 1077//1077 1117//1117
f 1076//1076 1117//1117 1116//1116
f 1077//1077 1078//1078 1118//1118
f 1077//1077 1118//1118 1117//1117
f 1078//1078 1079//1079 1119//1119
f 1078//1078 1119//1119 1118//1118
f 1079//1079 1080//1080 1120//1120
f 1079//1079 1120//1120 1119//1119
f 1080//1080 1081//1081 1121//1121
f 1080//1080 1121//1121 1120//1120
f 1081//1081 1082//1082 1122//1122
f 1081//1081 1122//1122 1121//1121
f 1082//1082 1083//1083 1123//1123
f 1082//1082 1123//1123 1122//1122
f 1083//1083 1084//1084 1124//1124
f 1083//1083 1124//1124 1123//1123
f 1084//1084 1085//1085 1125//1125
f 1084//1084 1125//1125 1124//1124
f 1085//1085 1086//1086 1126//1126
f 1085//1085 1126//1126 1125//1125
f 1086//1086 1087//1087 1127//1127
f 1086//1086 1127//1127 1126//1126
f 1087//1087 1088//1088 1128//1128
f 1087//1087 1128//1128 1127//1127
f 1088//1088 1089//1089 1129//1129
f 1088//1088 1129//1129 1128//1128
f 1089//1089 1090//1090 1130//1130
f 1089//1089 1130//1130 1129//1129
f 1090//1090 1091//1091 1131//1131
f 1090//1090 1131//1131 1130//1130
f 1091//1091 1092//1092 1132//1132
f 1091//1091 1132//1132 1131//1131
f 1092//1092 1093//1093 1133//1133
f 1092//1092 1133//1133 1132//1132
f 1093//1093 1094//1094 1134//1134
f 1093//1093 1134//1134 1133//1133
f 1094//1094 1095//1095 1135//1135
f 1094//1094 1135//1135 1134//1134
f 1095//1095 1096//1096 1136//1136
f 1095//1095 1136//1136 1135//1135
f 1096//1096 1097//1097 1137//1137
f 1096//1096 1137//1137 1136//1136
f 1097//1097 1098//1098 1138//1138
f 1097//1097 1138//1138 1137//1137
f 1098//1098 1099//1099 1139//1139
f 1098//1098 1139//1139 1138//1138
f 1099//1099 1100//1100 1140//1140
f 1099//1099 1140//1140 1139//1139
f 1100//1100 1101//1101 1141//1141
f 1100//1100 1141//1141 1140//1140
f 1101//1101 1102//1102 1142//1142
f 1101//1101 1142//1142 1141//1141
f 1102//1102 1103//1103 1143//1143
f 1102//1102 1143//1143 1142//1142
f 1103//1103 1104//1104 1144//1144
f 1103//1103 1144//1144 1143//1143
f 1104//1104 1105//1105 1145//1145
f 1104//1104 1145//1145 1144//1144
f 1105//1105 1106//1106 1146//1146
f 1105//1105 1146//1146 1145//1145
f 1106//1106 1107//1107 1147//1147
f 1106//1106 1147//1147 1146//1146
f 1107//1107 1108//1108 1148//1148
f 1107//1107 1148//1148 1147//1147
f 1108//1108 1109//1109 1149//1149
f 1108//1108 1149//1149 1148//1148
f 1109//1109 1070//1070 1110//1110
f 1109//1109 1110//1110 1149//1149
f 1110//1110 1111//1111 1151//1151
f 1110//1110 1151//1151 1150//1150
f 1111//1111 1112//1112 1152//1152
f 1111//1111 1152//1152 1151//1151
f 1112//1112 1113//1113 1153//1153
f 1112//1112 1153//1153 1152//1152
f 1113//1113 1114//1114 1154//1154
f 1113//1113 1154//1154 1153//1153
f 1114//1114 1115//1115 1155//1155
f 1114//1114 1155//1155 1154//1154
f 1115//1115 1116//1116 1156//1156
f 1115//1115 1156//1156 1155//1155
f 1116//1116 1117//1117 1157//1157
f 1116//1116 1157//1157 1156//1156
f 1117//1117 1118//1118 1158//1158
f 1117//1117 1158//1158 1157//1157
f 1118//1118 1119//1119 1159//1159
f 1118//1118 1159//1159 1158//1158
f 1119//1119 1120//1120 1160//1160
f 1119//1119 1160//1160 1159//1159
f 1120//1120 1121//1121 1161//1161
f 1120//1120 1161//1161 1160//1160
f 1121//1121 1122//1122 1162//1162
f 1121//1121 1162//1162 1161//1161
f 1122//1122 1123//1123 1163//1163
f 1122//1122 1163//1163 1162//1162
f 1123//1123 1124//1124 1164//1164
f 1123//1123 1164//1164 1163//1163
f 1124//1124 1125//1125 1165//1165
f 1124//1124 1165//1165 1164//1164
f 1125//1125 1126//1126 1166//1166
f 1125//1125 1166//1166 1165//1165
f 1126//1126 1127//1127 1167//1167
f 1126//1126 1167//1167 1166//1166
f 1127//1127 1128//1128 1168//1168
f 1127//1127 1168//1168 1167//1167
f 1128//1128 1129//1129 1169//1169
f 1128//1128 1169//1169 1168//1168
f 1129//1129 1130//1130 1170//1170
f 1129//1129 1170//1170 1169//1169
f 1130//1130 1131//1131 1171//1171
f 1130//1130 1171//1171 1170//1170
f 1131//1131 1132//1132 1172//1172
f 1131//1131 1172//1172 1171//1171
f 1132//1132 1133//1133 1173//1173
f 1132//1132 1173//1173 1172//1172
f 1133//1133 1134//1134 1174//1174
f 1133//1133 1174//1174 1173//1173
f 1134//1134 1135//1135 1175//1175
f 1134//1134 1175//1175 1174//1174
f 1135//1135 1136//1136 1176//1176
f 1135//1135 1176//1176 1175//1175
f 1136//1136 1137//1137 1177//1177
f 1136//1136 1177//1177 1176//1176
f 1137//1137 1138//1138 1178//1178
f 1137//1137 1178//1178 1177//1177
f 1138//1138 1139//1139 1179//1179
f 1138//1138 1179//1179 1178//1178
f 1139//1139 1140//1140 1180//1180
f 1139//1139 1180//1180 1179//1179
f 1140//1140 1141//1141 1181//1181
f 1140//1140 1181//1181 1180//1180
f 1141//1141 1142//1142 1182//1182
f 1141//1141 1182//1182 1181//1181
f 1142//1142 1143//1143 1183//1183
f 1142//1142 1183//1183 1182//1182
f 1143//1143 1144//1144 1184//1184
f 1143//1143 1184//1184 1183//1183
f 1144//1144 1145//1145 1185//1185
f 1144//1144 1185//1185 1184//1184
f 1145//1145 1146//1146 1186//1186
f 1145//1145 1186//1186 1185//1185
f 1146//1146 1147//1147 1187//1187
f 1146//1146 1187//1187 1186//1186
f 1147//1147 1148//1148 1188//1188
f 1147//1147 1188//1188 1187//1187
f 1148//1148 1149//1149 1189//1189
f 1148//1148 1189//1189 1188//1188
f 1149//1149 1110//1110 1150//1150
f 1149//1149 1150//1150 1189//1189
f 1150//1150 1151//1151 1191//1191
f 1150//1150 1191//1191 1190//1190
f 1151//1151 1152//1152 1192//1192
f 1151//1151 1192//1192 1191//1191
f 1152//1152 1153//1153 1193//1193
f 1152//1152 1193//1193 1192//1192
f 1153//1153 1154//1154 1194//1194
f 1153//1153 1194//1194 1193//1193
f 1154//1154 1155//1155 1195//1195
f 1154//1154 1195//1195 1194//1194
f 1155//1155 1156//1156 1196//1196
f 1155//1155 1196//1196 1195//1195
f 1156//1156 1157//1157 1197//1197
f 1156//1156 1197//1197 1196//1196
f 1157//1157 1158//1158 1198//1198
f 1157//1157 1198//1198 1197//1197
f 1158//1158 1159//1159 1199//1199
f 1158//1158 1199//1199 1198//1198
f 1159//1159 1160//1160 1200//1200
f 1159//1159 1200//1200 1199//1199
f 1160//1160 1161//1161 1201//1201
f 1160//1160 1201//1201 1200//1200
f 1161//1161 1162//1162 1202//1202
f 1161//1161 1202//1202 1201//1201
f 1162//1162 1163//1163 1203//1203
f 1162//1162 1203//1203 1202//1202
f 1163//1163 1164//1164 1204//1204
f 1163//1163 1204//1204 1203//1203
f 1164//1164 1165//1165 1205//1205
f 1164//1164 1205//1205 1204//1204
f 1165//1165 1166//1166 1206//1206
f 1165//1165 1206//1206 1205//1205
f 1166//1166 1167//1167 1207//1207
f 1166//1166 1207//1207 1206//1206
f 1167//1167 1168//1168 1208//1208
f 1167//1167 1208//1208 1207//1207
f 1168//1168 1169//1169 1209//1209
f 1168//1168 1209//1209 1208//1208
f 1169//1169 1170//1170 1210//1210
f 1169//1169 1210//1210 1209//1209
f 1170//1170 1171//1171 1211//1211
f 1170//1170 1211//1211 1210//1210
f 1171//1171 1172//1172 1212//1212
f 1171//1171 1212//1212 1211//1211
f 1172//1172 1173//1173 1213//1213
f 1172//1172 1213//1213 1212//1212
f 1173//1173 1174//1174 1214//1214
f 1173//1173 1214//1214 1213//1213
f 1174//1174 1175//1175 1215//1215
f 1174//1174 1215//1215 1214//1214
f 1175//1175 1176//1176 1216//1216
f 1175//1175 1216//1216 1215//1215
f 1176//1176 1177//1177 1217//1217
f 1176//1176 1217//1217 1216//1216
f 1177//1177 1178//1178 1218//1218
f 1177//1177 1218//1218 1217//1217
f 1178//1178 1179//1179 1219//1219
f 1178//1178 1219//1219 1218//1218
f 1179//1179 1180//1180 1220//1220
f 1179//1179 1220//1220 1219//1219
f 1180//1180 1181//1181 1221//1221
f 1180//1180 1221//1221 1220//1220
f 1181//1181 1182//1182 1222//1222
f 1181//1181 1222//1222 1221//1221
f 1182//1182 1183//1183 1223//1223
f 1182//1182 1223//1223 1222//1222
f 1183//1183 1184//1184 1224//1224
f 1183//1183 1224//1224 1223//1223
f 1184//1184 1185//1185 1225//1225
f 1184//1184 1225//1225 1224//1224
f 1185//1185 1186//1186 1226//1226
f 1185//1185 1226//1226 1225//1225
f 1186//1186 1187//1187 1227//1227
f 1186//1186 1227//1227 1226//1226
f 1187//1187 1188//1188 1228//1228
f 1187//1187 1228//1228 1227//1227
f 1188//1188 1189//1189 1229//1229
f 1188//1188 1229//1229 1228//1228
f 1189//1189 1150//1150 1190//1190
f 1189//1189 1190//1190 1229//1229
f 1190//1190 1191//1191 1230//1230
f 1191//1191 1192//1192 1230//1230
f 1192//1192 1193//1193 1230//1230
f 1193//1193 1194//1194 1230//1230
f 1194//1194 1195//1195 1230//1230
f 1195//1195 1196//1196 1230//1230
f 1196//1196 1197//1197 1230//1230
f 1197//1197 1198//1198 1230//1230
f 1198//1198 1199//1199 1230//1230
f 1199//1199 1200//1200 1230//1230
f 1200//1200 1201//1201 1230//1230
f 1201//1201 1202//1202 1230//1230
f 1202//1202 1203//1203 1230//1230
f 1203//1203 1204//1204 1230//1230
f 1204//1204 1205//1205 1230//1230
f 1205//1205 1206//1206 1230//1230
f 1206//1206 1207//1207 1230//1230
f 1207//1207 1208//1208 1230//1230
f 1208//1208 1209//1209 1230//1230
f 1209//1209 1210//1210 1230//1230
f 1210//1210 1211//1211 1230//1230
f 1211//1211 1212//1212 1230//1230
f 1212//1212 1213//1213 1230//1230
f 1213//1213 1214//1214 1230//1230
f 1214//1214 1215//1215 1230//1230
f 1215//1215 1216//1216 1230//1230
f 1216//1216 1217//1217 1230//1230
f 1217//1217 1218//1218 1230//1230
f 1218//1218 1219//1219 1230//1230
f 1219//1219 1220//1220 1230//1230
f 1220//1220 1221//1221 1230//1230
f 1221//1221 1222//1222 1230//1230
f 1222//1222 1223//1223 1230//1230
f 1223//1223 1224//1224 1230//1230
f 1224//1224 1225//1225 1230//1230
f 1225//1225 1226//1226 1230//1230
f 1226//1226 1227//1227 1230//1230
f 1227//1227 1228//1228 1230//1230
f 1228//1228 1229//1229 1230//1230
f 1229//1229 1190//1190 1230//1230
usemtl egg_white
f 1231//1231 1233//1233 1232//1232
f 1231//1231 1234//1234 1233//1233
f 1231//1231 1235//1235 1234//1234
f 1231//1231 1236//1236 1235//1235
f 1231//1231 1237//1237 1236//1236
f 1231//1231 1238//1238 1237//1237
f 1231//1231 1239//1239 1238//1238
f 1231//1231 1240//1240 1239//1239
f 1231//1231 1241//1241 1240//1240
f 1231//1231 1242//1242 1241//1241
f 1231//1231 1243//1243 1242//1242
f 1231//1231 1244//1244 1243//1243
f 1231//1231 1245//1245 1244//1244
f 1231//1231 1246//1246 1245//1245
f 1231//1231 1247//1247 1246//1246
f 1231//1231 1248//1248 1247//1247
f 1231//1231 1249//1249 1248//1248
f 1231//1231 1250//1250 1249//1249
f 1231//1231 1251//1251 1250//1250
f 1231//1231 1252//1252 1251//1251
f 1231//1231 1253//1253 1252//1252
f 1231//1231 1254//1254 1253//1253
f 1231//1231 1255//1255 1254//1254
f 1231//1231 1256//1256 1255//1255
f 1231//1231 1257//1257 1256//1256
f 1231//1231 1258//1258 1257//1257
f 1231//1231 1259//1259 1258//1258
f 1231//1231 1260//1260 1259//1259
f 1231//1231 1261//1261 1260//1260
f 1231//1231 1262//1262 1261//1261
f 1231//1231 1263//1263 1262//1262
f 1231//1231 1264//1264 1263//1263
f 1231//1231 1265//1265 1264//1264
f 1231//1231 1266//1266 1265//1265
f 1231//1231 1267//1267 1266//1266
f 1231//1231 1268//1268 1267//1267
f 1231//1231 1269//1269 1268//1268
f 1231//1231 1270//1270 1269//1269
f 1231//1231 1271//1271 1270//1270
f 1231//1231 1232//1232 1271//1271
f 1232//1232 1233//1233 1273//1273
f 1232//1232 1273//1273 1272//1272
f 1233//1233 1234//1234 1274//1274
f 1233//1233 1274//1274 1273//1273
f 1234//1234 1235//1235 1275//1275
f 1234//1234 1275//1275 1274//1274
f 1235//1235 1236//1236 1276//1276
f 1235//1235 1276//1276 1275//1275
f 1236//1236 1237//1237 1277//1277
f 1236//1236 1277//1277 1276//1276
f 1237//1237 1238//1238 1278//1278
f 1237//1237 1278//1278 1277//1277
f 1238//1238 1239//1239 1279//1279
f 1238//1238 1279//1279 1278//1278
f 1239//1239 1240//1240 1280//1280
f 1239//1239 1280//1280 1279//1279
f 1240//1240 1241//1241 1281//1281
f 1240//1240 1281//1281 1280//1280
f 1241//1241 1242//1242 1282//1282
f 1241//1241 1282//1282 1281//1281
f 1242//1242 1243//1243 1283//1283
f 1242//1242 1283//1283 1282//1282
f 1243//1243 1244//1244 1284//1284
f 1243//1243 1284//1284 1283//1283
f 1244//1244 1245//1245 1285//1285
f 1244//1244 1285//1285 1284//1284
f 1245//1245 1246//1246 1286//1286
f 1245//1245 1286//1286 1285//1285
f 1246//1246 1247//1247 1287//1287
f 1246//1246 1287//1287 1286//1286
f 1247//1247 1248//1248 1288//1288
f 1247//1247 1288//1288 1287//1287
f 1248//1248 1249//1249 1289//1289
f 1248//1248 1289//1289 1288//1288
f 1249//1249 1250//1250 1290//1290
f 1249//1249 1290//1290 1289//1289
f 1250//1250 1251//1251 1291//1291
f 1250//1250 1291//1291 1290//1290
f 1251//1251 1252//1252 1292//1292
f 1251//1251 1292//1292 1291//1291
f 1252//1252 1253//1253 1293//1293
f 1252//1252 1293//1293 1292//1292
f 1253//1253 1254//1254 1294//1294
f 1253//1253 1294//1294 1293//1293
f 1254//1254 1255//1255 1295//1295
f 1254//1254 1295//1295 1294//1294
f 1255//1255 1256//1256 1296//1296
f 1255//1255 1296//1296 1295//1295
f 1256//1256 1257//1257 1297//1297
f 1256//1256 1297//1297 1296//1296
f 1257//1257 1258//1258 1298//1298
f 1257//1257 1298//1298 1297//1297
f 1258//1258 1259//1259 1299//1299
f 1258//1258 1299//1299 1298//1298
f 1259//1259 1260//1260 1300//1300
f 1259//1259 1300//1300 1299//1299
f 1260//1260 1261//1261 1301//1301
f 1260//1260 1301//1301 1300//1300
f 1261//1261 1262//1262 1302//1302
f 1261//1261 1302//1302 1301//1301
f 1262//1262 1263//1263 1303//1303
f 1262//1262 1303//1303 1302//1302
f 1263//1263 1264//1264 1304//1304
f 1263//1263 1304//1304 1303//1303
f 1264//1264 1265//1265 1305//1305
f 1264//1264 1305//1305 1304//1304
f 1265//1265 1266//1266 1306//1306
f 1265//1265 1306//1306 1305//1305
f 1266//1266 1267//1267 1307//1307
f 1266//1266 1307//1307 1306//1306
f 1267//1267 1268//1268 1308//1308
f 1267//1267 1308//1308 1307//1307
f 1268//1268 1269//1269 1309//1309
f 1268//1268 1309//1309 1308//1308
f 1269//1269 1270//1270 1310//1310
f 1269//1269 1310//1310 1309//1309
f 1270//1270 1271//1271 1311//1311
f 1270//1270 1311//1311 1310//1310
f 1271//1271 1232//1232 1272//1272
f 1271//1271 1272//1272 1311//1311
f 1272//1272 1273//1273 1313//1313
f 1272//1272 1313//1313 1312//1312
f 1273//1273 1274//1274 1314//1314
f 1273//1273 1314//1314 1313//1313
f 1274//1274 1275//1275 1315//1315
f 1274//1274 1315//1315 1314//1314
f 1275//1275 1276//1276 1316//1316
f 1275//1275 1316//1316 1315//1315
f 1276//1276 1277//1277 1317//1317
f 1276//1276 1317//1317 1316//1316
f 1277//1277 1278//1278 1318//1318
f 1277//1277 1318//1318 1317//1317
f 1278//1278 1279//1279 1319//1319
f 1278//1278 1319//1319 1318//1318
f 1279//1279 1280//1280 1320//1320
f 1279//1279 1320//1320 1319//1319
f 1280//1280 1281//1281 1321//1321
f 1280//1280 1321//1321 1320//1320
f 1281//1281 1282//1282 1322//1322
f 1281//1281 1322//1322 1321//1321
f 1282//1282 1283//1283 1323//1323
f 1282//1282 1323//1323 1322//1322
f 1283//1283 1284//1284 1324//1324
f 1283//1283 1324//1324 1323//1323
f 1284//1284 1285//1285 1325//1325
f 1284//1284 1325//1325 1324//1324
f 1285//1285 1286//1286 1326//1326
f 1285//1285 1326//1326 1325//1325
f 1286//1286 1287//1287 1327//1327
f 1286//1286 1327//1327 1326//1326
f 1287//1287 1288//1288 1328//1328
f 1287//1287 1328//1328 1327//1327
f 1288//1288 1289//1289 1329//1329
f 1288//1288 1329//1329 1328//1328
f 1289//1289 1290//1290 1330//1330
f 1289//1289 1330//1330 1329//1329
f 1290//1290 1291//1291 1331//1331
f 1290//1290 1331//1331 1330//1330
f 1291//1291 1292//1292 1332//1332
f 1291//1291 1332//1332 1331//1331
f 1292//1292 1293//1293 1333//1333
f 1292//1292 1333//1333 1332//1332
f 1293//1293 1294//1294 1334//1334
f 1293//1293 1334//1334 1333//1333
f 1294//1294 1295//1295 1335//1335
f 1294//1294 1335//1335 1334//1334
f 1295//1295 1296//1296 1336//1336
f 1295//1295 1336//1336 1335//1335
f 1296//1296 1297//1297 1337//1337
f 1296//1296 1337//1337 1336//1336
f 1297//1297 1298//1298 1338//1338
f 1297//1297 1338//1338 1337//1337
f 1298//1298 1299//1299 1339//1339
f 1298//1298 1339//1339 1338//1338
f 1299//1299 1300//1300 1340//1340
f 1299//1299 1340//1340 1339//1339
f 1300//1300 1301//1301 1341//1341
f 1300//1300 1341//1341 1340//1340
f 1301//1301 1302//1302 1342//1342
f 1301//1301 1342//1342 1341//1341
f 1302//1302 1303//1303 1343//1343
f 1302//1302 1343//1343 1342//1342
f 1303//1303 1304//1304 1344//1344
f 1303//1303 1344//1344 1343//1343
f 1304//1304 1305//1305 1345//1345
f 1304//1304 1345//1345 1344//1344
f 1305//1305 1306//1306 1346//1346
f 1305//1305 1346//1346 1345//1345
f 1306//1306 1307//1307 1347//1347
f 1306//1306 1347//1347 1346//1346
f 1307//1307 1308//1308 1348//1348
f 1307//1307 1348//1348 1347//1347
f 1308//1308 1309//1309 1349//1349
f 1308//1308 1349//1349 1348//1348
f 1309//1309 1310//1310 1350//1350
f 1309//1309 1350//1350 1349//1349
f 1310//1310 1311//1311 1351//1351
f 1310//1310 1351//1351 1350//1350
f 1311//1311 1272//1272 1312//1312
f 1311//1311 1312//1312 1351//1351
f 1312//1312 1313//1313 1353//1353
f 1312//1312 1353//1353 1352//1352
f 1313//1313 1314//1314 1354//1354
f 1313//1313 1354//1354 1353//1353
f 1314//1314 1315//1315 1355//1355
f 1314//1314 1355//1355 1354//1354
f 1315//1315 1316//1316 1356//1356
f 1315//1315 1356//1356 1355//1355
f 1316//1316 1317//1317 1357//1357
f 1316//1316 1357//1357 1356//1356
f 1317//1317 1318//1318 1358//1358
f 1317//1317 1358//1358 1357//1357
f 1318//1318 1319//1319 1359//1359
f 1318//1318 1359//1359 1358//1358
f 1319//1319 1320//1320 1360//1360
f 1319//1319 1360//1360 1359//1359
f 1320//1320 1321//1321 1361//1361
f 1320//1320 1361//1361 1360//1360
f 1321//1321 1322//1322 1362//1362
f 1321//1321 1362//1362 1361//1361
f 1322//1322 1323//1323 1363//1363
f 1322//1322 1363//1363 1362//1362
f 1323//1323 1324//1324 1364//1364
f 1323//1323 1364//1364 1363//1363
f 1324//1324 1325//1325 1365//1365
f 1324//1324 1365//1365 1364//1364
f 1325//1325 1326//1326 1366//1366
f 1325//1325 1366//1366 1365//1365
f 1326//1326 1327//1327 1367//1367
f 1326//1326 1367//1367 1366//1366
f 1327//1327 1328//1328 1368//1368
f 1327//1327 1368//1368 1367//1367
f 1328//1328 1329//1329 1369//1369
f 1328//1328 1369//1369 1368//1368
f 1329//1329 1330//1330 1370//1370
f 1329//1329 1370//1370 1369//1369
f 1330//1330 1331//1331 1371//1371
f 1330//1330 1371//1371 1370//1370
f 1331//1331 1332//1332 1372//1372
f 1331//1331 1372//1372 1371//1371
f 1332//1332 1333//1333 1373//1373
f 1332//1332 1373//1373 1372//1372
f 1333//1333 1334//1334 1374//1374
f 1333//1333 1374//1374 1373//1373
f 1334//1334 1335//1335 1375//1375
f 1334//1334 1375//1375 1374//1374
f 1335//1335 1336//1336 1376//1376
f 1335//1335 1376//1376 1375//1375
f 1336//1336 1337//1337 1377//1377
f 1336//1336 1377//1377 1376//1376
f 1337//1337 1338//1338 1378//1378
f 1337//1337 1378//1378 1377//1377
f 1338//1338 1339//1339 1379//1379
f 1338//1338 1379//1379 1378//1378
f 1339//1339 1340//1340 1380//1380
f 1339//1339 1380//1380 1379//1379
f 1340//1340 1341//1341 1381//1381
f 1340//1340 1381//1381 1380//1380
f 1341//1341 1342//1342 1382//1382
f 1341//1341 1382//1382 1381//1381
f 1342//1342 1343//1343 1383//1383
f 1342//1342 1383//1383 1382//1382
f 1343//1343 1344//1344 1384//1384
f 1343//1343 1384//1384 1383//1383
f 1344//1344 1345//1345 1385//1385
f 1344//1344 1385//1385 1384//1384
f 1345//1345 1346//1346 1386//1386
f 1345//1345 1386//1386 1385//1385
f 1346//1346 1347//1347 1387//1387
f 1346//1346 1387//1387 1386//1386
f 1347//1347 1348//1348 1388//1388
f 1347//1347 1388//1388 1387//1387
f 1348//1348 1349//1349 1389//1389
f 1348//1348 1389//1389 1388//1388
f 1349//1349 1350//1350 1390//1390
f 1349//1349 1390//1390 1389//1389
f 1350//1350 1351//1351 1391//1391
f 1350//1350 1391//1391 1390//1390
f 1351//1351 1312//1312 1352//1352
f 1351//1351 1352//1352 1391//1391
f 1352//1352 1353//1353 1393//1393
f 1352//1352 1393//1393 1392//1392
f 1353//1353 1354//1354 1394//1394
f 1353//1353 1394//1394 1393//1393
f 1354//1354 1355//1355 1395//1395
f 1354//1354 1395//1395 1394//1394
f 1355//1355 1356//1356 1396//1396
f 1355//1355 1396//1396 1395//1395
f 1356//1356 1357//1357 1397//1397
f 1356//1356 1397//1397 1396//1396
f 1357//1357 1358//1358 1398//1398
f 1357//1357 1398//1398 1397//1397
f 1358//1358 1359//1359 1399//1399
f 1358//1358 1399//1399 1398//1398
f 1359//1359 1360//1360 1400//1400
f 1359//1359 1400//1400 1399//1399
f 1360//1360 1361//1361 1401//1401
f 1360//1360 1401//1401 1400//1400
f 1361//1361 1362//1362 1402//1402
f 1361//1361 1402//1402 1401//1401
f 1362//1362 1363//1363 1403//1403
f 1362//1362 1403//1403 1402//1402
f 1363//1363 1364//1364 1404//1404
f 1363//1363 1404//1404 1403//1403
f 1364//1364 1365//1365 1405//1405
f 1364//1364 1405//1405 1404//1404
f 1365//1365 1366//1366 1406//1406
f 1365//1365 1406//1406 1405//1405
f 1366//1366 1367//1367 1407//1407
f 1366//1366 1407//1407 1406//1406
f 1367//1367 1368//1368 1408//1408
f 1367//1367 1408//1408 1407//1407
f 1368//1368 1369//1369 1409//1409
f 1368//1368 1409//1409 1408//1408
f 1369//1369 1370//1370 1410//1410
f 1369//1369 1410//1410 1409//1409
f 1370//1370 1371//1371 1411//1411
f 1370//1370 1411//1411 1410//1410
f 1371//1371 1372//1372 1412//1412
f 1371//1371 1412//1412 1411//1411
f 1372//1372 1373//1373 1413//1413
f 1372//1372 1413//1413 1412//1412
f 1373//1373 1374//1374 1414//1414
f 1373//1373 1414//1414 1413//1413
f 1374//1374 1375//1375 1415//1415
f 1374//1374 1415//1415 1414//1414
f 1375//1375 1376//1376 1416//1416
f 1375//1375 1416//1416 1415//1415
f 1376//1376 1377//1377 1417//1417
f 1376//1376 1417//1417 1416//1416
f 1377//1377 1378//1378 1418//1418
f 1377//1377 1418//1418 1417//1417
f 1378//1378 1379//1379 1419//1419
f 1378//1378 1419//1419 1418//1418
f 1379//1379 1380//1380 1420//1420
f 1379//1379 1420//1420 1419//1419
f 1380//1380 1381//1381 1421//1421
f 1380//1380 1421//1421 1420//1420
f 1381//1381 1382//1382 1422//1422
f 1381//1381 1422//1422 1421//1421
f 1382//1382 1383//1383 1423//1423
f 1382//1382 1423//1423 1422//1422
f 1383//1383 1384//1384 1424//1424
f 1383//1383 1424//1424 1423//1423
f 1384//1384 1385//1385 1425//1425
f 1384//1384 1425//1425 1424//1424
f 1385//1385 1386//1386 1426//1426
f 1385//1385 1426//1426 1425//1425
f 1386//1386 1387//1387 1427//1427
f 1386//1386 1427//1427 1426//1426
f 1387//1387 1388//1388 1428//1428
f 1387//1387 1428//1428 1427//1427
f 1388//1388 1389//1389 1429//1429
f 1388//1388 1429//1429 1428//1428
f 1389//1389 1390//1390 1430//1430
f 1389//1389 1430//1430 1429//1429
f 1390//1390 1391//1391 1431//1431
f 1390//1390 1431//1431 1430//1430
f 1391//1391 1352//1352 1392//1392
f 1391//1391 1392//1392 1431//1431
f 1392//1392 1393//1393 1433//1433
f 1392//1392 1433//1433 1432//1432
f 1393//1393 1394//1394 1434//1434
f 1393//1393 1434//1434 1433//1433
f 1394//1394 1395//1395 1435//1435
f 1394//1394 1435//1435 1434//1434
f 1395//1395 1396//1396 1436//1436
f 1395//1395 1436//1436 1435//1435
f 1396//1396 1397//1397 1437//1437
f 1396//1396 1437//1437 1436//1436
f 1397//1397 1398//1398 1438//1438
f 1397//1397 1438//1438 1437//1437
f 1398//1398 1399//1399 1439//1439
f 1398//1398 1439//1439 1438//1438
f 1399//1399 1400//1400 1440//1440
f 1399//1399 1440//1440 1439//1439
f 1400//1400 1401//1401 1441//1441
f 1400//1400 1441//1441 1440//1440
f 1401//1401 1402//1402 1442//1442
f 1401//1401 1442//1442 1441//1441
f 1402//1402 1403//1403 1443//1443
f 1402//1402 1443//1443 1442//1442
f 1403//1403 1404//1404 1444//1444
f 1403//1403 1444//1444 1443//1443
f 1404//1404 1405//1405 1445//1445
f 1404//1404 1445//1445 1444//1444
f 1405//1405 1406//1406 1446//1446
f 1405//1405 1446//1446 1445//1445
f 1406//1406 1407//1407 1447//1447
f 1406//1406 1447//1447 1446//1446
f 1407//1407 1408//1408 1448//1448
f 1407//1407 1448//1448 1447//1447
f 1408//1408 1409//1409 1449//1449
f 1408//1408 1449//1449 1448//1448
f 1409//1409 1410//1410 1450//1450
f 1409//1409 1450//1450 1449//1449
f 1410//1410 1411//1411 1451//1451
f 1410//1410 1451//1451 1450//1450
f 1411//1411 1412//1412 1452//1452
f 1411//1411 1452//1452 1451//1451
f 1412//1412 1413//1413 1453//1453
f 1412//1412 1453//1453 1452//1452
f 1413//1413 1414//1414 1454//1454
f 1413//1413 1454//1454 1453//1453
f 1414//1414 1415//1415 1455//1455
f 1414//1414 1455//1455 1454//1454
f 1415//1415 1416//1416 1456//1456
f 1415//1415 1456//1456 1455//1455
f 1416//1416 1417//1417 1457//1457
f 1416//1416 1457//1457 1456//1456
f 1417//1417 1418//1418 1458//1458
f 1417//1417 1458//1458 1457//1457
f 1418//1418 1419//1419 1459//1459
f 1418//1418 1459//1459 1458//1458
f 1419//1419 1420//1420 1460//1460
f 1419//1419 1460//1460 1459//1459
f 1420//1420 1421//1421 1461//1461
f 1420//1420 1461//1461 1460//1460
f 1421//1421 1422//1422 1462//1462
f 1421//1421 1462//1462 1461//1461
f 1422//1422 1423//1423 1463//1463
f 1422//1422 1463//1463 1462//1462
f 1423//1423 1424//1424 1464//1464
f 1423//1423 1464//1464 1463//1463
f 1424//1424 1425//1425 1465//1465
f 1424//1424 1465//1465 1464//1464
f 1425//1425 1426//1426 1466//1466
f 1425//1425 1466//1466 1465//1465
f 1426//1426 1427//1427 1467//1467
f 1426//1426 1467//1467 1466//1466
f 1427//1427 1428//1428 1468//1468
f 1427//1427 1468//1468 1467//1467
f 1428//1428 1429//1429 1469//1469
f 1428//1428 1469//1469 1468//1468
f 1429//1429 1430//1430 1470//1470
f 1429//1429 1470//1470 1469//1469
f 1430//1430 1431//1431 1471//1471
f 1430//1430 1471//1471 1470//1470
f 1431//1431 1392//1392 1432//1432
f 1431//1431 1432//1432 1471//1471
f 1432//1432 1433//1433 1473//1473
f 1432//1432 1473//1473 1472//1472
f 1433//1433 1434//1434 1474//1474
f 1433//1433 1474//1474 1473//1473
f 1434//1434 1435//1435 1475//1475
f 1434//1434 1475//1475 1474//1474
f 1435//1435 1436//1436 1476//1476
f 1435//1435 1476//1476 1475//1475
f 1436//1436 1437//1437 1477//1477
f 1436//1436 1477//1477 1476//1476
f 1437//1437 1438//1438 1478//1478
f 1437//1437 1478//1478 1477//1477
f 1438//1438 1439//1439 1479//1479
f 1438//1438 1479//1479 1478//1478
f 1439//1439 1440//1440 1480//1480
f 1439//1439 1480//1480 1479//1479
f 1440//1440 1441//1441 1481//1481
f 1440//1440 1481//1481 1480//1480
f 1441//1441 1442//1442 1482//1482
f 1441//1441 1482//1482 1481//1481
f 1442//1442 1443//1443 1483//1483
f 1442//1442 1483//1483 1482//1482
f 1443//1443 1444//1444 1484//1484
f 1443//1443 1484//1484 1483//1483
f 1444//1444 1445//1445 1485//1485
f 1444//1444 1485//1485 1484//1484
f 1445//1445 1446//1446 1486//1486
f 1445//1445 1486//1486 1485//1485
f 1446//1446 1447//1447 1487//1487
f 1446//1446 1487//1487 1486//1486
f 1447//1447 1448//1448 1488//1488
f 1447//1447 1488//1488 1487//1487
f 1448//1448 1449//1449 1489//1489
f 1448//1448 1489//1489 1488//1488
f 1449//1449 1450//1450 1490//1490
f 1449//1449 1490//1490 1489//1489
f 1450//1450 1451//1451 1491//1491
f 1450//1450 1491//1491 1490//1490
f 1451//1451 1452//1452 1492//1492
f 1451//1451 1492//1492 1491//1491
f 1452//1452 1453//1453 1493//1493
f 1452//1452 1493//1493 1492//1492
f 1453//1453 1454//1454 1494//1494
f 1453//1453 1494//1494 1493//1493
f 1454//1454 1455//1455 1495//1495
f 1454//1454 1495//1495 1494//1494
f 1455//1455 1456//1456 1496//1496
f 1455//1455 1496//1496 1495//1495
f 1456//1456 1457//1457 1497//1497
f 1456//1456 1497//1497 1496//1496
f 1457//1457 1458//1458 1498//1498
f 1457//1457 1498//1498 1497//1497
f 1458//1458 1459//1459 1499//1499
f 1458//1458 1499//1499 1498//1498
f 1459//1459 1460//1460 1500//1500
f 1459//1459 1500//1500 1499//1499
f 1460//1460 1461//1461 1501//1501
f 1460//1460 1501//1501 1500//1500
f 1461//1461 1462//1462 1502//1502
f 1461//1461 1502//1502 1501//1501
f 1462//1462 1463//1463 1503//1503
f 1462//1462 1503//1503 1502//1502
f 1463//1463 1464//1464 1504//1504
f 1463//1463 1504//1504 1503//1503
f 1464//1464 1465//1465 1505//1505
f 1464//1464 1505//1505 1504//1504
f 1465//1465 1466//1466 1506//1506
f 1465//1465 1506//1506 1505//1505
f 1466//1466 1467//1467 1507//1507
f 1466//1466 1507//1507 1506//1506
f 1467//1467 1468//1468 1508//1508
f 1467//1467 1508//1508 1507//1507
f 1468//1468 1469//1469 1509//1509
f 1468//1468 1509//1509 1508//1508
f 1469//1469 1470//1470 1510//1510
f 1469//1469 1510//1510 1509//1509
f 1470//1470 1471//1471 1511//1511
f 1470//1470 1511//1511 1510//1510
f 1471//1471 1432//1432 1472//1472
f 1471//1471 1472//1472 1511//1511
f 1472//1472 1473//1473 1513//1513
f 1472//1472 1513//1513 1512//1512
f 1473//1473 1474//1474 1514//1514
f 1473//1473 1514//1514 1513//1513
f 1474//1474 1475//1475 1515//1515
f 1474//1474 1515//1515 1514//1514
f 1475//1475 1476//1476 1516//1516
f 1475//1475 1516//1516 1515//1515
f 1476//1476 1477//1477 1517//1517
f 1476//1476 1517//1517 1516//1516
f 1477//1477 1478//1478 1518//1518
f 1477//1477 1518//1518 1517//1517
f 1478//1478 1479//1479 1519//1519
f 1478//1478 1519//1519 1518//1518
f 1479//1479 1480//1480 1520//1520
f 1479//1479 1520//1520 1519//1519
f 1480//1480 1481//1481 1521//1521
f 1480//1480 1521//1521 1520//1520
f 1481//1481 1482//1482 1522//1522
f 1481//1481 1522//1522 1521//1521
f 1482//1482 1483//1483 1523//1523
f 1482//1482 1523//1523 1522//1522
f 1483//1483 1484//1484 1524//1524
f 1483//1483 1524//1524 1523//1523
f 1484//1484 1485//1485 1525//1525
f 1484//1484 1525//1525 1524//1524
f 1485//1485 1486//1486 1526//1526
f 1485//1485 1526//1526 1525//1525
f 1486//1486 1487//1487 1527//1527
f 1486//1486 1527//1527 1526//1526
f 1487//1487 1488//1488 1528//1528
f 1487//1487 1528//1528 1527//1527
f 1488//1488 1489//1489 1529//1529
f 1488//1488 1529//1529 1528//1528
f 1489//1489 1490//1490 1530//1530
f 1489//1489 1530//1530 1529//1529
f 1490//1490 1491//1491 1531//1531
f 1490//1490 1531//1531 1530//1530
f 1491//1491 1492//1492 1532//1532
f 1491//1491 1532//1532 1531//1531
f 1492//1492 1493//1493 1533//1533
f 1492//1492 1533//1533 1532//1532
f 1493//1493 1494//1494 1534//1534
f 1493//1493 1534//1534 1533//1533
f 1494//1494 1495//1495 1535//1535
f 1494//1494 1535//1535 1534//1534
f 1495//1495 1496//1496 1536//1536
f 1495//1495 1536//1536 1535//1535
f 1496//1496 1497//1497 1537//1537
f 1496//1496 1537//1537 1536//1536
f 1497//1497 1498//1498 1538//1538
f 1497//1497 1538//1538 1537//1537
f 1498//1498 1499//1499 1539//1539
f 1498//1498 1539//1539 1538//1538
f 1499//1499 1500//1500 1540//1540
f 1499//1499 1540//1540 1539//1539
f 1500//1500 1501//1501 1541//1541
f 1500//1500 1541//1541 1540//1540
f 1501//1501 1502//1502 1542//1542
f 1501//1501 1542//1542 1541//1541
f 1502//1502 1503//1503 1543//1543
f 1502//1502 1543//1543 1542//1542
f 1503//1503 1504//1504 1544//1544
f 1503//1503 1544//1544 1543//1543
f 1504//1504 1505//1505 1545//1545
f 1504//1504 1545//1545 1544//1544
f 1505//1505 1506//1506 1546//1546
f 1505//1505 1546//1546 1545//1545
f 1506//1506 1507//1507 1547//1547
f 1506//1506 1547//1547 1546//1546
f 1507//1507 1508//1508 1548//1548
f 1507//1507 1548//1548 1547//1547
f 1508//1508 1509//1509 1549//1549
f 1508//1508 1549//1549 1548//1548
f 1509//1509 1510//1510 1550//1550
f 1509//1509 1550//1550 1549//1549
f 1510//1510 1511//1511 1551//1551
f 1510//1510 1551//1551 1550//1550
f 1511//1511 1472//1472 1512//1512
f 1511//1511 1512//1512 1551//1551
f 1512//1512 1513//1513 1553//1553
f 1512//1512 1553//1553 1552//1552
f 1513//1513 1514//1514 1554//1554
f 1513//1513 1554//1554 1553//1553
f 1514//1514 1515//1515 1555//1555
f 1514//1514 1555//1555 1554//1554
f 1515//1515 1516//1516 1556//1556
f 1515//1515 1556//1556 1555//1555
f 1516//1516 1517//1517 1557//1557
f 1516//1516 1557//1557 1556//1556
f 1517//1517 1518//1518 1558//1558
f 1517//1517 1558//1558 1557//1557
f 1518//1518 1519//1519 1559//1559
f 1518//1518 1559//1559 1558//1558
f 1519//1519 1520//1520 1560//1560
f 1519//1519 1560//1560 1559//1559
f 1520//1520 1521//1521 1561//1561
f 1520//1520 1561//1561 1560//1560
f 1521//1521 1522//1522 1562//1562
f 1521//1521 1562//1562 1561//1561
f 1522//1522 1523//1523 1563//1563
f 1522//1522 1563//1563 1562//1562
f 1523//1523 1524//1524 1564//1564
f 1523//1523 1564//1564 1563//1563
f 1524//1524 1525//1525 1565//1565
f 1524//1524 1565//1565 1564//1564
f 1525//1525 1526//1526 1566//1566
f 1525//1525 1566//1566 1565//1565
f 1526//1526 1527//1527 1567//1567
f 1526//1526 1567//1567 1566//1566
f 1527//1527 1528//1528 1568//1568
f 1527//1527 1568//1568 1567//1567
f 1528//1528 1529//1529 1569//1569
f 1528//1528 1569//1569 1568//1568
f 1529//1529 1530//1530 1570//1570
f 1529//1529 1570//1570 1569//1569
f 1530//1530 1531//1531 1571//1571
f 1530//1530 1571//1571 1570//1570
f 1531//1531 1532//1532 1572//1572
f 1531//1531 1572//1572 1571//1571
f 1532//1532 1533//1533 1573//1573
f 1532//1532 1573//1573 1572//1572
f 1533//1533 1534//1534 1574//1574
f 1533//1533 1574//1574 1573//1573
f 1534//1534 1535//1535 1575//1575
f 1534//1534 1575//1575 1574//1574
f 1535//1535 1536//1536 1576//1576
f 1535//1535 1576//1576 1575//1575
f 1536//1536 1537//1537 1577//1577
f 1536//1536 1577//1577 1576//1576
f 1537//1537 1538//1538 1578//1578
f 1537//1537 1578//1578 1577//1577
f 1538//1538 1539//1539 1579//1579
f 1538//1538 1579//1579 1578//1578
f 1539//1539 1540//1540 1580//1580
f 1539//1539 1580//1580 1579//1579
f 1540//1540 1541//1541 1581//1581
f 1540//1540 1581//1581 1580//1580
f 1541//1541 1542//1542 1582//1582
f 1541//1541 1582//1582 1581//1581
f 1542//1542 1543//1543 1583//1583
f 1542//1542 1583//1583 1582//1582
f 1543//1543 1544//1544 1584//1584
f 1543//1543 1584//1584 1583//1583
f 1544//1544 1545//1545 1585//1585
f 1544//1544 1585//1585 1584//1584
f 1545//1545 1546//1546 1586//1586
f 1545//1545 1586//1586 1585//1585
f 1546//1546 1547//1547 1587//1587
f 1546//1546 1587//1587 1586//1586
f 1547//1547 1548//1548 1588//1588
f 1547//1547 1588//1588 1587//1587
f 1548//1548 1549//1549 1589//1589
f 1548//1548 1589//1589 1588//1588
f 1549//1549 1550//1550 1590//1590
f 1549//1549 1590//1590 1589//1589
f 1550//1550 1551//1551 1591//1591
f 1550//1550 1591//1591 1590//1590
f 1551//1551 1512//1512 1552//1552
f 1551//1551 1552//1552 1591//1591
f 1552//1552 1553//1553 1593//1593
f 1552//1552 1593//1593 1592//1592
f 1553//1553 1554//1554 1594//1594
f 1553//1553 1594//1594 1593//1593
f 1554//1554 1555//1555 1595//1595
f 1554//1554 1595//1595 1594//1594
f 1555//1555 1556//1556 1596//1596
f 1555//1555 1596//1596 1595//1595
f 1556//1556 1557//1557 1597//1597
f 1556//1556 1597//1597 1596//1596
f 1557//1557 1558//1558 1598//1598
f 1557//1557 1598//1598 1597//1597
f 1558//1558 1559//1559 1599//1599
f 1558//1558 1599//1599 1598//1598
f 1559//1559 1560//1560 1600//1600
f 1559//1559 1600//1600 1599//1599
f 1560//1560 1561//1561 1601//1601
f 1560//1560 1601//1601 1600//1600
f 1561//1561 1562//1562 1602//1602
f 1561//1561 1602//1602 1601//1601
f 1562//1562 1563//1563 1603//1603
f 1562//1562 1603//1603 1602//1602
f 1563//1563 1564//1564 1604//1604
f 1563//1563 1604//1604 1603//1603
f 1564//1564 1565//1565 1605//1605
f 1564//1564 1605//1605 1604//1604
f 1565//1565 1566//1566 1606//1606
f 1565//1565 1606//1606 1605//1605
f 1566//1566 1567//1567 1607//1607
f 1566//1566 1607//1607 1606//1606
f 1567//1567 1568//1568 1608//1608
f 1567//1567 1608//1608 1607//1607
f 1568//1568 1569//1569 1609//1609
f 1568//1568 1609//1609 1608//1608
f 1569//1569 1570//1570 1610//1610
f 1569//1569 1610//1610 1609//1609
f 1570//1570 1571//1571 1611//1611
f 1570//1570 1611//1611 1610//1610
f 1571//1571 1572//1572 1612//1612
f 1571//1571 1612//1612 1611//1611
f 1572//1572 1573//1573 1613//1613
f 1572//1572 1613//1613 1612//1612
f 1573//1573 1574//1574 1614//1614
f 1573//1573 1614//1614 1613//1613
f 1574//1574 1575//1575 1615//1615
f 1574//1574 1615//1615 1614//1614
f 1575//1575 1576//1576 1616//1616
f 1575//1575 1616//1616 1615//1615
f 1576//1576 1577//1577 1617//1617
f 1576//1576 1617//1617 1616//1616
f 1577//1577 1578//1578 1618//1618
f 1577//1577 1618//1618 1617//1617
f 1578//1578 1579//1579 1619//1619
f 1578//1578 1619//1619 1618//1618
f 1579//1579 1580//1580 1620//1620
f 1579//1579 1620//1620 1619//1619
f 1580//1580 1581//1581 1621//1621
f 1580//1580 1621//1621 1620//1620
f 1581//1581 1582//1582 1622//1622
f 1581//1581 1622//1622 1621//1621
f 1582//1582 1583//1583 1623//1623
f 1582//1582 1623//1623 1622//1622
f 1583//1583 1584//1584 1624//1624
f 1583//1583 1624//1624 1623//1623
f 1584//1584 1585//1585 1625//1625
f 1584//1584 1625//1625 1624//1624
f 1585//1585 1586//1586 1626//1626
f 1585//1585 1626//1626 1625//1625
f 1586//1586 1587//1587 1627//1627
f 1586//1586 1627//1627 1626//1626
f 1587//1587 1588//1588 1628//1628
f 1587//1587 1628//1628 1627//1627
f 1588//1588 1589//1589 1629//1629
f 1588//1588 1629//1629 1628//1628
f 1589//1589 1590//1590 1630//1630
f 1589//1589 1630//1630 1629//1629
f 1590//1590 1591//1591 1631//1631
f 1590//1590 1631//1631 1630//1630
f 1591//1591 1552//1552 1592//1592
f 1591//1591 1592//1592 1631//1631
f 1592//1592 1593//1593 1633//1633
f 1592//1592 1633//1633 1632//1632
f 1593//1593 1594//1594 1634//1634
f 1593//1593 1634//1634 1633//1633
f 1594//1594 1595//1595 1635//1635
f 1594//1594 1635//1635 1634//1634
f 1595//1595 1596//1596 1636//1636
f 1595//1595 1636//1636 1635//1635
f 1596//1596 1597//1597 1637//1637
f 1596//1596 1637//1637 1636//1636
f 1597//1597 1598//1598 1638//1638
f 1597//1597 1638//1638 1637//1637
f 1598//1598 1599//1599 1639//1639
f 1598//1598 1639//1639 1638//1638
f 1599//1599 1600//1600 1640//1640
f 1599//1599 1640//1640 1639//1639
f 1600//1600 1601//1601 1641//1641
f 1600//1600 1641//1641 1640//1640
f 1601//1601 1602//1602 1642//1642
f 1601//1601 1642//1642 1641//1641
f 1602//1602 1603//1603 1643//1643
f 1602//1602 1643//1643 1642//1642
f 1603//1603 1604//1604 1644//1644
f 1603//1603 1644//1644 1643//1643
f 1604//1604 1605//1605 1645//1645
f 1604//1604 1645//1645 1644//1644
f 1605//1605 1606//1606 1646//1646
f 1605//1605 1646//1646 1645//1645
f 1606//1606 1607//1607 1647//1647
f 1606//1606 1647//1647 1646//1646
f 1607//1607 1608//1608 1648//1648
f 1607//1607 1648//1648 1647//1647
f 1608//1608 1609//1609 1649//1649
f 1608//1608 1649//1649 1648//1648
f 1609//1609 1610//1610 1650//1650
f 1609//1609 1650//1650 1649//1649
f 1610//1610 1611//1611 1651//1651
f 1610//1610 1651//1651 1650//1650
f 1611//1611 1612//1612 1652//1652
f 1611//1611 1652//1652 1651//1651
f 1612//1612 1613//1613 1653//1653
f 1612//1612 1653//1653 1652//1652
f 1613//1613 1614//1614 1654//1654
f 1613//1613 1654//1654 1653//1653
f 1614//1614 1615//1615 1655//1655
f 1614//1614 1655//1655 1654//1654
f 1615//1615 1616//1616 1656//1656
f 1615//1615 1656//1656 1655//1655
f 1616//1616 1617//1617 1657//1657
f 1616//1616 1657//1657 1656//1656
f 1617//1617 1618//1618 1658//1658
f 1617//1617 1658//1658 1657//1657
f 1618//1618 1619//1619 1659//1659
f 1618//1618 1659//1659 1658//1658
f 1619//1619 1620//1620 1660//1660
f 1619//1619 1660//1660 1659//1659
f 1620//1620 1621//1621 1661//1661
f 1620//1620 1661//1661 1660//1660
f 1621//1621 1622//1622 1662//1662
f 1621//1621 1662//1662 1661//1661
f 1622//1622 1623//1623 1663//1663
f 1622//1622 1663//1663 1662//1662
f 1623//1623 1624//1624 1664//1664
f 1623//1623 1664//1664 1663//1663
f 1624//1624 1625//1625 1665//1665
f 1624//1624 1665//1665 1664//1664
f 1625//1625 1626//1626 1666//1666
f 1625//1625 1666//1666 1665//1665
f 1626//1626 1627//1627 1667//1667
f 1626//1626 1667//1667 1666//1666
f 1627//1627 1628//1628 1668//1668
f 1627//1627 1668//1668 1667//1667
f 1628//1628 1629//1629 1669//1669
f 1628//1628 1669//1669 1668//1668
f 1629//1629 1630//1630 1670//1670
f 1629//1629 1670//1670 1669//1669
f 1630//1630 1631//1631 1671//1671
f 1630//1630 1671//1671 1670//1670
f 1631//1631 1592//1592 1632//1632
f 1631//1631 1632//1632 1671//1671
f 1632//1632 1633//1633 1673//1673
f 1632//1632 1673//1673 1672//1672
f 1633//1633 1634//1634 1674//1674
f 1633//1633 1674//1674 1673//1673
f 1634//1634 1635//1635 1675//1675
f 1634//1634 1675//1675 1674//1674
f 1635//1635 1636//1636 1676//1676
f 1635//1635 1676//1676 1675//1675
f 1636//1636 1637//1637 1677//1677
f 1636//1636 1677//1677 1676//1676
f 1637//1637 1638//1638 1678//1678
f 1637//1637 1678//1678 1677//1677
f 1638//1638 1639//1639 1679//1679
f 1638//1638 1679//1679 1678//1678
f 1639//1639 1640//1640 1680//1680
f 1639//1639 1680//1680 1679//1679
f 1640//1640 1641//1641 1681//1681
f 1640//1640 1681//1681 1680//1680
f 1641//1641 1642//1642 1682//1682
f 1641//1641 1682//1682 1681//1681
f 1642//1642 1643//1643 1683//1683
f 1642//1642 1683//1683 1682//1682
f 1643//1643 1644//1644 1684//1684
f 1643//1643 1684//1684 1683//1683
f 1644//1644 1645//1645 1685//1685
f 1644//1644 1685//1685 1684//1684
f 1645//1645 1646//1646 1686//1686
f 1645//1645 1686//1686 1685//1685
f 1646//1646 1647//1647 1687//1687
f 1646//1646 1687//1687 1686//1686
f 1647//1647 1648//1648 1688//1688
f 1647//1647 1688//1688 1687//1687
f 1648//1648 1649//1649 1689//1689
f 1648//1648 1689//1689 1688//1688
f 1649//1649 1650//1650 1690//1690
f 1649//1649 1690//1690 1689//1689
f 1650//1650 1651//1651 1691//1691
f 1650//1650 1691//1691 1690//1690
f 1651//1651 1652//1652 1692//1692
f 1651//1651 1692//1692 1691//1691
f 1652//1652 1653//1653 1693//1693
f 1652//1652 1693//1693 1692//1692
f 1653//1653 1654//1654 1694//1694
f 1653//1653 1694//1694 1693//1693
f 1654//1654 1655//1655 1695//1695
f 1654//1654 1695//1695 1694//1694
f 1655//1655 1656//1656 1696//1696
f 1655//1655 1696//1696 1695//1695
f 1656//1656 1657//1657 1697//1697
f 1656//1656 1697//1697 1696//1696
f 1657//1657 1658//1658 1698//1698
f 1657//1657 1698//1698 1697//1697
f 1658//1658 1659//1659 1699//1699
f 1658//1658 1699//1699 1698//1698
f 1659//1659 1660//1660 1700//1700
f 1659//1659 1700//1700 1699//1699
f 1660//1660 1661//1661 1701//1701
f 1660//1660 1701//1701 1700//1700
f 1661//1661 1662//1662 1702//1702
f 1661//1661 1702//1702 1701//1701
f 1662//1662 1663//1663 1703//1703
f 1662//1662 1703//1703 1702//1702
f 1663//1663 1664//1664 1704//1704
f 1663//1663 1704//1704 1703//1703
f 1664//1664 1665//1665 1705//1705
f 1664//1664 1705//1705 1704//1704
f 1665//1665 1666//1666 1706//1706
f 1665//1665 1706//1706 1705//1705
f 1666//1666 1667//1667 1707//1707
f 1666//1666 1707//1707 1706//1706
f 1667//1667 1668//1668 1708//1708
f 1667//1667 1708//1708 1707//1707
f 1668//1668 1669//1669 1709//1709
f 1668//1668 1709//1709 1708//1708
f 1669//1669 1670//1670 1710//1710
f 1669//1669 1710//1710 1709//1709
f 1670//1670 1671//1671 1711//1711
f 1670//1670 1711//1711 1710//1710
f 1671//1671 1632//1632 1672//1672
f 1671//1671 1672//1672 1711//1711
f 1672//1672 1673//1673 1713//1713
f 1672//1672 1713//1713 1712//1712
f 1673//1673 1674//1674 1714//1714
f 1673//1673 1714//1714 1713//1713
f 1674//1674 1675//1675 1715//1715
f 1674//1674 1715//1715 1714//1714
f 1675//1675 1676//1676 1716//1716
f 1675//1675 1716//1716 1715//1715
f 1676//1676 1677//1677 1717//1717
f 1676//1676 1717//1717 1716//1716
f 1677//1677 1678//1678 1718//1718
f 1677//1677 1718//1718 1717//1717
f 1678//1678 1679//1679 1719//1719
f 1678//1678 1719//1719 1718//1718
f 1679//1679 1680//1680 1720//1720
f 1679//1679 1720//1720 1719//1719
f 1680//1680 1681//1681 1721//1721
f 1680//1680 1721//1721 1720//1720
f 1681//1681 1682//1682 1722//1722
f 1681//1681 1722//1722 1721//1721
f 1682//1682 1683//1683 1723//1723
f 1682//1682 1723//1723 1722//1722
f 1683//1683 1684//1684 1724//1724
f 1683//1683 1724//1724 1723//1723
f 1684//1684 1685//1685 1725//1725
f 1684//1684 1725//1725 1724//1724
f 1685//1685 1686//1686 1726//1726
f 1685//1685 1726//1726 1725//1725
f 1686//1686 1687//1687 1727//1727
f 1686//1686 1727//1727 1726//1726
f 1687//1687 1688//1688 1728//1728
f 1687//1687 1728//1728 1727//1727
f 1688//1688 1689//1689 1729//1729
f 1688//1688 1729//1729 1728//1728
f 1689//1689 1690//1690 1730//1730
f 1689//1689 1730//1730 1729//1729
f 1690//1690 1691//1691 1731//1731
f 1690//1690 1731//1731 1730//1730
f 1691//1691 1692//1692 1732//1732
f 1691//1691 1732//1732 1731//1731
f 1692//1692 1693//1693 1733//1733
f 1692//1692 1733//1733 1732//1732
f 1693//1693 1694//1694 1734//1734
f 1693//1693 1734//1734 1733//1733
f 1694//1694 1695//1695 1735//1735
f 1694//1694 1735//1735 1734//1734
f 1695//1695 1696//1696 1736//1736
f 1695//1695 1736//1736 1735//1735
f 1696//1696 1697//1697 1737//1737
f 1696//1696 1737//1737 1736//1736
f 1697//1697 1698//1698 1738//1738
f 1697//1697 1738//1738 1737//1737
f 1698//1698 1699//1699 1739//1739
f 1698//1698 1739//1739 1738//1738
f 1699//1699 1700//1700 1740//1740
f 1699//1699 1740//1740 1739//1739
f 1700//1700 1701//1701 1741//1741
f 1700//1700 1741//1741 1740//1740
f 1701//1701 1702//1702 1742//1742
f 1701//1701 1742//1742 1741//1741
f 1702//1702 1703//1703 1743//1743
f 1702//1702 1743//1743 1742//1742
f 1703//1703 1704//1704 1744//1744
f 1703//1703 1744//1744 1743//1743
f 1704//1704 1705//1705 1745//1745
f 1704//1704 1745//1745 1744//1744
f 1705//1705 1706//1706 1746//1746
f 1705//1705 1746//1746 1745//1745
f 1706//1706 1707//1707 1747//1747
f 1706//1706 1747//1747 1746//1746
f 1707//1707 1708//1708 1748//1748
f 1707//1707 1748//1748 1747//1747
f 1708//1708 1709//1709 1749//1749
f 1708//1708 1749//1749 1748//1748
f 1709//1709 1710//1710 1750//1750
f 1709//1709 1750//1750 1749//1749
f 1710//1710 1711//1711 1751//1751
f 1710//1710 1751//1751 1750//1750
f 1711//1711 1672//1672 1712//1712
f 1711//1711 1712//1712 1751//1751
f 1712//1712 1713//1713 1753//1753
f 1712//1712 1753//1753 1752//1752
f 1713//1713 1714//1714 1754//1754
f 1713//1713 1754//1754 1753//1753
f 1714//1714 1715//1715 1755//1755
f 1714//1714 1755//1755 1754//1754
f 1715//1715 1716//1716 1756//1756
f 1715//1715 1756//1756 1755//1755
f 1716//1716 1717//1717 1757//1757
f 1716//1716 1757//1757 1756//1756
f 1717//1717 1718//1718 1758//1758
f 1717//1717 1758//1758 1757//1757
f 1718//1718 1719//1719 1759//1759
f 1718//1718 1759//1759 1758//1758
f 1719//1719 1720//1720 1760//1760
f 1719//1719 1760//1760 1759//1759
f 1720//1720 1721//1721 1761//1761
f 1720//1720 1761//1761 1760//1760
f 1721//1721 1722//1722 1762//1762
f 1721//1721 1762//1762 1761//1761
f 1722//1722 1723//1723 1763//1763
f 1722//1722 1763//1763 1762//1762
f 1723//1723 1724//1724 1764//1764
f 1723//1723 1764//1764 1763//1763
f 1724//1724 1725//1725 1765//1765
f 1724//1724 1765//1765 1764//1764
f 1725//1725 1726//1726 1766//1766
f 1725//1725 1766//1766 1765//1765
f 1726//1726 1727//1727 1767//1767
f 1726//1726 1767//1767 1766//1766
f 1727//1727 1728//1728 1768//1768
f 1727//1727 1768//1768 1767//1767
f 1728//1728 1729//1729 1769//1769
f 1728//1728 1769//1769 1768//1768
f 1729//1729 1730//1730 1770//1770
f 1729//1729 1770//1770 1769//1769
f 1730//1730 1731//1731 1771//1771
f 1730//1730 1771//1771 1770//1770
f 1731//1731 1732//1732 1772//1772
f 1731//1731 1772//1772 1771//1771
f 1732//1732 1733//1733 1773//1773
f 1732//1732 1773//1773 1772//1772
f 1733//1733 1734//1734 1774//1774
f 1733//1733 1774//1774 1773//1773
f 1734//1734 1735//1735 1775//1775
f 1734//1734 1775//1775 1774//1774
f 1735//1735 1736//1736 1776//1776
f 1735//1735 1776//1776 1775//1775
f 1736//1736 1737//1737 1777//1777
f 1736//1736 1777//1777 1776//1776
f 1737//1737 1738//1738 1778//1778
f 1737//1737 1778//1778 1777//1777
f 1738//1738 1739//1739 1779//1779
f 1738//1738 1779//1779 1778//1778
f 1739//1739 1740//1740 1780//1780
f 1739//1739 1780//1780 1779//1779
f 1740//1740 1741//1741 1781//1781
f 1740//1740 1781//1781 1780//1780
f 1741//1741 1742//1742 1782//1782
f 1741//1741 1782//1782 1781//1781
f 1742//1742 1743//1743 1783//1783
f 1742//1742 1783//1783 1782//1782
f 1743//1743 1744//1744 1784//1784
f 1743//1743 1784//1784 1783//1783
f 1744//1744 1745//1745 1785//1785
f 1744//1744 1785//1785 1784//1784
f 1745//1745 1746//1746 1786//1786
f 1745//1745 1786//1786 1785//1785
f 1746//1746 1747//1747 1787//1787
f 1746//1746 1787//1787 1786//1786
f 1747//1747 1748//1748 1788//1788
f 1747//1747 1788//1788 1787//1787
f 1748//1748 1749//1749 1789//1789
f 1748//1748 1789//1789 1788//1788
f 1749//1749 1750//1750 1790//1790
f 1749//1749 1790//1790 1789//1789
f 1750//1750 1751//1751 1791//1791
f 1750//1750 1791//1791 1790//1790
f 1751//1751 1712//1712 1752//1752
f 1751//1751 1752//1752 1791//1791
f 1752//1752 1753//1753 1793//1793
f 1752//1752 1793//1793 1792//1792
f 1753//1753 1754//1754 1794//1794
f 1753//1753 1794//1794 1793//1793
f 1754//1754 1755//1755 1795//1795
f 1754//1754 1795//1795 1794//1794
f 1755//1755 1756//1756 1796//1796
f 1755//1755 1796//1796 1795//1795
f 1756//1756 1757//1757 1797//1797
f 1756//1756 1797//1797 1796//1796
f 1757//1757 1758//1758 1798//1798
f 1757//1757 1798//1798 1797//1797
f 1758//1758 1759//1759 1799//1799
f 1758//1758 1799//1799 1798//1798
f 1759//1759 1760//1760 1800//1800
f 1759//1759 1800//1800 1799//1799
f 1760//1760 1761//1761 1801//1801
f 1760//1760 1801//1801 1800//1800
f 1761//1761 1762//1762 1802//1802
f 1761//1761 1802//1802 1801//1801
f 1762//1762 1763//1763 1803//1803
f 1762//1762 1803//1803 1802//1802
f 1763//1763 1764//1764 1804//1804
f 1763//1763 1804//1804 1803//1803
f 1764//1764 1765//1765 1805//1805
f 1764//1764 1805//1805 1804//1804
f 1765//1765 1766//1766 1806//1806
f 1765//1765 1806//1806 1805//1805
f 1766//1766 1767//1767 1807//1807
f 1766//1766 1807//1807 1806//1806
f 1767//1767 1768//1768 1808//1808
f 1767//1767 1808//1808 1807//1807
f 1768//1768 1769//1769 1809//1809
f 1768//1768 1809//1809 1808//1808
f 1769//1769 1770//1770 1810//1810
f 1769//1769 1810//1810 1809//1809
f 1770//1770 1771//1771 1811//1811
f 1770//1770 1811//1811 1810//1810
f 1771//1771 1772//1772 1812//1812
f 1771//1771 1812//1812 1811//1811
f 1772//1772 1773//1773 1813//1813
f 1772//1772 1813//1813 1812//1812
f 1773//1773 1774//1774 1814//1814
f 1773//1773 1814//1814 1813//1813
f 1774//1774 1775//1775 1815//1815
f 1774//1774 1815//1815 1814//1814
f 1775//1775 1776//1776 1816//1816
f 1775//1775 1816//1816 1815//1815
f 1776//1776 1777//1777 1817//1817
f 1776//1776 1817//1817 1816//1816
f 1777//1777 1778//1778 1818//1818
f 1777//1777 1818//1818 1817//1817
f 1778//1778 1779//1779 1819//1819
f 1778//1778 1819//1819 1818//1818
f 1779//1779 1780//1780 1820//1820
f 1779//1779 1820//1820 1819//1819
f 1780//1780 1781//1781 1821//1821
f 1780//1780 1821//1821 1820//1820
f 1781//1781 1782//1782 1822//1822
f 1781//1781 1822//1822 1821//1821
f 1782//1782 1783//1783 1823//1823
f 1782//1782 1823//1823 1822//1822
f 1783//1783 1784//1784 1824//1824
f 1783//1783 1824//1824 1823//1823
f 1784//1784 1785//1785 1825//1825
f 1784//1784 1825//1825 1824//1824
f 1785//1785 1786//1786 1826//1826
f 1785//1785 1826//1826 1825//1825
f 1786//1786 1787//1787 1827//1827
f 1786//1786 1827//1827 1826//1826
f 1787//1787 1788//1788 1828//1828
f 1787//1787 1828//1828 1827//1827
f 1788//1788 1789//1789 1829//1829
f 1788//1788 1829//1829 1828//1828
f 1789//1789 1790//1790 1830//1830
f 1789//1789 1830//1830 1829//1829
f 1790//1790 1791//1791 1831//1831
f 1790//1790 1831//1831 1830//1830
f 1791//1791 1752//1752 1792//1792
f 1791//1791 1792//1792 1831//1831
f 1792//1792 1793//1793 1833//1833
f 1792//1792 1833//1833 1832//1832
f 1793//1793 1794//1794 1834//1834
f 1793//1793 1834//1834 1833//1833
f 1794//1794 1795//1795 1835//1835
f 1794//1794 1835//1835 1834//1834
f 1795//1795 1796//1796 1836//1836
f 1795//1795 1836//1836 1835//1835
f 1796//1796 1797//1797 1837//1837
f 1796//1796 1837//1837 1836//1836
f 1797//1797 1798//1798 1838//1838
f 1797//1797 1838//1838 1837//1837
f 1798//1798 1799//1799 1839//1839
f 1798//1798 1839//1839 1838//1838
f 1799//1799 1800//1800 1840//1840
f 1799//1799 1840//1840 1839//1839
f 1800//1800 1801//1801 1841//1841
f 1800//1800 1841//1841 1840//1840
f 1801//1801 1802//1802 1842//1842
f 1801//1801 1842//1842 1841//1841
f 1802//1802 1803//1803 1843//1843
f 1802//1802 1843//1843 1842//1842
f 1803//1803 1804//1804 1844//1844
f 1803//1803 1844//1844 1843//1843
f 1804//1804 1805//1805 1845//1845
f 1804//1804 1845//1845 1844//1844
f 1805//1805 1806//1806 1846//1846
f 1805//1805 1846//1846 1845//1845
f 1806//1806 1807//1807 1847//1847
f 1806//1806 1847//1847 1846//1846
f 1807//1807 1808//1808 1848//1848
f 1807//1807 1848//1848 1847//1847
f 1808//1808 1809//1809 1849//1849
f 1808//1808 1849//1849 1848//1848
f 1809//1809 1810//1810 1850//1850
f 1809//1809 1850//1850 1849//1849
f 1810//1810 1811//1811 1851//1851
f 1810//1810 1851//1851 1850//1850
f 1811//1811 1812//1812 1852//1852
f 1811//1811 1852//1852 1851//1851
f 1812//1812 1813//1813 1853//1853
f 1812//1812 1853//1853 1852//1852
f 1813//1813 1814//1814 1854//1854
f 1813//1813 1854//1854 1853//1853
f 1814//1814 1815//1815 1855//1855
f 1814//1814 1855//1855 1854//1854
f 1815//1815 1816//1816 1856//1856
f 1815//1815 1856//1856 1855//1855
f 1816//1816 1817//1817 1857//1857
f 1816//1816 1857//1857 1856//1856
f 1817//1817 1818//1818 1858//1858
f 1817//1817 1858//1858 1857//1857
f 1818//1818 1819//1819 1859//1859
f 1818//1818 1859//1859 1858//1858
f 1819//1819 1820//1820 1860//1860
f 1819//1819 1860//1860 1859//1859
f 1820//1820 1821//1821 1861//1861
f 1820//1820 1861//1861 1860//1860
f 1821//1821 1822//1822 1862//1862
f 1821//1821 1862//1862 1861//1861
f 1822//1822 1823//1823 1863//1863
f 1822//1822 1863//1863 1862//1862
f 1823//1823 1824//1824 1864//1864
f 1823//1823 1864//1864 1863//1863
f 1824//1824 1825//1825 1865//1865
f 1824//1824 1865//1865 1864//1864
f 1825//1825 1826//1826 1866//1866
f 1825//1825 1866//1866 1865//1865
f 1826//1826 1827//1827 1867//1867
f 1826//1826 1867//1867 1866//1866
f 1827//1827 1828//1828 1868//1868
f 1827//1827 1868//1868 1867//1867
f 1828//1828 1829//1829 1869//1869
f 1828//1828 1869//1869 1868//1868
f 1829//1829 1830//1830 1870//1870
f 1829//1829 1870//1870 1869//1869
f 1830//1830 1831//1831 1871//1871
f 1830//1830 1871//1871 1870//1870
f 1831//1831 1792//1792 1832//1832
f 1831//1831 1832//1832 1871//1871
f 1832//1832 1833//1833 1873//1873
f 1832//1832 1873//1873 1872//1872
f 1833//1833 1834//1834 1874//1874
f 1833//1833 1874//1874 1873//1873
f 1834//1834 1835//1835 1875//1875
f 1834//1834 1875//1875 1874//1874
f 1835//1835 1836//1836 1876//1876
f 1835//1835 1876//1876 1875//1875
f 1836//1836 1837//1837 1877//1877
f 1836//1836 1877//1877 1876//1876
f 1837//1837 1838//1838 1878//1878
f 1837//1837 1878//1878 1877//1877
f 1838//1838 1839//1839 1879//1879
f 1838//1838 1879//1879 1878//1878
f 1839//1839 1840//1840 1880//1880
f 1839//1839 1880//1880 1879//1879
f 1840//1840 1841//1841 1881//1881
f 1840//1840 1881//1881 1880//1880
f 1841//1841 1842//1842 1882//1882
f 1841//1841 1882//1882 1881//1881
f 1842//1842 1843//1843 1883//1883
f 1842//1842 1883//1883 1882//1882
f 1843//1843 1844//1844 1884//1884
f 1843//1843 1884//1884 1883//1883
f 1844//1844 1845//1845 1885//1885
f 1844//1844 1885//1885 1884//1884
f 1845//1845 1846//1846 1886//1886
f 1845//1845 1886//1886 1885//1885
f 1846//1846 1847//1847 1887//1887
f 1846//1846 1887//1887 1886//1886
f 1847//1847 1848//1848 1888//1888
f 1847//1847 1888//1888 1887//1887
f 1848//1848 1849//1849 1889//1889
f 1848//1848 1889//1889 1888//1888
f 1849//1849 1850//1850 1890//1890
f 1849//1849 1890//1890 1889//1889
f 1850//1850 1851//1851 1891//1891
f 1850//1850 1891//1891 1890//1890
f 1851//1851 1852//1852 1892//1892
f 1851//1851 1892//1892 1891//1891
f 1852//1852 1853//1853 1893//1893
f 1852//1852 1893//1893 1892//1892
f 1853//1853 1854//1854 1894//1894
f 1853//1853 1894//1894 1893//1893
f 1854//1854 1855//1855 1895//1895
f 1854//1854 1895//1895 1894//1894
f 1855//1855 1856//1856 1896//1896
f 1855//1855 1896//1896 1895//1895
f 1856//1856 1857//1857 1897//1897
f 1856//1856 1897//1897 1896//1896
f 1857//1857 1858//1858 1898//1898
f 1857//1857 1898//1898 1897//1897
f 1858//1858 1859//1859 1899//1899
f 1858//1858 1899//1899 1898//1898
f 1859//1859 1860//1860 1900//1900
f 1859//1859 1900//1900 1899//1899
f 1860//1860 1861//1861 1901//1901
f 1860//1860 1901//1901 1900//1900
f 1861//1861 1862//1862 1902//1902
f 1861//1861 1902//1902 1901//1901
f 1862//1862 1863//1863 1903//1903
f 1862//1862 1903//1903 1902//1902
f 1863//1863 1864//1864 1904//1904
f 1863//1863 1904//1904 1903//1903
f 1864//1864 1865//1865 1905//1905
f 1864//1864 1905//1905 1904//1904
f 1865//1865 1866//1866 1906//1906
f 1865//1865 1906//1906 1905//1905
f 1866//1866 1867//1867 1907//1907
f 1866//1866 1907//1907 1906//1906
f 1867//1867 1868//1868 1908//1908
f 1867//1867 1908//1908 1907//1907
f 1868//1868 1869//1869 1909//1909
f 1868//1868 1909//1909 1908//1908
f 1869//1869 1870//1870 1910//1910
f 1869//1869 1910//1910 1909//1909
f 1870//1870 1871//1871 1911//1911
f 1870//1870 1911//1911 1910//1910
f 1871//1871 1832//1832 1872//1872
f 1871//1871 1872//1872 1911//1911
f 1872//1872 1873//1873 1913//1913
f 1872//1872 1913//1913 1912//1912
f 1873//1873 1874//1874 1914//1914
f 1873//1873 1914//1914 1913//1913
f 1874//1874 1875//1875 1915//1915
f 1874//1874 1915//1915 1914//1914
f 1875//1875 1876//1876 1916//1916
f 1875//1875 1916//1916 1915//1915
f 1876//1876 1877//1877 1917//1917
f 1876//1876 1917//1917 1916//1916
f 1877//1877 1878//1878 1918//1918
f 1877//1877 1918//1918 1917//1917
f 1878//1878 1879//1879 1919//1919
f 1878//1878 1919//1919 1918//1918
f 1879//1879 1880//1880 1920//1920
f 1879//1879 1920//1920 1919//1919
f 1880//1880 1881//1881 1921//1921
f 1880//1880 1921//1921 1920//1920
f 1881//1881 1882//1882 1922//1922
f 1881//1881 1922//1922 1921//1921
f 1882//1882 1883//1883 1923//1923
f 1882//1882 1923//1923 1922//1922
f 1883//1883 1884//1884 1924//1924
f 1883//1883 1924//1924 1923//1923
f 1884//1884 1885//1885 1925//1925
f 1884//1884 1925//1925 1924//1924
f 1885//1885 1886//1886 1926//1926
f 1885//1885 1926//1926 1925//1925
f 1886//1886 1887//1887 1927//1927
f 1886//1886 1927//1927 1926//1926
f 1887//1887 1888//1888 1928//1928
f 1887//1887 1928//1928 1927//1927
f 1888//1888 1889//1889 1929//1929
f 1888//1888 1929//1929 1928//1928
f 1889//1889 1890//1890 1930//1930
f 1889//1889 1930//1930 1929//1929
f 1890//1890 1891//1891 1931//1931
f 1890//1890 1931//1931 1930//1930
f 1891//1891 1892//1892 1932//1932
f 1891//1891 1932//1932 1931//1931
f 1892//1892 1893//1893 1933//1933
f 1892//1892 1933//1933 1932//1932
f 1893//1893 1894//1894 1934//1934
f 1893//1893 1934//1934 1933//1933
f 1894//1894 1895//1895 1935//1935
f 1894//1894 1935//1935 1934//1934
f 1895//1895 1896//1896 1936//1936
f 1895//1895 1936//1936 1935//1935
f 1896//1896 1897//1897 1937//1937
f 1896//1896 1937//1937 1936//1936
f 1897//1897 1898//1898 1938//1938
f 1897//1897 1938//1938 1937//1937
f 1898//1898 1899//1899 1939//1939
f 1898//1898 1939//1939 1938//1938
f 1899//1899 1900//1900 1940//1940
f 1899//1899 1940//1940 1939//1939
f 1900//1900 1901//1901 1941//1941
f 1900//1900 1941//1941 1940//1940
f 1901//1901 1902//1902 1942//1942
f 1901//1901 1942//1942 1941//1941
f 1902//1902 1903//1903 1943//1943
f 1902//1902 1943//1943 1942//1942
f 1903//1903 1904//1904 1944//1944
f 1903//1903 1944//1944 1943//1943
f 1904//1904 1905//1905 1945//1945
f 1904//1904 1945//1945 1944//1944
f 1905//1905 1906//1906 1946//1946
f 1905//1905 1946//1946 1945//1945
f 1906//1906 1907//1907 1947//1947
f 1906//1906 1947//1947 1946//1946
f 1907//1907 1908//1908 1948//1948
f 1907//1907 1948//1948 1947//1947
f 1908//1908 1909//1909 1949//1949
f 1908//1908 1949//1949 1948//1948
f 1909//1909 1910//1910 1950//1950
f 1909//1909 1950//1950 1949//1949
f 1910//1910 1911//1911 1951//1951
f 1910//1910 1951//1951 1950//1950
f 1911//1911 1872//1872 1912//1912
f 1911//1911 1912//1912 1951//1951
f 1912//1912 1913//1913 1953//1953
f 1912//1912 1953//1953 1952//1952
f 1913//1913 1914//1914 1954//1954
f 1913//1913 1954//1954 1953//1953
f 1914//1914 1915//1915 1955//1955
f 1914//1914 1955//1955 1954//1954
f 1915//1915 1916//1916 1956//1956
f 1915//1915 1956//1956 1955//1955
f 1916//1916 1917//1917 1957//1957
f 1916//1916 1957//1957 1956//1956
f 1917//1917 1918//1918 1958//1958
f 1917//1917 1958//1958 1957//1957
f 1918//1918 1919//1919 1959//1959
f 1918//1918 1959//1959 1958//1958
f 1919//1919 1920//1920 1960//1960
f 1919//1919 1960//1960 1959//1959
f 1920//1920 1921//1921 1961//1961
f 1920//1920 1961//1961 1960//1960
f 1921//1921 1922//1922 1962//1962
f 1921//1921 1962//1962 1961//1961
f 1922//1922 1923//1923 1963//1963
f 1922//1922 1963//1963 1962//1962
f 1923//1923 1924//1924 1964//1964
f 1923//1923 1964//1964 1963//1963
f 1924//1924 1925//1925 1965//1965
f 1924//1924 1965//1965 1964//1964
f 1925//1925 1926//1926 1966//1966
f 1925//1925 1966//1966 1965//1965
f 1926//1926 1927//1927 1967//1967
f 1926//1926 1967//1967 1966//1966
f 1927//1927 1928//1928 1968//1968
f 1927//1927 1968//1968 1967//1967
f 1928//1928 1929//1929 1969//1969
f 1928//1928 1969//1969 1968//1968
f 1929//1929 1930//1930 1970//1970
f 1929//1929 1970//1970 1969//1969
f 1930//1930 1931//1931 1971//1971
f 1930//1930 1971//1971 1970//1970
f 1931//1931 1932//1932 1972//1972
f 1931//1931 1972//1972 1971//1971
f 1932//1932 1933//1933 1973//1973
f 1932//1932 1973//1973 1972//1972
f 1933//1933 1934//1934 1974//1974
f 1933//1933 1974//1974 1973//1973
f 1934//1934 1935//1935 1975//1975
f 1934//1934 1975//1975 1974//1974
f 1935//1935 1936//1936 1976//1976
f 1935//1935 1976//1976 1975//1975
f 1936//1936 1937//1937 1977//1977
f 1936//1936 1977//1977 1976//1976
f 1937//1937 1938//1938 1978//1978
f 1937//1937 1978//1978 1977//1977
f 1938//1938 1939//1939 1979//1979
f 1938//1938 1979//1979 1978//1978
f 1939//1939 1940//1940 1980//1980
f 1939//1939 1980//1980 1979//1979
f 1940//1940 1941//1941 1981//1981
f 1940//1940 1981//1981 1980//1980
f 1941//1941 1942//1942 1982//1982
f 1941//1941 1982//1982 1981//1981
f 1942//1942 1943//1943 1983//1983
f 1942//1942 1983//1983 1982//1982
f 1943//1943 1944//1944 1984//1984
f 1943//1943 1984//1984 1983//1983
f 1944//1944 1945//1945 1985//1985
f 1944//1944 1985//1985 1984//1984
f 1945//1945 1946//1946 1986//1986
f 1945//1945 1986//1986 1985//1985
f 1946//1946 1947//1947 1987//1987
f 1946//1946 1987//1987 1986//1986
f 1947//1947 1948//1948 1988//1988
f 1947//1947 1988//1988 1987//1987
f 1948//1948 1949//1949 1989//1989
f 1948//1948 1989//1989 1988//1988
f 1949//1949 1950//1950 1990//1990
f 1949//1949 1990//1990 1989//1989
f 1950//1950 1951//1951 1991//1991
f 1950//1950 1991//1991 1990//1990
f 1951//1951 1912//1912 1952//1952
f 1951//1951 1952//1952 1991//1991
f 1952//1952 1953//1953 1993//1993
f 1952//1952 1993//1993 1992//1992
f 1953//1953 1954//1954 1994//1994
f 1953//1953 1994//1994 1993//1993
f 1954//1954 1955//1955 1995//1995
f 1954//1954 1995//1995 1994//1994
f 1955//1955 1956//1956 1996//1996
f 1955//1955 1996//1996 1995//1995
f 1956//1956 1957//1957 1997//1997
f 1956//1956 1997//1997 1996//1996
f 1957//1957 1958//1958 1998//1998
f 1957//1957 1998//1998 1997//1997
f 1958//1958 1959//1959 1999//1999
f 1958//1958 1999//1999 1998//1998
f 1959//1959 1960//1960 2000//2000
f 1959//1959 2000//2000 1999//1999
f 1960//1960 1961//1961 2001//2001
f 1960//1960 2001//2001 2000//2000
f 1961//1961 1962//1962 2002//2002
f 1961//1961 2002//2002 2001//2001
f 1962//1962 1963//1963 2003//2003
f 1962//1962 2003//2003 2002//2002
f 1963//1963 1964//1964 2004//2004
f 1963//1963 2004//2004 2003//2003
f 1964//1964 1965//1965 2005//2005
f 1964//1964 2005//2005 2004//2004
f 1965//1965 1966//1966 2006//2006
f 1965//1965 2006//2006 2005//2005
f 1966//1966 1967//1967 2007//2007
f 1966//1966 2007//2007 2006//2006
f 1967//1967 1968//1968 2008//2008
f 1967//1967 2008//2008 2007//2007
f 1968//1968 1969//1969 2009//2009
f 1968//1968 2009//2009 2008//2008
f 1969//1969 1970//1970 2010//2010
f 1969//1969 2010//2010 2009//2009
f 1970//1970 1971//1971 2011//2011
f 1970//1970 2011//2011 2010//2010
f 1971//1971 1972//1972 2012//2012
f 1971//1971 2012//2012 2011//2011
f 1972//1972 1973//1973 2013//2013
f 1972//1972 2013//2013 2012//2012
f 1973//1973 1974//1974 2014//2014
f 1973//1973 2014//2014 2013//2013
f 1974//1974 1975//1975 2015//2015
f 1974//1974 2015//2015 2014//2014
f 1975//1975 1976//1976 2016//2016
f 1975//1975 2016//2016 2015//2015
f 1976//1976 1977//1977 2017//2017
f 1976//1976 2017//2017 2016//2016
f 1977//1977 1978//1978 2018//2018
f 1977//1977 2018//2018 2017//2017
f 1978//1978 1979//1979 2019//2019
f 1978//1978 2019//2019 2018//2018
f 1979//1979 1980//1980 2020//2020
f 1979//1979 2020//2020 2019//2019
f 1980//1980 1981//1981 2021//2021
f 1980//1980 2021//2021 2020//2020
f 1981//1981 1982//1982 2022//2022
f 1981//1981 2022//2022 2021//2021
f 1982//1982 1983//1983 2023//2023
f 1982//1982 2023//2023 2022//2022
f 1983//1983 1984//1984 2024//2024
f 1983//1983 2024//2024 2023//2023
f 1984//1984 1985//1985 2025//2025
f 1984//1984 2025//2025 2024//2024
f 1985//1985 1986//1986 2026//2026
f 1985//1985 2026//2026 2025//2025
f 1986//1986 1987//1987 2027//2027
f 1986//1986 2027//2027 2026//2026
f 1987//1987 1988//1988 2028//2028
f 1987//1987 2028//2028 2027//2027
f 1988//1988 1989//1989 2029//2029
f 1988//1988 2029//2029 2028//2028
f 1989//1989 1990//1990 2030//2030
f 1989//1989 2030//2030 2029//2029
f 1990//1990 1991//1991 2031//2031
f 1990//1990 2031//2031 2030//2030
f 1991//1991 1952//1952 1992//1992
f 1991//1991 1992//1992 2031//2031
f 1992//1992 1993//1993 2033//2033
f 1992//1992 2033//2033 2032//2032
f 1993//1993 1994//1994 2034//2034
f 1993//1993 2034//2034 2033//2033
f 1994//1994 1995//1995 2035//2035
f 1994//1994 2035//2035 2034//2034
f 1995//1995 1996//1996 2036//2036
f 1995//1995 2036//2036 2035//2035
f 1996//1996 1997//1997 2037//2037
f 1996//1996 2037//2037 2036//2036
f 1997//1997 1998//1998 2038//2038
f 1997//1997 2038//2038 2037//2037
f 1998//1998 1999//1999 2039//2039
f 1998//1998 2039//2039 2038//2038
f 1999//1999 2000//2000 2040//2040
f 1999//1999 2040//2040 2039//2039
f 2000//2000 2001//2001 2041//2041
f 2000//2000 2041//2041 2040//2040
f 2001//2001 2002//2002 2042//2042
f 2001//2001 2042//2042 2041//2041
f 2002//2002 2003//2003 2043//2043
f 2002//2002 2043//2043 2042//2042
f 2003//2003 2004//2004 2044//2044
f 2003//2003 2044//2044 2043//2043
f 2004//2004 2005//2005 2045//2045
f 2004//2004 2045//2045 2044//2044
f 2005//2005 2006//2006 2046//2046
f 2005//2005 2046//2046 2045//2045
f 2006//2006 2007//2007 2047//2047
f 2006//2006 2047//2047 2046//2046
f 2007//2007 2008//2008 2048//2048
f 2007//2007 2048//2048 2047//2047
f 2008//2008 2009//2009 2049//2049
f 2008//2008 2049//2049 2048//2048
f 2009//2009 2010//2010 2050//2050
f 2009//2009 2050//2050 2049//2049
f 2010//2010 2011//2011 2051//2051
f 2010//2010 2051//2051 2050//2050
f 2011//2011 2012//2012 2052//2052
f 2011//2011 2052//2052 2051//2051
f 2012//2012 2013//2013 2053//2053
f 2012//2012 2053//2053 2052//2052
f 2013//2013 2014//2014 2054//2054
f 2013//2013 2054//2054 2053//2053
f 2014//2014 2015//2015 2055//2055
f 2014//2014 2055//2055 2054//2054
f 2015//2015 2016//2016 2056//2056
f 2015//2015 2056//2056 2055//2055
f 2016//2016 2017//2017 2057//2057
f 2016//2016 2057//2057 2056//2056
f 2017//2017 2018//2018 2058//2058
f 2017//2017 2058//2058 2057//2057
f 2018//2018 2019//2019 2059//2059
f 2018//2018 2059//2059 2058//2058
f 2019//2019 2020//2020 2060//2060
f 2019//2019 2060//2060 2059//2059
f 2020//2020 2021//2021 2061//2061
f 2020//2020 2061//2061 2060//2060
f 2021//2021 2022//2022 2062//2062
f 2021//2021 2062//2062 2061//2061
f 2022//2022 2023//2023 2063//2063
f 2022//2022 2063//2063 2062//2062
f 2023//2023 2024//2024 2064//2064
f 2023//2023 2064//2064 2063//2063
f 2024//2024 2025//2025 2065//2065
f 2024//2024 2065//2065 2064//2064
f 2025//2025 2026//2026 2066//2066
f 2025//2025 2066//2066 2065//2065
f 2026//2026 2027//2027 2067//2067
f 2026//2026 2067//2067 2066//2066
f 2027//2027 2028//2028 2068//2068
f 2027//2027 2068//2068 2067//2067
f 2028//2028 2029//2029 2069//2069
f 2028//2028 2069//2069 2068//2068
f 2029//2029 2030//2030 2070//2070
f 2029//2029 2070//2070 2069//2069
f 2030//2030 2031//2031 2071//2071
f 2030//2030 2071//2071 2070//2070
f 2031//2031 1992//1992 2032//2032
f 2031//2031 2032//2032 2071//2071
f 2032//2032 2033//2033 2073//2073
f 2032//2032 2073//2073 2072//2072
f 2033//2033 2034//2034 2074//2074
f 2033//2033 2074//2074 2073//2073
f 2034//2034 2035//2035 2075//2075
f 2034//2034 2075//2075 2074//2074
f 2035//2035 2036//2036 2076//2076
f 2035//2035 2076//2076 2075//2075
f 2036//2036 2037//2037 2077//2077
f 2036//2036 2077//2077 2076//2076
f 2037//2037 2038//2038 2078//2078
f 2037//2037 2078//2078 2077//2077
f 2038//2038 2039//2039 2079//2079
f 2038//2038 2079//2079 2078//2078
f 2039//2039 2040//2040 2080//2080
f 2039//2039 2080//2080 2079//2079
f 2040//2040 2041//2041 2081//2081
f 2040//2040 2081//2081 2080//2080
f 2041//2041 2042//2042 2082//2082
f 2041//2041 2082//2082 2081//2081
f 2042//2042 2043//2043 2083//2083
f 2042//2042 2083//2083 2082//2082
f 2043//2043 2044//2044 2084//2084
f 2043//2043 2084//2084 2083//2083
f 2044//2044 2045//2045 2085//2085
f 2044//2044 2085//2085 2084//2084
f 2045//2045 2046//2046 2086//2086
f 2045//2045 2086//2086 2085//2085
f 2046//2046 2047//2047 2087//2087
f 2046//2046 2087//2087 2086//2086
f 2047//2047 2048//2048 2088//2088
f 2047//2047 2088//2088 2087//2087
f 2048//2048 2049//2049 2089//2089
f 2048//2048 2089//2089 2088//2088
f 2049//2049 2050//2050 2090//2090
f 2049//2049 2090//2090 2089//2089
f 2050//2050 2051//2051 2091//2091
f 2050//2050 2091//2091 2090//2090
f 2051//2051 2052//2052 2092//2092
f 2051//2051 2092//2092 2091//2091
f 2052//2052 2053//2053 2093//2093
f 2052//2052 2093//2093 2092//2092
f 2053//2053 2054//2054 2094//2094
f 2053//2053 2094//2094 2093//2093
f 2054//2054 2055//2055 2095//2095
f 2054//2054 2095//2095 2094//2094
f 2055//2055 2056//2056 2096//2096
f 2055//2055 2096//2096 2095//2095
f 2056//2056 2057//2057 2097//2097
f 2056//2056 2097//2097 2096//2096
f 2057//2057 2058//2058 2098//2098
f 2057//2057 2098//2098 2097//2097
f 2058//2058 2059//2059 2099//2099
f 2058//2058 2099//2099 2098//2098
f 2059//2059 2060//2060 2100//2100
f 2059//2059 2100//2100 2099//2099
f 2060//2060 2061//2061 2101//2101
f 2060//2060 2101//2101 2100//2100
f 2061//2061 2062//2062 2102//2102
f 2061//2061 2102//2102 2101//2101
f 2062//2062 2063//2063 2103//2103
f 2062//2062 2103//2103 2102//2102
f 2063//2063 2064//2064 2104//2104
f 2063//2063 2104//2104 2103//2103
f 2064//2064 2065//2065 2105//2105
f 2064//2064 2105//2105 2104//2104
f 2065//2065 2066//2066 2106//2106
f 2065//2065 2106//2106 2105//2105
f 2066//2066 2067//2067 2107//2107
f 2066//2066 2107//2107 2106//2106
f 2067//2067 2068//2068 2108//2108
f 2067//2067 2108//2108 2107//2107
f 2068//2068 2069//2069 2109//2109
f 2068//2068 2109//2109 2108//2108
f 2069//2069 2070//2070 2110//2110
f 2069//2069 2110//2110 2109//2109
f 2070//2070 2071//2071 2111//2111
f 2070//2070 2111//2111 2110//2110
f 2071//2071 2032//2032 2072//2072
f 2071//2071 2072//2072 2111//2111
f 2072//2072 2073//2073 2113//2113
f 2072//2072 2113//2113 2112//2112
f 2073//2073 2074//2074 2114//2114
f 2073//2073 2114//2114 2113//2113
f 2074//2074 2075//2075 2115//2115
f 2074//2074 2115//2115 2114//2114
f 2075//2075 2076//2076 2116//2116
f 2075//2075 2116//2116 2115//2115
f 2076//2076 2077//2077 2117//2117
f 2076//2076 2117//2117 2116//2116
f 2077//2077 2078//2078 2118//2118
f 2077//2077 2118//2118 2117//2117
f 2078//2078 2079//2079 2119//2119
f 2078//2078 2119//2119 2118//2118
f 2079//2079 2080//2080 2120//2120
f 2079//2079 2120//2120 2119//2119
f 2080//2080 2081//2081 2121//2121
f 2080//2080 2121//2121 2120//2120
f 2081//2081 2082//2082 2122//2122
f 2081//2081 2122//2122 2121//2121
f 2082//2082 2083//2083 2123//2123
f 2082//2082 2123//2123 2122//2122
f 2083//2083 2084//2084 2124//2124
f 2083//2083 2124//2124 2123//2123
f 2084//2084 2085//2085 2125//2125
f 2084//2084 2125//2125 2124//2124
f 2085//2085 2086//2086 2126//2126
f 2085//2085 2126//2126 2125//2125
f 2086//2086 2087//2087 2127//2127
f 2086//2086 2127//2127 2126//2126
f 2087//2087 2088//2088 2128//2128
f 2087//2087 2128//2128 2127//2127
f 2088//2088 2089//2089 2129//2129
f 2088//2088 2129//2129 2128//2128
f 2089//2089 2090//2090 2130//2130
f 2089//2089 2130//2130 2129//2129
f 2090//2090 2091//2091 2131//2131
f 2090//2090 2131//2131 2130//2130
f 2091//2091 2092//2092 2132//2132
f 2091//2091 2132//2132 2131//2131
f 2092//2092 2093//2093 2133//2133
f 2092//2092 2133//2133 2132//2132
f 2093//2093 2094//2094 2134//2134
f 2093//2093 2134//2134 2133//2133
f 2094//2094 2095//2095 2135//2135
f 2094//2094 2135//2135 2134//2134
f 2095//2095 2096//2096 2136//2136
f 2095//2095 2136//2136 2135//2135
f 2096//2096 2097//2097 2137//2137
f 2096//2096 2137//2137 2136//2136
f 2097//2097 2098//2098 2138//2138
f 2097//2097 2138//2138 2137//2137
f 2098//2098 2099//2099 2139//2139
f 2098//2098 2139//2139 2138//2138
f 2099//2099 2100//2100 2140//2140
f 2099//2099 2140//2140 2139//2139
f 2100//2100 2101//2101 2141//2141
f 2100//2100 2141//2141 2140//2140
f 2101//2101 2102//2102 2142//2142
f 2101//2101 2142//2142 2141//2141
f 2102//2102 2103//2103 2143//2143
f 2102//2102 2143//2143 2142//2142
f 2103//2103 2104//2104 2144//2144
f 2103//2103 2144//2144 2143//2143
f 2104//2104 2105//2105 2145//2145
f 2104//2104 2145//2145 2144//2144
f 2105//2105 2106//2106 2146//2146
f 2105//2105 2146//2146 2145//2145
f 2106//2106 2107//2107 2147//2147
f 2106//2106 2147//2147 2146//2146
f 2107//2107 2108//2108 2148//2148
f 2107//2107 2148//2148 2147//2147
f 2108//2108 2109//2109 2149//2149
f 2108//2108 2149//2149 2148//2148
f 2109//2109 2110//2110 2150//2150
f 2109//2109 2150//2150 2149//2149
f 2110//2110 2111//2111 2151//2151
f 2110//2110 2151//2151 2150//2150
f 2111//2111 2072//2072 2112//2112
f 2111//2111 2112//2112 2151//2151
f 2112//2112 2113//2113 2153//2153
f 2112//2112 2153//2153 2152//2152
f 2113//2113 2114//2114 2154//2154
f 2113//2113 2154//2154 2153//2153
f 2114//2114 2115//2115 2155//2155
f 2114//2114 2155//2155 2154//2154
f 2115//2115 2116//2116 2156//2156
f 2115//2115 2156//2156 2155//2155
f 2116//2116 2117//2117 2157//2157
f 2116//2116 2157//2157 2156//2156
f 2117//2117 2118//2118 2158//2158
f 2117//2117 2158//2158 2157//2157
f 2118//2118 2119//2119 2159//2159
f 2118//2118 2159//2159 2158//2158
f 2119//2119 2120//2120 2160//2160
f 2119//2119 2160//2160 2159//2159
f 2120//2120 2121//2121 2161//2161
f 2120//2120 2161//2161 2160//2160
f 2121//2121 2122//2122 2162//2162
f 2121//2121 2162//2162 2161//2161
f 2122//2122 2123//2123 2163//2163
f 2122//2122 2163//2163 2162//2162
f 2123//2123 2124//2124 2164//2164
f 2123//2123 2164//2164 2163//2163
f 2124//2124 2125//2125 2165//2165
f 2124//2124 2165//2165 2164//2164
f 2125//2125 2126//2126 2166//2166
f 2125//2125 2166//2166 2165//2165
f 2126//2126 2127//2127 2167//2167
f 2126//2126 2167//2167 2166//2166
f 2127//2127 2128//2128 2168//2168
f 2127//2127 2168//2168 2167//2167
f 2128//2128 2129//2129 2169//2169
f 2128//2128 2169//2169 2168//2168
f 2129//2129 2130//2130 2170//2170
f 2129//2129 2170//2170 2169//2169
f 2130//2130 2131//2131 2171//2171
f 2130//2130 2171//2171 2170//2170
f 2131//2131 2132//2132 2172//2172
f 2131//2131 2172//2172 2171//2171
f 2132//2132 2133//2133 2173//2173
f 2132//2132 2173//2173 2172//2172
f 2133//2133 2134//2134 2174//2174
f 2133//2133 2174//2174 2173//2173
f 2134//2134 2135//2135 2175//2175
f 2134//2134 2175//2175 2174//2174
f 2135//2135 2136//2136 2176//2176
f 2135//2135 2176//2176 2175//2175
f 2136//2136 2137//2137 2177//2177
f 2136//2136 2177//2177 2176//2176
f 2137//2137 2138//2138 2178//2178
f 2137//2137 2178//2178 2177//2177
f 2138//2138 2139//2139 2179//2179
f 2138//2138 2179//2179 2178//2178
f 2139//2139 2140//2140 2180//2180
f 2139//2139 2180//2180 2179//2179
f 2140//2140 2141//2141 2181//2181
f 2140//2140 2181//2181 2180//2180
f 2141//2141 2142//2142 2182//2182
f 2141//2141 2182//2182 2181//2181
f 2142//2142 2143//2143 2183//2183
f 2142//2142 2183//2183 2182//2182
f 2143//2143 2144//2144 2184//2184
f 2143//2143 2184//2184 2183//2183
f 2144//2144 2145//2145 2185//2185
f 2144//2144 2185//2185 2184//2184
f 2145//2145 2146//2146 2186//2186
f 2145//2145 2186//2186 2185//2185
f 2146//2146 2147//2147 2187//2187
f 2146//2146 2187//2187 2186//2186
f 2147//2147 2148//2148 2188//2188
f 2147//2147 2188//2188 2187//2187
f 2148//2148 2149//2149 2189//2189
f 2148//2148 2189//2189 2188//2188
f 2149//2149 2150//2150 2190//2190
f 2149//2149 2190//2190 2189//2189
f 2150//2150 2151//2151 2191//2191
f 2150//2150 2191//2191 2190//2190
f 2151//2151 2112//2112 2152//2152
f 2151//2151 2152//2152 2191//2191
f 2152//2152 2153//2153 2193//2193
f 2152//2152 2193//2193 2192//2192
f 2153//2153 2154//2154 2194//2194
f 2153//2153 2194//2194 2193//2193
f 2154//2154 2155//2155 2195//2195
f 2154//2154 2195//2195 2194//2194
f 2155//2155 2156//2156 2196//2196
f 2155//2155 2196//2196 2195//2195
f 2156//2156 2157//2157 2197//2197
f 2156//2156 2197//2197 2196//2196
f 2157//2157 2158//2158 2198//2198
f 2157//2157 2198//2198 2197//2197
f 2158//2158 2159//2159 2199//2199
f 2158//2158 2199//2199 2198//2198
f 2159//2159 2160//2160 2200//2200
f 2159//2159 2200//2200 2199//2199
f 2160//2160 2161//2161 2201//2201
f 2160//2160 2201//2201 2200//2200
f 2161//2161 2162//2162 2202//2202
f 2161//2161 2202//2202 2201//2201
f 2162//2162 2163//2163 2203//2203
f 2162//2162 2203//2203 2202//2202
f 2163//2163 2164//2164 2204//2204
f 2163//2163 2204//2204 2203//2203
f 2164//2164 2165//2165 2205//2205
f 2164//2164 2205//2205 2204//2204
f 2165//2165 2166//2166 2206//2206
f 2165//2165 2206//2206 2205//2205
f 2166//2166 2167//2167 2207//2207
f 2166//2166 2207//2207 2206//2206
f 2167//2167 2168//2168 2208//2208
f 2167//2167 2208//2208 2207//2207
f 2168//2168 2169//2169 2209//2209
f 2168//2168 2209//2209 2208//2208
f 2169//2169 2170//2170 2210//2210
f 2169//2169 2210//2210 2209//2209
f 2170//2170 2171//2171 2211//2211
f 2170//2170 2211//2211 2210//2210
f 2171//2171 2172//2172 2212//2212
f 2171//2171 2212//2212 2211//2211
f 2172//2172 2173//2173 2213//2213
f 2172//2172 2213//2213 2212//2212
f 2173//2173 2174//2174 2214//2214
f 2173//2173 2214//2214 2213//2213
f 2174//2174 2175//2175 2215//2215
f 2174//2174 2215//2215 2214//2214
f 2175//2175 2176//2176 2216//2216
f 2175//2175 2216//2216 2215//2215
f 2176//2176 2177//2177 2217//2217
f 2176//2176 2217//2217 2216//2216
f 2177//2177 2178//2178 2218//2218
f 2177//2177 2218//2218 2217//2217
f 2178//2178 2179//2179 2219//2219
f 2178//2178 2219//2219 2218//2218
f 2179//2179 2180//2180 2220//2220
f 2179//2179 2220//2220 2219//2219
f 2180//2180 2181//2181 2221//2221
f 2180//2180 2221//2221 2220//2220
f 2181//2181 2182//2182 2222//2222
f 2181//2181 2222//2222 2221//2221
f 2182//2182 2183//2183 2223//2223
f 2182//2182 2223//2223 2222//2222
f 2183//2183 2184//2184 2224//2224
f 2183//2183 2224//2224 2223//2223
f 2184//2184 2185//2185 2225//2225
f 2184//2184 2225//2225 2224//2224
f 2185//2185 2186//2186 2226//2226
f 2185//2185 2226//2226 2225//2225
f 2186//2186 2187//2187 2227//2227
f 2186//2186 2227//2227 2226//2226
f 2187//2187 2188//2188 2228//2228
f 2187//2187 2228//2228 2227//2227
f 2188//2188 2189//2189 2229//2229
f 2188//2188 2229//2229 2228//2228
f 2189//2189 2190//2190 2230//2230
f 2189//2189 2230//2230 2229//2229
f 2190//2190 2191//2191 2231//2231
f 2190//2190 2231//2231 2230//2230
f 2191//2191 2152//2152 2192//2192
f 2191//2191 2192//2192 2231//2231
f 2192//2192 2193//2193 2233//2233
f 2192//2192 2233//2233 2232//2232
f 2193//2193 2194//2194 2234//2234
f 2193//2193 2234//2234 2233//2233
f 2194//2194 2195//2195 2235//2235
f 2194//2194 2235//2235 2234//2234
f 2195//2195 2196//2196 2236//2236
f 2195//2195 2236//2236 2235//2235
f 2196//2196 2197//2197 2237//2237
f 2196//2196 2237//2237 2236//2236
f 2197//2197 2198//2198 2238//2238
f 2197//2197 2238//2238 2237//2237
f 2198//2198 2199//2199 2239//2239
f 2198//2198 2239//2239 2238//2238
f 2199//2199 2200//2200 2240//2240
f 2199//2199 2240//2240 2239//2239
f 2200//2200 2201//2201 2241//2241
f 2200//2200 2241//2241 2240//2240
f 2201//2201 2202//2202 2242//2242
f 2201//2201 2242//2242 2241//2241
f 2202//2202 2203//2203 2243//2243
f 2202//2202 2243//2243 2242//2242
f 2203//2203 2204//2204 2244//2244
f 2203//2203 2244//2244 2243//2243
f 2204//2204 2205//2205 2245//2245
f 2204//2204 2245//2245 2244//2244
f 2205//2205 2206//2206 2246//2246
f 2205//2205 2246//2246 2245//2245
f 2206//2206 2207//2207 2247//2247
f 2206//2206 2247//2247 2246//2246
f 2207//2207 2208//2208 2248//2248
f 2207//2207 2248//2248 2247//2247
f 2208//2208 2209//2209 2249//2249
f 2208//2208 2249//2249 2248//2248
f 2209//2209 2210//2210 2250//2250
f 2209//2209 2250//2250 2249//2249
f 2210//2210 2211//2211 2251//2251
f 2210//2210 2251//2251 2250//2250
f 2211//2211 2212//2212 2252//2252
f 2211//2211 2252//2252 2251//2251
f 2212//2212 2213//2213 2253//2253
f 2212//2212 2253//2253 2252//2252
f 2213//2213 2214//2214 2254//2254
f 2213//2213 2254//2254 2253//2253
f 2214//2214 2215//2215 2255//2255
f 2214//2214 2255//2255 2254//2254
f 2215//2215 2216//2216 2256//2256
f 2215//2215 2256//2256 2255//2255
f 2216//2216 2217//2217 2257//2257
f 2216//2216 2257//2257 2256//2256
f 2217//2217 2218//2218 2258//2258
f 2217//2217 2258//2258 2257//2257
f 2218//2218 2219//2219 2259//2259
f 2218//2218 2259//2259 2258//2258
f 2219//2219 2220//2220 2260//2260
f 2219//2219 2260//2260 2259//2259
f 2220//2220 2221//2221 2261//2261
f 2220//2220 2261//2261 2260//2260
f 2221//2221 2222//2222 2262//2262
f 2221//2221 2262//2262 2261//2261
f 2222//2222 2223//2223 2263//2263
f 2222//2222 2263//2263 2262//2262
f 2223//2223 2224//2224 2264//2264
f 2223//2223 2264//2264 2263//2263
f 2224//2224 2225//2225 2265//2265
f 2224//2224 2265//2265 2264//2264
f 2225//2225 2226//2226 2266//2266
f 2225//2225 2266//2266 2265//2265
f 2226//2226 2227//2227 2267//2267
f 2226//2226 2267//2267 2266//2266
f 2227//2227 2228//2228 2268//2268
f 2227//2227 2268//2268 2267//2267
f 2228//2228 2229//2229 2269//2269
f 2228//2228 2269//2269 2268//2268
f 2229//2229 2230//2230 2270//2270
f 2229//2229 2270//2270 2269//2269
f 2230//2230 2231//2231 2271//2271
f 2230//2230 2271//2271 2270//2270
f 2231//2231 2192//2192 2232//2232
f 2231//2231 2232//2232 2271//2271
f 2232//2232 2233//2233 2273//2273
f 2232//2232 2273//2273 2272//2272
f 2233//2233 2234//2234 2274//2274
f 2233//2233 2274//2274 2273//2273
f 2234//2234 2235//2235 2275//2275
f 2234//2234 2275//2275 2274//2274
f 2235//2235 2236//2236 2276//2276
f 2235//2235 2276//2276 2275//2275
f 2236//2236 2237//2237 2277//2277
f 2236//2236 2277//2277 2276//2276
f 2237//2237 2238//2238 2278//2278
f 2237//2237 2278//2278 2277//2277
f 2238//2238 2239//2239 2279//2279
f 2238//2238 2279//2279 2278//2278
f 2239//2239 2240//2240 2280//2280
f 2239//2239 2280//2280 2279//2279
f 2240//2240 2241//2241 2281//2281
f 2240//2240 2281//2281 2280//2280
f 2241//2241 2242//2242 2282//2282
f 2241//2241 2282//2282 2281//2281
f 2242//2242 2243//2243 2283//2283
f 2242//2242 2283//2283 2282//2282
f 2243//2243 2244//2244 2284//2284
f 2243//2243 2284//2284 2283//2283
f 2244//2244 2245//2245 2285//2285
f 2244//2244 2285//2285 2284//2284
f 2245//2245 2246//2246 2286//2286
f 2245//2245 2286//2286 2285//2285
f 2246//2246 2247//2247 2287//2287
f 2246//2246 2287//2287 2286//2286
f 2247//2247 2248//2248 2288//2288
f 2247//2247 2288//2288 2287//2287
f 2248//2248 2249//2249 2289//2289
f 2248//2248 2289//2289 2288//2288
f 2249//2249 2250//2250 2290//2290
f 2249//2249 2290//2290 2289//2289
f 2250//2250 2251//2251 2291//2291
f 2250//2250 2291//2291 2290//2290
f 2251//2251 2252//2252 2292//2292
f 2251//2251 2292//2292 2291//2291
f 2252//2252 2253//2253 2293//2293
f 2252//2252 2293//2293 2292//2292
f 2253//2253 2254//2254 2294//2294
f 2253//2253 2294//2294 2293//2293
f 2254//2254 2255//2255 2295//2295
f 2254//2254 2295//2295 2294//2294
f 2255//2255 2256//2256 2296//2296
f 2255//2255 2296//2296 2295//2295
f 2256//2256 2257//2257 2297//2297
f 2256//2256 2297//2297 2296//2296
f 2257//2257 2258//2258 2298//2298
f 2257//2257 2298//2298 2297//2297
f 2258//2258 2259//2259 2299//2299
f 2258//2258 2299//2299 2298//2298
f 2259//2259 2260//2260 2300//2300
f 2259//2259 2300//2300 2299//2299
f 2260//2260 2261//2261 2301//2301
f 2260//2260 2301//2301 2300//2300
f 2261//2261 2262//2262 2302//2302
f 2261//2261 2302//2302 2301//2301
f 2262//2262 2263//2263 2303//2303
f 2262//2262 2303//2303 2302//2302
f 2263//2263 2264//2264 2304//2304
f 2263//2263 2304//2304 2303//2303
f 2264//2264 2265//2265 2305//2305
f 2264//2264 2305//2305 2304//2304
f 2265//2265 2266//2266 2306//2306
f 2265//2265 2306//2306 2305//2305
f 2266//2266 2267//2267 2307//2307
f 2266//2266 2307//2307 2306//2306
f 2267//2267 2268//2268 2308//2308
f 2267//2267 2308//2308 2307//2307
f 2268//2268 2269//2269 2309//2309
f 2268//2268 2309//2309 2308//2308
f 2269//2269 2270//2270 2310//2310
f 2269//2269 2310//2310 2309//2309
f 2270//2270 2271//2271 2311//2311
f 2270//2270 2311//2311 2310//2310
f 2271//2271 2232//2232 2272//2272
f 2271//2271 2272//2272 2311//2311
f 2272//2272 2273//2273 2312//2312
f 2273//2273 2274//2274 2312//2312
f 2274//2274 2275//2275 2312//2312
f 2275//2275 2276//2276 2312//2312
f 2276//2276 2277//2277 2312//2312
f 2277//2277 2278//2278 2312//2312
f 2278//2278 2279//2279 2312//2312
f 2279//2279 2280//2280 2312//2312
f 2280//2280 2281//2281 2312//2312
f 2281//2281 2282//2282 2312//2312
f 2282//2282 2283//2283 2312//2312
f 2283//2283 2284//2284 2312//2312
f 2284//2284 2285//2285 2312//2312
f 2285//2285 2286//2286 2312//2312
f 2286//2286 2287//2287 2312//2312
f 2287//2287 2288//2288 2312//2312
f 2288//2288 2289//2289 2312//2312
f 2289//2289 2290//2290 2312//2312
f 2290//2290 2291//2291 2312//2312
f 2291//2291 2292//2292 2312//2312
f 2292//2292 2293//2293 2312//2312
f 2293//2293 2294//2294 2312//2312
f 2294//2294 2295//2295 2312//2312
f 2295//2295 2296//2296 2312//2312
f 2296//2296 2297//2297 2312//2312
f 2297//2297 2298//2298 2312//2312
f 2298//2298 2299//2299 2312//2312
f 2299//2299 2300//2300 2312//2312
f 2300//2300 2301//2301 2312//2312
f 2301//2301 2302//2302 2312//2312
f 2302//2302 2303//2303 2312//2312
f 2303//2303 2304//2304 2312//2312
f 2304//2304 2305//2305 2312//2312
f 2305//2305 2306//2306 2312//2312
f 2306//2306 2307//2307 2312//2312
f 2307//2307 2308//2308 2312//2312
f 2308//2308 2309//2309 2312//2312
f 2309//2309 2310//2310 2312//2312
f 2310//2310 2311//2311 2312//2312
f 2311//2311 2272//2272 2312//2312
f 2313//2313 2315//2315 2314//2314
f 2313//2313 2316//2316 2315//2315
f 2313//2313 2317//2317 2316//2316
f 2313//2313 2318//2318 2317//2317
f 2313//2313 2319//2319 2318//2318
f 2313//2313 2320//2320 2319//2319
f 2313//2313 2321//2321 2320//2320
f 2313//2313 2322//2322 2321//2321
f 2313//2313 2323//2323 2322//2322
f 2313//2313 2324//2324 2323//2323
f 2313//2313 2325//2325 2324//2324
f 2313//2313 2326//2326 2325//2325
f 2313//2313 2327//2327 2326//2326
f 2313//2313 2328//2328 2327//2327
f 2313//2313 2329//2329 2328//2328
f 2313//2313 2330//2330 2329//2329
f 2313//2313 2331//2331 2330//2330
f 2313//2313 2332//2332 2331//2331
f 2313//2313 2333//2333 2332//2332
f 2313//2313 2334//2334 2333//2333
f 2313//2313 2335//2335 2334//2334
f 2313//2313 2336//2336 2335//2335
f 2313//2313 2337//2337 2336//2336
f 2313//2313 2338//2338 2337//2337
f 2313//2313 2339//2339 2338//2338
f 2313//2313 2340//2340 2339//2339
f 2313//2313 2341//2341 2340//2340
f 2313//2313 2342//2342 2341//2341
f 2313//2313 2343//2343 2342//2342
f 2313//2313 2344//2344 2343//2343
f 2313//2313 2345//2345 2344//2344
f 2313//2313 2346//2346 2345//2345
f 2313//2313 2347//2347 2346//2346
f 2313//2313 2348//2348 2347//2347
f 2313//2313 2349//2349 2348//2348
f 2313//2313 2350//2350 2349//2349
f 2313//2313 2351//2351 2350//2350
f 2313//2313 2352//2352 2351//2351
f 2313//2313 2353//2353 2352//2352
f 2313//2313 2314//2314 2353//2353
f 2314//2314 2315//2315 2355//2355
f 2314//2314 2355//2355 2354//2354
f 2315//2315 2316//2316 2356//2356
f 2315//2315 2356//2356 2355//2355
f 2316//2316 2317//2317 2357//2357
f 2316//2316 2357//2357 2356//2356
f 2317//2317 2318//2318 2358//2358
f 2317//2317 2358//2358 2357//2357
f 2318//2318 2319//2319 2359//2359
f 2318//2318 2359//2359 2358//2358
f 2319//2319 2320//2320 2360//2360
f 2319//2319 2360//2360 2359//2359
f 2320//2320 2321//2321 2361//2361
f 2320//2320 2361//2361 2360//2360
f 2321//2321 2322//2322 2362//2362
f 2321//2321 2362//2362 2361//2361
f 2322//2322 2323//2323 2363//2363
f 2322//2322 2363//2363 2362//2362
f 2323//2323 2324//2324 2364//2364
f 2323//2323 2364//2364 2363//2363
f 2324//2324 2325//2325 2365//2365
f 2324//2324 2365//2365 2364//2364
f 2325//2325 2326//2326 2366//2366
f 2325//2325 2366//2366 2365//2365
f 2326//2326 2327//2327 2367//2367
f 2326//2326 2367//2367 2366//2366
f 2327//2327 2328//2328 2368//2368
f 2327//2327 2368//2368 2367//2367
f 2328//2328 2329//2329 2369//2369
f 2328//2328 2369//2369 2368//2368
f 2329//2329 2330//2330 2370//2370
f 2329//2329 2370//2370 2369//2369
f 2330//2330 2331//2331 2371//2371
f 2330//2330 2371//2371 2370//2370
f 2331//2331 2332//2332 2372//2372
f 2331//2331 2372//2372 2371//2371
f 2332//2332 2333//2333 2373//2373
f 2332//2332 2373//2373 2372//2372
f 2333//2333 2334//2334 2374//2374
f 2333//2333 2374//2374 2373//2373
f 2334//2334 2335//2335 2375//2375
f 2334//2334 2375//2375 2374//2374
f 2335//2335 2336//2336 2376//2376
f 2335//2335 2376//2376 2375//2375
f 2336//2336 2337//2337 2377//2377
f 2336//2336 2377//2377 2376//2376
f 2337//2337 2338//2338 2378//2378
f 2337//2337 2378//2378 2377//2377
f 2338//2338 2339//2339 2379//2379
f 2338//2338 2379//2379 2378//2378
f 2339//2339 2340//2340 2380//2380
f 2339//2339 2380//2380 2379//2379
f 2340//2340 2341//2341 2381//2381
f 2340//2340 2381//2381 2380//2380
f 2341//2341 2342//2342 2382//2382
f 2341//2341 2382//2382 2381//2381
f 2342//2342 2343//2343 2383//2383
f 2342//2342 2383//2383 2382//2382
f 2343//2343 2344//2344 2384//2384
f 2343//2343 2384//2384 2383//2383
f 2344//2344 2345//2345 2385//2385
f 2344//2344 2385//2385 2384//2384
f 2345//2345 2346//2346 2386//2386
f 2345//2345 2386//2386 2385//2385
f 2346//2346 2347//2347 2387//2387
f 2346//2346 2387//2387 2386//2386
f 2347//2347 2348//2348 2388//2388
f 2347//2347 2388//2388 2387//2387
f 2348//2348 2349//2349 2389//2389
f 2348//2348 2389//2389 2388//2388
f 2349//2349 2350//2350 2390//2390
f 2349//2349 2390//2390 2389//2389
f 2350//2350 2351//2351 2391//2391
f 2350//2350 2391//2391 2390//2390
f 2351//2351 2352//2352 2392//2392
f 2351//2351 2392//2392 2391//2391
f 2352//2352 2353//2353 2393//2393
f 2352//2352 2393//2393 2392//2392
f 2353//2353 2314//2314 2354//2354
f 2353//2353 2354//2354 2393//2393
f 2354//2354 2355//2355 2395//2395
f 2354//2354 2395//2395 2394//2394
f 2355//2355 2356//2356 2396//2396
f 2355//2355 2396//2396 2395//2395
f 2356//2356 2357//2357 2397//2397
f 2356//2356 2397//2397 2396//2396
f 2357//2357 2358//2358 2398//2398
f 2357//2357 2398//2398 2397//2397
f 2358//2358 2359//2359 2399//2399
f 2358//2358 2399//2399 2398//2398
f 2359//2359 2360//2360 2400//2400
f 2359//2359 2400//2400 2399//2399
f 2360//2360 2361//2361 2401//2401
f 2360//2360 2401//2401 2400//2400
f 2361//2361 2362//2362 2402//2402
f 2361//2361 2402//2402 2401//2401
f 2362//2362 2363//2363 2403//2403
f 2362//2362 2403//2403 2402//2402
f 2363//2363 2364//2364 2404//2404
f 2363//2363 2404//2404 2403//2403
f 2364//2364 2365//2365 2405//2405
f 2364//2364 2405//2405 2404//2404
f 2365//2365 2366//2366 2406//2406
f 2365//2365 2406//2406 2405//2405
f 2366//2366 2367//2367 2407//2407
f 2366//2366 2407//2407 2406//2406
f 2367//2367 2368//2368 2408//2408
f 2367//2367 2408//2408 2407//2407
f 2368//2368 2369//2369 2409//2409
f 2368//2368 2409//2409 2408//2408
f 2369//2369 2370//2370 2410//2410
f 2369//2369 2410//2410 2409//2409
f 2370//2370 2371//2371 2411//2411
f 2370//2370 2411//2411 2410//2410
f 2371//2371 2372//2372 2412//2412
f 2371//2371 2412//2412 2411//2411
f 2372//2372 2373//2373 2413//2413
f 2372//2372 2413//2413 2412//2412
f 2373//2373 2374//2374 2414//2414
f 2373//2373 2414//2414 2413//2413
f 2374//2374 2375//2375 2415//2415
f 2374//2374 2415//2415 2414//2414
f 2375//2375 2376//2376 2416//2416
f 2375//2375 2416//2416 2415//2415
f 2376//2376 2377//2377 2417//2417
f 2376//2376 2417//2417 2416//2416
f 2377//2377 2378//2378 2418//2418
f 2377//2377 2418//2418 2417//2417
f 2378//2378 2379//2379 2419//2419
f 2378//2378 2419//2419 2418//2418
f 2379//2379 2380//2380 2420//2420
f 2379//2379 2420//2420 2419//2419
f 2380//2380 2381//2381 2421//2421
f 2380//2380 2421//2421 2420//2420
f 2381//2381 2382//2382 2422//2422
f 2381//2381 2422//2422 2421//2421
f 2382//2382 2383//2383 2423//2423
f 2382//2382 2423//2423 2422//2422
f 2383//2383 2384//2384 2424//2424
f 2383//2383 2424//2424 2423//2423
f 2384//2384 2385//2385 2425//2425
f 2384//2384 2425//2425 2424//2424
f 2385//2385 2386//2386 2426//2426
f 2385//2385 2426//2426 2425//2425
f 2386//2386 2387//2387 2427//2427
f 2386//2386 2427//2427 2426//2426
f 2387//2387 2388//2388 2428//2428
f 2387//2387 2428//2428 2427//2427
f 2388//2388 2389//2389 2429//2429
f 2388//2388 2429//2429 2428//2428
f 2389//2389 2390//2390 2430//2430
f 2389//2389 2430//2430 2429//2429
f 2390//2390 2391//2391 2431//2431
f 2390//2390 2431//2431 2430//2430
f 2391//2391 2392//2392 2432//2432
f 2391//2391 2432//2432 2431//2431
f 2392//2392 2393//2393 2433//2433
f 2392//2392 2433//2433 2432//2432
f 2393//2393 2354//2354 2394//2394
f 2393//2393 2394//2394 2433//2433
f 2394//2394 2395//2395 2435//2435
f 2394//2394 2435//2435 2434//2434
f 2395//2395 2396//2396 2436//2436
f 2395//2395 2436//2436 2435//2435
f 2396//2396 2397//2397 2437//2437
f 2396//2396 2437//2437 2436//2436
f 2397//2397 2398//2398 2438//2438
f 2397//2397 2438//2438 2437//2437
f 2398//2398 2399//2399 2439//2439
f 2398//2398 2439//2439 2438//2438
f 2399//2399 2400//2400 2440//2440
f 2399//2399 2440//2440 2439//2439
f 2400//2400 2401//2401 2441//2441
f 2400//2400 2441//2441 2440//2440
f 2401//2401 2402//2402 2442//2442
f 2401//2401 2442//2442 2441//2441
f 2402//2402 2403//2403 2443//2443
f 2402//2402 2443//2443 2442//2442
f 2403//2403 2404//2404 2444//2444
f 2403//2403 2444//2444 2443//2443
f 2404//2404 2405//2405 2445//2445
f 2404//2404 2445//2445 2444//2444
f 2405//2405 2406//2406 2446//2446
f 2405//2405 2446//2446 2445//2445
f 2406//2406 2407//2407 2447//2447
f 2406//2406 2447//2447 2446//2446
f 2407//2407 2408//2408 2448//2448
f 2407//2407 2448//2448 2447//2447
f 2408//2408 2409//2409 2449//2449
f 2408//2408 2449//2449 2448//2448
f 2409//2409 2410//2410 2450//2450
f 2409//2409 2450//2450 2449//2449
f 2410//2410 2411//2411 2451//2451
f 2410//2410 2451//2451 2450//2450
f 2411//2411 2412//2412 2452//2452
f 2411//2411 2452//2452 2451//2451
f 2412//2412 2413//2413 2453//2453
f 2412//2412 2453//2453 2452//2452
f 2413//2413 2414//2414 2454//2454
f 2413//2413 2454//2454 2453//2453
f 2414//2414 2415//2415 2455//2455
f 2414//2414 2455//2455 2454//2454
f 2415//2415 2416//2416 2456//2456
f 2415//2415 2456//2456 2455//2455
f 2416//2416 2417//2417 2457//2457
f 2416//2416 2457//2457 2456//2456
f 2417//2417 2418//2418 2458//2458
f 2417//2417 2458//2458 2457//2457
f 2418//2418 2419//2419 2459//2459
f 2418//2418 2459//2459 2458//2458
f 2419//2419 2420//2420 2460//2460
f 2419//2419 2460//2460 2459//2459
f 2420//2420 2421//2421 2461//2461
f 2420//2420 2461//2461 2460//2460
f 2421//2421 2422//2422 2462//2462
f 2421//2421 2462//2462 2461//2461
f 2422//2422 2423//2423 2463//2463
f 2422//2422 2463//2463 2462//2462
f 2423//2423 2424//2424 2464//2464
f 2423//2423 2464//2464 2463//2463
f 2424//2424 2425//2425 2465//2465
f 2424//2424 2465//2465 2464//2464
f 2425//2425 2426//2426 2466//2466
f 2425//2425 2466//2466 2465//2465
f 2426//2426 2427//2427 2467//2467
f 2426//2426 2467//2467 2466//2466
f 2427//2427 2428//2428 2468//2468
f 2427//2427 2468//2468 2467//2467
f 2428//2428 2429//2429 2469//2469
f 2428//2428 2469//2469 2468//2468
f 2429//2429 2430//2430 2470//2470
f 2429//2429 2470//2470 2469//2469
f 2430//2430 2431//2431 2471//2471
f 2430//2430 2471//2471 2470//2470
f 2431//2431 2432//2432 2472//2472
f 2431//2431 2472//2472 2471//2471
f 2432//2432 2433//2433 2473//2473
f 2432//2432 2473//2473 2472//2472
f 2433//2433 2394//2394 2434//2434
f 2433//2433 2434//2434 2473//2473
f 2434//2434 2435//2435 2475//2475
f 2434//2434 2475//2475 2474//2474
f 2435//2435 2436//2436 2476//2476
f 2435//2435 2476//2476 2475//2475
f 2436//2436 2437//2437 2477//2477
f 2436//2436 2477//2477 2476//2476
f 2437//2437 2438//2438 2478//2478
f 2437//2437 2478//2478 2477//2477
f 2438//2438 2439//2439 2479//2479
f 2438//2438 2479//2479 2478//2478
f 2439//2439 2440//2440 2480//2480
f 2439//2439 2480//2480 2479//2479
f 2440//2440 2441//2441 2481//2481
f 2440//2440 2481//2481 2480//2480
f 2441//2441 2442//2442 2482//2482
f 2441//2441 2482//2482 2481//2481
f 2442//2442 2443//2443 2483//2483
f 2442//2442 2483//2483 2482//2482
f 2443//2443 2444//2444 2484//2484
f 2443//2443 2484//2484 2483//2483
f 2444//2444 2445//2445 2485//2485
f 2444//2444 2485//2485 2484//2484
f 2445//2445 2446//2446 2486//2486
f 2445//2445 2486//2486 2485//2485
f 2446//2446 2447//2447 2487//2487
f 2446//2446 2487//2487 2486//2486
f 2447//2447 2448//2448 2488//2488
f 2447//2447 2488//2488 2487//2487
f 2448//2448 2449//2449 2489//2489
f 2448//2448 2489//2489 2488//2488
f 2449//2449 2450//2450 2490//2490
f 2449//2449 2490//2490 2489//2489
f 2450//2450 2451//2451 2491//2491
f 2450//2450 2491//2491 2490//2490
f 2451//2451 2452//2452 2492//2492
f 2451//2451 2492//2492 2491//2491
f 2452//2452 2453//2453 2493//2493
f 2452//2452 2493//2493 2492//2492
f 2453//2453 2454//2454 2494//2494
f 2453//2453 2494//2494 2493//2493
f 2454//2454 2455//2455 2495//2495
f 2454//2454 2495//2495 2494//2494
f 2455//2455 2456//2456 2496//2496
f 2455//2455 2496//2496 2495//2495
f 2456//2456 2457//2457 2497//2497
f 2456//2456 2497//2497 2496//2496
f 2457//2457 2458//2458 2498//2498
f 2457//2457 2498//2498 2497//2497
f 2458//2458 2459//2459 2499//2499
f 2458//2458 2499//2499 2498//2498
f 2459//2459 2460//2460 2500//2500
f 2459//2459 2500//2500 2499//2499
f 2460//2460 2461//2461 2501//2501
f 2460//2460 2501//2501 2500//2500
f 2461//2461 2462//2462 2502//2502
f 2461//2461 2502//2502 2501//2501
f 2462//2462 2463//2463 2503//2503
f 2462//2462 2503//2503 2502//2502
f 2463//2463 2464//2464 2504//2504
f 2463//2463 2504//2504 2503//2503
f 2464//2464 2465//2465 2505//2505
f 2464//2464 2505//2505 2504//2504
f 2465//2465 2466//2466 2506//2506
f 2465//2465 2506//2506 2505//2505
f 2466//2466 2467//2467 2507//2507
f 2466//2466 2507//2507 2506//2506
f 2467//2467 2468//2468 2508//2508
f 2467//2467 2508//2508 2507//2507
f 2468//2468 2469//2469 2509//2509
f 2468//2468 2509//2509 2508//2508
f 2469//2469 2470//2470 2510//2510
f 2469//2469 2510//2510 2509//2509
f 2470//2470 2471//2471 2511//2511
f 2470//2470 2511//2511 2510//2510
f 2471//2471 2472//2472 2512//2512
f 2471//2471 2512//2512 2511//2511
f 2472//2472 2473//2473 2513//2513
f 2472//2472 2513//2513 2512//2512
f 2473//2473 2434//2434 2474//2474
f 2473//2473 2474//2474 2513//2513
f 2474//2474 2475//2475 2515//2515
f 2474//2474 2515//2515 2514//2514
f 2475//2475 2476//2476 2516//2516
f 2475//2475 2516//2516 2515//2515
f 2476//2476 2477//2477 2517//2517
f 2476//2476 2517//2517 2516//2516
f 2477//2477 2478//2478 2518//2518
f 2477//2477 2518//2518 2517//2517
f 2478//2478 2479//2479 2519//2519
f 2478//2478 2519//2519 2518//2518
f 2479//2479 2480//2480 2520//2520
f 2479//2479 2520//2520 2519//2519
f 2480//2480 2481//2481 2521//2521
f 2480//2480 2521//2521 2520//2520
f 2481//2481 2482//2482 2522//2522
f 2481//2481 2522//2522 2521//2521
f 2482//2482 2483//2483 2523//2523
f 2482//2482 2523//2523 2522//2522
f 2483//2483 2484//2484 2524//2524
f 2483//2483 2524//2524 2523//2523
f 2484//2484 2485//2485 2525//2525
f 2484//2484 2525//2525 2524//2524
f 2485//2485 2486//2486 2526//2526
f 2485//2485 2526//2526 2525//2525
f 2486//2486 2487//2487 2527//2527
f 2486//2486 2527//2527 2526//2526
f 2487//2487 2488//2488 2528//2528
f 2487//2487 2528//2528 2527//2527
f 2488//2488 2489//2489 2529//2529
f 2488//2488 2529//2529 2528//2528
f 2489//2489 2490//2490 2530//2530
f 2489//2489 2530//2530 2529//2529
f 2490//2490 2491//2491 2531//2531
f 2490//2490 2531//2531 2530//2530
f 2491//2491 2492//2492 2532//2532
f 2491//2491 2532//2532 2531//2531
f 2492//2492 2493//2493 2533//2533
f 2492//2492 2533//2533 2532//2532
f 2493//2493 2494//2494 2534//2534
f 2493//2493 2534//2534 2533//2533
f 2494//2494 2495//2495 2535//2535
f 2494//2494 2535//2535 2534//2534
f 2495//2495 2496//2496 2536//2536
f 2495//2495 2536//2536 2535//2535
f 2496//2496 2497//2497 2537//2537
f 2496//2496 2537//2537 2536//2536
f 2497//2497 2498//2498 2538//2538
f 2497//2497 2538//2538 2537//2537
f 2498//2498 2499//2499 2539//2539
f 2498//2498 2539//2539 2538//2538
f 2499//2499 2500//2500 2540//2540
f 2499//2499 2540//2540 2539//2539
f 2500//2500 2501//2501 2541//2541
f 2500//2500 2541//2541 2540//2540
f 2501//2501 2502//2502 2542//2542
f 2501//2501 2542//2542 2541//2541
f 2502//2502 2503//2503 2543//2543
f 2502//2502 2543//2543 2542//2542
f 2503//2503 2504//2504 2544//2544
f 2503//2503 2544//2544 2543//2543
f 2504//2504 2505//2505 2545//2545
f 2504//2504 2545//2545 2544//2544
f 2505//2505 2506//2506 2546//2546
f 2505//2505 2546//2546 2545//2545
f 2506//2506 2507//2507 2547//2547
f 2506//2506 2547//2547 2546//2546
f 2507//2507 2508//2508 2548//2548
f 2507//2507 2548//2548 2547//2547
f 2508//2508 2509//2509 2549//2549
f 2508//2508 2549//2549 2548//2548
f 2509//2509 2510//2510 2550//2550
f 2509//2509 2550//2550 2549//2549
f 2510//2510 2511//2511 2551//2551
f 2510//2510 2551//2551 2550//2550
f 2511//2511 2512//2512 2552//2552
f 2511//2511 2552//2552 2551//2551
f 2512//2512 2513//2513 2553//2553
f 2512//2512 2553//2553 2552//2552
f 2513//2513 2474//2474 2514//2514
f 2513//2513 2514//2514 2553//2553
f 2514//2514 2515//2515 2555//2555
f 2514//2514 2555//2555 2554//2554
f 2515//2515 2516//2516 2556//2556
f 2515//2515 2556//2556 2555//2555
f 2516//2516 2517//2517 2557//2557
f 2516//2516 2557//2557 2556//2556
f 2517//2517 2518//2518 2558//2558
f 2517//2517 2558//2558 2557//2557
f 2518//2518 2519//2519 2559//2559
f 2518//2518 2559//2559 2558//2558
f 2519//2519 2520//2520 2560//2560
f 2519//2519 2560//2560 2559//2559
f 2520//2520 2521//2521 2561//2561
f 2520//2520 2561//2561 2560//2560
f 2521//2521 2522//2522 2562//2562
f 2521//2521 2562//2562 2561//2561
f 2522//2522 2523//2523 2563//2563
f 2522//2522 2563//2563 2562//2562
f 2523//2523 2524//2524 2564//2564
f 2523//2523 2564//2564 2563//2563
f 2524//2524 2525//2525 2565//2565
f 2524//2524 2565//2565 2564//2564
f 2525//2525 2526//2526 2566//2566
f 2525//2525 2566//2566 2565//2565
f 2526//2526 2527//2527 2567//2567
f 2526//2526 2567//2567 2566//2566
f 2527//2527 2528//2528 2568//2568
f 2527//2527 2568//2568 2567//2567
f 2528//2528 2529//2529 2569//2569
f 2528//2528 2569//2569 2568//2568
f 2529//2529 2530//2530 2570//2570
f 2529//2529 2570//2570 2569//2569
f 2530//2530 2531//2531 2571//2571
f 2530//2530 2571//2571 2570//2570
f 2531//2531 2532//2532 2572//2572
f 2531//2531 2572//2572 2571//2571
f 2532//2532 2533//2533 2573//2573
f 2532//2532 2573//2573 2572//2572
f 2533//2533 2534//2534 2574//2574
f 2533//2533 2574//2574 2573//2573
f 2534//2534 2535//2535 2575//2575
f 2534//2534 2575//2575 2574//2574
f 2535//2535 2536//2536 2576//2576
f 2535//2535 2576//2576 2575//2575
f 2536//2536 2537//2537 2577//2577
f 2536//2536 2577//2577 2576//2576
f 2537//2537 2538//2538 2578//2578
f 2537//2537 2578//2578 2577//2577
f 2538//2538 2539//2539 2579//2579
f 2538//2538 2579//2579 2578//2578
f 2539//2539 2540//2540 2580//2580
f 2539//2539 2580//2580 2579//2579
f 2540//2540 2541//2541 2581//2581
f 2540//2540 2581//2581 2580//2580
f 2541//2541 2542//2542 2582//2582
f 2541//2541 2582//2582 2581//2581
f 2542//2542 2543//2543 2583//2583
f 2542//2542 2583//2583 2582//2582
f 2543//2543 2544//2544 2584//2584
f 2543//2543 2584//2584 2583//2583
f 2544//2544 2545//2545 2585//2585
f 2544//2544 2585//2585 2584//2584
f 2545//2545 2546//2546 2586//2586
f 2545//2545 2586//2586 2585//2585
f 2546//2546 2547//2547 2587//2587
f 2546//2546 2587//2587 2586//2586
f 2547//2547 2548//2548 2588//2588
f 2547//2547 2588//2588 2587//2587
f 2548//2548 2549//2549 2589//2589
f 2548//2548 2589//2589 2588//2588
f 2549//2549 2550//2550 2590//2590
f 2549//2549 2590//2590 2589//2589
f 2550//2550 2551//2551 2591//2591
f 2550//2550 2591//2591 2590//2590
f 2551//2551 2552//2552 2592//2592
f 2551//2551 2592//2592 2591//2591
f 2552//2552 2553//2553 2593//2593
f 2552//2552 2593//2593 2592//2592
f 2553//2553 2514//2514 2554//2554
f 2553//2553 2554//2554 2593//2593
f 2554//2554 2555//2555 2595//2595
f 2554//2554 2595//2595 2594//2594
f 2555//2555 2556//2556 2596//2596
f 2555//2555 2596//2596 2595//2595
f 2556//2556 2557//2557 2597//2597
f 2556//2556 2597//2597 2596//2596
f 2557//2557 2558//2558 2598//2598
f 2557//2557 2598//2598 2597//2597
f 2558//2558 2559//2559 2599//2599
f 2558//2558 2599//2599 2598//2598
f 2559//2559 2560//2560 2600//2600
f 2559//2559 2600//2600 2599//2599
f 2560//2560 2561//2561 2601//2601
f 2560//2560 2601//2601 2600//2600
f 2561//2561 2562//2562 2602//2602
f 2561//2561 2602//2602 2601//2601
f 2562//2562 2563//2563 2603//2603
f 2562//2562 2603//2603 2602//2602
f 2563//2563 2564//2564 2604//2604
f 2563//2563 2604//2604 2603//2603
f 2564//2564 2565//2565 2605//2605
f 2564//2564 2605//2605 2604//2604
f 2565//2565 2566//2566 2606//2606
f 2565//2565 2606//2606 2605//2605
f 2566//2566 2567//2567 2607//2607
f 2566//2566 2607//2607 2606//2606
f 2567//2567 2568//2568 2608//2608
f 2567//2567 2608//2608 2607//2607
f 2568//2568 2569//2569 2609//2609
f 2568//2568 2609//2609 2608//2608
f 2569//2569 2570//2570 2610//2610
f 2569//2569 2610//2610 2609//2609
f 2570//2570 2571//2571 2611//2611
f 2570//2570 2611//2611 2610//2610
f 2571//2571 2572//2572 2612//2612
f 2571//2571 2612//2612 2611//2611
f 2572//2572 2573//2573 2613//2613
f 2572//2572 2613//2613 2612//2612
f 2573//2573 2574//2574 2614//2614
f 2573//2573 2614//2614 2613//2613
f 2574//2574 2575//2575 2615//2615
f 2574//2574 2615//2615 2614//2614
f 2575//2575 2576//2576 2616//2616
f 2575//2575 2616//2616 2615//2615
f 2576//2576 2577//2577 2617//2617
f 2576//2576 2617//2617 2616//2616
f 2577//2577 2578//2578 2618//2618
f 2577//2577 2618//2618 2617//2617
f 2578//2578 2579//2579 2619//2619
f 2578//2578 2619//2619 2618//2618
f 2579//2579 2580//2580 2620//2620
f 2579//2579 2620//2620 2619//2619
f 2580//2580 2581//2581 2621//2621
f 2580//2580 2621//2621 2620//2620
f 2581//2581 2582//2582 2622//2622
f 2581//2581 2622//2622 2621//2621
f 2582//2582 2583//2583 2623//2623
f 2582//2582 2623//2623 2622//2622
f 2583//2583 2584//2584 2624//2624
f 2583//2583 2624//2624 2623//2623
f 2584//2584 2585//2585 2625//2625
f 2584//2584 2625//2625 2624//2624
f 2585//2585 2586//2586 2626//2626
f 2585//2585 2626//2626 2625//2625
f 2586//2586 2587//2587 2627//2627
f 2586//2586 2627//2627 2626//2626
f 2587//2587 2588//2588 2628//2628
f 2587//2587 2628//2628 2627//2627
f 2588//2588 2589//2589 2629//2629
f 2588//2588 2629//2629 2628//2628
f 2589//2589 2590//2590 2630//2630
f 2589//2589 2630//2630 2629//2629
f 2590//2590 2591//2591 2631//2631
f 2590//2590 2631//2631 2630//2630
f 2591//2591 2592//2592 2632//2632
f 2591//2591 2632//2632 2631//2631
f 2592//2592 2593//2593 2633//2633
f 2592//2592 2633//2633 2632//2632
f 2593//2593 2554//2554 2594//2594
f 2593//2593 2594//2594 2633//2633
f 2594//2594 2595//2595 2635//2635
f 2594//2594 2635//2635 2634//2634
f 2595//2595 2596//2596 2636//2636
f 2595//2595 2636//2636 2635//2635
f 2596//2596 2597//2597 2637//2637
f 2596//2596 2637//2637 2636//2636
f 2597//2597 2598//2598 2638//2638
f 2597//2597 2638//2638 2637//2637
f 2598//2598 2599//2599 2639//2639
f 2598//2598 2639//2639 2638//2638
f 2599//2599 2600//2600 2640//2640
f 2599//2599 2640//2640 2639//2639
f 2600//2600 2601//2601 2641//2641
f 2600//2600 2641//2641 2640//2640
f 2601//2601 2602//2602 2642//2642
f 2601//2601 2642//2642 2641//2641
f 2602//2602 2603//2603 2643//2643
f 2602//2602 2643//2643 2642//2642
f 2603//2603 2604//2604 2644//2644
f 2603//2603 2644//2644 2643//2643
f 2604//2604 2605//2605 2645//2645
f 2604//2604 2645//2645 2644//2644
f 2605//2605 2606//2606 2646//2646
f 2605//2605 2646//2646 2645//2645
f 2606//2606 2607//2607 2647//2647
f 2606//2606 2647//2647 2646//2646
f 2607//2607 2608//2608 2648//2648
f 2607//2607 2648//2648 2647//2647
f 2608//2608 2609//2609 2649//2649
f 2608//2608 2649//2649 2648//2648
f 2609//2609 2610//2610 2650//2650
f 2609//2609 2650//2650 2649//2649
f 2610//2610 2611//2611 2651//2651
f 2610//2610 2651//2651 2650//2650
f 2611//2611 2612//2612 2652//2652
f 2611//2611 2652//2652 2651//2651
f 2612//2612 2613//2613 2653//2653
f 2612//2612 2653//2653 2652//2652
f 2613//2613 2614//2614 2654//2654
f 2613//2613 2654//2654 2653//2653
f 2614//2614 2615//2615 2655//2655
f 2614//2614 2655//2655 2654//2654
f 2615//2615 2616//2616 2656//2656
f 2615//2615 2656//2656 2655//2655
f 2616//2616 2617//2617 2657//2657
f 2616//2616 2657//2657 2656//2656
f 2617//2617 2618//2618 2658//2658
f 2617//2617 2658//2658 2657//2657
f 2618//2618 2619//2619 2659//2659
f 2618//2618 2659//2659 2658//2658
f 2619//2619 2620//2620 2660//2660
f 2619//2619 2660//2660 2659//2659
f 2620//2620 2621//2621 2661//2661
f 2620//2620 2661//2661 2660//2660
f 2621//2621 2622//2622 2662//2662
f 2621//2621 2662//2662 2661//2661
f 2622//2622 2623//2623 2663//2663
f 2622//2622 2663//2663 2662//2662
f 2623//2623 2624//2624 2664//2664
f 2623//2623 2664//2664 2663//2663
f 2624//2624 2625//2625 2665//2665
f 2624//2624 2665//2665 2664//2664
f 2625//2625 2626//2626 2666//2666
f 2625//2625 2666//2666 2665//2665
f 2626//2626 2627//2627 2667//2667
f 2626//2626 2667//2667 2666//2666
f 2627//2627 2628//2628 2668//2668
f 2627//2627 2668//2668 2667//2667
f 2628//2628 2629//2629 2669//2669
f 2628//2628 2669//2669 2668//2668
f 2629//2629 2630//2630 2670//2670
f 2629//2629 2670//2670 2669//2669
f 2630//2630 2631//2631 2671//2671
f 2630//2630 2671//2671 2670//2670
f 2631//2631 2632//2632 2672//2672
f 2631//2631 2672//2672 2671//2671
f 2632//2632 2633//2633 2673//2673
f 2632//2632 2673//2673 2672//2672
f 2633//2633 2594//2594 2634//2634
f 2633//2633 2634//2634 2673//2673
f 2634//2634 2635//2635 2675//2675
f 2634//2634 2675//2675 2674//2674
f 2635//2635 2636//2636 2676//2676
f 2635//2635 2676//2676 2675//2675
f 2636//2636 2637//2637 2677//2677
f 2636//2636 2677//2677 2676//2676
f 2637//2637 2638//2638 2678//2678
f 2637//2637 2678//2678 2677//2677
f 2638//2638 2639//2639 2679//2679
f 2638//2638 2679//2679 2678//2678
f 2639//2639 2640//2640 2680//2680
f 2639//2639 2680//2680 2679//2679
f 2640//2640 2641//2641 2681//2681
f 2640//2640 2681//2681 2680//2680
f 2641//2641 2642//2642 2682//2682
f 2641//2641 2682//2682 2681//2681
f 2642//2642 2643//2643 2683//2683
f 2642//2642 2683//2683 2682//2682
f 2643//2643 2644//2644 2684//2684
f 2643//2643 2684//2684 2683//2683
f 2644//2644 2645//2645 2685//2685
f 2644//2644 2685//2685 2684//2684
f 2645//2645 2646//2646 2686//2686
f 2645//2645 2686//2686 2685//2685
f 2646//2646 2647//2647 2687//2687
f 2646//2646 2687//2687 2686//2686
f 2647//2647 2648//2648 2688//2688
f 2647//2647 2688//2688 2687//2687
f 2648//2648 2649//2649 2689//2689
f 2648//2648 2689//2689 2688//2688
f 2649//2649 2650//2650 2690//2690
f 2649//2649 2690//2690 2689//2689
f 2650//2650 2651//2651 2691//2691
f 2650//2650 2691//2691 2690//2690
f 2651//2651 2652//2652 2692//2692
f 2651//2651 2692//2692 2691//2691
f 2652//2652 2653//2653 2693//2693
f 2652//2652 2693//2693 2692//2692
f 2653//2653 2654//2654 2694//2694
f 2653//2653 2694//2694 2693//2693
f 2654//2654 2655//2655 2695//2695
f 2654//2654 2695//2695 2694//2694
f 2655//2655 2656//2656 2696//2696
f 2655//2655 2696//2696 2695//2695
f 2656//2656 2657//2657 2697//2697
f 2656//2656 2697//2697 2696//2696
f 2657//2657 2658//2658 2698//2698
f 2657//2657 2698//2698 2697//2697
f 2658//2658 2659//2659 2699//2699
f 2658//2658 2699//2699 2698//2698
f 2659//2659 2660//2660 2700//2700
f 2659//2659 2700//2700 2699//2699
f 2660//2660 2661//2661 2701//2701
f 2660//2660 2701//2701 2700//2700
f 2661//2661 2662//2662 2702//2702
f 2661//2661 2702//2702 2701//2701
f 2662//2662 2663//2663 2703//2703
f 2662//2662 2703//2703 2702//2702
f 2663//2663 2664//2664 2704//2704
f 2663//2663 2704//2704 2703//2703
f 2664//2664 2665//2665 2705//2705
f 2664//2664 2705//2705 2704//2704
f 2665//2665 2666//2666 2706//2706
f 2665//2665 2706//2706 2705//2705
f 2666//2666 2667//2667 2707//2707
f 2666//2666 2707//2707 2706//2706
f 2667//2667 2668//2668 2708//2708
f 2667//2667 2708//2708 2707//2707
f 2668//2668 2669//2669 2709//2709
f 2668//2668 2709//2709 2708//2708
f 2669//2669 2670//2670 2710//2710
f 2669//2669 2710//2710 2709//2709
f 2670//2670 2671//2671 2711//2711
f 2670//2670 2711//2711 2710//2710
f 2671//2671 2672//2672 2712//2712
f 2671//2671 2712//2712 2711//2711
f 2672//2672 2673//2673 2713//2713
f 2672//2672 2713//2713 2712//2712
f 2673//2673 2634//2634 2674//2674
f 2673//2673 2674//2674 2713//2713
f 2674//2674 2675//2675 2715//2715
f 2674//2674 2715//2715 2714//2714
f 2675//2675 2676//2676 2716//2716
f 2675//2675 2716//2716 2715//2715
f 2676//2676 2677//2677 2717//2717
f 2676//2676 2717//2717 2716//2716
f 2677//2677 2678//2678 2718//2718
f 2677//2677 2718//2718 2717//2717
f 2678//2678 2679//2679 2719//2719
f 2678//2678 2719//2719 2718//2718
f 2679//2679 2680//2680 2720//2720
f 2679//2679 2720//2720 2719//2719
f 2680//2680 2681//2681 2721//2721
f 2680//2680 2721//2721 2720//2720
f 2681//2681 2682//2682 2722//2722
f 2681//2681 2722//2722 2721//2721
f 2682//2682 2683//2683 2723//2723
f 2682//2682 2723//2723 2722//2722
f 2683//2683 2684//2684 2724//2724
f 2683//2683 2724//2724 2723//2723
f 2684//2684 2685//2685 2725//2725
f 2684//2684 2725//2725 2724//2724
f 2685//2685 2686//2686 2726//2726
f 2685//2685 2726//2726 2725//2725
f 2686//2686 2687//2687 2727//2727
f 2686//2686 2727//2727 2726//2726
f 2687//2687 2688//2688 2728//2728
f 2687//2687 2728//2728 2727//2727
f 2688//2688 2689//2689 2729//2729
f 2688//2688 2729//2729 2728//2728
f 2689//2689 2690//2690 2730//2730
f 2689//2689 2730//2730 2729//2729
f 2690//2690 2691//2691 2731//2731
f 2690//2690 2731//2731 2730//2730
f 2691//2691 2692//2692 2732//2732
f 2691//2691 2732//2732 2731//2731
f 2692//2692 2693//2693 2733//2733
f 2692//2692 2733//2733 2732//2732
f 2693//2693 2694//2694 2734//2734
f 2693//2693 2734//2734 2733//2733
f 2694//2694 2695//2695 2735//2735
f 2694//2694 2735//2735 2734//2734
f 2695//2695 2696//2696 2736//2736
f 2695//2695 2736//2736 2735//2735
f 2696//2696 2697//2697 2737//2737
f 2696//2696 2737//2737 2736//2736
f 2697//2697 2698//2698 2738//2738
f 2697//2697 2738//2738 2737//2737
f 2698//2698 2699//2699 2739//2739
f 2698//2698 2739//2739 2738//2738
f 2699//2699 2700//2700 2740//2740
f 2699//2699 2740//2740 2739//2739
f 2700//2700 2701//2701 2741//2741
f 2700//2700 2741//2741 2740//2740
f 2701//2701 2702//2702 2742//2742
f 2701//2701 2742//2742 2741//2741
f 2702//2702 2703//2703 2743//2743
f 2702//2702 2743//2743 2742//2742
f 2703//2703 2704//2704 2744//2744
f 2703//2703 2744//2744 2743//2743
f 2704//2704 2705//2705 2745//2745
f 2704//2704 2745//2745 2744//2744
f 2705//2705 2706//2706 2746//2746
f 2705//2705 2746//2746 2745//2745
f 2706//2706 2707//2707 2747//2747
f 2706//2706 2747//2747 2746//2746
f 2707//2707 2708//2708 2748//2748
f 2707//2707 2748//2748 2747//2747
f 2708//2708 2709//2709 2749//2749
f 2708//2708 2749//2749 2748//2748
f 2709//2709 2710//2710 2750//2750
f 2709//2709 2750//2750 2749//2749
f 2710//2710 2711//2711 2751//2751
f 2710//2710 2751//2751 2750//2750
f 2711//2711 2712//2712 2752//2752
f 2711//2711 2752//2752 2751//2751
f 2712//2712 2713//2713 2753//2753
f 2712//2712 2753//2753 2752//2752
f 2713//2713 2674//2674 2714//2714
f 2713//2713 2714//2714 2753//2753
f 2714//2714 2715//2715 2755//2755
f 2714//2714 2755//2755 2754//2754
f 2715//2715 2716//2716 2756//2756
f 2715//2715 2756//2756 2755//2755
f 2716//2716 2717//2717 2757//2757
f 2716//2716 2757//2757 2756//2756
f 2717//2717 2718//2718 2758//2758
f 2717//2717 2758//2758 2757//2757
f 2718//2718 2719//2719 2759//2759
f 2718//2718 2759//2759 2758//2758
f 2719//2719 2720//2720 2760//2760
f 2719//2719 2760//2760 2759//2759
f 2720//2720 2721//2721 2761//2761
f 2720//2720 2761//2761 2760//2760
f 2721//2721 2722//2722 2762//2762
f 2721//2721 2762//2762 2761//2761
f 2722//2722 2723//2723 2763//2763
f 2722//2722 2763//2763 2762//2762
f 2723//2723 2724//2724 2764//2764
f 2723//2723 2764//2764 2763//2763
f 2724//2724 2725//2725 2765//2765
f 2724//2724 2765//2765 2764//2764
f 2725//2725 2726//2726 2766//2766
f 2725//2725 2766//2766 2765//2765
f 2726//2726 2727//2727 2767//2767
f 2726//2726 2767//2767 2766//2766
f 2727//2727 2728//2728 2768//2768
f 2727//2727 2768//2768 2767//2767
f 2728//2728 2729//2729 2769//2769
f 2728//2728 2769//2769 2768//2768
f 2729//2729 2730//2730 2770//2770
f 2729//2729 2770//2770 2769//2769
f 2730//2730 2731//2731 2771//2771
f 2730//2730 2771//2771 2770//2770
f 2731//2731 2732//2732 2772//2772
f 2731//2731 2772//2772 2771//2771
f 2732//2732 2733//2733 2773//2773
f 2732//2732 2773//2773 2772//2772
f 2733//2733 2734//2734 2774//2774
f 2733//2733 2774//2774 2773//2773
f 2734//2734 2735//2735 2775//2775
f 2734//2734 2775//2775 2774//2774
f 2735//2735 2736//2736 2776//2776
f 2735//2735 2776//2776 2775//2775
f 2736//2736 2737//2737 2777//2777
f 2736//2736 2777//2777 2776//2776
f 2737//2737 2738//2738 2778//2778
f 2737//2737 2778//2778 2777//2777
f 2738//2738 2739//2739 2779//2779
f 2738//2738 2779//2779 2778//2778
f 2739//2739 2740//2740 2780//2780
f 2739//2739 2780//2780 2779//2779
f 2740//2740 2741//2741 2781//2781
f 2740//2740 2781//2781 2780//2780
f 2741//2741 2742//2742 2782//2782
f 2741//2741 2782//2782 2781//2781
f 2742//2742 2743//2743 2783//2783
f 2742//2742 2783//2783 2782//2782
f 2743//2743 2744//2744 2784//2784
f 2743//2743 2784//2784 2783//2783
f 2744//2744 2745//2745 2785//2785
f 2744//2744 2785//2785 2784//2784
f 2745//2745 2746//2746 2786//2786
f 2745//2745 2786//2786 2785//2785
f 2746//2746 2747//2747 2787//2787
f 2746//2746 2787//2787 2786//2786
f 2747//2747 2748//2748 2788//2788
f 2747//2747 2788//2788 2787//2787
f 2748//2748 2749//2749 2789//2789
f 2748//2748 2789//2789 2788//2788
f 2749//2749 2750//2750 2790//2790
f 2749//2749 2790//2790 2789//2789
f 2750//2750 2751//2751 2791//2791
f 2750//2750 2791//2791 2790//2790
f 2751//2751 2752//2752 2792//2792
f 2751//2751 2792//2792 2791//2791
f 2752//2752 2753//2753 2793//2793
f 2752//2752 2793//2793 2792//2792
f 2753//2753 2714//2714 2754//2754
f 2753//2753 2754//2754 2793//2793
f 2754//2754 2755//2755 2795//2795
f 2754//2754 2795//2795 2794//2794
f 2755//2755 2756//2756 2796//2796
f 2755//2755 2796//2796 2795//2795
f 2756//2756 2757//2757 2797//2797
f 2756//2756 2797//2797 2796//2796
f 2757//2757 2758//2758 2798//2798
f 2757//2757 2798//2798 2797//2797
f 2758//2758 2759//2759 2799//2799
f 2758//2758 2799//2799 2798//2798
f 2759//2759 2760//2760 2800//2800
f 2759//2759 2800//2800 2799//2799
f 2760//2760 2761//2761 2801//2801
f 2760//2760 2801//2801 2800//2800
f 2761//2761 2762//2762 2802//2802
f 2761//2761 2802//2802 2801//2801
f 2762//2762 2763//2763 2803//2803
f 2762//2762 2803//2803 2802//2802
f 2763//2763 2764//2764 2804//2804
f 2763//2763 2804//2804 2803//2803
f 2764//2764 2765//2765 2805//2805
f 2764//2764 2805//2805 2804//2804
f 2765//2765 2766//2766 2806//2806
f 2765//2765 2806//2806 2805//2805
f 2766//2766 2767//2767 2807//2807
f 2766//2766 2807//2807 2806//2806
f 2767//2767 2768//2768 2808//2808
f 2767//2767 2808//2808 2807//2807
f 2768//2768 2769//2769 2809//2809
f 2768//2768 2809//2809 2808//2808
f 2769//2769 2770//2770 2810//2810
f 2769//2769 2810//2810 2809//2809
f 2770//2770 2771//2771 2811//2811
f 2770//2770 2811//2811 2810//2810
f 2771//2771 2772//2772 2812//2812
f 2771//2771 2812//2812 2811//2811
f 2772//2772 2773//2773 2813//2813
f 2772//2772 2813//2813 2812//2812
f 2773//2773 2774//2774 2814//2814
f 2773//2773 2814//2814 2813//2813
f 2774//2774 2775//2775 2815//2815
f 2774//2774 2815//2815 2814//2814
f 2775//2775 2776//2776 2816//2816
f 2775//2775 2816//2816 2815//2815
f 2776//2776 2777//2777 2817//2817
f 2776//2776 2817//2817 2816//2816
f 2777//2777 2778//2778 2818//2818
f 2777//2777 2818//2818 2817//2817
f 2778//2778 2779//2779 2819//2819
f 2778//2778 2819//2819 2818//2818
f 2779//2779 2780//2780 2820//2820
f 2779//2779 2820//2820 2819//2819
f 2780//2780 2781//2781 2821//2821
f 2780//2780 2821//2821 2820//2820
f 2781//2781 2782//2782 2822//2822
f 2781//2781 2822//2822 2821//2821
f 2782//2782 2783//2783 2823//2823
f 2782//2782 2823//2823 2822//2822
f 2783//2783 2784//2784 2824//2824
f 2783//2783 2824//2824 2823//2823
f 2784//2784 2785//2785 2825//2825
f 2784//2784 2825//2825 2824//2824
f 2785//2785 2786//2786 2826//2826
f 2785//2785 2826//2826 2825//2825
f 2786//2786 2787//2787 2827//2827
f 2786//2786 2827//2827 2826//2826
f 2787//2787 2788//2788 2828//2828
f 2787//2787 2828//2828 2827//2827
f 2788//2788 2789//2789 2829//2829
f 2788//2788 2829//2829 2828//2828
f 2789//2789 2790//2790 2830//2830
f 2789//2789 2830//2830 2829//2829
f 2790//2790 2791//2791 2831//2831
f 2790//2790 2831//2831 2830//2830
f 2791//2791 2792//2792 2832//2832
f 2791//2791 2832//2832 2831//2831
f 2792//2792 2793//2793 2833//2833
f 2792//2792 2833//2833 2832//2832
f 2793//2793 2754//2754 2794//2794
f 2793//2793 2794//2794 2833//2833
f 2794//2794 2795//2795 2835//2835
f 2794//2794 2835//2835 2834//2834
f 2795//2795 2796//2796 2836//2836
f 2795//2795 2836//2836 2835//2835
f 2796//2796 2797//2797 2837//2837
f 2796//2796 2837//2837 2836//2836
f 2797//2797 2798//2798 2838//2838
f 2797//2797 2838//2838 2837//2837
f 2798//2798 2799//2799 2839//2839
f 2798//2798 2839//2839 2838//2838
f 2799//2799 2800//2800 2840//2840
f 2799//2799 2840//2840 2839//2839
f 2800//2800 2801//2801 2841//2841
f 2800//2800 2841//2841 2840//2840
f 2801//2801 2802//2802 2842//2842
f 2801//2801 2842//2842 2841//2841
f 2802//2802 2803//2803 2843//2843
f 2802//2802 2843//2843 2842//2842
f 2803//2803 2804//2804 2844//2844
f 2803//2803 2844//2844 2843//2843
f 2804//2804 2805//2805 2845//2845
f 2804//2804 2845//2845 2844//2844
f 2805//2805 2806//2806 2846//2846
f 2805//2805 2846//2846 2845//2845
f 2806//2806 2807//2807 2847//2847
f 2806//2806 2847//2847 2846//2846
f 2807//2807 2808//2808 2848//2848
f 2807//2807 2848//2848 2847//2847
f 2808//2808 2809//2809 2849//2849
f 2808//2808 2849//2849 2848//2848
f 2809//2809 2810//2810 2850//2850
f 2809//2809 2850//2850 2849//2849
f 2810//2810 2811//2811 2851//2851
f 2810//2810 2851//2851 2850//2850
f 2811//2811 2812//2812 2852//2852
f 2811//2811 2852//2852 2851//2851
f 2812//2812 2813//2813 2853//2853
f 2812//2812 2853//2853 2852//2852
f 2813//2813 2814//2814 2854//2854
f 2813//2813 2854//2854 2853//2853
f 2814//2814 2815//2815 2855//2855
f 2814//2814 2855//2855 2854//2854
f 2815//2815 2816//2816 2856//2856
f 2815//2815 2856//2856 2855//2855
f 2816//2816 2817//2817 2857//2857
f 2816//2816 2857//2857 2856//2856
f 2817//2817 2818//2818 2858//2858
f 2817//2817 2858//2858 2857//2857
f 2818//2818 2819//2819 2859//2859
f 2818//2818 2859//2859 2858//2858
f 2819//2819 2820//2820 2860//2860
f 2819//2819 2860//2860 2859//2859
f 2820//2820 2821//2821 2861//2861
f 2820//2820 2861//2861 2860//2860
f 2821//2821 2822//2822 2862//2862
f 2821//2821 2862//2862 2861//2861
f 2822//2822 2823//2823 2863//2863
f 2822//2822 2863//2863 2862//2862
f 2823//2823 2824//2824 2864//2864
f 2823//2823 2864//2864 2863//2863
f 2824//2824 2825//2825 2865//2865
f 2824//2824 2865//2865 2864//2864
f 2825//2825 2826//2826 2866//2866
f 2825//2825 2866//2866 2865//2865
f 2826//2826 2827//2827 2867//2867
f 2826//2826 2867//2867 2866//2866
f 2827//2827 2828//2828 2868//2868
f 2827//2827 2868//2868 2867//2867
f 2828//2828 2829//2829 2869//2869
f 2828//2828 2869//2869 2868//2868
f 2829//2829 2830//2830 2870//2870
f 2829//2829 2870//2870 2869//2869
f 2830//2830 2831//2831 2871//2871
f 2830//2830 2871//2871 2870//2870
f 2831//2831 2832//2832 2872//2872
f 2831//2831 2872//2872 2871//2871
f 2832//2832 2833//2833 2873//2873
f 2832//2832 2873//2873 2872//2872
f 2833//2833 2794//2794 2834//2834
f 2833//2833 2834//2834 2873//2873
f 2834//2834 2835//2835 2875//2875
f 2834//2834 2875//2875 2874//2874
f 2835//2835 2836//2836 2876//2876
f 2835//2835 2876//2876 2875//2875
f 2836//2836 2837//2837 2877//2877
f 2836//2836 2877//2877 2876//2876
f 2837//2837 2838//2838 2878//2878
f 2837//2837 2878//2878 2877//2877
f 2838//2838 2839//2839 2879//2879
f 2838//2838 2879//2879 2878//2878
f 2839//2839 2840//2840 2880//2880
f 2839//2839 2880//2880 2879//2879
f 2840//2840 2841//2841 2881//2881
f 2840//2840 2881//2881 2880//2880
f 2841//2841 2842//2842 2882//2882
f 2841//2841 2882//2882 2881//2881
f 2842//2842 2843//2843 2883//2883
f 2842//2842 2883//2883 2882//2882
f 2843//2843 2844//2844 2884//2884
f 2843//2843 2884//2884 2883//2883
f 2844//2844 2845//2845 2885//2885
f 2844//2844 2885//2885 2884//2884
f 2845//2845 2846//2846 2886//2886
f 2845//2845 2886//2886 2885//2885
f 2846//2846 2847//2847 2887//2887
f 2846//2846 2887//2887 2886//2886
f 2847//2847 2848//2848 2888//2888
f 2847//2847 2888//2888 2887//2887
f 2848//2848 2849//2849 2889//2889
f 2848//2848 2889//2889 2888//2888
f 2849//2849 2850//2850 2890//2890
f 2849//2849 2890//2890 2889//2889
f 2850//2850 2851//2851 2891//2891
f 2850//2850 2891//2891 2890//2890
f 2851//2851 2852//2852 2892//2892
f 2851//2851 2892//2892 2891//2891
f 2852//2852 2853//2853 2893//2893
f 2852//2852 2893//2893 2892//2892
f 2853//2853 2854//2854 2894//2894
f 2853//2853 2894//2894 2893//2893
f 2854//2854 2855//2855 2895//2895
f 2854//2854 2895//2895 2894//2894
f 2855//2855 2856//2856 2896//2896
f 2855//2855 2896//2896 2895//2895
f 2856//2856 2857//2857 2897//2897
f 2856//2856 2897//2897 2896//2896
f 2857//2857 2858//2858 2898//2898
f 2857//2857 2898//2898 2897//2897
f 2858//2858 2859//2859 2899//2899
f 2858//2858 2899//2899 2898//2898
f 2859//2859 2860//2860 2900//2900
f 2859//2859 2900//2900 2899//2899
f 2860//2860 2861//2861 2901//2901
f 2860//2860 2901//2901 2900//2900
f 2861//2861 2862//2862 2902//2902
f 2861//2861 2902//2902 2901//2901
f 2862//2862 2863//2863 2903//2903
f 2862//2862 2903//2903 2902//2902
f 2863//2863 2864//2864 2904//2904
f 2863//2863 2904//2904 2903//2903
f 2864//2864 2865//2865 2905//2905
f 2864//2864 2905//2905 2904//2904
f 2865//2865 2866//2866 2906//2906
f 2865//2865 2906//2906 2905//2905
f 2866//2866 2867//2867 2907//2907
f 2866//2866 2907//2907 2906//2906
f 2867//2867 2868//2868 2908//2908
f 2867//2867 2908//2908 2907//2907
f 2868//2868 2869//2869 2909//2909
f 2868//2868 2909//2909 2908//2908
f 2869//2869 2870//2870 2910//2910
f 2869//2869 2910//2910 2909//2909
f 2870//2870 2871//2871 2911//2911
f 2870//2870 2911//2911 2910//2910
f 2871//2871 2872//2872 2912//2912
f 2871//2871 2912//2912 2911//2911
f 2872//2872 2873//2873 2913//2913
f 2872//2872 2913//2913 2912//2912
f 2873//2873 2834//2834 2874//2874
f 2873//2873 2874//2874 2913//2913
f 2874//2874 2875//2875 2915//2915
f 2874//2874 2915//2915 2914//2914
f 2875//2875 2876//2876 2916//2916
f 2875//2875 2916//2916 2915//2915
f 2876//2876 2877//2877 2917//2917
f 2876//2876 2917//2917 2916//2916
f 2877//2877 2878//2878 2918//2918
f 2877//2877 2918//2918 2917//2917
f 2878//2878 2879//2879 2919//2919
f 2878//2878 2919//2919 2918//2918
f 2879//2879 2880//2880 2920//2920
f 2879//2879 2920//2920 2919//2919
f 2880//2880 2881//2881 2921//2921
f 2880//2880 2921//2921 2920//2920
f 2881//2881 2882//2882 2922//2922
f 2881//2881 2922//2922 2921//2921
f 2882//2882 2883//2883 2923//2923
f 2882//2882 2923//2923 2922//2922
f 2883//2883 2884//2884 2924//2924
f 2883//2883 2924//2924 2923//2923
f 2884//2884 2885//2885 2925//2925
f 2884//2884 2925//2925 2924//2924
f 2885//2885 2886//2886 2926//2926
f 2885//2885 2926//2926 2925//2925
f 2886//2886 2887//2887 2927//2927
f 2886//2886 2927//2927 2926//2926
f 2887//2887 2888//2888 2928//2928
f 2887//2887 2928//2928 2927//2927
f 2888//2888 2889//2889 2929//2929
f 2888//2888 2929//2929 2928//2928
f 2889//2889 2890//2890 2930//2930
f 2889//2889 2930//2930 2929//2929
f 2890//2890 2891//2891 2931//2931
f 2890//2890 2931//2931 2930//2930
f 2891//2891 2892//2892 2932//2932
f 2891//2891 2932//2932 2931//2931
f 2892//2892 2893//2893 2933//2933
f 2892//2892 2933//2933 2932//2932
f 2893//2893 2894//2894 2934//2934
f 2893//2893 2934//2934 2933//2933
f 2894//2894 2895//2895 2935//2935
f 2894//2894 2935//2935 2934//2934
f 2895//2895 2896//2896 2936//2936
f 2895//2895 2936//2936 2935//2935
f 2896//2896 2897//2897 2937//2937
f 2896//2896 2937//2937 2936//2936
f 2897//2897 2898//2898 2938//2938
f 2897//2897 2938//2938 2937//2937
f 2898//2898 2899//2899 2939//2939
f 2898//2898 2939//2939 2938//2938
f 2899//2899 2900//2900 2940//2940
f 2899//2899 2940//2940 2939//2939
f 2900//2900 2901//2901 2941//2941
f 2900//2900 2941//2941 2940//2940
f 2901//2901 2902//2902 2942//2942
f 2901//2901 2942//2942 2941//2941
f 2902//2902 2903//2903 2943//2943
f 2902//2902 2943//2943 2942//2942
f 2903//2903 2904//2904 2944//2944
f 2903//2903 2944//2944 2943//2943
f 2904//2904 2905//2905 2945//2945
f 2904//2904 2945//2945 2944//2944
f 2905//2905 2906//2906 2946//2946
f 2905//2905 2946//2946 2945//2945
f 2906//2906 2907//2907 2947//2947
f 2906//2906 2947//2947 2946//2946
f 2907//2907 2908//2908 2948//2948
f 2907//2907 2948//2948 2947//2947
f 2908//2908 2909//2909 2949//2949
f 2908//2908 2949//2949 2948//2948
f 2909//2909 2910//2910 2950//2950
f 2909//2909 2950//2950 2949//2949
f 2910//2910 2911//2911 2951//2951
f 2910//2910 2951//2951 2950//2950
f 2911//2911 2912//2912 2952//2952
f 2911//2911 2952//2952 2951//2951
f 2912//2912 2913//2913 2953//2953
f 2912//2912 2953//2953 2952//2952
f 2913//2913 2874//2874 2914//2914
f 2913//2913 2914//2914 2953//2953
f 2914//2914 2915//2915 2955//2955
f 2914//2914 2955//2955 2954//2954
f 2915//2915 2916//2916 2956//2956
f 2915//2915 2956//2956 2955//2955
f 2916//2916 2917//2917 2957//2957
f 2916//2916 2957//2957 2956//2956
f 2917//2917 2918//2918 2958//2958
f 2917//2917 2958//2958 2957//2957
f 2918//2918 2919//2919 2959//2959
f 2918//2918 2959//2959 2958//2958
f 2919//2919 2920//2920 2960//2960
f 2919//2919 2960//2960 2959//2959
f 2920//2920 2921//2921 2961//2961
f 2920//2920 2961//2961 2960//2960
f 2921//2921 2922//2922 2962//2962
f 2921//2921 2962//2962 2961//2961
f 2922//2922 2923//2923 2963//2963
f 2922//2922 2963//2963 2962//2962
f 2923//2923 2924//2924 2964//2964
f 2923//2923 2964//2964 2963//2963
f 2924//2924 2925//2925 2965//2965
f 2924//2924 2965//2965 2964//2964
f 2925//2925 2926//2926 2966//2966
f 2925//2925 2966//2966 2965//2965
f 2926//2926 2927//2927 2967//2967
f 2926//2926 2967//2967 2966//2966
f 2927//2927 2928//2928 2968//2968
f 2927//2927 2968//2968 2967//2967
f 2928//2928 2929//2929 2969//2969
f 2928//2928 2969//2969 2968//2968
f 2929//2929 2930//2930 2970//2970
f 2929//2929 2970//2970 2969//2969
f 2930//2930 2931//2931 2971//2971
f 2930//2930 2971//2971 2970//2970
f 2931//2931 2932//2932 2972//2972
f 2931//2931 2972//2972 2971//2971
f 2932//2932 2933//2933 2973//2973
f 2932//2932 2973//2973 2972//2972
f 2933//2933 2934//2934 2974//2974
f 2933//2933 2974//2974 2973//2973
f 2934//2934 2935//2935 2975//2975
f 2934//2934 2975//2975 2974//2974
f 2935//2935 2936//2936 2976//2976
f 2935//2935 2976//2976 2975//2975
f 2936//2936 2937//2937 2977//2977
f 2936//2936 2977//2977 2976//2976
f 2937//2937 2938//2938 2978//2978
f 2937//2937 2978//2978 2977//2977
f 2938//2938 2939//2939 2979//2979
f 2938//2938 2979//2979 2978//2978
f 2939//2939 2940//2940 2980//2980
f 2939//2939 2980//2980 2979//2979
f 2940//2940 2941//2941 2981//2981
f 2940//2940 2981//2981 2980//2980
f 2941//2941 2942//2942 2982//2982
f 2941//2941 2982//2982 2981//2981
f 2942//2942 2943//2943 2983//2983
f 2942//2942 2983//2983 2982//2982
f 2943//2943 2944//2944 2984//2984
f 2943//2943 2984//2984 2983//2983
f 2944//2944 2945//2945 2985//2985
f 2944//2944 2985//2985 2984//2984
f 2945//2945 2946//2946 2986//2986
f 2945//2945 2986//2986 2985//2985
f 2946//2946 2947//2947 2987//2987
f 2946//2946 2987//2987 2986//2986
f 2947//2947 2948//2948 2988//2988
f 2947//2947 2988//2988 2987//2987
f 2948//2948 2949//2949 2989//2989
f 2948//2948 2989//2989 2988//2988
f 2949//2949 2950//2950 2990//2990
f 2949//2949 2990//2990 2989//2989
f 2950//2950 2951//2951 2991//2991
f 2950//2950 2991//2991 2990//2990
f 2951//2951 2952//2952 2992//2992
f 2951//2951 2992//2992 2991//2991
f 2952//2952 2953//2953 2993//2993
f 2952//2952 2993//2993 2992//2992
f 2953//2953 2914//2914 2954//2954
f 2953//2953 2954//2954 2993//2993
f 2954//2954 2955//2955 2995//2995
f 2954//2954 2995//2995 2994//2994
f 2955//2955 2956//2956 2996//2996
f 2955//2955 2996//2996 2995//2995
f 2956//2956 2957//2957 2997//2997
f 2956//2956 2997//2997 2996//2996
f 2957//2957 2958//2958 2998//2998
f 2957//2957 2998//2998 2997//2997
f 2958//2958 2959//2959 2999//2999
f 2958//2958 2999//2999 2998//2998
f 2959//2959 2960//2960 3000//3000
f 2959//2959 3000//3000 2999//2999
f 2960//2960 2961//2961 3001//3001
f 2960//2960 3001//3001 3000//3000
f 2961//2961 2962//2962 3002//3002
f 2961//2961 3002//3002 3001//3001
f 2962//2962 2963//2963 3003//3003
f 2962//2962 3003//3003 3002//3002
f 2963//2963 2964//2964 3004//3004
f 2963//2963 3004//3004 3003//3003
f 2964//2964 2965//2965 3005//3005
f 2964//2964 3005//3005 3004//3004
f 2965//2965 2966//2966 3006//3006
f 2965//2965 3006//3006 3005//3005
f 2966//2966 2967//2967 3007//3007
f 2966//2966 3007//3007 3006//3006
f 2967//2967 2968//2968 3008//3008
f 2967//2967 3008//3008 3007//3007
f 2968//2968 2969//2969 3009//3009
f 2968//2968 3009//3009 3008//3008
f 2969//2969 2970//2970 3010//3010
f 2969//2969 3010//3010 3009//3009
f 2970//2970 2971//2971 3011//3011
f 2970//2970 3011//3011 3010//3010
f 2971//2971 2972//2972 3012//3012
f 2971//2971 3012//3012 3011//3011
f 2972//2972 2973//2973 3013//3013
f 2972//2972 3013//3013 3012//3012
f 2973//2973 2974//2974 3014//3014
f 2973//2973 3014//3014 3013//3013
f 2974//2974 2975//2975 3015//3015
f 2974//2974 3015//3015 3014//3014
f 2975//2975 2976//2976 3016//3016
f 2975//2975 3016//3016 3015//3015
f 2976//2976 2977//2977 3017//3017
f 2976//2976 3017//3017 3016//3016
f 2977//2977 2978//2978 3018//3018
f 2977//2977 3018//3018 3017//3017
f 2978//2978 2979//2979 3019//3019
f 2978//2978 3019//3019 3018//3018
f 2979//2979 2980//2980 3020//3020
f 2979//2979 3020//3020 3019//3019
f 2980//2980 2981//2981 3021//3021
f 2980//2980 3021//3021 3020//3020
f 2981//2981 2982//2982 3022//3022
f 2981//2981 3022//3022 3021//3021
f 2982//2982 2983//2983 3023//3023
f 2982//2982 3023//3023 3022//3022
f 2983//2983 2984//2984 3024//3024
f 2983//2983 3024//3024 3023//3023
f 2984//2984 2985//2985 3025//3025
f 2984//2984 3025//3025 3024//3024
f 2985//2985 2986//2986 3026//3026
f 2985//2985 3026//3026 3025//3025
f 2986//2986 2987//2987 3027//3027
f 2986//2986 3027//3027 3026//3026
f 2987//2987 2988//2988 3028//3028
f 2987//2987 3028//3028 3027//3027
f 2988//2988 2989//2989 3029//3029
f 2988//2988 3029//3029 3028//3028
f 2989//2989 2990//2990 3030//3030
f 2989//2989 3030//3030 3029//3029
f 2990//2990 2991//2991 3031//3031
f 2990//2990 3031//3031 3030//3030
f 2991//2991 2992//2992 3032//3032
f 2991//2991 3032//3032 3031//3031
f 2992//2992 2993//2993 3033//3033
f 2992//2992 3033//3033 3032//3032
f 2993//2993 2954//2954 2994//2994
f 2993//2993 2994//2994 3033//3033
f 2994//2994 2995//2995 3035//3035
f 2994//2994 3035//3035 3034//3034
f 2995//2995 2996//2996 3036//3036
f 2995//2995 3036//3036 3035//3035
f 2996//2996 2997//2997 3037//3037
f 2996//2996 3037//3037 3036//3036
f 2997//2997 2998//2998 3038//3038
f 2997//2997 3038//3038 3037//3037
f 2998//2998 2999//2999 3039//3039
f 2998//2998 3039//3039 3038//3038
f 2999//2999 3000//3000 3040//3040
f 2999//2999 3040//3040 3039//3039
f 3000//3000 3001//3001 3041//3041
f 3000//3000 3041//3041 3040//3040
f 3001//3001 3002//3002 3042//3042
f 3001//3001 3042//3042 3041//3041
f 3002//3002 3003//3003 3043//3043
f 3002//3002 3043//3043 3042//3042
f 3003//3003 3004//3004 3044//3044
f 3003//3003 3044//3044 3043//3043
f 3004//3004 3005//3005 3045//3045
f 3004//3004 3045//3045 3044//3044
f 3005//3005 3006//3006 3046//3046
f 3005//3005 3046//3046 3045//3045
f 3006//3006 3007//3007 3047//3047
f 3006//3006 3047//3047 3046//3046
f 3007//3007 3008//3008 3048//3048
f 3007//3007 3048//3048 3047//3047
f 3008//3008 3009//3009 3049//3049
f 3008//3008 3049//3049 3048//3048
f 3009//3009 3010//3010 3050//3050
f 3009//3009 3050//3050 3049//3049
f 3010//3010 3011//3011 3051//3051
f 3010//3010 3051//3051 3050//3050
f 3011//3011 3012//3012 3052//3052
f 3011//3011 3052//3052 3051//3051
f 3012//3012 3013//3013 3053//3053
f 3012//3012 3053//3053 3052//3052
f 3013//3013 3014//3014 3054//3054
f 3013//3013 3054//3054 3053//3053
f 3014//3014 3015//3015 3055//3055
f 3014//3014 3055//3055 3054//3054
f 3015//3015 3016//3016 3056//3056
f 3015//3015 3056//3056 3055//3055
f 3016//3016 3017//3017 3057//3057
f 3016//3016 3057//3057 3056//3056
f 3017//3017 3018//3018 3058//3058
f 3017//3017 3058//3058 3057//3057
f 3018//3018 3019//3019 3059//3059
f 3018//3018 3059//3059 3058//3058
f 3019//3019 3020//3020 3060//3060
f 3019//3019 3060//3060 3059//3059
f 3020//3020 3021//3021 3061//3061
f 3020//3020 3061//3061 3060//3060
f 3021//3021 3022//3022 3062//3062
f 3021//3021 3062//3062 3061//3061
f 3022//3022 3023//3023 3063//3063
f 3022//3022 3063//3063 3062//3062
f 3023//3023 3024//3024 3064//3064
f 3023//3023 3064//3064 3063//3063
f 3024//3024 3025//3025 3065//3065
f 3024//3024 3065//3065 3064//3064
f 3025//3025 3026//3026 3066//3066
f 3025//3025 3066//3066 3065//3065
f 3026//3026 3027//3027 3067//3067
f 3026//3026 3067//3067 3066//3066
f 3027//3027 3028//3028 3068//3068
f 3027//3027 3068//3068 3067//3067
f 3028//3028 3029//3029 3069//3069
f 3028//3028 3069//3069 3068//3068
f 3029//3029 3030//3030 3070//3070
f 3029//3029 3070//3070 3069//3069
f 3030//3030 3031//3031 3071//3071
f 3030//3030 3071//3071 3070//3070
f 3031//3031 3032//3032 3072//3072
f 3031//3031 3072//3072 3071//3071
f 3032//3032 3033//3033 3073//3073
f 3032//3032 3073//3073 3072//3072
f 3033//3033 2994//2994 3034//3034
f 3033//3033 3034//3034 3073//3073
f 3034//3034 3035//3035 3075//3075
f 3034//3034 3075//3075 3074//3074
f 3035//3035 3036//3036 3076//3076
f 3035//3035 3076//3076 3075//3075
f 3036//3036 3037//3037 3077//3077
f 3036//3036 3077//3077 3076//3076
f 3037//3037 3038//3038 3078//3078
f 3037//3037 3078//3078 3077//3077
f 3038//3038 3039//3039 3079//3079
f 3038//3038 3079//3079 3078//3078
f 3039//3039 3040//3040 3080//3080
f 3039//3039 3080//3080 3079//3079
f 3040//3040 3041//3041 3081//3081
f 3040//3040 3081//3081 3080//3080
f 3041//3041 3042//3042 3082//3082
f 3041//3041 3082//3082 3081//3081
f 3042//3042 3043//3043 3083//3083
f 3042//3042 3083//3083 3082//3082
f 3043//3043 3044//3044 3084//3084
f 3043//3043 3084//3084 3083//3083
f 3044//3044 3045//3045 3085//3085
f 3044//3044 3085//3085 3084//3084
f 3045//3045 3046//3046 3086//3086
f 3045//3045 3086//3086 3085//3085
f 3046//3046 3047//3047 3087//3087
f 3046//3046 3087//3087 3086//3086
f 3047//3047 3048//3048 3088//3088
f 3047//3047 3088//3088 3087//3087
f 3048//3048 3049//3049 3089//3089
f 3048//3048 3089//3089 3088//3088
f 3049//3049 3050//3050 3090//3090
f 3049//3049 3090//3090 3089//3089
f 3050//3050 3051//3051 3091//3091
f 3050//3050 3091//3091 3090//3090
f 3051//3051 3052//3052 3092//3092
f 3051//3051 3092//3092 3091//3091
f 3052//3052 3053//3053 3093//3093
f 3052//3052 3093//3093 3092//3092
f 3053//3053 3054//3054 3094//3094
f 3053//3053 3094//3094 3093//3093
f 3054//3054 3055//3055 3095//3095
f 3054//3054 3095//3095 3094//3094
f 3055//3055 3056//3056 3096//3096
f 3055//3055 3096//3096 3095//3095
f 3056//3056 3057//3057 3097//3097
f 3056//3056 3097//3097 3096//3096
f 3057//3057 3058//3058 3098//3098
f 3057//3057 3098//3098 3097//3097
f 3058//3058 3059//3059 3099//3099
f 3058//3058 3099//3099 3098//3098
f 3059//3059 3060//3060 3100//3100
f 3059//3059 3100//3100 3099//3099
f 3060//3060 3061//3061 3101//3101
f 3060//3060 3101//3101 3100//3100
f 3061//3061 3062//3062 3102//3102
f 3061//3061 3102//3102 3101//3101
f 3062//3062 3063//3063 3103//3103
f 3062//3062 3103//3103 3102//3102
f 3063//3063 3064//3064 3104//3104
f 3063//3063 3104//3104 3103//3103
f 3064//3064 3065//3065 3105//3105
f 3064//3064 3105//3105 3104//3104
f 3065//3065 3066//3066 3106//3106
f 3065//3065 3106//3106 3105//3105
f 3066//3066 3067//3067 3107//3107
f 3066//3066 3107//3107 3106//3106
f 3067//3067 3068//3068 3108//3108
f 3067//3067 3108//3108 3107//3107
f 3068//3068 3069//3069 3109//3109
f 3068//3068 3109//3109 3108//3108
f 3069//3069 3070//3070 3110//3110
f 3069//3069 3110//3110 3109//3109
f 3070//3070 3071//3071 3111//3111
f 3070//3070 3111//3111 3110//3110
f 3071//3071 3072//3072 3112//3112
f 3071//3071 3112//3112 3111//3111
f 3072//3072 3073//3073 3113//3113
f 3072//3072 3113//3113 3112//3112
f 3073//3073 3034//3034 3074//3074
f 3073//3073 3074//3074 3113//3113
f 3074//3074 3075//3075 3115//3115
f 3074//3074 3115//3115 3114//3114
f 3075//3075 3076//3076 3116//3116
f 3075//3075 3116//3116 3115//3115
f 3076//3076 3077//3077 3117//3117
f 3076//3076 3117//3117 3116//3116
f 3077//3077 3078//3078 3118//3118
f 3077//3077 3118//3118 3117//3117
f 3078//3078 3079//3079 3119//3119
f 3078//3078 3119//3119 3118//3118
f 3079//3079 3080//3080 3120//3120
f 3079//3079 3120//3120 3119//3119
f 3080//3080 3081//3081 3121//3121
f 3080//3080 3121//3121 3120//3120
f 3081//3081 3082//3082 3122//3122
f 3081//3081 3122//3122 3121//3121
f 3082//3082 3083//3083 3123//3123
f 3082//3082 3123//3123 3122//3122
f 3083//3083 3084//3084 3124//3124
f 3083//3083 3124//3124 3123//3123
f 3084//3084 3085//3085 3125//3125
f 3084//3084 3125//3125 3124//3124
f 3085//3085 3086//3086 3126//3126
f 3085//3085 3126//3126 3125//3125
f 3086//3086 3087//3087 3127//3127
f 3086//3086 3127//3127 3126//3126
f 3087//3087 3088//3088 3128//3128
f 3087//3087 3128//3128 3127//3127
f 3088//3088 3089//3089 3129//3129
f 3088//3088 3129//3129 3128//3128
f 3089//3089 3090//3090 3130//3130
f 3089//3089 3130//3130 3129//3129
f 3090//3090 3091//3091 3131//3131
f 3090//3090 3131//3131 3130//3130
f 3091//3091 3092//3092 3132//3132
f 3091//3091 3132//3132 3131//3131
f 3092//3092 3093//3093 3133//3133
f 3092//3092 3133//3133 3132//3132
f 3093//3093 3094//3094 3134//3134
f 3093//3093 3134//3134 3133//3133
f 3094//3094 3095//3095 3135//3135
f 3094//3094 3135//3135 3134//3134
f 3095//3095 3096//3096 3136//3136
f 3095//3095 3136//3136 3135//3135
f 3096//3096 3097//3097 3137//3137
f 3096//3096 3137//3137 3136//3136
f 3097//3097 3098//3098 3138//3138
f 3097//3097 3138//3138 3137//3137
f 3098//3098 3099//3099 3139//3139
f 3098//3098 3139//3139 3138//3138
f 3099//3099 3100//3100 3140//3140
f 3099//3099 3140//3140 3139//3139
f 3100//3100 3101//3101 3141//3141
f 3100//3100 3141//3141 3140//3140
f 3101//3101 3102//3102 3142//3142
f 3101//3101 3142//3142 3141//3141
f 3102//3102 3103//3103 3143//3143
f 3102//3102 3143//3143 3142//3142
f 3103//3103 3104//3104 3144//3144
f 3103//3103 3144//3144 3143//3143
f 3104//3104 3105//3105 3145//3145
f 3104//3104 3145//3145 3144//3144
f 3105//3105 3106//3106 3146//3146
f 3105//3105 3146//3146 3145//3145
f 3106//3106 3107//3107 3147//3147
f 3106//3106 3147//3147 3146//3146
f 3107//3107 3108//3108 3148//3148
f 3107//3107 3148//3148 3147//3147
f 3108//3108 3109//3109 3149//3149
f 3108//3108 3149//3149 3148//3148
f 3109//3109 3110//3110 3150//3150
f 3109//3109 3150//3150 3149//3149
f 3110//3110 3111//3111 3151//3151
f 3110//3110 3151//3151 3150//3150
f 3111//3111 3112//3112 3152//3152
f 3111//3111 3152//3152 3151//3151
f 3112//3112 3113//3113 3153//3153
f 3112//3112 3153//3153 3152//3152
f 3113//3113 3074//3074 3114//3114
f 3113//3113 3114//3114 3153//3153
f 3114//3114 3115//3115 3155//3155
f 3114//3114 3155//3155 3154//3154
f 3115//3115 3116//3116 3156//3156
f 3115//3115 3156//3156 3155//3155
f 3116//3116 3117//3117 3157//3157
f 3116//3116 3157//3157 3156//3156
f 3117//3117 3118//3118 3158//3158
f 3117//3117 3158//3158 3157//3157
f 3118//3118 3119//3119 3159//3159
f 3118//3118 3159//3159 3158//3158
f 3119//3119 3120//3120 3160//3160
f 3119//3119 3160//3160 3159//3159
f 3120//3120 3121//3121 3161//3161
f 3120//3120 3161//3161 3160//3160
f 3121//3121 3122//3122 3162//3162
f 3121//3121 3162//3162 3161//3161
f 3122//3122 3123//3123 3163//3163
f 3122//3122 3163//3163 3162//3162
f 3123//3123 3124//3124 3164//3164
f 3123//3123 3164//3164 3163//3163
f 3124//3124 3125//3125 3165//3165
f 3124//3124 3165//3165 3164//3164
f 3125//3125 3126//3126 3166//3166
f 3125//3125 3166//3166 3165//3165
f 3126//3126 3127//3127 3167//3167
f 3126//3126 3167//3167 3166//3166
f 3127//3127 3128//3128 3168//3168
f 3127//3127 3168//3168 3167//3167
f 3128//3128 3129//3129 3169//3169
f 3128//3128 3169//3169 3168//3168
f 3129//3129 3130//3130 3170//3170
f 3129//3129 3170//3170 3169//3169
f 3130//3130 3131//3131 3171//3171
f 3130//3130 3171//3171 3170//3170
f 3131//3131 3132//3132 3172//3172
f 3131//3131 3172//3172 3171//3171
f 3132//3132 3133//3133 3173//3173
f 3132//3132 3173//3173 3172//3172
f 3133//3133 3134//3134 3174//3174
f 3133//3133 3174//3174 3173//3173
f 3134//3134 3135//3135 3175//3175
f 3134//3134 3175//3175 3174//3174
f 3135//3135 3136//3136 3176//3176
f 3135//3135 3176//3176 3175//3175
f 3136//3136 3137//3137 3177//3177
f 3136//3136 3177//3177 3176//3176
f 3137//3137 3138//3138 3178//3178
f 3137//3137 3178//3178 3177//3177
f 3138//3138 3139//3139 3179//3179
f 3138//3138 3179//3179 3178//3178
f 3139//3139 3140//3140 3180//3180
f 3139//3139 3180//3180 3179//3179
f 3140//3140 3141//3141 3181//3181
f 3140//3140 3181//3181 3180//3180
f 3141//3141 3142//3142 3182//3182
f 3141//3141 3182//3182 3181//3181
f 3142//3142 3143//3143 3183//3183
f 3142//3142 3183//3183 3182//3182
f 3143//3143 3144//3144 3184//3184
f 3143//3143 3184//3184 3183//3183
f 3144//3144 3145//3145 3185//3185
f 3144//3144 3185//3185 3184//3184
f 3145//3145 3146//3146 3186//3186
f 3145//3145 3186//3186 3185//3185
f 3146//3146 3147//3147 3187//3187
f 3146//3146 3187//3187 3186//3186
f 3147//3147 3148//3148 3188//3188
f 3147//3147 3188//3188 3187//3187
f 3148//3148 3149//3149 3189//3189
f 3148//3148 3189//3189 3188//3188
f 3149//3149 3150//3150 3190//3190
f 3149//3149 3190//3190 3189//3189
f 3150//3150 3151//3151 3191//3191
f 3150//3150 3191//3191 3190//3190
f 3151//3151 3152//3152 3192//3192
f 3151//3151 3192//3192 3191//3191
f 3152//3152 3153//3153 3193//3193
f 3152//3152 3193//3193 3192//3192
f 3153//3153 3114//3114 3154//3154
f 3153//3153 3154//3154 3193//3193
f 3154//3154 3155//3155 3195//3195
f 3154//3154 3195//3195 3194//3194
f 3155//3155 3156//3156 3196//3196
f 3155//3155 3196//3196 3195//3195
f 3156//3156 3157//3157 3197//3197
f 3156//3156 3197//3197 3196//3196
f 3157//3157 3158//3158 3198//3198
f 3157//3157 3198//3198 3197//3197
f 3158//3158 3159//3159 3199//3199
f 3158//3158 3199//3199 3198//3198
f 3159//3159 3160//3160 3200//3200
f 3159//3159 3200//3200 3199//3199
f 3160//3160 3161//3161 3201//3201
f 3160//3160 3201//3201 3200//3200
f 3161//3161 3162//3162 3202//3202
f 3161//3161 3202//3202 3201//3201
f 3162//3162 3163//3163 3203//3203
f 3162//3162 3203//3203 3202//3202
f 3163//3163 3164//3164 3204//3204
f 3163//3163 3204//3204 3203//3203
f 3164//3164 3165//3165 3205//3205
f 3164//3164 3205//3205 3204//3204
f 3165//3165 3166//3166 3206//3206
f 3165//3165 3206//3206 3205//3205
f 3166//3166 3167//3167 3207//3207
f 3166//3166 3207//3207 3206//3206
f 3167//3167 3168//3168 3208//3208
f 3167//3167 3208//3208 3207//3207
f 3168//3168 3169//3169 3209//3209
f 3168//3168 3209//3209 3208//3208
f 3169//3169 3170//3170 3210//3210
f 3169//3169 3210//3210 3209//3209
f 3170//3170 3171//3171 3211//3211
f 3170//3170 3211//3211 3210//3210
f 3171//3171 3172//3172 3212//3212
f 3171//3171 3212//3212 3211//3211
f 3172//3172 3173//3173 3213//3213
f 3172//3172 3213//3213 3212//3212
f 3173//3173 3174//3174 3214//3214
f 3173//3173 3214//3214 3213//3213
f 3174//3174 3175//3175 3215//3215
f 3174//3174 3215//3215 3214//3214
f 3175//3175 3176//3176 3216//3216
f 3175//3175 3216//3216 3215//3215
f 3176//3176 3177//3177 3217//3217
f 3176//3176 3217//3217 3216//3216
f 3177//3177 3178//3178 3218//3218
f 3177//3177 3218//3218 3217//3217
f 3178//3178 3179//3179 3219//3219
f 3178//3178 3219//3219 3218//3218
f 3179//3179 3180//3180 3220//3220
f 3179//3179 3220//3220 3219//3219
f 3180//3180 3181//3181 3221//3221
f 3180//3180 3221//3221 3220//3220
f 3181//3181 3182//3182 3222//3222
f 3181//3181 3222//3222 3221//3221
f 3182//3182 3183//3183 3223//3223
f 3182//3182 3223//3223 3222//3222
f 3183//3183 3184//3184 3224//3224
f 3183//3183 3224//3224 3223//3223
f 3184//3184 3185//3185 3225//3225
f 3184//3184 3225//3225 3224//3224
f 3185//3185 3186//3186 3226//3226
f 3185//3185 3226//3226 3225//3225
f 3186//3186 3187//3187 3227//3227
f 3186//3186 3227//3227 3226//3226
f 3187//3187 3188//3188 3228//3228
f 3187//3187 3228//3228 3227//3227
f 3188//3188 3189//3189 3229//3229
f 3188//3188 3229//3229 3228//3228
f 3189//3189 3190//3190 3230//3230
f 3189//3189 3230//3230 3229//3229
f 3190//3190 3191//3191 3231//3231
f 3190//3190 3231//3231 3230//3230
f 3191//3191 3192//3192 3232//3232
f 3191//3191 3232//3232 3231//3231
f 3192//3192 3193//3193 3233//3233
f 3192//3192 3233//3233 3232//3232
f 3193//3193 3154//3154 3194//3194
f 3193//3193 3194//3194 3233//3233
f 3194//3194 3195//3195 3235//3235
f 3194//3194 3235//3235 3234//3234
f 3195//3195 3196//3196 3236//3236
f 3195//3195 3236//3236 3235//3235
f 3196//3196 3197//3197 3237//3237
f 3196//3196 3237//3237 3236//3236
f 3197//3197 3198//3198 3238//3238
f 3197//3197 3238//3238 3237//3237
f 3198//3198 3199//3199 3239//3239
f 3198//3198 3239//3239 3238//3238
f 3199//3199 3200//3200 3240//3240
f 3199//3199 3240//3240 3239//3239
f 3200//3200 3201//3201 3241//3241
f 3200//3200 3241//3241 3240//3240
f 3201//3201 3202//3202 3242//3242
f 3201//3201 3242//3242 3241//3241
f 3202//3202 3203//3203 3243//3243
f 3202//3202 3243//3243 3242//3242
f 3203//3203 3204//3204 3244//3244
f 3203//3203 3244//3244 3243//3243
f 3204//3204 3205//3205 3245//3245
f 3204//3204 3245//3245 3244//3244
f 3205//3205 3206//3206 3246//3246
f 3205//3205 3246//3246 3245//3245
f 3206//3206 3207//3207 3247//3247
f 3206//3206 3247//3247 3246//3246
f 3207//3207 3208//3208 3248//3248
f 3207//3207 3248//3248 3247//3247
f 3208//3208 3209//3209 3249//3249
f 3208//3208 3249//3249 3248//3248
f 3209//3209 3210//3210 3250//3250
f 3209//3209 3250//3250 3249//3249
f 3210//3210 3211//3211 3251//3251
f 3210//3210 3251//3251 3250//3250
f 3211//3211 3212//3212 3252//3252
f 3211//3211 3252//3252 3251//3251
f 3212//3212 3213//3213 3253//3253
f 3212//3212 3253//3253 3252//3252
f 3213//3213 3214//3214 3254//3254
f 3213//3213 3254//3254 3253//3253
f 3214//3214 3215//3215 3255//3255
f 3214//3214 3255//3255 3254//3254
f 3215//3215 3216//3216 3256//3256
f 3215//3215 3256//3256 3255//3255
f 3216//3216 3217//3217 3257//3257
f 3216//3216 3257//3257 3256//3256
f 3217//3217 3218//3218 3258//3258
f 3217//3217 3258//3258 3257//3257
f 3218//3218 3219//3219 3259//3259
f 3218//3218 3259//3259 3258//3258
f 3219//3219 3220//3220 3260//3260
f 3219//3219 3260//3260 3259//3259
f 3220//3220 3221//3221 3261//3261
f 3220//3220 3261//3261 3260//3260
f 3221//3221 3222//3222 3262//3262
f 3221//3221 3262//3262 3261//3261
f 3222//3222 3223//3223 3263//3263
f 3222//3222 3263//3263 3262//3262
f 3223//3223 3224//3224 3264//3264
f 3223//3223 3264//3264 3263//3263
f 3224//3224 3225//3225 3265//3265
f 3224//3224 3265//3265 3264//3264
f 3225//3225 3226//3226 3266//3266
f 3225//3225 3266//3266 3265//3265
f 3226//3226 3227//3227 3267//3267
f 3226//3226 3267//3267 3266//3266
f 3227//3227 3228//3228 3268//3268
f 3227//3227 3268//3268 3267//3267
f 3228//3228 3229//3229 3269//3269
f 3228//3228 3269//3269 3268//3268
f 3229//3229 3230//3230 3270//3270
f 3229//3229 3270//3270 3269//3269
f 3230//3230 3231//3231 3271//3271
f 3230//3230 3271//3271 3270//3270
f 3231//3231 3232//3232 3272//3272
f 3231//3231 3272//3272 3271//3271
f 3232//3232 3233//3233 3273//3273
f 3232//3232 3273//3273 3272//3272
f 3233//3233 3194//3194 3234//3234
f 3233//3233 3234//3234 3273//3273
f 3234//3234 3235//3235 3275//3275
f 3234//3234 3275//3275 3274//3274
f 3235//3235 3236//3236 3276//3276
f 3235//3235 3276//3276 3275//3275
f 3236//3236 3237//3237 3277//3277
f 3236//3236 3277//3277 3276//3276
f 3237//3237 3238//3238 3278//3278
f 3237//3237 3278//3278 3277//3277
f 3238//3238 3239//3239 3279//3279
f 3238//3238 3279//3279 3278//3278
f 3239//3239 3240//3240 3280//3280
f 3239//3239 3280//3280 3279//3279
f 3240//3240 3241//3241 3281//3281
f 3240//3240 3281//3281 3280//3280
f 3241//3241 3242//3242 3282//3282
f 3241//3241 3282//3282 3281//3281
f 3242//3242 3243//3243 3283//3283
f 3242//3242 3283//3283 3282//3282
f 3243//3243 3244//3244 3284//3284
f 3243//3243 3284//3284 3283//3283
f 3244//3244 3245//3245 3285//3285
f 3244//3244 3285//3285 3284//3284
f 3245//3245 3246//3246 3286//3286
f 3245//3245 3286//3286 3285//3285
f 3246//3246 3247//3247 3287//3287
f 3246//3246 3287//3287 3286//3286
f 3247//3247 3248//3248 3288//3288
f 3247//3247 3288//3288 3287//3287
f 3248//3248 3249//3249 3289//3289
f 3248//3248 3289//3289 3288//3288
f 3249//3249 3250//3250 3290//3290
f 3249//3249 3290//3290 3289//3289
f 3250//3250 3251//3251 3291//3291
f 3250//3250 3291//3291 3290//3290
f 3251//3251 3252//3252 3292//3292
f 3251//3251 3292//3292 3291//3291
f 3252//3252 3253//3253 3293//3293
f 3252//3252 3293//3293 3292//3292
f 3253//3253 3254//3254 3294//3294
f 3253//3253 3294//3294 3293//3293
f 3254//3254 3255//3255 3295//3295
f 3254//3254 3295//3295 3294//3294
f 3255//3255 3256//3256 3296//3296
f 3255//3255 3296//3296 3295//3295
f 3256//3256 3257//3257 3297//3297
f 3256//3256 3297//3297 3296//3296
f 3257//3257 3258//3258 3298//3298
f 3257//3257 3298//3298 3297//3297
f 3258//3258 3259//3259 3299//3299
f 3258//3258 3299//3299 3298//3298
f 3259//3259 3260//3260 3300//3300
f 3259//3259 3300//3300 3299//3299
f 3260//3260 3261//3261 3301//3301
f 3260//3260 3301//3301 3300//3300
f 3261//3261 3262//3262 3302//3302
f 3261//3261 3302//3302 3301//3301
f 3262//3262 3263//3263 3303//3303
f 3262//3262 3303//3303 3302//3302
f 3263//3263 3264//3264 3304//3304
f 3263//3263 3304//3304 3303//3303
f 3264//3264 3265//3265 3305//3305
f 3264//3264 3305//3305 3304//3304
f 3265//3265 3266//3266 3306//3306
f 3265//3265 3306//3306 3305//3305
f 3266//3266 3267//3267 3307//3307
f 3266//3266 3307//3307 3306//3306
f 3267//3267 3268//3268 3308//3308
f 3267//3267 3308//3308 3307//3307
f 3268//3268 3269//3269 3309//3309
f 3268//3268 3309//3309 3308//3308
f 3269//3269 3270//3270 3310//3310
f 3269//3269 3310//3310 3309//3309
f 3270//3270 3271//3271 3311//3311
f 3270//3270 3311//3311 3310//3310
f 3271//3271 3272//3272 3312//3312
f 3271//3271 3312//3312 3311//3311
f 3272//3272 3273//3273 3313//3313
f 3272//3272 3313//3313 3312//3312
f 3273//3273 3234//3234 3274//3274
f 3273//3273 3274//3274 3313//3313
f 3274//3274 3275//3275 3315//3315
f 3274//3274 3315//3315 3314//3314
f 3275//3275 3276//3276 3316//3316
f 3275//3275 3316//3316 3315//3315
f 3276//3276 3277//3277 3317//3317
f 3276//3276 3317//3317 3316//3316
f 3277//3277 3278//3278 3318//3318
f 3277//3277 3318//3318 3317//3317
f 3278//3278 3279//3279 3319//3319
f 3278//3278 3319//3319 3318//3318
f 3279//3279 3280//3280 3320//3320
f 3279//3279 3320//3320 3319//3319
f 3280//3280 3281//3281 3321//3321
f 3280//3280 3321//3321 3320//3320
f 3281//3281 3282//3282 3322//3322
f 3281//3281 3322//3322 3321//3321
f 3282//3282 3283//3283 3323//3323
f 3282//3282 3323//3323 3322//3322
f 3283//3283 3284//3284 3324//3324
f 3283//3283 3324//3324 3323//3323
f 3284//3284 3285//3285 3325//3325
f 3284//3284 3325//3325 3324//3324
f 3285//3285 3286//3286 3326//3326
f 3285//3285 3326//3326 3325//3325
f 3286//3286 3287//3287 3327//3327
f 3286//3286 3327//3327 3326//3326
f 3287//3287 3288//3288 3328//3328
f 3287//3287 3328//3328 3327//3327
f 3288//3288 3289//3289 3329//3329
f 3288//3288 3329//3329 3328//3328
f 3289//3289 3290//3290 3330//3330
f 3289//3289 3330//3330 3329//3329
f 3290//3290 3291//3291 3331//3331
f 3290//3290 3331//3331 3330//3330
f 3291//3291 3292//3292 3332//3332
f 3291//3291 3332//3332 3331//3331
f 3292//3292 3293//3293 3333//3333
f 3292//3292 3333//3333 3332//3332
f 3293//3293 3294//3294 3334//3334
f 3293//3293 3334//3334 3333//3333
f 3294//3294 3295//3295 3335//3335
f 3294//3294 3335//3335 3334//3334
f 3295//3295 3296//3296 3336//3336
f 3295//3295 3336//3336 3335//3335
f 3296//3296 3297//3297 3337//3337
f 3296//3296 3337//3337 3336//3336
f 3297//3297 3298//3298 3338//3338
f 3297//3297 3338//3338 3337//3337
f 3298//3298 3299//3299 3339//3339
f 3298//3298 3339//3339 3338//3338
f 3299//3299 3300//3300 3340//3340
f 3299//3299 3340//3340 3339//3339
f 3300//3300 3301//3301 3341//3341
f 3300//3300 3341//3341 3340//3340
f 3301//3301 3302//3302 3342//3342
f 3301//3301 3342//3342 3341//3341
f 3302//3302 3303//3303 3343//3343
f 3302//3302 3343//3343 3342//3342
f 3303//3303 3304//3304 3344//3344
f 3303//3303 3344//3344 3343//3343
f 3304//3304 3305//3305 3345//3345
f 3304//3304 3345//3345 3344//3344
f 3305//3305 3306//3306 3346//3346
f 3305//3305 3346//3346 3345//3345
f 3306//3306 3307//3307 3347//3347
f 3306//3306 3347//3347 3346//3346
f 3307//3307 3308//3308 3348//3348
f 3307//3307 3348//3348 3347//3347
f 3308//3308 3309//3309 3349//3349
f 3308//3308 3349//3349 3348//3348
f 3309//3309 3310//3310 3350//3350
f 3309//3309 3350//3350 3349//3349
f 3310//3310 3311//3311 3351//3351
f 3310//3310 3351//3351 3350//3350
f 3311//3311 3312//3312 3352//3352
f 3311//3311 3352//3352 3351//3351
f 3312//3312 3313//3313 3353//3353
f 3312//3312 3353//3353 3352//3352
f 3313//3313 3274//3274 3314//3314
f 3313//3313 3314//3314 3353//3353
f 3314//3314 3315//3315 3355//3355
f 3314//3314 3355//3355 3354//3354
f 3315//3315 3316//3316 3356//3356
f 3315//3315 3356//3356 3355//3355
f 3316//3316 3317//3317 3357//3357
f 3316//3316 3357//3357 3356//3356
f 3317//3317 3318//3318 3358//3358
f 3317//3317 3358//3358 3357//3357
f 3318//3318 3319//3319 3359//3359
f 3318//3318 3359//3359 3358//3358
f 3319//3319 3320//3320 3360//3360
f 3319//3319 3360//3360 3359//3359
f 3320//3320 3321//3321 3361//3361
f 3320//3320 3361//3361 3360//3360
f 3321//3321 3322//3322 3362//3362
f 3321//3321 3362//3362 3361//3361
f 3322//3322 3323//3323 3363//3363
f 3322//3322 3363//3363 3362//3362
f 3323//3323 3324//3324 3364//3364
f 3323//3323 3364//3364 3363//3363
f 3324//3324 3325//3325 3365//3365
f 3324//3324 3365//3365 3364//3364
f 3325//3325 3326//3326 3366//3366
f 3325//3325 3366//3366 3365//3365
f 3326//3326 3327//3327 3367//3367
f 3326//3326 3367//3367 3366//3366
f 3327//3327 3328//3328 3368//3368
f 3327//3327 3368//3368 3367//3367
f 3328//3328 3329//3329 3369//3369
f 3328//3328 3369//3369 3368//3368
f 3329//3329 3330//3330 3370//3370
f 3329//3329 3370//3370 3369//3369
f 3330//3330 3331//3331 3371//3371
f 3330//3330 3371//3371 3370//3370
f 3331//3331 3332//3332 3372//3372
f 3331//3331 3372//3372 3371//3371
f 3332//3332 3333//3333 3373//3373
f 3332//3332 3373//3373 3372//3372
f 3333//3333 3334//3334 3374//3374
f 3333//3333 3374//3374 3373//3373
f 3334//3334 3335//3335 3375//3375
f 3334//3334 3375//3375 3374//3374
f 3335//3335 3336//3336 3376//3376
f 3335//3335 3376//3376 3375//3375
f 3336//3336 3337//3337 3377//3377
f 3336//3336 3377//3377 3376//3376
f 3337//3337 3338//3338 3378//3378
f 3337//3337 3378//3378 3377//3377
f 3338//3338 3339//3339 3379//3379
f 3338//3338 3379//3379 3378//3378
f 3339//3339 3340//3340 3380//3380
f 3339//3339 3380//3380 3379//3379
f 3340//3340 3341//3341 3381//3381
f 3340//3340 3381//3381 3380//3380
f 3341//3341 3342//3342 3382//3382
f 3341//3341 3382//3382 3381//3381
f 3342//3342 3343//3343 3383//3383
f 3342//3342 3383//3383 3382//3382
f 3343//3343 3344//3344 3384//3384
f 3343//3343 3384//3384 3383//3383
f 3344//3344 3345//3345 3385//3385
f 3344//3344 3385//3385 3384//3384
f 3345//3345 3346//3346 3386//3386
f 3345//3345 3386//3386 3385//3385
f 3346//3346 3347//3347 3387//3387
f 3346//3346 3387//3387 3386//3386
f 3347//3347 3348//3348 3388//3388
f 3347//3347 3388//3388 3387//3387
f 3348//3348 3349//3349 3389//3389
f 3348//3348 3389//3389 3388//3388
f 3349//3349 3350//3350 3390//3390
f 3349//3349 3390//3390 3389//3389
f 3350//3350 3351//3351 3391//3391
f 3350//3350 3391//3391 3390//3390
f 3351//3351 3352//3352 3392//3392
f 3351//3351 3392//3392 3391//3391
f 3352//3352 3353//3353 3393//3393
f 3352//3352 3393//3393 3392//3392
f 3353//3353 3314//3314 3354//3354
f 3353//3353 3354//3354 3393//3393
f 3354//3354 3355//3355 3394//3394
f 3355//3355 3356//3356 3394//3394
f 3356//3356 3357//3357 3394//3394
f 3357//3357 3358//3358 3394//3394
f 3358//3358 3359//3359 3394//3394
f 3359//3359 3360//3360 3394//3394
f 3360//3360 3361//3361 3394//3394
f 3361//3361 3362//3362 3394//3394
f 3362//3362 3363//3363 3394//3394
f 3363//3363 3364//3364 3394//3394
f 3364//3364 3365//3365 3394//3394
f 3365//3365 3366//3366 3394//3394
f 3366//3366 3367//3367 3394//3394
f 3367//3367 3368//3368 3394//3394
f 3368//3368 3369//3369 3394//3394
f 3369//3369 3370//3370 3394//3394
f 3370//3370 3371//3371 3394//3394
f 3371//3371 3372//3372 3394//3394
f 3372//3372 3373//3373 3394//3394
f 3373//3373 3374//3374 3394//3394
f 3374//3374 3375//3375 3394//3394
f 3375//3375 3376//3376 3394//3394
f 3376//3376 3377//3377 3394//3394
f 3377//3377 3378//3378 3394//3394
f 3378//3378 3379//3379 3394//3394
f 3379//3379 3380//3380 3394//3394
f 3380//3380 3381//3381 3394//3394
f 3381//3381 3382//3382 3394//3394
f 3382//3382 3383//3383 3394//3394
f 3383//3383 3384//3384 3394//3394
f 3384//3384 3385//3385 3394//3394
f 3385//3385 3386//3386 3394//3394
f 3386//3386 3387//3387 3394//3394
f 3387//3387 3388//3388 3394//3394
f 3388//3388 3389//3389 3394//3394
f 3389//3389 3390//3390 3394//3394
f 3390//3390 3391//3391 3394//3394
f 3391//3391 3392//3392 3394//3394
f 3392//3392 3393//3393 3394//3394
f 3393//3393 3354//3354 3394//3394
f 3395//3395 3397//3397 3396//3396
f 3395//3395 3398//3398 3397//3397
f 3395//3395 3399//3399 3398//3398
f 3395//3395 3400//3400 3399//3399
f 3395//3395 3401//3401 3400//3400
f 3395//3395 3402//3402 3401//3401
f 3395//3395 3403//3403 3402//3402
f 3395//3395 3404//3404 3403//3403
f 3395//3395 3405//3405 3404//3404
f 3395//3395 3406//3406 3405//3405
f 3395//3395 3407//3407 3406//3406
f 3395//3395 3408//3408 3407//3407
f 3395//3395 3409//3409 3408//3408
f 3395//3395 3410//3410 3409//3409
f 3395//3395 3411//3411 3410//3410
f 3395//3395 3412//3412 3411//3411
f 3395//3395 3413//3413 3412//3412
f 3395//3395 3414//3414 3413//3413
f 3395//3395 3415//3415 3414//3414
f 3395//3395 3416//3416 3415//3415
f 3395//3395 3417//3417 3416//3416
f 3395//3395 3418//3418 3417//3417
f 3395//3395 3419//3419 3418//3418
f 3395//3395 3420//3420 3419//3419
f 3395//3395 3421//3421 3420//3420
f 3395//3395 3422//3422 3421//3421
f 3395//3395 3423//3423 3422//3422
f 3395//3395 3424//3424 3423//3423
f 3395//3395 3425//3425 3424//3424
f 3395//3395 3426//3426 3425//3425
f 3395//3395 3427//3427 3426//3426
f 3395//3395 3428//3428 3427//3427
f 3395//3395 3429//3429 3428//3428
f 3395//3395 3430//3430 3429//3429
f 3395//3395 3431//3431 3430//3430
f 3395//3395 3432//3432 3431//3431
f 3395//3395 3433//3433 3432//3432
f 3395//3395 3434//3434 3433//3433
f 3395//3395 3435//3435 3434//3434
f 3395//3395 3396//3396 3435//3435
f 3396//3396 3397//3397 3437//3437
f 3396//3396 3437//3437 3436//3436
f 3397//3397 3398//3398 3438//3438
f 3397//3397 3438//3438 3437//3437
f 3398//3398 3399//3399 3439//3439
f 3398//3398 3439//3439 3438//3438
f 3399//3399 3400//3400 3440//3440
f 3399//3399 3440//3440 3439//3439
f 3400//3400 3401//3401 3441//3441
f 3400//3400 3441//3441 3440//3440
f 3401//3401 3402//3402 3442//3442
f 3401//3401 3442//3442 3441//3441
f 3402//3402 3403//3403 3443//3443
f 3402//3402 3443//3443 3442//3442
f 3403//3403 3404//3404 3444//3444
f 3403//3403 3444//3444 3443//3443
f 3404//3404 3405//3405 3445//3445
f 3404//3404 3445//3445 3444//3444
f 3405//3405 3406//3406 3446//3446
f 3405//3405 3446//3446 3445//3445
f 3406//3406 3407//3407 3447//3447
f 3406//3406 3447//3447 3446//3446
f 3407//3407 3408//3408 3448//3448
f 3407//3407 3448//3448 3447//3447
f 3408//3408 3409//3409 3449//3449
f 3408//3408 3449//3449 3448//3448
f 3409//3409 3410//3410 3450//3450
f 3409//3409 3450//3450 3449//3449
f 3410//3410 3411//3411 3451//3451
f 3410//3410 3451//3451 3450//3450
f 3411//3411 3412//3412 3452//3452
f 3411//3411 3452//3452 3451//3451
f 3412//3412 3413//3413 3453//3453
f 3412//3412 3453//3453 3452//3452
f 3413//3413 3414//3414 3454//3454
f 3413//3413 3454//3454 3453//3453
f 3414//3414 3415//3415 3455//3455
f 3414//3414 3455//3455 3454//3454
f 3415//3415 3416//3416 3456//3456
f 3415//3415 3456//3456 3455//3455
f 3416//3416 3417//3417 3457//3457
f 3416//3416 3457//3457 3456//3456
f 3417//3417 3418//3418 3458//3458
f 3417//3417 3458//3458 3457//3457
f 3418//3418 3419//3419 3459//3459
f 3418//3418 3459//3459 3458//3458
f 3419//3419 3420//3420 3460//3460
f 3419//3419 3460//3460 3459//3459
f 3420//3420 3421//3421 3461//3461
f 3420//3420 3461//3461 3460//3460
f 3421//3421 3422//3422 3462//3462
f 3421//3421 3462//3462 3461//3461
f 3422//3422 3423//3423 3463//3463
f 3422//3422 3463//3463 3462//3462
f 3423//3423 3424//3424 3464//3464
f 3423//3423 3464//3464 3463//3463
f 3424//3424 3425//3425 3465//3465
f 3424//3424 3465//3465 3464//3464
f 3425//3425 3426//3426 3466//3466
f 3425//3425 3466//3466 3465//3465
f 3426//3426 3427//3427 3467//3467
f 3426//3426 3467//3467 3466//3466
f 3427//3427 3428//3428 3468//3468
f 3427//3427 3468//3468 3467//3467
f 3428//3428 3429//3429 3469//3469
f 3428//3428 3469//3469 3468//3468
f 3429//3429 3430//3430 3470//3470
f 3429//3429 3470//3470 3469//3469
f 3430//3430 3431//3431 3471//3471
f 3430//3430 3471//3471 3470//3470
f 3431//3431 3432//3432 3472//3472
f 3431//3431 3472//3472 3471//3471
f 3432//3432 3433//3433 3473//3473
f 3432//3432 3473//3473 3472//3472
f 3433//3433 3434//3434 3474//3474
f 3433//3433 3474//3474 3473//3473
f 3434//3434 3435//3435 3475//3475
f 3434//3434 3475//3475 3474//3474
f 3435//3435 3396//3396 3436//3436
f 3435//3435 3436//3436 3475//3475
f 3436//3436 3437//3437 3477//3477
f 3436//3436 3477//3477 3476//3476
f 3437//3437 3438//3438 3478//3478
f 3437//3437 3478//3478 3477//3477
f 3438//3438 3439//3439 3479//3479
f 3438//3438 3479//3479 3478//3478
f 3439//3439 3440//3440 3480//3480
f 3439//3439 3480//3480 3479//3479
f 3440//3440 3441//3441 3481//3481
f 3440//3440 3481//3481 3480//3480
f 3441//3441 3442//3442 3482//3482
f 3441//3441 3482//3482 3481//3481
f 3442//3442 3443//3443 3483//3483
f 3442//3442 3483//3483 3482//3482
f 3443//3443 3444//3444 3484//3484
f 3443//3443 3484//3484 3483//3483
f 3444//3444 3445//3445 3485//3485
f 3444//3444 3485//3485 3484//3484
f 3445//3445 3446//3446 3486//3486
f 3445//3445 3486//3486 3485//3485
f 3446//3446 3447//3447 3487//3487
f 3446//3446 3487//3487 3486//3486
f 3447//3447 3448//3448 3488//3488
f 3447//3447 3488//3488 3487//3487
f 3448//3448 3449//3449 3489//3489
f 3448//3448 3489//3489 3488//3488
f 3449//3449 3450//3450 3490//3490
f 3449//3449 3490//3490 3489//3489
f 3450//3450 3451//3451 3491//3491
f 3450//3450 3491//3491 3490//3490
f 3451//3451 3452//3452 3492//3492
f 3451//3451 3492//3492 3491//3491
f 3452//3452 3453//3453 3493//3493
f 3452//3452 3493//3493 3492//3492
f 3453//3453 3454//3454 3494//3494
f 3453//3453 3494//3494 3493//3493
f 3454//3454 3455//3455 3495//3495
f 3454//3454 3495//3495 3494//3494
f 3455//3455 3456//3456 3496//3496
f 3455//3455 3496//3496 3495//3495
f 3456//3456 3457//3457 3497//3497
f 3456//3456 3497//3497 3496//3496
f 3457//3457 3458//3458 3498//3498
f 3457//3457 3498//3498 3497//3497
f 3458//3458 3459//3459 3499//3499
f 3458//3458 3499//3499 3498//3498
f 3459//3459 3460//3460 3500//3500
f 3459//3459 3500//3500 3499//3499
f 3460//3460 3461//3461 3501//3501
f 3460//3460 3501//3501 3500//3500
f 3461//3461 3462//3462 3502//3502
f 3461//3461 3502//3502 3501//3501
f 3462//3462 3463//3463 3503//3503
f 3462//3462 3503//3503 3502//3502
f 3463//3463 3464//3464 3504//3504
f 3463//3463 3504//3504 3503//3503
f 3464//3464 3465//3465 3505//3505
f 3464//3464 3505//3505 3504//3504
f 3465//3465 3466//3466 3506//3506
f 3465//3465 3506//3506 3505//3505
f 3466//3466 3467//3467 3507//3507
f 3466//3466 3507//3507 3506//3506
f 3467//3467 3468//3468 3508//3508
f 3467//3467 3508//3508 3507//3507
f 3468//3468 3469//3469 3509//3509
f 3468//3468 3509//3509 3508//3508
f 3469//3469 3470//3470 3510//3510
f 3469//3469 3510//3510 3509//3509
f 3470//3470 3471//3471 3511//3511
f 3470//3470 3511//3511 3510//3510
f 3471//3471 3472//3472 3512//3512
f 3471//3471 3512//3512 3511//3511
f 3472//3472 3473//3473 3513//3513
f 3472//3472 3513//3513 3512//3512
f 3473//3473 3474//3474 3514//3514
f 3473//3473 3514//3514 3513//3513
f 3474//3474 3475//3475 3515//3515
f 3474//3474 3515//3515 3514//3514
f 3475//3475 3436//3436 3476//3476
f 3475//3475 3476//3476 3515//3515
f 3476//3476 3477//3477 3517//3517
f 3476//3476 3517//3517 3516//3516
f 3477//3477 3478//3478 3518//3518
f 3477//3477 3518//3518 3517//3517
f 3478//3478 3479//3479 3519//3519
f 3478//3478 3519//3519 3518//3518
f 3479//3479 3480//3480 3520//3520
f 3479//3479 3520//3520 3519//3519
f 3480//3480 3481//3481 3521//3521
f 3480//3480 3521//3521 3520//3520
f 3481//3481 3482//3482 3522//3522
f 3481//3481 3522//3522 3521//3521
f 3482//3482 3483//3483 3523//3523
f 3482//3482 3523//3523 3522//3522
f 3483//3483 3484//3484 3524//3524
f 3483//3483 3524//3524 3523//3523
f 3484//3484 3485//3485 3525//3525
f 3484//3484 3525//3525 3524//3524
f 3485//3485 3486//3486 3526//3526
f 3485//3485 3526//3526 3525//3525
f 3486//3486 3487//3487 3527//3527
f 3486//3486 3527//3527 3526//3526
f 3487//3487 3488//3488 3528//3528
f 3487//3487 3528//3528 3527//3527
f 3488//3488 3489//3489 3529//3529
f 3488//3488 3529//3529 3528//3528
f 3489//3489 3490//3490 3530//3530
f 3489//3489 3530//3530 3529//3529
f 3490//3490 3491//3491 3531//3531
f 3490//3490 3531//3531 3530//3530
f 3491//3491 3492//3492 3532//3532
f 3491//3491 3532//3532 3531//3531
f 3492//3492 3493//3493 3533//3533
f 3492//3492 3533//3533 3532//3532
f 3493//3493 3494//3494 3534//3534
f 3493//3493 3534//3534 3533//3533
f 3494//3494 3495//3495 3535//3535
f 3494//3494 3535//3535 3534//3534
f 3495//3495 3496//3496 3536//3536
f 3495//3495 3536//3536 3535//3535
f 3496//3496 3497//3497 3537//3537
f 3496//3496 3537//3537 3536//3536
f 3497//3497 3498//3498 3538//3538
f 3497//3497 3538//3538 3537//3537
f 3498//3498 3499//3499 3539//3539
f 3498//3498 3539//3539 3538//3538
f 3499//3499 3500//3500 3540//3540
f 3499//3499 3540//3540 3539//3539
f 3500//3500 3501//3501 3541//3541
f 3500//3500 3541//3541 3540//3540
f 3501//3501 3502//3502 3542//3542
f 3501//3501 3542//3542 3541//3541
f 3502//3502 3503//3503 3543//3543
f 3502//3502 3543//3543 3542//3542
f 3503//3503 3504//3504 3544//3544
f 3503//3503 3544//3544 3543//3543
f 3504//3504 3505//3505 3545//3545
f 3504//3504 3545//3545 3544//3544
f 3505//3505 3506//3506 3546//3546
f 3505//3505 3546//3546 3545//3545
f 3506//3506 3507//3507 3547//3547
f 3506//3506 3547//3547 3546//3546
f 3507//3507 3508//3508 3548//3548
f 3507//3507 3548//3548 3547//3547
f 3508//3508 3509//3509 3549//3549
f 3508//3508 3549//3549 3548//3548
f 3509//3509 3510//3510 3550//3550
f 3509//3509 3550//3550 3549//3549
f 3510//3510 3511//3511 3551//3551
f 3510//3510 3551//3551 3550//3550
f 3511//3511 3512//3512 3552//3552
f 3511//3511 3552//3552 3551//3551
f 3512//3512 3513//3513 3553//3553
f 3512//3512 3553//3553 3552//3552
f 3513//3513 3514//3514 3554//3554
f 3513//3513 3554//3554 3553//3553
f 3514//3514 3515//3515 3555//3555
f 3514//3514 3555//3555 3554//3554
f 3515//3515 3476//3476 3516//3516
f 3515//3515 3516//3516 3555//3555
f 3516//3516 3517//3517 3557//3557
f 3516//3516 3557//3557 3556//3556
f 3517//3517 3518//3518 3558//3558
f 3517//3517 3558//3558 3557//3557
f 3518//3518 3519//3519 3559//3559
f 3518//3518 3559//3559 3558//3558
f 3519//3519 3520//3520 3560//3560
f 3519//3519 3560//3560 3559//3559
f 3520//3520 3521//3521 3561//3561
f 3520//3520 3561//3561 3560//3560
f 3521//3521 3522//3522 3562//3562
f 3521//3521 3562//3562 3561//3561
f 3522//3522 3523//3523 3563//3563
f 3522//3522 3563//3563 3562//3562
f 3523//3523 3524//3524 3564//3564
f 3523//3523 3564//3564 3563//3563
f 3524//3524 3525//3525 3565//3565
f 3524//3524 3565//3565 3564//3564
f 3525//3525 3526//3526 3566//3566
f 3525//3525 3566//3566 3565//3565
f 3526//3526 3527//3527 3567//3567
f 3526//3526 3567//3567 3566//3566
f 3527//3527 3528//3528 3568//3568
f 3527//3527 3568//3568 3567//3567
f 3528//3528 3529//3529 3569//3569
f 3528//3528 3569//3569 3568//3568
f 3529//3529 3530//3530 3570//3570
f 3529//3529 3570//3570 3569//3569
f 3530//3530 3531//3531 3571//3571
f 3530//3530 3571//3571 3570//3570
f 3531//3531 3532//3532 3572//3572
f 3531//3531 3572//3572 3571//3571
f 3532//3532 3533//3533 3573//3573
f 3532//3532 3573//3573 3572//3572
f 3533//3533 3534//3534 3574//3574
f 3533//3533 3574//3574 3573//3573
f 3534//3534 3535//3535 3575//3575
f 3534//3534 3575//3575 3574//3574
f 3535//3535 3536//3536 3576//3576
f 3535//3535 3576//3576 3575//3575
f 3536//3536 3537//3537 3577//3577
f 3536//3536 3577//3577 3576//3576
f 3537//3537 3538//3538 3578//3578
f 3537//3537 3578//3578 3577//3577
f 3538//3538 3539//3539 3579//3579
f 3538//3538 3579//3579 3578//3578
f 3539//3539 3540//3540 3580//3580
f 3539//3539 3580//3580 3579//3579
f 3540//3540 3541//3541 3581//3581
f 3540//3540 3581//3581 3580//3580
f 3541//3541 3542//3542 3582//3582
f 3541//3541 3582//3582 3581//3581
f 3542//3542 3543//3543 3583//3583
f 3542//3542 3583//3583 3582//3582
f 3543//3543 3544//3544 3584//3584
f 3543//3543 3584//3584 3583//3583
f 3544//3544 3545//3545 3585//3585
f 3544//3544 3585//3585 3584//3584
f 3545//3545 3546//3546 3586//3586
f 3545//3545 3586//3586 3585//3585
f 3546//3546 3547//3547 3587//3587
f 3546//3546 3587//3587 3586//3586
f 3547//3547 3548//3548 3588//3588
f 3547//3547 3588//3588 3587//3587
f 3548//3548 3549//3549 3589//3589
f 3548//3548 3589//3589 3588//3588
f 3549//3549 3550//3550 3590//3590
f 3549//3549 3590//3590 3589//3589
f 3550//3550 3551//3551 3591//3591
f 3550//3550 3591//3591 3590//3590
f 3551//3551 3552//3552 3592//3592
f 3551//3551 3592//3592 3591//3591
f 3552//3552 3553//3553 3593//3593
f 3552//3552 3593//3593 3592//3592
f 3553//3553 3554//3554 3594//3594
f 3553//3553 3594//3594 3593//3593
f 3554//3554 3555//3555 3595//3595
f 3554//3554 3595//3595 3594//3594
f 3555//3555 3516//3516 3556//3556
f 3555//3555 3556//3556 3595//3595
f 3556//3556 3557//3557 3597//3597
f 3556//3556 3597//3597 3596//3596
f 3557//3557 3558//3558 3598//3598
f 3557//3557 3598//3598 3597//3597
f 3558//3558 3559//3559 3599//3599
f 3558//3558 3599//3599 3598//3598
f 3559//3559 3560//3560 3600//3600
f 3559//3559 3600//3600 3599//3599
f 3560//3560 3561//3561 3601//3601
f 3560//3560 3601//3601 3600//3600
f 3561//3561 3562//3562 3602//3602
f 3561//3561 3602//3602 3601//3601
f 3562//3562 3563//3563 3603//3603
f 3562//3562 3603//3603 3602//3602
f 3563//3563 3564//3564 3604//3604
f 3563//3563 3604//3604 3603//3603
f 3564//3564 3565//3565 3605//3605
f 3564//3564 3605//3605 3604//3604
f 3565//3565 3566//3566 3606//3606
f 3565//3565 3606//3606 3605//3605
f 3566//3566 3567//3567 3607//3607
f 3566//3566 3607//3607 3606//3606
f 3567//3567 3568//3568 3608//3608
f 3567//3567 3608//3608 3607//3607
f 3568//3568 3569//3569 3609//3609
f 3568//3568 3609//3609 3608//3608
f 3569//3569 3570//3570 3610//3610
f 3569//3569 3610//3610 3609//3609
f 3570//3570 3571//3571 3611//3611
f 3570//3570 3611//3611 3610//3610
f 3571//3571 3572//3572 3612//3612
f 3571//3571 3612//3612 3611//3611
f 3572//3572 3573//3573 3613//3613
f 3572//3572 3613//3613 3612//3612
f 3573//3573 3574//3574 3614//3614
f 3573//3573 3614//3614 3613//3613
f 3574//3574 3575//3575 3615//3615
f 3574//3574 3615//3615 3614//3614
f 3575//3575 3576//3576 3616//3616
f 3575//3575 3616//3616 3615//3615
f 3576//3576 3577//3577 3617//3617
f 3576//3576 3617//3617 3616//3616
f 3577//3577 3578//3578 3618//3618
f 3577//3577 3618//3618 3617//3617
f 3578//3578 3579//3579 3619//3619
f 3578//3578 3619//3619 3618//3618
f 3579//3579 3580//3580 3620//3620
f 3579//3579 3620//3620 3619//3619
f 3580//3580 3581//3581 3621//3621
f 3580//3580 3621//3621 3620//3620
f 3581//3581 3582//3582 3622//3622
f 3581//3581 3622//3622 3621//3621
f 3582//3582 3583//3583 3623//3623
f 3582//3582 3623//3623 3622//3622
f 3583//3583 3584//3584 3624//3624
f 3583//3583 3624//3624 3623//3623
f 3584//3584 3585//3585 3625//3625
f 3584//3584 3625//3625 3624//3624
f 3585//3585 3586//3586 3626//3626
f 3585//3585 3626//3626 3625//3625
f 3586//3586 3587//3587 3627//3627
f 3586//3586 3627//3627 3626//3626
f 3587//3587 3588//3588 3628//3628
f 3587//3587 3628//3628 3627//3627
f 3588//3588 3589//3589 3629//3629
f 3588//3588 3629//3629 3628//3628
f 3589//3589 3590//3590 3630//3630
f 3589//3589 3630//3630 3629//3629
f 3590//3590 3591//3591 3631//3631
f 3590//3590 3631//3631 3630//3630
f 3591//3591 3592//3592 3632//3632
f 3591//3591 3632//3632 3631//3631
f 3592//3592 3593//3593 3633//3633
f 3592//3592 3633//3633 3632//3632
f 3593//3593 3594//3594 3634//3634
f 3593//3593 3634//3634 3633//3633
f 3594//3594 3595//3595 3635//3635
f 3594//3594 3635//3635 3634//3634
f 3595//3595 3556//3556 3596//3596
f 3595//3595 3596//3596 3635//3635
f 3596//3596 3597//3597 3637//3637
f 3596//3596 3637//3637 3636//3636
f 3597//3597 3598//3598 3638//3638
f 3597//3597 3638//3638 3637//3637
f 3598//3598 3599//3599 3639//3639
f 3598//3598 3639//3639 3638//3638
f 3599//3599 3600//3600 3640//3640
f 3599//3599 3640//3640 3639//3639
f 3600//3600 3601//3601 3641//3641
f 3600//3600 3641//3641 3640//3640
f 3601//3601 3602//3602 3642//3642
f 3601//3601 3642//3642 3641//3641
f 3602//3602 3603//3603 3643//3643
f 3602//3602 3643//3643 3642//3642
f 3603//3603 3604//3604 3644//3644
f 3603//3603 3644//3644 3643//3643
f 3604//3604 3605//3605 3645//3645
f 3604//3604 3645//3645 3644//3644
f 3605//3605 3606//3606 3646//3646
f 3605//3605 3646//3646 3645//3645
f 3606//3606 3607//3607 3647//3647
f 3606//3606 3647//3647 3646//3646
f 3607//3607 3608//3608 3648//3648
f 3607//3607 3648//3648 3647//3647
f 3608//3608 3609//3609 3649//3649
f 3608//3608 3649//3649 3648//3648
f 3609//3609 3610//3610 3650//3650
f 3609//3609 3650//3650 3649//3649
f 3610//3610 3611//3611 3651//3651
f 3610//3610 3651//3651 3650//3650
f 3611//3611 3612//3612 3652//3652
f 3611//3611 3652//3652 3651//3651
f 3612//3612 3613//3613 3653//3653
f 3612//3612 3653//3653 3652//3652
f 3613//3613 3614//3614 3654//3654
f 3613//3613 3654//3654 3653//3653
f 3614//3614 3615//3615 3655//3655
f 3614//3614 3655//3655 3654//3654
f 3615//3615 3616//3616 3656//3656
f 3615//3615 3656//3656 3655//3655
f 3616//3616 3617//3617 3657//3657
f 3616//3616 3657//3657 3656//3656
f 3617//3617 3618//3618 3658//3658
f 3617//3617 3658//3658 3657//3657
f 3618//3618 3619//3619 3659//3659
f 3618//3618 3659//3659 3658//3658
f 3619//3619 3620//3620 3660//3660
f 3619//3619 3660//3660 3659//3659
f 3620//3620 3621//3621 3661//3661
f 3620//3620 3661//3661 3660//3660
f 3621//3621 3622//3622 3662//3662
f 3621//3621 3662//3662 3661//3661
f 3622//3622 3623//3623 3663//3663
f 3622//3622 3663//3663 3662//3662
f 3623//3623 3624//3624 3664//3664
f 3623//3623 3664//3664 3663//3663
f 3624//3624 3625//3625 3665//3665
f 3624//3624 3665//3665 3664//3664
f 3625//3625 3626//3626 3666//3666
f 3625//3625 3666//3666 3665//3665
f 3626//3626 3627//3627 3667//3667
f 3626//3626 3667//3667 3666//3666
f 3627//3627 3628//3628 3668//3668
f 3627//3627 3668//3668 3667//3667
f 3628//3628 3629//3629 3669//3669
f 3628//3628 3669//3669 3668//3668
f 3629//3629 3630//3630 3670//3670
f 3629//3629 3670//3670 3669//3669
f 3630//3630 3631//3631 3671//3671
f 3630//3630 3671//3671 3670//3670
f 3631//3631 3632//3632 3672//3672
f 3631//3631 3672//3672 3671//3671
f 3632//3632 3633//3633 3673//3673
f 3632//3632 3673//3673 3672//3672
f 3633//3633 3634//3634 3674//3674
f 3633//3633 3674//3674 3673//3673
f 3634//3634 3635//3635 3675//3675
f 3634//3634 3675//3675 3674//3674
f 3635//3635 3596//3596 3636//3636
f 3635//3635 3636//3636 3675//3675
f 3636//3636 3637//3637 3677//3677
f 3636//3636 3677//3677 3676//3676
f 3637//3637 3638//3638 3678//3678
f 3637//3637 3678//3678 3677//3677
f 3638//3638 3639//3639 3679//3679
f 3638//3638 3679//3679 3678//3678
f 3639//3639 3640//3640 3680//3680
f 3639//3639 3680//3680 3679//3679
f 3640//3640 3641//3641 3681//3681
f 3640//3640 3681//3681 3680//3680
f 3641//3641 3642//3642 3682//3682
f 3641//3641 3682//3682 3681//3681
f 3642//3642 3643//3643 3683//3683
f 3642//3642 3683//3683 3682//3682
f 3643//3643 3644//3644 3684//3684
f 3643//3643 3684//3684 3683//3683
f 3644//3644 3645//3645 3685//3685
f 3644//3644 3685//3685 3684//3684
f 3645//3645 3646//3646 3686//3686
f 3645//3645 3686//3686 3685//3685
f 3646//3646 3647//3647 3687//3687
f 3646//3646 3687//3687 3686//3686
f 3647//3647 3648//3648 3688//3688
f 3647//3647 3688//3688 3687//3687
f 3648//3648 3649//3649 3689//3689
f 3648//3648 3689//3689 3688//3688
f 3649//3649 3650//3650 3690//3690
f 3649//3649 3690//3690 3689//3689
f 3650//3650 3651//3651 3691//3691
f 3650//3650 3691//3691 3690//3690
f 3651//3651 3652//3652 3692//3692
f 3651//3651 3692//3692 3691//3691
f 3652//3652 3653//3653 3693//3693
f 3652//3652 3693//3693 3692//3692
f 3653//3653 3654//3654 3694//3694
f 3653//3653 3694//3694 3693//3693
f 3654//3654 3655//3655 3695//3695
f 3654//3654 3695//3695 3694//3694
f 3655//3655 3656//3656 3696//3696
f 3655//3655 3696//3696 3695//3695
f 3656//3656 3657//3657 3697//3697
f 3656//3656 3697//3697 3696//3696
f 3657//3657 3658//3658 3698//3698
f 3657//3657 3698//3698 3697//3697
f 3658//3658 3659//3659 3699//3699
f 3658//3658 3699//3699 3698//3698
f 3659//3659 3660//3660 3700//3700
f 3659//3659 3700//3700 3699//3699
f 3660//3660 3661//3661 3701//3701
f 3660//3660 3701//3701 3700//3700
f 3661//3661 3662//3662 3702//3702
f 3661//3661 3702//3702 3701//3701
f 3662//3662 3663//3663 3703//3703
f 3662//3662 3703//3703 3702//3702
f 3663//3663 3664//3664 3704//3704
f 3663//3663 3704//3704 3703//3703
f 3664//3664 3665//3665 3705//3705
f 3664//3664 3705//3705 3704//3704
f 3665//3665 3666//3666 3706//3706
f 3665//3665 3706//3706 3705//3705
f 3666//3666 3667//3667 3707//3707
f 3666//3666 3707//3707 3706//3706
f 3667//3667 3668//3668 3708//3708
f 3667//3667 3708//3708 3707//3707
f 3668//3668 3669//3669 3709//3709
f 3668//3668 3709//3709 3708//3708
f 3669//3669 3670//3670 3710//3710
f 3669//3669 3710//3710 3709//3709
f 3670//3670 3671//3671 3711//3711
f 3670//3670 3711//3711 3710//3710
f 3671//3671 3672//3672 3712//3712
f 3671//3671 3712//3712 3711//3711
f 3672//3672 3673//3673 3713//3713
f 3672//3672 3713//3713 3712//3712
f 3673//3673 3674//3674 3714//3714
f 3673//3673 3714//3714 3713//3713
f 3674//3674 3675//3675 3715//3715
f 3674//3674 3715//3715 3714//3714
f 3675//3675 3636//3636 3676//3676
f 3675//3675 3676//3676 3715//3715
f 3676//3676 3677//3677 3717//3717
f 3676//3676 3717//3717 3716//3716
f 3677//3677 3678//3678 3718//3718
f 3677//3677 3718//3718 3717//3717
f 3678//3678 3679//3679 3719//3719
f 3678//3678 3719//3719 3718//3718
f 3679//3679 3680//3680 3720//3720
f 3679//3679 3720//3720 3719//3719
f 3680//3680 3681//3681 3721//3721
f 3680//3680 3721//3721 3720//3720
f 3681//3681 3682//3682 3722//3722
f 3681//3681 3722//3722 3721//3721
f 3682//3682 3683//3683 3723//3723
f 3682//3682 3723//3723 3722//3722
f 3683//3683 3684//3684 3724//3724
f 3683//3683 3724//3724 3723//3723
f 3684//3684 3685//3685 3725//3725
f 3684//3684 3725//3725 3724//3724
f 3685//3685 3686//3686 3726//3726
f 3685//3685 3726//3726 3725//3725
f 3686//3686 3687//3687 3727//3727
f 3686//3686 3727//3727 3726//3726
f 3687//3687 3688//3688 3728//3728
f 3687//3687 3728//3728 3727//3727
f 3688//3688 3689//3689 3729//3729
f 3688//3688 3729//3729 3728//3728
f 3689//3689 3690//3690 3730//3730
f 3689//3689 3730//3730 3729//3729
f 3690//3690 3691//3691 3731//3731
f 3690//3690 3731//3731 3730//3730
f 3691//3691 3692//3692 3732//3732
f 3691//3691 3732//3732 3731//3731
f 3692//3692 3693//3693 3733//3733
f 3692//3692 3733//3733 3732//3732
f 3693//3693 3694//3694 3734//3734
f 3693//3693 3734//3734 3733//3733
f 3694//3694 3695//3695 3735//3735
f 3694//3694 3735//3735 3734//3734
f 3695//3695 3696//3696 3736//3736
f 3695//3695 3736//3736 3735//3735
f 3696//3696 3697//3697 3737//3737
f 3696//3696 3737//3737 3736//3736
f 3697//3697 3698//3698 3738//3738
f 3697//3697 3738//3738 3737//3737
f 3698//3698 3699//3699 3739//3739
f 3698//3698 3739//3739 3738//3738
f 3699//3699 3700//3700 3740//3740
f 3699//3699 3740//3740 3739//3739
f 3700//3700 3701//3701 3741//3741
f 3700//3700 3741//3741 3740//3740
f 3701//3701 3702//3702 3742//3742
f 3701//3701 3742//3742 3741//3741
f 3702//3702 3703//3703 3743//3743
f 3702//3702 3743//3743 3742//3742
f 3703//3703 3704//3704 3744//3744
f 3703//3703 3744//3744 3743//3743
f 3704//3704 3705//3705 3745//3745
f 3704//3704 3745//3745 3744//3744
f 3705//3705 3706//3706 3746//3746
f 3705//3705 3746//3746 3745//3745
f 3706//3706 3707//3707 3747//3747
f 3706//3706 3747//3747 3746//3746
f 3707//3707 3708//3708 3748//3748
f 3707//3707 3748//3748 3747//3747
f 3708//3708 3709//3709 3749//3749
f 3708//3708 3749//3749 3748//3748
f 3709//3709 3710//3710 3750//3750
f 3709//3709 3750//3750 3749//3749
f 3710//3710 3711//3711 3751//3751
f 3710//3710 3751//3751 3750//3750
f 3711//3711 3712//3712 3752//3752
f 3711//3711 3752//3752 3751//3751
f 3712//3712 3713//3713 3753//3753
f 3712//3712 3753//3753 3752//3752
f 3713//3713 3714//3714 3754//3754
f 3713//3713 3754//3754 3753//3753
f 3714//3714 3715//3715 3755//3755
f 3714//3714 3755//3755 3754//3754
f 3715//3715 3676//3676 3716//3716
f 3715//3715 3716//3716 3755//3755
f 3716//3716 3717//3717 3757//3757
f 3716//3716 3757//3757 3756//3756
f 3717//3717 3718//3718 3758//3758
f 3717//3717 3758//3758 3757//3757
f 3718//3718 3719//3719 3759//3759
f 3718//3718 3759//3759 3758//3758
f 3719//3719 3720//3720 3760//3760
f 3719//3719 3760//3760 3759//3759
f 3720//3720 3721//3721 3761//3761
f 3720//3720 3761//3761 3760//3760
f 3721//3721 3722//3722 3762//3762
f 3721//3721 3762//3762 3761//3761
f 3722//3722 3723//3723 3763//3763
f 3722//3722 3763//3763 3762//3762
f 3723//3723 3724//3724 3764//3764
f 3723//3723 3764//3764 3763//3763
f 3724//3724 3725//3725 3765//3765
f 3724//3724 3765//3765 3764//3764
f 3725//3725 3726//3726 3766//3766
f 3725//3725 3766//3766 3765//3765
f 3726//3726 3727//3727 3767//3767
f 3726//3726 3767//3767 3766//3766
f 3727//3727 3728//3728 3768//3768
f 3727//3727 3768//3768 3767//3767
f 3728//3728 3729//3729 3769//3769
f 3728//3728 3769//3769 3768//3768
f 3729//3729 3730//3730 3770//3770
f 3729//3729 3770//3770 3769//3769
f 3730//3730 3731//3731 3771//3771
f 3730//3730 3771//3771 3770//3770
f 3731//3731 3732//3732 3772//3772
f 3731//3731 3772//3772 3771//3771
f 3732//3732 3733//3733 3773//3773
f 3732//3732 3773//3773 3772//3772
f 3733//3733 3734//3734 3774//3774
f 3733//3733 3774//3774 3773//3773
f 3734//3734 3735//3735 3775//3775
f 3734//3734 3775//3775 3774//3774
f 3735//3735 3736//3736 3776//3776
f 3735//3735 3776//3776 3775//3775
f 3736//3736 3737//3737 3777//3777
f 3736//3736 3777//3777 3776//3776
f 3737//3737 3738//3738 3778//3778
f 3737//3737 3778//3778 3777//3777
f 3738//3738 3739//3739 3779//3779
f 3738//3738 3779//3779 3778//3778
f 3739//3739 3740//3740 3780//3780
f 3739//3739 3780//3780 3779//3779
f 3740//3740 3741//3741 3781//3781
f 3740//3740 3781//3781 3780//3780
f 3741//3741 3742//3742 3782//3782
f 3741//3741 3782//3782 3781//3781
f 3742//3742 3743//3743 3783//3783
f 3742//3742 3783//3783 3782//3782
f 3743//3743 3744//3744 3784//3784
f 3743//3743 3784//3784 3783//3783
f 3744//3744 3745//3745 3785//3785
f 3744//3744 3785//3785 3784//3784
f 3745//3745 3746//3746 3786//3786
f 3745//3745 3786//3786 3785//3785
f 3746//3746 3747//3747 3787//3787
f 3746//3746 3787//3787 3786//3786
f 3747//3747 3748//3748 3788//3788
f 3747//3747 3788//3788 3787//3787
f 3748//3748 3749//3749 3789//3789
f 3748//3748 3789//3789 3788//3788
f 3749//3749 3750//3750 3790//3790
f 3749//3749 3790//3790 3789//3789
f 3750//3750 3751//3751 3791//3791
f 3750//3750 3791//3791 3790//3790
f 3751//3751 3752//3752 3792//3792
f 3751//3751 3792//3792 3791//3791
f 3752//3752 3753//3753 3793//3793
f 3752//3752 3793//3793 3792//3792
f 3753//3753 3754//3754 3794//3794
f 3753//3753 3794//3794 3793//3793
f 3754//3754 3755//3755 3795//3795
f 3754//3754 3795//3795 3794//3794
f 3755//3755 3716//3716 3756//3756
f 3755//3755 3756//3756 3795//3795
f 3756//3756 3757//3757 3797//3797
f 3756//3756 3797//3797 3796//3796
f 3757//3757 3758//3758 3798//3798
f 3757//3757 3798//3798 3797//3797
f 3758//3758 3759//3759 3799//3799
f 3758//3758 3799//3799 3798//3798
f 3759//3759 3760//3760 3800//3800
f 3759//3759 3800//3800 3799//3799
f 3760//3760 3761//3761 3801//3801
f 3760//3760 3801//3801 3800//3800
f 3761//3761 3762//3762 3802//3802
f 3761//3761 3802//3802 3801//3801
f 3762//3762 3763//3763 3803//3803
f 3762//3762 3803//3803 3802//3802
f 3763//3763 3764//3764 3804//3804
f 3763//3763 3804//3804 3803//3803
f 3764//3764 3765//3765 3805//3805
f 3764//3764 3805//3805 3804//3804
f 3765//3765 3766//3766 3806//3806
f 3765//3765 3806//3806 3805//3805
f 3766//3766 3767//3767 3807//3807
f 3766//3766 3807//3807 3806//3806
f 3767//3767 3768//3768 3808//3808
f 3767//3767 3808//3808 3807//3807
f 3768//3768 3769//3769 3809//3809
f 3768//3768 3809//3809 3808//3808
f 3769//3769 3770//3770 3810//3810
f 3769//3769 3810//3810 3809//3809
f 3770//3770 3771//3771 3811//3811
f 3770//3770 3811//3811 3810//3810
f 3771//3771 3772//3772 3812//3812
f 3771//3771 3812//3812 3811//3811
f 3772//3772 3773//3773 3813//3813
f 3772//3772 3813//3813 3812//3812
f 3773//3773 3774//3774 3814//3814
f 3773//3773 3814//3814 3813//3813
f 3774//3774 3775//3775 3815//3815
f 3774//3774 3815//3815 3814//3814
f 3775//3775 3776//3776 3816//3816
f 3775//3775 3816//3816 3815//3815
f 3776//3776 3777//3777 3817//3817
f 3776//3776 3817//3817 3816//3816
f 3777//3777 3778//3778 3818//3818
f 3777//3777 3818//3818 3817//3817
f 3778//3778 3779//3779 3819//3819
f 3778//3778 3819//3819 3818//3818
f 3779//3779 3780//3780 3820//3820
f 3779//3779 3820//3820 3819//3819
f 3780//3780 3781//3781 3821//3821
f 3780//3780 3821//3821 3820//3820
f 3781//3781 3782//3782 3822//3822
f 3781//3781 3822//3822 3821//3821
f 3782//3782 3783//3783 3823//3823
f 3782//3782 3823//3823 3822//3822
f 3783//3783 3784//3784 3824//3824
f 3783//3783 3824//3824 3823//3823
f 3784//3784 3785//3785 3825//3825
f 3784//3784 3825//3825 3824//3824
f 3785//3785 3786//3786 3826//3826
f 3785//3785 3826//3826 3825//3825
f 3786//3786 3787//3787 3827//3827
f 3786//3786 3827//3827 3826//3826
f 3787//3787 3788//3788 3828//3828
f 3787//3787 3828//3828 3827//3827
f 3788//3788 3789//3789 3829//3829
f 3788//3788 3829//3829 3828//3828
f 3789//3789 3790//3790 3830//3830
f 3789//3789 3830//3830 3829//3829
f 3790//3790 3791//3791 3831//3831
f 3790//3790 3831//3831 3830//3830
f 3791//3791 3792//3792 3832//3832
f 3791//3791 3832//3832 3831//3831
f 3792//3792 3793//3793 3833//3833
f 3792//3792 3833//3833 3832//3832
f 3793//3793 3794//3794 3834//3834
f 3793//3793 3834//3834 3833//3833
f 3794//3794 3795//3795 3835//3835
f 3794//3794 3835//3835 3834//3834
f 3795//3795 3756//3756 3796//3796
f 3795//3795 3796//3796 3835//3835
f 3796//3796 3797//3797 3837//3837
f 3796//3796 3837//3837 3836//3836
f 3797//3797 3798//3798 3838//3838
f 3797//3797 3838//3838 3837//3837
f 3798//3798 3799//3799 3839//3839
f 3798//3798 3839//3839 3838//3838
f 3799//3799 3800//3800 3840//3840
f 3799//3799 3840//3840 3839//3839
f 3800//3800 3801//3801 3841//3841
f 3800//3800 3841//3841 3840//3840
f 3801//3801 3802//3802 3842//3842
f 3801//3801 3842//3842 3841//3841
f 3802//3802 3803//3803 3843//3843
f 3802//3802 3843//3843 3842//3842
f 3803//3803 3804//3804 3844//3844
f 3803//3803 3844//3844 3843//3843
f 3804//3804 3805//3805 3845//3845
f 3804//3804 3845//3845 3844//3844
f 3805//3805 3806//3806 3846//3846
f 3805//3805 3846//3846 3845//3845
f 3806//3806 3807//3807 3847//3847
f 3806//3806 3847//3847 3846//3846
f 3807//3807 3808//3808 3848//3848
f 3807//3807 3848//3848 3847//3847
f 3808//3808 3809//3809 3849//3849
f 3808//3808 3849//3849 3848//3848
f 3809//3809 3810//3810 3850//3850
f 3809//3809 3850//3850 3849//3849
f 3810//3810 3811//3811 3851//3851
f 3810//3810 3851//3851 3850//3850
f 3811//3811 3812//3812 3852//3852
f 3811//3811 3852//3852 3851//3851
f 3812//3812 3813//3813 3853//3853
f 3812//3812 3853//3853 3852//3852
f 3813//3813 3814//3814 3854//3854
f 3813//3813 3854//3854 3853//3853
f 3814//3814 3815//3815 3855//3855
f 3814//3814 3855//3855 3854//3854
f 3815//3815 3816//3816 3856//3856
f 3815//3815 3856//3856 3855//3855
f 3816//3816 3817//3817 3857//3857
f 3816//3816 3857//3857 3856//3856
f 3817//3817 3818//3818 3858//3858
f 3817//3817 3858//3858 3857//3857
f 3818//3818 3819//3819 3859//3859
f 3818//3818 3859//3859 3858//3858
f 3819//3819 3820//3820 3860//3860
f 3819//3819 3860//3860 3859//3859
f 3820//3820 3821//3821 3861//3861
f 3820//3820 3861//3861 3860//3860
f 3821//3821 3822//3822 3862//3862
f 3821//3821 3862//3862 3861//3861
f 3822//3822 3823//3823 3863//3863
f 3822//3822 3863//3863 3862//3862
f 3823//3823 3824//3824 3864//3864
f 3823//3823 3864//3864 3863//3863
f 3824//3824 3825//3825 3865//3865
f 3824//3824 3865//3865 3864//3864
f 3825//3825 3826//3826 3866//3866
f 3825//3825 3866//3866 3865//3865
f 3826//3826 3827//3827 3867//3867
f 3826//3826 3867//3867 3866//3866
f 3827//3827 3828//3828 3868//3868
f 3827//3827 3868//3868 3867//3867
f 3828//3828 3829//3829 3869//3869
f 3828//3828 3869//3869 3868//3868
f 3829//3829 3830//3830 3870//3870
f 3829//3829 3870//3870 3869//3869
f 3830//3830 3831//3831 3871//3871
f 3830//3830 3871//3871 3870//3870
f 3831//3831 3832//3832 3872//3872
f 3831//3831 3872//3872 3871//3871
f 3832//3832 3833//3833 3873//3873
f 3832//3832 3873//3873 3872//3872
f 3833//3833 3834//3834 3874//3874
f 3833//3833 3874//3874 3873//3873
f 3834//3834 3835//3835 3875//3875
f 3834//3834 3875//3875 3874//3874
f 3835//3835 3796//3796 3836//3836
f 3835//3835 3836//3836 3875//3875
f 3836//3836 3837//3837 3877//3877
f 3836//3836 3877//3877 3876//3876
f 3837//3837 3838//3838 3878//3878
f 3837//3837 3878//3878 3877//3877
f 3838//3838 3839//3839 3879//3879
f 3838//3838 3879//3879 3878//3878
f 3839//3839 3840//3840 3880//3880
f 3839//3839 3880//3880 3879//3879
f 3840//3840 3841//3841 3881//3881
f 3840//3840 3881//3881 3880//3880
f 3841//3841 3842//3842 3882//3882
f 3841//3841 3882//3882 3881//3881
f 3842//3842 3843//3843 3883//3883
f 3842//3842 3883//3883 3882//3882
f 3843//3843 3844//3844 3884//3884
f 3843//3843 3884//3884 3883//3883
f 3844//3844 3845//3845 3885//3885
f 3844//3844 3885//3885 3884//3884
f 3845//3845 3846//3846 3886//3886
f 3845//3845 3886//3886 3885//3885
f 3846//3846 3847//3847 3887//3887
f 3846//3846 3887//3887 3886//3886
f 3847//3847 3848//3848 3888//3888
f 3847//3847 3888//3888 3887//3887
f 3848//3848 3849//3849 3889//3889
f 3848//3848 3889//3889 3888//3888
f 3849//3849 3850//3850 3890//3890
f 3849//3849 3890//3890 3889//3889
f 3850//3850 3851//3851 3891//3891
f 3850//3850 3891//3891 3890//3890
f 3851//3851 3852//3852 3892//3892
f 3851//3851 3892//3892 3891//3891
f 3852//3852 3853//3853 3893//3893
f 3852//3852 3893//3893 3892//3892
f 3853//3853 3854//3854 3894//3894
f 3853//3853 3894//3894 3893//3893
f 3854//3854 3855//3855 3895//3895
f 3854//3854 3895//3895 3894//3894
f 3855//3855 3856//3856 3896//3896
f 3855//3855 3896//3896 3895//3895
f 3856//3856 3857//3857 3897//3897
f 3856//3856 3897//3897 3896//3896
f 3857//3857 3858//3858 3898//3898
f 3857//3857 3898//3898 3897//3897
f 3858//3858 3859//3859 3899//3899
f 3858//3858 3899//3899 3898//3898
f 3859//3859 3860//3860 3900//3900
f 3859//3859 3900//3900 3899//3899
f 3860//3860 3861//3861 3901//3901
f 3860//3860 3901//3901 3900//3900
f 3861//3861 3862//3862 3902//3902
f 3861//3861 3902//3902 3901//3901
f 3862//3862 3863//3863 3903//3903
f 3862//3862 3903//3903 3902//3902
f 3863//3863 3864//3864 3904//3904
f 3863//3863 3904//3904 3903//3903
f 3864//3864 3865//3865 3905//3905
f 3864//3864 3905//3905 3904//3904
f 3865//3865 3866//3866 3906//3906
f 3865//3865 3906//3906 3905//3905
f 3866//3866 3867//3867 3907//3907
f 3866//3866 3907//3907 3906//3906
f 3867//3867 3868//3868 3908//3908
f 3867//3867 3908//3908 3907//3907
f 3868//3868 3869//3869 3909//3909
f 3868//3868 3909//3909 3908//3908
f 3869//3869 3870//3870 3910//3910
f 3869//3869 3910//3910 3909//3909
f 3870//3870 3871//3871 3911//3911
f 3870//3870 3911//3911 3910//3910
f 3871//3871 3872//3872 3912//3912
f 3871//3871 3912//3912 3911//3911
f 3872//3872 3873//3873 3913//3913
f 3872//3872 3913//3913 3912//3912
f 3873//3873 3874//3874 3914//3914
f 3873//3873 3914//3914 3913//3913
f 3874//3874 3875//3875 3915//3915
f 3874//3874 3915//3915 3914//3914
f 3875//3875 3836//3836 3876//3876
f 3875//3875 3876//3876 3915//3915
f 3876//3876 3877//3877 3917//3917
f 3876//3876 3917//3917 3916//3916
f 3877//3877 3878//3878 3918//3918
f 3877//3877 3918//3918 3917//3917
f 3878//3878 3879//3879 3919//3919
f 3878//3878 3919//3919 3918//3918
f 3879//3879 3880//3880 3920//3920
f 3879//3879 3920//3920 3919//3919
f 3880//3880 3881//3881 3921//3921
f 3880//3880 3921//3921 3920//3920
f 3881//3881 3882//3882 3922//3922
f 3881//3881 3922//3922 3921//3921
f 3882//3882 3883//3883 3923//3923
f 3882//3882 3923//3923 3922//3922
f 3883//3883 3884//3884 3924//3924
f 3883//3883 3924//3924 3923//3923
f 3884//3884 3885//3885 3925//3925
f 3884//3884 3925//3925 3924//3924
f 3885//3885 3886//3886 3926//3926
f 3885//3885 3926//3926 3925//3925
f 3886//3886 3887//3887 3927//3927
f 3886//3886 3927//3927 3926//3926
f 3887//3887 3888//3888 3928//3928
f 3887//3887 3928//3928 3927//3927
f 3888//3888 3889//3889 3929//3929
f 3888//3888 3929//3929 3928//3928
f 3889//3889 3890//3890 3930//3930
f 3889//3889 3930//3930 3929//3929
f 3890//3890 3891//3891 3931//3931
f 3890//3890 3931//3931 3930//3930
f 3891//3891 3892//3892 3932//3932
f 3891//3891 3932//3932 3931//3931
f 3892//3892 3893//3893 3933//3933
f 3892//3892 3933//3933 3932//3932
f 3893//3893 3894//3894 3934//3934
f 3893//3893 3934//3934 3933//3933
f 3894//3894 3895//3895 3935//3935
f 3894//3894 3935//3935 3934//3934
f 3895//3895 3896//3896 3936//3936
f 3895//3895 3936//3936 3935//3935
f 3896//3896 3897//3897 3937//3937
f 3896//3896 3937//3937 3936//3936
f 3897//3897 3898//3898 3938//3938
f 3897//3897 3938//3938 3937//3937
f 3898//3898 3899//3899 3939//3939
f 3898//3898 3939//3939 3938//3938
f 3899//3899 3900//3900 3940//3940
f 3899//3899 3940//3940 3939//3939
f 3900//3900 3901//3901 3941//3941
f 3900//3900 3941//3941 3940//3940
f 3901//3901 3902//3902 3942//3942
f 3901//3901 3942//3942 3941//3941
f 3902//3902 3903//3903 3943//3943
f 3902//3902 3943//3943 3942//3942
f 3903//3903 3904//3904 3944//3944
f 3903//3903 3944//3944 3943//3943
f 3904//3904 3905//3905 3945//3945
f 3904//3904 3945//3945 3944//3944
f 3905//3905 3906//3906 3946//3946
f 3905//3905 3946//3946 3945//3945
f 3906//3906 3907//3907 3947//3947
f 3906//3906 3947//3947 3946//3946
f 3907//3907 3908//3908 3948//3948
f 3907//3907 3948//3948 3947//3947
f 3908//3908 3909//3909 3949//3949
f 3908//3908 3949//3949 3948//3948
f 3909//3909 3910//3910 3950//3950
f 3909//3909 3950//3950 3949//3949
f 3910//3910 3911//3911 3951//3951
f 3910//3910 3951//3951 3950//3950
f 3911//3911 3912//3912 3952//3952
f 3911//3911 3952//3952 3951//3951
f 3912//3912 3913//3913 3953//3953
f 3912//3912 3953//3953 3952//3952
f 3913//3913 3914//3914 3954//3954
f 3913//3913 3954//3954 3953//3953
f 3914//3914 3915//3915 3955//3955
f 3914//3914 3955//3955 3954//3954
f 3915//3915 3876//3876 3916//3916
f 3915//3915 3916//3916 3955//3955
f 3916//3916 3917//3917 3957//3957
f 3916//3916 3957//3957 3956//3956
f 3917//3917 3918//3918 3958//3958
f 3917//3917 3958//3958 3957//3957
f 3918//3918 3919//3919 3959//3959
f 3918//3918 3959//3959 3958//3958
f 3919//3919 3920//3920 3960//3960
f 3919//3919 3960//3960 3959//3959
f 3920//3920 3921//3921 3961//3961
f 3920//3920 3961//3961 3960//3960
f 3921//3921 3922//3922 3962//3962
f 3921//3921 3962//3962 3961//3961
f 3922//3922 3923//3923 3963//3963
f 3922//3922 3963//3963 3962//3962
f 3923//3923 3924//3924 3964//3964
f 3923//3923 3964//3964 3963//3963
f 3924//3924 3925//3925 3965//3965
f 3924//3924 3965//3965 3964//3964
f 3925//3925 3926//3926 3966//3966
f 3925//3925 3966//3966 3965//3965
f 3926//3926 3927//3927 3967//3967
f 3926//3926 3967//3967 3966//3966
f 3927//3927 3928//3928 3968//3968
f 3927//3927 3968//3968 3967//3967
f 3928//3928 3929//3929 3969//3969
f 3928//3928 3969//3969 3968//3968
f 3929//3929 3930//3930 3970//3970
f 3929//3929 3970//3970 3969//3969
f 3930//3930 3931//3931 3971//3971
f 3930//3930 3971//3971 3970//3970
f 3931//3931 3932//3932 3972//3972
f 3931//3931 3972//3972 3971//3971
f 3932//3932 3933//3933 3973//3973
f 3932//3932 3973//3973 3972//3972
f 3933//3933 3934//3934 3974//3974
f 3933//3933 3974//3974 3973//3973
f 3934//3934 3935//3935 3975//3975
f 3934//3934 3975//3975 3974//3974
f 3935//3935 3936//3936 3976//3976
f 3935//3935 3976//3976 3975//3975
f 3936//3936 3937//3937 3977//3977
f 3936//3936 3977//3977 3976//3976
f 3937//3937 3938//3938 3978//3978
f 3937//3937 3978//3978 3977//3977
f 3938//3938 3939//3939 3979//3979
f 3938//3938 3979//3979 3978//3978
f 3939//3939 3940//3940 3980//3980
f 3939//3939 3980//3980 3979//3979
f 3940//3940 3941//3941 3981//3981
f 3940//3940 3981//3981 3980//3980
f 3941//3941 3942//3942 3982//3982
f 3941//3941 3982//3982 3981//3981
f 3942//3942 3943//3943 3983//3983
f 3942//3942 3983//3983 3982//3982
f 3943//3943 3944//3944 3984//3984
f 3943//3943 3984//3984 3983//3983
f 3944//3944 3945//3945 3985//3985
f 3944//3944 3985//3985 3984//3984
f 3945//3945 3946//3946 3986//3986
f 3945//3945 3986//3986 3985//3985
f 3946//3946 3947//3947 3987//3987
f 3946//3946 3987//3987 3986//3986
f 3947//3947 3948//3948 3988//3988
f 3947//3947 3988//3988 3987//3987
f 3948//3948 3949//3949 3989//3989
f 3948//3948 3989//3989 3988//3988
f 3949//3949 3950//3950 3990//3990
f 3949//3949 3990//3990 3989//3989
f 3950//3950 3951//3951 3991//3991
f 3950//3950 3991//3991 3990//3990
f 3951//3951 3952//3952 3992//3992
f 3951//3951 3992//3992 3991//3991
f 3952//3952 3953//3953 3993//3993
f 3952//3952 3993//3993 3992//3992
f 3953//3953 3954//3954 3994//3994
f 3953//3953 3994//3994 3993//3993
f 3954//3954 3955//3955 3995//3995
f 3954//3954 3995//3995 3994//3994
f 3955//3955 3916//3916 3956//3956
f 3955//3955 3956//3956 3995//3995
f 3956//3956 3957//3957 3997//3997
f 3956//3956 3997//3997 3996//3996
f 3957//3957 3958//3958 3998//3998
f 3957//3957 3998//3998 3997//3997
f 3958//3958 3959//3959 3999//3999
f 3958//3958 3999//3999 3998//3998
f 3959//3959 3960//3960 4000//4000
f 3959//3959 4000//4000 3999//3999
f 3960//3960 3961//3961 4001//4001
f 3960//3960 4001//4001 4000//4000
f 3961//3961 3962//3962 4002//4002
f 3961//3961 4002//4002 4001//4001
f 3962//3962 3963//3963 4003//4003
f 3962//3962 4003//4003 4002//4002
f 3963//3963 3964//3964 4004//4004
f 3963//3963 4004//4004 4003//4003
f 3964//3964 3965//3965 4005//4005
f 3964//3964 4005//4005 4004//4004
f 3965//3965 3966//3966 4006//4006
f 3965//3965 4006//4006 4005//4005
f 3966//3966 3967//3967 4007//4007
f 3966//3966 4007//4007 4006//4006
f 3967//3967 3968//3968 4008//4008
f 3967//3967 4008//4008 4007//4007
f 3968//3968 3969//3969 4009//4009
f 3968//3968 4009//4009 4008//4008
f 3969//3969 3970//3970 4010//4010
f 3969//3969 4010//4010 4009//4009
f 3970//3970 3971//3971 4011//4011
f 3970//3970 4011//4011 4010//4010
f 3971//3971 3972//3972 4012//4012
f 3971//3971 4012//4012 4011//4011
f 3972//3972 3973//3973 4013//4013
f 3972//3972 4013//4013 4012//4012
f 3973//3973 3974//3974 4014//4014
f 3973//3973 4014//4014 4013//4013
f 3974//3974 3975//3975 4015//4015
f 3974//3974 4015//4015 4014//4014
f 3975//3975 3976//3976 4016//4016
f 3975//3975 4016//4016 4015//4015
f 3976//3976 3977//3977 4017//4017
f 3976//3976 4017//4017 4016//4016
f 3977//3977 3978//3978 4018//4018
f 3977//3977 4018//4018 4017//4017
f 3978//3978 3979//3979 4019//4019
f 3978//3978 4019//4019 4018//4018
f 3979//3979 3980//3980 4020//4020
f 3979//3979 4020//4020 4019//4019
f 3980//3980 3981//3981 4021//4021
f 3980//3980 4021//4021 4020//4020
f 3981//3981 3982//3982 4022//4022
f 3981//3981 4022//4022 4021//4021
f 3982//3982 3983//3983 4023//4023
f 3982//3982 4023//4023 4022//4022
f 3983//3983 3984//3984 4024//4024
f 3983//3983 4024//4024 4023//4023
f 3984//3984 3985//3985 4025//4025
f 3984//3984 4025//4025 4024//4024
f 3985//3985 3986//3986 4026//4026
f 3985//3985 4026//4026 4025//4025
f 3986//3986 3987//3987 4027//4027
f 3986//3986 4027//4027 4026//4026
f 3987//3987 3988//3988 4028//4028
f 3987//3987 4028//4028 4027//4027
f 3988//3988 3989//3989 4029//4029
f 3988//3988 4029//4029 4028//4028
f 3989//3989 3990//3990 4030//4030
f 3989//3989 4030//4030 4029//4029
f 3990//3990 3991//3991 4031//4031
f 3990//3990 4031//4031 4030//4030
f 3991//3991 3992//3992 4032//4032
f 3991//3991 4032//4032 4031//4031
f 3992//3992 3993//3993 4033//4033
f 3992//3992 4033//4033 4032//4032
f 3993//3993 3994//3994 4034//4034
f 3993//3993 4034//4034 4033//4033
f 3994//3994 3995//3995 4035//4035
f 3994//3994 4035//4035 4034//4034
f 3995//3995 3956//3956 3996//3996
f 3995//3995 3996//3996 4035//4035
f 3996//3996 3997//3997 4037//4037
f 3996//3996 4037//4037 4036//4036
f 3997//3997 3998//3998 4038//4038
f 3997//3997 4038//4038 4037//4037
f 3998//3998 3999//3999 4039//4039
f 3998//3998 4039//4039 4038//4038
f 3999//3999 4000//4000 4040//4040
f 3999//3999 4040//4040 4039//4039
f 4000//4000 4001//4001 4041//4041
f 4000//4000 4041//4041 4040//4040
f 4001//4001 4002//4002 4042//4042
f 4001//4001 4042//4042 4041//4041
f 4002//4002 4003//4003 4043//4043
f 4002//4002 4043//4043 4042//4042
f 4003//4003 4004//4004 4044//4044
f 4003//4003 4044//4044 4043//4043
f 4004//4004 4005//4005 4045//4045
f 4004//4004 4045//4045 4044//4044
f 4005//4005 4006//4006 4046//4046
f 4005//4005 4046//4046 4045//4045
f 4006//4006 4007//4007 4047//4047
f 4006//4006 4047//4047 4046//4046
f 4007//4007 4008//4008 4048//4048
f 4007//4007 4048//4048 4047//4047
f 4008//4008 4009//4009 4049//4049
f 4008//4008 4049//4049 4048//4048
f 4009//4009 4010//4010 4050//4050
f 4009//4009 4050//4050 4049//4049
f 4010//4010 4011//4011 4051//4051
f 4010//4010 4051//4051 4050//4050
f 4011//4011 4012//4012 4052//4052
f 4011//4011 4052//4052 4051//4051
f 4012//4012 4013//4013 4053//4053
f 4012//4012 4053//4053 4052//4052
f 4013//4013 4014//4014 4054//4054
f 4013//4013 4054//4054 4053//4053
f 4014//4014 4015//4015 4055//4055
f 4014//4014 4055//4055 4054//4054
f 4015//4015 4016//4016 4056//4056
f 4015//4015 4056//4056 4055//4055
f 4016//4016 4017//4017 4057//4057
f 4016//4016 4057//4057 4056//4056
f 4017//4017 4018//4018 4058//4058
f 4017//4017 4058//4058 4057//4057
f 4018//4018 4019//4019 4059//4059
f 4018//4018 4059//4059 4058//4058
f 4019//4019 4020//4020 4060//4060
f 4019//4019 4060//4060 4059//4059
f 4020//4020 4021//4021 4061//4061
f 4020//4020 4061//4061 4060//4060
f 4021//4021 4022//4022 4062//4062
f 4021//4021 4062//4062 4061//4061
f 4022//4022 4023//4023 4063//4063
f 4022//4022 4063//4063 4062//4062
f 4023//4023 4024//4024 4064//4064
f 4023//4023 4064//4064 4063//4063
f 4024//4024 4025//4025 4065//4065
f 4024//4024 4065//4065 4064//4064
f 4025//4025 4026//4026 4066//4066
f 4025//4025 4066//4066 4065//4065
f 4026//4026 4027//4027 4067//4067
f 4026//4026 4067//4067 4066//4066
f 4027//4027 4028//4028 4068//4068
f 4027//4027 4068//4068 4067//4067
f 4028//4028 4029//4029 4069//4069
f 4028//4028 4069//4069 4068//4068
f 4029//4029 4030//4030 4070//4070
f 4029//4029 4070//4070 4069//4069
f 4030//4030 4031//4031 4071//4071
f 4030//4030 4071//4071 4070//4070
f 4031//4031 4032//4032 4072//4072
f 4031//4031 4072//4072 4071//4071
f 4032//4032 4033//4033 4073//4073
f 4032//4032 4073//4073 4072//4072
f 4033//4033 4034//4034 4074//4074
f 4033//4033 4074//4074 4073//4073
f 4034//4034 4035//4035 4075//4075
f 4034//4034 4075//4075 4074//4074
f 4035//4035 3996//3996 4036//4036
f 4035//4035 4036//4036 4075//4075
f 4036//4036 4037//4037 4077//4077
f 4036//4036 4077//4077 4076//4076
f 4037//4037 4038//4038 4078//4078
f 4037//4037 4078//4078 4077//4077
f 4038//4038 4039//4039 4079//4079
f 4038//4038 4079//4079 4078//4078
f 4039//4039 4040//4040 4080//4080
f 4039//4039 4080//4080 4079//4079
f 4040//4040 4041//4041 4081//4081
f 4040//4040 4081//4081 4080//4080
f 4041//4041 4042//4042 4082//4082
f 4041//4041 4082//4082 4081//4081
f 4042//4042 4043//4043 4083//4083
f 4042//4042 4083//4083 4082//4082
f 4043//4043 4044//4044 4084//4084
f 4043//4043 4084//4084 4083//4083
f 4044//4044 4045//4045 4085//4085
f 4044//4044 4085//4085 4084//4084
f 4045//4045 4046//4046 4086//4086
f 4045//4045 4086//4086 4085//4085
f 4046//4046 4047//4047 4087//4087
f 4046//4046 4087//4087 4086//4086
f 4047//4047 4048//4048 4088//4088
f 4047//4047 4088//4088 4087//4087
f 4048//4048 4049//4049 4089//4089
f 4048//4048 4089//4089 4088//4088
f 4049//4049 4050//4050 4090//4090
f 4049//4049 4090//4090 4089//4089
f 4050//4050 4051//4051 4091//4091
f 4050//4050 4091//4091 4090//4090
f 4051//4051 4052//4052 4092//4092
f 4051//4051 4092//4092 4091//4091
f 4052//4052 4053//4053 4093//4093
f 4052//4052 4093//4093 4092//4092
f 4053//4053 4054//4054 4094//4094
f 4053//4053 4094//4094 4093//4093
f 4054//4054 4055//4055 4095//4095
f 4054//4054 4095//4095 4094//4094
f 4055//4055 4056//4056 4096//4096
f 4055//4055 4096//4096 4095//4095
f 4056//4056 4057//4057 4097//4097
f 4056//4056 4097//4097 4096//4096
f 4057//4057 4058//4058 4098//4098
f 4057//4057 4098//4098 4097//4097
f 4058//4058 4059//4059 4099//4099
f 4058//4058 4099//4099 4098//4098
f 4059//4059 4060//4060 4100//4100
f 4059//4059 4100//4100 4099//4099
f 4060//4060 4061//4061 4101//4101
f 4060//4060 4101//4101 4100//4100
f 4061//4061 4062//4062 4102//4102
f 4061//4061 4102//4102 4101//4101
f 4062//4062 4063//4063 4103//4103
f 4062//4062 4103//4103 4102//4102
f 4063//4063 4064//4064 4104//4104
f 4063//4063 4104//4104 4103//4103
f 4064//4064 4065//4065 4105//4105
f 4064//4064 4105//4105 4104//4104
f 4065//4065 4066//4066 4106//4106
f 4065//4065 4106//4106 4105//4105
f 4066//4066 4067//4067 4107//4107
f 4066//4066 4107//4107 4106//4106
f 4067//4067 4068//4068 4108//4108
f 4067//4067 4108//4108 4107//4107
f 4068//4068 4069//4069 4109//4109
f 4068//4068 4109//4109 4108//4108
f 4069//4069 4070//4070 4110//4110
f 4069//4069 4110//4110 4109//4109
f 4070//4070 4071//4071 4111//4111
f 4070//4070 4111//4111 4110//4110
f 4071//4071 4072//4072 4112//4112
f 4071//4071 4112//4112 4111//4111
f 4072//4072 4073//4073 4113//4113
f 4072//4072 4113//4113 4112//4112
f 4073//4073 4074//4074 4114//4114
f 4073//4073 4114//4114 4113//4113
f 4074//4074 4075//4075 4115//4115
f 4074//4074 4115//4115 4114//4114
f 4075//4075 4036//4036 4076//4076
f 4075//4075 4076//4076 4115//4115
f 4076//4076 4077//4077 4117//4117
f 4076//4076 4117//4117 4116//4116
f 4077//4077 4078//4078 4118//4118
f 4077//4077 4118//4118 4117//4117
f 4078//4078 4079//4079 4119//4119
f 4078//4078 4119//4119 4118//4118
f 4079//4079 4080//4080 4120//4120
f 4079//4079 4120//4120 4119//4119
f 4080//4080 4081//4081 4121//4121
f 4080//4080 4121//4121 4120//4120
f 4081//4081 4082//4082 4122//4122
f 4081//4081 4122//4122 4121//4121
f 4082//4082 4083//4083 4123//4123
f 4082//4082 4123//4123 4122//4122
f 4083//4083 4084//4084 4124//4124
f 4083//4083 4124//4124 4123//4123
f 4084//4084 4085//4085 4125//4125
f 4084//4084 4125//4125 4124//4124
f 4085//4085 4086//4086 4126//4126
f 4085//4085 4126//4126 4125//4125
f 4086//4086 4087//4087 4127//4127
f 4086//4086 4127//4127 4126//4126
f 4087//4087 4088//4088 4128//4128
f 4087//4087 4128//4128 4127//4127
f 4088//4088 4089//4089 4129//4129
f 4088//4088 4129//4129 4128//4128
f 4089//4089 4090//4090 4130//4130
f 4089//4089 4130//4130 4129//4129
f 4090//4090 4091//4091 4131//4131
f 4090//4090 4131//4131 4130//4130
f 4091//4091 4092//4092 4132//4132
f 4091//4091 4132//4132 4131//4131
f 4092//4092 4093//4093 4133//4133
f 4092//4092 4133//4133 4132//4132
f 4093//4093 4094//4094 4134//4134
f 4093//4093 4134//4134 4133//4133
f 4094//4094 4095//4095 4135//4135
f 4094//4094 4135//4135 4134//4134
f 4095//4095 4096//4096 4136//4136
f 4095//4095 4136//4136 4135//4135
f 4096//4096 4097//4097 4137//4137
f 4096//4096 4137//4137 4136//4136
f 4097//4097 4098//4098 4138//4138
f 4097//4097 4138//4138 4137//4137
f 4098//4098 4099//4099 4139//4139
f 4098//4098 4139//4139 4138//4138
f 4099//4099 4100//4100 4140//4140
f 4099//4099 4140//4140 4139//4139
f 4100//4100 4101//4101 4141//4141
f 4100//4100 4141//4141 4140//4140
f 4101//4101 4102//4102 4142//4142
f 4101//4101 4142//4142 4141//4141
f 4102//4102 4103//4103 4143//4143
f 4102//4102 4143//4143 4142//4142
f 4103//4103 4104//4104 4144//4144
f 4103//4103 4144//4144 4143//4143
f 4104//4104 4105//4105 4145//4145
f 4104//4104 4145//4145 4144//4144
f 4105//4105 4106//4106 4146//4146
f 4105//4105 4146//4146 4145//4145
f 4106//4106 4107//4107 4147//4147
f 4106//4106 4147//4147 4146//4146
f 4107//4107 4108//4108 4148//4148
f 4107//4107 4148//4148 4147//4147
f 4108//4108 4109//4109 4149//4149
f 4108//4108 4149//4149 4148//4148
f 4109//4109 4110//4110 4150//4150
f 4109//4109 4150//4150 4149//4149
f 4110//4110 4111//4111 4151//4151
f 4110//4110 4151//4151 4150//4150
f 4111//4111 4112//4112 4152//4152
f 4111//4111 4152//4152 4151//4151
f 4112//4112 4113//4113 4153//4153
f 4112//4112 4153//4153 4152//4152
f 4113//4113 4114//4114 4154//4154
f 4113//4113 4154//4154 4153//4153
f 4114//4114 4115//4115 4155//4155
f 4114//4114 4155//4155 4154//4154
f 4115//4115 4076//4076 4116//4116
f 4115//4115 4116//4116 4155//4155
f 4116//4116 4117//4117 4157//4157
f 4116//4116 4157//4157 4156//4156
f 4117//4117 4118//4118 4158//4158
f 4117//4117 4158//4158 4157//4157
f 4118//4118 4119//4119 4159//4159
f 4118//4118 4159//4159 4158//4158
f 4119//4119 4120//4120 4160//4160
f 4119//4119 4160//4160 4159//4159
f 4120//4120 4121//4121 4161//4161
f 4120//4120 4161//4161 4160//4160
f 4121//4121 4122//4122 4162//4162
f 4121//4121 4162//4162 4161//4161
f 4122//4122 4123//4123 4163//4163
f 4122//4122 4163//4163 4162//4162
f 4123//4123 4124//4124 4164//4164
f 4123//4123 4164//4164 4163//4163
f 4124//4124 4125//4125 4165//4165
f 4124//4124 4165//4165 4164//4164
f 4125//4125 4126//4126 4166//4166
f 4125//4125 4166//4166 4165//4165
f 4126//4126 4127//4127 4167//4167
f 4126//4126 4167//4167 4166//4166
f 4127//4127 4128//4128 4168//4168
f 4127//4127 4168//4168 4167//4167
f 4128//4128 4129//4129 4169//4169
f 4128//4128 4169//4169 4168//4168
f 4129//4129 4130//4130 4170//4170
f 4129//4129 4170//4170 4169//4169
f 4130//4130 4131//4131 4171//4171
f 4130//4130 4171//4171 4170//4170
f 4131//4131 4132//4132 4172//4172
f 4131//4131 4172//4172 4171//4171
f 4132//4132 4133//4133 4173//4173
f 4132//4132 4173//4173 4172//4172
f 4133//4133 4134//4134 4174//4174
f 4133//4133 4174//4174 4173//4173
f 4134//4134 4135//4135 4175//4175
f 4134//4134 4175//4175 4174//4174
f 4135//4135 4136//4136 4176//4176
f 4135//4135 4176//4176 4175//4175
f 4136//4136 4137//4137 4177//4177
f 4136//4136 4177//4177 4176//4176
f 4137//4137 4138//4138 4178//4178
f 4137//4137 4178//4178 4177//4177
f 4138//4138 4139//4139 4179//4179
f 4138//4138 4179//4179 4178//4178
f 4139//4139 4140//4140 4180//4180
f 4139//4139 4180//4180 4179//4179
f 4140//4140 4141//4141 4181//4181
f 4140//4140 4181//4181 4180//4180
f 4141//4141 4142//4142 4182//4182
f 4141//4141 4182//4182 4181//4181
f 4142//4142 4143//4143 4183//4183
f 4142//4142 4183//4183 4182//4182
f 4143//4143 4144//4144 4184//4184
f 4143//4143 4184//4184 4183//4183
f 4144//4144 4145//4145 4185//4185
f 4144//4144 4185//4185 4184//4184
f 4145//4145 4146//4146 4186//4186
f 4145//4145 4186//4186 4185//4185
f 4146//4146 4147//4147 4187//4187
f 4146//4146 4187//4187 4186//4186
f 4147//4147 4148//4148 4188//4188
f 4147//4147 4188//4188 4187//4187
f 4148//4148 4149//4149 4189//4189
f 4148//4148 4189//4189 4188//4188
f 4149//4149 4150//4150 4190//4190
f 4149//4149 4190//4190 4189//4189
f 4150//4150 4151//4151 4191//4191
f 4150//4150 4191//4191 4190//4190
f 4151//4151 4152//4152 4192//4192
f 4151//4151 4192//4192 4191//4191
f 4152//4152 4153//4153 4193//4193
f 4152//4152 4193//4193 4192//4192
f 4153//4153 4154//4154 4194//4194
f 4153//4153 4194//4194 4193//4193
f 4154//4154 4155//4155 4195//4195
f 4154//4154 4195//4195 4194//4194
f 4155//4155 4116//4116 4156//4156
f 4155//4155 4156//4156 4195//4195
f 4156//4156 4157//4157 4197//4197
f 4156//4156 4197//4197 4196//4196
f 4157//4157 4158//4158 4198//4198
f 4157//4157 4198//4198 4197//4197
f 4158//4158 4159//4159 4199//4199
f 4158//4158 4199//4199 4198//4198
f 4159//4159 4160//4160 4200//4200
f 4159//4159 4200//4200 4199//4199
f 4160//4160 4161//4161 4201//4201
f 4160//4160 4201//4201 4200//4200
f 4161//4161 4162//4162 4202//4202
f 4161//4161 4202//4202 4201//4201
f 4162//4162 4163//4163 4203//4203
f 4162//4162 4203//4203 4202//4202
f 4163//4163 4164//4164 4204//4204
f 4163//4163 4204//4204 4203//4203
f 4164//4164 4165//4165 4205//4205
f 4164//4164 4205//4205 4204//4204
f 4165//4165 4166//4166 4206//4206
f 4165//4165 4206//4206 4205//4205
f 4166//4166 4167//4167 4207//4207
f 4166//4166 4207//4207 4206//4206
f 4167//4167 4168//4168 4208//4208
f 4167//4167 4208//4208 4207//4207
f 4168//4168 4169//4169 4209//4209
f 4168//4168 4209//4209 4208//4208
f 4169//4169 4170//4170 4210//4210
f 4169//4169 4210//4210 4209//4209
f 4170//4170 4171//4171 4211//4211
f 4170//4170 4211//4211 4210//4210
f 4171//4171 4172//4172 4212//4212
f 4171//4171 4212//4212 4211//4211
f 4172//4172 4173//4173 4213//4213
f 4172//4172 4213//4213 4212//4212
f 4173//4173 4174//4174 4214//4214
f 4173//4173 4214//4214 4213//4213
f 4174//4174 4175//4175 4215//4215
f 4174//4174 4215//4215 4214//4214
f 4175//4175 4176//4176 4216//4216
f 4175//4175 4216//4216 4215//4215
f 4176//4176 4177//4177 4217//4217
f 4176//4176 4217//4217 4216//4216
f 4177//4177 4178//4178 4218//4218
f 4177//4177 4218//4218 4217//4217
f 4178//4178 4179//4179 4219//4219
f 4178//4178 4219//4219 4218//4218
f 4179//4179 4180//4180 4220//4220
f 4179//4179 4220//4220 4219//4219
f 4180//4180 4181//4181 4221//4221
f 4180//4180 4221//4221 4220//4220
f 4181//4181 4182//4182 4222//4222
f 4181//4181 4222//4222 4221//4221
f 4182//4182 4183//4183 4223//4223
f 4182//4182 4223//4223 4222//4222
f 4183//4183 4184//4184 4224//4224
f 4183//4183 4224//4224 4223//4223
f 4184//4184 4185//4185 4225//4225
f 4184//4184 4225//4225 4224//4224
f 4185//4185 4186//4186 4226//4226
f 4185//4185 4226//4226 4225//4225
f 4186//4186 4187//4187 4227//4227
f 4186//4186 4227//4227 4226//4226
f 4187//4187 4188//4188 4228//4228
f 4187//4187 4228//4228 4227//4227
f 4188//4188 4189//4189 4229//4229
f 4188//4188 4229//4229 4228//4228
f 4189//4189 4190//4190 4230//4230
f 4189//4189 4230//4230 4229//4229
f 4190//4190 4191//4191 4231//4231
f 4190//4190 4231//4231 4230//4230
f 4191//4191 4192//4192 4232//4232
f 4191//4191 4232//4232 4231//4231
f 4192//4192 4193//4193 4233//4233
f 4192//4192 4233//4233 4232//4232
f 4193//4193 4194//4194 4234//4234
f 4193//4193 4234//4234 4233//4233
f 4194//4194 4195//4195 4235//4235
f 4194//4194 4235//4235 4234//4234
f 4195//4195 4156//4156 4196//4196
f 4195//4195 4196//4196 4235//4235
f 4196//4196 4197//4197 4237//4237
f 4196//4196 4237//4237 4236//4236
f 4197//4197 4198//4198 4238//4238
f 4197//4197 4238//4238 4237//4237
f 4198//4198 4199//4199 4239//4239
f 4198//4198 4239//4239 4238//4238
f 4199//4199 4200//4200 4240//4240
f 4199//4199 4240//4240 4239//4239
f 4200//4200 4201//4201 4241//4241
f 4200//4200 4241//4241 4240//4240
f 4201//4201 4202//4202 4242//4242
f 4201//4201 4242//4242 4241//4241
f 4202//4202 4203//4203 4243//4243
f 4202//4202 4243//4243 4242//4242
f 4203//4203 4204//4204 4244//4244
f 4203//4203 4244//4244 4243//4243
f 4204//4204 4205//4205 4245//4245
f 4204//4204 4245//4245 4244//4244
f 4205//4205 4206//4206 4246//4246
f 4205//4205 4246//4246 4245//4245
f 4206//4206 4207//4207 4247//4247
f 4206//4206 4247//4247 4246//4246
f 4207//4207 4208//4208 4248//4248
f 4207//4207 4248//4248 4247//4247
f 4208//4208 4209//4209 4249//4249
f 4208//4208 4249//4249 4248//4248
f 4209//4209 4210//4210 4250//4250
f 4209//4209 4250//4250 4249//4249
f 4210//4210 4211//4211 4251//4251
f 4210//4210 4251//4251 4250//4250
f 4211//4211 4212//4212 4252//4252
f 4211//4211 4252//4252 4251//4251
f 4212//4212 4213//4213 4253//4253
f 4212//4212 4253//4253 4252//4252
f 4213//4213 4214//4214 4254//4254
f 4213//4213 4254//4254 4253//4253
f 4214//4214 4215//4215 4255//4255
f 4214//4214 4255//4255 4254//4254
f 4215//4215 4216//4216 4256//4256
f 4215//4215 4256//4256 4255//4255
f 4216//4216 4217//4217 4257//4257
f 4216//4216 4257//4257 4256//4256
f 4217//4217 4218//4218 4258//4258
f 4217//4217 4258//4258 4257//4257
f 4218//4218 4219//4219 4259//4259
f 4218//4218 4259//4259 4258//4258
f 4219//4219 4220//4220 4260//4260
f 4219//4219 4260//4260 4259//4259
f 4220//4220 4221//4221 4261//4261
f 4220//4220 4261//4261 4260//4260
f 4221//4221 4222//4222 4262//4262
f 4221//4221 4262//4262 4261//4261
f 4222//4222 4223//4223 4263//4263
f 4222//4222 4263//4263 4262//4262
f 4223//4223 4224//4224 4264//4264
f 4223//4223 4264//4264 4263//4263
f 4224//4224 4225//4225 4265//4265
f 4224//4224 4265//4265 4264//4264
f 4225//4225 4226//4226 4266//4266
f 4225//4225 4266//4266 4265//4265
f 4226//4226 4227//4227 4267//4267
f 4226//4226 4267//4267 4266//4266
f 4227//4227 4228//4228 4268//4268
f 4227//4227 4268//4268 4267//4267
f 4228//4228 4229//4229 4269//4269
f 4228//4228 4269//4269 4268//4268
f 4229//4229 4230//4230 4270//4270
f 4229//4229 4270//4270 4269//4269
f 4230//4230 4231//4231 4271//4271
f 4230//4230 4271//4271 4270//4270
f 4231//4231 4232//4232 4272//4272
f 4231//4231 4272//4272 4271//4271
f 4232//4232 4233//4233 4273//4273
f 4232//4232 4273//4273 4272//4272
f 4233//4233 4234//4234 4274//4274
f 4233//4233 4274//4274 4273//4273
f 4234//4234 4235//4235 4275//4275
f 4234//4234 4275//4275 4274//4274
f 4235//4235 4196//4196 4236//4236
f 4235//4235 4236//4236 4275//4275
f 4236//4236 4237//4237 4277//4277
f 4236//4236 4277//4277 4276//4276
f 4237//4237 4238//4238 4278//4278
f 4237//4237 4278//4278 4277//4277
f 4238//4238 4239//4239 4279//4279
f 4238//4238 4279//4279 4278//4278
f 4239//4239 4240//4240 4280//4280
f 4239//4239 4280//4280 4279//4279
f 4240//4240 4241//4241 4281//4281
f 4240//4240 4281//4281 4280//4280
f 4241//4241 4242//4242 4282//4282
f 4241//4241 4282//4282 4281//4281
f 4242//4242 4243//4243 4283//4283
f 4242//4242 4283//4283 4282//4282
f 4243//4243 4244//4244 4284//4284
f 4243//4243 4284//4284 4283//4283
f 4244//4244 4245//4245 4285//4285
f 4244//4244 4285//4285 4284//4284
f 4245//4245 4246//4246 4286//4286
f 4245//4245 4286//4286 4285//4285
f 4246//4246 4247//4247 4287//4287
f 4246//4246 4287//4287 4286//4286
f 4247//4247 4248//4248 4288//4288
f 4247//4247 4288//4288 4287//4287
f 4248//4248 4249//4249 4289//4289
f 4248//4248 4289//4289 4288//4288
f 4249//4249 4250//4250 4290//4290
f 4249//4249 4290//4290 4289//4289
f 4250//4250 4251//4251 4291//4291
f 4250//4250 4291//4291 4290//4290
f 4251//4251 4252//4252 4292//4292
f 4251//4251 4292//4292 4291//4291
f 4252//4252 4253//4253 4293//4293
f 4252//4252 4293//4293 4292//4292
f 4253//4253 4254//4254 4294//4294
f 4253//4253 4294//4294 4293//4293
f 4254//4254 4255//4255 4295//4295
f 4254//4254 4295//4295 4294//4294
f 4255//4255 4256//4256 4296//4296
f 4255//4255 4296//4296 4295//4295
f 4256//4256 4257//4257 4297//4297
f 4256//4256 4297//4297 4296//4296
f 4257//4257 4258//4258 4298//4298
f 4257//4257 4298//4298 4297//4297
f 4258//4258 4259//4259 4299//4299
f 4258//4258 4299//4299 4298//4298
f 4259//4259 4260//4260 4300//4300
f 4259//4259 4300//4300 4299//4299
f 4260//4260 4261//4261 4301//4301
f 4260//4260 4301//4301 4300//4300
f 4261//4261 4262//4262 4302//4302
f 4261//4261 4302//4302 4301//4301
f 4262//4262 4263//4263 4303//4303
f 4262//4262 4303//4303 4302//4302
f 4263//4263 4264//4264 4304//4304
f 4263//4263 4304//4304 4303//4303
f 4264//4264 4265//4265 4305//4305
f 4264//4264 4305//4305 4304//4304
f 4265//4265 4266//4266 4306//4306
f 4265//4265 4306//4306 4305//4305
f 4266//4266 4267//4267 4307//4307
f 4266//4266 4307//4307 4306//4306
f 4267//4267 4268//4268 4308//4308
f 4267//4267 4308//4308 4307//4307
f 4268//4268 4269//4269 4309//4309
f 4268//4268 4309//4309 4308//4308
f 4269//4269 4270//4270 4310//4310
f 4269//4269 4310//4310 4309//4309
f 4270//4270 4271//4271 4311//4311
f 4270//4270 4311//4311 4310//4310
f 4271//4271 4272//4272 4312//4312
f 4271//4271 4312//4312 4311//4311
f 4272//4272 4273//4273 4313//4313
f 4272//4272 4313//4313 4312//4312
f 4273//4273 4274//4274 4314//4314
f 4273//4273 4314//4314 4313//4313
f 4274//4274 4275//4275 4315//4315
f 4274//4274 4315//4315 4314//4314
f 4275//4275 4236//4236 4276//4276
f 4275//4275 4276//4276 4315//4315
f 4276//4276 4277//4277 4317//4317
f 4276//4276 4317//4317 4316//4316
f 4277//4277 4278//4278 4318//4318
f 4277//4277 4318//4318 4317//4317
f 4278//4278 4279//4279 4319//4319
f 4278//4278 4319//4319 4318//4318
f 4279//4279 4280//4280 4320//4320
f 4279//4279 4320//4320 4319//4319
f 4280//4280 4281//4281 4321//4321
f 4280//4280 4321//4321 4320//4320
f 4281//4281 4282//4282 4322//4322
f 4281//4281 4322//4322 4321//4321
f 4282//4282 4283//4283 4323//4323
f 4282//4282 4323//4323 4322//4322
f 4283//4283 4284//4284 4324//4324
f 4283//4283 4324//4324 4323//4323
f 4284//4284 4285//4285 4325//4325
f 4284//4284 4325//4325 4324//4324
f 4285//4285 4286//4286 4326//4326
f 4285//4285 4326//4326 4325//4325
f 4286//4286 4287//4287 4327//4327
f 4286//4286 4327//4327 4326//4326
f 4287//4287 4288//4288 4328//4328
f 4287//4287 4328//4328 4327//4327
f 4288//4288 4289//4289 4329//4329
f 4288//4288 4329//4329 4328//4328
f 4289//4289 4290//4290 4330//4330
f 4289//4289 4330//4330 4329//4329
f 4290//4290 4291//4291 4331//4331
f 4290//4290 4331//4331 4330//4330
f 4291//4291 4292//4292 4332//4332
f 4291//4291 4332//4332 4331//4331
f 4292//4292 4293//4293 4333//4333
f 4292//4292 4333//4333 4332//4332
f 4293//4293 4294//4294 4334//4334
f 4293//4293 4334//4334 4333//4333
f 4294//4294 4295//4295 4335//4335
f 4294//4294 4335//4335 4334//4334
f 4295//4295 4296//4296 4336//4336
f 4295//4295 4336//4336 4335//4335
f 4296//4296 4297//4297 4337//4337
f 4296//4296 4337//4337 4336//4336
f 4297//4297 4298//4298 4338//4338
f 4297//4297 4338//4338 4337//4337
f 4298//4298 4299//4299 4339//4339
f 4298//4298 4339//4339 4338//4338
f 4299//4299 4300//4300 4340//4340
f 4299//4299 4340//4340 4339//4339
f 4300//4300 4301//4301 4341//4341
f 4300//4300 4341//4341 4340//4340
f 4301//4301 4302//4302 4342//4342
f 4301//4301 4342//4342 4341//4341
f 4302//4302 4303//4303 4343//4343
f 4302//4302 4343//4343 4342//4342
f 4303//4303 4304//4304 4344//4344
f 4303//4303 4344//4344 4343//4343
f 4304//4304 4305//4305 4345//4345
f 4304//4304 4345//4345 4344//4344
f 4305//4305 4306//4306 4346//4346
f 4305//4305 4346//4346 4345//4345
f 4306//4306 4307//4307 4347//4347
f 4306//4306 4347//4347 4346//4346
f 4307//4307 4308//4308 4348//4348
f 4307//4307 4348//4348 4347//4347
f 4308//4308 4309//4309 4349//4349
f 4308//4308 4349//4349 4348//4348
f 4309//4309 4310//4310 4350//4350
f 4309//4309 4350//4350 4349//4349
f 4310//4310 4311//4311 4351//4351
f 4310//4310 4351//4351 4350//4350
f 4311//4311 4312//4312 4352//4352
f 4311//4311 4352//4352 4351//4351
f 4312//4312 4313//4313 4353//4353
f 4312//4312 4353//4353 4352//4352
f 4313//4313 4314//4314 4354//4354
f 4313//4313 4354//4354 4353//4353
f 4314//4314 4315//4315 4355//4355
f 4314//4314 4355//4355 4354//4354
f 4315//4315 4276//4276 4316//4316
f 4315//4315 4316//4316 4355//4355
f 4316//4316 4317//4317 4357//4357
f 4316//4316 4357//4357 4356//4356
f 4317//4317 4318//4318 4358//4358
f 4317//4317 4358//4358 4357//4357
f 4318//4318 4319//4319 4359//4359
f 4318//4318 4359//4359 4358//4358
f 4319//4319 4320//4320 4360//4360
f 4319//4319 4360//4360 4359//4359
f 4320//4320 4321//4321 4361//4361
f 4320//4320 4361//4361 4360//4360
f 4321//4321 4322//4322 4362//4362
f 4321//4321 4362//4362 4361//4361
f 4322//4322 4323//4323 4363//4363
f 4322//4322 4363//4363 4362//4362
f 4323//4323 4324//4324 4364//4364
f 4323//4323 4364//4364 4363//4363
f 4324//4324 4325//4325 4365//4365
f 4324//4324 4365//4365 4364//4364
f 4325//4325 4326//4326 4366//4366
f 4325//4325 4366//4366 4365//4365
f 4326//4326 4327//4327 4367//4367
f 4326//4326 4367//4367 4366//4366
f 4327//4327 4328//4328 4368//4368
f 4327//4327 4368//4368 4367//4367
f 4328//4328 4329//4329 4369//4369
f 4328//4328 4369//4369 4368//4368
f 4329//4329 4330//4330 4370//4370
f 4329//4329 4370//4370 4369//4369
f 4330//4330 4331//4331 4371//4371
f 4330//4330 4371//4371 4370//4370
f 4331//4331 4332//4332 4372//4372
f 4331//4331 4372//4372 4371//4371
f 4332//4332 4333//4333 4373//4373
f 4332//4332 4373//4373 4372//4372
f 4333//4333 4334//4334 4374//4374
f 4333//4333 4374//4374 4373//4373
f 4334//4334 4335//4335 4375//4375
f 4334//4334 4375//4375 4374//4374
f 4335//4335 4336//4336 4376//4376
f 4335//4335 4376//4376 4375//4375
f 4336//4336 4337//4337 4377//4377
f 4336//4336 4377//4377 4376//4376
f 4337//4337 4338//4338 4378//4378
f 4337//4337 4378//4378 4377//4377
f 4338//4338 4339//4339 4379//4379
f 4338//4338 4379//4379 4378//4378
f 4339//4339 4340//4340 4380//4380
f 4339//4339 4380//4380 4379//4379
f 4340//4340 4341//4341 4381//4381
f 4340//4340 4381//4381 4380//4380
f 4341//4341 4342//4342 4382//4382
f 4341//4341 4382//4382 4381//4381
f 4342//4342 4343//4343 4383//4383
f 4342//4342 4383//4383 4382//4382
f 4343//4343 4344//4344 4384//4384
f 4343//4343 4384//4384 4383//4383
f 4344//4344 4345//4345 4385//4385
f 4344//4344 4385//4385 4384//4384
f 4345//4345 4346//4346 4386//4386
f 4345//4345 4386//4386 4385//4385
f 4346//4346 4347//4347 4387//4387
f 4346//4346 4387//4387 4386//4386
f 4347//4347 4348//4348 4388//4388
f 4347//4347 4388//4388 4387//4387
f 4348//4348 4349//4349 4389//4389
f 4348//4348 4389//4389 4388//4388
f 4349//4349 4350//4350 4390//4390
f 4349//4349 4390//4390 4389//4389
f 4350//4350 4351//4351 4391//4391
f 4350//4350 4391//4391 4390//4390
f 4351//4351 4352//4352 4392//4392
f 4351//4351 4392//4392 4391//4391
f 4352//4352 4353//4353 4393//4393
f 4352//4352 4393//4393 4392//4392
f 4353//4353 4354//4354 4394//4394
f 4353//4353 4394//4394 4393//4393
f 4354//4354 4355//4355 4395//4395
f 4354//4354 4395//4395 4394//4394
f 4355//4355 4316//4316 4356//4356
f 4355//4355 4356//4356 4395//4395
f 4356//4356 4357//4357 4397//4397
f 4356//4356 4397//4397 4396//4396
f 4357//4357 4358//4358 4398//4398
f 4357//4357 4398//4398 4397//4397
f 4358//4358 4359//4359 4399//4399
f 4358//4358 4399//4399 4398//4398
f 4359//4359 4360//4360 4400//4400
f 4359//4359 4400//4400 4399//4399
f 4360//4360 4361//4361 4401//4401
f 4360//4360 4401//4401 4400//4400
f 4361//4361 4362//4362 4402//4402
f 4361//4361 4402//4402 4401//4401
f 4362//4362 4363//4363 4403//4403
f 4362//4362 4403//4403 4402//4402
f 4363//4363 4364//4364 4404//4404
f 4363//4363 4404//4404 4403//4403
f 4364//4364 4365//4365 4405//4405
f 4364//4364 4405//4405 4404//4404
f 4365//4365 4366//4366 4406//4406
f 4365//4365 4406//4406 4405//4405
f 4366//4366 4367//4367 4407//4407
f 4366//4366 4407//4407 4406//4406
f 4367//4367 4368//4368 4408//4408
f 4367//4367 4408//4408 4407//4407
f 4368//4368 4369//4369 4409//4409
f 4368//4368 4409//4409 4408//4408
f 4369//4369 4370//4370 4410//4410
f 4369//4369 4410//4410 4409//4409
f 4370//4370 4371//4371 4411//4411
f 4370//4370 4411//4411 4410//4410
f 4371//4371 4372//4372 4412//4412
f 4371//4371 4412//4412 4411//4411
f 4372//4372 4373//4373 4413//4413
f 4372//4372 4413//4413 4412//4412
f 4373//4373 4374//4374 4414//4414
f 4373//4373 4414//4414 4413//4413
f 4374//4374 4375//4375 4415//4415
f 4374//4374 4415//4415 4414//4414
f 4375//4375 4376//4376 4416//4416
f 4375//4375 4416//4416 4415//4415
f 4376//4376 4377//4377 4417//4417
f 4376//4376 4417//4417 4416//4416
f 4377//4377 4378//4378 4418//4418
f 4377//4377 4418//4418 4417//4417
f 4378//4378 4379//4379 4419//4419
f 4378//4378 4419//4419 4418//4418
f 4379//4379 4380//4380 4420//4420
f 4379//4379 4420//4420 4419//4419
f 4380//4380 4381//4381 4421//4421
f 4380//4380 4421//4421 4420//4420
f 4381//4381 4382//4382 4422//4422
f 4381//4381 4422//4422 4421//4421
f 4382//4382 4383//4383 4423//4423
f 4382//4382 4423//4423 4422//4422
f 4383//4383 4384//4384 4424//4424
f 4383//4383 4424//4424 4423//4423
f 4384//4384 4385//4385 4425//4425
f 4384//4384 4425//4425 4424//4424
f 4385//4385 4386//4386 4426//4426
f 4385//4385 4426//4426 4425//4425
f 4386//4386 4387//4387 4427//4427
f 4386//4386 4427//4427 4426//4426
f 4387//4387 4388//4388 4428//4428
f 4387//4387 4428//4428 4427//4427
f 4388//4388 4389//4389 4429//4429
f 4388//4388 4429//4429 4428//4428
f 4389//4389 4390//4390 4430//4430
f 4389//4389 4430//4430 4429//4429
f 4390//4390 4391//4391 4431//4431
f 4390//4390 4431//4431 4430//4430
f 4391//4391 4392//4392 4432//4432
f 4391//4391 4432//4432 4431//4431
f 4392//4392 4393//4393 4433//4433
f 4392//4392 4433//4433 4432//4432
f 4393//4393 4394//4394 4434//4434
f 4393//4393 4434//4434 4433//4433
f 4394//4394 4395//4395 4435//4435
f 4394//4394 4435//4435 4434//4434
f 4395//4395 4356//4356 4396//4396
f 4395//4395 4396//4396 4435//4435
f 4396//4396 4397//4397 4437//4437
f 4396//4396 4437//4437 4436//4436
f 4397//4397 4398//4398 4438//4438
f 4397//4397 4438//4438 4437//4437
f 4398//4398 4399//4399 4439//4439
f 4398//4398 4439//4439 4438//4438
f 4399//4399 4400//4400 4440//4440
f 4399//4399 4440//4440 4439//4439
f 4400//4400 4401//4401 4441//4441
f 4400//4400 4441//4441 4440//4440
f 4401//4401 4402//4402 4442//4442
f 4401//4401 4442//4442 4441//4441
f 4402//4402 4403//4403 4443//4443
f 4402//4402 4443//4443 4442//4442
f 4403//4403 4404//4404 4444//4444
f 4403//4403 4444//4444 4443//4443
f 4404//4404 4405//4405 4445//4445
f 4404//4404 4445//4445 4444//4444
f 4405//4405 4406//4406 4446//4446
f 4405//4405 4446//4446 4445//4445
f 4406//4406 4407//4407 4447//4447
f 4406//4406 4447//4447 4446//4446
f 4407//4407 4408//4408 4448//4448
f 4407//4407 4448//4448 4447//4447
f 4408//4408 4409//4409 4449//4449
f 4408//4408 4449//4449 4448//4448
f 4409//4409 4410//4410 4450//4450
f 4409//4409 4450//4450 4449//4449
f 4410//4410 4411//4411 4451//4451
f 4410//4410 4451//4451 4450//4450
f 4411//4411 4412//4412 4452//4452
f 4411//4411 4452//4452 4451//4451
f 4412//4412 4413//4413 4453//4453
f 4412//4412 4453//4453 4452//4452
f 4413//4413 4414//4414 4454//4454
f 4413//4413 4454//4454 4453//4453
f 4414//4414 4415//4415 4455//4455
f 4414//4414 4455//4455 4454//4454
f 4415//4415 4416//4416 4456//4456
f 4415//4415 4456//4456 4455//4455
f 4416//4416 4417//4417 4457//4457
f 4416//4416 4457//4457 4456//4456
f 4417//4417 4418//4418 4458//4458
f 4417//4417 4458//4458 4457//4457
f 4418//4418 4419//4419 4459//4459
f 4418//4418 4459//4459 4458//4458
f 4419//4419 4420//4420 4460//4460
f 4419//4419 4460//4460 4459//4459
f 4420//4420 4421//4421 4461//4461
f 4420//4420 4461//4461 4460//4460
f 4421//4421 4422//4422 4462//4462
f 4421//4421 4462//4462 4461//4461
f 4422//4422 4423//4423 4463//4463
f 4422//4422 4463//4463 4462//4462
f 4423//4423 4424//4424 4464//4464
f 4423//4423 4464//4464 4463//4463
f 4424//4424 4425//4425 4465//4465
f 4424//4424 4465//4465 4464//4464
f 4425//4425 4426//4426 4466//4466
f 4425//4425 4466//4466 4465//4465
f 4426//4426 4427//4427 4467//4467
f 4426//4426 4467//4467 4466//4466
f 4427//4427 4428//4428 4468//4468
f 4427//4427 4468//4468 4467//4467
f 4428//4428 4429//4429 4469//4469
f 4428//4428 4469//4469 4468//4468
f 4429//4429 4430//4430 4470//4470
f 4429//4429 4470//4470 4469//4469
f 4430//4430 4431//4431 4471//4471
f 4430//4430 4471//4471 4470//4470
f 4431//4431 4432//4432 4472//4472
f 4431//4431 4472//4472 4471//4471
f 4432//4432 4433//4433 4473//4473
f 4432//4432 4473//4473 4472//4472
f 4433//4433 4434//4434 4474//4474
f 4433//4433 4474//4474 4473//4473
f 4434//4434 4435//4435 4475//4475
f 4434//4434 4475//4475 4474//4474
f 4435//4435 4396//4396 4436//4436
f 4435//4435 4436//4436 4475//4475
f 4436//4436 4437//4437 4476//4476
f 4437//4437 4438//4438 4476//4476
f 4438//4438 4439//4439 4476//4476
f 4439//4439 4440//4440 4476//4476
f 4440//4440 4441//4441 4476//4476
f 4441//4441 4442//4442 4476//4476
f 4442//4442 4443//4443 4476//4476
f 4443//4443 4444//4444 4476//4476
f 4444//4444 4445//4445 4476//4476
f 4445//4445 4446//4446 4476//4476
f 4446//4446 4447//4447 4476//4476
f 4447//4447 4448//4448 4476//4476
f 4448//4448 4449//4449 4476//4476
f 4449//4449 4450//4450 4476//4476
f 4450//4450 4451//4451 4476//4476
f 4451//4451 4452//4452 4476//4476
f 4452//4452 4453//4453 4476//4476
f 4453//4453 4454//4454 4476//4476
f 4454//4454 4455//4455 4476//4476
f 4455//4455 4456//4456 4476//4476
f 4456//4456 4457//4457 4476//4476
f 4457//4457 4458//4458 4476//4476
f 4458//4458 4459//4459 4476//4476
f 4459//4459 4460//4460 4476//4476
f 4460//4460 4461//4461 4476//4476
f 4461//4461 4462//4462 4476//4476
f 4462//4462 4463//4463 4476//4476
f 4463//4463 4464//4464 4476//4476
f 4464//4464 4465//4465 4476//4476
f 4465//4465 4466//4466 4476//4476
f 4466//4466 4467//4467 4476//4476
f 4467//4467 4468//4468 4476//4476
f 4468//4468 4469//4469 4476//4476
f 4469//4469 4470//4470 4476//4476
f 4470//4470 4471//4471 4476//4476
f 4471//4471 4472//4472 4476//4476
f 4472//4472 4473//4473 4476//4476
f 4473//4473 4474//4474 4476//4476
f 4474//4474 4475//4475 4476//4476
f 4475//4475 4436//4436 4476//4476
f 4477//4477 4479//4479 4478//4478
f 4477//4477 4480//4480 4479//4479
f 4477//4477 4481//4481 4480//4480
f 4477//4477 4482//4482 4481//4481
f 4477//4477 4483//4483 4482//4482
f 4477//4477 4484//4484 4483//4483
f 4477//4477 4485//4485 4484//4484
f 4477//4477 4486//4486 4485//4485
f 4477//4477 4487//4487 4486//4486
f 4477//4477 4488//4488 4487//4487
f 4477//4477 4489//4489 4488//4488
f 4477//4477 4490//4490 4489//4489
f 4477//4477 4491//4491 4490//4490
f 4477//4477 4492//4492 4491//4491
f 4477//4477 4493//4493 4492//4492
f 4477//4477 4494//4494 4493//4493
f 4477//4477 4495//4495 4494//4494
f 4477//4477 4496//4496 4495//4495
f 4477//4477 4497//4497 4496//4496
f 4477//4477 4498//4498 4497//4497
f 4477//4477 4499//4499 4498//4498
f 4477//4477 4500//4500 4499//4499
f 4477//4477 4501//4501 4500//4500
f 4477//4477 4502//4502 4501//4501
f 4477//4477 4503//4503 4502//4502
f 4477//4477 4504//4504 4503//4503
f 4477//4477 4505//4505 4504//4504
f 4477//4477 4506//4506 4505//4505
f 4477//4477 4507//4507 4506//4506
f 4477//4477 4508//4508 4507//4507
f 4477//4477 4509//4509 4508//4508
f 4477//4477 4510//4510 4509//4509
f 4477//4477 4511//4511 4510//4510
f 4477//4477 4512//4512 4511//4511
f 4477//4477 4513//4513 4512//4512
f 4477//4477 4514//4514 4513//4513
f 4477//4477 4515//4515 4514//4514
f 4477//4477 4516//4516 4515//4515
f 4477//4477 4517//4517 4516//4516
f 4477//4477 4478//4478 4517//4517
f 4478//4478 4479//4479 4519//4519
f 4478//4478 4519//4519 4518//4518
f 4479//4479 4480//4480 4520//4520
f 4479//4479 4520//4520 4519//4519
f 4480//4480 4481//4481 4521//4521
f 4480//4480 4521//4521 4520//4520
f 4481//4481 4482//4482 4522//4522
f 4481//4481 4522//4522 4521//4521
f 4482//4482 4483//4483 4523//4523
f 4482//4482 4523//4523 4522//4522
f 4483//4483 4484//4484 4524//4524
f 4483//4483 4524//4524 4523//4523
f 4484//4484 4485//4485 4525//4525
f 4484//4484 4525//4525 4524//4524
f 4485//4485 4486//4486 4526//4526
f 4485//4485 4526//4526 4525//4525
f 4486//4486 4487//4487 4527//4527
f 4486//4486 4527//4527 4526//4526
f 4487//4487 4488//4488 4528//4528
f 4487//4487 4528//4528 4527//4527
f 4488//4488 4489//4489 4529//4529
f 4488//4488 4529//4529 4528//4528
f 4489//4489 4490//4490 4530//4530
f 4489//4489 4530//4530 4529//4529
f 4490//4490 4491//4491 4531//4531
f 4490//4490 4531//4531 4530//4530
f 4491//4491 4492//4492 4532//4532
f 4491//4491 4532//4532 4531//4531
f 4492//4492 4493//4493 4533//4533
f 4492//4492 4533//4533 4532//4532
f 4493//4493 4494//4494 4534//4534
f 4493//4493 4534//4534 4533//4533
f 4494//4494 4495//4495 4535//4535
f 4494//4494 4535//4535 4534//4534
f 4495//4495 4496//4496 4536//4536
f 4495//4495 4536//4536 4535//4535
f 4496//4496 4497//4497 4537//4537
f 4496//4496 4537//4537 4536//4536
f 4497//4497 4498//4498 4538//4538
f 4497//4497 4538//4538 4537//4537
f 4498//4498 4499//4499 4539//4539
f 4498//4498 4539//4539 4538//4538
f 4499//4499 4500//4500 4540//4540
f 4499//4499 4540//4540 4539//4539
f 4500//4500 4501//4501 4541//4541
f 4500//4500 4541//4541 4540//4540
f 4501//4501 4502//4502 4542//4542
f 4501//4501 4542//4542 4541//4541
f 4502//4502 4503//4503 4543//4543
f 4502//4502 4543//4543 4542//4542
f 4503//4503 4504//4504 4544//4544
f 4503//4503 4544//4544 4543//4543
f 4504//4504 4505//4505 4545//4545
f 4504//4504 4545//4545 4544//4544
f 4505//4505 4506//4506 4546//4546
f 4505//4505 4546//4546 4545//4545
f 4506//4506 4507//4507 4547//4547
f 4506//4506 4547//4547 4546//4546
f 4507//4507 4508//4508 4548//4548
f 4507//4507 4548//4548 4547//4547
f 4508//4508 4509//4509 4549//4549
f 4508//4508 4549//4549 4548//4548
f 4509//4509 4510//4510 4550//4550
f 4509//4509 4550//4550 4549//4549
f 4510//4510 4511//4511 4551//4551
f 4510//4510 4551//4551 4550//4550
f 4511//4511 4512//4512 4552//4552
f 4511//4511 4552//4552 4551//4551
f 4512//4512 4513//4513 4553//4553
f 4512//4512 4553//4553 4552//4552
f 4513//4513 4514//4514 4554//4554
f 4513//4513 4554//4554 4553//4553
f 4514//4514 4515//4515 4555//4555
f 4514//4514 4555//4555 4554//4554
f 4515//4515 4516//4516 4556//4556
f 4515//4515 4556//4556 4555//4555
f 4516//4516 4517//4517 4557//4557
f 4516//4516 4557//4557 4556//4556
f 4517//4517 4478//4478 4518//4518
f 4517//4517 4518//4518 4557//4557
f 4518//4518 4519//4519 4559//4559
f 4518//4518 4559//4559 4558//4558
f 4519//4519 4520//4520 4560//4560
f 4519//4519 4560//4560 4559//4559
f 4520//4520 4521//4521 4561//4561
f 4520//4520 4561//4561 4560//4560
f 4521//4521 4522//4522 4562//4562
f 4521//4521 4562//4562 4561//4561
f 4522//4522 4523//4523 4563//4563
f 4522//4522 4563//4563 4562//4562
f 4523//4523 4524//4524 4564//4564
f 4523//4523 4564//4564 4563//4563
f 4524//4524 4525//4525 4565//4565
f 4524//4524 4565//4565 4564//4564
f 4525//4525 4526//4526 4566//4566
f 4525//4525 4566//4566 4565//4565
f 4526//4526 4527//4527 4567//4567
f 4526//4526 4567//4567 4566//4566
f 4527//4527 4528//4528 4568//4568
f 4527//4527 4568//4568 4567//4567
f 4528//4528 4529//4529 4569//4569
f 4528//4528 4569//4569 4568//4568
f 4529//4529 4530//4530 4570//4570
f 4529//4529 4570//4570 4569//4569
f 4530//4530 4531//4531 4571//4571
f 4530//4530 4571//4571 4570//4570
f 4531//4531 4532//4532 4572//4572
f 4531//4531 4572//4572 4571//4571
f 4532//4532 4533//4533 4573//4573
f 4532//4532 4573//4573 4572//4572
f 4533//4533 4534//4534 4574//4574
f 4533//4533 4574//4574 4573//4573
f 4534//4534 4535//4535 4575//4575
f 4534//4534 4575//4575 4574//4574
f 4535//4535 4536//4536 4576//4576
f 4535//4535 4576//4576 4575//4575
f 4536//4536 4537//4537 4577//4577
f 4536//4536 4577//4577 4576//4576
f 4537//4537 4538//4538 4578//4578
f 4537//4537 4578//4578 4577//4577
f 4538//4538 4539//4539 4579//4579
f 4538//4538 4579//4579 4578//4578
f 4539//4539 4540//4540 4580//4580
f 4539//4539 4580//4580 4579//4579
f 4540//4540 4541//4541 4581//4581
f 4540//4540 4581//4581 4580//4580
f 4541//4541 4542//4542 4582//4582
f 4541//4541 4582//4582 4581//4581
f 4542//4542 4543//4543 4583//4583
f 4542//4542 4583//4583 4582//4582
f 4543//4543 4544//4544 4584//4584
f 4543//4543 4584//4584 4583//4583
f 4544//4544 4545//4545 4585//4585
f 4544//4544 4585//4585 4584//4584
f 4545//4545 4546//4546 4586//4586
f 4545//4545 4586//4586 4585//4585
f 4546//4546 4547//4547 4587//4587
f 4546//4546 4587//4587 4586//4586
f 4547//4547 4548//4548 4588//4588
f 4547//4547 4588//4588 4587//4587
f 4548//4548 4549//4549 4589//4589
f 4548//4548 4589//4589 4588//4588
f 4549//4549 4550//4550 4590//4590
f 4549//4549 4590//4590 4589//4589
f 4550//4550 4551//4551 4591//4591
f 4550//4550 4591//4591 4590//4590
f 4551//4551 4552//4552 4592//4592
f 4551//4551 4592//4592 4591//4591
f 4552//4552 4553//4553 4593//4593
f 4552//4552 4593//4593 4592//4592
f 4553//4553 4554//4554 4594//4594
f 4553//4553 4594//4594 4593//4593
f 4554//4554 4555//4555 4595//4595
f 4554//4554 4595//4595 4594//4594
f 4555//4555 4556//4556 4596//4596
f 4555//4555 4596//4596 4595//4595
f 4556//4556 4557//4557 4597//4597
f 4556//4556 4597//4597 4596//4596
f 4557//4557 4518//4518 4558//4558
f 4557//4557 4558//4558 4597//4597
f 4558//4558 4559//4559 4599//4599
f 4558//4558 4599//4599 4598//4598
f 4559//4559 4560//4560 4600//4600
f 4559//4559 4600//4600 4599//4599
f 4560//4560 4561//4561 4601//4601
f 4560//4560 4601//4601 4600//4600
f 4561//4561 4562//4562 4602//4602
f 4561//4561 4602//4602 4601//4601
f 4562//4562 4563//4563 4603//4603
f 4562//4562 4603//4603 4602//4602
f 4563//4563 4564//4564 4604//4604
f 4563//4563 4604//4604 4603//4603
f 4564//4564 4565//4565 4605//4605
f 4564//4564 4605//4605 4604//4604
f 4565//4565 4566//4566 4606//4606
f 4565//4565 4606//4606 4605//4605
f 4566//4566 4567//4567 4607//4607
f 4566//4566 4607//4607 4606//4606
f 4567//4567 4568//4568 4608//4608
f 4567//4567 4608//4608 4607//4607
f 4568//4568 4569//4569 4609//4609
f 4568//4568 4609//4609 4608//4608
f 4569//4569 4570//4570 4610//4610
f 4569//4569 4610//4610 4609//4609
f 4570//4570 4571//4571 4611//4611
f 4570//4570 4611//4611 4610//4610
f 4571//4571 4572//4572 4612//4612
f 4571//4571 4612//4612 4611//4611
f 4572//4572 4573//4573 4613//4613
f 4572//4572 4613//4613 4612//4612
f 4573//4573 4574//4574 4614//4614
f 4573//4573 4614//4614 4613//4613
f 4574//4574 4575//4575 4615//4615
f 4574//4574 4615//4615 4614//4614
f 4575//4575 4576//4576 4616//4616
f 4575//4575 4616//4616 4615//4615
f 4576//4576 4577//4577 4617//4617
f 4576//4576 4617//4617 4616//4616
f 4577//4577 4578//4578 4618//4618
f 4577//4577 4618//4618 4617//4617
f 4578//4578 4579//4579 4619//4619
f 4578//4578 4619//4619 4618//4618
f 4579//4579 4580//4580 4620//4620
f 4579//4579 4620//4620 4619//4619
f 4580//4580 4581//4581 4621//4621
f 4580//4580 4621//4621 4620//4620
f 4581//4581 4582//4582 4622//4622
f 4581//4581 4622//4622 4621//4621
f 4582//4582 4583//4583 4623//4623
f 4582//4582 4623//4623 4622//4622
f 4583//4583 4584//4584 4624//4624
f 4583//4583 4624//4624 4623//4623
f 4584//4584 4585//4585 4625//4625
f 4584//4584 4625//4625 4624//4624
f 4585//4585 4586//4586 4626//4626
f 4585//4585 4626//4626 4625//4625
f 4586//4586 4587//4587 4627//4627
f 4586//4586 4627//4627 4626//4626
f 4587//4587 4588//4588 4628//4628
f 4587//4587 4628//4628 4627//4627
f 4588//4588 4589//4589 4629//4629
f 4588//4588 4629//4629 4628//4628
f 4589//4589 4590//4590 4630//4630
f 4589//4589 4630//4630 4629//4629
f 4590//4590 4591//4591 4631//4631
f 4590//4590 4631//4631 4630//4630
f 4591//4591 4592//4592 4632//4632
f 4591//4591 4632//4632 4631//4631
f 4592//4592 4593//4593 4633//4633
f 4592//4592 4633//4633 4632//4632
f 4593//4593 4594//4594 4634//4634
f 4593//4593 4634//4634 4633//4633
f 4594//4594 4595//4595 4635//4635
f 4594//4594 4635//4635 4634//4634
f 4595//4595 4596//4596 4636//4636
f 4595//4595 4636//4636 4635//4635
f 4596//4596 4597//4597 4637//4637
f 4596//4596 4637//4637 4636//4636
f 4597//4597 4558//4558 4598//4598
f 4597//4597 4598//4598 4637//4637
f 4598//4598 4599//4599 4639//4639
f 4598//4598 4639//4639 4638//4638
f 4599//4599 4600//4600 4640//4640
f 4599//4599 4640//4640 4639//4639
f 4600//4600 4601//4601 4641//4641
f 4600//4600 4641//4641 4640//4640
f 4601//4601 4602//4602 4642//4642
f 4601//4601 4642//4642 4641//4641
f 4602//4602 4603//4603 4643//4643
f 4602//4602 4643//4643 4642//4642
f 4603//4603 4604//4604 4644//4644
f 4603//4603 4644//4644 4643//4643
f 4604//4604 4605//4605 4645//4645
f 4604//4604 4645//4645 4644//4644
f 4605//4605 4606//4606 4646//4646
f 4605//4605 4646//4646 4645//4645
f 4606//4606 4607//4607 4647//4647
f 4606//4606 4647//4647 4646//4646
f 4607//4607 4608//4608 4648//4648
f 4607//4607 4648//4648 4647//4647
f 4608//4608 4609//4609 4649//4649
f 4608//4608 4649//4649 4648//4648
f 4609//4609 4610//4610 4650//4650
f 4609//4609 4650//4650 4649//4649
f 4610//4610 4611//4611 4651//4651
f 4610//4610 4651//4651 4650//4650
f 4611//4611 4612//4612 4652//4652
f 4611//4611 4652//4652 4651//4651
f 4612//4612 4613//4613 4653//4653
f 4612//4612 4653//4653 4652//4652
f 4613//4613 4614//4614 4654//4654
f 4613//4613 4654//4654 4653//4653
f 4614//4614 4615//4615 4655//4655
f 4614//4614 4655//4655 4654//4654
f 4615//4615 4616//4616 4656//4656
f 4615//4615 4656//4656 4655//4655
f 4616//4616 4617//4617 4657//4657
f 4616//4616 4657//4657 4656//4656
f 4617//4617 4618//4618 4658//4658
f 4617//4617 4658//4658 4657//4657
f 4618//4618 4619//4619 4659//4659
f 4618//4618 4659//4659 4658//4658
f 4619//4619 4620//4620 4660//4660
f 4619//4619 4660//4660 4659//4659
f 4620//4620 4621//4621 4661//4661
f 4620//4620 4661//4661 4660//4660
f 4621//4621 4622//4622 4662//4662
f 4621//4621 4662//4662 4661//4661
f 4622//4622 4623//4623 4663//4663
f 4622//4622 4663//4663 4662//4662
f 4623//4623 4624//4624 4664//4664
f 4623//4623 4664//4664 4663//4663
f 4624//4624 4625//4625 4665//4665
f 4624//4624 4665//4665 4664//4664
f 4625//4625 4626//4626 4666//4666
f 4625//4625 4666//4666 4665//4665
f 4626//4626 4627//4627 4667//4667
f 4626//4626 4667//4667 4666//4666
f 4627//4627 4628//4628 4668//4668
f 4627//4627 4668//4668 4667//4667
f 4628//4628 4629//4629 4669//4669
f 4628//4628 4669//4669 4668//4668
f 4629//4629 4630//4630 4670//4670
f 4629//4629 4670//4670 4669//4669
f 4630//4630 4631//4631 4671//4671
f 4630//4630 4671//4671 4670//4670
f 4631//4631 4632//4632 4672//4672
f 4631//4631 4672//4672 4671//4671
f 4632//4632 4633//4633 4673//4673
f 4632//4632 4673//4673 4672//4672
f 4633//4633 4634//4634 4674//4674
f 4633//4633 4674//4674 4673//4673
f 4634//4634 4635//4635 4675//4675
f 4634//4634 4675//4675 4674//4674
f 4635//4635 4636//4636 4676//4676
f 4635//4635 4676//4676 4675//4675
f 4636//4636 4637//4637 4677//4677
f 4636//4636 4677//4677 4676//4676
f 4637//4637 4598//4598 4638//4638
f 4637//4637 4638//4638 4677//4677
f 4638//4638 4639//4639 4679//4679
f 4638//4638 4679//4679 4678//4678
f 4639//4639 4640//4640 4680//4680
f 4639//4639 4680//4680 4679//4679
f 4640//4640 4641//4641 4681//4681
f 4640//4640 4681//4681 4680//4680
f 4641//4641 4642//4642 4682//4682
f 4641//4641 4682//4682 4681//4681
f 4642//4642 4643//4643 4683//4683
f 4642//4642 4683//4683 4682//4682
f 4643//4643 4644//4644 4684//4684
f 4643//4643 4684//4684 4683//4683
f 4644//4644 4645//4645 4685//4685
f 4644//4644 4685//4685 4684//4684
f 4645//4645 4646//4646 4686//4686
f 4645//4645 4686//4686 4685//4685
f 4646//4646 4647//4647 4687//4687
f 4646//4646 4687//4687 4686//4686
f 4647//4647 4648//4648 4688//4688
f 4647//4647 4688//4688 4687//4687
f 4648//4648 4649//4649 4689//4689
f 4648//4648 4689//4689 4688//4688
f 4649//4649 4650//4650 4690//4690
f 4649//4649 4690//4690 4689//4689
f 4650//4650 4651//4651 4691//4691
f 4650//4650 4691//4691 4690//4690
f 4651//4651 4652//4652 4692//4692
f 4651//4651 4692//4692 4691//4691
f 4652//4652 4653//4653 4693//4693
f 4652//4652 4693//4693 4692//4692
f 4653//4653 4654//4654 4694//4694
f 4653//4653 4694//4694 4693//4693
f 4654//4654 4655//4655 4695//4695
f 4654//4654 4695//4695 4694//4694
f 4655//4655 4656//4656 4696//4696
f 4655//4655 4696//4696 4695//4695
f 4656//4656 4657//4657 4697//4697
f 4656//4656 4697//4697 4696//4696
f 4657//4657 4658//4658 4698//4698
f 4657//4657 4698//4698 4697//4697
f 4658//4658 4659//4659 4699//4699
f 4658//4658 4699//4699 4698//4698
f 4659//4659 4660//4660 4700//4700
f 4659//4659 4700//4700 4699//4699
f 4660//4660 4661//4661 4701//4701
f 4660//4660 4701//4701 4700//4700
f 4661//4661 4662//4662 4702//4702
f 4661//4661 4702//4702 4701//4701
f 4662//4662 4663//4663 4703//4703
f 4662//4662 4703//4703 4702//4702
f 4663//4663 4664//4664 4704//4704
f 4663//4663 4704//4704 4703//4703
f 4664//4664 4665//4665 4705//4705
f 4664//4664 4705//4705 4704//4704
f 4665//4665 4666//4666 4706//4706
f 4665//4665 4706//4706 4705//4705
f 4666//4666 4667//4667 4707//4707
f 4666//4666 4707//4707 4706//4706
f 4667//4667 4668//4668 4708//4708
f 4667//4667 4708//4708 4707//4707
f 4668//4668 4669//4669 4709//4709
f 4668//4668 4709//4709 4708//4708
f 4669//4669 4670//4670 4710//4710
f 4669//4669 4710//4710 4709//4709
f 4670//4670 4671//4671 4711//4711
f 4670//4670 4711//4711 4710//4710
f 4671//4671 4672//4672 4712//4712
f 4671//4671 4712//4712 4711//4711
f 4672//4672 4673//4673 4713//4713
f 4672//4672 4713//4713 4712//4712
f 4673//4673 4674//4674 4714//4714
f 4673//4673 4714//4714 4713//4713
f 4674//4674 4675//4675 4715//4715
f 4674//4674 4715//4715 4714//4714
f 4675//4675 4676//4676 4716//4716
f 4675//4675 4716//4716 4715//4715
f 4676//4676 4677//4677 4717//4717
f 4676//4676 4717//4717 4716//4716
f 4677//4677 4638//4638 4678//4678
f 4677//4677 4678//4678 4717//4717
f 4678//4678 4679//4679 4719//4719
f 4678//4678 4719//4719 4718//4718
f 4679//4679 4680//4680 4720//4720
f 4679//4679 4720//4720 4719//4719
f 4680//4680 4681//4681 4721//4721
f 4680//4680 4721//4721 4720//4720
f 4681//4681 4682//4682 4722//4722
f 4681//4681 4722//4722 4721//4721
f 4682//4682 4683//4683 4723//4723
f 4682//4682 4723//4723 4722//4722
f 4683//4683 4684//4684 4724//4724
f 4683//4683 4724//4724 4723//4723
f 4684//4684 4685//4685 4725//4725
f 4684//4684 4725//4725 4724//4724
f 4685//4685 4686//4686 4726//4726
f 4685//4685 4726//4726 4725//4725
f 4686//4686 4687//4687 4727//4727
f 4686//4686 4727//4727 4726//4726
f 4687//4687 4688//4688 4728//4728
f 4687//4687 4728//4728 4727//4727
f 4688//4688 4689//4689 4729//4729
f 4688//4688 4729//4729 4728//4728
f 4689//4689 4690//4690 4730//4730
f 4689//4689 4730//4730 4729//4729
f 4690//4690 4691//4691 4731//4731
f 4690//4690 4731//4731 4730//4730
f 4691//4691 4692//4692 4732//4732
f 4691//4691 4732//4732 4731//4731
f 4692//4692 4693//4693 4733//4733
f 4692//4692 4733//4733 4732//4732
f 4693//4693 4694//4694 4734//4734
f 4693//4693 4734//4734 4733//4733
f 4694//4694 4695//4695 4735//4735
f 4694//4694 4735//4735 4734//4734
f 4695//4695 4696//4696 4736//4736
f 4695//4695 4736//4736 4735//4735
f 4696//4696 4697//4697 4737//4737
f 4696//4696 4737//4737 4736//4736
f 4697//4697 4698//4698 4738//4738
f 4697//4697 4738//4738 4737//4737
f 4698//4698 4699//4699 4739//4739
f 4698//4698 4739//4739 4738//4738
f 4699//4699 4700//4700 4740//4740
f 4699//4699 4740//4740 4739//4739
f 4700//4700 4701//4701 4741//4741
f 4700//4700 4741//4741 4740//4740
f 4701//4701 4702//4702 4742//4742
f 4701//4701 4742//4742 4741//4741
f 4702//4702 4703//4703 4743//4743
f 4702//4702 4743//4743 4742//4742
f 4703//4703 4704//4704 4744//4744
f 4703//4703 4744//4744 4743//4743
f 4704//4704 4705//4705 4745//4745
f 4704//4704 4745//4745 4744//4744
f 4705//4705 4706//4706 4746//4746
f 4705//4705 4746//4746 4745//4745
f 4706//4706 4707//4707 4747//4747
f 4706//4706 4747//4747 4746//4746
f 4707//4707 4708//4708 4748//4748
f 4707//4707 4748//4748 4747//4747
f 4708//4708 4709//4709 4749//4749
f 4708//4708 4749//4749 4748//4748
f 4709//4709 4710//4710 4750//4750
f 4709//4709 4750//4750 4749//4749
f 4710//4710 4711//4711 4751//4751
f 4710//4710 4751//4751 4750//4750
f 4711//4711 4712//4712 4752//4752
f 4711//4711 4752//4752 4751//4751
f 4712//4712 4713//4713 4753//4753
f 4712//4712 4753//4753 4752//4752
f 4713//4713 4714//4714 4754//4754
f 4713//4713 4754//4754 4753//4753
f 4714//4714 4715//4715 4755//4755
f 4714//4714 4755//4755 4754//4754
f 4715//4715 4716//4716 4756//4756
f 4715//4715 4756//4756 4755//4755
f 4716//4716 4717//4717 4757//4757
f 4716//4716 4757//4757 4756//4756
f 4717//4717 4678//4678 4718//4718
f 4717//4717 4718//4718 4757//4757
f 4718//4718 4719//4719 4759//4759
f 4718//4718 4759//4759 4758//4758
f 4719//4719 4720//4720 4760//4760
f 4719//4719 4760//4760 4759//4759
f 4720//4720 4721//4721 4761//4761
f 4720//4720 4761//4761 4760//4760
f 4721//4721 4722//4722 4762//4762
f 4721//4721 4762//4762 4761//4761
f 4722//4722 4723//4723 4763//4763
f 4722//4722 4763//4763 4762//4762
f 4723//4723 4724//4724 4764//4764
f 4723//4723 4764//4764 4763//4763
f 4724//4724 4725//4725 4765//4765
f 4724//4724 4765//4765 4764//4764
f 4725//4725 4726//4726 4766//4766
f 4725//4725 4766//4766 4765//4765
f 4726//4726 4727//4727 4767//4767
f 4726//4726 4767//4767 4766//4766
f 4727//4727 4728//4728 4768//4768
f 4727//4727 4768//4768 4767//4767
f 4728//4728 4729//4729 4769//4769
f 4728//4728 4769//4769 4768//4768
f 4729//4729 4730//4730 4770//4770
f 4729//4729 4770//4770 4769//4769
f 4730//4730 4731//4731 4771//4771
f 4730//4730 4771//4771 4770//4770
f 4731//4731 4732//4732 4772//4772
f 4731//4731 4772//4772 4771//4771
f 4732//4732 4733//4733 4773//4773
f 4732//4732 4773//4773 4772//4772
f 4733//4733 4734//4734 4774//4774
f 4733//4733 4774//4774 4773//4773
f 4734//4734 4735//4735 4775//4775
f 4734//4734 4775//4775 4774//4774
f 4735//4735 4736//4736 4776//4776
f 4735//4735 4776//4776 4775//4775
f 4736//4736 4737//4737 4777//4777
f 4736//4736 4777//4777 4776//4776
f 4737//4737 4738//4738 4778//4778
f 4737//4737 4778//4778 4777//4777
f 4738//4738 4739//4739 4779//4779
f 4738//4738 4779//4779 4778//4778
f 4739//4739 4740//4740 4780//4780
f 4739//4739 4780//4780 4779//4779
f 4740//4740 4741//4741 4781//4781
f 4740//4740 4781//4781 4780//4780
f 4741//4741 4742//4742 4782//4782
f 4741//4741 4782//4782 4781//4781
f 4742//4742 4743//4743 4783//4783
f 4742//4742 4783//4783 4782//4782
f 4743//4743 4744//4744 4784//4784
f 4743//4743 4784//4784 4783//4783
f 4744//4744 4745//4745 4785//4785
f 4744//4744 4785//4785 4784//4784
f 4745//4745 4746//4746 4786//4786
f 4745//4745 4786//4786 4785//4785
f 4746//4746 4747//4747 4787//4787
f 4746//4746 4787//4787 4786//4786
f 4747//4747 4748//4748 4788//4788
f 4747//4747 4788//4788 4787//4787
f 4748//4748 4749//4749 4789//4789
f 4748//4748 4789//4789 4788//4788
f 4749//4749 4750//4750 4790//4790
f 4749//4749 4790//4790 4789//4789
f 4750//4750 4751//4751 4791//4791
f 4750//4750 4791//4791 4790//4790
f 4751//4751 4752//4752 4792//4792
f 4751//4751 4792//4792 4791//4791
f 4752//4752 4753//4753 4793//4793
f 4752//4752 4793//4793 4792//4792
f 4753//4753 4754//4754 4794//4794
f 4753//4753 4794//4794 4793//4793
f 4754//4754 4755//4755 4795//4795
f 4754//4754 4795//4795 4794//4794
f 4755//4755 4756//4756 4796//4796
f 4755//4755 4796//4796 4795//4795
f 4756//4756 4757//4757 4797//4797
f 4756//4756 4797//4797 4796//4796
f 4757//4757 4718//4718 4758//4758
f 4757//4757 4758//4758 4797//4797
f 4758//4758 4759//4759 4799//4799
f 4758//4758 4799//4799 4798//4798
f 4759//4759 4760//4760 4800//4800
f 4759//4759 4800//4800 4799//4799
f 4760//4760 4761//4761 4801//4801
f 4760//4760 4801//4801 4800//4800
f 4761//4761 4762//4762 4802//4802
f 4761//4761 4802//4802 4801//4801
f 4762//4762 4763//4763 4803//4803
f 4762//4762 4803//4803 4802//4802
f 4763//4763 4764//4764 4804//4804
f 4763//4763 4804//4804 4803//4803
f 4764//4764 4765//4765 4805//4805
f 4764//4764 4805//4805 4804//4804
f 4765//4765 4766//4766 4806//4806
f 4765//4765 4806//4806 4805//4805
f 4766//4766 4767//4767 4807//4807
f 4766//4766 4807//4807 4806//4806
f 4767//4767 4768//4768 4808//4808
f 4767//4767 4808//4808 4807//4807
f 4768//4768 4769//4769 4809//4809
f 4768//4768 4809//4809 4808//4808
f 4769//4769 4770//4770 4810//4810
f 4769//4769 4810//4810 4809//4809
f 4770//4770 4771//4771 4811//4811
f 4770//4770 4811//4811 4810//4810
f 4771//4771 4772//4772 4812//4812
f 4771//4771 4812//4812 4811//4811
f 4772//4772 4773//4773 4813//4813
f 4772//4772 4813//4813 4812//4812
f 4773//4773 4774//4774 4814//4814
f 4773//4773 4814//4814 4813//4813
f 4774//4774 4775//4775 4815//4815
f 4774//4774 4815//4815 4814//4814
f 4775//4775 4776//4776 4816//4816
f 4775//4775 4816//4816 4815//4815
f 4776//4776 4777//4777 4817//4817
f 4776//4776 4817//4817 4816//4816
f 4777//4777 4778//4778 4818//4818
f 4777//4777 4818//4818 4817//4817
f 4778//4778 4779//4779 4819//4819
f 4778//4778 4819//4819 4818//4818
f 4779//4779 4780//4780 4820//4820
f 4779//4779 4820//4820 4819//4819
f 4780//4780 4781//4781 4821//4821
f 4780//4780 4821//4821 4820//4820
f 4781//4781 4782//4782 4822//4822
f 4781//4781 4822//4822 4821//4821
f 4782//4782 4783//4783 4823//4823
f 4782//4782 4823//4823 4822//4822
f 4783//4783 4784//4784 4824//4824
f 4783//4783 4824//4824 4823//4823
f 4784//4784 4785//4785 4825//4825
f 4784//4784 4825//4825 4824//4824
f 4785//4785 4786//4786 4826//4826
f 4785//4785 4826//4826 4825//4825
f 4786//4786 4787//4787 4827//4827
f 4786//4786 4827//4827 4826//4826
f 4787//4787 4788//4788 4828//4828
f 4787//4787 4828//4828 4827//4827
f 4788//4788 4789//4789 4829//4829
f 4788//4788 4829//4829 4828//4828
f 4789//4789 4790//4790 4830//4830
f 4789//4789 4830//4830 4829//4829
f 4790//4790 4791//4791 4831//4831
f 4790//4790 4831//4831 4830//4830
f 4791//4791 4792//4792 4832//4832
f 4791//4791 4832//4832 4831//4831
f 4792//4792 4793//4793 4833//4833
f 4792//4792 4833//4833 4832//4832
f 4793//4793 4794//4794 4834//4834
f 4793//4793 4834//4834 4833//4833
f 4794//4794 4795//4795 4835//4835
f 4794//4794 4835//4835 4834//4834
f 4795//4795 4796//4796 4836//4836
f 4795//4795 4836//4836 4835//4835
f 4796//4796 4797//4797 4837//4837
f 4796//4796 4837//4837 4836//4836
f 4797//4797 4758//4758 4798//4798
f 4797//4797 4798//4798 4837//4837
f 4798//4798 4799//4799 4839//4839
f 4798//4798 4839//4839 4838//4838
f 4799//4799 4800//4800 4840//4840
f 4799//4799 4840//4840 4839//4839
f 4800//4800 4801//4801 4841//4841
f 4800//4800 4841//4841 4840//4840
f 4801//4801 4802//4802 4842//4842
f 4801//4801 4842//4842 4841//4841
f 4802//4802 4803//4803 4843//4843
f 4802//4802 4843//4843 4842//4842
f 4803//4803 4804//4804 4844//4844
f 4803//4803 4844//4844 4843//4843
f 4804//4804 4805//4805 4845//4845
f 4804//4804 4845//4845 4844//4844
f 4805//4805 4806//4806 4846//4846
f 4805//4805 4846//4846 4845//4845
f 4806//4806 4807//4807 4847//4847
f 4806//4806 4847//4847 4846//4846
f 4807//4807 4808//4808 4848//4848
f 4807//4807 4848//4848 4847//4847
f 4808//4808 4809//4809 4849//4849
f 4808//4808 4849//4849 4848//4848
f 4809//4809 4810//4810 4850//4850
f 4809//4809 4850//4850 4849//4849
f 4810//4810 4811//4811 4851//4851
f 4810//4810 4851//4851 4850//4850
f 4811//4811 4812//4812 4852//4852
f 4811//4811 4852//4852 4851//4851
f 4812//4812 4813//4813 4853//4853
f 4812//4812 4853//4853 4852//4852
f 4813//4813 4814//4814 4854//4854
f 4813//4813 4854//4854 4853//4853
f 4814//4814 4815//4815 4855//4855
f 4814//4814 4855//4855 4854//4854
f 4815//4815 4816//4816 4856//4856
f 4815//4815 4856//4856 4855//4855
f 4816//4816 4817//4817 4857//4857
f 4816//4816 4857//4857 4856//4856
f 4817//4817 4818//4818 4858//4858
f 4817//4817 4858//4858 4857//4857
f 4818//4818 4819//4819 4859//4859
f 4818//4818 4859//4859 4858//4858
f 4819//4819 4820//4820 4860//4860
f 4819//4819 4860//4860 4859//4859
f 4820//4820 4821//4821 4861//4861
f 4820//4820 4861//4861 4860//4860
f 4821//4821 4822//4822 4862//4862
f 4821//4821 4862//4862 4861//4861
f 4822//4822 4823//4823 4863//4863
f 4822//4822 4863//4863 4862//4862
f 4823//4823 4824//4824 4864//4864
f 4823//4823 4864//4864 4863//4863
f 4824//4824 4825//4825 4865//4865
f 4824//4824 4865//4865 4864//4864
f 4825//4825 4826//4826 4866//4866
f 4825//4825 4866//4866 4865//4865
f 4826//4826 4827//4827 4867//4867
f 4826//4826 4867//4867 4866//4866
f 4827//4827 4828//4828 4868//4868
f 4827//4827 4868//4868 4867//4867
f 4828//4828 4829//4829 4869//4869
f 4828//4828 4869//4869 4868//4868
f 4829//4829 4830//4830 4870//4870
f 4829//4829 4870//4870 4869//4869
f 4830//4830 4831//4831 4871//4871
f 4830//4830 4871//4871 4870//4870
f 4831//4831 4832//4832 4872//4872
f 4831//4831 4872//4872 4871//4871
f 4832//4832 4833//4833 4873//4873
f 4832//4832 4873//4873 4872//4872
f 4833//4833 4834//4834 4874//4874
f 4833//4833 4874//4874 4873//4873
f 4834//4834 4835//4835 4875//4875
f 4834//4834 4875//4875 4874//4874
f 4835//4835 4836//4836 4876//4876
f 4835//4835 4876//4876 4875//4875
f 4836//4836 4837//4837 4877//4877
f 4836//4836 4877//4877 4876//4876
f 4837//4837 4798//4798 4838//4838
f 4837//4837 4838//4838 4877//4877
f 4838//4838 4839//4839 4879//4879
f 4838//4838 4879//4879 4878//4878
f 4839//4839 4840//4840 4880//4880
f 4839//4839 4880//4880 4879//4879
f 4840//4840 4841//4841 4881//4881
f 4840//4840 4881//4881 4880//4880
f 4841//4841 4842//4842 4882//4882
f 4841//4841 4882//4882 4881//4881
f 4842//4842 4843//4843 4883//4883
f 4842//4842 4883//4883 4882//4882
f 4843//4843 4844//4844 4884//4884
f 4843//4843 4884//4884 4883//4883
f 4844//4844 4845//4845 4885//4885
f 4844//4844 4885//4885 4884//4884
f 4845//4845 4846//4846 4886//4886
f 4845//4845 4886//4886 4885//4885
f 4846//4846 4847//4847 4887//4887
f 4846//4846 4887//4887 4886//4886
f 4847//4847 4848//4848 4888//4888
f 4847//4847 4888//4888 4887//4887
f 4848//4848 4849//4849 4889//4889
f 4848//4848 4889//4889 4888//4888
f 4849//4849 4850//4850 4890//4890
f 4849//4849 4890//4890 4889//4889
f 4850//4850 4851//4851 4891//4891
f 4850//4850 4891//4891 4890//4890
f 4851//4851 4852//4852 4892//4892
f 4851//4851 4892//4892 4891//4891
f 4852//4852 4853//4853 4893//4893
f 4852//4852 4893//4893 4892//4892
f 4853//4853 4854//4854 4894//4894
f 4853//4853 4894//4894 4893//4893
f 4854//4854 4855//4855 4895//4895
f 4854//4854 4895//4895 4894//4894
f 4855//4855 4856//4856 4896//4896
f 4855//4855 4896//4896 4895//4895
f 4856//4856 4857//4857 4897//4897
f 4856//4856 4897//4897 4896//4896
f 4857//4857 4858//4858 4898//4898
f 4857//4857 4898//4898 4897//4897
f 4858//4858 4859//4859 4899//4899
f 4858//4858 4899//4899 4898//4898
f 4859//4859 4860//4860 4900//4900
f 4859//4859 4900//4900 4899//4899
f 4860//4860 4861//4861 4901//4901
f 4860//4860 4901//4901 4900//4900
f 4861//4861 4862//4862 4902//4902
f 4861//4861 4902//4902 4901//4901
f 4862//4862 4863//4863 4903//4903
f 4862//4862 4903//4903 4902//4902
f 4863//4863 4864//4864 4904//4904
f 4863//4863 4904//4904 4903//4903
f 4864//4864 4865//4865 4905//4905
f 4864//4864 4905//4905 4904//4904
f 4865//4865 4866//4866 4906//4906
f 4865//4865 4906//4906 4905//4905
f 4866//4866 4867//4867 4907//4907
f 4866//4866 4907//4907 4906//4906
f 4867//4867 4868//4868 4908//4908
f 4867//4867 4908//4908 4907//4907
f 4868//4868 4869//4869 4909//4909
f 4868//4868 4909//4909 4908//4908
f 4869//4869 4870//4870 4910//4910
f 4869//4869 4910//4910 4909//4909
f 4870//4870 4871//4871 4911//4911
f 4870//4870 4911//4911 4910//4910
f 4871//4871 4872//4872 4912//4912
f 4871//4871 4912//4912 4911//4911
f 4872//4872 4873//4873 4913//4913
f 4872//4872 4913//4913 4912//4912
f 4873//4873 4874//4874 4914//4914
f 4873//4873 4914//4914 4913//4913
f 4874//4874 4875//4875 4915//4915
f 4874//4874 4915//4915 4914//4914
f 4875//4875 4876//4876 4916//4916
f 4875//4875 4916//4916 4915//4915
f 4876//4876 4877//4877 4917//4917
f 4876//4876 4917//4917 4916//4916
f 4877//4877 4838//4838 4878//4878
f 4877//4877 4878//4878 4917//4917
f 4878//4878 4879//4879 4919//4919
f 4878//4878 4919//4919 4918//4918
f 4879//4879 4880//4880 4920//4920
f 4879//4879 4920//4920 4919//4919
f 4880//4880 4881//4881 4921//4921
f 4880//4880 4921//4921 4920//4920
f 4881//4881 4882//4882 4922//4922
f 4881//4881 4922//4922 4921//4921
f 4882//4882 4883//4883 4923//4923
f 4882//4882 4923//4923 4922//4922
f 4883//4883 4884//4884 4924//4924
f 4883//4883 4924//4924 4923//4923
f 4884//4884 4885//4885 4925//4925
f 4884//4884 4925//4925 4924//4924
f 4885//4885 4886//4886 4926//4926
f 4885//4885 4926//4926 4925//4925
f 4886//4886 4887//4887 4927//4927
f 4886//4886 4927//4927 4926//4926
f 4887//4887 4888//4888 4928//4928
f 4887//4887 4928//4928 4927//4927
f 4888//4888 4889//4889 4929//4929
f 4888//4888 4929//4929 4928//4928
f 4889//4889 4890//4890 4930//4930
f 4889//4889 4930//4930 4929//4929
f 4890//4890 4891//4891 4931//4931
f 4890//4890 4931//4931 4930//4930
f 4891//4891 4892//4892 4932//4932
f 4891//4891 4932//4932 4931//4931
f 4892//4892 4893//4893 4933//4933
f 4892//4892 4933//4933 4932//4932
f 4893//4893 4894//4894 4934//4934
f 4893//4893 4934//4934 4933//4933
f 4894//4894 4895//4895 4935//4935
f 4894//4894 4935//4935 4934//4934
f 4895//4895 4896//4896 4936//4936
f 4895//4895 4936//4936 4935//4935
f 4896//4896 4897//4897 4937//4937
f 4896//4896 4937//4937 4936//4936
f 4897//4897 4898//4898 4938//4938
f 4897//4897 4938//4938 4937//4937
f 4898//4898 4899//4899 4939//4939
f 4898//4898 4939//4939 4938//4938
f 4899//4899 4900//4900 4940//4940
f 4899//4899 4940//4940 4939//4939
f 4900//4900 4901//4901 4941//4941
f 4900//4900 4941//4941 4940//4940
f 4901//4901 4902//4902 4942//4942
f 4901//4901 4942//4942 4941//4941
f 4902//4902 4903//4903 4943//4943
f 4902//4902 4943//4943 4942//4942
f 4903//4903 4904//4904 4944//4944
f 4903//4903 4944//4944 4943//4943
f 4904//4904 4905//4905 4945//4945
f 4904//4904 4945//4945 4944//4944
f 4905//4905 4906//4906 4946//4946
f 4905//4905 4946//4946 4945//4945
f 4906//4906 4907//4907 4947//4947
f 4906//4906 4947//4947 4946//4946
f 4907//4907 4908//4908 4948//4948
f 4907//4907 4948//4948 4947//4947
f 4908//4908 4909//4909 4949//4949
f 4908//4908 4949//4949 4948//4948
f 4909//4909 4910//4910 4950//4950
f 4909//4909 4950//4950 4949//4949
f 4910//4910 4911//4911 4951//4951
f 4910//4910 4951//4951 4950//4950
f 4911//4911 4912//4912 4952//4952
f 4911//4911 4952//4952 4951//4951
f 4912//4912 4913//4913 4953//4953
f 4912//4912 4953//4953 4952//4952
f 4913//4913 4914//4914 4954//4954
f 4913//4913 4954//4954 4953//4953
f 4914//4914 4915//4915 4955//4955
f 4914//4914 4955//4955 4954//4954
f 4915//4915 4916//4916 4956//4956
f 4915//4915 4956//4956 4955//4955
f 4916//4916 4917//4917 4957//4957
f 4916//4916 4957//4957 4956//4956
f 4917//4917 4878//4878 4918//4918
f 4917//4917 4918//4918 4957//4957
f 4918//4918 4919//4919 4959//4959
f 4918//4918 4959//4959 4958//4958
f 4919//4919 4920//4920 4960//4960
f 4919//4919 4960//4960 4959//4959
f 4920//4920 4921//4921 4961//4961
f 4920//4920 4961//4961 4960//4960
f 4921//4921 4922//4922 4962//4962
f 4921//4921 4962//4962 4961//4961
f 4922//4922 4923//4923 4963//4963
f 4922//4922 4963//4963 4962//4962
f 4923//4923 4924//4924 4964//4964
f 4923//4923 4964//4964 4963//4963
f 4924//4924 4925//4925 4965//4965
f 4924//4924 4965//4965 4964//4964
f 4925//4925 4926//4926 4966//4966
f 4925//4925 4966//4966 4965//4965
f 4926//4926 4927//4927 4967//4967
f 4926//4926 4967//4967 4966//4966
f 4927//4927 4928//4928 4968//4968
f 4927//4927 4968//4968 4967//4967
f 4928//4928 4929//4929 4969//4969
f 4928//4928 4969//4969 4968//4968
f 4929//4929 4930//4930 4970//4970
f 4929//4929 4970//4970 4969//4969
f 4930//4930 4931//4931 4971//4971
f 4930//4930 4971//4971 4970//4970
f 4931//4931 4932//4932 4972//4972
f 4931//4931 4972//4972 4971//4971
f 4932//4932 4933//4933 4973//4973
f 4932//4932 4973//4973 4972//4972
f 4933//4933 4934//4934 4974//4974
f 4933//4933 4974//4974 4973//4973
f 4934//4934 4935//4935 4975//4975
f 4934//4934 4975//4975 4974//4974
f 4935//4935 4936//4936 4976//4976
f 4935//4935 4976//4976 4975//4975
f 4936//4936 4937//4937 4977//4977
f 4936//4936 4977//4977 4976//4976
f 4937//4937 4938//4938 4978//4978
f 4937//4937 4978//4978 4977//4977
f 4938//4938 4939//4939 4979//4979
f 4938//4938 4979//4979 4978//4978
f 4939//4939 4940//4940 4980//4980
f 4939//4939 4980//4980 4979//4979
f 4940//4940 4941//4941 4981//4981
f 4940//4940 4981//4981 4980//4980
f 4941//4941 4942//4942 4982//4982
f 4941//4941 4982//4982 4981//4981
f 4942//4942 4943//4943 4983//4983
f 4942//4942 4983//4983 4982//4982
f 4943//4943 4944//4944 4984//4984
f 4943//4943 4984//4984 4983//4983
f 4944//4944 4945//4945 4985//4985
f 4944//4944 4985//4985 4984//4984
f 4945//4945 4946//4946 4986//4986
f 4945//4945 4986//4986 4985//4985
f 4946//4946 4947//4947 4987//4987
f 4946//4946 4987//4987 4986//4986
f 4947//4947 4948//4948 4988//4988
f 4947//4947 4988//4988 4987//4987
f 4948//4948 4949//4949 4989//4989
f 4948//4948 4989//4989 4988//4988
f 4949//4949 4950//4950 4990//4990
f 4949//4949 4990//4990 4989//4989
f 4950//4950 4951//4951 4991//4991
f 4950//4950 4991//4991 4990//4990
f 4951//4951 4952//4952 4992//4992
f 4951//4951 4992//4992 4991//4991
f 4952//4952 4953//4953 4993//4993
f 4952//4952 4993//4993 4992//4992
f 4953//4953 4954//4954 4994//4994
f 4953//4953 4994//4994 4993//4993
f 4954//4954 4955//4955 4995//4995
f 4954//4954 4995//4995 4994//4994
f 4955//4955 4956//4956 4996//4996
f 4955//4955 4996//4996 4995//4995
f 4956//4956 4957//4957 4997//4997
f 4956//4956 4997//4997 4996//4996
f 4957//4957 4918//4918 4958//4958
f 4957//4957 4958//4958 4997//4997
f 4958//4958 4959//4959 4999//4999
f 4958//4958 4999//4999 4998//4998
f 4959//4959 4960//4960 5000//5000
f 4959//4959 5000//5000 4999//4999
f 4960//4960 4961//4961 5001//5001
f 4960//4960 5001//5001 5000//5000
f 4961//4961 4962//4962 5002//5002
f 4961//4961 5002//5002 5001//5001
f 4962//4962 4963//4963 5003//5003
f 4962//4962 5003//5003 5002//5002
f 4963//4963 4964//4964 5004//5004
f 4963//4963 5004//5004 5003//5003
f 4964//4964 4965//4965 5005//5005
f 4964//4964 5005//5005 5004//5004
f 4965//4965 4966//4966 5006//5006
f 4965//4965 5006//5006 5005//5005
f 4966//4966 4967//4967 5007//5007
f 4966//4966 5007//5007 5006//5006
f 4967//4967 4968//4968 5008//5008
f 4967//4967 5008//5008 5007//5007
f 4968//4968 4969//4969 5009//5009
f 4968//4968 5009//5009 5008//5008
f 4969//4969 4970//4970 5010//5010
f 4969//4969 5010//5010 5009//5009
f 4970//4970 4971//4971 5011//5011
f 4970//4970 5011//5011 5010//5010
f 4971//4971 4972//4972 5012//5012
f 4971//4971 5012//5012 5011//5011
f 4972//4972 4973//4973 5013//5013
f 4972//4972 5013//5013 5012//5012
f 4973//4973 4974//4974 5014//5014
f 4973//4973 5014//5014 5013//5013
f 4974//4974 4975//4975 5015//5015
f 4974//4974 5015//5015 5014//5014
f 4975//4975 4976//4976 5016//5016
f 4975//4975 5016//5016 5015//5015
f 4976//4976 4977//4977 5017//5017
f 4976//4976 5017//5017 5016//5016
f 4977//4977 4978//4978 5018//5018
f 4977//4977 5018//5018 5017//5017
f 4978//4978 4979//4979 5019//5019
f 4978//4978 5019//5019 5018//5018
f 4979//4979 4980//4980 5020//5020
f 4979//4979 5020//5020 5019//5019
f 4980//4980 4981//4981 5021//5021
f 4980//4980 5021//5021 5020//5020
f 4981//4981 4982//4982 5022//5022
f 4981//4981 5022//5022 5021//5021
f 4982//4982 4983//4983 5023//5023
f 4982//4982 5023//5023 5022//5022
f 4983//4983 4984//4984 5024//5024
f 4983//4983 5024//5024 5023//5023
f 4984//4984 4985//4985 5025//5025
f 4984//4984 5025//5025 5024//5024
f 4985//4985 4986//4986 5026//5026
f 4985//4985 5026//5026 5025//5025
f 4986//4986 4987//4987 5027//5027
f 4986//4986 5027//5027 5026//5026
f 4987//4987 4988//4988 5028//5028
f 4987//4987 5028//5028 5027//5027
f 4988//4988 4989//4989 5029//5029
f 4988//4988 5029//5029 5028//5028
f 4989//4989 4990//4990 5030//5030
f 4989//4989 5030//5030 5029//5029
f 4990//4990 4991//4991 5031//5031
f 4990//4990 5031//5031 5030//5030
f 4991//4991 4992//4992 5032//5032
f 4991//4991 5032//5032 5031//5031
f 4992//4992 4993//4993 5033//5033
f 4992//4992 5033//5033 5032//5032
f 4993//4993 4994//4994 5034//5034
f 4993//4993 5034//5034 5033//5033
f 4994//4994 4995//4995 5035//5035
f 4994//4994 5035//5035 5034//5034
f 4995//4995 4996//4996 5036//5036
f 4995//4995 5036//5036 5035//5035
f 4996//4996 4997//4997 5037//5037
f 4996//4996 5037//5037 5036//5036
f 4997//4997 4958//4958 4998//4998
f 4997//4997 4998//4998 5037//5037
f 4998//4998 4999//4999 5039//5039
f 4998//4998 5039//5039 5038//5038
f 4999//4999 5000//5000 5040//5040
f 4999//4999 5040//5040 5039//5039
f 5000//5000 5001//5001 5041//5041
f 5000//5000 5041//5041 5040//5040
f 5001//5001 5002//5002 5042//5042
f 5001//5001 5042//5042 5041//5041
f 5002//5002 5003//5003 5043//5043
f 5002//5002 5043//5043 5042//5042
f 5003//5003 5004//5004 5044//5044
f 5003//5003 5044//5044 5043//5043
f 5004//5004 5005//5005 5045//5045
f 5004//5004 5045//5045 5044//5044
f 5005//5005 5006//5006 5046//5046
f 5005//5005 5046//5046 5045//5045
f 5006//5006 5007//5007 5047//5047
f 5006//5006 5047//5047 5046//5046
f 5007//5007 5008//5008 5048//5048
f 5007//5007 5048//5048 5047//5047
f 5008//5008 5009//5009 5049//5049
f 5008//5008 5049//5049 5048//5048
f 5009//5009 5010//5010 5050//5050
f 5009//5009 5050//5050 5049//5049
f 5010//5010 5011//5011 5051//5051
f 5010//5010 5051//5051 5050//5050
f 5011//5011 5012//5012 5052//5052
f 5011//5011 5052//5052 5051//5051
f 5012//5012 5013//5013 5053//5053
f 5012//5012 5053//5053 5052//5052
f 5013//5013 5014//5014 5054//5054
f 5013//5013 5054//5054 5053//5053
f 5014//5014 5015//5015 5055//5055
f 5014//5014 5055//5055 5054//5054
f 5015//5015 5016//5016 5056//5056
f 5015//5015 5056//5056 5055//5055
f 5016//5016 5017//5017 5057//5057
f 5016//5016 5057//5057 5056//5056
f 5017//5017 5018//5018 5058//5058
f 5017//5017 5058//5058 5057//5057
f 5018//5018 5019//5019 5059//5059
f 5018//5018 5059//5059 5058//5058
f 5019//5019 5020//5020 5060//5060
f 5019//5019 5060//5060 5059//5059
f 5020//5020 5021//5021 5061//5061
f 5020//5020 5061//5061 5060//5060
f 5021//5021 5022//5022 5062//5062
f 5021//5021 5062//5062 5061//5061
f 5022//5022 5023//5023 5063//5063
f 5022//5022 5063//5063 5062//5062
f 5023//5023 5024//5024 5064//5064
f 5023//5023 5064//5064 5063//5063
f 5024//5024 5025//5025 5065//5065
f 5024//5024 5065//5065 5064//5064
f 5025//5025 5026//5026 5066//5066
f 5025//5025 5066//5066 5065//5065
f 5026//5026 5027//5027 5067//5067
f 5026//5026 5067//5067 5066//5066
f 5027//5027 5028//5028 5068//5068
f 5027//5027 5068//5068 5067//5067
f 5028//5028 5029//5029 5069//5069
f 5028//5028 5069//5069 5068//5068
f 5029//5029 5030//5030 5070//5070
f 5029//5029 5070//5070 5069//5069
f 5030//5030 5031//5031 5071//5071
f 5030//5030 5071//5071 5070//5070
f 5031//5031 5032//5032 5072//5072
f 5031//5031 5072//5072 5071//5071
f 5032//5032 5033//5033 5073//5073
f 5032//5032 5073//5073 5072//5072
f 5033//5033 5034//5034 5074//5074
f 5033//5033 5074//5074 5073//5073
f 5034//5034 5035//5035 5075//5075
f 5034//5034 5075//5075 5074//5074
f 5035//5035 5036//5036 5076//5076
f 5035//5035 5076//5076 5075//5075
f 5036//5036 5037//5037 5077//5077
f 5036//5036 5077//5077 5076//5076
f 5037//5037 4998//4998 5038//5038
f 5037//5037 5038//5038 5077//5077
f 5038//5038 5039//5039 5079//5079
f 5038//5038 5079//5079 5078//5078
f 5039//5039 5040//5040 5080//5080
f 5039//5039 5080//5080 5079//5079
f 5040//5040 5041//5041 5081//5081
f 5040//5040 5081//5081 5080//5080
f 5041//5041 5042//5042 5082//5082
f 5041//5041 5082//5082 5081//5081
f 5042//5042 5043//5043 5083//5083
f 5042//5042 5083//5083 5082//5082
f 5043//5043 5044//5044 5084//5084
f 5043//5043 5084//5084 5083//5083
f 5044//5044 5045//5045 5085//5085
f 5044//5044 5085//5085 5084//5084
f 5045//5045 5046//5046 5086//5086
f 5045//5045 5086//5086 5085//5085
f 5046//5046 5047//5047 5087//5087
f 5046//5046 5087//5087 5086//5086
f 5047//5047 5048//5048 5088//5088
f 5047//5047 5088//5088 5087//5087
f 5048//5048 5049//5049 5089//5089
f 5048//5048 5089//5089 5088//5088
f 5049//5049 5050//5050 5090//5090
f 5049//5049 5090//5090 5089//5089
f 5050//5050 5051//5051 5091//5091
f 5050//5050 5091//5091 5090//5090
f 5051//5051 5052//5052 5092//5092
f 5051//5051 5092//5092 5091//5091
f 5052//5052 5053//5053 5093//5093
f 5052//5052 5093//5093 5092//5092
f 5053//5053 5054//5054 5094//5094
f 5053//5053 5094//5094 5093//5093
f 5054//5054 5055//5055 5095//5095
f 5054//5054 5095//5095 5094//5094
f 5055//5055 5056//5056 5096//5096
f 5055//5055 5096//5096 5095//5095
f 5056//5056 5057//5057 5097//5097
f 5056//5056 5097//5097 5096//5096
f 5057//5057 5058//5058 5098//5098
f 5057//5057 5098//5098 5097//5097
f 5058//5058 5059//5059 5099//5099
f 5058//5058 5099//5099 5098//5098
f 5059//5059 5060//5060 5100//5100
f 5059//5059 5100//5100 5099//5099
f 5060//5060 5061//5061 5101//5101
f 5060//5060 5101//5101 5100//5100
f 5061//5061 5062//5062 5102//5102
f 5061//5061 5102//5102 5101//5101
f 5062//5062 5063//5063 5103//5103
f 5062//5062 5103//5103 5102//5102
f 5063//5063 5064//5064 5104//5104
f 5063//5063 5104//5104 5103//5103
f 5064//5064 5065//5065 5105//5105
f 5064//5064 5105//5105 5104//5104
f 5065//5065 5066//5066 5106//5106
f 5065//5065 5106//5106 5105//5105
f 5066//5066 5067//5067 5107//5107
f 5066//5066 5107//5107 5106//5106
f 5067//5067 5068//5068 5108//5108
f 5067//5067 5108//5108 5107//5107
f 5068//5068 5069//5069 5109//5109
f 5068//5068 5109//5109 5108//5108
f 5069//5069 5070//5070 5110//5110
f 5069//5069 5110//5110 5109//5109
f 5070//5070 5071//5071 5111//5111
f 5070//5070 5111//5111 5110//5110
f 5071//5071 5072//5072 5112//5112
f 5071//5071 5112//5112 5111//5111
f 5072//5072 5073//5073 5113//5113
f 5072//5072 5113//5113 5112//5112
f 5073//5073 5074//5074 5114//5114
f 5073//5073 5114//5114 5113//5113
f 5074//5074 5075//5075 5115//5115
f 5074//5074 5115//5115 5114//5114
f 5075//5075 5076//5076 5116//5116
f 5075//5075 5116//5116 5115//5115
f 5076//5076 5077//5077 5117//5117
f 5076//5076 5117//5117 5116//5116
f 5077//5077 5038//5038 5078//5078
f 5077//5077 5078//5078 5117//5117
f 5078//5078 5079//5079 5119//5119
f 5078//5078 5119//5119 5118//5118
f 5079//5079 5080//5080 5120//5120
f 5079//5079 5120//5120 5119//5119
f 5080//5080 5081//5081 5121//5121
f 5080//5080 5121//5121 5120//5120
f 5081//5081 5082//5082 5122//5122
f 5081//5081 5122//5122 5121//5121
f 5082//5082 5083//5083 5123//5123
f 5082//5082 5123//5123 5122//5122
f 5083//5083 5084//5084 5124//5124
f 5083//5083 5124//5124 5123//5123
f 5084//5084 5085//5085 5125//5125
f 5084//5084 5125//5125 5124//5124
f 5085//5085 5086//5086 5126//5126
f 5085//5085 5126//5126 5125//5125
f 5086//5086 5087//5087 5127//5127
f 5086//5086 5127//5127 5126//5126
f 5087//5087 5088//5088 5128//5128
f 5087//5087 5128//5128 5127//5127
f 5088//5088 5089//5089 5129//5129
f 5088//5088 5129//5129 5128//5128
f 5089//5089 5090//5090 5130//5130
f 5089//5089 5130//5130 5129//5129
f 5090//5090 5091//5091 5131//5131
f 5090//5090 5131//5131 5130//5130
f 5091//5091 5092//5092 5132//5132
f 5091//5091 5132//5132 5131//5131
f 5092//5092 5093//5093 5133//5133
f 5092//5092 5133//5133 5132//5132
f 5093//5093 5094//5094 5134//5134
f 5093//5093 5134//5134 5133//5133
f 5094//5094 5095//5095 5135//5135
f 5094//5094 5135//5135 5134//5134
f 5095//5095 5096//5096 5136//5136
f 5095//5095 5136//5136 5135//5135
f 5096//5096 5097//5097 5137//5137
f 5096//5096 5137//5137 5136//5136
f 5097//5097 5098//5098 5138//5138
f 5097//5097 5138//5138 5137//5137
f 5098//5098 5099//5099 5139//5139
f 5098//5098 5139//5139 5138//5138
f 5099//5099 5100//5100 5140//5140
f 5099//5099 5140//5140 5139//5139
f 5100//5100 5101//5101 5141//5141
f 5100//5100 5141//5141 5140//5140
f 5101//5101 5102//5102 5142//5142
f 5101//5101 5142//5142 5141//5141
f 5102//5102 5103//5103 5143//5143
f 5102//5102 5143//5143 5142//5142
f 5103//5103 5104//5104 5144//5144
f 5103//5103 5144//5144 5143//5143
f 5104//5104 5105//5105 5145//5145
f 5104//5104 5145//5145 5144//5144
f 5105//5105 5106//5106 5146//5146
f 5105//5105 5146//5146 5145//5145
f 5106//5106 5107//5107 5147//5147
f 5106//5106 5147//5147 5146//5146
f 5107//5107 5108//5108 5148//5148
f 5107//5107 5148//5148 5147//5147
f 5108//5108 5109//5109 5149//5149
f 5108//5108 5149//5149 5148//5148
f 5109//5109 5110//5110 5150//5150
f 5109//5109 5150//5150 5149//5149
f 5110//5110 5111//5111 5151//5151
f 5110//5110 5151//5151 5150//5150
f 5111//5111 5112//5112 5152//5152
f 5111//5111 5152//5152 5151//5151
f 5112//5112 5113//5113 5153//5153
f 5112//5112 5153//5153 5152//5152
f 5113//5113 5114//5114 5154//5154
f 5113//5113 5154//5154 5153//5153
f 5114//5114 5115//5115 5155//5155
f 5114//5114 5155//5155 5154//5154
f 5115//5115 5116//5116 5156//5156
f 5115//5115 5156//5156 5155//5155
f 5116//5116 5117//5117 5157//5157
f 5116//5116 5157//5157 5156//5156
f 5117//5117 5078//5078 5118//5118
f 5117//5117 5118//5118 5157//5157
f 5118//5118 5119//5119 5159//5159
f 5118//5118 5159//5159 5158//5158
f 5119//5119 5120//5120 5160//5160
f 5119//5119 5160//5160 5159//5159
f 5120//5120 5121//5121 5161//5161
f 5120//5120 5161//5161 5160//5160
f 5121//5121 5122//5122 5162//5162
f 5121//5121 5162//5162 5161//5161
f 5122//5122 5123//5123 5163//5163
f 5122//5122 5163//5163 5162//5162
f 5123//5123 5124//5124 5164//5164
f 5123//5123 5164//5164 5163//5163
f 5124//5124 5125//5125 5165//5165
f 5124//5124 5165//5165 5164//5164
f 5125//5125 5126//5126 5166//5166
f 5125//5125 5166//5166 5165//5165
f 5126//5126 5127//5127 5167//5167
f 5126//5126 5167//5167 5166//5166
f 5127//5127 5128//5128 5168//5168
f 5127//5127 5168//5168 5167//5167
f 5128//5128 5129//5129 5169//5169
f 5128//5128 5169//5169 5168//5168
f 5129//5129 5130//5130 5170//5170
f 5129//5129 5170//5170 5169//5169
f 5130//5130 5131//5131 5171//5171
f 5130//5130 5171//5171 5170//5170
f 5131//5131 5132//5132 5172//5172
f 5131//5131 5172//5172 5171//5171
f 5132//5132 5133//5133 5173//5173
f 5132//5132 5173//5173 5172//5172
f 5133//5133 5134//5134 5174//5174
f 5133//5133 5174//5174 5173//5173
f 5134//5134 5135//5135 5175//5175
f 5134//5134 5175//5175 5174//5174
f 5135//5135 5136//5136 5176//5176
f 5135//5135 5176//5176 5175//5175
f 5136//5136 5137//5137 5177//5177
f 5136//5136 5177//5177 5176//5176
f 5137//5137 5138//5138 5178//5178
f 5137//5137 5178//5178 5177//5177
f 5138//5138 5139//5139 5179//5179
f 5138//5138 5179//5179 5178//5178
f 5139//5139 5140//5140 5180//5180
f 5139//5139 5180//5180 5179//5179
f 5140//5140 5141//5141 5181//5181
f 5140//5140 5181//5181 5180//5180
f 5141//5141 5142//5142 5182//5182
f 5141//5141 5182//5182 5181//5181
f 5142//5142 5143//5143 5183//5183
f 5142//5142 5183//5183 5182//5182
f 5143//5143 5144//5144 5184//5184
f 5143//5143 5184//5184 5183//5183
f 5144//5144 5145//5145 5185//5185
f 5144//5144 5185//5185 5184//5184
f 5145//5145 5146//5146 5186//5186
f 5145//5145 5186//5186 5185//5185
f 5146//5146 5147//5147 5187//5187
f 5146//5146 5187//5187 5186//5186
f 5147//5147 5148//5148 5188//5188
f 5147//5147 5188//5188 5187//5187
f 5148//5148 5149//5149 5189//5189
f 5148//5148 5189//5189 5188//5188
f 5149//5149 5150//5150 5190//5190
f 5149//5149 5190//5190 5189//5189
f 5150//5150 5151//5151 5191//5191
f 5150//5150 5191//5191 5190//5190
f 5151//5151 5152//5152 5192//5192
f 5151//5151 5192//5192 5191//5191
f 5152//5152 5153//5153 5193//5193
f 5152//5152 5193//5193 5192//5192
f 5153//5153 5154//5154 5194//5194
f 5153//5153 5194//5194 5193//5193
f 5154//5154 5155//5155 5195//5195
f 5154//5154 5195//5195 5194//5194
f 5155//5155 5156//5156 5196//5196
f 5155//5155 5196//5196 5195//5195
f 5156//5156 5157//5157 5197//5197
f 5156//5156 5197//5197 5196//5196
f 5157//5157 5118//5118 5158//5158
f 5157//5157 5158//5158 5197//5197
f 5158//5158 5159//5159 5199//5199
f 5158//5158 5199//5199 5198//5198
f 5159//5159 5160//5160 5200//5200
f 5159//5159 5200//5200 5199//5199
f 5160//5160 5161//5161 5201//5201
f 5160//5160 5201//5201 5200//5200
f 5161//5161 5162//5162 5202//5202
f 5161//5161 5202//5202 5201//5201
f 5162//5162 5163//5163 5203//5203
f 5162//5162 5203//5203 5202//5202
f 5163//5163 5164//5164 5204//5204
f 5163//5163 5204//5204 5203//5203
f 5164//5164 5165//5165 5205//5205
f 5164//5164 5205//5205 5204//5204
f 5165//5165 5166//5166 5206//5206
f 5165//5165 5206//5206 5205//5205
f 5166//5166 5167//5167 5207//5207
f 5166//5166 5207//5207 5206//5206
f 5167//5167 5168//5168 5208//5208
f 5167//5167 5208//5208 5207//5207
f 5168//5168 5169//5169 5209//5209
f 5168//5168 5209//5209 5208//5208
f 5169//5169 5170//5170 5210//5210
f 5169//5169 5210//5210 5209//5209
f 5170//5170 5171//5171 5211//5211
f 5170//5170 5211//5211 5210//5210
f 5171//5171 5172//5172 5212//5212
f 5171//5171 5212//5212 5211//5211
f 5172//5172 5173//5173 5213//5213
f 5172//5172 5213//5213 5212//5212
f 5173//5173 5174//5174 5214//5214
f 5173//5173 5214//5214 5213//5213
f 5174//5174 5175//5175 5215//5215
f 5174//5174 5215//5215 5214//5214
f 5175//5175 5176//5176 5216//5216
f 5175//5175 5216//5216 5215//5215
f 5176//5176 5177//5177 5217//5217
f 5176//5176 5217//5217 5216//5216
f 5177//5177 5178//5178 5218//5218
f 5177//5177 5218//5218 5217//5217
f 5178//5178 5179//5179 5219//5219
f 5178//5178 5219//5219 5218//5218
f 5179//5179 5180//5180 5220//5220
f 5179//5179 5220//5220 5219//5219
f 5180//5180 5181//5181 5221//5221
f 5180//5180 5221//5221 5220//5220
f 5181//5181 5182//5182 5222//5222
f 5181//5181 5222//5222 5221//5221
f 5182//5182 5183//5183 5223//5223
f 5182//5182 5223//5223 5222//5222
f 5183//5183 5184//5184 5224//5224
f 5183//5183 5224//5224 5223//5223
f 5184//5184 5185//5185 5225//5225
f 5184//5184 5225//5225 5224//5224
f 5185//5185 5186//5186 5226//5226
f 5185//5185 5226//5226 5225//5225
f 5186//5186 5187//5187 5227//5227
f 5186//5186 5227//5227 5226//5226
f 5187//5187 5188//5188 5228//5228
f 5187//5187 5228//5228 5227//5227
f 5188//5188 5189//5189 5229//5229
f 5188//5188 5229//5229 5228//5228
f 5189//5189 5190//5190 5230//5230
f 5189//5189 5230//5230 5229//5229
f 5190//5190 5191//5191 5231//5231
f 5190//5190 5231//5231 5230//5230
f 5191//5191 5192//5192 5232//5232
f 5191//5191 5232//5232 5231//5231
f 5192//5192 5193//5193 5233//5233
f 5192//5192 5233//5233 5232//5232
f 5193//5193 5194//5194 5234//5234
f 5193//5193 5234//5234 5233//5233
f 5194//5194 5195//5195 5235//5235
f 5194//5194 5235//5235 5234//5234
f 5195//5195 5196//5196 5236//5236
f 5195//5195 5236//5236 5235//5235
f 5196//5196 5197//5197 5237//5237
f 5196//5196 5237//5237 5236//5236
f 5197//5197 5158//5158 5198//5198
f 5197//5197 5198//5198 5237//5237
f 5198//5198 5199//5199 5239//5239
f 5198//5198 5239//5239 5238//5238
f 5199//5199 5200//5200 5240//5240
f 5199//5199 5240//5240 5239//5239
f 5200//5200 5201//5201 5241//5241
f 5200//5200 5241//5241 5240//5240
f 5201//5201 5202//5202 5242//5242
f 5201//5201 5242//5242 5241//5241
f 5202//5202 5203//5203 5243//5243
f 5202//5202 5243//5243 5242//5242
f 5203//5203 5204//5204 5244//5244
f 5203//5203 5244//5244 5243//5243
f 5204//5204 5205//5205 5245//5245
f 5204//5204 5245//5245 5244//5244
f 5205//5205 5206//5206 5246//5246
f 5205//5205 5246//5246 5245//5245
f 5206//5206 5207//5207 5247//5247
f 5206//5206 5247//5247 5246//5246
f 5207//5207 5208//5208 5248//5248
f 5207//5207 5248//5248 5247//5247
f 5208//5208 5209//5209 5249//5249
f 5208//5208 5249//5249 5248//5248
f 5209//5209 5210//5210 5250//5250
f 5209//5209 5250//5250 5249//5249
f 5210//5210 5211//5211 5251//5251
f 5210//5210 5251//5251 5250//5250
f 5211//5211 5212//5212 5252//5252
f 5211//5211 5252//5252 5251//5251
f 5212//5212 5213//5213 5253//5253
f 5212//5212 5253//5253 5252//5252
f 5213//5213 5214//5214 5254//5254
f 5213//5213 5254//5254 5253//5253
f 5214//5214 5215//5215 5255//5255
f 5214//5214 5255//5255 5254//5254
f 5215//5215 5216//5216 5256//5256
f 5215//5215 5256//5256 5255//5255
f 5216//5216 5217//5217 5257//5257
f 5216//5216 5257//5257 5256//5256
f 5217//5217 5218//5218 5258//5258
f 5217//5217 5258//5258 5257//5257
f 5218//5218 5219//5219 5259//5259
f 5218//5218 5259//5259 5258//5258
f 5219//5219 5220//5220 5260//5260
f 5219//5219 5260//5260 5259//5259
f 5220//5220 5221//5221 5261//5261
f 5220//5220 5261//5261 5260//5260
f 5221//5221 5222//5222 5262//5262
f 5221//5221 5262//5262 5261//5261
f 5222//5222 5223//5223 5263//5263
f 5222//5222 5263//5263 5262//5262
f 5223//5223 5224//5224 5264//5264
f 5223//5223 5264//5264 5263//5263
f 5224//5224 5225//5225 5265//5265
f 5224//5224 5265//5265 5264//5264
f 5225//5225 5226//5226 5266//5266
f 5225//5225 5266//5266 5265//5265
f 5226//5226 5227//5227 5267//5267
f 5226//5226 5267//5267 5266//5266
f 5227//5227 5228//5228 5268//5268
f 5227//5227 5268//5268 5267//5267
f 5228//5228 5229//5229 5269//5269
f 5228//5228 5269//5269 5268//5268
f 5229//5229 5230//5230 5270//5270
f 5229//5229 5270//5270 5269//5269
f 5230//5230 5231//5231 5271//5271
f 5230//5230 5271//5271 5270//5270
f 5231//5231 5232//5232 5272//5272
f 5231//5231 5272//5272 5271//5271
f 5232//5232 5233//5233 5273//5273
f 5232//5232 5273//5273 5272//5272
f 5233//5233 5234//5234 5274//5274
f 5233//5233 5274//5274 5273//5273
f 5234//5234 5235//5235 5275//5275
f 5234//5234 5275//5275 5274//5274
f 5235//5235 5236//5236 5276//5276
f 5235//5235 5276//5276 5275//5275
f 5236//5236 5237//5237 5277//5277
f 5236//5236 5277//5277 5276//5276
f 5237//5237 5198//5198 5238//5238
f 5237//5237 5238//5238 5277//5277
f 5238//5238 5239//5239 5279//5279
f 5238//5238 5279//5279 5278//5278
f 5239//5239 5240//5240 5280//5280
f 5239//5239 5280//5280 5279//5279
f 5240//5240 5241//5241 5281//5281
f 5240//5240 5281//5281 5280//5280
f 5241//5241 5242//5242 5282//5282
f 5241//5241 5282//5282 5281//5281
f 5242//5242 5243//5243 5283//5283
f 5242//5242 5283//5283 5282//5282
f 5243//5243 5244//5244 5284//5284
f 5243//5243 5284//5284 5283//5283
f 5244//5244 5245//5245 5285//5285
f 5244//5244 5285//5285 5284//5284
f 5245//5245 5246//5246 5286//5286
f 5245//5245 5286//5286 5285//5285
f 5246//5246 5247//5247 5287//5287
f 5246//5246 5287//5287 5286//5286
f 5247//5247 5248//5248 5288//5288
f 5247//5247 5288//5288 5287//5287
f 5248//5248 5249//5249 5289//5289
f 5248//5248 5289//5289 5288//5288
f 5249//5249 5250//5250 5290//5290
f 5249//5249 5290//5290 5289//5289
f 5250//5250 5251//5251 5291//5291
f 5250//5250 5291//5291 5290//5290
f 5251//5251 5252//5252 5292//5292
f 5251//5251 5292//5292 5291//5291
f 5252//5252 5253//5253 5293//5293
f 5252//5252 5293//5293 5292//5292
f 5253//5253 5254//5254 5294//5294
f 5253//5253 5294//5294 5293//5293
f 5254//5254 5255//5255 5295//5295
f 5254//5254 5295//5295 5294//5294
f 5255//5255 5256//5256 5296//5296
f 5255//5255 5296//5296 5295//5295
f 5256//5256 5257//5257 5297//5297
f 5256//5256 5297//5297 5296//5296
f 5257//5257 5258//5258 5298//5298
f 5257//5257 5298//5298 5297//5297
f 5258//5258 5259//5259 5299//5299
f 5258//5258 5299//5299 5298//5298
f 5259//5259 5260//5260 5300//5300
f 5259//5259 5300//5300 5299//5299
f 5260//5260 5261//5261 5301//5301
f 5260//5260 5301//5301 5300//5300
f 5261//5261 5262//5262 5302//5302
f 5261//5261 5302//5302 5301//5301
f 5262//5262 5263//5263 5303//5303
f 5262//5262 5303//5303 5302//5302
f 5263//5263 5264//5264 5304//5304
f 5263//5263 5304//5304 5303//5303
f 5264//5264 5265//5265 5305//5305
f 5264//5264 5305//5305 5304//5304
f 5265//5265 5266//5266 5306//5306
f 5265//5265 5306//5306 5305//5305
f 5266//5266 5267//5267 5307//5307
f 5266//5266 5307//5307 5306//5306
f 5267//5267 5268//5268 5308//5308
f 5267//5267 5308//5308 5307//5307
f 5268//5268 5269//5269 5309//5309
f 5268//5268 5309//5309 5308//5308
f 5269//5269 5270//5270 5310//5310
f 5269//5269 5310//5310 5309//5309
f 5270//5270 5271//5271 5311//5311
f 5270//5270 5311//5311 5310//5310
f 5271//5271 5272//5272 5312//5312
f 5271//5271 5312//5312 5311//5311
f 5272//5272 5273//5273 5313//5313
f 5272//5272 5313//5313 5312//5312
f 5273//5273 5274//5274 5314//5314
f 5273//5273 5314//5314 5313//5313
f 5274//5274 5275//5275 5315//5315
f 5274//5274 5315//5315 5314//5314
f 5275//5275 5276//5276 5316//5316
f 5275//5275 5316//5316 5315//5315
f 5276//5276 5277//5277 5317//5317
f 5276//5276 5317//5317 5316//5316
f 5277//5277 5238//5238 5278//5278
f 5277//5277 5278//5278 5317//5317
f 5278//5278 5279//5279 5319//5319
f 5278//5278 5319//5319 5318//5318
f 5279//5279 5280//5280 5320//5320
f 5279//5279 5320//5320 5319//5319
f 5280//5280 5281//5281 5321//5321
f 5280//5280 5321//5321 5320//5320
f 5281//5281 5282//5282 5322//5322
f 5281//5281 5322//5322 5321//5321
f 5282//5282 5283//5283 5323//5323
f 5282//5282 5323//5323 5322//5322
f 5283//5283 5284//5284 5324//5324
f 5283//5283 5324//5324 5323//5323
f 5284//5284 5285//5285 5325//5325
f 5284//5284 5325//5325 5324//5324
f 5285//5285 5286//5286 5326//5326
f 5285//5285 5326//5326 5325//5325
f 5286//5286 5287//5287 5327//5327
f 5286//5286 5327//5327 5326//5326
f 5287//5287 5288//5288 5328//5328
f 5287//5287 5328//5328 5327//5327
f 5288//5288 5289//5289 5329//5329
f 5288//5288 5329//5329 5328//5328
f 5289//5289 5290//5290 5330//5330
f 5289//5289 5330//5330 5329//5329
f 5290//5290 5291//5291 5331//5331
f 5290//5290 5331//5331 5330//5330
f 5291//5291 5292//5292 5332//5332
f 5291//5291 5332//5332 5331//5331
f 5292//5292 5293//5293 5333//5333
f 5292//5292 5333//5333 5332//5332
f 5293//5293 5294//5294 5334//5334
f 5293//5293 5334//5334 5333//5333
f 5294//5294 5295//5295 5335//5335
f 5294//5294 5335//5335 5334//5334
f 5295//5295 5296//5296 5336//5336
f 5295//5295 5336//5336 5335//5335
f 5296//5296 5297//5297 5337//5337
f 5296//5296 5337//5337 5336//5336
f 5297//5297 5298//5298 5338//5338
f 5297//5297 5338//5338 5337//5337
f 5298//5298 5299//5299 5339//5339
f 5298//5298 5339//5339 5338//5338
f 5299//5299 5300//5300 5340//5340
f 5299//5299 5340//5340 5339//5339
f 5300//5300 5301//5301 5341//5341
f 5300//5300 5341//5341 5340//5340
f 5301//5301 5302//5302 5342//5342
f 5301//5301 5342//5342 5341//5341
f 5302//5302 5303//5303 5343//5343
f 5302//5302 5343//5343 5342//5342
f 5303//5303 5304//5304 5344//5344
f 5303//5303 5344//5344 5343//5343
f 5304//5304 5305//5305 5345//5345
f 5304//5304 5345//5345 5344//5344
f 5305//5305 5306//5306 5346//5346
f 5305//5305 5346//5346 5345//5345
f 5306//5306 5307//5307 5347//5347
f 5306//5306 5347//5347 5346//5346
f 5307//5307 5308//5308 5348//5348
f 5307//5307 5348//5348 5347//5347
f 5308//5308 5309//5309 5349//5349
f 5308//5308 5349//5349 5348//5348
f 5309//5309 5310//5310 5350//5350
f 5309//5309 5350//5350 5349//5349
f 5310//5310 5311//5311 5351//5351
f 5310//5310 5351//5351 5350//5350
f 5311//5311 5312//5312 5352//5352
f 5311//5311 5352//5352 5351//5351
f 5312//5312 5313//5313 5353//5353
f 5312//5312 5353//5353 5352//5352
f 5313//5313 5314//5314 5354//5354
f 5313//5313 5354//5354 5353//5353
f 5314//5314 5315//5315 5355//5355
f 5314//5314 5355//5355 5354//5354
f 5315//5315 5316//5316 5356//5356
f 5315//5315 5356//5356 5355//5355
f 5316//5316 5317//5317 5357//5357
f 5316//5316 5357//5357 5356//5356
f 5317//5317 5278//5278 5318//5318
f 5317//5317 5318//5318 5357//5357
f 5318//5318 5319//5319 5359//5359
f 5318//5318 5359//5359 5358//5358
f 5319//5319 5320//5320 5360//5360
f 5319//5319 5360//5360 5359//5359
f 5320//5320 5321//5321 5361//5361
f 5320//5320 5361//5361 5360//5360
f 5321//5321 5322//5322 5362//5362
f 5321//5321 5362//5362 5361//5361
f 5322//5322 5323//5323 5363//5363
f 5322//5322 5363//5363 5362//5362
f 5323//5323 5324//5324 5364//5364
f 5323//5323 5364//5364 5363//5363
f 5324//5324 5325//5325 5365//5365
f 5324//5324 5365//5365 5364//5364
f 5325//5325 5326//5326 5366//5366
f 5325//5325 5366//5366 5365//5365
f 5326//5326 5327//5327 5367//5367
f 5326//5326 5367//5367 5366//5366
f 5327//5327 5328//5328 5368//5368
f 5327//5327 5368//5368 5367//5367
f 5328//5328 5329//5329 5369//5369
f 5328//5328 5369//5369 5368//5368
f 5329//5329 5330//5330 5370//5370
f 5329//5329 5370//5370 5369//5369
f 5330//5330 5331//5331 5371//5371
f 5330//5330 5371//5371 5370//5370
f 5331//5331 5332//5332 5372//5372
f 5331//5331 5372//5372 5371//5371
f 5332//5332 5333//5333 5373//5373
f 5332//5332 5373//5373 5372//5372
f 5333//5333 5334//5334 5374//5374
f 5333//5333 5374//5374 5373//5373
f 5334//5334 5335//5335 5375//5375
f 5334//5334 5375//5375 5374//5374
f 5335//5335 5336//5336 5376//5376
f 5335//5335 5376//5376 5375//5375
f 5336//5336 5337//5337 5377//5377
f 5336//5336 5377//5377 5376//5376
f 5337//5337 5338//5338 5378//5378
f 5337//5337 5378//5378 5377//5377
f 5338//5338 5339//5339 5379//5379
f 5338//5338 5379//5379 5378//5378
f 5339//5339 5340//5340 5380//5380
f 5339//5339 5380//5380 5379//5379
f 5340//5340 5341//5341 5381//5381
f 5340//5340 5381//5381 5380//5380
f 5341//5341 5342//5342 5382//5382
f 5341//5341 5382//5382 5381//5381
f 5342//5342 5343//5343 5383//5383
f 5342//5342 5383//5383 5382//5382
f 5343//5343 5344//5344 5384//5384
f 5343//5343 5384//5384 5383//5383
f 5344//5344 5345//5345 5385//5385
f 5344//5344 5385//5385 5384//5384
f 5345//5345 5346//5346 5386//5386
f 5345//5345 5386//5386 5385//5385
f 5346//5346 5347//5347 5387//5387
f 5346//5346 5387//5387 5386//5386
f 5347//5347 5348//5348 5388//5388
f 5347//5347 5388//5388 5387//5387
f 5348//5348 5349//5349 5389//5389
f 5348//5348 5389//5389 5388//5388
f 5349//5349 5350//5350 5390//5390
f 5349//5349 5390//5390 5389//5389
f 5350//5350 5351//5351 5391//5391
f 5350//5350 5391//5391 5390//5390
f 5351//5351 5352//5352 5392//5392
f 5351//5351 5392//5392 5391//5391
f 5352//5352 5353//5353 5393//5393
f 5352//5352 5393//5393 5392//5392
f 5353//5353 5354//5354 5394//5394
f 5353//5353 5394//5394 5393//5393
f 5354//5354 5355//5355 5395//5395
f 5354//5354 5395//5395 5394//5394
f 5355//5355 5356//5356 5396//5396
f 5355//5355 5396//5396 5395//5395
f 5356//5356 5357//5357 5397//5397
f 5356//5356 5397//5397 5396//5396
f 5357//5357 5318//5318 5358//5358
f 5357//5357 5358//5358 5397//5397
f 5358//5358 5359//5359 5399//5399
f 5358//5358 5399//5399 5398//5398
f 5359//5359 5360//5360 5400//5400
f 5359//5359 5400//5400 5399//5399
f 5360//5360 5361//5361 5401//5401
f 5360//5360 5401//5401 5400//5400
f 5361//5361 5362//5362 5402//5402
f 5361//5361 5402//5402 5401//5401
f 5362//5362 5363//5363 5403//5403
f 5362//5362 5403//5403 5402//5402
f 5363//5363 5364//5364 5404//5404
f 5363//5363 5404//5404 5403//5403
f 5364//5364 5365//5365 5405//5405
f 5364//5364 5405//5405 5404//5404
f 5365//5365 5366//5366 5406//5406
f 5365//5365 5406//5406 5405//5405
f 5366//5366 5367//5367 5407//5407
f 5366//5366 5407//5407 5406//5406
f 5367//5367 5368//5368 5408//5408
f 5367//5367 5408//5408 5407//5407
f 5368//5368 5369//5369 5409//5409
f 5368//5368 5409//5409 5408//5408
f 5369//5369 5370//5370 5410//5410
f 5369//5369 5410//5410 5409//5409
f 5370//5370 5371//5371 5411//5411
f 5370//5370 5411//5411 5410//5410
f 5371//5371 5372//5372 5412//5412
f 5371//5371 5412//5412 5411//5411
f 5372//5372 5373//5373 5413//5413
f 5372//5372 5413//5413 5412//5412
f 5373//5373 5374//5374 5414//5414
f 5373//5373 5414//5414 5413//5413
f 5374//5374 5375//5375 5415//5415
f 5374//5374 5415//5415 5414//5414
f 5375//5375 5376//5376 5416//5416
f 5375//5375 5416//5416 5415//5415
f 5376//5376 5377//5377 5417//5417
f 5376//5376 5417//5417 5416//5416
f 5377//5377 5378//5378 5418//5418
f 5377//5377 5418//5418 5417//5417
f 5378//5378 5379//5379 5419//5419
f 5378//5378 5419//5419 5418//5418
f 5379//5379 5380//5380 5420//5420
f 5379//5379 5420//5420 5419//5419
f 5380//5380 5381//5381 5421//5421
f 5380//5380 5421//5421 5420//5420
f 5381//5381 5382//5382 5422//5422
f 5381//5381 5422//5422 5421//5421
f 5382//5382 5383//5383 5423//5423
f 5382//5382 5423//5423 5422//5422
f 5383//5383 5384//5384 5424//5424
f 5383//5383 5424//5424 5423//5423
f 5384//5384 5385//5385 5425//5425
f 5384//5384 5425//5425 5424//5424
f 5385//5385 5386//5386 5426//5426
f 5385//5385 5426//5426 5425//5425
f 5386//5386 5387//5387 5427//5427
f 5386//5386 5427//5427 5426//5426
f 5387//5387 5388//5388 5428//5428
f 5387//5387 5428//5428 5427//5427
f 5388//5388 5389//5389 5429//5429
f 5388//5388 5429//5429 5428//5428
f 5389//5389 5390//5390 5430//5430
f 5389//5389 5430//5430 5429//5429
f 5390//5390 5391//5391 5431//5431
f 5390//5390 5431//5431 5430//5430
f 5391//5391 5392//5392 5432//5432
f 5391//5391 5432//5432 5431//5431
f 5392//5392 5393//5393 5433//5433
f 5392//5392 5433//5433 5432//5432
f 5393//5393 5394//5394 5434//5434
f 5393//5393 5434//5434 5433//5433
f 5394//5394 5395//5395 5435//5435
f 5394//5394 5435//5435 5434//5434
f 5395//5395 5396//5396 5436//5436
f 5395//5395 5436//5436 5435//5435
f 5396//5396 5397//5397 5437//5437
f 5396//5396 5437//5437 5436//5436
f 5397//5397 5358//5358 5398//5398
f 5397//5397 5398//5398 5437//5437
f 5398//5398 5399//5399 5439//5439
f 5398//5398 5439//5439 5438//5438
f 5399//5399 5400//5400 5440//5440
f 5399//5399 5440//5440 5439//5439
f 5400//5400 5401//5401 5441//5441
f 5400//5400 5441//5441 5440//5440
f 5401//5401 5402//5402 5442//5442
f 5401//5401 5442//5442 5441//5441
f 5402//5402 5403//5403 5443//5443
f 5402//5402 5443//5443 5442//5442
f 5403//5403 5404//5404 5444//5444
f 5403//5403 5444//5444 5443//5443
f 5404//5404 5405//5405 5445//5445
f 5404//5404 5445//5445 5444//5444
f 5405//5405 5406//5406 5446//5446
f 5405//5405 5446//5446 5445//5445
f 5406//5406 5407//5407 5447//5447
f 5406//5406 5447//5447 5446//5446
f 5407//5407 5408//5408 5448//5448
f 5407//5407 5448//5448 5447//5447
f 5408//5408 5409//5409 5449//5449
f 5408//5408 5449//5449 5448//5448
f 5409//5409 5410//5410 5450//5450
f 5409//5409 5450//5450 5449//5449
f 5410//5410 5411//5411 5451//5451
f 5410//5410 5451//5451 5450//5450
f 5411//5411 5412//5412 5452//5452
f 5411//5411 5452//5452 5451//5451
f 5412//5412 5413//5413 5453//5453
f 5412//5412 5453//5453 5452//5452
f 5413//5413 5414//5414 5454//5454
f 5413//5413 5454//5454 5453//5453
f 5414//5414 5415//5415 5455//5455
f 5414//5414 5455//5455 5454//5454
f 5415//5415 5416//5416 5456//5456
f 5415//5415 5456//5456 5455//5455
f 5416//5416 5417//5417 5457//5457
f 5416//5416 5457//5457 5456//5456
f 5417//5417 5418//5418 5458//5458
f 5417//5417 5458//5458 5457//5457
f 5418//5418 5419//5419 5459//5459
f 5418//5418 5459//5459 5458//5458
f 5419//5419 5420//5420 5460//5460
f 5419//5419 5460//5460 5459//5459
f 5420//5420 5421//5421 5461//5461
f 5420//5420 5461//5461 5460//5460
f 5421//5421 5422//5422 5462//5462
f 5421//5421 5462//5462 5461//5461
f 5422//5422 5423//5423 5463//5463
f 5422//5422 5463//5463 5462//5462
f 5423//5423 5424//5424 5464//5464
f 5423//5423 5464//5464 5463//5463
f 5424//5424 5425//5425 5465//5465
f 5424//5424 5465//5465 5464//5464
f 5425//5425 5426//5426 5466//5466
f 5425//5425 5466//5466 5465//5465
f 5426//5426 5427//5427 5467//5467
f 5426//5426 5467//5467 5466//5466
f 5427//5427 5428//5428 5468//5468
f 5427//5427 5468//5468 5467//5467
f 5428//5428 5429//5429 5469//5469
f 5428//5428 5469//5469 5468//5468
f 5429//5429 5430//5430 5470//5470
f 5429//5429 5470//5470 5469//5469
f 5430//5430 5431//5431 5471//5471
f 5430//5430 5471//5471 5470//5470
f 5431//5431 5432//5432 5472//5472
f 5431//5431 5472//5472 5471//5471
f 5432//5432 5433//5433 5473//5473
f 5432//5432 5473//5473 5472//5472
f 5433//5433 5434//5434 5474//5474
f 5433//5433 5474//5474 5473//5473
f 5434//5434 5435//5435 5475//5475
f 5434//5434 5475//5475 5474//5474
f 5435//5435 5436//5436 5476//5476
f 5435//5435 5476//5476 5475//5475
f 5436//5436 5437//5437 5477//5477
f 5436//5436 5477//5477 5476//5476
f 5437//5437 5398//5398 5438//5438
f 5437//5437 5438//5438 5477//5477
f 5438//5438 5439//5439 5479//5479
f 5438//5438 5479//5479 5478//5478
f 5439//5439 5440//5440 5480//5480
f 5439//5439 5480//5480 5479//5479
f 5440//5440 5441//5441 5481//5481
f 5440//5440 5481//5481 5480//5480
f 5441//5441 5442//5442 5482//5482
f 5441//5441 5482//5482 5481//5481
f 5442//5442 5443//5443 5483//5483
f 5442//5442 5483//5483 5482//5482
f 5443//5443 5444//5444 5484//5484
f 5443//5443 5484//5484 5483//5483
f 5444//5444 5445//5445 5485//5485
f 5444//5444 5485//5485 5484//5484
f 5445//5445 5446//5446 5486//5486
f 5445//5445 5486//5486 5485//5485
f 5446//5446 5447//5447 5487//5487
f 5446//5446 5487//5487 5486//5486
f 5447//5447 5448//5448 5488//5488
f 5447//5447 5488//5488 5487//5487
f 5448//5448 5449//5449 5489//5489
f 5448//5448 5489//5489 5488//5488
f 5449//5449 5450//5450 5490//5490
f 5449//5449 5490//5490 5489//5489
f 5450//5450 5451//5451 5491//5491
f 5450//5450 5491//5491 5490//5490
f 5451//5451 5452//5452 5492//5492
f 5451//5451 5492//5492 5491//5491
f 5452//5452 5453//5453 5493//5493
f 5452//5452 5493//5493 5492//5492
f 5453//5453 5454//5454 5494//5494
f 5453//5453 5494//5494 5493//5493
f 5454//5454 5455//5455 5495//5495
f 5454//5454 5495//5495 5494//5494
f 5455//5455 5456//5456 5496//5496
f 5455//5455 5496//5496 5495//5495
f 5456//5456 5457//5457 5497//5497
f 5456//5456 5497//5497 5496//5496
f 5457//5457 5458//5458 5498//5498
f 5457//5457 5498//5498 5497//5497
f 5458//5458 5459//5459 5499//5499
f 5458//5458 5499//5499 5498//5498
f 5459//5459 5460//5460 5500//5500
f 5459//5459 5500//5500 5499//5499
f 5460//5460 5461//5461 5501//5501
f 5460//5460 5501//5501 5500//5500
f 5461//5461 5462//5462 5502//5502
f 5461//5461 5502//5502 5501//5501
f 5462//5462 5463//5463 5503//5503
f 5462//5462 5503//5503 5502//5502
f 5463//5463 5464//5464 5504//5504
f 5463//5463 5504//5504 5503//5503
f 5464//5464 5465//5465 5505//5505
f 5464//5464 5505//5505 5504//5504
f 5465//5465 5466//5466 5506//5506
f 5465//5465 5506//5506 5505//5505
f 5466//5466 5467//5467 5507//5507
f 5466//5466 5507//5507 5506//5506
f 5467//5467 5468//5468 5508//5508
f 5467//5467 5508//5508 5507//5507
f 5468//5468 5469//5469 5509//5509
f 5468//5468 5509//5509 5508//5508
f 5469//5469 5470//5470 5510//5510
f 5469//5469 5510//5510 5509//5509
f 5470//5470 5471//5471 5511//5511
f 5470//5470 5511//5511 5510//5510
f 5471//5471 5472//5472 5512//5512
f 5471//5471 5512//5512 5511//5511
f 5472//5472 5473//5473 5513//5513
f 5472//5472 5513//5513 5512//5512
f 5473//5473 5474//5474 5514//5514
f 5473//5473 5514//5514 5513//5513
f 5474//5474 5475//5475 5515//5515
f 5474//5474 5515//5515 5514//5514
f 5475//5475 5476//5476 5516//5516
f 5475//5475 5516//5516 5515//5515
f 5476//5476 5477//5477 5517//5517
f 5476//5476 5517//5517 5516//5516
f 5477//5477 5438//5438 5478//5478
f 5477//5477 5478//5478 5517//5517
f 5478//5478 5479//5479 5519//5519
f 5478//5478 5519//5519 5518//5518
f 5479//5479 5480//5480 5520//5520
f 5479//5479 5520//5520 5519//5519
f 5480//5480 5481//5481 5521//5521
f 5480//5480 5521//5521 5520//5520
f 5481//5481 5482//5482 5522//5522
f 5481//5481 5522//5522 5521//5521
f 5482//5482 5483//5483 5523//5523
f 5482//5482 5523//5523 5522//5522
f 5483//5483 5484//5484 5524//5524
f 5483//5483 5524//5524 5523//5523
f 5484//5484 5485//5485 5525//5525
f 5484//5484 5525//5525 5524//5524
f 5485//5485 5486//5486 5526//5526
f 5485//5485 5526//5526 5525//5525
f 5486//5486 5487//5487 5527//5527
f 5486//5486 5527//5527 5526//5526
f 5487//5487 5488//5488 5528//5528
f 5487//5487 5528//5528 5527//5527
f 5488//5488 5489//5489 5529//5529
f 5488//5488 5529//5529 5528//5528
f 5489//5489 5490//5490 5530//5530
f 5489//5489 5530//5530 5529//5529
f 5490//5490 5491//5491 5531//5531
f 5490//5490 5531//5531 5530//5530
f 5491//5491 5492//5492 5532//5532
f 5491//5491 5532//5532 5531//5531
f 5492//5492 5493//5493 5533//5533
f 5492//5492 5533//5533 5532//5532
f 5493//5493 5494//5494 5534//5534
f 5493//5493 5534//5534 5533//5533
f 5494//5494 5495//5495 5535//5535
f 5494//5494 5535//5535 5534//5534
f 5495//5495 5496//5496 5536//5536
f 5495//5495 5536//5536 5535//5535
f 5496//5496 5497//5497 5537//5537
f 5496//5496 5537//5537 5536//5536
f 5497//5497 5498//5498 5538//5538
f 5497//5497 5538//5538 5537//5537
f 5498//5498 5499//5499 5539//5539
f 5498//5498 5539//5539 5538//5538
f 5499//5499 5500//5500 5540//5540
f 5499//5499 5540//5540 5539//5539
f 5500//5500 5501//5501 5541//5541
f 5500//5500 5541//5541 5540//5540
f 5501//5501 5502//5502 5542//5542
f 5501//5501 5542//5542 5541//5541
f 5502//5502 5503//5503 5543//5543
f 5502//5502 5543//5543 5542//5542
f 5503//5503 5504//5504 5544//5544
f 5503//5503 5544//5544 5543//5543
f 5504//5504 5505//5505 5545//5545
f 5504//5504 5545//5545 5544//5544
f 5505//5505 5506//5506 5546//5546
f 5505//5505 5546//5546 5545//5545
f 5506//5506 5507//5507 5547//5547
f 5506//5506 5547//5547 5546//5546
f 5507//5507 5508//5508 5548//5548
f 5507//5507 5548//5548 5547//5547
f 5508//5508 5509//5509 5549//5549
f 5508//5508 5549//5549 5548//5548
f 5509//5509 5510//5510 5550//5550
f 5509//5509 5550//5550 5549//5549
f 5510//5510 5511//5511 5551//5551
f 5510//5510 5551//5551 5550//5550
f 5511//5511 5512//5512 5552//5552
f 5511//5511 5552//5552 5551//5551
f 5512//5512 5513//5513 5553//5553
f 5512//5512 5553//5553 5552//5552
f 5513//5513 5514//5514 5554//5554
f 5513//5513 5554//5554 5553//5553
f 5514//5514 5515//5515 5555//5555
f 5514//5514 5555//5555 5554//5554
f 5515//5515 5516//5516 5556//5556
f 5515//5515 5556//5556 5555//5555
f 5516//5516 5517//5517 5557//5557
f 5516//5516 5557//5557 5556//5556
f 5517//5517 5478//5478 5518//5518
f 5517//5517 5518//5518 5557//5557
f 5518//5518 5519//5519 5558//5558
f 5519//5519 5520//5520 5558//5558
f 5520//5520 5521//5521 5558//5558
f 5521//5521 5522//5522 5558//5558
f 5522//5522 5523//5523 5558//5558
f 5523//5523 5524//5524 5558//5558
f 5524//5524 5525//5525 5558//5558
f 5525//5525 5526//5526 5558//5558
f 5526//5526 5527//5527 5558//5558
f 5527//5527 5528//5528 5558//5558
f 5528//5528 5529//5529 5558//5558
f 5529//5529 5530//5530 5558//5558
f 5530//5530 5531//5531 5558//5558
f 5531//5531 5532//5532 5558//5558
f 5532//5532 5533//5533 5558//5558
f 5533//5533 5534//5534 5558//5558
f 5534//5534 5535//5535 5558//5558
f 5535//5535 5536//5536 5558//5558
f 5536//5536 5537//5537 5558//5558
f 5537//5537 5538//5538 5558//5558
f 5538//5538 5539//5539 5558//5558
f 5539//5539 5540//5540 5558//5558
f 5540//5540 5541//5541 5558//5558
f 5541//5541 5542//5542 5558//5558
f 5542//5542 5543//5543 5558//5558
f 5543//5543 5544//5544 5558//5558
f 5544//5544 5545//5545 5558//5558
f 5545//5545 5546//5546 5558//5558
f 5546//5546 5547//5547 5558//5558
f 5547//5547 5548//5548 5558//5558
f 5548//5548 5549//5549 5558//5558
f 5549//5549 5550//5550 5558//5558
f 5550//5550 5551//5551 5558//5558
f 5551//5551 5552//5552 5558//5558
f 5552//5552 5553//5553 5558//5558
f 5553//5553 5554//5554 5558//5558
f 5554//5554 5555//5555 5558//5558
f 5555//5555 5556//5556 5558//5558
f 5556//5556 5557//5557 5558//5558
f 5557//5557 5518//5518 5558//5558
usemtl egg_cream
f 5559//5559 5561//5561 5560//5560
f 5559//5559 5562//5562 5561//5561
f 5559//5559 5563//5563 5562//5562
f 5559//5559 5564//5564 5563//5563
f 5559//5559 5565//5565 5564//5564
f 5559//5559 5566//5566 5565//5565
f 5559//5559 5567//5567 5566//5566
f 5559//5559 5568//5568 5567//5567
f 5559//5559 5569//5569 5568//5568
f 5559//5559 5570//5570 5569//5569
f 5559//5559 5571//5571 5570//5570
f 5559//5559 5572//5572 5571//5571
f 5559//5559 5573//5573 5572//5572
f 5559//5559 5574//5574 5573//5573
f 5559//5559 5575//5575 5574//5574
f 5559//5559 5576//5576 5575//5575
f 5559//5559 5577//5577 5576//5576
f 5559//5559 5578//5578 5577//5577
f 5559//5559 5579//5579 5578//5578
f 5559//5559 5580//5580 5579//5579
f 5559//5559 5581//5581 5580//5580
f 5559//5559 5582//5582 5581//5581
f 5559//5559 5583//5583 5582//5582
f 5559//5559 5584//5584 5583//5583
f 5559//5559 5585//5585 5584//5584
f 5559//5559 5586//5586 5585//5585
f 5559//5559 5587//5587 5586//5586
f 5559//5559 5588//5588 5587//5587
f 5559//5559 5589//5589 5588//5588
f 5559//5559 5590//5590 5589//5589
f 5559//5559 5591//5591 5590//5590
f 5559//5559 5592//5592 5591//5591
f 5559//5559 5593//5593 5592//5592
f 5559//5559 5594//5594 5593//5593
f 5559//5559 5595//5595 5594//5594
f 5559//5559 5596//5596 5595//5595
f 5559//5559 5597//5597 5596//5596
f 5559//5559 5598//5598 5597//5597
f 5559//5559 5599//5599 5598//5598
f 5559//5559 5560//5560 5599//5599
f 5560//5560 5561//5561 5601//5601
f 5560//5560 5601//5601 5600//5600
f 5561//5561 5562//5562 5602//5602
f 5561//5561 5602//5602 5601//5601
f 5562//5562 5563//5563 5603//5603
f 5562//5562 5603//5603 5602//5602
f 5563//5563 5564//5564 5604//5604
f 5563//5563 5604//5604 5603//5603
f 5564//5564 5565//5565 5605//5605
f 5564//5564 5605//5605 5604//5604
f 5565//5565 5566//5566 5606//5606
f 5565//5565 5606//5606 5605//5605
f 5566//5566 5567//5567 5607//5607
f 5566//5566 5607//5607 5606//5606
f 5567//5567 5568//5568 5608//5608
f 5567//5567 5608//5608 5607//5607
f 5568//5568 5569//5569 5609//5609
f 5568//5568 5609//5609 5608//5608
f 5569//5569 5570//5570 5610//5610
f 5569//5569 5610//5610 5609//5609
f 5570//5570 5571//5571 5611//5611
f 5570//5570 5611//5611 5610//5610
f 5571//5571 5572//5572 5612//5612
f 5571//5571 5612//5612 5611//5611
f 5572//5572 5573//5573 5613//5613
f 5572//5572 5613//5613 5612//5612
f 5573//5573 5574//5574 5614//5614
f 5573//5573 5614//5614 5613//5613
f 5574//5574 5575//5575 5615//5615
f 5574//5574 5615//5615 5614//5614
f 5575//5575 5576//5576 5616//5616
f 5575//5575 5616//5616 5615//5615
f 5576//5576 5577//5577 5617//5617
f 5576//5576 5617//5617 5616//5616
f 5577//5577 5578//5578 5618//5618
f 5577//5577 5618//5618 5617//5617
f 5578//5578 5579//5579 5619//5619
f 5578//5578 5619//5619 5618//5618
f 5579//5579 5580//5580 5620//5620
f 5579//5579 5620//5620 5619//5619
f 5580//5580 5581//5581 5621//5621
f 5580//5580 5621//5621 5620//5620
f 5581//5581 5582//5582 5622//5622
f 5581//5581 5622//5622 5621//5621
f 5582//5582 5583//5583 5623//5623
f 5582//5582 5623//5623 5622//5622
f 5583//5583 5584//5584 5624//5624
f 5583//5583 5624//5624 5623//5623
f 5584//5584 5585//5585 5625//5625
f 5584//5584 5625//5625 5624//5624
f 5585//5585 5586//5586 5626//5626
f 5585//5585 5626//5626 5625//5625
f 5586//5586 5587//5587 5627//5627
f 5586//5586 5627//5627 5626//5626
f 5587//5587 5588//5588 5628//5628
f 5587//5587 5628//5628 5627//5627
f 5588//5588 5589//5589 5629//5629
f 5588//5588 5629//5629 5628//5628
f 5589//5589 5590//5590 5630//5630
f 5589//5589 5630//5630 5629//5629
f 5590//5590 5591//5591 5631//5631
f 5590//5590 5631//5631 5630//5630
f 5591//5591 5592//5592 5632//5632
f 5591//5591 5632//5632 5631//5631
f 5592//5592 5593//5593 5633//5633
f 5592//5592 5633//5633 5632//5632
f 5593//5593 5594//5594 5634//5634
f 5593//5593 5634//5634 5633//5633
f 5594//5594 5595//5595 5635//5635
f 5594//5594 5635//5635 5634//5634
f 5595//5595 5596//5596 5636//5636
f 5595//5595 5636//5636 5635//5635
f 5596//5596 5597//5597 5637//5637
f 5596//5596 5637//5637 5636//5636
f 5597//5597 5598//5598 5638//5638
f 5597//5597 5638//5638 5637//5637
f 5598//5598 5599//5599 5639//5639
f 5598//5598 5639//5639 5638//5638
f 5599//5599 5560//5560 5600//5600
f 5599//5599 5600//5600 5639//5639
f 5600//5600 5601//5601 5641//5641
f 5600//5600 5641//5641 5640//5640
f 5601//5601 5602//5602 5642//5642
f 5601//5601 5642//5642 5641//5641
f 5602//5602 5603//5603 5643//5643
f 5602//5602 5643//5643 5642//5642
f 5603//5603 5604//5604 5644//5644
f 5603//5603 5644//5644 5643//5643
f 5604//5604 5605//5605 5645//5645
f 5604//5604 5645//5645 5644//5644
f 5605//5605 5606//5606 5646//5646
f 5605//5605 5646//5646 5645//5645
f 5606//5606 5607//5607 5647//5647
f 5606//5606 5647//5647 5646//5646
f 5607//5607 5608//5608 5648//5648
f 5607//5607 5648//5648 5647//5647
f 5608//5608 5609//5609 5649//5649
f 5608//5608 5649//5649 5648//5648
f 5609//5609 5610//5610 5650//5650
f 5609//5609 5650//5650 5649//5649
f 5610//5610 5611//5611 5651//5651
f 5610//5610 5651//5651 5650//5650
f 5611//5611 5612//5612 5652//5652
f 5611//5611 5652//5652 5651//5651
f 5612//5612 5613//5613 5653//5653
f 5612//5612 5653//5653 5652//5652
f 5613//5613 5614//5614 5654//5654
f 5613//5613 5654//5654 5653//5653
f 5614//5614 5615//5615 5655//5655
f 5614//5614 5655//5655 5654//5654
f 5615//5615 5616//5616 5656//5656
f 5615//5615 5656//5656 5655//5655
f 5616//5616 5617//5617 5657//5657
f 5616//5616 5657//5657 5656//5656
f 5617//5617 5618//5618 5658//5658
f 5617//5617 5658//5658 5657//5657
f 5618//5618 5619//5619 5659//5659
f 5618//5618 5659//5659 5658//5658
f 5619//5619 5620//5620 5660//5660
f 5619//5619 5660//5660 5659//5659
f 5620//5620 5621//5621 5661//5661
f 5620//5620 5661//5661 5660//5660
f 5621//5621 5622//5622 5662//5662
f 5621//5621 5662//5662 5661//5661
f 5622//5622 5623//5623 5663//5663
f 5622//5622 5663//5663 5662//5662
f 5623//5623 5624//5624 5664//5664
f 5623//5623 5664//5664 5663//5663
f 5624//5624 5625//5625 5665//5665
f 5624//5624 5665//5665 5664//5664
f 5625//5625 5626//5626 5666//5666
f 5625//5625 5666//5666 5665//5665
f 5626//5626 5627//5627 5667//5667
f 5626//5626 5667//5667 5666//5666
f 5627//5627 5628//5628 5668//5668
f 5627//5627 5668//5668 5667//5667
f 5628//5628 5629//5629 5669//5669
f 5628//5628 5669//5669 5668//5668
f 5629//5629 5630//5630 5670//5670
f 5629//5629 5670//5670 5669//5669
f 5630//5630 5631//5631 5671//5671
f 5630//5630 5671//5671 5670//5670
f 5631//5631 5632//5632 5672//5672
f 5631//5631 5672//5672 5671//5671
f 5632//5632 5633//5633 5673//5673
f 5632//5632 5673//5673 5672//5672
f 5633//5633 5634//5634 5674//5674
f 5633//5633 5674//5674 5673//5673
f 5634//5634 5635//5635 5675//5675
f 5634//5634 5675//5675 5674//5674
f 5635//5635 5636//5636 5676//5676
f 5635//5635 5676//5676 5675//5675
f 5636//5636 5637//5637 5677//5677
f 5636//5636 5677//5677 5676//5676
f 5637//5637 5638//5638 5678//5678
f 5637//5637 5678//5678 5677//5677
f 5638//5638 5639//5639 5679//5679
f 5638//5638 5679//5679 5678//5678
f 5639//5639 5600//5600 5640//5640
f 5639//5639 5640//5640 5679//5679
f 5640//5640 5641//5641 5681//5681
f 5640//5640 5681//5681 5680//5680
f 5641//5641 5642//5642 5682//5682
f 5641//5641 5682//5682 5681//5681
f 5642//5642 5643//5643 5683//5683
f 5642//5642 5683//5683 5682//5682
f 5643//5643 5644//5644 5684//5684
f 5643//5643 5684//5684 5683//5683
f 5644//5644 5645//5645 5685//5685
f 5644//5644 5685//5685 5684//5684
f 5645//5645 5646//5646 5686//5686
f 5645//5645 5686//5686 5685//5685
f 5646//5646 5647//5647 5687//5687
f 5646//5646 5687//5687 5686//5686
f 5647//5647 5648//5648 5688//5688
f 5647//5647 5688//5688 5687//5687
f 5648//5648 5649//5649 5689//5689
f 5648//5648 5689//5689 5688//5688
f 5649//5649 5650//5650 5690//5690
f 5649//5649 5690//5690 5689//5689
f 5650//5650 5651//5651 5691//5691
f 5650//5650 5691//5691 5690//5690
f 5651//5651 5652//5652 5692//5692
f 5651//5651 5692//5692 5691//5691
f 5652//5652 5653//5653 5693//5693
f 5652//5652 5693//5693 5692//5692
f 5653//5653 5654//5654 5694//5694
f 5653//5653 5694//5694 5693//5693
f 5654//5654 5655//5655 5695//5695
f 5654//5654 5695//5695 5694//5694
f 5655//5655 5656//5656 5696//5696
f 5655//5655 5696//5696 5695//5695
f 5656//5656 5657//5657 5697//5697
f 5656//5656 5697//5697 5696//5696
f 5657//5657 5658//5658 5698//5698
f 5657//5657 5698//5698 5697//5697
f 5658//5658 5659//5659 5699//5699
f 5658//5658 5699//5699 5698//5698
f 5659//5659 5660//5660 5700//5700
f 5659//5659 5700//5700 5699//5699
f 5660//5660 5661//5661 5701//5701
f 5660//5660 5701//5701 5700//5700
f 5661//5661 5662//5662 5702//5702
f 5661//5661 5702//5702 5701//5701
f 5662//5662 5663//5663 5703//5703
f 5662//5662 5703//5703 5702//5702
f 5663//5663 5664//5664 5704//5704
f 5663//5663 5704//5704 5703//5703
f 5664//5664 5665//5665 5705//5705
f 5664//5664 5705//5705 5704//5704
f 5665//5665 5666//5666 5706//5706
f 5665//5665 5706//5706 5705//5705
f 5666//5666 5667//5667 5707//5707
f 5666//5666 5707//5707 5706//5706
f 5667//5667 5668//5668 5708//5708
f 5667//5667 5708//5708 5707//5707
f 5668//5668 5669//5669 5709//5709
f 5668//5668 5709//5709 5708//5708
f 5669//5669 5670//5670 5710//5710
f 5669//5669 5710//5710 5709//5709
f 5670//5670 5671//5671 5711//5711
f 5670//5670 5711//5711 5710//5710
f 5671//5671 5672//5672 5712//5712
f 5671//5671 5712//5712 5711//5711
f 5672//5672 5673//5673 5713//5713
f 5672//5672 5713//5713 5712//5712
f 5673//5673 5674//5674 5714//5714
f 5673//5673 5714//5714 5713//5713
f 5674//5674 5675//5675 5715//5715
f 5674//5674 5715//5715 5714//5714
f 5675//5675 5676//5676 5716//5716
f 5675//5675 5716//5716 5715//5715
f 5676//5676 5677//5677 5717//5717
f 5676//5676 5717//5717 5716//5716
f 5677//5677 5678//5678 5718//5718
f 5677//5677 5718//5718 5717//5717
f 5678//5678 5679//5679 5719//5719
f 5678//5678 5719//5719 5718//5718
f 5679//5679 5640//5640 5680//5680
f 5679//5679 5680//5680 5719//5719
f 5680//5680 5681//5681 5721//5721
f 5680//5680 5721//5721 5720//5720
f 5681//5681 5682//5682 5722//5722
f 5681//5681 5722//5722 5721//5721
f 5682//5682 5683//5683 5723//5723
f 5682//5682 5723//5723 5722//5722
f 5683//5683 5684//5684 5724//5724
f 5683//5683 5724//5724 5723//5723
f 5684//5684 5685//5685 5725//5725
f 5684//5684 5725//5725 5724//5724
f 5685//5685 5686//5686 5726//5726
f 5685//5685 5726//5726 5725//5725
f 5686//5686 5687//5687 5727//5727
f 5686//5686 5727//5727 5726//5726
f 5687//5687 5688//5688 5728//5728
f 5687//5687 5728//5728 5727//5727
f 5688//5688 5689//5689 5729//5729
f 5688//5688 5729//5729 5728//5728
f 5689//5689 5690//5690 5730//5730
f 5689//5689 5730//5730 5729//5729
f 5690//5690 5691//5691 5731//5731
f 5690//5690 5731//5731 5730//5730
f 5691//5691 5692//5692 5732//5732
f 5691//5691 5732//5732 5731//5731
f 5692//5692 5693//5693 5733//5733
f 5692//5692 5733//5733 5732//5732
f 5693//5693 5694//5694 5734//5734
f 5693//5693 5734//5734 5733//5733
f 5694//5694 5695//5695 5735//5735
f 5694//5694 5735//5735 5734//5734
f 5695//5695 5696//5696 5736//5736
f 5695//5695 5736//5736 5735//5735
f 5696//5696 5697//5697 5737//5737
f 5696//5696 5737//5737 5736//5736
f 5697//5697 5698//5698 5738//5738
f 5697//5697 5738//5738 5737//5737
f 5698//5698 5699//5699 5739//5739
f 5698//5698 5739//5739 5738//5738
f 5699//5699 5700//5700 5740//5740
f 5699//5699 5740//5740 5739//5739
f 5700//5700 5701//5701 5741//5741
f 5700//5700 5741//5741 5740//5740
f 5701//5701 5702//5702 5742//5742
f 5701//5701 5742//5742 5741//5741
f 5702//5702 5703//5703 5743//5743
f 5702//5702 5743//5743 5742//5742
f 5703//5703 5704//5704 5744//5744
f 5703//5703 5744//5744 5743//5743
f 5704//5704 5705//5705 5745//5745
f 5704//5704 5745//5745 5744//5744
f 5705//5705 5706//5706 5746//5746
f 5705//5705 5746//5746 5745//5745
f 5706//5706 5707//5707 5747//5747
f 5706//5706 5747//5747 5746//5746
f 5707//5707 5708//5708 5748//5748
f 5707//5707 5748//5748 5747//5747
f 5708//5708 5709//5709 5749//5749
f 5708//5708 5749//5749 5748//5748
f 5709//5709 5710//5710 5750//5750
f 5709//5709 5750//5750 5749//5749
f 5710//5710 5711//5711 5751//5751
f 5710//5710 5751//5751 5750//5750
f 5711//5711 5712//5712 5752//5752
f 5711//5711 5752//5752 5751//5751
f 5712//5712 5713//5713 5753//5753
f 5712//5712 5753//5753 5752//5752
f 5713//5713 5714//5714 5754//5754
f 5713//5713 5754//5754 5753//5753
f 5714//5714 5715//5715 5755//5755
f 5714//5714 5755//5755 5754//5754
f 5715//5715 5716//5716 5756//5756
f 5715//5715 5756//5756 5755//5755
f 5716//5716 5717//5717 5757//5757
f 5716//5716 5757//5757 5756//5756
f 5717//5717 5718//5718 5758//5758
f 5717//5717 5758//5758 5757//5757
f 5718//5718 5719//5719 5759//5759
f 5718//5718 5759//5759 5758//5758
f 5719//5719 5680//5680 5720//5720
f 5719//5719 5720//5720 5759//5759
f 5720//5720 5721//5721 5761//5761
f 5720//5720 5761//5761 5760//5760
f 5721//5721 5722//5722 5762//5762
f 5721//5721 5762//5762 5761//5761
f 5722//5722 5723//5723 5763//5763
f 5722//5722 5763//5763 5762//5762
f 5723//5723 5724//5724 5764//5764
f 5723//5723 5764//5764 5763//5763
f 5724//5724 5725//5725 5765//5765
f 5724//5724 5765//5765 5764//5764
f 5725//5725 5726//5726 5766//5766
f 5725//5725 5766//5766 5765//5765
f 5726//5726 5727//5727 5767//5767
f 5726//5726 5767//5767 5766//5766
f 5727//5727 5728//5728 5768//5768
f 5727//5727 5768//5768 5767//5767
f 5728//5728 5729//5729 5769//5769
f 5728//5728 5769//5769 5768//5768
f 5729//5729 5730//5730 5770//5770
f 5729//5729 5770//5770 5769//5769
f 5730//5730 5731//5731 5771//5771
f 5730//5730 5771//5771 5770//5770
f 5731//5731 5732//5732 5772//5772
f 5731//5731 5772//5772 5771//5771
f 5732//5732 5733//5733 5773//5773
f 5732//5732 5773//5773 5772//5772
f 5733//5733 5734//5734 5774//5774
f 5733//5733 5774//5774 5773//5773
f 5734//5734 5735//5735 5775//5775
f 5734//5734 5775//5775 5774//5774
f 5735//5735 5736//5736 5776//5776
f 5735//5735 5776//5776 5775//5775
f 5736//5736 5737//5737 5777//5777
f 5736//5736 5777//5777 5776//5776
f 5737//5737 5738//5738 5778//5778
f 5737//5737 5778//5778 5777//5777
f 5738//5738 5739//5739 5779//5779
f 5738//5738 5779//5779 5778//5778
f 5739//5739 5740//5740 5780//5780
f 5739//5739 5780//5780 5779//5779
f 5740//5740 5741//5741 5781//5781
f 5740//5740 5781//5781 5780//5780
f 5741//5741 5742//5742 5782//5782
f 5741//5741 5782//5782 5781//5781
f 5742//5742 5743//5743 5783//5783
f 5742//5742 5783//5783 5782//5782
f 5743//5743 5744//5744 5784//5784
f 5743//5743 5784//5784 5783//5783
f 5744//5744 5745//5745 5785//5785
f 5744//5744 5785//5785 5784//5784
f 5745//5745 5746//5746 5786//5786
f 5745//5745 5786//5786 5785//5785
f 5746//5746 5747//5747 5787//5787
f 5746//5746 5787//5787 5786//5786
f 5747//5747 5748//5748 5788//5788
f 5747//5747 5788//5788 5787//5787
f 5748//5748 5749//5749 5789//5789
f 5748//5748 5789//5789 5788//5788
f 5749//5749 5750//5750 5790//5790
f 5749//5749 5790//5790 5789//5789
f 5750//5750 5751//5751 5791//5791
f 5750//5750 5791//5791 5790//5790
f 5751//5751 5752//5752 5792//5792
f 5751//5751 5792//5792 5791//5791
f 5752//5752 5753//5753 5793//5793
f 5752//5752 5793//5793 5792//5792
f 5753//5753 5754//5754 5794//5794
f 5753//5753 5794//5794 5793//5793
f 5754//5754 5755//5755 5795//5795
f 5754//5754 5795//5795 5794//5794
f 5755//5755 5756//5756 5796//5796
f 5755//5755 5796//5796 5795//5795
f 5756//5756 5757//5757 5797//5797
f 5756//5756 5797//5797 5796//5796
f 5757//5757 5758//5758 5798//5798
f 5757//5757 5798//5798 5797//5797
f 5758//5758 5759//5759 5799//5799
f 5758//5758 5799//5799 5798//5798
f 5759//5759 5720//5720 5760//5760
f 5759//5759 5760//5760 5799//5799
f 5760//5760 5761//5761 5801//5801
f 5760//5760 5801//5801 5800//5800
f 5761//5761 5762//5762 5802//5802
f 5761//5761 5802//5802 5801//5801
f 5762//5762 5763//5763 5803//5803
f 5762//5762 5803//5803 5802//5802
f 5763//5763 5764//5764 5804//5804
f 5763//5763 5804//5804 5803//5803
f 5764//5764 5765//5765 5805//5805
f 5764//5764 5805//5805 5804//5804
f 5765//5765 5766//5766 5806//5806
f 5765//5765 5806//5806 5805//5805
f 5766//5766 5767//5767 5807//5807
f 5766//5766 5807//5807 5806//5806
f 5767//5767 5768//5768 5808//5808
f 5767//5767 5808//5808 5807//5807
f 5768//5768 5769//5769 5809//5809
f 5768//5768 5809//5809 5808//5808
f 5769//5769 5770//5770 5810//5810
f 5769//5769 5810//5810 5809//5809
f 5770//5770 5771//5771 5811//5811
f 5770//5770 5811//5811 5810//5810
f 5771//5771 5772//5772 5812//5812
f 5771//5771 5812//5812 5811//5811
f 5772//5772 5773//5773 5813//5813
f 5772//5772 5813//5813 5812//5812
f 5773//5773 5774//5774 5814//5814
f 5773//5773 5814//5814 5813//5813
f 5774//5774 5775//5775 5815//5815
f 5774//5774 5815//5815 5814//5814
f 5775//5775 5776//5776 5816//5816
f 5775//5775 5816//5816 5815//5815
f 5776//5776 5777//5777 5817//5817
f 5776//5776 5817//5817 5816//5816
f 5777//5777 5778//5778 5818//5818
f 5777//5777 5818//5818 5817//5817
f 5778//5778 5779//5779 5819//5819
f 5778//5778 5819//5819 5818//5818
f 5779//5779 5780//5780 5820//5820
f 5779//5779 5820//5820 5819//5819
f 5780//5780 5781//5781 5821//5821
f 5780//5780 5821//5821 5820//5820
f 5781//5781 5782//5782 5822//5822
f 5781//5781 5822//5822 5821//5821
f 5782//5782 5783//5783 5823//5823
f 5782//5782 5823//5823 5822//5822
f 5783//5783 5784//5784 5824//5824
f 5783//5783 5824//5824 5823//5823
f 5784//5784 5785//5785 5825//5825
f 5784//5784 5825//5825 5824//5824
f 5785//5785 5786//5786 5826//5826
f 5785//5785 5826//5826 5825//5825
f 5786//5786 5787//5787 5827//5827
f 5786//5786 5827//5827 5826//5826
f 5787//5787 5788//5788 5828//5828
f 5787//5787 5828//5828 5827//5827
f 5788//5788 5789//5789 5829//5829
f 5788//5788 5829//5829 5828//5828
f 5789//5789 5790//5790 5830//5830
f 5789//5789 5830//5830 5829//5829
f 5790//5790 5791//5791 5831//5831
f 5790//5790 5831//5831 5830//5830
f 5791//5791 5792//5792 5832//5832
f 5791//5791 5832//5832 5831//5831
f 5792//5792 5793//5793 5833//5833
f 5792//5792 5833//5833 5832//5832
f 5793//5793 5794//5794 5834//5834
f 5793//5793 5834//5834 5833//5833
f 5794//5794 5795//5795 5835//5835
f 5794//5794 5835//5835 5834//5834
f 5795//5795 5796//5796 5836//5836
f 5795//5795 5836//5836 5835//5835
f 5796//5796 5797//5797 5837//5837
f 5796//5796 5837//5837 5836//5836
f 5797//5797 5798//5798 5838//5838
f 5797//5797 5838//5838 5837//5837
f 5798//5798 5799//5799 5839//5839
f 5798//5798 5839//5839 5838//5838
f 5799//5799 5760//5760 5800//5800
f 5799//5799 5800//5800 5839//5839
f 5800//5800 5801//5801 5841//5841
f 5800//5800 5841//5841 5840//5840
f 5801//5801 5802//5802 5842//5842
f 5801//5801 5842//5842 5841//5841
f 5802//5802 5803//5803 5843//5843
f 5802//5802 5843//5843 5842//5842
f 5803//5803 5804//5804 5844//5844
f 5803//5803 5844//5844 5843//5843
f 5804//5804 5805//5805 5845//5845
f 5804//5804 5845//5845 5844//5844
f 5805//5805 5806//5806 5846//5846
f 5805//5805 5846//5846 5845//5845
f 5806//5806 5807//5807 5847//5847
f 5806//5806 5847//5847 5846//5846
f 5807//5807 5808//5808 5848//5848
f 5807//5807 5848//5848 5847//5847
f 5808//5808 5809//5809 5849//5849
f 5808//5808 5849//5849 5848//5848
f 5809//5809 5810//5810 5850//5850
f 5809//5809 5850//5850 5849//5849
f 5810//5810 5811//5811 5851//5851
f 5810//5810 5851//5851 5850//5850
f 5811//5811 5812//5812 5852//5852
f 5811//5811 5852//5852 5851//5851
f 5812//5812 5813//5813 5853//5853
f 5812//5812 5853//5853 5852//5852
f 5813//5813 5814//5814 5854//5854
f 5813//5813 5854//5854 5853//5853
f 5814//5814 5815//5815 5855//5855
f 5814//5814 5855//5855 5854//5854
f 5815//5815 5816//5816 5856//5856
f 5815//5815 5856//5856 5855//5855
f 5816//5816 5817//5817 5857//5857
f 5816//5816 5857//5857 5856//5856
f 5817//5817 5818//5818 5858//5858
f 5817//5817 5858//5858 5857//5857
f 5818//5818 5819//5819 5859//5859
f 5818//5818 5859//5859 5858//5858
f 5819//5819 5820//5820 5860//5860
f 5819//5819 5860//5860 5859//5859
f 5820//5820 5821//5821 5861//5861
f 5820//5820 5861//5861 5860//5860
f 5821//5821 5822//5822 5862//5862
f 5821//5821 5862//5862 5861//5861
f 5822//5822 5823//5823 5863//5863
f 5822//5822 5863//5863 5862//5862
f 5823//5823 5824//5824 5864//5864
f 5823//5823 5864//5864 5863//5863
f 5824//5824 5825//5825 5865//5865
f 5824//5824 5865//5865 5864//5864
f 5825//5825 5826//5826 5866//5866
f 5825//5825 5866//5866 5865//5865
f 5826//5826 5827//5827 5867//5867
f 5826//5826 5867//5867 5866//5866
f 5827//5827 5828//5828 5868//5868
f 5827//5827 5868//5868 5867//5867
f 5828//5828 5829//5829 5869//5869
f 5828//5828 5869//5869 5868//5868
f 5829//5829 5830//5830 5870//5870
f 5829//5829 5870//5870 5869//5869
f 5830//5830 5831//5831 5871//5871
f 5830//5830 5871//5871 5870//5870
f 5831//5831 5832//5832 5872//5872
f 5831//5831 5872//5872 5871//5871
f 5832//5832 5833//5833 5873//5873
f 5832//5832 5873//5873 5872//5872
f 5833//5833 5834//5834 5874//5874
f 5833//5833 5874//5874 5873//5873
f 5834//5834 5835//5835 5875//5875
f 5834//5834 5875//5875 5874//5874
f 5835//5835 5836//5836 5876//5876
f 5835//5835 5876//5876 5875//5875
f 5836//5836 5837//5837 5877//5877
f 5836//5836 5877//5877 5876//5876
f 5837//5837 5838//5838 5878//5878
f 5837//5837 5878//5878 5877//5877
f 5838//5838 5839//5839 5879//5879
f 5838//5838 5879//5879 5878//5878
f 5839//5839 5800//5800 5840//5840
f 5839//5839 5840//5840 5879//5879
f 5840//5840 5841//5841 5881//5881
f 5840//5840 5881//5881 5880//5880
f 5841//5841 5842//5842 5882//5882
f 5841//5841 5882//5882 5881//5881
f 5842//5842 5843//5843 5883//5883
f 5842//5842 5883//5883 5882//5882
f 5843//5843 5844//5844 5884//5884
f 5843//5843 5884//5884 5883//5883
f 5844//5844 5845//5845 5885//5885
f 5844//5844 5885//5885 5884//5884
f 5845//5845 5846//5846 5886//5886
f 5845//5845 5886//5886 5885//5885
f 5846//5846 5847//5847 5887//5887
f 5846//5846 5887//5887 5886//5886
f 5847//5847 5848//5848 5888//5888
f 5847//5847 5888//5888 5887//5887
f 5848//5848 5849//5849 5889//5889
f 5848//5848 5889//5889 5888//5888
f 5849//5849 5850//5850 5890//5890
f 5849//5849 5890//5890 5889//5889
f 5850//5850 5851//5851 5891//5891
f 5850//5850 5891//5891 5890//5890
f 5851//5851 5852//5852 5892//5892
f 5851//5851 5892//5892 5891//5891
f 5852//5852 5853//5853 5893//5893
f 5852//5852 5893//5893 5892//5892
f 5853//5853 5854//5854 5894//5894
f 5853//5853 5894//5894 5893//5893
f 5854//5854 5855//5855 5895//5895
f 5854//5854 5895//5895 5894//5894
f 5855//5855 5856//5856 5896//5896
f 5855//5855 5896//5896 5895//5895
f 5856//5856 5857//5857 5897//5897
f 5856//5856 5897//5897 5896//5896
f 5857//5857 5858//5858 5898//5898
f 5857//5857 5898//5898 5897//5897
f 5858//5858 5859//5859 5899//5899
f 5858//5858 5899//5899 5898//5898
f 5859//5859 5860//5860 5900//5900
f 5859//5859 5900//5900 5899//5899
f 5860//5860 5861//5861 5901//5901
f 5860//5860 5901//5901 5900//5900
f 5861//5861 5862//5862 5902//5902
f 5861//5861 5902//5902 5901//5901
f 5862//5862 5863//5863 5903//5903
f 5862//5862 5903//5903 5902//5902
f 5863//5863 5864//5864 5904//5904
f 5863//5863 5904//5904 5903//5903
f 5864//5864 5865//5865 5905//5905
f 5864//5864 5905//5905 5904//5904
f 5865//5865 5866//5866 5906//5906
f 5865//5865 5906//5906 5905//5905
f 5866//5866 5867//5867 5907//5907
f 5866//5866 5907//5907 5906//5906
f 5867//5867 5868//5868 5908//5908
f 5867//5867 5908//5908 5907//5907
f 5868//5868 5869//5869 5909//5909
f 5868//5868 5909//5909 5908//5908
f 5869//5869 5870//5870 5910//5910
f 5869//5869 5910//5910 5909//5909
f 5870//5870 5871//5871 5911//5911
f 5870//5870 5911//5911 5910//5910
f 5871//5871 5872//5872 5912//5912
f 5871//5871 5912//5912 5911//5911
f 5872//5872 5873//5873 5913//5913
f 5872//5872 5913//5913 5912//5912
f 5873//5873 5874//5874 5914//5914
f 5873//5873 5914//5914 5913//5913
f 5874//5874 5875//5875 5915//5915
f 5874//5874 5915//5915 5914//5914
f 5875//5875 5876//5876 5916//5916
f 5875//5875 5916//5916 5915//5915
f 5876//5876 5877//5877 5917//5917
f 5876//5876 5917//5917 5916//5916
f 5877//5877 5878//5878 5918//5918
f 5877//5877 5918//5918 5917//5917
f 5878//5878 5879//5879 5919//5919
f 5878//5878 5919//5919 5918//5918
f 5879//5879 5840//5840 5880//5880
f 5879//5879 5880//5880 5919//5919
f 5880//5880 5881//5881 5921//5921
f 5880//5880 5921//5921 5920//5920
f 5881//5881 5882//5882 5922//5922
f 5881//5881 5922//5922 5921//5921
f 5882//5882 5883//5883 5923//5923
f 5882//5882 5923//5923 5922//5922
f 5883//5883 5884//5884 5924//5924
f 5883//5883 5924//5924 5923//5923
f 5884//5884 5885//5885 5925//5925
f 5884//5884 5925//5925 5924//5924
f 5885//5885 5886//5886 5926//5926
f 5885//5885 5926//5926 5925//5925
f 5886//5886 5887//5887 5927//5927
f 5886//5886 5927//5927 5926//5926
f 5887//5887 5888//5888 5928//5928
f 5887//5887 5928//5928 5927//5927
f 5888//5888 5889//5889 5929//5929
f 5888//5888 5929//5929 5928//5928
f 5889//5889 5890//5890 5930//5930
f 5889//5889 5930//5930 5929//5929
f 5890//5890 5891//5891 5931//5931
f 5890//5890 5931//5931 5930//5930
f 5891//5891 5892//5892 5932//5932
f 5891//5891 5932//5932 5931//5931
f 5892//5892 5893//5893 5933//5933
f 5892//5892 5933//5933 5932//5932
f 5893//5893 5894//5894 5934//5934
f 5893//5893 5934//5934 5933//5933
f 5894//5894 5895//5895 5935//5935
f 5894//5894 5935//5935 5934//5934
f 5895//5895 5896//5896 5936//5936
f 5895//5895 5936//5936 5935//5935
f 5896//5896 5897//5897 5937//5937
f 5896//5896 5937//5937 5936//5936
f 5897//5897 5898//5898 5938//5938
f 5897//5897 5938//5938 5937//5937
f 5898//5898 5899//5899 5939//5939
f 5898//5898 5939//5939 5938//5938
f 5899//5899 5900//5900 5940//5940
f 5899//5899 5940//5940 5939//5939
f 5900//5900 5901//5901 5941//5941
f 5900//5900 5941//5941 5940//5940
f 5901//5901 5902//5902 5942//5942
f 5901//5901 5942//5942 5941//5941
f 5902//5902 5903//5903 5943//5943
f 5902//5902 5943//5943 5942//5942
f 5903//5903 5904//5904 5944//5944
f 5903//5903 5944//5944 5943//5943
f 5904//5904 5905//5905 5945//5945
f 5904//5904 5945//5945 5944//5944
f 5905//5905 5906//5906 5946//5946
f 5905//5905 5946//5946 5945//5945
f 5906//5906 5907//5907 5947//5947
f 5906//5906 5947//5947 5946//5946
f 5907//5907 5908//5908 5948//5948
f 5907//5907 5948//5948 5947//5947
f 5908//5908 5909//5909 5949//5949
f 5908//5908 5949//5949 5948//5948
f 5909//5909 5910//5910 5950//5950
f 5909//5909 5950//5950 5949//5949
f 5910//5910 5911//5911 5951//5951
f 5910//5910 5951//5951 5950//5950
f 5911//5911 5912//5912 5952//5952
f 5911//5911 5952//5952 5951//5951
f 5912//5912 5913//5913 5953//5953
f 5912//5912 5953//5953 5952//5952
f 5913//5913 5914//5914 5954//5954
f 5913//5913 5954//5954 5953//5953
f 5914//5914 5915//5915 5955//5955
f 5914//5914 5955//5955 5954//5954
f 5915//5915 5916//5916 5956//5956
f 5915//5915 5956//5956 5955//5955
f 5916//5916 5917//5917 5957//5957
f 5916//5916 5957//5957 5956//5956
f 5917//5917 5918//5918 5958//5958
f 5917//5917 5958//5958 5957//5957
f 5918//5918 5919//5919 5959//5959
f 5918//5918 5959//5959 5958//5958
f 5919//5919 5880//5880 5920//5920
f 5919//5919 5920//5920 5959//5959
f 5920//5920 5921//5921 5961//5961
f 5920//5920 5961//5961 5960//5960
f 5921//5921 5922//5922 5962//5962
f 5921//5921 5962//5962 5961//5961
f 5922//5922 5923//5923 5963//5963
f 5922//5922 5963//5963 5962//5962
f 5923//5923 5924//5924 5964//5964
f 5923//5923 5964//5964 5963//5963
f 5924//5924 5925//5925 5965//5965
f 5924//5924 5965//5965 5964//5964
f 5925//5925 5926//5926 5966//5966
f 5925//5925 5966//5966 5965//5965
f 5926//5926 5927//5927 5967//5967
f 5926//5926 5967//5967 5966//5966
f 5927//5927 5928//5928 5968//5968
f 5927//5927 5968//5968 5967//5967
f 5928//5928 5929//5929 5969//5969
f 5928//5928 5969//5969 5968//5968
f 5929//5929 5930//5930 5970//5970
f 5929//5929 5970//5970 5969//5969
f 5930//5930 5931//5931 5971//5971
f 5930//5930 5971//5971 5970//5970
f 5931//5931 5932//5932 5972//5972
f 5931//5931 5972//5972 5971//5971
f 5932//5932 5933//5933 5973//5973
f 5932//5932 5973//5973 5972//5972
f 5933//5933 5934//5934 5974//5974
f 5933//5933 5974//5974 5973//5973
f 5934//5934 5935//5935 5975//5975
f 5934//5934 5975//5975 5974//5974
f 5935//5935 5936//5936 5976//5976
f 5935//5935 5976//5976 5975//5975
f 5936//5936 5937//5937 5977//5977
f 5936//5936 5977//5977 5976//5976
f 5937//5937 5938//5938 5978//5978
f 5937//5937 5978//5978 5977//5977
f 5938//5938 5939//5939 5979//5979
f 5938//5938 5979//5979 5978//5978
f 5939//5939 5940//5940 5980//5980
f 5939//5939 5980//5980 5979//5979
f 5940//5940 5941//5941 5981//5981
f 5940//5940 5981//5981 5980//5980
f 5941//5941 5942//5942 5982//5982
f 5941//5941 5982//5982 5981//5981
f 5942//5942 5943//5943 5983//5983
f 5942//5942 5983//5983 5982//5982
f 5943//5943 5944//5944 5984//5984
f 5943//5943 5984//5984 5983//5983
f 5944//5944 5945//5945 5985//5985
f 5944//5944 5985//5985 5984//5984
f 5945//5945 5946//5946 5986//5986
f 5945//5945 5986//5986 5985//5985
f 5946//5946 5947//5947 5987//5987
f 5946//5946 5987//5987 5986//5986
f 5947//5947 5948//5948 5988//5988
f 5947//5947 5988//5988 5987//5987
f 5948//5948 5949//5949 5989//5989
f 5948//5948 5989//5989 5988//5988
f 5949//5949 5950//5950 5990//5990
f 5949//5949 5990//5990 5989//5989
f 5950//5950 5951//5951 5991//5991
f 5950//5950 5991//5991 5990//5990
f 5951//5951 5952//5952 5992//5992
f 5951//5951 5992//5992 5991//5991
f 5952//5952 5953//5953 5993//5993
f 5952//5952 5993//5993 5992//5992
f 5953//5953 5954//5954 5994//5994
f 5953//5953 5994//5994 5993//5993
f 5954//5954 5955//5955 5995//5995
f 5954//5954 5995//5995 5994//5994
f 5955//5955 5956//5956 5996//5996
f 5955//5955 5996//5996 5995//5995
f 5956//5956 5957//5957 5997//5997
f 5956//5956 5997//5997 5996//5996
f 5957//5957 5958//5958 5998//5998
f 5957//5957 5998//5998 5997//5997
f 5958//5958 5959//5959 5999//5999
f 5958//5958 5999//5999 5998//5998
f 5959//5959 5920//5920 5960//5960
f 5959//5959 5960//5960 5999//5999
f 5960//5960 5961//5961 6001//6001
f 5960//5960 6001//6001 6000//6000
f 5961//5961 5962//5962 6002//6002
f 5961//5961 6002//6002 6001//6001
f 5962//5962 5963//5963 6003//6003
f 5962//5962 6003//6003 6002//6002
f 5963//5963 5964//5964 6004//6004
f 5963//5963 6004//6004 6003//6003
f 5964//5964 5965//5965 6005//6005
f 5964//5964 6005//6005 6004//6004
f 5965//5965 5966//5966 6006//6006
f 5965//5965 6006//6006 6005//6005
f 5966//5966 5967//5967 6007//6007
f 5966//5966 6007//6007 6006//6006
f 5967//5967 5968//5968 6008//6008
f 5967//5967 6008//6008 6007//6007
f 5968//5968 5969//5969 6009//6009
f 5968//5968 6009//6009 6008//6008
f 5969//5969 5970//5970 6010//6010
f 5969//5969 6010//6010 6009//6009
f 5970//5970 5971//5971 6011//6011
f 5970//5970 6011//6011 6010//6010
f 5971//5971 5972//5972 6012//6012
f 5971//5971 6012//6012 6011//6011
f 5972//5972 5973//5973 6013//6013
f 5972//5972 6013//6013 6012//6012
f 5973//5973 5974//5974 6014//6014
f 5973//5973 6014//6014 6013//6013
f 5974//5974 5975//5975 6015//6015
f 5974//5974 6015//6015 6014//6014
f 5975//5975 5976//5976 6016//6016
f 5975//5975 6016//6016 6015//6015
f 5976//5976 5977//5977 6017//6017
f 5976//5976 6017//6017 6016//6016
f 5977//5977 5978//5978 6018//6018
f 5977//5977 6018//6018 6017//6017
f 5978//5978 5979//5979 6019//6019
f 5978//5978 6019//6019 6018//6018
f 5979//5979 5980//5980 6020//6020
f 5979//5979 6020//6020 6019//6019
f 5980//5980 5981//5981 6021//6021
f 5980//5980 6021//6021 6020//6020
f 5981//5981 5982//5982 6022//6022
f 5981//5981 6022//6022 6021//6021
f 5982//5982 5983//5983 6023//6023
f 5982//5982 6023//6023 6022//6022
f 5983//5983 5984//5984 6024//6024
f 5983//5983 6024//6024 6023//6023
f 5984//5984 5985//5985 6025//6025
f 5984//5984 6025//6025 6024//6024
f 5985//5985 5986//5986 6026//6026
f 5985//5985 6026//6026 6025//6025
f 5986//5986 5987//5987 6027//6027
f 5986//5986 6027//6027 6026//6026
f 5987//5987 5988//5988 6028//6028
f 5987//5987 6028//6028 6027//6027
f 5988//5988 5989//5989 6029//6029
f 5988//5988 6029//6029 6028//6028
f 5989//5989 5990//5990 6030//6030
f 5989//5989 6030//6030 6029//6029
f 5990//5990 5991//5991 6031//6031
f 5990//5990 6031//6031 6030//6030
f 5991//5991 5992//5992 6032//6032
f 5991//5991 6032//6032 6031//6031
f 5992//5992 5993//5993 6033//6033
f 5992//5992 6033//6033 6032//6032
f 5993//5993 5994//5994 6034//6034
f 5993//5993 6034//6034 6033//6033
f 5994//5994 5995//5995 6035//6035
f 5994//5994 6035//6035 6034//6034
f 5995//5995 5996//5996 6036//6036
f 5995//5995 6036//6036 6035//6035
f 5996//5996 5997//5997 6037//6037
f 5996//5996 6037//6037 6036//6036
f 5997//5997 5998//5998 6038//6038
f 5997//5997 6038//6038 6037//6037
f 5998//5998 5999//5999 6039//6039
f 5998//5998 6039//6039 6038//6038
f 5999//5999 5960//5960 6000//6000
f 5999//5999 6000//6000 6039//6039
f 6000//6000 6001//6001 6041//6041
f 6000//6000 6041//6041 6040//6040
f 6001//6001 6002//6002 6042//6042
f 6001//6001 6042//6042 6041//6041
f 6002//6002 6003//6003 6043//6043
f 6002//6002 6043//6043 6042//6042
f 6003//6003 6004//6004 6044//6044
f 6003//6003 6044//6044 6043//6043
f 6004//6004 6005//6005 6045//6045
f 6004//6004 6045//6045 6044//6044
f 6005//6005 6006//6006 6046//6046
f 6005//6005 6046//6046 6045//6045
f 6006//6006 6007//6007 6047//6047
f 6006//6006 6047//6047 6046//6046
f 6007//6007 6008//6008 6048//6048
f 6007//6007 6048//6048 6047//6047
f 6008//6008 6009//6009 6049//6049
f 6008//6008 6049//6049 6048//6048
f 6009//6009 6010//6010 6050//6050
f 6009//6009 6050//6050 6049//6049
f 6010//6010 6011//6011 6051//6051
f 6010//6010 6051//6051 6050//6050
f 6011//6011 6012//6012 6052//6052
f 6011//6011 6052//6052 6051//6051
f 6012//6012 6013//6013 6053//6053
f 6012//6012 6053//6053 6052//6052
f 6013//6013 6014//6014 6054//6054
f 6013//6013 6054//6054 6053//6053
f 6014//6014 6015//6015 6055//6055
f 6014//6014 6055//6055 6054//6054
f 6015//6015 6016//6016 6056//6056
f 6015//6015 6056//6056 6055//6055
f 6016//6016 6017//6017 6057//6057
f 6016//6016 6057//6057 6056//6056
f 6017//6017 6018//6018 6058//6058
f 6017//6017 6058//6058 6057//6057
f 6018//6018 6019//6019 6059//6059
f 6018//6018 6059//6059 6058//6058
f 6019//6019 6020//6020 6060//6060
f 6019//6019 6060//6060 6059//6059
f 6020//6020 6021//6021 6061//6061
f 6020//6020 6061//6061 6060//6060
f 6021//6021 6022//6022 6062//6062
f 6021//6021 6062//6062 6061//6061
f 6022//6022 6023//6023 6063//6063
f 6022//6022 6063//6063 6062//6062
f 6023//6023 6024//6024 6064//6064
f 6023//6023 6064//6064 6063//6063
f 6024//6024 6025//6025 6065//6065
f 6024//6024 6065//6065 6064//6064
f 6025//6025 6026//6026 6066//6066
f 6025//6025 6066//6066 6065//6065
f 6026//6026 6027//6027 6067//6067
f 6026//6026 6067//6067 6066//6066
f 6027//6027 6028//6028 6068//6068
f 6027//6027 6068//6068 6067//6067
f 6028//6028 6029//6029 6069//6069
f 6028//6028 6069//6069 6068//6068
f 6029//6029 6030//6030 6070//6070
f 6029//6029 6070//6070 6069//6069
f 6030//6030 6031//6031 6071//6071
f 6030//6030 6071//6071 6070//6070
f 6031//6031 6032//6032 6072//6072
f 6031//6031 6072//6072 6071//6071
f 6032//6032 6033//6033 6073//6073
f 6032//6032 6073//6073 6072//6072
f 6033//6033 6034//6034 6074//6074
f 6033//6033 6074//6074 6073//6073
f 6034//6034 6035//6035 6075//6075
f 6034//6034 6075//6075 6074//6074
f 6035//6035 6036//6036 6076//6076
f 6035//6035 6076//6076 6075//6075
f 6036//6036 6037//6037 6077//6077
f 6036//6036 6077//6077 6076//6076
f 6037//6037 6038//6038 6078//6078
f 6037//6037 6078//6078 6077//6077
f 6038//6038 6039//6039 6079//6079
f 6038//6038 6079//6079 6078//6078
f 6039//6039 6000//6000 6040//6040
f 6039//6039 6040//6040 6079//6079
f 6040//6040 6041//6041 6081//6081
f 6040//6040 6081//6081 6080//6080
f 6041//6041 6042//6042 6082//6082
f 6041//6041 6082//6082 6081//6081
f 6042//6042 6043//6043 6083//6083
f 6042//6042 6083//6083 6082//6082
f 6043//6043 6044//6044 6084//6084
f 6043//6043 6084//6084 6083//6083
f 6044//6044 6045//6045 6085//6085
f 6044//6044 6085//6085 6084//6084
f 6045//6045 6046//6046 6086//6086
f 6045//6045 6086//6086 6085//6085
f 6046//6046 6047//6047 6087//6087
f 6046//6046 6087//6087 6086//6086
f 6047//6047 6048//6048 6088//6088
f 6047//6047 6088//6088 6087//6087
f 6048//6048 6049//6049 6089//6089
f 6048//6048 6089//6089 6088//6088
f 6049//6049 6050//6050 6090//6090
f 6049//6049 6090//6090 6089//6089
f 6050//6050 6051//6051 6091//6091
f 6050//6050 6091//6091 6090//6090
f 6051//6051 6052//6052 6092//6092
f 6051//6051 6092//6092 6091//6091
f 6052//6052 6053//6053 6093//6093
f 6052//6052 6093//6093 6092//6092
f 6053//6053 6054//6054 6094//6094
f 6053//6053 6094//6094 6093//6093
f 6054//6054 6055//6055 6095//6095
f 6054//6054 6095//6095 6094//6094
f 6055//6055 6056//6056 6096//6096
f 6055//6055 6096//6096 6095//6095
f 6056//6056 6057//6057 6097//6097
f 6056//6056 6097//6097 6096//6096
f 6057//6057 6058//6058 6098//6098
f 6057//6057 6098//6098 6097//6097
f 6058//6058 6059//6059 6099//6099
f 6058//6058 6099//6099 6098//6098
f 6059//6059 6060//6060 6100//6100
f 6059//6059 6100//6100 6099//6099
f 6060//6060 6061//6061 6101//6101
f 6060//6060 6101//6101 6100//6100
f 6061//6061 6062//6062 6102//6102
f 6061//6061 6102//6102 6101//6101
f 6062//6062 6063//6063 6103//6103
f 6062//6062 6103//6103 6102//6102
f 6063//6063 6064//6064 6104//6104
f 6063//6063 6104//6104 6103//6103
f 6064//6064 6065//6065 6105//6105
f 6064//6064 6105//6105 6104//6104
f 6065//6065 6066//6066 6106//6106
f 6065//6065 6106//6106 6105//6105
f 6066//6066 6067//6067 6107//6107
f 6066//6066 6107//6107 6106//6106
f 6067//6067 6068//6068 6108//6108
f 6067//6067 6108//6108 6107//6107
f 6068//6068 6069//6069 6109//6109
f 6068//6068 6109//6109 6108//6108
f 6069//6069 6070//6070 6110//6110
f 6069//6069 6110//6110 6109//6109
f 6070//6070 6071//6071 6111//6111
f 6070//6070 6111//6111 6110//6110
f 6071//6071 6072//6072 6112//6112
f 6071//6071 6112//6112 6111//6111
f 6072//6072 6073//6073 6113//6113
f 6072//6072 6113//6113 6112//6112
f 6073//6073 6074//6074 6114//6114
f 6073//6073 6114//6114 6113//6113
f 6074//6074 6075//6075 6115//6115
f 6074//6074 6115//6115 6114//6114
f 6075//6075 6076//6076 6116//6116
f 6075//6075 6116//6116 6115//6115
f 6076//6076 6077//6077 6117//6117
f 6076//6076 6117//6117 6116//6116
f 6077//6077 6078//6078 6118//6118
f 6077//6077 6118//6118 6117//6117
f 6078//6078 6079//6079 6119//6119
f 6078//6078 6119//6119 6118//6118
f 6079//6079 6040//6040 6080//6080
f 6079//6079 6080//6080 6119//6119
f 6080//6080 6081//6081 6121//6121
f 6080//6080 6121//6121 6120//6120
f 6081//6081 6082//6082 6122//6122
f 6081//6081 6122//6122 6121//6121
f 6082//6082 6083//6083 6123//6123
f 6082//6082 6123//6123 6122//6122
f 6083//6083 6084//6084 6124//6124
f 6083//6083 6124//6124 6123//6123
f 6084//6084 6085//6085 6125//6125
f 6084//6084 6125//6125 6124//6124
f 6085//6085 6086//6086 6126//6126
f 6085//6085 6126//6126 6125//6125
f 6086//6086 6087//6087 6127//6127
f 6086//6086 6127//6127 6126//6126
f 6087//6087 6088//6088 6128//6128
f 6087//6087 6128//6128 6127//6127
f 6088//6088 6089//6089 6129//6129
f 6088//6088 6129//6129 6128//6128
f 6089//6089 6090//6090 6130//6130
f 6089//6089 6130//6130 6129//6129
f 6090//6090 6091//6091 6131//6131
f 6090//6090 6131//6131 6130//6130
f 6091//6091 6092//6092 6132//6132
f 6091//6091 6132//6132 6131//6131
f 6092//6092 6093//6093 6133//6133
f 6092//6092 6133//6133 6132//6132
f 6093//6093 6094//6094 6134//6134
f 6093//6093 6134//6134 6133//6133
f 6094//6094 6095//6095 6135//6135
f 6094//6094 6135//6135 6134//6134
f 6095//6095 6096//6096 6136//6136
f 6095//6095 6136//6136 6135//6135
f 6096//6096 6097//6097 6137//6137
f 6096//6096 6137//6137 6136//6136
f 6097//6097 6098//6098 6138//6138
f 6097//6097 6138//6138 6137//6137
f 6098//6098 6099//6099 6139//6139
f 6098//6098 6139//6139 6138//6138
f 6099//6099 6100//6100 6140//6140
f 6099//6099 6140//6140 6139//6139
f 6100//6100 6101//6101 6141//6141
f 6100//6100 6141//6141 6140//6140
f 6101//6101 6102//6102 6142//6142
f 6101//6101 6142//6142 6141//6141
f 6102//6102 6103//6103 6143//6143
f 6102//6102 6143//6143 6142//6142
f 6103//6103 6104//6104 6144//6144
f 6103//6103 6144//6144 6143//6143
f 6104//6104 6105//6105 6145//6145
f 6104//6104 6145//6145 6144//6144
f 6105//6105 6106//6106 6146//6146
f 6105//6105 6146//6146 6145//6145
f 6106//6106 6107//6107 6147//6147
f 6106//6106 6147//6147 6146//6146
f 6107//6107 6108//6108 6148//6148
f 6107//6107 6148//6148 6147//6147
f 6108//6108 6109//6109 6149//6149
f 6108//6108 6149//6149 6148//6148
f 6109//6109 6110//6110 6150//6150
f 6109//6109 6150//6150 6149//6149
f 6110//6110 6111//6111 6151//6151
f 6110//6110 6151//6151 6150//6150
f 6111//6111 6112//6112 6152//6152
f 6111//6111 6152//6152 6151//6151
f 6112//6112 6113//6113 6153//6153
f 6112//6112 6153//6153 6152//6152
f 6113//6113 6114//6114 6154//6154
f 6113//6113 6154//6154 6153//6153
f 6114//6114 6115//6115 6155//6155
f 6114//6114 6155//6155 6154//6154
f 6115//6115 6116//6116 6156//6156
f 6115//6115 6156//6156 6155//6155
f 6116//6116 6117//6117 6157//6157
f 6116//6116 6157//6157 6156//6156
f 6117//6117 6118//6118 6158//6158
f 6117//6117 6158//6158 6157//6157
f 6118//6118 6119//6119 6159//6159
f 6118//6118 6159//6159 6158//6158
f 6119//6119 6080//6080 6120//6120
f 6119//6119 6120//6120 6159//6159
f 6120//6120 6121//6121 6161//6161
f 6120//6120 6161//6161 6160//6160
f 6121//6121 6122//6122 6162//6162
f 6121//6121 6162//6162 6161//6161
f 6122//6122 6123//6123 6163//6163
f 6122//6122 6163//6163 6162//6162
f 6123//6123 6124//6124 6164//6164
f 6123//6123 6164//6164 6163//6163
f 6124//6124 6125//6125 6165//6165
f 6124//6124 6165//6165 6164//6164
f 6125//6125 6126//6126 6166//6166
f 6125//6125 6166//6166 6165//6165
f 6126//6126 6127//6127 6167//6167
f 6126//6126 6167//6167 6166//6166
f 6127//6127 6128//6128 6168//6168
f 6127//6127 6168//6168 6167//6167
f 6128//6128 6129//6129 6169//6169
f 6128//6128 6169//6169 6168//6168
f 6129//6129 6130//6130 6170//6170
f 6129//6129 6170//6170 6169//6169
f 6130//6130 6131//6131 6171//6171
f 6130//6130 6171//6171 6170//6170
f 6131//6131 6132//6132 6172//6172
f 6131//6131 6172//6172 6171//6171
f 6132//6132 6133//6133 6173//6173
f 6132//6132 6173//6173 6172//6172
f 6133//6133 6134//6134 6174//6174
f 6133//6133 6174//6174 6173//6173
f 6134//6134 6135//6135 6175//6175
f 6134//6134 6175//6175 6174//6174
f 6135//6135 6136//6136 6176//6176
f 6135//6135 6176//6176 6175//6175
f 6136//6136 6137//6137 6177//6177
f 6136//6136 6177//6177 6176//6176
f 6137//6137 6138//6138 6178//6178
f 6137//6137 6178//6178 6177//6177
f 6138//6138 6139//6139 6179//6179
f 6138//6138 6179//6179 6178//6178
f 6139//6139 6140//6140 6180//6180
f 6139//6139 6180//6180 6179//6179
f 6140//6140 6141//6141 6181//6181
f 6140//6140 6181//6181 6180//6180
f 6141//6141 6142//6142 6182//6182
f 6141//6141 6182//6182 6181//6181
f 6142//6142 6143//6143 6183//6183
f 6142//6142 6183//6183 6182//6182
f 6143//6143 6144//6144 6184//6184
f 6143//6143 6184//6184 6183//6183
f 6144//6144 6145//6145 6185//6185
f 6144//6144 6185//6185 6184//6184
f 6145//6145 6146//6146 6186//6186
f 6145//6145 6186//6186 6185//6185
f 6146//6146 6147//6147 6187//6187
f 6146//6146 6187//6187 6186//6186
f 6147//6147 6148//6148 6188//6188
f 6147//6147 6188//6188 6187//6187
f 6148//6148 6149//6149 6189//6189
f 6148//6148 6189//6189 6188//6188
f 6149//6149 6150//6150 6190//6190
f 6149//6149 6190//6190 6189//6189
f 6150//6150 6151//6151 6191//6191
f 6150//6150 6191//6191 6190//6190
f 6151//6151 6152//6152 6192//6192
f 6151//6151 6192//6192 6191//6191
f 6152//6152 6153//6153 6193//6193
f 6152//6152 6193//6193 6192//6192
f 6153//6153 6154//6154 6194//6194
f 6153//6153 6194//6194 6193//6193
f 6154//6154 6155//6155 6195//6195
f 6154//6154 6195//6195 6194//6194
f 6155//6155 6156//6156 6196//6196
f 6155//6155 6196//6196 6195//6195
f 6156//6156 6157//6157 6197//6197
f 6156//6156 6197//6197 6196//6196
f 6157//6157 6158//6158 6198//6198
f 6157//6157 6198//6198 6197//6197
f 6158//6158 6159//6159 6199//6199
f 6158//6158 6199//6199 6198//6198
f 6159//6159 6120//6120 6160//6160
f 6159//6159 6160//6160 6199//6199
f 6160//6160 6161//6161 6201//6201
f 6160//6160 6201//6201 6200//6200
f 6161//6161 6162//6162 6202//6202
f 6161//6161 6202//6202 6201//6201
f 6162//6162 6163//6163 6203//6203
f 6162//6162 6203//6203 6202//6202
f 6163//6163 6164//6164 6204//6204
f 6163//6163 6204//6204 6203//6203
f 6164//6164 6165//6165 6205//6205
f 6164//6164 6205//6205 6204//6204
f 6165//6165 6166//6166 6206//6206
f 6165//6165 6206//6206 6205//6205
f 6166//6166 6167//6167 6207//6207
f 6166//6166 6207//6207 6206//6206
f 6167//6167 6168//6168 6208//6208
f 6167//6167 6208//6208 6207//6207
f 6168//6168 6169//6169 6209//6209
f 6168//6168 6209//6209 6208//6208
f 6169//6169 6170//6170 6210//6210
f 6169//6169 6210//6210 6209//6209
f 6170//6170 6171//6171 6211//6211
f 6170//6170 6211//6211 6210//6210
f 6171//6171 6172//6172 6212//6212
f 6171//6171 6212//6212 6211//6211
f 6172//6172 6173//6173 6213//6213
f 6172//6172 6213//6213 6212//6212
f 6173//6173 6174//6174 6214//6214
f 6173//6173 6214//6214 6213//6213
f 6174//6174 6175//6175 6215//6215
f 6174//6174 6215//6215 6214//6214
f 6175//6175 6176//6176 6216//6216
f 6175//6175 6216//6216 6215//6215
f 6176//6176 6177//6177 6217//6217
f 6176//6176 6217//6217 6216//6216
f 6177//6177 6178//6178 6218//6218
f 6177//6177 6218//6218 6217//6217
f 6178//6178 6179//6179 6219//6219
f 6178//6178 6219//6219 6218//6218
f 6179//6179 6180//6180 6220//6220
f 6179//6179 6220//6220 6219//6219
f 6180//6180 6181//6181 6221//6221
f 6180//6180 6221//6221 6220//6220
f 6181//6181 6182//6182 6222//6222
f 6181//6181 6222//6222 6221//6221
f 6182//6182 6183//6183 6223//6223
f 6182//6182 6223//6223 6222//6222
f 6183//6183 6184//6184 6224//6224
f 6183//6183 6224//6224 6223//6223
f 6184//6184 6185//6185 6225//6225
f 6184//6184 6225//6225 6224//6224
f 6185//6185 6186//6186 6226//6226
f 6185//6185 6226//6226 6225//6225
f 6186//6186 6187//6187 6227//6227
f 6186//6186 6227//6227 6226//6226
f 6187//6187 6188//6188 6228//6228
f 6187//6187 6228//6228 6227//6227
f 6188//6188 6189//6189 6229//6229
f 6188//6188 6229//6229 6228//6228
f 6189//6189 6190//6190 6230//6230
f 6189//6189 6230//6230 6229//6229
f 6190//6190 6191//6191 6231//6231
f 6190//6190 6231//6231 6230//6230
f 6191//6191 6192//6192 6232//6232
f 6191//6191 6232//6232 6231//6231
f 6192//6192 6193//6193 6233//6233
f 6192//6192 6233//6233 6232//6232
f 6193//6193 6194//6194 6234//6234
f 6193//6193 6234//6234 6233//6233
f 6194//6194 6195//6195 6235//6235
f 6194//6194 6235//6235 6234//6234
f 6195//6195 6196//6196 6236//6236
f 6195//6195 6236//6236 6235//6235
f 6196//6196 6197//6197 6237//6237
f 6196//6196 6237//6237 6236//6236
f 6197//6197 6198//6198 6238//6238
f 6197//6197 6238//6238 6237//6237
f 6198//6198 6199//6199 6239//6239
f 6198//6198 6239//6239 6238//6238
f 6199//6199 6160//6160 6200//6200
f 6199//6199 6200//6200 6239//6239
f 6200//6200 6201//6201 6241//6241
f 6200//6200 6241//6241 6240//6240
f 6201//6201 6202//6202 6242//6242
f 6201//6201 6242//6242 6241//6241
f 6202//6202 6203//6203 6243//6243
f 6202//6202 6243//6243 6242//6242
f 6203//6203 6204//6204 6244//6244
f 6203//6203 6244//6244 6243//6243
f 6204//6204 6205//6205 6245//6245
f 6204//6204 6245//6245 6244//6244
f 6205//6205 6206//6206 6246//6246
f 6205//6205 6246//6246 6245//6245
f 6206//6206 6207//6207 6247//6247
f 6206//6206 6247//6247 6246//6246
f 6207//6207 6208//6208 6248//6248
f 6207//6207 6248//6248 6247//6247
f 6208//6208 6209//6209 6249//6249
f 6208//6208 6249//6249 6248//6248
f 6209//6209 6210//6210 6250//6250
f 6209//6209 6250//6250 6249//6249
f 6210//6210 6211//6211 6251//6251
f 6210//6210 6251//6251 6250//6250
f 6211//6211 6212//6212 6252//6252
f 6211//6211 6252//6252 6251//6251
f 6212//6212 6213//6213 6253//6253
f 6212//6212 6253//6253 6252//6252
f 6213//6213 6214//6214 6254//6254
f 6213//6213 6254//6254 6253//6253
f 6214//6214 6215//6215 6255//6255
f 6214//6214 6255//6255 6254//6254
f 6215//6215 6216//6216 6256//6256
f 6215//6215 6256//6256 6255//6255
f 6216//6216 6217//6217 6257//6257
f 6216//6216 6257//6257 6256//6256
f 6217//6217 6218//6218 6258//6258
f 6217//6217 6258//6258 6257//6257
f 6218//6218 6219//6219 6259//6259
f 6218//6218 6259//6259 6258//6258
f 6219//6219 6220//6220 6260//6260
f 6219//6219 6260//6260 6259//6259
f 6220//6220 6221//6221 6261//6261
f 6220//6220 6261//6261 6260//6260
f 6221//6221 6222//6222 6262//6262
f 6221//6221 6262//6262 6261//6261
f 6222//6222 6223//6223 6263//6263
f 6222//6222 6263//6263 6262//6262
f 6223//6223 6224//6224 6264//6264
f 6223//6223 6264//6264 6263//6263
f 6224//6224 6225//6225 6265//6265
f 6224//6224 6265//6265 6264//6264
f 6225//6225 6226//6226 6266//6266
f 6225//6225 6266//6266 6265//6265
f 6226//6226 6227//6227 6267//6267
f 6226//6226 6267//6267 6266//6266
f 6227//6227 6228//6228 6268//6268
f 6227//6227 6268//6268 6267//6267
f 6228//6228 6229//6229 6269//6269
f 6228//6228 6269//6269 6268//6268
f 6229//6229 6230//6230 6270//6270
f 6229//6229 6270//6270 6269//6269
f 6230//6230 6231//6231 6271//6271
f 6230//6230 6271//6271 6270//6270
f 6231//6231 6232//6232 6272//6272
f 6231//6231 6272//6272 6271//6271
f 6232//6232 6233//6233 6273//6273
f 6232//6232 6273//6273 6272//6272
f 6233//6233 6234//6234 6274//6274
f 6233//6233 6274//6274 6273//6273
f 6234//6234 6235//6235 6275//6275
f 6234//6234 6275//6275 6274//6274
f 6235//6235 6236//6236 6276//6276
f 6235//6235 6276//6276 6275//6275
f 6236//6236 6237//6237 6277//6277
f 6236//6236 6277//6277 6276//6276
f 6237//6237 6238//6238 6278//6278
f 6237//6237 6278//6278 6277//6277
f 6238//6238 6239//6239 6279//6279
f 6238//6238 6279//6279 6278//6278
f 6239//6239 6200//6200 6240//6240
f 6239//6239 6240//6240 6279//6279
f 6240//6240 6241//6241 6281//6281
f 6240//6240 6281//6281 6280//6280
f 6241//6241 6242//6242 6282//6282
f 6241//6241 6282//6282 6281//6281
f 6242//6242 6243//6243 6283//6283
f 6242//6242 6283//6283 6282//6282
f 6243//6243 6244//6244 6284//6284
f 6243//6243 6284//6284 6283//6283
f 6244//6244 6245//6245 6285//6285
f 6244//6244 6285//6285 6284//6284
f 6245//6245 6246//6246 6286//6286
f 6245//6245 6286//6286 6285//6285
f 6246//6246 6247//6247 6287//6287
f 6246//6246 6287//6287 6286//6286
f 6247//6247 6248//6248 6288//6288
f 6247//6247 6288//6288 6287//6287
f 6248//6248 6249//6249 6289//6289
f 6248//6248 6289//6289 6288//6288
f 6249//6249 6250//6250 6290//6290
f 6249//6249 6290//6290 6289//6289
f 6250//6250 6251//6251 6291//6291
f 6250//6250 6291//6291 6290//6290
f 6251//6251 6252//6252 6292//6292
f 6251//6251 6292//6292 6291//6291
f 6252//6252 6253//6253 6293//6293
f 6252//6252 6293//6293 6292//6292
f 6253//6253 6254//6254 6294//6294
f 6253//6253 6294//6294 6293//6293
f 6254//6254 6255//6255 6295//6295
f 6254//6254 6295//6295 6294//6294
f 6255//6255 6256//6256 6296//6296
f 6255//6255 6296//6296 6295//6295
f 6256//6256 6257//6257 6297//6297
f 6256//6256 6297//6297 6296//6296
f 6257//6257 6258//6258 6298//6298
f 6257//6257 6298//6298 6297//6297
f 6258//6258 6259//6259 6299//6299
f 6258//6258 6299//6299 6298//6298
f 6259//6259 6260//6260 6300//6300
f 6259//6259 6300//6300 6299//6299
f 6260//6260 6261//6261 6301//6301
f 6260//6260 6301//6301 6300//6300
f 6261//6261 6262//6262 6302//6302
f 6261//6261 6302//6302 6301//6301
f 6262//6262 6263//6263 6303//6303
f 6262//6262 6303//6303 6302//6302
f 6263//6263 6264//6264 6304//6304
f 6263//6263 6304//6304 6303//6303
f 6264//6264 6265//6265 6305//6305
f 6264//6264 6305//6305 6304//6304
f 6265//6265 6266//6266 6306//6306
f 6265//6265 6306//6306 6305//6305
f 6266//6266 6267//6267 6307//6307
f 6266//6266 6307//6307 6306//6306
f 6267//6267 6268//6268 6308//6308
f 6267//6267 6308//6308 6307//6307
f 6268//6268 6269//6269 6309//6309
f 6268//6268 6309//6309 6308//6308
f 6269//6269 6270//6270 6310//6310
f 6269//6269 6310//6310 6309//6309
f 6270//6270 6271//6271 6311//6311
f 6270//6270 6311//6311 6310//6310
f 6271//6271 6272//6272 6312//6312
f 6271//6271 6312//6312 6311//6311
f 6272//6272 6273//6273 6313//6313
f 6272//6272 6313//6313 6312//6312
f 6273//6273 6274//6274 6314//6314
f 6273//6273 6314//6314 6313//6313
f 6274//6274 6275//6275 6315//6315
f 6274//6274 6315//6315 6314//6314
f 6275//6275 6276//6276 6316//6316
f 6275//6275 6316//6316 6315//6315
f 6276//6276 6277//6277 6317//6317
f 6276//6276 6317//6317 6316//6316
f 6277//6277 6278//6278 6318//6318
f 6277//6277 6318//6318 6317//6317
f 6278//6278 6279//6279 6319//6319
f 6278//6278 6319//6319 6318//6318
f 6279//6279 6240//6240 6280//6280
f 6279//6279 6280//6280 6319//6319
f 6280//6280 6281//6281 6321//6321
f 6280//6280 6321//6321 6320//6320
f 6281//6281 6282//6282 6322//6322
f 6281//6281 6322//6322 6321//6321
f 6282//6282 6283//6283 6323//6323
f 6282//6282 6323//6323 6322//6322
f 6283//6283 6284//6284 6324//6324
f 6283//6283 6324//6324 6323//6323
f 6284//6284 6285//6285 6325//6325
f 6284//6284 6325//6325 6324//6324
f 6285//6285 6286//6286 6326//6326
f 6285//6285 6326//6326 6325//6325
f 6286//6286 6287//6287 6327//6327
f 6286//6286 6327//6327 6326//6326
f 6287//6287 6288//6288 6328//6328
f 6287//6287 6328//6328 6327//6327
f 6288//6288 6289//6289 6329//6329
f 6288//6288 6329//6329 6328//6328
f 6289//6289 6290//6290 6330//6330
f 6289//6289 6330//6330 6329//6329
f 6290//6290 6291//6291 6331//6331
f 6290//6290 6331//6331 6330//6330
f 6291//6291 6292//6292 6332//6332
f 6291//6291 6332//6332 6331//6331
f 6292//6292 6293//6293 6333//6333
f 6292//6292 6333//6333 6332//6332
f 6293//6293 6294//6294 6334//6334
f 6293//6293 6334//6334 6333//6333
f 6294//6294 6295//6295 6335//6335
f 6294//6294 6335//6335 6334//6334
f 6295//6295 6296//6296 6336//6336
f 6295//6295 6336//6336 6335//6335
f 6296//6296 6297//6297 6337//6337
f 6296//6296 6337//6337 6336//6336
f 6297//6297 6298//6298 6338//6338
f 6297//6297 6338//6338 6337//6337
f 6298//6298 6299//6299 6339//6339
f 6298//6298 6339//6339 6338//6338
f 6299//6299 6300//6300 6340//6340
f 6299//6299 6340//6340 6339//6339
f 6300//6300 6301//6301 6341//6341
f 6300//6300 6341//6341 6340//6340
f 6301//6301 6302//6302 6342//6342
f 6301//6301 6342//6342 6341//6341
f 6302//6302 6303//6303 6343//6343
f 6302//6302 6343//6343 6342//6342
f 6303//6303 6304//6304 6344//6344
f 6303//6303 6344//6344 6343//6343
f 6304//6304 6305//6305 6345//6345
f 6304//6304 6345//6345 6344//6344
f 6305//6305 6306//6306 6346//6346
f 6305//6305 6346//6346 6345//6345
f 6306//6306 6307//6307 6347//6347
f 6306//6306 6347//6347 6346//6346
f 6307//6307 6308//6308 6348//6348
f 6307//6307 6348//6348 6347//6347
f 6308//6308 6309//6309 6349//6349
f 6308//6308 6349//6349 6348//6348
f 6309//6309 6310//6310 6350//6350
f 6309//6309 6350//6350 6349//6349
f 6310//6310 6311//6311 6351//6351
f 6310//6310 6351//6351 6350//6350
f 6311//6311 6312//6312 6352//6352
f 6311//6311 6352//6352 6351//6351
f 6312//6312 6313//6313 6353//6353
f 6312//6312 6353//6353 6352//6352
f 6313//6313 6314//6314 6354//6354
f 6313//6313 6354//6354 6353//6353
f 6314//6314 6315//6315 6355//6355
f 6314//6314 6355//6355 6354//6354
f 6315//6315 6316//6316 6356//6356
f 6315//6315 6356//6356 6355//6355
f 6316//6316 6317//6317 6357//6357
f 6316//6316 6357//6357 6356//6356
f 6317//6317 6318//6318 6358//6358
f 6317//6317 6358//6358 6357//6357
f 6318//6318 6319//6319 6359//6359
f 6318//6318 6359//6359 6358//6358
f 6319//6319 6280//6280 6320//6320
f 6319//6319 6320//6320 6359//6359
f 6320//6320 6321//6321 6361//6361
f 6320//6320 6361//6361 6360//6360
f 6321//6321 6322//6322 6362//6362
f 6321//6321 6362//6362 6361//6361
f 6322//6322 6323//6323 6363//6363
f 6322//6322 6363//6363 6362//6362
f 6323//6323 6324//6324 6364//6364
f 6323//6323 6364//6364 6363//6363
f 6324//6324 6325//6325 6365//6365
f 6324//6324 6365//6365 6364//6364
f 6325//6325 6326//6326 6366//6366
f 6325//6325 6366//6366 6365//6365
f 6326//6326 6327//6327 6367//6367
f 6326//6326 6367//6367 6366//6366
f 6327//6327 6328//6328 6368//6368
f 6327//6327 6368//6368 6367//6367
f 6328//6328 6329//6329 6369//6369
f 6328//6328 6369//6369 6368//6368
f 6329//6329 6330//6330 6370//6370
f 6329//6329 6370//6370 6369//6369
f 6330//6330 6331//6331 6371//6371
f 6330//6330 6371//6371 6370//6370
f 6331//6331 6332//6332 6372//6372
f 6331//6331 6372//6372 6371//6371
f 6332//6332 6333//6333 6373//6373
f 6332//6332 6373//6373 6372//6372
f 6333//6333 6334//6334 6374//6374
f 6333//6333 6374//6374 6373//6373
f 6334//6334 6335//6335 6375//6375
f 6334//6334 6375//6375 6374//6374
f 6335//6335 6336//6336 6376//6376
f 6335//6335 6376//6376 6375//6375
f 6336//6336 6337//6337 6377//6377
f 6336//6336 6377//6377 6376//6376
f 6337//6337 6338//6338 6378//6378
f 6337//6337 6378//6378 6377//6377
f 6338//6338 6339//6339 6379//6379
f 6338//6338 6379//6379 6378//6378
f 6339//6339 6340//6340 6380//6380
f 6339//6339 6380//6380 6379//6379
f 6340//6340 6341//6341 6381//6381
f 6340//6340 6381//6381 6380//6380
f 6341//6341 6342//6342 6382//6382
f 6341//6341 6382//6382 6381//6381
f 6342//6342 6343//6343 6383//6383
f 6342//6342 6383//6383 6382//6382
f 6343//6343 6344//6344 6384//6384
f 6343//6343 6384//6384 6383//6383
f 6344//6344 6345//6345 6385//6385
f 6344//6344 6385//6385 6384//6384
f 6345//6345 6346//6346 6386//6386
f 6345//6345 6386//6386 6385//6385
f 6346//6346 6347//6347 6387//6387
f 6346//6346 6387//6387 6386//6386
f 6347//6347 6348//6348 6388//6388
f 6347//6347 6388//6388 6387//6387
f 6348//6348 6349//6349 6389//6389
f 6348//6348 6389//6389 6388//6388
f 6349//6349 6350//6350 6390//6390
f 6349//6349 6390//6390 6389//6389
f 6350//6350 6351//6351 6391//6391
f 6350//6350 6391//6391 6390//6390
f 6351//6351 6352//6352 6392//6392
f 6351//6351 6392//6392 6391//6391
f 6352//6352 6353//6353 6393//6393
f 6352//6352 6393//6393 6392//6392
f 6353//6353 6354//6354 6394//6394
f 6353//6353 6394//6394 6393//6393
f 6354//6354 6355//6355 6395//6395
f 6354//6354 6395//6395 6394//6394
f 6355//6355 6356//6356 6396//6396
f 6355//6355 6396//6396 6395//6395
f 6356//6356 6357//6357 6397//6397
f 6356//6356 6397//6397 6396//6396
f 6357//6357 6358//6358 6398//6398
f 6357//6357 6398//6398 6397//6397
f 6358//6358 6359//6359 6399//6399
f 6358//6358 6399//6399 6398//6398
f 6359//6359 6320//6320 6360//6360
f 6359//6359 6360//6360 6399//6399
f 6360//6360 6361//6361 6401//6401
f 6360//6360 6401//6401 6400//6400
f 6361//6361 6362//6362 6402//6402
f 6361//6361 6402//6402 6401//6401
f 6362//6362 6363//6363 6403//6403
f 6362//6362 6403//6403 6402//6402
f 6363//6363 6364//6364 6404//6404
f 6363//6363 6404//6404 6403//6403
f 6364//6364 6365//6365 6405//6405
f 6364//6364 6405//6405 6404//6404
f 6365//6365 6366//6366 6406//6406
f 6365//6365 6406//6406 6405//6405
f 6366//6366 6367//6367 6407//6407
f 6366//6366 6407//6407 6406//6406
f 6367//6367 6368//6368 6408//6408
f 6367//6367 6408//6408 6407//6407
f 6368//6368 6369//6369 6409//6409
f 6368//6368 6409//6409 6408//6408
f 6369//6369 6370//6370 6410//6410
f 6369//6369 6410//6410 6409//6409
f 6370//6370 6371//6371 6411//6411
f 6370//6370 6411//6411 6410//6410
f 6371//6371 6372//6372 6412//6412
f 6371//6371 6412//6412 6411//6411
f 6372//6372 6373//6373 6413//6413
f 6372//6372 6413//6413 6412//6412
f 6373//6373 6374//6374 6414//6414
f 6373//6373 6414//6414 6413//6413
f 6374//6374 6375//6375 6415//6415
f 6374//6374 6415//6415 6414//6414
f 6375//6375 6376//6376 6416//6416
f 6375//6375 6416//6416 6415//6415
f 6376//6376 6377//6377 6417//6417
f 6376//6376 6417//6417 6416//6416
f 6377//6377 6378//6378 6418//6418
f 6377//6377 6418//6418 6417//6417
f 6378//6378 6379//6379 6419//6419
f 6378//6378 6419//6419 6418//6418
f 6379//6379 6380//6380 6420//6420
f 6379//6379 6420//6420 6419//6419
f 6380//6380 6381//6381 6421//6421
f 6380//6380 6421//6421 6420//6420
f 6381//6381 6382//6382 6422//6422
f 6381//6381 6422//6422 6421//6421
f 6382//6382 6383//6383 6423//6423
f 6382//6382 6423//6423 6422//6422
f 6383//6383 6384//6384 6424//6424
f 6383//6383 6424//6424 6423//6423
f 6384//6384 6385//6385 6425//6425
f 6384//6384 6425//6425 6424//6424
f 6385//6385 6386//6386 6426//6426
f 6385//6385 6426//6426 6425//6425
f 6386//6386 6387//6387 6427//6427
f 6386//6386 6427//6427 6426//6426
f 6387//6387 6388//6388 6428//6428
f 6387//6387 6428//6428 6427//6427
f 6388//6388 6389//6389 6429//6429
f 6388//6388 6429//6429 6428//6428
f 6389//6389 6390//6390 6430//6430
f 6389//6389 6430//6430 6429//6429
f 6390//6390 6391//6391 6431//6431
f 6390//6390 6431//6431 6430//6430
f 6391//6391 6392//6392 6432//6432
f 6391//6391 6432//6432 6431//6431
f 6392//6392 6393//6393 6433//6433
f 6392//6392 6433//6433 6432//6432
f 6393//6393 6394//6394 6434//6434
f 6393//6393 6434//6434 6433//6433
f 6394//6394 6395//6395 6435//6435
f 6394//6394 6435//6435 6434//6434
f 6395//6395 6396//6396 6436//6436
f 6395//6395 6436//6436 6435//6435
f 6396//6396 6397//6397 6437//6437
f 6396//6396 6437//6437 6436//6436
f 6397//6397 6398//6398 6438//6438
f 6397//6397 6438//6438 6437//6437
f 6398//6398 6399//6399 6439//6439
f 6398//6398 6439//6439 6438//6438
f 6399//6399 6360//6360 6400//6400
f 6399//6399 6400//6400 6439//6439
f 6400//6400 6401//6401 6441//6441
f 6400//6400 6441//6441 6440//6440
f 6401//6401 6402//6402 6442//6442
f 6401//6401 6442//6442 6441//6441
f 6402//6402 6403//6403 6443//6443
f 6402//6402 6443//6443 6442//6442
f 6403//6403 6404//6404 6444//6444
f 6403//6403 6444//6444 6443//6443
f 6404//6404 6405//6405 6445//6445
f 6404//6404 6445//6445 6444//6444
f 6405//6405 6406//6406 6446//6446
f 6405//6405 6446//6446 6445//6445
f 6406//6406 6407//6407 6447//6447
f 6406//6406 6447//6447 6446//6446
f 6407//6407 6408//6408 6448//6448
f 6407//6407 6448//6448 6447//6447
f 6408//6408 6409//6409 6449//6449
f 6408//6408 6449//6449 6448//6448
f 6409//6409 6410//6410 6450//6450
f 6409//6409 6450//6450 6449//6449
f 6410//6410 6411//6411 6451//6451
f 6410//6410 6451//6451 6450//6450
f 6411//6411 6412//6412 6452//6452
f 6411//6411 6452//6452 6451//6451
f 6412//6412 6413//6413 6453//6453
f 6412//6412 6453//6453 6452//6452
f 6413//6413 6414//6414 6454//6454
f 6413//6413 6454//6454 6453//6453
f 6414//6414 6415//6415 6455//6455
f 6414//6414 6455//6455 6454//6454
f 6415//6415 6416//6416 6456//6456
f 6415//6415 6456//6456 6455//6455
f 6416//6416 6417//6417 6457//6457
f 6416//6416 6457//6457 6456//6456
f 6417//6417 6418//6418 6458//6458
f 6417//6417 6458//6458 6457//6457
f 6418//6418 6419//6419 6459//6459
f 6418//6418 6459//6459 6458//6458
f 6419//6419 6420//6420 6460//6460
f 6419//6419 6460//6460 6459//6459
f 6420//6420 6421//6421 6461//6461
f 6420//6420 6461//6461 6460//6460
f 6421//6421 6422//6422 6462//6462
f 6421//6421 6462//6462 6461//6461
f 6422//6422 6423//6423 6463//6463
f 6422//6422 6463//6463 6462//6462
f 6423//6423 6424//6424 6464//6464
f 6423//6423 6464//6464 6463//6463
f 6424//6424 6425//6425 6465//6465
f 6424//6424 6465//6465 6464//6464
f 6425//6425 6426//6426 6466//6466
f 6425//6425 6466//6466 6465//6465
f 6426//6426 6427//6427 6467//6467
f 6426//6426 6467//6467 6466//6466
f 6427//6427 6428//6428 6468//6468
f 6427//6427 6468//6468 6467//6467
f 6428//6428 6429//6429 6469//6469
f 6428//6428 6469//6469 6468//6468
f 6429//6429 6430//6430 6470//6470
f 6429//6429 6470//6470 6469//6469
f 6430//6430 6431//6431 6471//6471
f 6430//6430 6471//6471 6470//6470
f 6431//6431 6432//6432 6472//6472
f 6431//6431 6472//6472 6471//6471
f 6432//6432 6433//6433 6473//6473
f 6432//6432 6473//6473 6472//6472
f 6433//6433 6434//6434 6474//6474
f 6433//6433 6474//6474 6473//6473
f 6434//6434 6435//6435 6475//6475
f 6434//6434 6475//6475 6474//6474
f 6435//6435 6436//6436 6476//6476
f 6435//6435 6476//6476 6475//6475
f 6436//6436 6437//6437 6477//6477
f 6436//6436 6477//6477 6476//6476
f 6437//6437 6438//6438 6478//6478
f 6437//6437 6478//6478 6477//6477
f 6438//6438 6439//6439 6479//6479
f 6438//6438 6479//6479 6478//6478
f 6439//6439 6400//6400 6440//6440
f 6439//6439 6440//6440 6479//6479
f 6440//6440 6441//6441 6481//6481
f 6440//6440 6481//6481 6480//6480
f 6441//6441 6442//6442 6482//6482
f 6441//6441 6482//6482 6481//6481
f 6442//6442 6443//6443 6483//6483
f 6442//6442 6483//6483 6482//6482
f 6443//6443 6444//6444 6484//6484
f 6443//6443 6484//6484 6483//6483
f 6444//6444 6445//6445 6485//6485
f 6444//6444 6485//6485 6484//6484
f 6445//6445 6446//6446 6486//6486
f 6445//6445 6486//6486 6485//6485
f 6446//6446 6447//6447 6487//6487
f 6446//6446 6487//6487 6486//6486
f 6447//6447 6448//6448 6488//6488
f 6447//6447 6488//6488 6487//6487
f 6448//6448 6449//6449 6489//6489
f 6448//6448 6489//6489 6488//6488
f 6449//6449 6450//6450 6490//6490
f 6449//6449 6490//6490 6489//6489
f 6450//6450 6451//6451 6491//6491
f 6450//6450 6491//6491 6490//6490
f 6451//6451 6452//6452 6492//6492
f 6451//6451 6492//6492 6491//6491
f 6452//6452 6453//6453 6493//6493
f 6452//6452 6493//6493 6492//6492
f 6453//6453 6454//6454 6494//6494
f 6453//6453 6494//6494 6493//6493
f 6454//6454 6455//6455 6495//6495
f 6454//6454 6495//6495 6494//6494
f 6455//6455 6456//6456 6496//6496
f 6455//6455 6496//6496 6495//6495
f 6456//6456 6457//6457 6497//6497
f 6456//6456 6497//6497 6496//6496
f 6457//6457 6458//6458 6498//6498
f 6457//6457 6498//6498 6497//6497
f 6458//6458 6459//6459 6499//6499
f 6458//6458 6499//6499 6498//6498
f 6459//6459 6460//6460 6500//6500
f 6459//6459 6500//6500 6499//6499
f 6460//6460 6461//6461 6501//6501
f 6460//6460 6501//6501 6500//6500
f 6461//6461 6462//6462 6502//6502
f 6461//6461 6502//6502 6501//6501
f 6462//6462 6463//6463 6503//6503
f 6462//6462 6503//6503 6502//6502
f 6463//6463 6464//6464 6504//6504
f 6463//6463 6504//6504 6503//6503
f 6464//6464 6465//6465 6505//6505
f 6464//6464 6505//6505 6504//6504
f 6465//6465 6466//6466 6506//6506
f 6465//6465 6506//6506 6505//6505
f 6466//6466 6467//6467 6507//6507
f 6466//6466 6507//6507 6506//6506
f 6467//6467 6468//6468 6508//6508
f 6467//6467 6508//6508 6507//6507
f 6468//6468 6469//6469 6509//6509
f 6468//6468 6509//6509 6508//6508
f 6469//6469 6470//6470 6510//6510
f 6469//6469 6510//6510 6509//6509
f 6470//6470 6471//6471 6511//6511
f 6470//6470 6511//6511 6510//6510
f 6471//6471 6472//6472 6512//6512
f 6471//6471 6512//6512 6511//6511
f 6472//6472 6473//6473 6513//6513
f 6472//6472 6513//6513 6512//6512
f 6473//6473 6474//6474 6514//6514
f 6473//6473 6514//6514 6513//6513
f 6474//6474 6475//6475 6515//6515
f 6474//6474 6515//6515 6514//6514
f 6475//6475 6476//6476 6516//6516
f 6475//6475 6516//6516 6515//6515
f 6476//6476 6477//6477 6517//6517
f 6476//6476 6517//6517 6516//6516
f 6477//6477 6478//6478 6518//6518
f 6477//6477 6518//6518 6517//6517
f 6478//6478 6479//6479 6519//6519
f 6478//6478 6519//6519 6518//6518
f 6479//6479 6440//6440 6480//6480
f 6479//6479 6480//6480 6519//6519
f 6480//6480 6481//6481 6521//6521
f 6480//6480 6521//6521 6520//6520
f 6481//6481 6482//6482 6522//6522
f 6481//6481 6522//6522 6521//6521
f 6482//6482 6483//6483 6523//6523
f 6482//6482 6523//6523 6522//6522
f 6483//6483 6484//6484 6524//6524
f 6483//6483 6524//6524 6523//6523
f 6484//6484 6485//6485 6525//6525
f 6484//6484 6525//6525 6524//6524
f 6485//6485 6486//6486 6526//6526
f 6485//6485 6526//6526 6525//6525
f 6486//6486 6487//6487 6527//6527
f 6486//6486 6527//6527 6526//6526
f 6487//6487 6488//6488 6528//6528
f 6487//6487 6528//6528 6527//6527
f 6488//6488 6489//6489 6529//6529
f 6488//6488 6529//6529 6528//6528
f 6489//6489 6490//6490 6530//6530
f 6489//6489 6530//6530 6529//6529
f 6490//6490 6491//6491 6531//6531
f 6490//6490 6531//6531 6530//6530
f 6491//6491 6492//6492 6532//6532
f 6491//6491 6532//6532 6531//6531
f 6492//6492 6493//6493 6533//6533
f 6492//6492 6533//6533 6532//6532
f 6493//6493 6494//6494 6534//6534
f 6493//6493 6534//6534 6533//6533
f 6494//6494 6495//6495 6535//6535
f 6494//6494 6535//6535 6534//6534
f 6495//6495 6496//6496 6536//6536
f 6495//6495 6536//6536 6535//6535
f 6496//6496 6497//6497 6537//6537
f 6496//6496 6537//6537 6536//6536
f 6497//6497 6498//6498 6538//6538
f 6497//6497 6538//6538 6537//6537
f 6498//6498 6499//6499 6539//6539
f 6498//6498 6539//6539 6538//6538
f 6499//6499 6500//6500 6540//6540
f 6499//6499 6540//6540 6539//6539
f 6500//6500 6501//6501 6541//6541
f 6500//6500 6541//6541 6540//6540
f 6501//6501 6502//6502 6542//6542
f 6501//6501 6542//6542 6541//6541
f 6502//6502 6503//6503 6543//6543
f 6502//6502 6543//6543 6542//6542
f 6503//6503 6504//6504 6544//6544
f 6503//6503 6544//6544 6543//6543
f 6504//6504 6505//6505 6545//6545
f 6504//6504 6545//6545 6544//6544
f 6505//6505 6506//6506 6546//6546
f 6505//6505 6546//6546 6545//6545
f 6506//6506 6507//6507 6547//6547
f 6506//6506 6547//6547 6546//6546
f 6507//6507 6508//6508 6548//6548
f 6507//6507 6548//6548 6547//6547
f 6508//6508 6509//6509 6549//6549
f 6508//6508 6549//6549 6548//6548
f 6509//6509 6510//6510 6550//6550
f 6509//6509 6550//6550 6549//6549
f 6510//6510 6511//6511 6551//6551
f 6510//6510 6551//6551 6550//6550
f 6511//6511 6512//6512 6552//6552
f 6511//6511 6552//6552 6551//6551
f 6512//6512 6513//6513 6553//6553
f 6512//6512 6553//6553 6552//6552
f 6513//6513 6514//6514 6554//6554
f 6513//6513 6554//6554 6553//6553
f 6514//6514 6515//6515 6555//6555
f 6514//6514 6555//6555 6554//6554
f 6515//6515 6516//6516 6556//6556
f 6515//6515 6556//6556 6555//6555
f 6516//6516 6517//6517 6557//6557
f 6516//6516 6557//6557 6556//6556
f 6517//6517 6518//6518 6558//6558
f 6517//6517 6558//6558 6557//6557
f 6518//6518 6519//6519 6559//6559
f 6518//6518 6559//6559 6558//6558
f 6519//6519 6480//6480 6520//6520
f 6519//6519 6520//6520 6559//6559
f 6520//6520 6521//6521 6561//6561
f 6520//6520 6561//6561 6560//6560
f 6521//6521 6522//6522 6562//6562
f 6521//6521 6562//6562 6561//6561
f 6522//6522 6523//6523 6563//6563
f 6522//6522 6563//6563 6562//6562
f 6523//6523 6524//6524 6564//6564
f 6523//6523 6564//6564 6563//6563
f 6524//6524 6525//6525 6565//6565
f 6524//6524 6565//6565 6564//6564
f 6525//6525 6526//6526 6566//6566
f 6525//6525 6566//6566 6565//6565
f 6526//6526 6527//6527 6567//6567
f 6526//6526 6567//6567 6566//6566
f 6527//6527 6528//6528 6568//6568
f 6527//6527 6568//6568 6567//6567
f 6528//6528 6529//6529 6569//6569
f 6528//6528 6569//6569 6568//6568
f 6529//6529 6530//6530 6570//6570
f 6529//6529 6570//6570 6569//6569
f 6530//6530 6531//6531 6571//6571
f 6530//6530 6571//6571 6570//6570
f 6531//6531 6532//6532 6572//6572
f 6531//6531 6572//6572 6571//6571
f 6532//6532 6533//6533 6573//6573
f 6532//6532 6573//6573 6572//6572
f 6533//6533 6534//6534 6574//6574
f 6533//6533 6574//6574 6573//6573
f 6534//6534 6535//6535 6575//6575
f 6534//6534 6575//6575 6574//6574
f 6535//6535 6536//6536 6576//6576
f 6535//6535 6576//6576 6575//6575
f 6536//6536 6537//6537 6577//6577
f 6536//6536 6577//6577 6576//6576
f 6537//6537 6538//6538 6578//6578
f 6537//6537 6578//6578 6577//6577
f 6538//6538 6539//6539 6579//6579
f 6538//6538 6579//6579 6578//6578
f 6539//6539 6540//6540 6580//6580
f 6539//6539 6580//6580 6579//6579
f 6540//6540 6541//6541 6581//6581
f 6540//6540 6581//6581 6580//6580
f 6541//6541 6542//6542 6582//6582
f 6541//6541 6582//6582 6581//6581
f 6542//6542 6543//6543 6583//6583
f 6542//6542 6583//6583 6582//6582
f 6543//6543 6544//6544 6584//6584
f 6543//6543 6584//6584 6583//6583
f 6544//6544 6545//6545 6585//6585
f 6544//6544 6585//6585 6584//6584
f 6545//6545 6546//6546 6586//6586
f 6545//6545 6586//6586 6585//6585
f 6546//6546 6547//6547 6587//6587
f 6546//6546 6587//6587 6586//6586
f 6547//6547 6548//6548 6588//6588
f 6547//6547 6588//6588 6587//6587
f 6548//6548 6549//6549 6589//6589
f 6548//6548 6589//6589 6588//6588
f 6549//6549 6550//6550 6590//6590
f 6549//6549 6590//6590 6589//6589
f 6550//6550 6551//6551 6591//6591
f 6550//6550 6591//6591 6590//6590
f 6551//6551 6552//6552 6592//6592
f 6551//6551 6592//6592 6591//6591
f 6552//6552 6553//6553 6593//6593
f 6552//6552 6593//6593 6592//6592
f 6553//6553 6554//6554 6594//6594
f 6553//6553 6594//6594 6593//6593
f 6554//6554 6555//6555 6595//6595
f 6554//6554 6595//6595 6594//6594
f 6555//6555 6556//6556 6596//6596
f 6555//6555 6596//6596 6595//6595
f 6556//6556 6557//6557 6597//6597
f 6556//6556 6597//6597 6596//6596
f 6557//6557 6558//6558 6598//6598
f 6557//6557 6598//6598 6597//6597
f 6558//6558 6559//6559 6599//6599
f 6558//6558 6599//6599 6598//6598
f 6559//6559 6520//6520 6560//6560
f 6559//6559 6560//6560 6599//6599
f 6560//6560 6561//6561 6601//6601
f 6560//6560 6601//6601 6600//6600
f 6561//6561 6562//6562 6602//6602
f 6561//6561 6602//6602 6601//6601
f 6562//6562 6563//6563 6603//6603
f 6562//6562 6603//6603 6602//6602
f 6563//6563 6564//6564 6604//6604
f 6563//6563 6604//6604 6603//6603
f 6564//6564 6565//6565 6605//6605
f 6564//6564 6605//6605 6604//6604
f 6565//6565 6566//6566 6606//6606
f 6565//6565 6606//6606 6605//6605
f 6566//6566 6567//6567 6607//6607
f 6566//6566 6607//6607 6606//6606
f 6567//6567 6568//6568 6608//6608
f 6567//6567 6608//6608 6607//6607
f 6568//6568 6569//6569 6609//6609
f 6568//6568 6609//6609 6608//6608
f 6569//6569 6570//6570 6610//6610
f 6569//6569 6610//6610 6609//6609
f 6570//6570 6571//6571 6611//6611
f 6570//6570 6611//6611 6610//6610
f 6571//6571 6572//6572 6612//6612
f 6571//6571 6612//6612 6611//6611
f 6572//6572 6573//6573 6613//6613
f 6572//6572 6613//6613 6612//6612
f 6573//6573 6574//6574 6614//6614
f 6573//6573 6614//6614 6613//6613
f 6574//6574 6575//6575 6615//6615
f 6574//6574 6615//6615 6614//6614
f 6575//6575 6576//6576 6616//6616
f 6575//6575 6616//6616 6615//6615
f 6576//6576 6577//6577 6617//6617
f 6576//6576 6617//6617 6616//6616
f 6577//6577 6578//6578 6618//6618
f 6577//6577 6618//6618 6617//6617
f 6578//6578 6579//6579 6619//6619
f 6578//6578 6619//6619 6618//6618
f 6579//6579 6580//6580 6620//6620
f 6579//6579 6620//6620 6619//6619
f 6580//6580 6581//6581 6621//6621
f 6580//6580 6621//6621 6620//6620
f 6581//6581 6582//6582 6622//6622
f 6581//6581 6622//6622 6621//6621
f 6582//6582 6583//6583 6623//6623
f 6582//6582 6623//6623 6622//6622
f 6583//6583 6584//6584 6624//6624
f 6583//6583 6624//6624 6623//6623
f 6584//6584 6585//6585 6625//6625
f 6584//6584 6625//6625 6624//6624
f 6585//6585 6586//6586 6626//6626
f 6585//6585 6626//6626 6625//6625
f 6586//6586 6587//6587 6627//6627
f 6586//6586 6627//6627 6626//6626
f 6587//6587 6588//6588 6628//6628
f 6587//6587 6628//6628 6627//6627
f 6588//6588 6589//6589 6629//6629
f 6588//6588 6629//6629 6628//6628
f 6589//6589 6590//6590 6630//6630
f 6589//6589 6630//6630 6629//6629
f 6590//6590 6591//6591 6631//6631
f 6590//6590 6631//6631 6630//6630
f 6591//6591 6592//6592 6632//6632
f 6591//6591 6632//6632 6631//6631
f 6592//6592 6593//6593 6633//6633
f 6592//6592 6633//6633 6632//6632
f 6593//6593 6594//6594 6634//6634
f 6593//6593 6634//6634 6633//6633
f 6594//6594 6595//6595 6635//6635
f 6594//6594 6635//6635 6634//6634
f 6595//6595 6596//6596 6636//6636
f 6595//6595 6636//6636 6635//6635
f 6596//6596 6597//6597 6637//6637
f 6596//6596 6637//6637 6636//6636
f 6597//6597 6598//6598 6638//6638
f 6597//6597 6638//6638 6637//6637
f 6598//6598 6599//6599 6639//6639
f 6598//6598 6639//6639 6638//6638
f 6599//6599 6560//6560 6600//6600
f 6599//6599 6600//6600 6639//6639
f 6600//6600 6601//6601 6640//6640
f 6601//6601 6602//6602 6640//6640
f 6602//6602 6603//6603 6640//6640
f 6603//6603 6604//6604 6640//6640
f 6604//6604 6605//6605 6640//6640
f 6605//6605 6606//6606 6640//6640
f 6606//6606 6607//6607 6640//6640
f 6607//6607 6608//6608 6640//6640
f 6608//6608 6609//6609 6640//6640
f 6609//6609 6610//6610 6640//6640
f 6610//6610 6611//6611 6640//6640
f 6611//6611 6612//6612 6640//6640
f 6612//6612 6613//6613 6640//6640
f 6613//6613 6614//6614 6640//6640
f 6614//6614 6615//6615 6640//6640
f 6615//6615 6616//6616 6640//6640
f 6616//6616 6617//6617 6640//6640
f 6617//6617 6618//6618 6640//6640
f 6618//6618 6619//6619 6640//6640
f 6619//6619 6620//6620 6640//6640
f 6620//6620 6621//6621 6640//6640
f 6621//6621 6622//6622 6640//6640
f 6622//6622 6623//6623 6640//6640
f 6623//6623 6624//6624 6640//6640
f 6624//6624 6625//6625 6640//6640
f 6625//6625 6626//6626 6640//6640
f 6626//6626 6627//6627 6640//6640
f 6627//6627 6628//6628 6640//6640
f 6628//6628 6629//6629 6640//6640
f 6629//6629 6630//6630 6640//6640
f 6630//6630 6631//6631 6640//6640
f 6631//6631 6632//6632 6640//6640
f 6632//6632 6633//6633 6640//6640
f 6633//6633 6634//6634 6640//6640
f 6634//6634 6635//6635 6640//6640
f 6635//6635 6636//6636 6640//6640
f 6636//6636 6637//6637 6640//6640
f 6637//6637 6638//6638 6640//6640
f 6638//6638 6639//6639 6640//6640
f 6639//6639 6600//6600 6640//6640
usemtl cardboard
f 6641//6641 6643//6643 6642//6642
f 6641//6641 6644//6644 6643//6643
f 6645//6645 6646//6646 6647//6647
f 6645//6645 6647//6647 6648//6648
f 6641//6641 6642//6642 6646//6646
f 6641//6641 6646//6646 6645//6645
f 6642//6642 6643//6643 6647//6647
f 6642//6642 6647//6647 6646//6646
f 6643//6643 6644//6644 6648//6648
f 6643//6643 6648//6648 6647//6647
f 6644//6644 6641//6641 6645//6645
f 6644//6644 6645//6645 6648//6648
usemtl cardboard_dark
f 6649//6649 6651//6651 6650//6650
f 6649//6649 6652//6652 6651//6651
f 6653//6653 6654//6654 6655//6655
f 6653//6653 6655//6655 6656//6656
f 6649//6649 6650//6650 6654//6654
f 6649//6649 6654//6654 6653//6653
f 6650//6650 6651//6651 6655//6655
f 6650//6650 6655//6655 6654//6654
f 6651//6651 6652//6652 6656//6656
f 6651//6651 6656//6656 6655//6655
f 6652//6652 6649//6649 6653//6653
f 6652//6652 6653//6653 6656//6656
f 6657//6657 6659//6659 6658//6658
f 6657//6657 6660//6660 6659//6659
f 6661//6661 6662//6662 6663//6663
f 6661//6661 6663//6663 6664//6664
f 6657//6657 6658//6658 6662//6662
f 6657//6657 6662//6662 6661//6661
f 6658//6658 6659//6659 6663//6663
f 6658//6658 6663//6663 6662//6662
f 6659//6659 6660//6660 6664//6664
f 6659//6659 6664//6664 6663//6663
f 6660//6660 6657//6657 6661//6661
f 6660//6660 6661//6661 6664//6664
f 6665//6665 6667//6667 6666//6666
f 6665//6665 6668//6668 6667//6667
f 6669//6669 6670//6670 6671//6671
f 6669//6669 6671//6671 6672//6672
f 6665//6665 6666//6666 6670//6670
f 6665//6665 6670//6670 6669//6669
f 6666//6666 6667//6667 6671//6671
f 6666//6666 6671//6671 6670//6670
f 6667//6667 6668//6668 6672//6672
f 6667//6667 6672//6672 6671//6671
f 6668//6668 6665//6665 6669//6669
f 6668//6668 6669//6669 6672//6672
f 6673//6673 6675//6675 6674//6674
f 6673//6673 6676//6676 6675//6675
f 6677//6677 6678//6678 6679//6679
f 6677//6677 6679//6679 6680//6680
f 6673//6673 6674//6674 6678//6678
f 6673//6673 6678//6678 6677//6677
f 6674//6674 6675//6675 6679//6679
f 6674//6674 6679//6679 6678//6678
f 6675//6675 6676//6676 6680//6680
f 6675//6675 6680//6680 6679//6679
f 6676//6676 6673//6673 6677//6677
f 6676//6676 6677//6677 6680//6680
f 6681//6681 6683//6683 6682//6682
f 6681//6681 6684//6684 6683//6683
f 6685//6685 6686//6686 6687//6687
f 6685//6685 6687//6687 6688//6688
f 6681//6681 6682//6682 6686//6686
f 6681//6681 6686//6686 6685//6685
f 6682//6682 6683//6683 6687//6687
f 6682//6682 6687//6687 6686//6686
f 6683//6683 6684//6684 6688//6688
f 6683//6683 6688//6688 6687//6687
f 6684//6684 6681//6681 6685//6685
f 6684//6684 6685//6685 6688//6688
usemtl label
f 6689//6689 6691//6691 6690//6690
f 6689//6689 6692//6692 6691//6691
f 6693//6693 6694//6694 6695//6695
f 6693//6693 6695//6695 6696//6696
f 6689//6689 6690//6690 6694//6694
f 6689//6689 6694//6694 6693//6693
f 6690//6690 6691//6691 6695//6695
f 6690//6690 6695//6695 6694//6694
f 6691//6691 6692//6692 6696//6696
f 6691//6691 6696//6696 6695//6695
f 6692//6692 6689//6689 6693//6693
f 6692//6692 6693//6693 6696//6696
