# Chocolate-chip muffin, metres, Z-up
mtllib muffin.mtl
o muffin
v 0.0282150 0.0000000 0.0000000
v 0.0275697 0.0014449 0.0000000
v 0.0262479 0.0027588 0.0000000
v 0.0254675 0.0040337 0.0000000
v 0.0258158 0.0054873 0.0000000
v 0.0266668 0.0071453 0.0000000
v 0.0268341 0.0087189 0.0000000
v 0.0257738 0.0098936 0.0000000
v 0.0241107 0.0107348 0.0000000
v 0.0229746 0.0117061 0.0000000
v 0.0228566 0.0131962 0.0000000
v 0.0231536 0.0150361 0.0000000
v 0.0228264 0.0165844 0.0000000
v 0.0214551 0.0173740 0.0000000
v 0.0196134 0.0176600 0.0000000
v 0.0182327 0.0182327 0.0000000
v 0.0176600 0.0196134 0.0000000
v 0.0173740 0.0214551 0.0000000
v 0.0165844 0.0228264 0.0000000
v 0.0150361 0.0231536 0.0000000
v 0.0131963 0.0228566 0.0000000
v 0.0117061 0.0229746 0.0000000
v 0.0107348 0.0241107 0.0000000
v 0.0098936 0.0257738 0.0000000
v 0.0087189 0.0268341 0.0000000
v 0.0071453 0.0266668 0.0000000
v 0.0054873 0.0258158 0.0000000
v 0.0040337 0.0254675 0.0000000
v 0.0027588 0.0262479 0.0000000
v 0.0014449 0.0275697 0.0000000
v 0.0000000 0.0282150 0.0000000
v -0.0014449 0.0275697 0.0000000
v -0.0027588 0.0262479 0.0000000
v -0.0040337 0.0254675 0.0000000
v -0.0054873 0.0258158 0.0000000
v -0.0071453 0.0266668 0.0000000
v -0.0087189 0.0268341 0.0000000
v -0.0098936 0.0257738 0.0000000
v -0.0107348 0.0241107 0.0000000
v -0.0117061 0.0229746 0.0000000
v -0.0131962 0.0228566 0.0000000
v -0.0150361 0.0231536 0.0000000
v -0.0165844 0.0228264 0.0000000
v -0.0173740 0.0214551 0.0000000
v -0.0176600 0.0196134 0.0000000
v -0.0182327 0.0182327 0.0000000
v -0.0196134 0.0176600 0.0000000
v -0.0214551 0.0173740 0.0000000
v -0.0228264 0.0165844 0.0000000
v -0.0231536 0.0150361 0.0000000
v -0.0228566 0.0131962 0.0000000
v -0.0229746 0.0117061 0.0000000
v -0.0241107 0.0107348 0.0000000
v -0.0257738 0.0098936 0.0000000
v -0.0268341 0.0087189 0.0000000
v -0.0266668 0.0071453 0.0000000
v -0.0258158 0.0054873 0.0000000
v -0.0254675 0.0040337 0.0000000
v -0.0262479 0.0027588 0.0000000
v -0.0275697 0.0014449 0.0000000
v -0.0282150 0.0000000 0.0000000
v -0.0275697 -0.0014449 0.0000000
v -0.0262479 -0.0027588 0.0000000
v -0.0254675 -0.0040337 0.0000000
v -0.0258158 -0.0054873 0.0000000
v -0.0266668 -0.0071453 0.0000000
v -0.0268341 -0.0087189 0.0000000
v -0.0257738 -0.0098936 0.0000000
v -0.0241107 -0.0107348 0.0000000
v -0.0229746 -0.0117061 0.0000000
v -0.0228566 -0.0131962 0.0000000
v -0.0231536 -0.0150361 0.0000000
v -0.0228264 -0.0165844 0.0000000
v -0.0214551 -0.0173740 0.0000000
v -0.0196134 -0.0176600 0.0000000
v -0.0182327 -0.0182327 0.0000000
v -0.0176600 -0.0196134 0.0000000
v -0.0173740 -0.0214551 0.0000000
v -0.0165844 -0.0228264 0.0000000
v -0.0150361 -0.0231536 0.0000000
v -0.0131963 -0.0228566 0.0000000
v -0.0117061 -0.0229746 0.0000000
v -0.0107348 -0.0241107 0.0000000
v -0.0098936 -0.0257738 0.0000000
v -0.0087189 -0.0268341 0.0000000
v -0.0071453 -0.0266668 0.0000000
v -0.0054873 -0.0258158 0.0000000
v -0.0040337 -0.0254675 0.0000000
v -0.0027588 -0.0262479 0.0000000
v -0.0014449 -0.0275697 0.0000000
v -0.0000000 -0.0282150 0.0000000
v 0.0014449 -0.0275697 0.0000000
v 0.0027588 -0.0262479 0.0000000
v 0.0040337 -0.0254675 0.0000000
v 0.0054873 -0.0258158 0.0000000
v 0.0071453 -0.0266668 0.0000000
v 0.0087189 -0.0268341 0.0000000
v 0.0098936 -0.0257738 0.0000000
v 0.0107348 -0.0241107 0.0000000
v 0.0117061 -0.0229746 0.0000000
v 0.0131963 -0.0228566 0.0000000
v 0.0150361 -0.0231536 0.0000000
v 0.0165844 -0.0228264 0.0000000
v 0.0173740 -0.0214551 0.0000000
v 0.0176600 -0.0196134 0.0000000
v 0.0182327 -0.0182327 0.0000000
v 0.0196134 -0.0176600 0.0000000
v 0.0214551 -0.0173740 0.0000000
v 0.0228264 -0.0165844 0.0000000
v 0.0231536 -0.0150361 0.0000000
v 0.0228566 -0.0131962 0.0000000
v 0.0229746 -0.0117061 0.0000000
v 0.0241107 -0.0107348 0.0000000
v 0.0257738 -0.0098936 0.0000000
v 0.0268341 -0.0087189 0.0000000
v 0.0266668 -0.0071453 0.0000000
v 0.0258158 -0.0054873 0.0000000
v 0.0254675 -0.0040337 0.0000000
v 0.0262479 -0.0027588 0.0000000
v 0.0275697 -0.0014449 0.0000000
v 0.0365750 0.0000000 0.0400000
v 0.0357385 0.0018730 0.0400000
v 0.0340251 0.0035762 0.0400000
v 0.0330135 0.0052288 0.0400000
v 0.0334649 0.0071132 0.0400000
v 0.0345681 0.0092625 0.0400000
v 0.0347849 0.0113023 0.0400000
v 0.0334105 0.0128251 0.0400000
v 0.0312547 0.0139155 0.0400000
v 0.0297819 0.0151746 0.0400000
v 0.0296289 0.0171062 0.0400000
v 0.0300139 0.0194913 0.0400000
v 0.0295898 0.0214982 0.0400000
v 0.0278121 0.0225218 0.0400000
v 0.0254248 0.0228926 0.0400000
v 0.0236350 0.0236350 0.0400000
v 0.0228926 0.0254248 0.0400000
v 0.0225218 0.0278121 0.0400000
v 0.0214982 0.0295898 0.0400000
v 0.0194913 0.0300139 0.0400000
v 0.0171063 0.0296289 0.0400000
v 0.0151746 0.0297819 0.0400000
v 0.0139155 0.0312547 0.0400000
v 0.0128251 0.0334105 0.0400000
v 0.0113023 0.0347849 0.0400000
v 0.0092625 0.0345681 0.0400000
v 0.0071132 0.0334649 0.0400000
v 0.0052288 0.0330135 0.0400000
v 0.0035762 0.0340251 0.0400000
v 0.0018730 0.0357385 0.0400000
v 0.0000000 0.0365750 0.0400000
v -0.0018730 0.0357385 0.0400000
v -0.0035762 0.0340251 0.0400000
v -0.0052288 0.0330135 0.0400000
v -0.0071132 0.0334649 0.0400000
v -0.0092625 0.0345681 0.0400000
v -0.0113023 0.0347849 0.0400000
v -0.0128251 0.0334105 0.0400000
v -0.0139155 0.0312547 0.0400000
v -0.0151746 0.0297819 0.0400000
v -0.0171062 0.0296289 0.0400000
v -0.0194913 0.0300139 0.0400000
v -0.0214982 0.0295898 0.0400000
v -0.0225218 0.0278121 0.0400000
v -0.0228926 0.0254248 0.0400000
v -0.0236350 0.0236350 0.0400000
v -0.0254248 0.0228926 0.0400000
v -0.0278121 0.0225218 0.0400000
v -0.0295898 0.0214982 0.0400000
v -0.0300139 0.0194913 0.0400000
v -0.0296289 0.0171062 0.0400000
v -0.0297819 0.0151746 0.0400000
v -0.0312547 0.0139155 0.0400000
v -0.0334105 0.0128251 0.0400000
v -0.0347849 0.0113023 0.0400000
v -0.0345681 0.0092625 0.0400000
v -0.0334649 0.0071132 0.0400000
v -0.0330135 0.0052288 0.0400000
v -0.0340251 0.0035762 0.0400000
v -0.0357385 0.0018730 0.0400000
v -0.0365750 0.0000000 0.0400000
v -0.0357385 -0.0018730 0.0400000
v -0.0340251 -0.0035762 0.0400000
v -0.0330135 -0.0052288 0.0400000
v -0.0334649 -0.0071132 0.0400000
v -0.0345681 -0.0092625 0.0400000
v -0.0347849 -0.0113023 0.0400000
v -0.0334105 -0.0128251 0.0400000
v -0.0312547 -0.0139155 0.0400000
v -0.0297819 -0.0151746 0.0400000
v -0.0296289 -0.0171062 0.0400000
v -0.0300139 -0.0194913 0.0400000
v -0.0295898 -0.0214982 0.0400000
v -0.0278121 -0.0225218 0.0400000
v -0.0254248 -0.0228926 0.0400000
v -0.0236350 -0.0236350 0.0400000
v -0.0228926 -0.0254248 0.0400000
v -0.0225218 -0.0278121 0.0400000
v -0.0214982 -0.0295898 0.0400000
v -0.0194913 -0.0300139 0.0400000
v -0.0171063 -0.0296289 0.0400000
v -0.0151746 -0.0297819 0.0400000
v -0.0139155 -0.0312547 0.0400000
v -0.0128251 -0.0334105 0.0400000
v -0.0113023 -0.0347849 0.0400000
v -0.0092625 -0.0345681 0.0400000
v -0.0071132 -0.0334649 0.0400000
v -0.0052288 -0.0330135 0.0400000
v -0.0035762 -0.0340251 0.0400000
v -0.0018730 -0.0357385 0.0400000
v -0.0000000 -0.0365750 0.0400000
v 0.0018730 -0.0357385 0.0400000
v 0.0035762 -0.0340251 0.0400000
v 0.0052288 -0.0330135 0.0400000
v 0.0071132 -0.0334649 0.0400000
v 0.0092625 -0.0345681 0.0400000
v 0.0113023 -0.0347849 0.0400000
v 0.0128251 -0.0334105 0.0400000
v 0.0139155 -0.0312547 0.0400000
v 0.0151746 -0.0297819 0.0400000
v 0.0171063 -0.0296289 0.0400000
v 0.0194913 -0.0300139 0.0400000
v 0.0214982 -0.0295898 0.0400000
v 0.0225218 -0.0278121 0.0400000
v 0.0228926 -0.0254248 0.0400000
v 0.0236350 -0.0236350 0.0400000
v 0.0254248 -0.0228926 0.0400000
v 0.0278121 -0.0225218 0.0400000
v 0.0295898 -0.0214982 0.0400000
v 0.0300139 -0.0194913 0.0400000
v 0.0296289 -0.0171062 0.0400000
v 0.0297819 -0.0151746 0.0400000
v 0.0312547 -0.0139155 0.0400000
v 0.0334105 -0.0128251 0.0400000
v 0.0347849 -0.0113023 0.0400000
v 0.0345681 -0.0092625 0.0400000
v 0.0334649 -0.0071132 0.0400000
v 0.0330135 -0.0052288 0.0400000
v 0.0340251 -0.0035762 0.0400000
v 0.0357385 -0.0018730 0.0400000
v 0.0000000 0.0000000 0.0000000
v 0.0000000 0.0000000 0.0400000
v 0.0000000 0.0000000 0.0200000
v 0.0035694 0.0000000 0.0200815
v 0.0036029 0.0001888 0.0200815
v 0.0036257 0.0003811 0.0200815
v 0.0036314 0.0005752 0.0200815
v 0.0036149 0.0007684 0.0200815
v 0.0035729 0.0009573 0.0200815
v 0.0035050 0.0011389 0.0200815
v 0.0034140 0.0013105 0.0200815
v 0.0033046 0.0014713 0.0200815
v 0.0031834 0.0016220 0.0200815
v 0.0030569 0.0017649 0.0200815
v 0.0029305 0.0019031 0.0200815
v 0.0028076 0.0020399 0.0200815
v 0.0026891 0.0021776 0.0200815
v 0.0025736 0.0023173 0.0200815
v 0.0024581 0.0024581 0.0200815
v 0.0023389 0.0025976 0.0200815
v 0.0022126 0.0027323 0.0200815
v 0.0020769 0.0028586 0.0200815
v 0.0019311 0.0029737 0.0200815
v 0.0017760 0.0030761 0.0200815
v 0.0016133 0.0031662 0.0200815
v 0.0014453 0.0032461 0.0200815
v 0.0012739 0.0033187 0.0200815
v 0.0011004 0.0033868 0.0200815
v 0.0009250 0.0034523 0.0200815
v 0.0007472 0.0035153 0.0200815
v 0.0005660 0.0035735 0.0200815
v 0.0003808 0.0036231 0.0200815
v 0.0001917 0.0036587 0.0200815
v 0.0000000 0.0036754 0.0200815
v -0.0001923 0.0036691 0.0200815
v -0.0003824 0.0036382 0.0200815
v -0.0005676 0.0035837 0.0200815
v -0.0007460 0.0035095 0.0200815
v -0.0009168 0.0034215 0.0200815
v -0.0010809 0.0033266 0.0200815
v -0.0012403 0.0032312 0.0200815
v -0.0013981 0.0031401 0.0200815
v -0.0015569 0.0030556 0.0200815
v -0.0017188 0.0029771 0.0200815
v -0.0018844 0.0029017 0.0200815
v -0.0020522 0.0028246 0.0200815
v -0.0022195 0.0027408 0.0200815
v -0.0023823 0.0026458 0.0200815
v -0.0025366 0.0025366 0.0200815
v -0.0026792 0.0024123 0.0200815
v -0.0028081 0.0022740 0.0200815
v -0.0029236 0.0021241 0.0200815
v -0.0030270 0.0019657 0.0200815
v -0.0031210 0.0018019 0.0200815
v -0.0032083 0.0016347 0.0200815
v -0.0032907 0.0014651 0.0200815
v -0.0033686 0.0012931 0.0200815
v -0.0034403 0.0011178 0.0200815
v -0.0035026 0.0009385 0.0200815
v -0.0035515 0.0007549 0.0200815
v -0.0035828 0.0005675 0.0200815
v -0.0035939 0.0003777 0.0200815
v -0.0035842 0.0001878 0.0200815
v -0.0035556 0.0000000 0.0200815
v -0.0035123 -0.0001841 0.0200815
v -0.0034603 -0.0003637 0.0200815
v -0.0034059 -0.0005394 0.0200815
v -0.0033544 -0.0007130 0.0200815
v -0.0033093 -0.0008867 0.0200815
v -0.0032712 -0.0010629 0.0200815
v -0.0032378 -0.0012429 0.0200815
v -0.0032044 -0.0014267 0.0200815
v -0.0031650 -0.0016126 0.0200815
v -0.0031135 -0.0017976 0.0200815
v -0.0030450 -0.0019774 0.0200815
v -0.0029566 -0.0021481 0.0200815
v -0.0028480 -0.0023063 0.0200815
v -0.0027213 -0.0024502 0.0200815
v -0.0025800 -0.0025800 0.0200815
v -0.0024286 -0.0026973 0.0200815
v -0.0022713 -0.0028048 0.0200815
v -0.0021110 -0.0029056 0.0200815
v -0.0019494 -0.0030018 0.0200815
v -0.0017865 -0.0030944 0.0200815
v -0.0016214 -0.0031822 0.0200815
v -0.0014527 -0.0032629 0.0200815
v -0.0012794 -0.0033331 0.0200815
v -0.0011013 -0.0033895 0.0200815
v -0.0009190 -0.0034299 0.0200815
v -0.0007342 -0.0034540 0.0200815
v -0.0005486 -0.0034638 0.0200815
v -0.0003640 -0.0034629 0.0200815
v -0.0001811 -0.0034565 0.0200815
v -0.0000000 -0.0034496 0.0200815
v 0.0001806 -0.0034461 0.0200815
v 0.0003624 -0.0034478 0.0200815
v 0.0005470 -0.0034536 0.0200815
v 0.0007354 -0.0034598 0.0200815
v 0.0009273 -0.0034607 0.0200815
v 0.0011209 -0.0034497 0.0200815
v 0.0013130 -0.0034205 0.0200815
v 0.0014999 -0.0033689 0.0200815
v 0.0016778 -0.0032928 0.0200815
v 0.0018437 -0.0031933 0.0200815
v 0.0019962 -0.0030738 0.0200815
v 0.0021358 -0.0029396 0.0200815
v 0.0022644 -0.0027963 0.0200815
v 0.0023853 -0.0026491 0.0200815
v 0.0025015 -0.0025015 0.0200815
v 0.0026157 -0.0023552 0.0200815
v 0.0027290 -0.0022099 0.0200815
v 0.0028407 -0.0020639 0.0200815
v 0.0029485 -0.0019148 0.0200815
v 0.0030494 -0.0017606 0.0200815
v 0.0031401 -0.0016000 0.0200815
v 0.0032183 -0.0014329 0.0200815
v 0.0032831 -0.0012603 0.0200815
v 0.0033359 -0.0010839 0.0200815
v 0.0033796 -0.0009055 0.0200815
v 0.0034178 -0.0007265 0.0200815
v 0.0034544 -0.0005471 0.0200815
v 0.0034920 -0.0003670 0.0200815
v 0.0035310 -0.0001851 0.0200815
v 0.0071153 0.0000000 0.0203257
v 0.0071820 0.0003764 0.0203257
v 0.0072274 0.0007596 0.0203257
v 0.0072388 0.0011465 0.0203257
v 0.0072059 0.0015317 0.0203257
v 0.0071221 0.0019084 0.0203257
v 0.0069869 0.0022702 0.0203257
v 0.0068054 0.0026123 0.0203257
v 0.0065874 0.0029329 0.0203257
v 0.0063458 0.0032334 0.0203257
v 0.0060937 0.0035182 0.0203257
v 0.0058417 0.0037937 0.0203257
v 0.0055967 0.0040663 0.0203257
v 0.0053605 0.0043408 0.0203257
v 0.0051302 0.0046193 0.0203257
v 0.0049000 0.0049000 0.0203257
v 0.0046624 0.0051781 0.0203257
v 0.0044106 0.0054466 0.0203257
v 0.0041401 0.0056984 0.0203257
v 0.0038495 0.0059277 0.0203257
v 0.0035402 0.0061318 0.0203257
v 0.0032159 0.0063115 0.0203257
v 0.0028810 0.0064708 0.0203257
v 0.0025394 0.0066154 0.0203257
v 0.0021936 0.0067512 0.0203257
v 0.0018440 0.0068818 0.0203257
v 0.0014894 0.0070073 0.0203257
v 0.0011282 0.0071234 0.0203257
v 0.0007591 0.0072222 0.0203257
v 0.0003822 0.0072933 0.0203257
v 0.0000000 0.0073265 0.0203257
v -0.0003833 0.0073140 0.0203257
v -0.0007622 0.0072523 0.0203257
v -0.0011314 0.0071437 0.0203257
v -0.0014870 0.0069958 0.0203257
v -0.0018275 0.0068204 0.0203257
v -0.0021546 0.0066312 0.0203257
v -0.0024725 0.0064411 0.0203257
v -0.0027869 0.0062595 0.0203257
v -0.0031035 0.0060910 0.0203257
v -0.0034263 0.0059346 0.0203257
v -0.0037563 0.0057842 0.0203257
v -0.0040909 0.0056306 0.0203257
v -0.0044243 0.0054635 0.0203257
v -0.0047488 0.0052741 0.0203257
v -0.0050564 0.0050564 0.0203257
v -0.0053406 0.0048087 0.0203257
v -0.0055977 0.0045330 0.0203257
v -0.0058278 0.0042341 0.0203257
v -0.0060339 0.0039185 0.0203257
v -0.0062214 0.0035919 0.0203257
v -0.0063954 0.0032586 0.0203257
v -0.0065597 0.0029206 0.0203257
v -0.0067150 0.0025776 0.0203257
v -0.0068579 0.0022283 0.0203257
v -0.0069822 0.0018709 0.0203257
v -0.0070795 0.0015048 0.0203257
v -0.0071420 0.0011312 0.0203257
v -0.0071641 0.0007530 0.0203257
v -0.0071448 0.0003744 0.0203257
v -0.0070877 0.0000000 0.0203257
v -0.0070014 -0.0003669 0.0203257
v -0.0068977 -0.0007250 0.0203257
v -0.0067892 -0.0010753 0.0203257
v -0.0066867 -0.0014213 0.0203257
v -0.0065968 -0.0017676 0.0203257
v -0.0065208 -0.0021188 0.0203257
v -0.0064542 -0.0024775 0.0203257
v -0.0063876 -0.0028439 0.0203257
v -0.0063090 -0.0032146 0.0203257
v -0.0062064 -0.0035833 0.0203257
v -0.0060698 -0.0039418 0.0203257
v -0.0058937 -0.0042820 0.0203257
v -0.0056773 -0.0045974 0.0203257
v -0.0054246 -0.0048843 0.0203257
v -0.0051430 -0.0051430 0.0203257
v -0.0048412 -0.0053767 0.0203257
v -0.0045276 -0.0055911 0.0203257
v -0.0042081 -0.0057920 0.0203257
v -0.0038860 -0.0059839 0.0203257
v -0.0035613 -0.0061683 0.0203257
v -0.0032321 -0.0063434 0.0203257
v -0.0028959 -0.0065042 0.0203257
v -0.0025504 -0.0066441 0.0203257
v -0.0021953 -0.0067565 0.0203257
v -0.0018320 -0.0068371 0.0203257
v -0.0014635 -0.0068853 0.0203257
v -0.0010936 -0.0069046 0.0203257
v -0.0007255 -0.0069029 0.0203257
v -0.0003611 -0.0068901 0.0203257
v -0.0000000 -0.0068764 0.0203257
v 0.0003600 -0.0068695 0.0203257
v 0.0007224 -0.0068728 0.0203257
v 0.0010904 -0.0068844 0.0203257
v 0.0014660 -0.0068968 0.0203257
v 0.0018485 -0.0068985 0.0203257
v 0.0022343 -0.0068765 0.0203257
v 0.0026174 -0.0068185 0.0203257
v 0.0029899 -0.0067155 0.0203257
v 0.0033445 -0.0065639 0.0203257
v 0.0036751 -0.0063655 0.0203257
v 0.0039792 -0.0061274 0.0203257
v 0.0042574 -0.0058598 0.0203257
v 0.0045139 -0.0055742 0.0203257
v 0.0047548 -0.0052807 0.0203257
v 0.0049865 -0.0049865 0.0203257
v 0.0052142 -0.0046949 0.0203257
v 0.0054400 -0.0044052 0.0203257
v 0.0056626 -0.0041141 0.0203257
v 0.0058776 -0.0038170 0.0203257
v 0.0060787 -0.0035096 0.0203257
v 0.0062595 -0.0031894 0.0203257
v 0.0064153 -0.0028563 0.0203257
v 0.0065446 -0.0025122 0.0203257
v 0.0066499 -0.0021607 0.0203257
v 0.0067368 -0.0018051 0.0203257
v 0.0068130 -0.0014482 0.0203257
v 0.0068861 -0.0010906 0.0203257
v 0.0069610 -0.0007316 0.0203257
v 0.0070387 -0.0003689 0.0203257
v 0.0106142 0.0000000 0.0207313
v 0.0107138 0.0005615 0.0207313
v 0.0107814 0.0011332 0.0207313
v 0.0107985 0.0017103 0.0207313
v 0.0107494 0.0022848 0.0207313
v 0.0106245 0.0028468 0.0207313
v 0.0104227 0.0033866 0.0207313
v 0.0101519 0.0038969 0.0207313
v 0.0098268 0.0043752 0.0207313
v 0.0094664 0.0048234 0.0207313
v 0.0090902 0.0052483 0.0207313
v 0.0087144 0.0056592 0.0207313
v 0.0083489 0.0060658 0.0207313
v 0.0079965 0.0064754 0.0207313
v 0.0076530 0.0068908 0.0207313
v 0.0073096 0.0073096 0.0207313
v 0.0069551 0.0077244 0.0207313
v 0.0065795 0.0081250 0.0207313
v 0.0061760 0.0085006 0.0207313
v 0.0057425 0.0088427 0.0207313
v 0.0052811 0.0091471 0.0207313
v 0.0047973 0.0094152 0.0207313
v 0.0042977 0.0096528 0.0207313
v 0.0037882 0.0098686 0.0207313
v 0.0032723 0.0100711 0.0207313
v 0.0027508 0.0102660 0.0207313
v 0.0022219 0.0104531 0.0207313
v 0.0016830 0.0106263 0.0207313
v 0.0011324 0.0107737 0.0207313
v 0.0005702 0.0108798 0.0207313
v 0.0000000 0.0109293 0.0207313
v -0.0005718 0.0109106 0.0207313
v -0.0011371 0.0108186 0.0207313
v -0.0016878 0.0106566 0.0207313
v -0.0022182 0.0104359 0.0207313
v -0.0027262 0.0101744 0.0207313
v -0.0032142 0.0098922 0.0207313
v -0.0036884 0.0096085 0.0207313
v -0.0041574 0.0093376 0.0207313
v -0.0046297 0.0090863 0.0207313
v -0.0051112 0.0088529 0.0207313
v -0.0056034 0.0086285 0.0207313
v -0.0061025 0.0083994 0.0207313
v -0.0065999 0.0081502 0.0207313
v -0.0070840 0.0078676 0.0207313
v -0.0075429 0.0075429 0.0207313
v -0.0079669 0.0071734 0.0207313
v -0.0083504 0.0067620 0.0207313
v -0.0086936 0.0063163 0.0207313
v -0.0090011 0.0058454 0.0207313
v -0.0092807 0.0053582 0.0207313
v -0.0095403 0.0048610 0.0207313
v -0.0097855 0.0043568 0.0207313
v -0.0100170 0.0038452 0.0207313
v -0.0102303 0.0033240 0.0207313
v -0.0104156 0.0027909 0.0207313
v -0.0105608 0.0022448 0.0207313
v -0.0106540 0.0016874 0.0207313
v -0.0106871 0.0011233 0.0207313
v -0.0106582 0.0005586 0.0207313
v -0.0105730 0.0000000 0.0207313
v -0.0104443 -0.0005474 0.0207313
v -0.0102897 -0.0010815 0.0207313
v -0.0101278 -0.0016041 0.0207313
v -0.0099748 -0.0021202 0.0207313
v -0.0098408 -0.0026368 0.0207313
v -0.0097275 -0.0031606 0.0207313
v -0.0096280 -0.0036959 0.0207313
v -0.0095287 -0.0042424 0.0207313
v -0.0094115 -0.0047954 0.0207313
v -0.0092584 -0.0053453 0.0207313
v -0.0090547 -0.0058802 0.0207313
v -0.0087919 -0.0063877 0.0207313
v -0.0084691 -0.0068581 0.0207313
v -0.0080921 -0.0072862 0.0207313
v -0.0076720 -0.0076720 0.0207313
v -0.0072219 -0.0080207 0.0207313
v -0.0067540 -0.0083405 0.0207313
v -0.0062775 -0.0086402 0.0207313
v -0.0057969 -0.0089264 0.0207313
v -0.0053125 -0.0092015 0.0207313
v -0.0048215 -0.0094627 0.0207313
v -0.0043199 -0.0097027 0.0207313
v -0.0038046 -0.0099114 0.0207313
v -0.0032749 -0.0100791 0.0207313
v -0.0027329 -0.0101993 0.0207313
v -0.0021832 -0.0102711 0.0207313
v -0.0016314 -0.0103000 0.0207313
v -0.0010823 -0.0102974 0.0207313
v -0.0005387 -0.0102784 0.0207313
v -0.0000000 -0.0102578 0.0207313
v 0.0005370 -0.0102475 0.0207313
v 0.0010776 -0.0102525 0.0207313
v 0.0016266 -0.0102698 0.0207313
v 0.0021868 -0.0102882 0.0207313
v 0.0027574 -0.0102909 0.0207313
v 0.0033330 -0.0102581 0.0207313
v 0.0039045 -0.0101714 0.0207313
v 0.0044602 -0.0100178 0.0207313
v 0.0049891 -0.0097916 0.0207313
v 0.0054824 -0.0094957 0.0207313
v 0.0059359 -0.0091405 0.0207313
v 0.0063510 -0.0087414 0.0207313
v 0.0067336 -0.0083153 0.0207313
v 0.0070929 -0.0078775 0.0207313
v 0.0074387 -0.0074387 0.0207313
v 0.0077783 -0.0070036 0.0207313
v 0.0081151 -0.0065715 0.0207313
v 0.0084472 -0.0061372 0.0207313
v 0.0087679 -0.0056940 0.0207313
v 0.0090679 -0.0052354 0.0207313
v 0.0093376 -0.0047577 0.0207313
v 0.0095700 -0.0042608 0.0207313
v 0.0097629 -0.0037476 0.0207313
v 0.0099199 -0.0032232 0.0207313
v 0.0100496 -0.0026928 0.0207313
v 0.0101633 -0.0021603 0.0207313
v 0.0102723 -0.0016270 0.0207313
v 0.0103840 -0.0010914 0.0207313
v 0.0105000 -0.0005503 0.0207313
v 0.0140433 0.0000000 0.0212962
v 0.0141751 0.0007429 0.0212962
v 0.0142646 0.0014993 0.0212962
v 0.0142872 0.0022629 0.0212962
v 0.0142221 0.0030230 0.0212962
v 0.0140569 0.0037665 0.0212962
v 0.0137900 0.0044806 0.0212962
v 0.0134316 0.0051559 0.0212962
v 0.0130015 0.0057886 0.0212962
v 0.0125247 0.0063817 0.0212962
v 0.0120270 0.0069438 0.0212962
v 0.0115298 0.0074875 0.0212962
v 0.0110462 0.0080255 0.0212962
v 0.0105799 0.0085674 0.0212962
v 0.0101255 0.0091170 0.0212962
v 0.0096711 0.0096711 0.0212962
v 0.0092021 0.0102199 0.0212962
v 0.0087051 0.0107499 0.0212962
v 0.0081713 0.0112469 0.0212962
v 0.0075977 0.0116994 0.0212962
v 0.0069873 0.0121023 0.0212962
v 0.0063471 0.0124569 0.0212962
v 0.0056861 0.0127713 0.0212962
v 0.0050120 0.0130568 0.0212962
v 0.0043295 0.0133248 0.0212962
v 0.0036394 0.0135826 0.0212962
v 0.0029397 0.0138302 0.0212962
v 0.0022268 0.0140594 0.0212962
v 0.0014982 0.0142543 0.0212962
v 0.0007544 0.0143947 0.0212962
v 0.0000000 0.0144603 0.0212962
v -0.0007565 0.0144355 0.0212962
v -0.0015044 0.0143138 0.0212962
v -0.0022331 0.0140994 0.0212962
v -0.0029349 0.0138075 0.0212962
v -0.0036070 0.0134614 0.0212962
v -0.0042525 0.0130880 0.0212962
v -0.0048799 0.0127127 0.0212962
v -0.0055005 0.0123543 0.0212962
v -0.0061254 0.0120218 0.0212962
v -0.0067625 0.0117130 0.0212962
v -0.0074137 0.0114161 0.0212962
v -0.0080741 0.0111130 0.0212962
v -0.0087321 0.0107833 0.0212962
v -0.0093727 0.0104094 0.0212962
v -0.0099798 0.0099798 0.0212962
v -0.0105407 0.0094909 0.0212962
v -0.0110482 0.0089467 0.0212962
v -0.0115023 0.0083569 0.0212962
v -0.0119091 0.0077339 0.0212962
v -0.0122790 0.0070893 0.0212962
v -0.0126225 0.0064315 0.0212962
v -0.0129469 0.0057643 0.0212962
v -0.0132532 0.0050874 0.0212962
v -0.0135354 0.0043979 0.0212962
v -0.0137806 0.0036925 0.0212962
v -0.0139727 0.0029700 0.0212962
v -0.0140960 0.0022326 0.0212962
v -0.0141398 0.0014862 0.0212962
v -0.0141015 0.0007390 0.0212962
v -0.0139888 0.0000000 0.0212962
v -0.0138186 -0.0007242 0.0212962
v -0.0136140 -0.0014309 0.0212962
v -0.0133998 -0.0021223 0.0212962
v -0.0131974 -0.0028052 0.0212962
v -0.0130200 -0.0034887 0.0212962
v -0.0128701 -0.0041817 0.0212962
v -0.0127386 -0.0048899 0.0212962
v -0.0126071 -0.0056131 0.0212962
v -0.0124521 -0.0063447 0.0212962
v -0.0122495 -0.0070722 0.0212962
v -0.0119799 -0.0077799 0.0212962
v -0.0116323 -0.0084513 0.0212962
v -0.0112051 -0.0090737 0.0212962
v -0.0107064 -0.0096401 0.0212962
v -0.0101506 -0.0101506 0.0212962
v -0.0095551 -0.0106120 0.0212962
v -0.0089360 -0.0110351 0.0212962
v -0.0083055 -0.0114316 0.0212962
v -0.0076697 -0.0118103 0.0212962
v -0.0070288 -0.0121742 0.0212962
v -0.0063792 -0.0125198 0.0212962
v -0.0057155 -0.0128373 0.0212962
v -0.0050338 -0.0131134 0.0212962
v -0.0043329 -0.0133353 0.0212962
v -0.0036158 -0.0134944 0.0212962
v -0.0028885 -0.0135893 0.0212962
v -0.0021584 -0.0136276 0.0212962
v -0.0014320 -0.0136242 0.0212962
v -0.0007127 -0.0135990 0.0212962
v -0.0000000 -0.0135718 0.0212962
v 0.0007106 -0.0135582 0.0212962
v 0.0014257 -0.0135648 0.0212962
v 0.0021521 -0.0135876 0.0212962
v 0.0028933 -0.0136121 0.0212962
v 0.0036483 -0.0136156 0.0212962
v 0.0044098 -0.0135721 0.0212962
v 0.0051659 -0.0134575 0.0212962
v 0.0059012 -0.0132543 0.0212962
v 0.0066009 -0.0129550 0.0212962
v 0.0072536 -0.0125635 0.0212962
v 0.0078536 -0.0120936 0.0212962
v 0.0084028 -0.0115655 0.0212962
v 0.0089090 -0.0110017 0.0212962
v 0.0093845 -0.0104225 0.0212962
v 0.0098419 -0.0098419 0.0212962
v 0.0102912 -0.0092663 0.0212962
v 0.0107368 -0.0086945 0.0212962
v 0.0111762 -0.0081200 0.0212962
v 0.0116006 -0.0075335 0.0212962
v 0.0119975 -0.0069268 0.0212962
v 0.0123543 -0.0062948 0.0212962
v 0.0126617 -0.0056374 0.0212962
v 0.0129170 -0.0049584 0.0212962
v 0.0131247 -0.0042645 0.0212962
v 0.0132963 -0.0035627 0.0212962
v 0.0134468 -0.0028582 0.0212962
v 0.0135909 -0.0021526 0.0212962
v 0.0137388 -0.0014440 0.0212962
v 0.0138922 -0.0007281 0.0212962
v 0.0173804 0.0000000 0.0220176
v 0.0175435 0.0009194 0.0220176
v 0.0176543 0.0018555 0.0220176
v 0.0176822 0.0028006 0.0220176
v 0.0176017 0.0037414 0.0220176
v 0.0173972 0.0046616 0.0220176
v 0.0170669 0.0055454 0.0220176
v 0.0166234 0.0063811 0.0220176
v 0.0160910 0.0071642 0.0220176
v 0.0155009 0.0078981 0.0220176
v 0.0148850 0.0085939 0.0220176
v 0.0142696 0.0092668 0.0220176
v 0.0136711 0.0099326 0.0220176
v 0.0130940 0.0106033 0.0220176
v 0.0125316 0.0112835 0.0220176
v 0.0119692 0.0119692 0.0220176
v 0.0113887 0.0126485 0.0220176
v 0.0107737 0.0133044 0.0220176
v 0.0101131 0.0139194 0.0220176
v 0.0094031 0.0144796 0.0220176
v 0.0086476 0.0149781 0.0220176
v 0.0078554 0.0154171 0.0220176
v 0.0070373 0.0158061 0.0220176
v 0.0062030 0.0161595 0.0220176
v 0.0053583 0.0164912 0.0220176
v 0.0045043 0.0168102 0.0220176
v 0.0036383 0.0171166 0.0220176
v 0.0027559 0.0174003 0.0220176
v 0.0018542 0.0176416 0.0220176
v 0.0009337 0.0178153 0.0220176
v 0.0000000 0.0178964 0.0220176
v -0.0009363 0.0178658 0.0220176
v -0.0018619 0.0177151 0.0220176
v -0.0027638 0.0174498 0.0220176
v -0.0036323 0.0170885 0.0220176
v -0.0044641 0.0166602 0.0220176
v -0.0052631 0.0161981 0.0220176
v -0.0060396 0.0157336 0.0220176
v -0.0068076 0.0152900 0.0220176
v -0.0075810 0.0148785 0.0220176
v -0.0083695 0.0144963 0.0220176
v -0.0091754 0.0141289 0.0220176
v -0.0099927 0.0137538 0.0220176
v -0.0108071 0.0133457 0.0220176
v -0.0115999 0.0128830 0.0220176
v -0.0123513 0.0123513 0.0220176
v -0.0130455 0.0117462 0.0220176
v -0.0136736 0.0110726 0.0220176
v -0.0142355 0.0103427 0.0220176
v -0.0147391 0.0095717 0.0220176
v -0.0151969 0.0087739 0.0220176
v -0.0156220 0.0079598 0.0220176
v -0.0160234 0.0071341 0.0220176
v -0.0164026 0.0062964 0.0220176
v -0.0167518 0.0054430 0.0220176
v -0.0170553 0.0045699 0.0220176
v -0.0172930 0.0036758 0.0220176
v -0.0174457 0.0027631 0.0220176
v -0.0174998 0.0018393 0.0220176
v -0.0174524 0.0009146 0.0220176
v -0.0173130 0.0000000 0.0220176
v -0.0171023 -0.0008963 0.0220176
v -0.0168490 -0.0017709 0.0220176
v -0.0165840 -0.0026266 0.0220176
v -0.0163335 -0.0034718 0.0220176
v -0.0161140 -0.0043177 0.0220176
v -0.0159284 -0.0051755 0.0220176
v -0.0157656 -0.0060519 0.0220176
v -0.0156029 -0.0069469 0.0220176
v -0.0154111 -0.0078523 0.0220176
v -0.0151603 -0.0087528 0.0220176
v -0.0148267 -0.0096286 0.0220176
v -0.0143964 -0.0104596 0.0220176
v -0.0138678 -0.0112299 0.0220176
v -0.0132506 -0.0119309 0.0220176
v -0.0125627 -0.0125627 0.0220176
v -0.0118256 -0.0131337 0.0220176
v -0.0110595 -0.0136573 0.0220176
v -0.0102792 -0.0141481 0.0220176
v -0.0094922 -0.0146167 0.0220176
v -0.0086990 -0.0150672 0.0220176
v -0.0078951 -0.0154949 0.0220176
v -0.0070737 -0.0158878 0.0220176
v -0.0062299 -0.0162296 0.0220176
v -0.0053625 -0.0165042 0.0220176
v -0.0044750 -0.0167010 0.0220176
v -0.0035749 -0.0168186 0.0220176
v -0.0026713 -0.0168659 0.0220176
v -0.0017722 -0.0168617 0.0220176
v -0.0008820 -0.0168305 0.0220176
v -0.0000000 -0.0167969 0.0220176
v 0.0008794 -0.0167800 0.0220176
v 0.0017645 -0.0167882 0.0220176
v 0.0026635 -0.0168164 0.0220176
v 0.0035809 -0.0168467 0.0220176
v 0.0045152 -0.0168510 0.0220176
v 0.0054578 -0.0167972 0.0220176
v 0.0063934 -0.0166554 0.0220176
v 0.0073035 -0.0164039 0.0220176
v 0.0081695 -0.0160335 0.0220176
v 0.0089772 -0.0155490 0.0220176
v 0.0097199 -0.0149673 0.0220176
v 0.0103995 -0.0143137 0.0220176
v 0.0110261 -0.0136161 0.0220176
v 0.0116145 -0.0128992 0.0220176
v 0.0121806 -0.0121806 0.0220176
v 0.0127367 -0.0114682 0.0220176
v 0.0132882 -0.0107606 0.0220176
v 0.0138320 -0.0100495 0.0220176
v 0.0143572 -0.0093237 0.0220176
v 0.0148485 -0.0085728 0.0220176
v 0.0152900 -0.0077907 0.0220176
v 0.0156705 -0.0069770 0.0220176
v 0.0159864 -0.0061366 0.0220176
v 0.0162436 -0.0052779 0.0220176
v 0.0164559 -0.0044093 0.0220176
v 0.0166422 -0.0035374 0.0220176
v 0.0168205 -0.0026641 0.0220176
v 0.0170035 -0.0017871 0.0220176
v 0.0171934 -0.0009011 0.0220176
v 0.0206041 0.0000000 0.0228918
v 0.0207975 0.0010900 0.0228918
v 0.0209288 0.0021997 0.0228918
v 0.0209620 0.0033201 0.0228918
v 0.0208665 0.0044353 0.0228918
v 0.0206241 0.0055262 0.0228918
v 0.0202325 0.0065739 0.0228918
v 0.0197067 0.0075647 0.0228918
v 0.0190756 0.0084930 0.0228918
v 0.0183761 0.0093631 0.0228918
v 0.0176459 0.0101879 0.0228918
v 0.0169163 0.0109856 0.0228918
v 0.0162068 0.0117749 0.0228918
v 0.0155227 0.0125700 0.0228918
v 0.0148560 0.0133764 0.0228918
v 0.0141893 0.0141893 0.0228918
v 0.0135011 0.0149945 0.0228918
v 0.0127720 0.0157722 0.0228918
v 0.0119889 0.0165012 0.0228918
v 0.0111473 0.0171653 0.0228918
v 0.0102516 0.0177563 0.0228918
v 0.0093124 0.0182767 0.0228918
v 0.0083426 0.0187379 0.0228918
v 0.0073536 0.0191568 0.0228918
v 0.0063522 0.0195500 0.0228918
v 0.0053397 0.0199281 0.0228918
v 0.0043131 0.0202915 0.0228918
v 0.0032671 0.0206277 0.0228918
v 0.0021981 0.0209137 0.0228918
v 0.0011068 0.0211197 0.0228918
v 0.0000000 0.0212159 0.0228918
v -0.0011100 0.0211796 0.0228918
v -0.0022073 0.0210009 0.0228918
v -0.0032764 0.0206864 0.0228918
v -0.0043060 0.0202581 0.0228918
v -0.0052921 0.0197503 0.0228918
v -0.0062393 0.0192025 0.0228918
v -0.0071598 0.0186519 0.0228918
v -0.0080702 0.0181261 0.0228918
v -0.0089871 0.0176382 0.0228918
v -0.0099218 0.0171851 0.0228918
v -0.0108773 0.0167496 0.0228918
v -0.0118461 0.0163048 0.0228918
v -0.0128117 0.0158211 0.0228918
v -0.0137515 0.0152726 0.0228918
v -0.0146423 0.0146423 0.0228918
v -0.0154652 0.0139249 0.0228918
v -0.0162098 0.0131264 0.0228918
v -0.0168759 0.0122611 0.0228918
v -0.0174729 0.0113470 0.0228918
v -0.0180156 0.0104013 0.0228918
v -0.0185196 0.0094362 0.0228918
v -0.0189955 0.0084573 0.0228918
v -0.0194450 0.0074642 0.0228918
v -0.0198589 0.0064525 0.0228918
v -0.0202187 0.0054176 0.0228918
v -0.0205006 0.0043575 0.0228918
v -0.0206815 0.0032756 0.0228918
v -0.0207457 0.0021805 0.0228918
v -0.0206895 0.0010843 0.0228918
v -0.0205242 0.0000000 0.0228918
v -0.0202744 -0.0010625 0.0228918
v -0.0199742 -0.0020994 0.0228918
v -0.0196600 -0.0031138 0.0228918
v -0.0193630 -0.0041157 0.0228918
v -0.0191028 -0.0051186 0.0228918
v -0.0188828 -0.0061354 0.0228918
v -0.0186899 -0.0071744 0.0228918
v -0.0184970 -0.0082354 0.0228918
v -0.0182695 -0.0093088 0.0228918
v -0.0179723 -0.0103763 0.0228918
v -0.0175768 -0.0114145 0.0228918
v -0.0170667 -0.0123997 0.0228918
v -0.0164400 -0.0133129 0.0228918
v -0.0157083 -0.0141438 0.0228918
v -0.0148928 -0.0148928 0.0228918
v -0.0140191 -0.0155698 0.0228918
v -0.0131108 -0.0161905 0.0228918
v -0.0121858 -0.0167723 0.0228918
v -0.0112528 -0.0173278 0.0228918
v -0.0103126 -0.0178619 0.0228918
v -0.0093594 -0.0183689 0.0228918
v -0.0083858 -0.0188347 0.0228918
v -0.0073855 -0.0192398 0.0228918
v -0.0063572 -0.0195654 0.0228918
v -0.0053051 -0.0197988 0.0228918
v -0.0042380 -0.0199381 0.0228918
v -0.0031668 -0.0199942 0.0228918
v -0.0021010 -0.0199893 0.0228918
v -0.0010457 -0.0199522 0.0228918
v -0.0000000 -0.0199124 0.0228918
v 0.0010425 -0.0198924 0.0228918
v 0.0020918 -0.0199021 0.0228918
v 0.0031575 -0.0199356 0.0228918
v 0.0042451 -0.0199714 0.0228918
v 0.0053527 -0.0199766 0.0228918
v 0.0064701 -0.0199128 0.0228918
v 0.0075793 -0.0197447 0.0228918
v 0.0086581 -0.0194465 0.0228918
v 0.0096848 -0.0190074 0.0228918
v 0.0106423 -0.0184330 0.0228918
v 0.0115228 -0.0177435 0.0228918
v 0.0123285 -0.0169687 0.0228918
v 0.0130712 -0.0161416 0.0228918
v 0.0137687 -0.0152917 0.0228918
v 0.0144398 -0.0144398 0.0228918
v 0.0150991 -0.0135953 0.0228918
v 0.0157529 -0.0127565 0.0228918
v 0.0163976 -0.0119135 0.0228918
v 0.0170202 -0.0110530 0.0228918
v 0.0176026 -0.0101628 0.0228918
v 0.0181260 -0.0092357 0.0228918
v 0.0185771 -0.0082711 0.0228918
v 0.0189516 -0.0072748 0.0228918
v 0.0192564 -0.0062568 0.0228918
v 0.0195082 -0.0052272 0.0228918
v 0.0197290 -0.0041935 0.0228918
v 0.0199404 -0.0031583 0.0228918
v 0.0201573 -0.0021186 0.0228918
v 0.0203824 -0.0010682 0.0228918
v 0.0236942 0.0000000 0.0239143
v 0.0239167 0.0012534 0.0239143
v 0.0240676 0.0025296 0.0239143
v 0.0241058 0.0038180 0.0239143
v 0.0239960 0.0051005 0.0239143
v 0.0237172 0.0063550 0.0239143
v 0.0232669 0.0075599 0.0239143
v 0.0226623 0.0086992 0.0239143
v 0.0219365 0.0097668 0.0239143
v 0.0211321 0.0107673 0.0239143
v 0.0202924 0.0117158 0.0239143
v 0.0194534 0.0126332 0.0239143
v 0.0186374 0.0135409 0.0239143
v 0.0178507 0.0144552 0.0239143
v 0.0170840 0.0153825 0.0239143
v 0.0163173 0.0163173 0.0239143
v 0.0155260 0.0172434 0.0239143
v 0.0146876 0.0181376 0.0239143
v 0.0137869 0.0189760 0.0239143
v 0.0128191 0.0197397 0.0239143
v 0.0117891 0.0204193 0.0239143
v 0.0107091 0.0210177 0.0239143
v 0.0095938 0.0215481 0.0239143
v 0.0084565 0.0220298 0.0239143
v 0.0073048 0.0224820 0.0239143
v 0.0061406 0.0229169 0.0239143
v 0.0049599 0.0233347 0.0239143
v 0.0037571 0.0237214 0.0239143
v 0.0025278 0.0240503 0.0239143
v 0.0012728 0.0242872 0.0239143
v 0.0000000 0.0243978 0.0239143
v -0.0012764 0.0243560 0.0239143
v -0.0025383 0.0241506 0.0239143
v -0.0037678 0.0237889 0.0239143
v -0.0049518 0.0232964 0.0239143
v -0.0060858 0.0227124 0.0239143
v -0.0071750 0.0220825 0.0239143
v -0.0082336 0.0214493 0.0239143
v -0.0092806 0.0208446 0.0239143
v -0.0103349 0.0202835 0.0239143
v -0.0114099 0.0197625 0.0239143
v -0.0125087 0.0192617 0.0239143
v -0.0136228 0.0187502 0.0239143
v -0.0147331 0.0181939 0.0239143
v -0.0158139 0.0175631 0.0239143
v -0.0168383 0.0168383 0.0239143
v -0.0177846 0.0160133 0.0239143
v -0.0186409 0.0150951 0.0239143
v -0.0194069 0.0141000 0.0239143
v -0.0200934 0.0130488 0.0239143
v -0.0207175 0.0119613 0.0239143
v -0.0212971 0.0108514 0.0239143
v -0.0218444 0.0097257 0.0239143
v -0.0223613 0.0085837 0.0239143
v -0.0228373 0.0074203 0.0239143
v -0.0232511 0.0062301 0.0239143
v -0.0235752 0.0050111 0.0239143
v -0.0237833 0.0037669 0.0239143
v -0.0238571 0.0025075 0.0239143
v -0.0237925 0.0012469 0.0239143
v -0.0236024 0.0000000 0.0239143
v -0.0233151 -0.0012219 0.0239143
v -0.0229699 -0.0024142 0.0239143
v -0.0226085 -0.0035808 0.0239143
v -0.0222670 -0.0047330 0.0239143
v -0.0219678 -0.0058863 0.0239143
v -0.0217148 -0.0070556 0.0239143
v -0.0214929 -0.0082504 0.0239143
v -0.0212711 -0.0094705 0.0239143
v -0.0210095 -0.0107049 0.0239143
v -0.0206677 -0.0119325 0.0239143
v -0.0202129 -0.0131264 0.0239143
v -0.0196263 -0.0142594 0.0239143
v -0.0189057 -0.0153095 0.0239143
v -0.0180642 -0.0162651 0.0239143
v -0.0171264 -0.0171264 0.0239143
v -0.0161216 -0.0179049 0.0239143
v -0.0150772 -0.0186187 0.0239143
v -0.0140133 -0.0192877 0.0239143
v -0.0129405 -0.0199266 0.0239143
v -0.0118592 -0.0205407 0.0239143
v -0.0107631 -0.0211239 0.0239143
v -0.0096434 -0.0216595 0.0239143
v -0.0084931 -0.0221254 0.0239143
v -0.0073106 -0.0224997 0.0239143
v -0.0061007 -0.0227681 0.0239143
v -0.0048736 -0.0229283 0.0239143
v -0.0036417 -0.0229929 0.0239143
v -0.0024161 -0.0229872 0.0239143
v -0.0012025 -0.0229446 0.0239143
v -0.0000000 -0.0228988 0.0239143
v 0.0011989 -0.0228758 0.0239143
v 0.0024055 -0.0228869 0.0239143
v 0.0036310 -0.0229254 0.0239143
v 0.0048817 -0.0229667 0.0239143
v 0.0061555 -0.0229726 0.0239143
v 0.0074404 -0.0228993 0.0239143
v 0.0087160 -0.0227059 0.0239143
v 0.0099567 -0.0223630 0.0239143
v 0.0111373 -0.0218581 0.0239143
v 0.0122384 -0.0211976 0.0239143
v 0.0132509 -0.0204046 0.0239143
v 0.0141775 -0.0195136 0.0239143
v 0.0150316 -0.0185625 0.0239143
v 0.0158337 -0.0175851 0.0239143
v 0.0166055 -0.0166055 0.0239143
v 0.0173637 -0.0156343 0.0239143
v 0.0181155 -0.0146697 0.0239143
v 0.0188568 -0.0137003 0.0239143
v 0.0195728 -0.0127108 0.0239143
v 0.0202426 -0.0116870 0.0239143
v 0.0208445 -0.0106208 0.0239143
v 0.0213632 -0.0095115 0.0239143
v 0.0217939 -0.0083659 0.0239143
v 0.0221445 -0.0071952 0.0239143
v 0.0224340 -0.0060112 0.0239143
v 0.0226879 -0.0048225 0.0239143
v 0.0229310 -0.0036319 0.0239143
v 0.0231805 -0.0024364 0.0239143
v 0.0234393 -0.0012284 0.0239143
v 0.0266318 0.0000000 0.0250799
v 0.0268818 0.0014088 0.0250799
v 0.0270515 0.0028432 0.0250799
v 0.0270944 0.0042913 0.0250799
v 0.0269710 0.0057329 0.0250799
v 0.0266576 0.0071429 0.0250799
v 0.0261515 0.0084971 0.0250799
v 0.0254719 0.0097778 0.0250799
v 0.0246561 0.0109776 0.0250799
v 0.0237520 0.0121022 0.0250799
v 0.0228082 0.0131683 0.0250799
v 0.0218651 0.0141994 0.0250799
v 0.0209481 0.0152197 0.0250799
v 0.0200638 0.0162474 0.0250799
v 0.0192021 0.0172896 0.0250799
v 0.0183403 0.0183403 0.0250799
v 0.0174509 0.0193812 0.0250799
v 0.0165085 0.0203863 0.0250799
v 0.0154962 0.0213287 0.0250799
v 0.0144084 0.0221869 0.0250799
v 0.0132507 0.0229509 0.0250799
v 0.0120368 0.0236235 0.0250799
v 0.0107833 0.0242196 0.0250799
v 0.0095049 0.0247610 0.0250799
v 0.0082105 0.0252693 0.0250799
v 0.0069019 0.0257581 0.0250799
v 0.0055749 0.0262277 0.0250799
v 0.0042229 0.0266624 0.0250799
v 0.0028412 0.0270320 0.0250799
v 0.0014306 0.0272983 0.0250799
v 0.0000000 0.0274226 0.0250799
v -0.0014347 0.0273756 0.0250799
v -0.0028530 0.0271447 0.0250799
v -0.0042349 0.0267382 0.0250799
v -0.0055657 0.0261846 0.0250799
v -0.0068403 0.0255283 0.0250799
v -0.0080646 0.0248202 0.0250799
v -0.0092544 0.0241085 0.0250799
v -0.0104312 0.0234288 0.0250799
v -0.0116163 0.0227982 0.0250799
v -0.0128245 0.0222126 0.0250799
v -0.0140595 0.0216497 0.0250799
v -0.0153117 0.0210748 0.0250799
v -0.0165597 0.0204495 0.0250799
v -0.0177744 0.0197405 0.0250799
v -0.0189258 0.0189258 0.0250799
v -0.0199895 0.0179986 0.0250799
v -0.0209519 0.0169665 0.0250799
v -0.0218130 0.0158481 0.0250799
v -0.0225846 0.0146666 0.0250799
v -0.0232860 0.0134442 0.0250799
v -0.0239374 0.0121967 0.0250799
v -0.0245526 0.0109315 0.0250799
v -0.0251336 0.0096479 0.0250799
v -0.0256686 0.0083402 0.0250799
v -0.0261337 0.0070025 0.0250799
v -0.0264980 0.0056323 0.0250799
v -0.0267319 0.0042339 0.0250799
v -0.0268148 0.0028183 0.0250799
v -0.0267422 0.0014015 0.0250799
v -0.0265285 0.0000000 0.0250799
v -0.0262057 -0.0013734 0.0250799
v -0.0258176 -0.0027135 0.0250799
v -0.0254115 -0.0040248 0.0250799
v -0.0250277 -0.0053198 0.0250799
v -0.0246913 -0.0066160 0.0250799
v -0.0244070 -0.0079303 0.0250799
v -0.0241576 -0.0092732 0.0250799
v -0.0239083 -0.0106446 0.0250799
v -0.0236143 -0.0120321 0.0250799
v -0.0232301 -0.0134119 0.0250799
v -0.0227189 -0.0147538 0.0250799
v -0.0220596 -0.0160272 0.0250799
v -0.0212495 -0.0172075 0.0250799
v -0.0203038 -0.0182816 0.0250799
v -0.0192497 -0.0192497 0.0250799
v -0.0181203 -0.0201247 0.0250799
v -0.0169464 -0.0209271 0.0250799
v -0.0157507 -0.0216790 0.0250799
v -0.0145448 -0.0223971 0.0250799
v -0.0133295 -0.0230873 0.0250799
v -0.0120975 -0.0237428 0.0250799
v -0.0108390 -0.0243448 0.0250799
v -0.0095461 -0.0248684 0.0250799
v -0.0082170 -0.0252892 0.0250799
v -0.0068570 -0.0255909 0.0250799
v -0.0054778 -0.0257710 0.0250799
v -0.0040932 -0.0258435 0.0250799
v -0.0027156 -0.0258371 0.0250799
v -0.0013516 -0.0257892 0.0250799
v -0.0000000 -0.0257378 0.0250799
v 0.0013475 -0.0257119 0.0250799
v 0.0027037 -0.0257244 0.0250799
v 0.0040812 -0.0257677 0.0250799
v 0.0054869 -0.0258140 0.0250799
v 0.0069186 -0.0258207 0.0250799
v 0.0083629 -0.0257383 0.0250799
v 0.0097966 -0.0255210 0.0250799
v 0.0111911 -0.0251356 0.0250799
v 0.0125180 -0.0245680 0.0250799
v 0.0137557 -0.0238256 0.0250799
v 0.0148937 -0.0229343 0.0250799
v 0.0159351 -0.0219328 0.0250799
v 0.0168952 -0.0208638 0.0250799
v 0.0177968 -0.0197653 0.0250799
v 0.0186642 -0.0186642 0.0250799
v 0.0195164 -0.0175726 0.0250799
v 0.0203614 -0.0164884 0.0250799
v 0.0211946 -0.0153988 0.0250799
v 0.0219994 -0.0142866 0.0250799
v 0.0227522 -0.0131360 0.0250799
v 0.0234288 -0.0119376 0.0250799
v 0.0240118 -0.0106908 0.0250799
v 0.0244959 -0.0094031 0.0250799
v 0.0248899 -0.0080872 0.0250799
v 0.0252153 -0.0067564 0.0250799
v 0.0255007 -0.0054203 0.0250799
v 0.0257740 -0.0040822 0.0250799
v 0.0260543 -0.0027384 0.0250799
v 0.0263453 -0.0013807 0.0250799
v 0.0293992 0.0000000 0.0263827
v 0.0296752 0.0015552 0.0263827
v 0.0298625 0.0031387 0.0263827
v 0.0299099 0.0047373 0.0263827
v 0.0297737 0.0063286 0.0263827
v 0.0294277 0.0078851 0.0263827
v 0.0288690 0.0093801 0.0263827
v 0.0281188 0.0107938 0.0263827
v 0.0272183 0.0121183 0.0263827
v 0.0262201 0.0133598 0.0263827
v 0.0251783 0.0145367 0.0263827
v 0.0241372 0.0156749 0.0263827
v 0.0231249 0.0168012 0.0263827
v 0.0221487 0.0179357 0.0263827
v 0.0211974 0.0190863 0.0263827
v 0.0202461 0.0202461 0.0263827
v 0.0192643 0.0213952 0.0263827
v 0.0182240 0.0225047 0.0263827
v 0.0171065 0.0235450 0.0263827
v 0.0159056 0.0244925 0.0263827
v 0.0146276 0.0253358 0.0263827
v 0.0132876 0.0260783 0.0263827
v 0.0119038 0.0267364 0.0263827
v 0.0104926 0.0273341 0.0263827
v 0.0090637 0.0278951 0.0263827
v 0.0076191 0.0284347 0.0263827
v 0.0061542 0.0289532 0.0263827
v 0.0046617 0.0294330 0.0263827
v 0.0031364 0.0298410 0.0263827
v 0.0015793 0.0301350 0.0263827
v 0.0000000 0.0302722 0.0263827
v -0.0015838 0.0302204 0.0263827
v -0.0031495 0.0299655 0.0263827
v -0.0046750 0.0295167 0.0263827
v -0.0061441 0.0289056 0.0263827
v -0.0075511 0.0281810 0.0263827
v -0.0089026 0.0273994 0.0263827
v -0.0102160 0.0266137 0.0263827
v -0.0115151 0.0258634 0.0263827
v -0.0128234 0.0251672 0.0263827
v -0.0141571 0.0245208 0.0263827
v -0.0155205 0.0238994 0.0263827
v -0.0169028 0.0232648 0.0263827
v -0.0182805 0.0225746 0.0263827
v -0.0196215 0.0217919 0.0263827
v -0.0208925 0.0208925 0.0263827
v -0.0220667 0.0198689 0.0263827
v -0.0231291 0.0187296 0.0263827
v -0.0240797 0.0174949 0.0263827
v -0.0249314 0.0161907 0.0263827
v -0.0257058 0.0148412 0.0263827
v -0.0264249 0.0134641 0.0263827
v -0.0271039 0.0120675 0.0263827
v -0.0277453 0.0106504 0.0263827
v -0.0283359 0.0092069 0.0263827
v -0.0288493 0.0077302 0.0263827
v -0.0292515 0.0062176 0.0263827
v -0.0295097 0.0046739 0.0263827
v -0.0296012 0.0031112 0.0263827
v -0.0295211 0.0015471 0.0263827
v -0.0292852 0.0000000 0.0263827
v -0.0289289 -0.0015161 0.0263827
v -0.0285005 -0.0029955 0.0263827
v -0.0280521 -0.0044430 0.0263827
v -0.0276284 -0.0058726 0.0263827
v -0.0272571 -0.0073035 0.0263827
v -0.0269432 -0.0087544 0.0263827
v -0.0266679 -0.0102368 0.0263827
v -0.0263927 -0.0117508 0.0263827
v -0.0260681 -0.0132824 0.0263827
v -0.0256440 -0.0148056 0.0263827
v -0.0250797 -0.0162869 0.0263827
v -0.0243519 -0.0176927 0.0263827
v -0.0234577 -0.0189956 0.0263827
v -0.0224136 -0.0201813 0.0263827
v -0.0212501 -0.0212501 0.0263827
v -0.0200033 -0.0222159 0.0263827
v -0.0187074 -0.0231017 0.0263827
v -0.0173874 -0.0239317 0.0263827
v -0.0160563 -0.0247245 0.0263827
v -0.0147146 -0.0254865 0.0263827
v -0.0133546 -0.0262100 0.0263827
v -0.0119653 -0.0268746 0.0263827
v -0.0105381 -0.0274526 0.0263827
v -0.0090708 -0.0279171 0.0263827
v -0.0075696 -0.0282501 0.0263827
v -0.0060470 -0.0284489 0.0263827
v -0.0045186 -0.0285290 0.0263827
v -0.0029978 -0.0285220 0.0263827
v -0.0014920 -0.0284691 0.0263827
v -0.0000000 -0.0284123 0.0263827
v 0.0014875 -0.0283837 0.0263827
v 0.0029847 -0.0283975 0.0263827
v 0.0045053 -0.0284453 0.0263827
v 0.0060571 -0.0284965 0.0263827
v 0.0076376 -0.0285038 0.0263827
v 0.0092319 -0.0284129 0.0263827
v 0.0108146 -0.0281730 0.0263827
v 0.0123540 -0.0277475 0.0263827
v 0.0138188 -0.0271210 0.0263827
v 0.0151851 -0.0263014 0.0263827
v 0.0164414 -0.0253175 0.0263827
v 0.0175910 -0.0242120 0.0263827
v 0.0186508 -0.0230319 0.0263827
v 0.0196461 -0.0218192 0.0263827
v 0.0206037 -0.0206037 0.0263827
v 0.0215444 -0.0193987 0.0263827
v 0.0224773 -0.0182018 0.0263827
v 0.0233971 -0.0169990 0.0263827
v 0.0242855 -0.0157712 0.0263827
v 0.0251165 -0.0145010 0.0263827
v 0.0258634 -0.0131780 0.0263827
v 0.0265070 -0.0118017 0.0263827
v 0.0270414 -0.0103802 0.0263827
v 0.0274763 -0.0089276 0.0263827
v 0.0278355 -0.0074585 0.0263827
v 0.0281505 -0.0059836 0.0263827
v 0.0284523 -0.0045064 0.0263827
v 0.0287618 -0.0030230 0.0263827
v 0.0290829 -0.0015242 0.0263827
v 0.0319805 0.0000000 0.0278160
v 0.0322807 0.0016918 0.0278160
v 0.0324845 0.0034143 0.0278160
v 0.0325360 0.0051532 0.0278160
v 0.0323879 0.0068843 0.0278160
v 0.0320115 0.0085775 0.0278160
v 0.0314038 0.0102037 0.0278160
v 0.0305877 0.0117415 0.0278160
v 0.0296081 0.0131824 0.0278160
v 0.0285223 0.0145328 0.0278160
v 0.0273890 0.0158130 0.0278160
v 0.0262565 0.0170512 0.0278160
v 0.0251553 0.0182764 0.0278160
v 0.0240934 0.0195105 0.0278160
v 0.0230586 0.0207621 0.0278160
v 0.0220238 0.0220238 0.0278160
v 0.0209557 0.0232737 0.0278160
v 0.0198241 0.0244807 0.0278160
v 0.0186084 0.0256123 0.0278160
v 0.0173021 0.0266430 0.0278160
v 0.0159120 0.0275603 0.0278160
v 0.0144542 0.0283680 0.0278160
v 0.0129490 0.0290839 0.0278160
v 0.0114138 0.0297340 0.0278160
v 0.0098595 0.0303444 0.0278160
v 0.0082880 0.0309314 0.0278160
v 0.0066945 0.0314953 0.0278160
v 0.0050710 0.0320172 0.0278160
v 0.0034118 0.0324611 0.0278160
v 0.0017180 0.0327809 0.0278160
v 0.0000000 0.0329302 0.0278160
v -0.0017228 0.0328738 0.0278160
v -0.0034260 0.0325965 0.0278160
v -0.0050855 0.0321083 0.0278160
v -0.0066835 0.0314436 0.0278160
v -0.0082141 0.0306554 0.0278160
v -0.0096843 0.0298051 0.0278160
v -0.0111130 0.0289504 0.0278160
v -0.0125262 0.0281343 0.0278160
v -0.0139493 0.0273770 0.0278160
v -0.0154001 0.0266738 0.0278160
v -0.0168832 0.0259978 0.0278160
v -0.0183869 0.0253074 0.0278160
v -0.0198856 0.0245566 0.0278160
v -0.0213443 0.0237052 0.0278160
v -0.0227269 0.0227269 0.0278160
v -0.0240042 0.0216134 0.0278160
v -0.0251599 0.0203741 0.0278160
v -0.0261939 0.0190310 0.0278160
v -0.0271205 0.0176122 0.0278160
v -0.0279628 0.0161443 0.0278160
v -0.0287450 0.0146463 0.0278160
v -0.0294837 0.0131270 0.0278160
v -0.0301814 0.0115856 0.0278160
v -0.0308239 0.0100153 0.0278160
v -0.0313824 0.0084089 0.0278160
v -0.0318199 0.0067635 0.0278160
v -0.0321007 0.0050843 0.0278160
v -0.0322003 0.0033844 0.0278160
v -0.0321131 0.0016830 0.0278160
v -0.0318565 0.0000000 0.0278160
v -0.0314689 -0.0016492 0.0278160
v -0.0310029 -0.0032585 0.0278160
v -0.0305151 -0.0048331 0.0278160
v -0.0300542 -0.0063882 0.0278160
v -0.0296503 -0.0079448 0.0278160
v -0.0293089 -0.0095230 0.0278160
v -0.0290094 -0.0111356 0.0278160
v -0.0287100 -0.0127825 0.0278160
v -0.0283570 -0.0144486 0.0278160
v -0.0278956 -0.0161055 0.0278160
v -0.0272817 -0.0177170 0.0278160
v -0.0264900 -0.0192461 0.0278160
v -0.0255173 -0.0206635 0.0278160
v -0.0243816 -0.0219533 0.0278160
v -0.0231159 -0.0231159 0.0278160
v -0.0217596 -0.0241665 0.0278160
v -0.0203499 -0.0251300 0.0278160
v -0.0189141 -0.0260330 0.0278160
v -0.0174660 -0.0268953 0.0278160
v -0.0160066 -0.0277242 0.0278160
v -0.0145272 -0.0285112 0.0278160
v -0.0130159 -0.0292342 0.0278160
v -0.0114633 -0.0298630 0.0278160
v -0.0098673 -0.0303683 0.0278160
v -0.0082342 -0.0307305 0.0278160
v -0.0065779 -0.0309468 0.0278160
v -0.0049153 -0.0310339 0.0278160
v -0.0032610 -0.0310262 0.0278160
v -0.0016230 -0.0309687 0.0278160
v -0.0000000 -0.0309069 0.0278160
v 0.0016181 -0.0308758 0.0278160
v 0.0032468 -0.0308909 0.0278160
v 0.0049009 -0.0309429 0.0278160
v 0.0065889 -0.0309985 0.0278160
v 0.0083082 -0.0310065 0.0278160
v 0.0100425 -0.0309076 0.0278160
v 0.0117641 -0.0306466 0.0278160
v 0.0134387 -0.0301838 0.0278160
v 0.0150322 -0.0295023 0.0278160
v 0.0165184 -0.0286107 0.0278160
v 0.0178850 -0.0275405 0.0278160
v 0.0191356 -0.0263378 0.0278160
v 0.0202884 -0.0250541 0.0278160
v 0.0213711 -0.0237350 0.0278160
v 0.0224127 -0.0224127 0.0278160
v 0.0234360 -0.0211019 0.0278160
v 0.0244508 -0.0197999 0.0278160
v 0.0254514 -0.0184915 0.0278160
v 0.0264178 -0.0171559 0.0278160
v 0.0273217 -0.0157742 0.0278160
v 0.0281342 -0.0143351 0.0278160
v 0.0288344 -0.0128379 0.0278160
v 0.0294156 -0.0112916 0.0278160
v 0.0298888 -0.0097115 0.0278160
v 0.0302795 -0.0081134 0.0278160
v 0.0306222 -0.0065090 0.0278160
v 0.0309504 -0.0049021 0.0278160
v 0.0312871 -0.0032884 0.0278160
v 0.0316364 -0.0016580 0.0278160
v 0.0343614 0.0000000 0.0293726
v 0.0346840 0.0018177 0.0293726
v 0.0349029 0.0036684 0.0293726
v 0.0349582 0.0055368 0.0293726
v 0.0347991 0.0073968 0.0293726
v 0.0343947 0.0092160 0.0293726
v 0.0337417 0.0109634 0.0293726
v 0.0328649 0.0126156 0.0293726
v 0.0318123 0.0141638 0.0293726
v 0.0306457 0.0156148 0.0293726
v 0.0294280 0.0169903 0.0293726
v 0.0282113 0.0183206 0.0293726
v 0.0270280 0.0196370 0.0293726
v 0.0258871 0.0209630 0.0293726
v 0.0247753 0.0223078 0.0293726
v 0.0236634 0.0236634 0.0293726
v 0.0225158 0.0250064 0.0293726
v 0.0212999 0.0263032 0.0293726
v 0.0199938 0.0275191 0.0293726
v 0.0185903 0.0286265 0.0293726
v 0.0170966 0.0296121 0.0293726
v 0.0155303 0.0304799 0.0293726
v 0.0139130 0.0312491 0.0293726
v 0.0122636 0.0319477 0.0293726
v 0.0105935 0.0326034 0.0293726
v 0.0089051 0.0332341 0.0293726
v 0.0071929 0.0338400 0.0293726
v 0.0054486 0.0344008 0.0293726
v 0.0036658 0.0348778 0.0293726
v 0.0018459 0.0352213 0.0293726
v 0.0000000 0.0353817 0.0293726
v -0.0018511 0.0353211 0.0293726
v -0.0036811 0.0350232 0.0293726
v -0.0054641 0.0344987 0.0293726
v -0.0071811 0.0337845 0.0293726
v -0.0088256 0.0329376 0.0293726
v -0.0104052 0.0320240 0.0293726
v -0.0119404 0.0311057 0.0293726
v -0.0134587 0.0302288 0.0293726
v -0.0149878 0.0294151 0.0293726
v -0.0165466 0.0286596 0.0293726
v -0.0181401 0.0279333 0.0293726
v -0.0197558 0.0271915 0.0293726
v -0.0213660 0.0263848 0.0293726
v -0.0229333 0.0254700 0.0293726
v -0.0244189 0.0244189 0.0293726
v -0.0257912 0.0232225 0.0293726
v -0.0270330 0.0218909 0.0293726
v -0.0281440 0.0204478 0.0293726
v -0.0291395 0.0189234 0.0293726
v -0.0300446 0.0173462 0.0293726
v -0.0308850 0.0157367 0.0293726
v -0.0316787 0.0141043 0.0293726
v -0.0324283 0.0124481 0.0293726
v -0.0331187 0.0107609 0.0293726
v -0.0337187 0.0090349 0.0293726
v -0.0341888 0.0072671 0.0293726
v -0.0344905 0.0054628 0.0293726
v -0.0345975 0.0036363 0.0293726
v -0.0345039 0.0018083 0.0293726
v -0.0342282 0.0000000 0.0293726
v -0.0338116 -0.0017720 0.0293726
v -0.0333110 -0.0035011 0.0293726
v -0.0327869 -0.0051929 0.0293726
v -0.0322917 -0.0068638 0.0293726
v -0.0318577 -0.0085363 0.0293726
v -0.0314909 -0.0102320 0.0293726
v -0.0311690 -0.0119647 0.0293726
v -0.0308474 -0.0137342 0.0293726
v -0.0304681 -0.0155243 0.0293726
v -0.0299723 -0.0173045 0.0293726
v -0.0293128 -0.0190360 0.0293726
v -0.0284621 -0.0206789 0.0293726
v -0.0274170 -0.0222019 0.0293726
v -0.0261967 -0.0235876 0.0293726
v -0.0248368 -0.0248368 0.0293726
v -0.0233796 -0.0259657 0.0293726
v -0.0218649 -0.0270009 0.0293726
v -0.0203222 -0.0279711 0.0293726
v -0.0187663 -0.0288976 0.0293726
v -0.0171982 -0.0297882 0.0293726
v -0.0156087 -0.0306338 0.0293726
v -0.0139849 -0.0314106 0.0293726
v -0.0123168 -0.0320862 0.0293726
v -0.0106019 -0.0326292 0.0293726
v -0.0088472 -0.0330183 0.0293726
v -0.0070677 -0.0332507 0.0293726
v -0.0052812 -0.0333443 0.0293726
v -0.0035038 -0.0333361 0.0293726
v -0.0017438 -0.0332743 0.0293726
v -0.0000000 -0.0332079 0.0293726
v 0.0017386 -0.0331745 0.0293726
v 0.0034885 -0.0331906 0.0293726
v 0.0052657 -0.0332465 0.0293726
v 0.0070795 -0.0333063 0.0293726
v 0.0089267 -0.0333149 0.0293726
v 0.0107901 -0.0332086 0.0293726
v 0.0126399 -0.0329282 0.0293726
v 0.0144392 -0.0324309 0.0293726
v 0.0161513 -0.0316987 0.0293726
v 0.0177482 -0.0307407 0.0293726
v 0.0192165 -0.0295908 0.0293726
v 0.0205602 -0.0282986 0.0293726
v 0.0217988 -0.0269193 0.0293726
v 0.0229621 -0.0255020 0.0293726
v 0.0240813 -0.0240813 0.0293726
v 0.0251808 -0.0226729 0.0293726
v 0.0262711 -0.0212740 0.0293726
v 0.0273462 -0.0198682 0.0293726
v 0.0283846 -0.0184332 0.0293726
v 0.0293558 -0.0169486 0.0293726
v 0.0302288 -0.0154023 0.0293726
v 0.0309810 -0.0137936 0.0293726
v 0.0316056 -0.0121322 0.0293726
v 0.0321139 -0.0104344 0.0293726
v 0.0325338 -0.0087174 0.0293726
v 0.0329020 -0.0069935 0.0293726
v 0.0332546 -0.0052670 0.0293726
v 0.0336163 -0.0035332 0.0293726
v 0.0339917 -0.0017814 0.0293726
v 0.0365294 0.0000000 0.0310445
v 0.0368723 0.0019324 0.0310445
v 0.0371050 0.0038999 0.0310445
v 0.0371638 0.0058862 0.0310445
v 0.0369946 0.0078634 0.0310445
v 0.0365648 0.0097975 0.0310445
v 0.0358706 0.0116551 0.0310445
v 0.0349384 0.0134116 0.0310445
v 0.0338194 0.0150574 0.0310445
v 0.0325792 0.0165999 0.0310445
v 0.0312847 0.0180622 0.0310445
v 0.0299912 0.0194765 0.0310445
v 0.0287333 0.0208760 0.0310445
v 0.0275204 0.0222856 0.0310445
v 0.0263384 0.0237152 0.0310445
v 0.0251564 0.0251564 0.0310445
v 0.0239364 0.0265841 0.0310445
v 0.0226438 0.0279627 0.0310445
v 0.0212552 0.0292553 0.0310445
v 0.0197632 0.0304326 0.0310445
v 0.0181752 0.0314804 0.0310445
v 0.0165101 0.0324030 0.0310445
v 0.0147908 0.0332207 0.0310445
v 0.0130373 0.0339633 0.0310445
v 0.0112619 0.0346605 0.0310445
v 0.0094669 0.0353309 0.0310445
v 0.0076467 0.0359751 0.0310445
v 0.0057923 0.0365713 0.0310445
v 0.0038971 0.0370783 0.0310445
v 0.0019623 0.0374435 0.0310445
v 0.0000000 0.0376140 0.0310445
v -0.0019679 0.0375496 0.0310445
v -0.0039133 0.0372329 0.0310445
v -0.0058088 0.0366753 0.0310445
v -0.0076342 0.0359160 0.0310445
v -0.0093824 0.0350157 0.0310445
v -0.0110617 0.0340445 0.0310445
v -0.0126937 0.0330683 0.0310445
v -0.0143079 0.0321360 0.0310445
v -0.0159334 0.0312710 0.0310445
v -0.0175906 0.0304678 0.0310445
v -0.0192846 0.0296957 0.0310445
v -0.0210022 0.0289071 0.0310445
v -0.0227140 0.0280495 0.0310445
v -0.0243802 0.0270770 0.0310445
v -0.0259595 0.0259595 0.0310445
v -0.0274184 0.0246877 0.0310445
v -0.0287386 0.0232720 0.0310445
v -0.0299196 0.0217379 0.0310445
v -0.0309780 0.0201173 0.0310445
v -0.0319401 0.0184407 0.0310445
v -0.0328336 0.0167296 0.0310445
v -0.0336774 0.0149941 0.0310445
v -0.0344743 0.0132335 0.0310445
v -0.0352082 0.0114398 0.0310445
v -0.0358461 0.0096049 0.0310445
v -0.0363458 0.0077255 0.0310445
v -0.0366666 0.0058074 0.0310445
v -0.0367804 0.0038658 0.0310445
v -0.0366808 0.0019224 0.0310445
v -0.0363877 0.0000000 0.0310445
v -0.0359449 -0.0018838 0.0310445
v -0.0354126 -0.0037220 0.0310445
v -0.0348555 -0.0055206 0.0310445
v -0.0343290 -0.0072969 0.0310445
v -0.0338677 -0.0090748 0.0310445
v -0.0334777 -0.0108776 0.0310445
v -0.0331356 -0.0127196 0.0310445
v -0.0327936 -0.0146007 0.0310445
v -0.0323904 -0.0165037 0.0310445
v -0.0318634 -0.0183963 0.0310445
v -0.0311622 -0.0202370 0.0310445
v -0.0302579 -0.0219836 0.0310445
v -0.0291468 -0.0236026 0.0310445
v -0.0278495 -0.0250758 0.0310445
v -0.0264038 -0.0264038 0.0310445
v -0.0248546 -0.0276039 0.0310445
v -0.0232444 -0.0287045 0.0310445
v -0.0216043 -0.0297358 0.0310445
v -0.0199503 -0.0307208 0.0310445
v -0.0182833 -0.0316676 0.0310445
v -0.0165935 -0.0325666 0.0310445
v -0.0148673 -0.0333924 0.0310445
v -0.0130938 -0.0341106 0.0310445
v -0.0112708 -0.0346878 0.0310445
v -0.0094054 -0.0351015 0.0310445
v -0.0075136 -0.0353486 0.0310445
v -0.0056144 -0.0354481 0.0310445
v -0.0037248 -0.0354393 0.0310445
v -0.0018539 -0.0353736 0.0310445
v -0.0000000 -0.0353030 0.0310445
v 0.0018483 -0.0352675 0.0310445
v 0.0037086 -0.0352847 0.0310445
v 0.0055980 -0.0353441 0.0310445
v 0.0075261 -0.0354077 0.0310445
v 0.0094899 -0.0354168 0.0310445
v 0.0114709 -0.0353038 0.0310445
v 0.0134374 -0.0350057 0.0310445
v 0.0153502 -0.0344771 0.0310445
v 0.0171703 -0.0336986 0.0310445
v 0.0188680 -0.0326802 0.0310445
v 0.0204289 -0.0314577 0.0310445
v 0.0218574 -0.0300841 0.0310445
v 0.0231742 -0.0286177 0.0310445
v 0.0244108 -0.0271110 0.0310445
v 0.0256007 -0.0256007 0.0310445
v 0.0267695 -0.0241034 0.0310445
v 0.0279287 -0.0226162 0.0310445
v 0.0290715 -0.0211217 0.0310445
v 0.0301754 -0.0195961 0.0310445
v 0.0312079 -0.0180179 0.0310445
v 0.0321360 -0.0163741 0.0310445
v 0.0329357 -0.0146639 0.0310445
v 0.0335996 -0.0128977 0.0310445
v 0.0341401 -0.0110928 0.0310445
v 0.0345864 -0.0092674 0.0310445
v 0.0349778 -0.0074348 0.0310445
v 0.0353527 -0.0055993 0.0310445
v 0.0357373 -0.0037561 0.0310445
v 0.0361363 -0.0018938 0.0310445
v 0.0384737 0.0000000 0.0328231
v 0.0388348 0.0020352 0.0328231
v 0.0390800 0.0041075 0.0328231
v 0.0391419 0.0061995 0.0328231
v 0.0389637 0.0082820 0.0328231
v 0.0385110 0.0103190 0.0328231
v 0.0377798 0.0122754 0.0328231
v 0.0367980 0.0141254 0.0328231
v 0.0356195 0.0158588 0.0328231
v 0.0343133 0.0174835 0.0328231
v 0.0329499 0.0190236 0.0328231
v 0.0315875 0.0205132 0.0328231
v 0.0302627 0.0219871 0.0328231
v 0.0289852 0.0234718 0.0328231
v 0.0277403 0.0249775 0.0328231
v 0.0264954 0.0264954 0.0328231
v 0.0252105 0.0279990 0.0328231
v 0.0238490 0.0294511 0.0328231
v 0.0223866 0.0308125 0.0328231
v 0.0208151 0.0320524 0.0328231
v 0.0191426 0.0331560 0.0328231
v 0.0173889 0.0341277 0.0328231
v 0.0155781 0.0349889 0.0328231
v 0.0137312 0.0357711 0.0328231
v 0.0118613 0.0365053 0.0328231
v 0.0099708 0.0372115 0.0328231
v 0.0080538 0.0378899 0.0328231
v 0.0061006 0.0385178 0.0328231
v 0.0041045 0.0390519 0.0328231
v 0.0020668 0.0394365 0.0328231
v 0.0000000 0.0396161 0.0328231
v -0.0020726 0.0395483 0.0328231
v -0.0041216 0.0392147 0.0328231
v -0.0061180 0.0386274 0.0328231
v -0.0080405 0.0378277 0.0328231
v -0.0098818 0.0368795 0.0328231
v -0.0116505 0.0358566 0.0328231
v -0.0133694 0.0348284 0.0328231
v -0.0150694 0.0338465 0.0328231
v -0.0167814 0.0329354 0.0328231
v -0.0185269 0.0320895 0.0328231
v -0.0203110 0.0312763 0.0328231
v -0.0221201 0.0304457 0.0328231
v -0.0239230 0.0295425 0.0328231
v -0.0256779 0.0285182 0.0328231
v -0.0273412 0.0273412 0.0328231
v -0.0288778 0.0260017 0.0328231
v -0.0302682 0.0245107 0.0328231
v -0.0315122 0.0228949 0.0328231
v -0.0326269 0.0211881 0.0328231
v -0.0336402 0.0194222 0.0328231
v -0.0345813 0.0176200 0.0328231
v -0.0354699 0.0157922 0.0328231
v -0.0363093 0.0139378 0.0328231
v -0.0370822 0.0120487 0.0328231
v -0.0377541 0.0101162 0.0328231
v -0.0382804 0.0081368 0.0328231
v -0.0386182 0.0061165 0.0328231
v -0.0387381 0.0040715 0.0328231
v -0.0386332 0.0020247 0.0328231
v -0.0383245 0.0000000 0.0328231
v -0.0378581 -0.0019841 0.0328231
v -0.0372975 -0.0039201 0.0328231
v -0.0367107 -0.0058144 0.0328231
v -0.0361563 -0.0076853 0.0328231
v -0.0356704 -0.0095579 0.0328231
v -0.0352596 -0.0114565 0.0328231
v -0.0348993 -0.0133966 0.0328231
v -0.0345391 -0.0153778 0.0328231
v -0.0341144 -0.0173821 0.0328231
v -0.0335593 -0.0193755 0.0328231
v -0.0328209 -0.0213141 0.0328231
v -0.0318684 -0.0231537 0.0328231
v -0.0306982 -0.0248589 0.0328231
v -0.0293319 -0.0264105 0.0328231
v -0.0278092 -0.0278092 0.0328231
v -0.0261776 -0.0290731 0.0328231
v -0.0244816 -0.0302323 0.0328231
v -0.0227543 -0.0313186 0.0328231
v -0.0210122 -0.0323560 0.0328231
v -0.0192565 -0.0333532 0.0328231
v -0.0174767 -0.0343000 0.0328231
v -0.0156586 -0.0351698 0.0328231
v -0.0137908 -0.0359262 0.0328231
v -0.0118707 -0.0365341 0.0328231
v -0.0099060 -0.0369699 0.0328231
v -0.0079135 -0.0372301 0.0328231
v -0.0059133 -0.0373349 0.0328231
v -0.0039231 -0.0373256 0.0328231
v -0.0019525 -0.0372565 0.0328231
v -0.0000000 -0.0371821 0.0328231
v 0.0019467 -0.0371447 0.0328231
v 0.0039060 -0.0371628 0.0328231
v 0.0058959 -0.0372253 0.0328231
v 0.0079267 -0.0372923 0.0328231
v 0.0099950 -0.0373019 0.0328231
v 0.0120814 -0.0371829 0.0328231
v 0.0141527 -0.0368689 0.0328231
v 0.0161672 -0.0363121 0.0328231
v 0.0180842 -0.0354923 0.0328231
v 0.0198722 -0.0344197 0.0328231
v 0.0215163 -0.0331321 0.0328231
v 0.0230207 -0.0316853 0.0328231
v 0.0244076 -0.0301409 0.0328231
v 0.0257101 -0.0285540 0.0328231
v 0.0269633 -0.0269633 0.0328231
v 0.0281944 -0.0253863 0.0328231
v 0.0294152 -0.0238200 0.0328231
v 0.0306189 -0.0222459 0.0328231
v 0.0317815 -0.0206392 0.0328231
v 0.0328690 -0.0189769 0.0328231
v 0.0338464 -0.0172456 0.0328231
v 0.0346887 -0.0154444 0.0328231
v 0.0353880 -0.0135842 0.0328231
v 0.0359572 -0.0116832 0.0328231
v 0.0364273 -0.0097607 0.0328231
v 0.0368396 -0.0078305 0.0328231
v 0.0372344 -0.0058974 0.0328231
v 0.0376394 -0.0039561 0.0328231
v 0.0380597 -0.0019946 0.0328231
v 0.0401857 0.0000000 0.0346995
v 0.0405629 0.0021258 0.0346995
v 0.0408189 0.0042902 0.0346995
v 0.0408836 0.0064753 0.0346995
v 0.0406975 0.0086505 0.0346995
v 0.0402246 0.0107782 0.0346995
v 0.0394609 0.0128216 0.0346995
v 0.0384354 0.0147540 0.0346995
v 0.0372045 0.0165645 0.0346995
v 0.0358402 0.0182615 0.0346995
v 0.0344160 0.0198701 0.0346995
v 0.0329931 0.0214259 0.0346995
v 0.0316093 0.0229655 0.0346995
v 0.0302750 0.0245162 0.0346995
v 0.0289747 0.0260889 0.0346995
v 0.0276743 0.0276743 0.0346995
v 0.0263322 0.0292449 0.0346995
v 0.0249102 0.0307616 0.0346995
v 0.0233827 0.0321835 0.0346995
v 0.0217413 0.0334786 0.0346995
v 0.0199944 0.0346314 0.0346995
v 0.0181627 0.0356463 0.0346995
v 0.0162712 0.0365458 0.0346995
v 0.0143422 0.0373628 0.0346995
v 0.0123891 0.0381297 0.0346995
v 0.0104145 0.0388673 0.0346995
v 0.0084121 0.0395759 0.0346995
v 0.0063721 0.0402317 0.0346995
v 0.0042872 0.0407896 0.0346995
v 0.0021587 0.0411913 0.0346995
v 0.0000000 0.0413789 0.0346995
v -0.0021649 0.0413080 0.0346995
v -0.0043050 0.0409596 0.0346995
v -0.0063902 0.0403462 0.0346995
v -0.0083983 0.0395109 0.0346995
v -0.0103215 0.0385205 0.0346995
v -0.0121689 0.0374521 0.0346995
v -0.0139643 0.0363781 0.0346995
v -0.0157400 0.0353526 0.0346995
v -0.0175282 0.0344010 0.0346995
v -0.0193513 0.0335174 0.0346995
v -0.0212148 0.0326680 0.0346995
v -0.0231044 0.0318005 0.0346995
v -0.0249875 0.0308570 0.0346995
v -0.0268205 0.0297872 0.0346995
v -0.0285579 0.0285579 0.0346995
v -0.0301628 0.0271587 0.0346995
v -0.0316151 0.0256014 0.0346995
v -0.0329144 0.0239137 0.0346995
v -0.0340787 0.0221309 0.0346995
v -0.0351371 0.0202864 0.0346995
v -0.0361200 0.0184041 0.0346995
v -0.0370482 0.0164949 0.0346995
v -0.0379249 0.0145580 0.0346995
v -0.0387322 0.0125849 0.0346995
v -0.0394340 0.0105663 0.0346995
v -0.0399838 0.0084988 0.0346995
v -0.0403366 0.0063887 0.0346995
v -0.0404618 0.0042527 0.0346995
v -0.0403523 0.0021148 0.0346995
v -0.0400298 0.0000000 0.0346995
v -0.0395427 -0.0020723 0.0346995
v -0.0389571 -0.0040946 0.0346995
v -0.0383443 -0.0060731 0.0346995
v -0.0377651 -0.0080272 0.0346995
v -0.0372576 -0.0099831 0.0346995
v -0.0368285 -0.0119663 0.0346995
v -0.0364522 -0.0139927 0.0346995
v -0.0360760 -0.0160621 0.0346995
v -0.0356324 -0.0181556 0.0346995
v -0.0350526 -0.0202376 0.0346995
v -0.0342813 -0.0222625 0.0346995
v -0.0332864 -0.0241840 0.0346995
v -0.0320642 -0.0259650 0.0346995
v -0.0306371 -0.0275857 0.0346995
v -0.0290466 -0.0290466 0.0346995
v -0.0273424 -0.0303668 0.0346995
v -0.0255710 -0.0315776 0.0346995
v -0.0237668 -0.0327121 0.0346995
v -0.0219472 -0.0337957 0.0346995
v -0.0201133 -0.0348373 0.0346995
v -0.0182544 -0.0358263 0.0346995
v -0.0163553 -0.0367347 0.0346995
v -0.0144044 -0.0375248 0.0346995
v -0.0123989 -0.0381598 0.0346995
v -0.0103468 -0.0386149 0.0346995
v -0.0082656 -0.0388867 0.0346995
v -0.0061764 -0.0389962 0.0346995
v -0.0040976 -0.0389865 0.0346995
v -0.0020394 -0.0389143 0.0346995
v -0.0000000 -0.0388366 0.0346995
v 0.0020333 -0.0387975 0.0346995
v 0.0040798 -0.0388164 0.0346995
v 0.0061583 -0.0388817 0.0346995
v 0.0082794 -0.0389517 0.0346995
v 0.0104398 -0.0389617 0.0346995
v 0.0126190 -0.0388374 0.0346995
v 0.0147824 -0.0385095 0.0346995
v 0.0168866 -0.0379279 0.0346995
v 0.0188889 -0.0370716 0.0346995
v 0.0207565 -0.0359513 0.0346995
v 0.0224737 -0.0346064 0.0346995
v 0.0240451 -0.0330952 0.0346995
v 0.0254937 -0.0314821 0.0346995
v 0.0268542 -0.0298246 0.0346995
v 0.0281631 -0.0281631 0.0346995
v 0.0294489 -0.0265159 0.0346995
v 0.0307241 -0.0248799 0.0346995
v 0.0319813 -0.0232358 0.0346995
v 0.0331957 -0.0215576 0.0346995
v 0.0343316 -0.0198213 0.0346995
v 0.0353525 -0.0180130 0.0346995
v 0.0362323 -0.0161316 0.0346995
v 0.0369627 -0.0141886 0.0346995
v 0.0375572 -0.0122031 0.0346995
v 0.0380482 -0.0101950 0.0346995
v 0.0384788 -0.0081789 0.0346995
v 0.0388913 -0.0061598 0.0346995
v 0.0393143 -0.0041321 0.0346995
v 0.0397533 -0.0020834 0.0346995
v 0.0416584 0.0000000 0.0366640
v 0.0420495 0.0022037 0.0366640
v 0.0423149 0.0044475 0.0366640
v 0.0423820 0.0067126 0.0366640
v 0.0421890 0.0089676 0.0366640
v 0.0416988 0.0111732 0.0366640
v 0.0409071 0.0132915 0.0366640
v 0.0398441 0.0152947 0.0366640
v 0.0385680 0.0171716 0.0366640
v 0.0371537 0.0189307 0.0366640
v 0.0356773 0.0205983 0.0366640
v 0.0342022 0.0222112 0.0366640
v 0.0327677 0.0238071 0.0366640
v 0.0313845 0.0254147 0.0366640
v 0.0300366 0.0270450 0.0366640
v 0.0286886 0.0286886 0.0366640
v 0.0272973 0.0303167 0.0366640
v 0.0258232 0.0318890 0.0366640
v 0.0242397 0.0333630 0.0366640
v 0.0225381 0.0347056 0.0366640
v 0.0207272 0.0359006 0.0366640
v 0.0188283 0.0369527 0.0366640
v 0.0168676 0.0378852 0.0366640
v 0.0148679 0.0387321 0.0366640
v 0.0128431 0.0395271 0.0366640
v 0.0107961 0.0402917 0.0366640
v 0.0087204 0.0410263 0.0366640
v 0.0066056 0.0417062 0.0366640
v 0.0044443 0.0422845 0.0366640
v 0.0022379 0.0427009 0.0366640
v 0.0000000 0.0428954 0.0366640
v -0.0022442 0.0428219 0.0366640
v -0.0044628 0.0424608 0.0366640
v -0.0066244 0.0418248 0.0366640
v -0.0087061 0.0409589 0.0366640
v -0.0106998 0.0399322 0.0366640
v -0.0126149 0.0388247 0.0366640
v -0.0144760 0.0377114 0.0366640
v -0.0163168 0.0366482 0.0366640
v -0.0181706 0.0356617 0.0366640
v -0.0200605 0.0347458 0.0366640
v -0.0219923 0.0338652 0.0366640
v -0.0239511 0.0329659 0.0366640
v -0.0259033 0.0319879 0.0366640
v -0.0278034 0.0308788 0.0366640
v -0.0296045 0.0296045 0.0366640
v -0.0312682 0.0281541 0.0366640
v -0.0327737 0.0265396 0.0366640
v -0.0341206 0.0247901 0.0366640
v -0.0353276 0.0229420 0.0366640
v -0.0364248 0.0210299 0.0366640
v -0.0374438 0.0190786 0.0366640
v -0.0384060 0.0170995 0.0366640
v -0.0393148 0.0150915 0.0366640
v -0.0401517 0.0130461 0.0366640
v -0.0408792 0.0109536 0.0366640
v -0.0414491 0.0088103 0.0366640
v -0.0418149 0.0066228 0.0366640
v -0.0419447 0.0044086 0.0366640
v -0.0418312 0.0021923 0.0366640
v -0.0414969 0.0000000 0.0366640
v -0.0409919 -0.0021483 0.0366640
v -0.0403849 -0.0042446 0.0366640
v -0.0397495 -0.0062957 0.0366640
v -0.0391492 -0.0083214 0.0366640
v -0.0386231 -0.0103490 0.0366640
v -0.0381783 -0.0124049 0.0366640
v -0.0377881 -0.0145055 0.0366640
v -0.0373982 -0.0166507 0.0366640
v -0.0369383 -0.0188210 0.0366640
v -0.0363373 -0.0209793 0.0366640
v -0.0355377 -0.0230784 0.0366640
v -0.0345063 -0.0250703 0.0366640
v -0.0332393 -0.0269166 0.0366640
v -0.0317599 -0.0285967 0.0366640
v -0.0301111 -0.0301111 0.0366640
v -0.0283445 -0.0314797 0.0366640
v -0.0265082 -0.0327348 0.0366640
v -0.0246378 -0.0339110 0.0366640
v -0.0227515 -0.0350343 0.0366640
v -0.0208505 -0.0361140 0.0366640
v -0.0189234 -0.0371393 0.0366640
v -0.0169548 -0.0380810 0.0366640
v -0.0149323 -0.0389001 0.0366640
v -0.0128533 -0.0395583 0.0366640
v -0.0107260 -0.0400301 0.0366640
v -0.0085685 -0.0403118 0.0366640
v -0.0064027 -0.0404253 0.0366640
v -0.0042478 -0.0404153 0.0366640
v -0.0021142 -0.0403404 0.0366640
v -0.0000000 -0.0402599 0.0366640
v 0.0021078 -0.0402194 0.0366640
v 0.0042293 -0.0402390 0.0366640
v 0.0063840 -0.0403067 0.0366640
v 0.0085829 -0.0403792 0.0366640
v 0.0108224 -0.0403896 0.0366640
v 0.0130815 -0.0402607 0.0366640
v 0.0153242 -0.0399208 0.0366640
v 0.0175055 -0.0393180 0.0366640
v 0.0195812 -0.0384302 0.0366640
v 0.0215172 -0.0372689 0.0366640
v 0.0232973 -0.0358747 0.0366640
v 0.0249263 -0.0343081 0.0366640
v 0.0264280 -0.0326359 0.0366640
v 0.0278383 -0.0309176 0.0366640
v 0.0291952 -0.0291952 0.0366640
v 0.0305282 -0.0274877 0.0366640
v 0.0318501 -0.0257917 0.0366640
v 0.0331534 -0.0240874 0.0366640
v 0.0344123 -0.0223476 0.0366640
v 0.0355898 -0.0205478 0.0366640
v 0.0366481 -0.0186732 0.0366640
v 0.0375601 -0.0167229 0.0366640
v 0.0383173 -0.0147086 0.0366640
v 0.0389337 -0.0126503 0.0366640
v 0.0394426 -0.0105686 0.0366640
v 0.0398890 -0.0084787 0.0366640
v 0.0403166 -0.0063855 0.0366640
v 0.0407551 -0.0042835 0.0366640
v 0.0412102 -0.0021597 0.0366640
v 0.0428871 0.0000000 0.0387067
v 0.0432896 0.0022687 0.0387067
v 0.0435629 0.0045786 0.0387067
v 0.0436320 0.0069106 0.0387067
v 0.0434333 0.0092320 0.0387067
v 0.0429286 0.0115027 0.0387067
v 0.0421136 0.0136835 0.0387067
v 0.0410192 0.0157458 0.0387067
v 0.0397055 0.0176780 0.0387067
v 0.0382494 0.0194891 0.0387067
v 0.0367296 0.0212058 0.0387067
v 0.0352110 0.0228663 0.0387067
v 0.0337342 0.0245093 0.0387067
v 0.0323102 0.0261643 0.0387067
v 0.0309224 0.0278427 0.0387067
v 0.0295347 0.0295347 0.0387067
v 0.0281024 0.0312109 0.0387067
v 0.0265848 0.0328295 0.0387067
v 0.0249546 0.0343470 0.0387067
v 0.0232028 0.0357292 0.0387067
v 0.0213385 0.0369594 0.0387067
v 0.0193836 0.0380425 0.0387067
v 0.0173650 0.0390025 0.0387067
v 0.0153064 0.0398744 0.0387067
v 0.0132219 0.0406929 0.0387067
v 0.0111146 0.0414801 0.0387067
v 0.0089776 0.0422363 0.0387067
v 0.0068004 0.0429363 0.0387067
v 0.0045754 0.0435316 0.0387067
v 0.0023039 0.0439603 0.0387067
v 0.0000000 0.0441605 0.0387067
v -0.0023104 0.0440849 0.0387067
v -0.0045944 0.0437131 0.0387067
v -0.0068198 0.0430584 0.0387067
v -0.0089629 0.0421670 0.0387067
v -0.0110154 0.0411100 0.0387067
v -0.0129870 0.0399697 0.0387067
v -0.0149030 0.0388236 0.0387067
v -0.0167981 0.0377291 0.0387067
v -0.0187065 0.0367135 0.0387067
v -0.0206521 0.0357705 0.0387067
v -0.0226409 0.0348640 0.0387067
v -0.0246575 0.0339382 0.0387067
v -0.0266673 0.0329313 0.0387067
v -0.0286234 0.0317896 0.0387067
v -0.0304776 0.0304776 0.0387067
v -0.0321905 0.0289844 0.0387067
v -0.0337403 0.0273224 0.0387067
v -0.0351270 0.0255212 0.0387067
v -0.0363695 0.0236186 0.0387067
v -0.0374991 0.0216501 0.0387067
v -0.0385481 0.0196413 0.0387067
v -0.0395387 0.0176038 0.0387067
v -0.0404744 0.0155366 0.0387067
v -0.0413360 0.0134309 0.0387067
v -0.0420849 0.0112766 0.0387067
v -0.0426716 0.0090701 0.0387067
v -0.0430482 0.0068182 0.0387067
v -0.0431818 0.0045386 0.0387067
v -0.0430649 0.0022569 0.0387067
v -0.0427208 0.0000000 0.0387067
v -0.0422009 -0.0022117 0.0387067
v -0.0415760 -0.0043698 0.0387067
v -0.0409219 -0.0064814 0.0387067
v -0.0403038 -0.0085668 0.0387067
v -0.0397622 -0.0106542 0.0387067
v -0.0393043 -0.0127707 0.0387067
v -0.0389026 -0.0149333 0.0387067
v -0.0385012 -0.0171418 0.0387067
v -0.0380277 -0.0193761 0.0387067
v -0.0374090 -0.0215981 0.0387067
v -0.0365858 -0.0237591 0.0387067
v -0.0355240 -0.0258097 0.0387067
v -0.0342196 -0.0277105 0.0387067
v -0.0326966 -0.0294401 0.0387067
v -0.0309992 -0.0309992 0.0387067
v -0.0291804 -0.0324082 0.0387067
v -0.0272900 -0.0337003 0.0387067
v -0.0253644 -0.0349112 0.0387067
v -0.0234226 -0.0360676 0.0387067
v -0.0214654 -0.0371792 0.0387067
v -0.0194815 -0.0382346 0.0387067
v -0.0174548 -0.0392041 0.0387067
v -0.0153727 -0.0400474 0.0387067
v -0.0132324 -0.0407250 0.0387067
v -0.0110424 -0.0412107 0.0387067
v -0.0088213 -0.0415008 0.0387067
v -0.0065916 -0.0416176 0.0387067
v -0.0043731 -0.0416073 0.0387067
v -0.0021765 -0.0415302 0.0387067
v -0.0000000 -0.0414473 0.0387067
v 0.0021700 -0.0414056 0.0387067
v 0.0043540 -0.0414258 0.0387067
v 0.0065722 -0.0414955 0.0387067
v 0.0088360 -0.0415701 0.0387067
v 0.0111416 -0.0415809 0.0387067
v 0.0134673 -0.0414482 0.0387067
v 0.0157761 -0.0410982 0.0387067
v 0.0180218 -0.0404776 0.0387067
v 0.0201587 -0.0395636 0.0387067
v 0.0221518 -0.0383680 0.0387067
v 0.0239844 -0.0369328 0.0387067
v 0.0256615 -0.0353200 0.0387067
v 0.0272075 -0.0335984 0.0387067
v 0.0286594 -0.0318295 0.0387067
v 0.0300563 -0.0300563 0.0387067
v 0.0314286 -0.0282984 0.0387067
v 0.0327895 -0.0265524 0.0387067
v 0.0341312 -0.0247978 0.0387067
v 0.0354272 -0.0230067 0.0387067
v 0.0366394 -0.0211538 0.0387067
v 0.0377290 -0.0192239 0.0387067
v 0.0386679 -0.0172161 0.0387067
v 0.0394474 -0.0151425 0.0387067
v 0.0400819 -0.0130234 0.0387067
v 0.0406059 -0.0108803 0.0387067
v 0.0410655 -0.0087287 0.0387067
v 0.0415057 -0.0065739 0.0387067
v 0.0419571 -0.0044099 0.0387067
v 0.0424256 -0.0022234 0.0387067
v 0.0438686 0.0000000 0.0408171
v 0.0442804 0.0023206 0.0408171
v 0.0445599 0.0046834 0.0408171
v 0.0446305 0.0070688 0.0408171
v 0.0444273 0.0094433 0.0408171
v 0.0439111 0.0117659 0.0408171
v 0.0430774 0.0139967 0.0408171
v 0.0419580 0.0161061 0.0408171
v 0.0406142 0.0180826 0.0408171
v 0.0391248 0.0199351 0.0408171
v 0.0375702 0.0216911 0.0408171
v 0.0360168 0.0233896 0.0408171
v 0.0345062 0.0250702 0.0408171
v 0.0330496 0.0267630 0.0408171
v 0.0316301 0.0284799 0.0408171
v 0.0302106 0.0302106 0.0408171
v 0.0287455 0.0319251 0.0408171
v 0.0271932 0.0335808 0.0408171
v 0.0255257 0.0351331 0.0408171
v 0.0237338 0.0365469 0.0408171
v 0.0218269 0.0378052 0.0408171
v 0.0198272 0.0389132 0.0408171
v 0.0177625 0.0398951 0.0408171
v 0.0156567 0.0407870 0.0408171
v 0.0135245 0.0416242 0.0408171
v 0.0113689 0.0424294 0.0408171
v 0.0091831 0.0432029 0.0408171
v 0.0069561 0.0439189 0.0408171
v 0.0046801 0.0445278 0.0408171
v 0.0023566 0.0449664 0.0408171
v 0.0000000 0.0451712 0.0408171
v -0.0023633 0.0450938 0.0408171
v -0.0046996 0.0447135 0.0408171
v -0.0069759 0.0440438 0.0408171
v -0.0091680 0.0431320 0.0408171
v -0.0112675 0.0420508 0.0408171
v -0.0132842 0.0408845 0.0408171
v -0.0152440 0.0397121 0.0408171
v -0.0171825 0.0385925 0.0408171
v -0.0191346 0.0375537 0.0408171
v -0.0211248 0.0365892 0.0408171
v -0.0231591 0.0356619 0.0408171
v -0.0252218 0.0347149 0.0408171
v -0.0272776 0.0336850 0.0408171
v -0.0292785 0.0325171 0.0408171
v -0.0311751 0.0311751 0.0408171
v -0.0329272 0.0296477 0.0408171
v -0.0345125 0.0279477 0.0408171
v -0.0359309 0.0261053 0.0408171
v -0.0372019 0.0241592 0.0408171
v -0.0383573 0.0221456 0.0408171
v -0.0394303 0.0200908 0.0408171
v -0.0404436 0.0180067 0.0408171
v -0.0414006 0.0158922 0.0408171
v -0.0422820 0.0137382 0.0408171
v -0.0430480 0.0115347 0.0408171
v -0.0436482 0.0092777 0.0408171
v -0.0440334 0.0069742 0.0408171
v -0.0441700 0.0046425 0.0408171
v -0.0440505 0.0023086 0.0408171
v -0.0436985 0.0000000 0.0408171
v -0.0431667 -0.0022623 0.0408171
v -0.0425275 -0.0044698 0.0408171
v -0.0418584 -0.0066297 0.0408171
v -0.0412262 -0.0087629 0.0408171
v -0.0406722 -0.0108981 0.0408171
v -0.0402038 -0.0130630 0.0408171
v -0.0397929 -0.0152751 0.0408171
v -0.0393823 -0.0175341 0.0408171
v -0.0388980 -0.0198195 0.0408171
v -0.0382651 -0.0220924 0.0408171
v -0.0374231 -0.0243028 0.0408171
v -0.0363370 -0.0264004 0.0408171
v -0.0350028 -0.0283447 0.0408171
v -0.0334449 -0.0301139 0.0408171
v -0.0317086 -0.0317086 0.0408171
v -0.0298483 -0.0331499 0.0408171
v -0.0279145 -0.0344716 0.0408171
v -0.0259449 -0.0357101 0.0408171
v -0.0239586 -0.0368930 0.0408171
v -0.0219567 -0.0380300 0.0408171
v -0.0199274 -0.0391096 0.0408171
v -0.0178543 -0.0401013 0.0408171
v -0.0157246 -0.0409639 0.0408171
v -0.0135352 -0.0416570 0.0408171
v -0.0112951 -0.0421539 0.0408171
v -0.0090231 -0.0424505 0.0408171
v -0.0067424 -0.0425701 0.0408171
v -0.0044732 -0.0425595 0.0408171
v -0.0022263 -0.0424807 0.0408171
v -0.0000000 -0.0423959 0.0408171
v 0.0022196 -0.0423532 0.0408171
v 0.0044537 -0.0423738 0.0408171
v 0.0067227 -0.0424452 0.0408171
v 0.0090382 -0.0425215 0.0408171
v 0.0113965 -0.0425325 0.0408171
v 0.0137755 -0.0423967 0.0408171
v 0.0161372 -0.0420388 0.0408171
v 0.0184342 -0.0414039 0.0408171
v 0.0206200 -0.0404691 0.0408171
v 0.0226588 -0.0392461 0.0408171
v 0.0245333 -0.0377780 0.0408171
v 0.0262488 -0.0361283 0.0408171
v 0.0278301 -0.0343674 0.0408171
v 0.0293153 -0.0325579 0.0408171
v 0.0307441 -0.0307441 0.0408171
v 0.0321478 -0.0289460 0.0408171
v 0.0335399 -0.0271601 0.0408171
v 0.0349123 -0.0253653 0.0408171
v 0.0362380 -0.0235332 0.0408171
v 0.0374780 -0.0216379 0.0408171
v 0.0385925 -0.0196638 0.0408171
v 0.0395529 -0.0176101 0.0408171
v 0.0403502 -0.0154890 0.0408171
v 0.0409992 -0.0133215 0.0408171
v 0.0415352 -0.0111293 0.0408171
v 0.0420053 -0.0089285 0.0408171
v 0.0424555 -0.0067243 0.0408171
v 0.0429173 -0.0045108 0.0408171
v 0.0433966 -0.0022743 0.0408171
v 0.0446017 0.0000000 0.0429846
v 0.0450204 0.0023594 0.0429846
v 0.0453046 0.0047617 0.0429846
v 0.0453764 0.0071869 0.0429846
v 0.0451698 0.0096011 0.0429846
v 0.0446450 0.0119626 0.0429846
v 0.0437974 0.0142306 0.0429846
v 0.0426592 0.0163753 0.0429846
v 0.0412930 0.0183848 0.0429846
v 0.0397787 0.0202683 0.0429846
v 0.0381981 0.0220537 0.0429846
v 0.0366187 0.0237805 0.0429846
v 0.0350829 0.0254892 0.0429846
v 0.0336020 0.0272103 0.0429846
v 0.0321588 0.0289559 0.0429846
v 0.0307155 0.0307155 0.0429846
v 0.0292259 0.0324587 0.0429846
v 0.0276477 0.0341420 0.0429846
v 0.0259523 0.0357203 0.0429846
v 0.0241305 0.0371577 0.0429846
v 0.0221917 0.0384371 0.0429846
v 0.0201586 0.0395635 0.0429846
v 0.0180593 0.0405619 0.0429846
v 0.0159183 0.0414687 0.0429846
v 0.0137506 0.0423198 0.0429846
v 0.0115589 0.0431385 0.0429846
v 0.0093365 0.0439250 0.0429846
v 0.0070723 0.0446529 0.0429846
v 0.0047583 0.0452720 0.0429846
v 0.0023960 0.0457179 0.0429846
v 0.0000000 0.0459261 0.0429846
v -0.0024028 0.0458475 0.0429846
v -0.0047781 0.0454608 0.0429846
v -0.0070924 0.0447799 0.0429846
v -0.0093212 0.0438528 0.0429846
v -0.0114558 0.0427536 0.0429846
v -0.0135062 0.0415678 0.0429846
v -0.0154988 0.0403758 0.0429846
v -0.0174697 0.0392375 0.0429846
v -0.0194544 0.0381814 0.0429846
v -0.0214778 0.0372007 0.0429846
v -0.0235462 0.0362579 0.0429846
v -0.0256434 0.0352951 0.0429846
v -0.0277335 0.0342480 0.0429846
v -0.0297678 0.0330605 0.0429846
v -0.0316961 0.0316961 0.0429846
v -0.0334775 0.0301432 0.0429846
v -0.0350893 0.0284148 0.0429846
v -0.0365314 0.0265416 0.0429846
v -0.0378236 0.0245629 0.0429846
v -0.0389984 0.0225157 0.0429846
v -0.0400893 0.0204265 0.0429846
v -0.0411195 0.0183076 0.0429846
v -0.0420926 0.0161578 0.0429846
v -0.0429886 0.0139678 0.0429846
v -0.0437675 0.0117275 0.0429846
v -0.0443777 0.0094328 0.0429846
v -0.0447693 0.0070908 0.0429846
v -0.0449082 0.0047200 0.0429846
v -0.0447867 0.0023472 0.0429846
v -0.0444288 0.0000000 0.0429846
v -0.0438881 -0.0023001 0.0429846
v -0.0432382 -0.0045445 0.0429846
v -0.0425580 -0.0067405 0.0429846
v -0.0419152 -0.0089093 0.0429846
v -0.0413519 -0.0110802 0.0429846
v -0.0408757 -0.0132813 0.0429846
v -0.0404580 -0.0155304 0.0429846
v -0.0400405 -0.0178272 0.0429846
v -0.0395481 -0.0201508 0.0429846
v -0.0389046 -0.0224616 0.0429846
v -0.0380486 -0.0247090 0.0429846
v -0.0369443 -0.0268416 0.0429846
v -0.0355878 -0.0288184 0.0429846
v -0.0340038 -0.0306172 0.0429846
v -0.0322386 -0.0322386 0.0429846
v -0.0303471 -0.0337039 0.0429846
v -0.0283811 -0.0350477 0.0429846
v -0.0263785 -0.0363070 0.0429846
v -0.0243590 -0.0375096 0.0429846
v -0.0223236 -0.0386656 0.0429846
v -0.0202604 -0.0397633 0.0429846
v -0.0181527 -0.0407716 0.0429846
v -0.0159874 -0.0416485 0.0429846
v -0.0137614 -0.0423532 0.0429846
v -0.0114839 -0.0428584 0.0429846
v -0.0091739 -0.0431600 0.0429846
v -0.0068551 -0.0432815 0.0429846
v -0.0045479 -0.0432708 0.0429846
v -0.0022635 -0.0431906 0.0429846
v -0.0000000 -0.0431044 0.0429846
v 0.0022567 -0.0430611 0.0429846
v 0.0045281 -0.0430820 0.0429846
v 0.0068350 -0.0431545 0.0429846
v 0.0091893 -0.0432322 0.0429846
v 0.0115870 -0.0432433 0.0429846
v 0.0140058 -0.0431053 0.0429846
v 0.0164069 -0.0427414 0.0429846
v 0.0187423 -0.0420959 0.0429846
v 0.0209646 -0.0411454 0.0429846
v 0.0230375 -0.0399020 0.0429846
v 0.0249433 -0.0384094 0.0429846
v 0.0266875 -0.0367321 0.0429846
v 0.0282953 -0.0349417 0.0429846
v 0.0298052 -0.0331020 0.0429846
v 0.0312580 -0.0312580 0.0429846
v 0.0326851 -0.0294298 0.0429846
v 0.0341004 -0.0276140 0.0429846
v 0.0354958 -0.0257892 0.0429846
v 0.0368437 -0.0239266 0.0429846
v 0.0381043 -0.0219995 0.0429846
v 0.0392375 -0.0199925 0.0429846
v 0.0402139 -0.0179044 0.0429846
v 0.0410246 -0.0157479 0.0429846
v 0.0416845 -0.0135441 0.0429846
v 0.0422294 -0.0113153 0.0429846
v 0.0427073 -0.0090777 0.0429846
v 0.0431651 -0.0068367 0.0429846
v 0.0436346 -0.0045862 0.0429846
v 0.0441218 -0.0023123 0.0429846
v 0.0450872 0.0000000 0.0451979
v 0.0455104 0.0023851 0.0451979
v 0.0457977 0.0048135 0.0451979
v 0.0458703 0.0072651 0.0451979
v 0.0456614 0.0097056 0.0451979
v 0.0451309 0.0120928 0.0451979
v 0.0442740 0.0143855 0.0451979
v 0.0431235 0.0165536 0.0451979
v 0.0417424 0.0185849 0.0451979
v 0.0402116 0.0204889 0.0451979
v 0.0386138 0.0222937 0.0451979
v 0.0370173 0.0240393 0.0451979
v 0.0354647 0.0257666 0.0451979
v 0.0339677 0.0275065 0.0451979
v 0.0325088 0.0292710 0.0451979
v 0.0310498 0.0310498 0.0451979
v 0.0295440 0.0328120 0.0451979
v 0.0279486 0.0345136 0.0451979
v 0.0262347 0.0361090 0.0451979
v 0.0243931 0.0375621 0.0451979
v 0.0224332 0.0388554 0.0451979
v 0.0203780 0.0399941 0.0451979
v 0.0182559 0.0410034 0.0451979
v 0.0160916 0.0419200 0.0451979
v 0.0139002 0.0427804 0.0451979
v 0.0116847 0.0436080 0.0451979
v 0.0094382 0.0444031 0.0451979
v 0.0071493 0.0451389 0.0451979
v 0.0048101 0.0457647 0.0451979
v 0.0024221 0.0462155 0.0451979
v 0.0000000 0.0464260 0.0451979
v -0.0024289 0.0463465 0.0451979
v -0.0048301 0.0459556 0.0451979
v -0.0071696 0.0452673 0.0451979
v -0.0094227 0.0443301 0.0451979
v -0.0115805 0.0432189 0.0451979
v -0.0136532 0.0420202 0.0451979
v -0.0156675 0.0408152 0.0451979
v -0.0176598 0.0396646 0.0451979
v -0.0196661 0.0385969 0.0451979
v -0.0217116 0.0376055 0.0451979
v -0.0238024 0.0366525 0.0451979
v -0.0259225 0.0356792 0.0451979
v -0.0280353 0.0346207 0.0451979
v -0.0300918 0.0334204 0.0451979
v -0.0320411 0.0320411 0.0451979
v -0.0338418 0.0304713 0.0451979
v -0.0354712 0.0287240 0.0451979
v -0.0369290 0.0268305 0.0451979
v -0.0382353 0.0248303 0.0451979
v -0.0394228 0.0227608 0.0451979
v -0.0405256 0.0206488 0.0451979
v -0.0415671 0.0185069 0.0451979
v -0.0425507 0.0163337 0.0451979
v -0.0434565 0.0141199 0.0451979
v -0.0442438 0.0118551 0.0451979
v -0.0448607 0.0095354 0.0451979
v -0.0452566 0.0071679 0.0451979
v -0.0453970 0.0047714 0.0451979
v -0.0452741 0.0023727 0.0451979
v -0.0449123 0.0000000 0.0451979
v -0.0443658 -0.0023251 0.0451979
v -0.0437088 -0.0045940 0.0451979
v -0.0430212 -0.0068139 0.0451979
v -0.0423714 -0.0090063 0.0451979
v -0.0418020 -0.0112008 0.0451979
v -0.0413206 -0.0134259 0.0451979
v -0.0408983 -0.0156994 0.0451979
v -0.0404763 -0.0180212 0.0451979
v -0.0399785 -0.0203701 0.0451979
v -0.0393281 -0.0227061 0.0451979
v -0.0384627 -0.0249779 0.0451979
v -0.0373464 -0.0271338 0.0451979
v -0.0359751 -0.0291321 0.0451979
v -0.0343739 -0.0309504 0.0451979
v -0.0325895 -0.0325895 0.0451979
v -0.0306774 -0.0340707 0.0451979
v -0.0286899 -0.0354291 0.0451979
v -0.0266656 -0.0367021 0.0451979
v -0.0246241 -0.0379179 0.0451979
v -0.0225666 -0.0390865 0.0451979
v -0.0204809 -0.0401961 0.0451979
v -0.0183502 -0.0412153 0.0451979
v -0.0161614 -0.0421018 0.0451979
v -0.0139112 -0.0428142 0.0451979
v -0.0116089 -0.0433249 0.0451979
v -0.0092738 -0.0436298 0.0451979
v -0.0069297 -0.0437526 0.0451979
v -0.0045974 -0.0437418 0.0451979
v -0.0022882 -0.0436607 0.0451979
v -0.0000000 -0.0435736 0.0451979
v 0.0022813 -0.0435297 0.0451979
v 0.0045774 -0.0435509 0.0451979
v 0.0069094 -0.0436242 0.0451979
v 0.0092893 -0.0437027 0.0451979
v 0.0117131 -0.0437139 0.0451979
v 0.0141582 -0.0435745 0.0451979
v 0.0165854 -0.0432065 0.0451979
v 0.0189463 -0.0425541 0.0451979
v 0.0211928 -0.0415932 0.0451979
v 0.0232882 -0.0403363 0.0451979
v 0.0252148 -0.0388274 0.0451979
v 0.0269779 -0.0371319 0.0451979
v 0.0286032 -0.0353220 0.0451979
v 0.0301296 -0.0334623 0.0451979
v 0.0315982 -0.0315982 0.0451979
v 0.0330409 -0.0297501 0.0451979
v 0.0344716 -0.0279145 0.0451979
v 0.0358822 -0.0260699 0.0451979
v 0.0372447 -0.0241870 0.0451979
v 0.0385190 -0.0222390 0.0451979
v 0.0396645 -0.0202101 0.0451979
v 0.0406516 -0.0180992 0.0451979
v 0.0414711 -0.0159193 0.0451979
v 0.0421381 -0.0136915 0.0451979
v 0.0426890 -0.0114385 0.0451979
v 0.0431722 -0.0091765 0.0451979
v 0.0436349 -0.0069111 0.0451979
v 0.0441095 -0.0046361 0.0451979
v 0.0446021 -0.0023375 0.0451979
v 0.0453271 0.0000000 0.0480216
v 0.0457526 0.0023978 0.0480127
v 0.0460414 0.0048391 0.0480035
v 0.0461144 0.0073038 0.0479954
v 0.0459044 0.0097573 0.0479896
v 0.0453711 0.0121571 0.0479872
v 0.0445097 0.0144621 0.0479886
v 0.0433530 0.0166417 0.0479934
v 0.0419645 0.0186838 0.0480006
v 0.0404257 0.0205979 0.0480090
v 0.0388193 0.0224123 0.0480173
v 0.0372143 0.0241672 0.0480247
v 0.0356535 0.0259038 0.0480308
v 0.0341485 0.0276529 0.0480356
v 0.0326818 0.0294268 0.0480394
v 0.0312151 0.0312151 0.0480424
v 0.0297013 0.0329866 0.0480446
v 0.0280973 0.0346973 0.0480460
v 0.0263744 0.0363012 0.0480462
v 0.0245229 0.0377620 0.0480446
v 0.0225526 0.0390622 0.0480406
v 0.0204865 0.0402070 0.0480333
v 0.0183530 0.0412216 0.0480225
v 0.0161772 0.0421431 0.0480079
v 0.0139742 0.0430081 0.0479894
v 0.0117469 0.0438401 0.0479672
v 0.0094884 0.0446394 0.0479409
v 0.0071873 0.0453791 0.0479104
v 0.0048357 0.0460083 0.0478751
v 0.0024349 0.0464614 0.0478345
v 0.0000000 0.0466730 0.0477883
v -0.0024418 0.0465931 0.0477367
v -0.0048558 0.0462001 0.0476806
v -0.0072078 0.0455082 0.0476211
v -0.0094728 0.0445661 0.0475599
v -0.0116421 0.0434489 0.0474984
v -0.0137258 0.0422438 0.0474378
v -0.0157509 0.0410325 0.0473786
v -0.0177538 0.0398757 0.0473211
v -0.0197708 0.0388023 0.0472650
v -0.0218271 0.0378057 0.0472102
v -0.0239291 0.0368476 0.0471570
v -0.0260604 0.0358691 0.0471058
v -0.0281845 0.0348050 0.0470577
v -0.0302520 0.0335982 0.0470138
v -0.0322116 0.0322116 0.0469749
v -0.0340219 0.0306335 0.0469418
v -0.0356600 0.0288769 0.0469145
v -0.0371255 0.0269733 0.0468928
v -0.0384388 0.0249624 0.0468759
v -0.0396326 0.0228819 0.0468632
v -0.0407413 0.0207587 0.0468542
v -0.0417883 0.0186053 0.0468485
v -0.0427771 0.0164206 0.0468458
v -0.0436878 0.0141950 0.0468459
v -0.0444793 0.0119182 0.0468484
v -0.0450994 0.0095862 0.0468526
v -0.0454974 0.0072061 0.0468576
v -0.0456386 0.0047968 0.0468625
v -0.0455151 0.0023853 0.0468664
v -0.0451514 0.0000000 0.0468690
v -0.0446019 -0.0023375 0.0468703
v -0.0439414 -0.0046184 0.0468708
v -0.0432501 -0.0068502 0.0468709
v -0.0425969 -0.0090542 0.0468712
v -0.0420245 -0.0112604 0.0468721
v -0.0415405 -0.0134973 0.0468738
v -0.0411160 -0.0157829 0.0468760
v -0.0406917 -0.0181171 0.0468785
v -0.0401913 -0.0204785 0.0468806
v -0.0395374 -0.0228269 0.0468813
v -0.0386674 -0.0251109 0.0468801
v -0.0375452 -0.0272782 0.0468766
v -0.0361666 -0.0292871 0.0468711
v -0.0345569 -0.0311151 0.0468643
v -0.0327629 -0.0327629 0.0468573
v -0.0308407 -0.0342520 0.0468513
v -0.0288426 -0.0356177 0.0468472
v -0.0268076 -0.0368974 0.0468456
v -0.0247552 -0.0381197 0.0468466
v -0.0226867 -0.0392945 0.0468506
v -0.0205899 -0.0404100 0.0468577
v -0.0184479 -0.0414347 0.0468682
v -0.0162474 -0.0423259 0.0468829
v -0.0139852 -0.0430421 0.0469022
v -0.0116706 -0.0435554 0.0469267
v -0.0093231 -0.0438620 0.0469567
v -0.0069666 -0.0439855 0.0469919
v -0.0046219 -0.0439746 0.0470318
v -0.0023003 -0.0438931 0.0470755
v -0.0000000 -0.0438055 0.0471222
v 0.0022934 -0.0437614 0.0471714
v 0.0046017 -0.0437827 0.0472230
v 0.0069462 -0.0438564 0.0472769
v 0.0093387 -0.0439353 0.0473336
v 0.0117755 -0.0439466 0.0473929
v 0.0142336 -0.0438064 0.0474544
v 0.0166737 -0.0434365 0.0475172
v 0.0190471 -0.0427805 0.0475797
v 0.0213056 -0.0418146 0.0476404
v 0.0234121 -0.0405510 0.0476977
v 0.0253490 -0.0390341 0.0477504
v 0.0271215 -0.0373295 0.0477980
v 0.0287555 -0.0355100 0.0478406
v 0.0302900 -0.0336404 0.0478785
v 0.0317663 -0.0317663 0.0479123
v 0.0332167 -0.0299085 0.0479422
v 0.0346550 -0.0280631 0.0479685
v 0.0360731 -0.0262087 0.0479910
v 0.0374429 -0.0243157 0.0480095
v 0.0387240 -0.0223573 0.0480239
v 0.0398756 -0.0203176 0.0480343
v 0.0408679 -0.0181956 0.0480411
v 0.0416918 -0.0160040 0.0480449
v 0.0423624 -0.0137644 0.0480463
v 0.0429162 -0.0114994 0.0480458
v 0.0434019 -0.0092254 0.0480439
v 0.0438671 -0.0069479 0.0480406
v 0.0443443 -0.0046608 0.0480359
v 0.0448394 -0.0023499 0.0480295
v 0.0453255 0.0000000 0.0503405
v 0.0457509 0.0023977 0.0503308
v 0.0460397 0.0048390 0.0503209
v 0.0461127 0.0073035 0.0503121
v 0.0459027 0.0097569 0.0503058
v 0.0453694 0.0121567 0.0503032
v 0.0445080 0.0144615 0.0503047
v 0.0433514 0.0166410 0.0503099
v 0.0419630 0.0186831 0.0503178
v 0.0404242 0.0205971 0.0503268
v 0.0388179 0.0224115 0.0503358
v 0.0372129 0.0241664 0.0503438
v 0.0356521 0.0259028 0.0503504
v 0.0341472 0.0276518 0.0503557
v 0.0326806 0.0294257 0.0503597
v 0.0312139 0.0312139 0.0503629
v 0.0297002 0.0329854 0.0503653
v 0.0280963 0.0346960 0.0503669
v 0.0263734 0.0362999 0.0503671
v 0.0245220 0.0377606 0.0503654
v 0.0225517 0.0390608 0.0503610
v 0.0204857 0.0402055 0.0503532
v 0.0183523 0.0412200 0.0503414
v 0.0161766 0.0421415 0.0503256
v 0.0139737 0.0430065 0.0503056
v 0.0117465 0.0438385 0.0502815
v 0.0094880 0.0446377 0.0502531
v 0.0071871 0.0453774 0.0502201
v 0.0048355 0.0460066 0.0501818
v 0.0024349 0.0464597 0.0501378
v 0.0000000 0.0466713 0.0500878
v -0.0024418 0.0465914 0.0500320
v -0.0048557 0.0461984 0.0499712
v -0.0072075 0.0455065 0.0499068
v -0.0094725 0.0445644 0.0498405
v -0.0116417 0.0434473 0.0497740
v -0.0137253 0.0422422 0.0497083
v -0.0157503 0.0410309 0.0496443
v -0.0177531 0.0398742 0.0495819
v -0.0197700 0.0388009 0.0495212
v -0.0218263 0.0378043 0.0494620
v -0.0239282 0.0368462 0.0494043
v -0.0260595 0.0358678 0.0493489
v -0.0281835 0.0348037 0.0492968
v -0.0302509 0.0335970 0.0492492
v -0.0322104 0.0322104 0.0492072
v -0.0340207 0.0306323 0.0491713
v -0.0356587 0.0288758 0.0491418
v -0.0371241 0.0269723 0.0491182
v -0.0384373 0.0249615 0.0491000
v -0.0396312 0.0228811 0.0490862
v -0.0407398 0.0207580 0.0490765
v -0.0417867 0.0186047 0.0490703
v -0.0427756 0.0164200 0.0490674
v -0.0436861 0.0141945 0.0490675
v -0.0444777 0.0119178 0.0490702
v -0.0450977 0.0095858 0.0490747
v -0.0454957 0.0072058 0.0490802
v -0.0456369 0.0047966 0.0490854
v -0.0455134 0.0023853 0.0490896
v -0.0451497 0.0000000 0.0490925
v -0.0446002 -0.0023374 0.0490939
v -0.0439398 -0.0046183 0.0490944
v -0.0432485 -0.0068499 0.0490945
v -0.0425953 -0.0090539 0.0490948
v -0.0420229 -0.0112600 0.0490958
v -0.0415390 -0.0134968 0.0490976
v -0.0411144 -0.0157824 0.0491001
v -0.0406902 -0.0181164 0.0491028
v -0.0401898 -0.0204777 0.0491050
v -0.0395359 -0.0228261 0.0491058
v -0.0386659 -0.0251099 0.0491045
v -0.0375438 -0.0272772 0.0491007
v -0.0361652 -0.0292860 0.0490947
v -0.0345556 -0.0311140 0.0490874
v -0.0327617 -0.0327617 0.0490798
v -0.0308395 -0.0342508 0.0490733
v -0.0288416 -0.0356164 0.0490689
v -0.0268066 -0.0368961 0.0490671
v -0.0247543 -0.0381182 0.0490683
v -0.0226858 -0.0392930 0.0490726
v -0.0205891 -0.0404085 0.0490802
v -0.0184472 -0.0414331 0.0490917
v -0.0162468 -0.0423243 0.0491075
v -0.0139847 -0.0430405 0.0491284
v -0.0116702 -0.0435538 0.0491550
v -0.0093228 -0.0438603 0.0491875
v -0.0069664 -0.0439838 0.0492256
v -0.0046217 -0.0439729 0.0492688
v -0.0023003 -0.0438914 0.0493161
v -0.0000000 -0.0438038 0.0493667
v 0.0022934 -0.0437598 0.0494199
v 0.0046016 -0.0437811 0.0494757
v 0.0069459 -0.0438548 0.0495342
v 0.0093384 -0.0439337 0.0495955
v 0.0117750 -0.0439450 0.0496597
v 0.0142330 -0.0438047 0.0497263
v 0.0166731 -0.0434349 0.0497943
v 0.0190464 -0.0427790 0.0498620
v 0.0213048 -0.0418131 0.0499277
v 0.0234113 -0.0405495 0.0499897
v 0.0253481 -0.0390326 0.0500468
v 0.0271205 -0.0373282 0.0500984
v 0.0287544 -0.0355087 0.0501445
v 0.0302888 -0.0336392 0.0501855
v 0.0317652 -0.0317652 0.0502221
v 0.0332155 -0.0299073 0.0502545
v 0.0346537 -0.0280620 0.0502830
v 0.0360718 -0.0262077 0.0503073
v 0.0374415 -0.0243148 0.0503274
v 0.0387226 -0.0223565 0.0503430
v 0.0398741 -0.0203169 0.0503542
v 0.0408664 -0.0181949 0.0503616
v 0.0416903 -0.0160034 0.0503656
v 0.0423608 -0.0137639 0.0503672
v 0.0429146 -0.0114989 0.0503667
v 0.0434003 -0.0092250 0.0503647
v 0.0438655 -0.0069476 0.0503611
v 0.0443426 -0.0046606 0.0503559
v 0.0448378 -0.0023498 0.0503490
v 0.0450874 0.0000000 0.0526732
v 0.0455106 0.0023851 0.0526631
v 0.0457979 0.0048136 0.0526528
v 0.0458705 0.0072652 0.0526436
v 0.0456617 0.0097057 0.0526370
v 0.0451311 0.0120928 0.0526343
v 0.0442743 0.0143856 0.0526358
v 0.0431237 0.0165536 0.0526413
v 0.0417426 0.0185850 0.0526495
v 0.0402119 0.0204890 0.0526589
v 0.0386140 0.0222938 0.0526683
v 0.0370175 0.0240394 0.0526766
v 0.0354649 0.0257668 0.0526834
v 0.0339679 0.0275066 0.0526888
v 0.0325089 0.0292712 0.0526929
v 0.0310500 0.0310500 0.0526961
v 0.0295442 0.0328121 0.0526984
v 0.0279487 0.0345138 0.0526998
v 0.0262349 0.0361092 0.0526998
v 0.0243932 0.0375623 0.0526976
v 0.0224333 0.0388556 0.0526926
v 0.0203781 0.0399943 0.0526838
v 0.0182560 0.0410036 0.0526709
v 0.0160917 0.0419202 0.0526536
v 0.0139003 0.0427807 0.0526319
v 0.0116848 0.0436082 0.0526058
v 0.0094382 0.0444033 0.0525751
v 0.0071493 0.0451391 0.0525395
v 0.0048101 0.0457650 0.0524983
v 0.0024221 0.0462157 0.0524510
v 0.0000000 0.0464262 0.0523973
v -0.0024289 0.0463467 0.0523374
v -0.0048302 0.0459558 0.0522722
v -0.0071697 0.0452675 0.0522032
v -0.0094227 0.0443304 0.0521322
v -0.0115805 0.0432191 0.0520609
v -0.0136533 0.0420204 0.0519905
v -0.0156676 0.0408155 0.0519219
v -0.0176599 0.0396648 0.0518552
v -0.0196662 0.0385971 0.0517901
v -0.0217117 0.0376057 0.0517266
v -0.0238026 0.0366527 0.0516648
v -0.0259226 0.0356794 0.0516053
v -0.0280355 0.0346209 0.0515494
v -0.0300920 0.0334205 0.0514982
v -0.0320413 0.0320413 0.0514529
v -0.0338420 0.0304715 0.0514142
v -0.0354714 0.0287242 0.0513823
v -0.0369292 0.0268306 0.0513568
v -0.0382355 0.0248304 0.0513369
v -0.0394230 0.0227609 0.0513218
v -0.0405259 0.0206490 0.0513110
v -0.0415673 0.0185070 0.0513040
v -0.0425509 0.0163338 0.0513005
v -0.0434567 0.0141199 0.0513003
v -0.0442441 0.0118552 0.0513028
v -0.0448609 0.0095355 0.0513073
v -0.0452568 0.0071680 0.0513128
v -0.0453972 0.0047714 0.0513182
v -0.0452744 0.0023727 0.0513226
v -0.0449126 0.0000000 0.0513255
v -0.0443660 -0.0023251 0.0513270
v -0.0437090 -0.0045940 0.0513275
v -0.0430214 -0.0068139 0.0513276
v -0.0423716 -0.0090064 0.0513279
v -0.0418022 -0.0112009 0.0513290
v -0.0413208 -0.0134259 0.0513308
v -0.0408985 -0.0156995 0.0513334
v -0.0404765 -0.0180213 0.0513362
v -0.0399787 -0.0203702 0.0513385
v -0.0393283 -0.0227062 0.0513393
v -0.0384629 -0.0249781 0.0513380
v -0.0373466 -0.0271339 0.0513340
v -0.0359753 -0.0291322 0.0513278
v -0.0343741 -0.0309506 0.0513202
v -0.0325896 -0.0325896 0.0513125
v -0.0306776 -0.0340709 0.0513059
v -0.0286901 -0.0354293 0.0513015
v -0.0266658 -0.0367023 0.0513000
v -0.0246243 -0.0379181 0.0513016
v -0.0225667 -0.0390867 0.0513066
v -0.0204810 -0.0401963 0.0513152
v -0.0183503 -0.0412155 0.0513278
v -0.0161615 -0.0421020 0.0513451
v -0.0139112 -0.0428144 0.0513678
v -0.0116089 -0.0433251 0.0513966
v -0.0092738 -0.0436300 0.0514317
v -0.0069298 -0.0437528 0.0514728
v -0.0045975 -0.0437420 0.0515192
v -0.0022882 -0.0436609 0.0515700
v -0.0000000 -0.0435738 0.0516243
v 0.0022813 -0.0435300 0.0516815
v 0.0045774 -0.0435512 0.0517413
v 0.0069094 -0.0436245 0.0518040
v 0.0092893 -0.0437029 0.0518697
v 0.0117132 -0.0437142 0.0519384
v 0.0141583 -0.0435747 0.0520098
v 0.0165855 -0.0432068 0.0520826
v 0.0189464 -0.0425543 0.0521552
v 0.0211929 -0.0415935 0.0522256
v 0.0232883 -0.0403365 0.0522921
v 0.0252150 -0.0388276 0.0523533
v 0.0269781 -0.0371321 0.0524086
v 0.0286034 -0.0353222 0.0524582
v 0.0301298 -0.0334625 0.0525023
v 0.0315983 -0.0315983 0.0525416
v 0.0330410 -0.0297503 0.0525766
v 0.0344717 -0.0279147 0.0526074
v 0.0358823 -0.0260700 0.0526338
v 0.0372449 -0.0241871 0.0526556
v 0.0385192 -0.0222391 0.0526726
v 0.0396647 -0.0202102 0.0526850
v 0.0406518 -0.0180993 0.0526932
v 0.0414713 -0.0159193 0.0526979
v 0.0421384 -0.0136916 0.0526998
v 0.0426892 -0.0114385 0.0526997
v 0.0431724 -0.0091766 0.0526978
v 0.0436351 -0.0069111 0.0526942
v 0.0441097 -0.0046361 0.0526890
v 0.0446023 -0.0023375 0.0526820
v 0.0446196 0.0000000 0.0549113
v 0.0450385 0.0023604 0.0549026
v 0.0453228 0.0047636 0.0548936
v 0.0453946 0.0071898 0.0548856
v 0.0451879 0.0096050 0.0548799
v 0.0446629 0.0119674 0.0548775
v 0.0438149 0.0142363 0.0548789
v 0.0426763 0.0163819 0.0548836
v 0.0413095 0.0183922 0.0548908
v 0.0397946 0.0202764 0.0548990
v 0.0382134 0.0220625 0.0549071
v 0.0366334 0.0237900 0.0549142
v 0.0350969 0.0254994 0.0549200
v 0.0336154 0.0272212 0.0549245
v 0.0321716 0.0289675 0.0549279
v 0.0307278 0.0307278 0.0549304
v 0.0292377 0.0324717 0.0549321
v 0.0276588 0.0341557 0.0549329
v 0.0259627 0.0357346 0.0549323
v 0.0241402 0.0371726 0.0549298
v 0.0222006 0.0384525 0.0549245
v 0.0201667 0.0395794 0.0549159
v 0.0180666 0.0405782 0.0549034
v 0.0159247 0.0414853 0.0548869
v 0.0137561 0.0423368 0.0548664
v 0.0115636 0.0431558 0.0548419
v 0.0093403 0.0439426 0.0548132
v 0.0070752 0.0446708 0.0547801
v 0.0047602 0.0452902 0.0547418
v 0.0023969 0.0457362 0.0546981
v 0.0000000 0.0459445 0.0546484
v -0.0024037 0.0458658 0.0545932
v -0.0047800 0.0454790 0.0545332
v -0.0070953 0.0447978 0.0544697
v -0.0093249 0.0438704 0.0544043
v -0.0114604 0.0427707 0.0543388
v -0.0135116 0.0415844 0.0542742
v -0.0155050 0.0403920 0.0542111
v -0.0174767 0.0392533 0.0541497
v -0.0194622 0.0381967 0.0540899
v -0.0214864 0.0372156 0.0540314
v -0.0235556 0.0362724 0.0539745
v -0.0256537 0.0353092 0.0539197
v -0.0277446 0.0342617 0.0538680
v -0.0297798 0.0330738 0.0538206
v -0.0317088 0.0317088 0.0537786
v -0.0334909 0.0301553 0.0537426
v -0.0351034 0.0284261 0.0537127
v -0.0365460 0.0265523 0.0536887
v -0.0378388 0.0245728 0.0536698
v -0.0390140 0.0225248 0.0536553
v -0.0401054 0.0204347 0.0536448
v -0.0411360 0.0183149 0.0536376
v -0.0421094 0.0161643 0.0536338
v -0.0430058 0.0139734 0.0536328
v -0.0437850 0.0117322 0.0536345
v -0.0443955 0.0094365 0.0536380
v -0.0447873 0.0070936 0.0536425
v -0.0449262 0.0047219 0.0536470
v -0.0448046 0.0023481 0.0536508
v -0.0444466 0.0000000 0.0536532
v -0.0439057 -0.0023010 0.0536545
v -0.0432556 -0.0045463 0.0536549
v -0.0425751 -0.0067432 0.0536551
v -0.0419320 -0.0089129 0.0536554
v -0.0413685 -0.0110847 0.0536562
v -0.0408921 -0.0132866 0.0536578
v -0.0404742 -0.0155366 0.0536601
v -0.0400565 -0.0178343 0.0536625
v -0.0395639 -0.0201588 0.0536645
v -0.0389202 -0.0224706 0.0536652
v -0.0380638 -0.0247189 0.0536640
v -0.0369591 -0.0268524 0.0536606
v -0.0356020 -0.0288300 0.0536553
v -0.0340175 -0.0306295 0.0536488
v -0.0322515 -0.0322515 0.0536422
v -0.0303593 -0.0337174 0.0536369
v -0.0283924 -0.0350617 0.0536336
v -0.0263891 -0.0363215 0.0536329
v -0.0243688 -0.0375247 0.0536351
v -0.0223326 -0.0386811 0.0536403
v -0.0202685 -0.0397792 0.0536488
v -0.0181599 -0.0407879 0.0536611
v -0.0159938 -0.0416652 0.0536776
v -0.0137669 -0.0423702 0.0536991
v -0.0114885 -0.0428756 0.0537261
v -0.0091776 -0.0431773 0.0537588
v -0.0068579 -0.0432989 0.0537970
v -0.0045498 -0.0432882 0.0538401
v -0.0022644 -0.0432079 0.0538871
v -0.0000000 -0.0431217 0.0539372
v 0.0022576 -0.0430783 0.0539899
v 0.0045299 -0.0430993 0.0540450
v 0.0068377 -0.0431718 0.0541027
v 0.0091930 -0.0432495 0.0541631
v 0.0115917 -0.0432606 0.0542263
v 0.0140114 -0.0431226 0.0542919
v 0.0164134 -0.0427585 0.0543588
v 0.0187498 -0.0421128 0.0544255
v 0.0209730 -0.0411619 0.0544903
v 0.0230467 -0.0399180 0.0545515
v 0.0249533 -0.0384248 0.0546079
v 0.0266982 -0.0367469 0.0546589
v 0.0283066 -0.0349558 0.0547047
v 0.0298172 -0.0331153 0.0547455
v 0.0312705 -0.0312705 0.0547820
v 0.0326982 -0.0294416 0.0548146
v 0.0341141 -0.0276250 0.0548433
v 0.0355101 -0.0257996 0.0548681
v 0.0368584 -0.0239362 0.0548887
v 0.0381196 -0.0220084 0.0549050
v 0.0392532 -0.0200005 0.0549170
v 0.0402300 -0.0179116 0.0549252
v 0.0410410 -0.0157542 0.0549301
v 0.0417012 -0.0135495 0.0549325
v 0.0422463 -0.0113199 0.0549329
v 0.0427245 -0.0090814 0.0549316
v 0.0431824 -0.0068394 0.0549289
v 0.0436521 -0.0045880 0.0549247
v 0.0441395 -0.0023133 0.0549188
v 0.0439299 0.0000000 0.0571386
v 0.0443422 0.0023239 0.0571315
v 0.0446221 0.0046900 0.0571240
v 0.0446929 0.0070787 0.0571173
v 0.0444894 0.0094565 0.0571125
v 0.0439724 0.0117824 0.0571105
v 0.0431376 0.0140163 0.0571116
v 0.0420166 0.0161286 0.0571156
v 0.0406709 0.0181079 0.0571216
v 0.0391795 0.0199629 0.0571285
v 0.0376226 0.0217214 0.0571352
v 0.0360671 0.0234223 0.0571410
v 0.0345544 0.0251052 0.0571456
v 0.0330958 0.0268004 0.0571490
v 0.0316743 0.0285197 0.0571515
v 0.0302528 0.0302528 0.0571533
v 0.0287857 0.0319697 0.0571543
v 0.0272312 0.0336277 0.0571544
v 0.0255613 0.0351822 0.0571532
v 0.0237670 0.0365979 0.0571501
v 0.0218574 0.0378580 0.0571445
v 0.0198549 0.0389675 0.0571358
v 0.0177873 0.0399509 0.0571236
v 0.0156785 0.0408440 0.0571078
v 0.0135434 0.0416823 0.0570884
v 0.0113848 0.0424886 0.0570654
v 0.0091959 0.0432633 0.0570387
v 0.0069658 0.0439802 0.0570080
v 0.0046866 0.0445900 0.0569728
v 0.0023599 0.0450292 0.0569326
v 0.0000000 0.0452343 0.0568871
v -0.0023666 0.0451568 0.0568366
v -0.0047061 0.0447759 0.0567819
v -0.0069856 0.0441053 0.0567240
v -0.0091808 0.0431922 0.0566646
v -0.0112832 0.0421095 0.0566049
v -0.0133027 0.0409416 0.0565462
v -0.0152653 0.0397676 0.0564888
v -0.0172065 0.0386465 0.0564330
v -0.0191613 0.0376062 0.0563785
v -0.0211543 0.0366403 0.0563253
v -0.0231915 0.0357117 0.0562733
v -0.0252571 0.0347634 0.0562232
v -0.0273157 0.0337321 0.0561759
v -0.0293194 0.0325625 0.0561324
v -0.0312186 0.0312186 0.0560936
v -0.0329731 0.0296892 0.0560602
v -0.0345607 0.0279867 0.0560323
v -0.0359811 0.0261418 0.0560097
v -0.0372538 0.0241929 0.0559917
v -0.0384109 0.0221765 0.0559778
v -0.0394854 0.0201188 0.0559673
v -0.0405001 0.0180318 0.0559600
v -0.0414585 0.0159144 0.0559555
v -0.0423410 0.0137574 0.0559538
v -0.0431082 0.0115508 0.0559543
v -0.0437091 0.0092907 0.0559567
v -0.0440949 0.0069839 0.0559601
v -0.0442317 0.0046489 0.0559636
v -0.0441120 0.0023118 0.0559666
v -0.0437595 0.0000000 0.0559686
v -0.0432270 -0.0022654 0.0559696
v -0.0425869 -0.0044761 0.0559700
v -0.0419169 -0.0066390 0.0559701
v -0.0412838 -0.0087751 0.0559703
v -0.0407290 -0.0109133 0.0559710
v -0.0402599 -0.0130812 0.0559723
v -0.0398485 -0.0152964 0.0559742
v -0.0394373 -0.0175586 0.0559762
v -0.0389523 -0.0198472 0.0559778
v -0.0383186 -0.0221232 0.0559784
v -0.0374754 -0.0243368 0.0559774
v -0.0363878 -0.0264373 0.0559746
v -0.0350517 -0.0283843 0.0559702
v -0.0334916 -0.0301560 0.0559650
v -0.0317529 -0.0317529 0.0559599
v -0.0298900 -0.0331962 0.0559559
v -0.0279535 -0.0345197 0.0559539
v -0.0259812 -0.0357600 0.0559542
v -0.0239921 -0.0369446 0.0559571
v -0.0219873 -0.0380832 0.0559628
v -0.0199552 -0.0391643 0.0559714
v -0.0178792 -0.0401574 0.0559834
v -0.0157465 -0.0410211 0.0559992
v -0.0135541 -0.0417152 0.0560196
v -0.0113109 -0.0422128 0.0560449
v -0.0090357 -0.0425098 0.0560753
v -0.0067519 -0.0426295 0.0561106
v -0.0044794 -0.0426190 0.0561503
v -0.0022294 -0.0425400 0.0561934
v -0.0000000 -0.0424551 0.0562393
v 0.0022227 -0.0424124 0.0562874
v 0.0044599 -0.0424330 0.0563377
v 0.0067320 -0.0425044 0.0563902
v 0.0090509 -0.0425809 0.0564451
v 0.0114125 -0.0425919 0.0565026
v 0.0137948 -0.0424560 0.0565623
v 0.0161597 -0.0420975 0.0566231
v 0.0184600 -0.0414618 0.0566838
v 0.0206488 -0.0405256 0.0567428
v 0.0226904 -0.0393009 0.0567986
v 0.0245676 -0.0378308 0.0568500
v 0.0262854 -0.0361788 0.0568967
v 0.0278690 -0.0344154 0.0569387
v 0.0293562 -0.0326034 0.0569762
v 0.0307871 -0.0307871 0.0570099
v 0.0321927 -0.0289865 0.0570400
v 0.0335867 -0.0271980 0.0570668
v 0.0349611 -0.0254007 0.0570900
v 0.0362886 -0.0235661 0.0571095
v 0.0375303 -0.0216681 0.0571251
v 0.0386464 -0.0196913 0.0571369
v 0.0396081 -0.0176347 0.0571452
v 0.0404066 -0.0155106 0.0571504
v 0.0410565 -0.0133401 0.0571533
v 0.0415932 -0.0111449 0.0571544
v 0.0420640 -0.0089410 0.0571540
v 0.0425148 -0.0067337 0.0571523
v 0.0429773 -0.0045171 0.0571492
v 0.0434572 -0.0022775 0.0571446
v 0.0430269 0.0000000 0.0593430
v 0.0434308 0.0022761 0.0593376
v 0.0437049 0.0045936 0.0593317
v 0.0437742 0.0069332 0.0593263
v 0.0435749 0.0092621 0.0593224
v 0.0430686 0.0115402 0.0593208
v 0.0422509 0.0137281 0.0593217
v 0.0411529 0.0157971 0.0593250
v 0.0398349 0.0177356 0.0593298
v 0.0383741 0.0195526 0.0593352
v 0.0368493 0.0212750 0.0593404
v 0.0353258 0.0229408 0.0593448
v 0.0338441 0.0245892 0.0593482
v 0.0324155 0.0262495 0.0593506
v 0.0310232 0.0279335 0.0593522
v 0.0296310 0.0296310 0.0593531
v 0.0281940 0.0313126 0.0593533
v 0.0266715 0.0329365 0.0593526
v 0.0250359 0.0344590 0.0593507
v 0.0232784 0.0358457 0.0593471
v 0.0214081 0.0370799 0.0593411
v 0.0194468 0.0381665 0.0593322
v 0.0174217 0.0391297 0.0593203
v 0.0153563 0.0400044 0.0593051
v 0.0132650 0.0408255 0.0592868
v 0.0111508 0.0416153 0.0592654
v 0.0090069 0.0423740 0.0592407
v 0.0068226 0.0430762 0.0592124
v 0.0045903 0.0436735 0.0591802
v 0.0023114 0.0441036 0.0591436
v 0.0000000 0.0443045 0.0591023
v -0.0023179 0.0442286 0.0590566
v -0.0046094 0.0438556 0.0590071
v -0.0068420 0.0431987 0.0589550
v -0.0089921 0.0423044 0.0589015
v -0.0110513 0.0412440 0.0588478
v -0.0130293 0.0401000 0.0587950
v -0.0149516 0.0389502 0.0587434
v -0.0168528 0.0378521 0.0586932
v -0.0187675 0.0368332 0.0586441
v -0.0207194 0.0358871 0.0585961
v -0.0227148 0.0349777 0.0585492
v -0.0247379 0.0340488 0.0585039
v -0.0267542 0.0330387 0.0584609
v -0.0287168 0.0318932 0.0584212
v -0.0305770 0.0305770 0.0583857
v -0.0322954 0.0290789 0.0583550
v -0.0338503 0.0274114 0.0583291
v -0.0352415 0.0256044 0.0583079
v -0.0364881 0.0236956 0.0582908
v -0.0376214 0.0217207 0.0582773
v -0.0386738 0.0197053 0.0582669
v -0.0396676 0.0176612 0.0582592
v -0.0406063 0.0155873 0.0582541
v -0.0414707 0.0134746 0.0582515
v -0.0422221 0.0113134 0.0582509
v -0.0428107 0.0090997 0.0582521
v -0.0431885 0.0068404 0.0582543
v -0.0433225 0.0045534 0.0582568
v -0.0432053 0.0022643 0.0582589
v -0.0428600 0.0000000 0.0582604
v -0.0423385 -0.0022189 0.0582612
v -0.0417115 -0.0043841 0.0582615
v -0.0410553 -0.0065025 0.0582615
v -0.0404352 -0.0085948 0.0582617
v -0.0398918 -0.0106890 0.0582623
v -0.0394324 -0.0128124 0.0582633
v -0.0390294 -0.0149820 0.0582647
v -0.0386267 -0.0171977 0.0582662
v -0.0381517 -0.0194392 0.0582675
v -0.0375309 -0.0216685 0.0582680
v -0.0367051 -0.0238366 0.0582672
v -0.0356399 -0.0258939 0.0582650
v -0.0343312 -0.0278008 0.0582617
v -0.0328032 -0.0295361 0.0582578
v -0.0311002 -0.0311002 0.0582541
v -0.0292756 -0.0325138 0.0582516
v -0.0273789 -0.0338102 0.0582509
v -0.0254471 -0.0350250 0.0582523
v -0.0234989 -0.0361852 0.0582560
v -0.0215354 -0.0373004 0.0582622
v -0.0195450 -0.0383593 0.0582710
v -0.0175117 -0.0393319 0.0582827
v -0.0154229 -0.0401779 0.0582979
v -0.0132755 -0.0408578 0.0583171
v -0.0110784 -0.0413451 0.0583408
v -0.0088500 -0.0416361 0.0583689
v -0.0066131 -0.0417533 0.0584014
v -0.0043874 -0.0417429 0.0584376
v -0.0021836 -0.0416656 0.0584768
v -0.0000000 -0.0415824 0.0585184
v 0.0021771 -0.0415406 0.0585620
v 0.0043682 -0.0415608 0.0586073
v 0.0065937 -0.0416308 0.0586546
v 0.0088648 -0.0417057 0.0587041
v 0.0111779 -0.0417164 0.0587558
v 0.0135112 -0.0415833 0.0588095
v 0.0158276 -0.0412322 0.0588642
v 0.0180805 -0.0406095 0.0589188
v 0.0202244 -0.0396926 0.0589719
v 0.0222240 -0.0384931 0.0590222
v 0.0240626 -0.0370532 0.0590687
v 0.0257451 -0.0354351 0.0591110
v 0.0272962 -0.0337080 0.0591491
v 0.0287528 -0.0319332 0.0591833
v 0.0301543 -0.0301543 0.0592141
v 0.0315310 -0.0283907 0.0592419
v 0.0328964 -0.0266389 0.0592666
v 0.0342425 -0.0248786 0.0592884
v 0.0355427 -0.0230817 0.0593068
v 0.0367589 -0.0212227 0.0593218
v 0.0378520 -0.0192866 0.0593334
v 0.0387940 -0.0172722 0.0593418
v 0.0395760 -0.0151918 0.0593475
v 0.0402126 -0.0130659 0.0593510
v 0.0407383 -0.0109158 0.0593528
v 0.0411994 -0.0087572 0.0593533
v 0.0416410 -0.0065953 0.0593526
v 0.0420939 -0.0044242 0.0593507
v 0.0425639 -0.0022307 0.0593475
v 0.0419204 0.0000000 0.0615127
v 0.0423139 0.0022176 0.0615089
v 0.0425810 0.0044754 0.0615046
v 0.0426485 0.0067549 0.0615006
v 0.0424543 0.0090239 0.0614976
v 0.0419610 0.0112434 0.0614964
v 0.0411644 0.0133751 0.0614971
v 0.0400946 0.0153909 0.0614996
v 0.0388105 0.0172795 0.0615032
v 0.0373873 0.0190498 0.0615072
v 0.0359017 0.0207278 0.0615109
v 0.0344173 0.0223509 0.0615139
v 0.0329738 0.0239568 0.0615161
v 0.0315819 0.0255745 0.0615174
v 0.0302254 0.0272151 0.0615181
v 0.0288690 0.0288690 0.0615182
v 0.0274689 0.0305073 0.0615177
v 0.0259856 0.0320895 0.0615163
v 0.0243921 0.0335728 0.0615137
v 0.0226798 0.0349238 0.0615095
v 0.0208575 0.0361263 0.0615031
v 0.0189467 0.0371850 0.0614942
v 0.0169736 0.0381234 0.0614825
v 0.0149613 0.0389756 0.0614680
v 0.0129239 0.0397757 0.0614508
v 0.0108640 0.0405451 0.0614309
v 0.0087752 0.0412843 0.0614082
v 0.0066471 0.0419684 0.0613824
v 0.0044722 0.0425503 0.0613532
v 0.0022519 0.0429694 0.0613201
v 0.0000000 0.0431651 0.0612830
v -0.0022583 0.0430912 0.0612421
v -0.0044909 0.0427278 0.0611979
v -0.0066661 0.0420878 0.0611514
v -0.0087608 0.0412165 0.0611038
v -0.0107671 0.0401833 0.0610561
v -0.0126942 0.0390688 0.0610091
v -0.0145671 0.0379485 0.0609633
v -0.0164194 0.0368787 0.0609186
v -0.0182848 0.0358860 0.0608750
v -0.0201866 0.0349642 0.0608322
v -0.0221306 0.0340781 0.0607903
v -0.0241017 0.0331732 0.0607497
v -0.0260662 0.0321891 0.0607111
v -0.0279783 0.0310730 0.0606752
v -0.0297906 0.0297906 0.0606430
v -0.0314649 0.0283311 0.0606149
v -0.0329798 0.0267065 0.0605910
v -0.0343352 0.0249460 0.0605712
v -0.0355497 0.0230863 0.0605550
v -0.0366539 0.0211621 0.0605420
v -0.0376792 0.0191985 0.0605316
v -0.0386475 0.0172070 0.0605237
v -0.0395620 0.0151864 0.0605180
v -0.0404042 0.0131281 0.0605145
v -0.0411363 0.0110224 0.0605128
v -0.0417098 0.0088657 0.0605128
v -0.0420779 0.0066645 0.0605138
v -0.0422084 0.0044363 0.0605153
v -0.0420942 0.0022061 0.0605167
v -0.0417578 0.0000000 0.0605177
v -0.0412497 -0.0021618 0.0605182
v -0.0406388 -0.0042713 0.0605184
v -0.0399995 -0.0063353 0.0605184
v -0.0393953 -0.0083737 0.0605185
v -0.0388659 -0.0104141 0.0605189
v -0.0384183 -0.0124829 0.0605196
v -0.0380257 -0.0145967 0.0605206
v -0.0376333 -0.0167554 0.0605217
v -0.0371705 -0.0189393 0.0605226
v -0.0365658 -0.0211113 0.0605230
v -0.0357611 -0.0232236 0.0605224
v -0.0347233 -0.0252280 0.0605209
v -0.0334483 -0.0270859 0.0605185
v -0.0319596 -0.0287765 0.0605159
v -0.0303005 -0.0303005 0.0605137
v -0.0285227 -0.0316777 0.0605127
v -0.0266748 -0.0329407 0.0605133
v -0.0247927 -0.0341243 0.0605157
v -0.0228946 -0.0352546 0.0605202
v -0.0209816 -0.0363411 0.0605268
v -0.0190424 -0.0373728 0.0605357
v -0.0170614 -0.0383204 0.0605472
v -0.0150262 -0.0391447 0.0605618
v -0.0129341 -0.0398070 0.0605799
v -0.0107935 -0.0402818 0.0606018
v -0.0086224 -0.0405653 0.0606276
v -0.0064430 -0.0406795 0.0606572
v -0.0042745 -0.0406695 0.0606900
v -0.0021274 -0.0405941 0.0607254
v -0.0000000 -0.0405131 0.0607627
v 0.0021211 -0.0404723 0.0608017
v 0.0042559 -0.0404920 0.0608421
v 0.0064241 -0.0405602 0.0608843
v 0.0086368 -0.0406331 0.0609283
v 0.0108904 -0.0406436 0.0609743
v 0.0131638 -0.0405139 0.0610220
v 0.0154205 -0.0401718 0.0610706
v 0.0176156 -0.0395652 0.0611192
v 0.0197043 -0.0386718 0.0611665
v 0.0216525 -0.0375032 0.0612113
v 0.0234438 -0.0361003 0.0612529
v 0.0250831 -0.0345239 0.0612908
v 0.0265942 -0.0328411 0.0613251
v 0.0280134 -0.0311120 0.0613560
v 0.0293788 -0.0293788 0.0613839
v 0.0307202 -0.0276606 0.0614093
v 0.0320504 -0.0259539 0.0614321
v 0.0333619 -0.0242388 0.0614523
v 0.0346287 -0.0224881 0.0614696
v 0.0358136 -0.0206770 0.0614840
v 0.0368786 -0.0187906 0.0614953
v 0.0377963 -0.0168280 0.0615038
v 0.0385583 -0.0148011 0.0615099
v 0.0391785 -0.0127299 0.0615140
v 0.0396907 -0.0106351 0.0615166
v 0.0401399 -0.0085320 0.0615179
v 0.0405701 -0.0064257 0.0615182
v 0.0410114 -0.0043105 0.0615175
v 0.0414693 -0.0021733 0.0615157
v 0.0406207 0.0000000 0.0636362
v 0.0410020 0.0021488 0.0636339
v 0.0412608 0.0043367 0.0636311
v 0.0413263 0.0065454 0.0636284
v 0.0411381 0.0087442 0.0636263
v 0.0406601 0.0108948 0.0636254
v 0.0398881 0.0129604 0.0636259
v 0.0388516 0.0149137 0.0636276
v 0.0376073 0.0167438 0.0636301
v 0.0362282 0.0184592 0.0636328
v 0.0347886 0.0200852 0.0636351
v 0.0333503 0.0216579 0.0636368
v 0.0319515 0.0232141 0.0636378
v 0.0306027 0.0247816 0.0636382
v 0.0292884 0.0263714 0.0636381
v 0.0279739 0.0279739 0.0636374
v 0.0266173 0.0295615 0.0636362
v 0.0251799 0.0310946 0.0636341
v 0.0236359 0.0325320 0.0636310
v 0.0219767 0.0338411 0.0636263
v 0.0202109 0.0350063 0.0636196
v 0.0183593 0.0360322 0.0636107
v 0.0164474 0.0369414 0.0635994
v 0.0144975 0.0377673 0.0635856
v 0.0125232 0.0385425 0.0635696
v 0.0105272 0.0392881 0.0635512
v 0.0085032 0.0400044 0.0635305
v 0.0064411 0.0406673 0.0635072
v 0.0043336 0.0412311 0.0634810
v 0.0021821 0.0416372 0.0634514
v 0.0000000 0.0418269 0.0634184
v -0.0021883 0.0417552 0.0633822
v -0.0043516 0.0414031 0.0633432
v -0.0064594 0.0407830 0.0633023
v -0.0084892 0.0399387 0.0632604
v -0.0104333 0.0389375 0.0632185
v -0.0123007 0.0378575 0.0631773
v -0.0141154 0.0367720 0.0631371
v -0.0159104 0.0357353 0.0630979
v -0.0177179 0.0347734 0.0630595
v -0.0195608 0.0338802 0.0630218
v -0.0214445 0.0330216 0.0629848
v -0.0233545 0.0321447 0.0629489
v -0.0252580 0.0311911 0.0629145
v -0.0271108 0.0301096 0.0628825
v -0.0288670 0.0288670 0.0628536
v -0.0304894 0.0274527 0.0628281
v -0.0319573 0.0258785 0.0628062
v -0.0332707 0.0241726 0.0627879
v -0.0344476 0.0223705 0.0627727
v -0.0355175 0.0205060 0.0627602
v -0.0365111 0.0186033 0.0627500
v -0.0374493 0.0166735 0.0627419
v -0.0383355 0.0147156 0.0627357
v -0.0391516 0.0127211 0.0627314
v -0.0398609 0.0106807 0.0627288
v -0.0404166 0.0085908 0.0627276
v -0.0407733 0.0064579 0.0627275
v -0.0408998 0.0042987 0.0627281
v -0.0407891 0.0021377 0.0627287
v -0.0404632 0.0000000 0.0627292
v -0.0399708 -0.0020948 0.0627295
v -0.0393789 -0.0041389 0.0627296
v -0.0387594 -0.0061389 0.0627297
v -0.0381740 -0.0081141 0.0627297
v -0.0376610 -0.0100912 0.0627300
v -0.0372273 -0.0120959 0.0627304
v -0.0368468 -0.0141442 0.0627310
v -0.0364666 -0.0162360 0.0627316
v -0.0360181 -0.0183522 0.0627322
v -0.0354321 -0.0204567 0.0627324
v -0.0346524 -0.0225036 0.0627321
v -0.0336468 -0.0244458 0.0627311
v -0.0324113 -0.0262461 0.0627297
v -0.0309687 -0.0278844 0.0627283
v -0.0293611 -0.0293611 0.0627275
v -0.0276384 -0.0306956 0.0627278
v -0.0258478 -0.0319194 0.0627296
v -0.0240241 -0.0330663 0.0627330
v -0.0221848 -0.0341616 0.0627382
v -0.0203311 -0.0352144 0.0627451
v -0.0184520 -0.0362141 0.0627541
v -0.0165324 -0.0371324 0.0627653
v -0.0145604 -0.0379311 0.0627791
v -0.0125331 -0.0385729 0.0627959
v -0.0104589 -0.0390330 0.0628161
v -0.0083551 -0.0393077 0.0628397
v -0.0062433 -0.0394183 0.0628664
v -0.0041420 -0.0394086 0.0628958
v -0.0020615 -0.0393356 0.0629273
v -0.0000000 -0.0392570 0.0629604
v 0.0020553 -0.0392175 0.0629949
v 0.0041239 -0.0392366 0.0630306
v 0.0062249 -0.0393027 0.0630677
v 0.0083691 -0.0393734 0.0631064
v 0.0105528 -0.0393835 0.0631468
v 0.0127556 -0.0392578 0.0631886
v 0.0149424 -0.0389264 0.0632313
v 0.0170694 -0.0383385 0.0632740
v 0.0190934 -0.0374729 0.0633155
v 0.0209812 -0.0363405 0.0633551
v 0.0227170 -0.0349811 0.0633918
v 0.0243054 -0.0334535 0.0634254
v 0.0257697 -0.0318229 0.0634558
v 0.0271449 -0.0301474 0.0634835
v 0.0284680 -0.0284680 0.0635086
v 0.0297677 -0.0268030 0.0635315
v 0.0310567 -0.0251492 0.0635523
v 0.0323276 -0.0234874 0.0635709
v 0.0335551 -0.0217909 0.0635871
v 0.0347032 -0.0200359 0.0636008
v 0.0357352 -0.0182080 0.0636118
v 0.0366245 -0.0163063 0.0636203
v 0.0373629 -0.0143423 0.0636267
v 0.0379638 -0.0123352 0.0636313
v 0.0384601 -0.0103054 0.0636345
v 0.0388954 -0.0082675 0.0636366
v 0.0393123 -0.0062265 0.0636379
v 0.0397399 -0.0041768 0.0636382
v 0.0401837 -0.0021059 0.0636377
v 0.0391388 0.0000000 0.0657023
v 0.0395062 0.0020704 0.0657013
v 0.0397556 0.0041785 0.0656999
v 0.0398186 0.0063067 0.0656983
v 0.0396373 0.0084252 0.0656970
v 0.0391768 0.0104974 0.0656965
v 0.0384330 0.0124876 0.0656968
v 0.0374342 0.0143697 0.0656978
v 0.0362353 0.0161330 0.0656993
v 0.0349065 0.0177858 0.0657008
v 0.0335195 0.0193525 0.0657019
v 0.0321336 0.0208678 0.0657024
v 0.0307859 0.0223672 0.0657024
v 0.0294863 0.0238776 0.0657019
v 0.0282199 0.0254093 0.0657011
v 0.0269534 0.0269534 0.0656998
v 0.0256463 0.0284831 0.0656980
v 0.0242613 0.0299603 0.0656954
v 0.0227736 0.0313452 0.0656918
v 0.0211749 0.0326065 0.0656867
v 0.0194736 0.0337292 0.0656799
v 0.0176896 0.0347177 0.0656711
v 0.0158474 0.0355938 0.0656603
v 0.0139686 0.0363895 0.0656474
v 0.0120664 0.0371364 0.0656326
v 0.0101432 0.0378548 0.0656158
v 0.0081930 0.0385450 0.0655972
v 0.0062061 0.0391837 0.0655763
v 0.0041755 0.0397270 0.0655530
v 0.0021025 0.0401183 0.0655269
v 0.0000000 0.0403010 0.0654980
v -0.0021085 0.0402320 0.0654663
v -0.0041929 0.0398927 0.0654323
v -0.0062237 0.0392952 0.0653968
v -0.0081795 0.0384817 0.0653605
v -0.0100527 0.0375171 0.0653242
v -0.0118519 0.0364765 0.0652885
v -0.0136005 0.0354305 0.0652536
v -0.0153300 0.0344317 0.0652197
v -0.0170716 0.0335048 0.0651864
v -0.0188472 0.0326443 0.0651536
v -0.0206622 0.0318170 0.0651214
v -0.0225025 0.0309721 0.0650900
v -0.0243366 0.0300532 0.0650598
v -0.0261218 0.0290112 0.0650316
v -0.0278139 0.0278139 0.0650058
v -0.0293771 0.0264512 0.0649830
v -0.0307915 0.0249345 0.0649632
v -0.0320570 0.0232907 0.0649464
v -0.0331909 0.0215544 0.0649323
v -0.0342218 0.0197580 0.0649204
v -0.0351791 0.0179247 0.0649105
v -0.0360831 0.0160653 0.0649024
v -0.0369370 0.0141788 0.0648959
v -0.0377233 0.0122570 0.0648909
v -0.0384068 0.0102911 0.0648875
v -0.0389422 0.0082774 0.0648854
v -0.0392859 0.0062223 0.0648844
v -0.0394078 0.0041419 0.0648841
v -0.0393011 0.0020597 0.0648841
v -0.0389871 0.0000000 0.0648842
v -0.0385126 -0.0020184 0.0648843
v -0.0379423 -0.0039879 0.0648843
v -0.0373454 -0.0059149 0.0648844
v -0.0367813 -0.0078181 0.0648844
v -0.0362871 -0.0097231 0.0648845
v -0.0358692 -0.0116546 0.0648846
v -0.0355026 -0.0136282 0.0648849
v -0.0351363 -0.0156437 0.0648852
v -0.0347042 -0.0176827 0.0648854
v -0.0341395 -0.0197105 0.0648856
v -0.0333883 -0.0216826 0.0648854
v -0.0324193 -0.0235540 0.0648849
v -0.0312289 -0.0252887 0.0648844
v -0.0298390 -0.0268671 0.0648841
v -0.0282899 -0.0282899 0.0648845
v -0.0266301 -0.0295758 0.0648859
v -0.0249049 -0.0307550 0.0648887
v -0.0231477 -0.0318600 0.0648929
v -0.0213755 -0.0329154 0.0648985
v -0.0195894 -0.0339298 0.0649057
v -0.0177789 -0.0348930 0.0649145
v -0.0159293 -0.0357778 0.0649253
v -0.0140292 -0.0365473 0.0649383
v -0.0120759 -0.0371657 0.0649538
v -0.0100773 -0.0376090 0.0649722
v -0.0080503 -0.0378737 0.0649934
v -0.0060155 -0.0379803 0.0650172
v -0.0039909 -0.0379709 0.0650433
v -0.0019863 -0.0379006 0.0650710
v -0.0000000 -0.0378249 0.0651001
v 0.0019803 -0.0377869 0.0651302
v 0.0039735 -0.0378053 0.0651612
v 0.0059978 -0.0378689 0.0651935
v 0.0080638 -0.0379370 0.0652270
v 0.0101678 -0.0379468 0.0652620
v 0.0122903 -0.0378257 0.0652983
v 0.0143973 -0.0375063 0.0653352
v 0.0164467 -0.0369399 0.0653722
v 0.0183969 -0.0361059 0.0654083
v 0.0202158 -0.0350148 0.0654427
v 0.0218882 -0.0337049 0.0654747
v 0.0234187 -0.0322331 0.0655041
v 0.0248296 -0.0306620 0.0655308
v 0.0261546 -0.0290477 0.0655552
v 0.0274294 -0.0274294 0.0655776
v 0.0286818 -0.0258252 0.0655981
v 0.0299237 -0.0242318 0.0656168
v 0.0311482 -0.0226305 0.0656338
v 0.0323310 -0.0209960 0.0656488
v 0.0334372 -0.0193050 0.0656616
v 0.0344316 -0.0175438 0.0656722
v 0.0352884 -0.0157114 0.0656806
v 0.0359998 -0.0138190 0.0656872
v 0.0365789 -0.0118852 0.0656921
v 0.0370571 -0.0099294 0.0656958
v 0.0374765 -0.0079659 0.0656986
v 0.0378782 -0.0059993 0.0657006
v 0.0382902 -0.0040245 0.0657019
v 0.0387177 -0.0020291 0.0657025
v 0.0374861 0.0000000 0.0677003
v 0.0378380 0.0019830 0.0677005
v 0.0380769 0.0040020 0.0677002
v 0.0381372 0.0060403 0.0676996
v 0.0379636 0.0080694 0.0676990
v 0.0375225 0.0100541 0.0676987
v 0.0368101 0.0119603 0.0676989
v 0.0358535 0.0137629 0.0676994
v 0.0347052 0.0154518 0.0677000
v 0.0334325 0.0170347 0.0677004
v 0.0321041 0.0185353 0.0677005
v 0.0307767 0.0199866 0.0677001
v 0.0294859 0.0214227 0.0676992
v 0.0282412 0.0228693 0.0676981
v 0.0270283 0.0243363 0.0676966
v 0.0258153 0.0258153 0.0676948
v 0.0245633 0.0272803 0.0676926
v 0.0232369 0.0286951 0.0676896
v 0.0218119 0.0300216 0.0676857
v 0.0202808 0.0312297 0.0676804
v 0.0186513 0.0323049 0.0676737
v 0.0169426 0.0332517 0.0676652
v 0.0151782 0.0340908 0.0676549
v 0.0133788 0.0348529 0.0676430
v 0.0115568 0.0355683 0.0676295
v 0.0097149 0.0362563 0.0676145
v 0.0078470 0.0369173 0.0675979
v 0.0059440 0.0375291 0.0675795
v 0.0039992 0.0380495 0.0675591
v 0.0020137 0.0384242 0.0675364
v 0.0000000 0.0385992 0.0675113
v -0.0020194 0.0385331 0.0674840
v -0.0040158 0.0382081 0.0674548
v -0.0059609 0.0376359 0.0674243
v -0.0078341 0.0368567 0.0673933
v -0.0096282 0.0359328 0.0673623
v -0.0113515 0.0349362 0.0673319
v -0.0130262 0.0339344 0.0673021
v -0.0146826 0.0329777 0.0672731
v -0.0163507 0.0320900 0.0672446
v -0.0180513 0.0312658 0.0672166
v -0.0197897 0.0304734 0.0671889
v -0.0215523 0.0296642 0.0671618
v -0.0233090 0.0287842 0.0671357
v -0.0250188 0.0277862 0.0671112
v -0.0266394 0.0266394 0.0670886
v -0.0281366 0.0253343 0.0670684
v -0.0294913 0.0238816 0.0670507
v -0.0307033 0.0223072 0.0670355
v -0.0317894 0.0206443 0.0670225
v -0.0327767 0.0189236 0.0670115
v -0.0336936 0.0171677 0.0670020
v -0.0345595 0.0153869 0.0669940
v -0.0353773 0.0135801 0.0669874
v -0.0361304 0.0117395 0.0669821
v -0.0367850 0.0098565 0.0669781
v -0.0372978 0.0079279 0.0669752
v -0.0376270 0.0059595 0.0669735
v -0.0377437 0.0039670 0.0669725
v -0.0376416 0.0019727 0.0669720
v -0.0373408 0.0000000 0.0669717
v -0.0368864 -0.0019331 0.0669716
v -0.0363401 -0.0038195 0.0669716
v -0.0357684 -0.0056652 0.0669716
v -0.0352282 -0.0074880 0.0669716
v -0.0347548 -0.0093125 0.0669716
v -0.0343545 -0.0111625 0.0669715
v -0.0340034 -0.0130527 0.0669715
v -0.0336526 -0.0149831 0.0669714
v -0.0332387 -0.0169360 0.0669715
v -0.0326979 -0.0188782 0.0669715
v -0.0319784 -0.0207670 0.0669715
v -0.0310504 -0.0225594 0.0669714
v -0.0299102 -0.0242208 0.0669716
v -0.0285790 -0.0257326 0.0669722
v -0.0270953 -0.0270953 0.0669736
v -0.0255056 -0.0283269 0.0669759
v -0.0238532 -0.0294563 0.0669794
v -0.0221702 -0.0305147 0.0669842
v -0.0204729 -0.0315255 0.0669901
v -0.0187622 -0.0324970 0.0669973
v -0.0170281 -0.0334196 0.0670059
v -0.0152567 -0.0342670 0.0670160
v -0.0134368 -0.0350040 0.0670281
v -0.0115660 -0.0355963 0.0670422
v -0.0096518 -0.0360209 0.0670588
v -0.0077104 -0.0362744 0.0670776
v -0.0057615 -0.0363765 0.0670986
v -0.0038224 -0.0363675 0.0671214
v -0.0019024 -0.0363001 0.0671455
v -0.0000000 -0.0362277 0.0671706
v 0.0018967 -0.0361912 0.0671965
v 0.0038057 -0.0362089 0.0672231
v 0.0057446 -0.0362698 0.0672507
v 0.0077233 -0.0363351 0.0672794
v 0.0097385 -0.0363444 0.0673093
v 0.0117713 -0.0362284 0.0673402
v 0.0137894 -0.0359225 0.0673718
v 0.0157522 -0.0353801 0.0674033
v 0.0176200 -0.0345812 0.0674342
v 0.0193621 -0.0335362 0.0674637
v 0.0209640 -0.0322817 0.0674912
v 0.0224298 -0.0308720 0.0675166
v 0.0237811 -0.0293673 0.0675398
v 0.0250502 -0.0278211 0.0675610
v 0.0262712 -0.0262712 0.0675806
v 0.0274706 -0.0247347 0.0675987
v 0.0286602 -0.0232085 0.0676154
v 0.0298329 -0.0216749 0.0676306
v 0.0309658 -0.0201094 0.0676443
v 0.0320253 -0.0184898 0.0676562
v 0.0329777 -0.0168030 0.0676662
v 0.0337983 -0.0150480 0.0676744
v 0.0344797 -0.0132355 0.0676809
v 0.0350343 -0.0113833 0.0676861
v 0.0354923 -0.0095101 0.0676901
v 0.0358940 -0.0076295 0.0676933
v 0.0362787 -0.0057460 0.0676959
v 0.0366733 -0.0038545 0.0676980
v 0.0370828 -0.0019434 0.0676995
v 0.0356742 0.0000000 0.0696202
v 0.0360091 0.0018872 0.0696213
v 0.0362364 0.0038086 0.0696219
v 0.0362939 0.0057484 0.0696220
v 0.0361286 0.0076794 0.0696220
v 0.0357088 0.0095681 0.0696220
v 0.0350309 0.0113822 0.0696220
v 0.0341205 0.0130976 0.0696221
v 0.0330277 0.0147049 0.0696220
v 0.0318166 0.0162114 0.0696216
v 0.0305523 0.0176394 0.0696208
v 0.0292891 0.0190206 0.0696196
v 0.0280607 0.0203873 0.0696182
v 0.0268762 0.0217639 0.0696165
v 0.0257218 0.0231601 0.0696146
v 0.0245675 0.0245675 0.0696125
v 0.0233761 0.0259618 0.0696100
v 0.0221137 0.0273082 0.0696068
v 0.0207577 0.0285705 0.0696027
v 0.0193005 0.0297202 0.0695975
v 0.0177498 0.0307435 0.0695910
v 0.0161237 0.0316445 0.0695829
v 0.0144446 0.0324430 0.0695735
v 0.0127321 0.0331683 0.0695627
v 0.0109982 0.0338491 0.0695506
v 0.0092453 0.0345039 0.0695373
v 0.0074677 0.0351329 0.0695227
v 0.0056567 0.0357151 0.0695067
v 0.0038059 0.0362103 0.0694891
v 0.0019164 0.0365670 0.0694697
v 0.0000000 0.0367335 0.0694483
v -0.0019218 0.0366706 0.0694251
v -0.0038217 0.0363613 0.0694004
v -0.0056728 0.0358167 0.0693748
v -0.0074555 0.0350752 0.0693487
v -0.0091628 0.0341960 0.0693226
v -0.0108028 0.0332475 0.0692971
v -0.0123966 0.0322942 0.0692721
v -0.0139729 0.0313837 0.0692477
v -0.0155604 0.0305390 0.0692238
v -0.0171788 0.0297546 0.0692001
v -0.0188331 0.0290005 0.0691767
v -0.0205106 0.0282304 0.0691538
v -0.0221823 0.0273929 0.0691315
v -0.0238095 0.0264431 0.0691104
v -0.0253518 0.0253518 0.0690909
v -0.0267766 0.0241098 0.0690734
v -0.0280658 0.0227272 0.0690578
v -0.0292192 0.0212290 0.0690443
v -0.0302528 0.0196464 0.0690326
v -0.0311924 0.0180090 0.0690224
v -0.0320650 0.0163379 0.0690136
v -0.0328890 0.0146431 0.0690060
v -0.0336673 0.0129237 0.0689994
v -0.0343840 0.0111720 0.0689939
v -0.0350070 0.0093801 0.0689896
v -0.0354950 0.0075447 0.0689863
v -0.0358083 0.0056715 0.0689839
v -0.0359194 0.0037753 0.0689824
v -0.0358222 0.0018774 0.0689815
v -0.0355359 0.0000000 0.0689810
v -0.0351035 -0.0018397 0.0689808
v -0.0345836 -0.0036349 0.0689807
v -0.0340396 -0.0053913 0.0689807
v -0.0335254 -0.0071260 0.0689807
v -0.0330749 -0.0088624 0.0689805
v -0.0326940 -0.0106229 0.0689803
v -0.0323599 -0.0124218 0.0689800
v -0.0320260 -0.0142589 0.0689798
v -0.0316321 -0.0161174 0.0689796
v -0.0311175 -0.0179657 0.0689796
v -0.0304327 -0.0197632 0.0689797
v -0.0295495 -0.0214690 0.0689800
v -0.0284645 -0.0230501 0.0689807
v -0.0271976 -0.0244888 0.0689820
v -0.0257857 -0.0257857 0.0689841
v -0.0242728 -0.0269577 0.0689871
v -0.0227003 -0.0280325 0.0689911
v -0.0210986 -0.0290397 0.0689961
v -0.0194833 -0.0300017 0.0690021
v -0.0178553 -0.0309263 0.0690091
v -0.0162051 -0.0318042 0.0690172
v -0.0145192 -0.0326107 0.0690266
v -0.0127873 -0.0333121 0.0690376
v -0.0110069 -0.0338758 0.0690503
v -0.0091853 -0.0342798 0.0690649
v -0.0073377 -0.0345211 0.0690814
v -0.0054830 -0.0346183 0.0690996
v -0.0036376 -0.0346097 0.0691192
v -0.0018105 -0.0345456 0.0691398
v -0.0000000 -0.0344766 0.0691612
v 0.0018050 -0.0344419 0.0691831
v 0.0036218 -0.0344587 0.0692056
v 0.0054669 -0.0345167 0.0692289
v 0.0073499 -0.0345788 0.0692530
v 0.0092677 -0.0345877 0.0692781
v 0.0112024 -0.0344773 0.0693041
v 0.0131229 -0.0341862 0.0693306
v 0.0149908 -0.0336700 0.0693571
v 0.0167683 -0.0329097 0.0693831
v 0.0184263 -0.0319152 0.0694079
v 0.0199507 -0.0307213 0.0694312
v 0.0213457 -0.0293798 0.0694528
v 0.0226317 -0.0279478 0.0694726
v 0.0238394 -0.0264763 0.0694908
v 0.0250014 -0.0250014 0.0695077
v 0.0261429 -0.0235391 0.0695234
v 0.0272749 -0.0220867 0.0695380
v 0.0283910 -0.0206272 0.0695516
v 0.0294690 -0.0191374 0.0695638
v 0.0304773 -0.0175961 0.0695746
v 0.0313837 -0.0159908 0.0695839
v 0.0321647 -0.0143206 0.0695917
v 0.0328131 -0.0125958 0.0695980
v 0.0333409 -0.0108331 0.0696031
v 0.0337767 -0.0090505 0.0696074
v 0.0341590 -0.0072607 0.0696109
v 0.0345252 -0.0054682 0.0696139
v 0.0349007 -0.0036682 0.0696164
v 0.0352904 -0.0018495 0.0696185
v 0.0337150 0.0000000 0.0714524
v 0.0340314 0.0017835 0.0714541
v 0.0342463 0.0035994 0.0714554
v 0.0343006 0.0054327 0.0714562
v 0.0341444 0.0072576 0.0714566
v 0.0337477 0.0090427 0.0714567
v 0.0331069 0.0107571 0.0714566
v 0.0322466 0.0123783 0.0714563
v 0.0312138 0.0138973 0.0714557
v 0.0300692 0.0153210 0.0714547
v 0.0288744 0.0166706 0.0714533
v 0.0276805 0.0179759 0.0714517
v 0.0265196 0.0192676 0.0714498
v 0.0254001 0.0205686 0.0714478
v 0.0243092 0.0218881 0.0714457
v 0.0232182 0.0232182 0.0714434
v 0.0220922 0.0245359 0.0714408
v 0.0208992 0.0258084 0.0714375
v 0.0196176 0.0270014 0.0714335
v 0.0182405 0.0280879 0.0714285
v 0.0167749 0.0290550 0.0714223
v 0.0152381 0.0299065 0.0714150
v 0.0136512 0.0306612 0.0714064
v 0.0120328 0.0313466 0.0713968
v 0.0103942 0.0319901 0.0713861
v 0.0087375 0.0326089 0.0713746
v 0.0070576 0.0332034 0.0713621
v 0.0053461 0.0337536 0.0713484
v 0.0035968 0.0342216 0.0713335
v 0.0018111 0.0345587 0.0713171
v 0.0000000 0.0347161 0.0712992
v -0.0018163 0.0346566 0.0712799
v -0.0036118 0.0343643 0.0712594
v -0.0053613 0.0338496 0.0712382
v -0.0070460 0.0331489 0.0712166
v -0.0086596 0.0323179 0.0711951
v -0.0102095 0.0314216 0.0711740
v -0.0117157 0.0305205 0.0711535
v -0.0132055 0.0296601 0.0711333
v -0.0147058 0.0288617 0.0711136
v -0.0162353 0.0281204 0.0710940
v -0.0177988 0.0274078 0.0710745
v -0.0193841 0.0266800 0.0710554
v -0.0209640 0.0258884 0.0710368
v -0.0225019 0.0249908 0.0710190
v -0.0239595 0.0239595 0.0710025
v -0.0253060 0.0227856 0.0709875
v -0.0265244 0.0214790 0.0709741
v -0.0276145 0.0200631 0.0709622
v -0.0285913 0.0185674 0.0709519
v -0.0294793 0.0170199 0.0709428
v -0.0303040 0.0154407 0.0709347
v -0.0310827 0.0138389 0.0709276
v -0.0318183 0.0122139 0.0709213
v -0.0324956 0.0105585 0.0709159
v -0.0330844 0.0088649 0.0709115
v -0.0335456 0.0071303 0.0709079
v -0.0338417 0.0053600 0.0709053
v -0.0339466 0.0035679 0.0709035
v -0.0338548 0.0017743 0.0709023
v -0.0335842 0.0000000 0.0709016
v -0.0331755 -0.0017387 0.0709013
v -0.0326843 -0.0034353 0.0709012
v -0.0321701 -0.0050952 0.0709012
v -0.0316842 -0.0067347 0.0709011
v -0.0312584 -0.0083757 0.0709009
v -0.0308984 -0.0100395 0.0709006
v -0.0305827 -0.0117396 0.0709002
v -0.0302671 -0.0134758 0.0708997
v -0.0298949 -0.0152322 0.0708994
v -0.0294085 -0.0169790 0.0708993
v -0.0287613 -0.0186778 0.0708995
v -0.0279267 -0.0202899 0.0709001
v -0.0269012 -0.0217842 0.0709011
v -0.0257039 -0.0231439 0.0709029
v -0.0243695 -0.0243695 0.0709054
v -0.0229397 -0.0254772 0.0709088
v -0.0214536 -0.0264930 0.0709131
v -0.0199399 -0.0274448 0.0709181
v -0.0184133 -0.0283540 0.0709240
v -0.0168747 -0.0292278 0.0709306
v -0.0153151 -0.0300575 0.0709381
v -0.0137218 -0.0308197 0.0709466
v -0.0120850 -0.0314826 0.0709563
v -0.0104024 -0.0320153 0.0709675
v -0.0086808 -0.0323972 0.0709802
v -0.0069347 -0.0326252 0.0709944
v -0.0051819 -0.0327170 0.0710099
v -0.0034378 -0.0327089 0.0710264
v -0.0017110 -0.0326483 0.0710437
v -0.0000000 -0.0325831 0.0710616
v 0.0017059 -0.0325504 0.0710799
v 0.0034228 -0.0325662 0.0710986
v 0.0051667 -0.0326210 0.0711178
v 0.0069463 -0.0326797 0.0711377
v 0.0087588 -0.0326881 0.0711584
v 0.0105871 -0.0325838 0.0711798
v 0.0124021 -0.0323087 0.0712017
v 0.0141675 -0.0318208 0.0712236
v 0.0158474 -0.0311023 0.0712450
v 0.0174143 -0.0301624 0.0712656
v 0.0188550 -0.0290341 0.0712850
v 0.0201734 -0.0277663 0.0713030
v 0.0213887 -0.0264129 0.0713196
v 0.0225301 -0.0250222 0.0713349
v 0.0236283 -0.0236283 0.0713492
v 0.0247071 -0.0222463 0.0713626
v 0.0257769 -0.0208737 0.0713753
v 0.0268317 -0.0194944 0.0713870
v 0.0278506 -0.0180864 0.0713978
v 0.0288035 -0.0166297 0.0714074
v 0.0296601 -0.0151126 0.0714158
v 0.0303982 -0.0135341 0.0714230
v 0.0310110 -0.0119040 0.0714290
v 0.0315098 -0.0102381 0.0714339
v 0.0319217 -0.0085534 0.0714381
v 0.0322830 -0.0068620 0.0714417
v 0.0326290 -0.0051679 0.0714448
v 0.0329839 -0.0034667 0.0714477
v 0.0333522 -0.0017479 0.0714503
v 0.0316202 0.0000000 0.0731881
v 0.0319170 0.0016727 0.0731902
v 0.0321185 0.0033758 0.0731918
v 0.0321694 0.0050951 0.0731930
v 0.0320230 0.0068067 0.0731937
v 0.0316509 0.0084808 0.0731939
v 0.0310500 0.0100887 0.0731938
v 0.0302431 0.0116092 0.0731932
v 0.0292745 0.0130338 0.0731923
v 0.0282010 0.0143691 0.0731909
v 0.0270804 0.0156349 0.0731892
v 0.0259607 0.0168591 0.0731872
v 0.0248719 0.0180705 0.0731852
v 0.0238220 0.0192907 0.0731830
v 0.0227988 0.0205282 0.0731809
v 0.0217756 0.0217756 0.0731785
v 0.0207196 0.0230115 0.0731759
v 0.0196007 0.0242049 0.0731728
v 0.0183988 0.0253237 0.0731690
v 0.0171072 0.0263428 0.0731644
v 0.0157327 0.0272498 0.0731587
v 0.0142914 0.0280484 0.0731521
v 0.0128031 0.0287562 0.0731446
v 0.0112852 0.0293990 0.0731362
v 0.0097484 0.0300025 0.0731271
v 0.0081947 0.0305829 0.0731173
v 0.0066191 0.0311404 0.0731067
v 0.0050139 0.0316565 0.0730954
v 0.0033734 0.0320954 0.0730830
v 0.0016986 0.0324115 0.0730695
v 0.0000000 0.0325591 0.0730548
v -0.0017034 0.0325034 0.0730390
v -0.0033874 0.0322292 0.0730223
v -0.0050282 0.0317465 0.0730051
v -0.0066082 0.0310893 0.0729876
v -0.0081215 0.0303100 0.0729703
v -0.0095752 0.0294693 0.0729533
v -0.0109878 0.0286243 0.0729366
v -0.0123851 0.0278173 0.0729204
v -0.0137921 0.0270685 0.0729043
v -0.0152266 0.0263733 0.0728884
v -0.0166930 0.0257049 0.0728726
v -0.0181798 0.0250223 0.0728570
v -0.0196615 0.0242800 0.0728417
v -0.0211038 0.0234381 0.0728271
v -0.0224708 0.0224708 0.0728134
v -0.0237337 0.0213699 0.0728008
v -0.0248764 0.0201445 0.0727894
v -0.0258988 0.0188166 0.0727794
v -0.0268149 0.0174138 0.0727704
v -0.0276478 0.0159624 0.0727624
v -0.0284212 0.0144813 0.0727553
v -0.0291515 0.0129791 0.0727489
v -0.0298414 0.0114550 0.0727431
v -0.0304766 0.0099024 0.0727380
v -0.0310288 0.0083141 0.0727337
v -0.0314614 0.0066873 0.0727301
v -0.0317390 0.0050270 0.0727274
v -0.0318375 0.0033463 0.0727254
v -0.0317513 0.0016640 0.0727241
v -0.0314976 0.0000000 0.0727233
v -0.0311143 -0.0016306 0.0727230
v -0.0306536 -0.0032218 0.0727228
v -0.0301713 -0.0047787 0.0727228
v -0.0297156 -0.0063162 0.0727227
v -0.0293163 -0.0078553 0.0727225
v -0.0289787 -0.0094157 0.0727221
v -0.0286825 -0.0110102 0.0727216
v -0.0283865 -0.0126385 0.0727210
v -0.0280375 -0.0142858 0.0727206
v -0.0275813 -0.0159241 0.0727205
v -0.0269744 -0.0175174 0.0727207
v -0.0261915 -0.0190293 0.0727214
v -0.0252298 -0.0204307 0.0727227
v -0.0241069 -0.0217059 0.0727248
v -0.0228554 -0.0228554 0.0727275
v -0.0215145 -0.0238942 0.0727310
v -0.0201206 -0.0248469 0.0727352
v -0.0187010 -0.0257397 0.0727401
v -0.0172692 -0.0265923 0.0727455
v -0.0158262 -0.0274118 0.0727516
v -0.0143635 -0.0281900 0.0727583
v -0.0128693 -0.0289048 0.0727658
v -0.0113342 -0.0295265 0.0727743
v -0.0097561 -0.0300262 0.0727839
v -0.0081414 -0.0303843 0.0727946
v -0.0065038 -0.0305981 0.0728066
v -0.0048599 -0.0306843 0.0728195
v -0.0032242 -0.0306767 0.0728332
v -0.0016047 -0.0306198 0.0728475
v -0.0000000 -0.0305587 0.0728621
v 0.0015999 -0.0305280 0.0728770
v 0.0032102 -0.0305428 0.0728922
v 0.0048457 -0.0305942 0.0729078
v 0.0065147 -0.0306493 0.0729239
v 0.0082146 -0.0306572 0.0729406
v 0.0099293 -0.0305593 0.0729579
v 0.0116316 -0.0303013 0.0729756
v 0.0132873 -0.0298437 0.0729933
v 0.0148628 -0.0291699 0.0730107
v 0.0163323 -0.0282884 0.0730274
v 0.0176835 -0.0272302 0.0730431
v 0.0189200 -0.0260411 0.0730578
v 0.0200598 -0.0247718 0.0730715
v 0.0211303 -0.0234676 0.0730841
v 0.0221602 -0.0221602 0.0730960
v 0.0231720 -0.0208642 0.0731072
v 0.0241754 -0.0195768 0.0731179
v 0.0251646 -0.0182832 0.0731279
v 0.0261202 -0.0169626 0.0731371
v 0.0270139 -0.0155965 0.0731455
v 0.0278172 -0.0141736 0.0731529
v 0.0285095 -0.0126932 0.0731593
v 0.0290842 -0.0111644 0.0731648
v 0.0295520 -0.0096020 0.0731694
v 0.0299384 -0.0080220 0.0731733
v 0.0302772 -0.0064356 0.0731768
v 0.0306017 -0.0048468 0.0731800
v 0.0309346 -0.0032514 0.0731829
v 0.0312800 -0.0016393 0.0731857
v 0.0294018 0.0000000 0.0748189
v 0.0296778 0.0015553 0.0748211
v 0.0298651 0.0031390 0.0748229
v 0.0299125 0.0047377 0.0748243
v 0.0297763 0.0063291 0.0748251
v 0.0294303 0.0078858 0.0748255
v 0.0288716 0.0093809 0.0748253
v 0.0281213 0.0107947 0.0748246
v 0.0272206 0.0121194 0.0748235
v 0.0262224 0.0133610 0.0748219
v 0.0251805 0.0145379 0.0748201
v 0.0241394 0.0156763 0.0748180
v 0.0231269 0.0168027 0.0748159
v 0.0221507 0.0179373 0.0748138
v 0.0211993 0.0190879 0.0748117
v 0.0202479 0.0202479 0.0748095
v 0.0192660 0.0213970 0.0748071
v 0.0182256 0.0225067 0.0748042
v 0.0171079 0.0235471 0.0748008
v 0.0159070 0.0244946 0.0747966
v 0.0146289 0.0253380 0.0747917
v 0.0132887 0.0260806 0.0747859
v 0.0119048 0.0267387 0.0747795
v 0.0104935 0.0273365 0.0747724
v 0.0090645 0.0278976 0.0747648
v 0.0076197 0.0284372 0.0747567
v 0.0061547 0.0289557 0.0747480
v 0.0046621 0.0294355 0.0747387
v 0.0031367 0.0298436 0.0747287
v 0.0015794 0.0301376 0.0747178
v 0.0000000 0.0302748 0.0747060
v -0.0015839 0.0302230 0.0746935
v -0.0031498 0.0299681 0.0746802
v -0.0046754 0.0295192 0.0746666
v -0.0061446 0.0289081 0.0746527
v -0.0075517 0.0281835 0.0746390
v -0.0089034 0.0274018 0.0746256
v -0.0102169 0.0266160 0.0746125
v -0.0115161 0.0258657 0.0745996
v -0.0128245 0.0251694 0.0745870
v -0.0141583 0.0245230 0.0745744
v -0.0155218 0.0239015 0.0745618
v -0.0169043 0.0232668 0.0745494
v -0.0182821 0.0225765 0.0745371
v -0.0196232 0.0217938 0.0745253
v -0.0208943 0.0208943 0.0745142
v -0.0220686 0.0198707 0.0745039
v -0.0231311 0.0187312 0.0744946
v -0.0240818 0.0174964 0.0744862
v -0.0249336 0.0161921 0.0744787
v -0.0257080 0.0148425 0.0744719
v -0.0264272 0.0134653 0.0744657
v -0.0271063 0.0120685 0.0744601
v -0.0277477 0.0106514 0.0744550
v -0.0283384 0.0092077 0.0744504
v -0.0288519 0.0077308 0.0744464
v -0.0292541 0.0062182 0.0744430
v -0.0295123 0.0046743 0.0744403
v -0.0296038 0.0031115 0.0744384
v -0.0295237 0.0015473 0.0744371
v -0.0292878 0.0000000 0.0744363
v -0.0289314 -0.0015162 0.0744359
v -0.0285030 -0.0029958 0.0744358
v -0.0280546 -0.0044434 0.0744357
v -0.0276308 -0.0058731 0.0744356
v -0.0272595 -0.0073042 0.0744354
v -0.0269456 -0.0087551 0.0744350
v -0.0266702 -0.0102377 0.0744344
v -0.0263950 -0.0117518 0.0744338
v -0.0260704 -0.0132835 0.0744334
v -0.0256462 -0.0148069 0.0744332
v -0.0250819 -0.0162884 0.0744335
v -0.0243540 -0.0176942 0.0744343
v -0.0234597 -0.0189973 0.0744357
v -0.0224156 -0.0201831 0.0744377
v -0.0212519 -0.0212519 0.0744405
v -0.0200050 -0.0222179 0.0744439
v -0.0187090 -0.0231037 0.0744478
v -0.0173889 -0.0239338 0.0744523
v -0.0160577 -0.0247266 0.0744572
v -0.0147159 -0.0254887 0.0744625
v -0.0133558 -0.0262123 0.0744683
v -0.0119664 -0.0268769 0.0744747
v -0.0105390 -0.0274550 0.0744819
v -0.0090716 -0.0279196 0.0744899
v -0.0075703 -0.0282526 0.0744989
v -0.0060475 -0.0284514 0.0745087
v -0.0045189 -0.0285315 0.0745192
v -0.0029980 -0.0285245 0.0745303
v -0.0014921 -0.0284716 0.0745417
v -0.0000000 -0.0284148 0.0745534
v 0.0014877 -0.0283862 0.0745653
v 0.0029850 -0.0284000 0.0745773
v 0.0045057 -0.0284478 0.0745897
v 0.0060576 -0.0284990 0.0746024
v 0.0076382 -0.0285063 0.0746157
v 0.0092327 -0.0284154 0.0746293
v 0.0108155 -0.0281754 0.0746432
v 0.0123551 -0.0277499 0.0746572
v 0.0138201 -0.0271234 0.0746710
v 0.0151865 -0.0263037 0.0746842
v 0.0164428 -0.0253198 0.0746968
v 0.0175926 -0.0242141 0.0747085
v 0.0186525 -0.0230339 0.0747194
v 0.0196478 -0.0218211 0.0747296
v 0.0206055 -0.0206055 0.0747393
v 0.0215463 -0.0194004 0.0747484
v 0.0224793 -0.0182033 0.0747571
v 0.0233991 -0.0170005 0.0747654
v 0.0242876 -0.0157726 0.0747732
v 0.0251187 -0.0145023 0.0747803
v 0.0258656 -0.0131792 0.0747866
v 0.0265093 -0.0118027 0.0747922
v 0.0270437 -0.0103811 0.0747970
v 0.0274787 -0.0089284 0.0748011
v 0.0278379 -0.0074592 0.0748047
v 0.0281530 -0.0059841 0.0748079
v 0.0284548 -0.0045068 0.0748109
v 0.0287643 -0.0030232 0.0748137
v 0.0290855 -0.0015243 0.0748164
v 0.0270714 0.0000000 0.0763371
v 0.0273255 0.0014321 0.0763393
v 0.0274980 0.0028902 0.0763411
v 0.0275416 0.0043622 0.0763425
v 0.0274162 0.0058275 0.0763433
v 0.0270976 0.0072608 0.0763437
v 0.0265832 0.0086374 0.0763435
v 0.0258924 0.0099391 0.0763428
v 0.0250631 0.0111588 0.0763416
v 0.0241440 0.0123020 0.0763400
v 0.0231846 0.0133857 0.0763382
v 0.0222261 0.0144338 0.0763363
v 0.0212939 0.0154709 0.0763343
v 0.0203950 0.0165155 0.0763324
v 0.0195190 0.0175750 0.0763305
v 0.0186430 0.0186430 0.0763285
v 0.0177389 0.0197011 0.0763263
v 0.0167810 0.0207228 0.0763238
v 0.0157520 0.0216807 0.0763208
v 0.0146462 0.0225532 0.0763172
v 0.0134694 0.0233297 0.0763131
v 0.0122354 0.0240134 0.0763083
v 0.0109613 0.0246194 0.0763029
v 0.0096618 0.0251698 0.0762972
v 0.0083460 0.0256864 0.0762910
v 0.0070158 0.0261833 0.0762844
v 0.0056669 0.0266606 0.0762775
v 0.0042926 0.0271025 0.0762702
v 0.0028881 0.0274782 0.0762623
v 0.0014543 0.0277489 0.0762538
v 0.0000000 0.0278752 0.0762446
v -0.0014584 0.0278275 0.0762348
v -0.0029001 0.0275928 0.0762246
v -0.0043048 0.0271795 0.0762141
v -0.0056576 0.0266169 0.0762034
v -0.0069532 0.0259497 0.0761929
v -0.0081977 0.0252299 0.0761826
v -0.0094071 0.0245064 0.0761725
v -0.0106034 0.0238156 0.0761626
v -0.0118080 0.0231745 0.0761529
v -0.0130361 0.0225793 0.0761432
v -0.0142915 0.0220070 0.0761335
v -0.0155645 0.0214227 0.0761238
v -0.0168331 0.0207871 0.0761143
v -0.0180678 0.0200664 0.0761050
v -0.0192382 0.0192382 0.0760963
v -0.0203194 0.0182957 0.0760881
v -0.0212978 0.0172466 0.0760807
v -0.0221730 0.0161097 0.0760739
v -0.0229574 0.0149087 0.0760678
v -0.0236704 0.0136661 0.0760622
v -0.0243326 0.0123981 0.0760571
v -0.0249579 0.0111120 0.0760523
v -0.0255484 0.0098071 0.0760480
v -0.0260923 0.0084779 0.0760440
v -0.0265651 0.0071181 0.0760404
v -0.0269354 0.0057253 0.0760374
v -0.0271731 0.0043038 0.0760350
v -0.0272574 0.0028649 0.0760332
v -0.0271837 0.0014246 0.0760319
v -0.0269664 0.0000000 0.0760312
v -0.0266383 -0.0013961 0.0760308
v -0.0262438 -0.0027583 0.0760307
v -0.0258309 -0.0040912 0.0760307
v -0.0254408 -0.0054076 0.0760306
v -0.0250989 -0.0067252 0.0760304
v -0.0248099 -0.0080612 0.0760299
v -0.0245563 -0.0094263 0.0760294
v -0.0243029 -0.0108204 0.0760288
v -0.0240041 -0.0122307 0.0760284
v -0.0236135 -0.0136333 0.0760283
v -0.0230939 -0.0149974 0.0760285
v -0.0224237 -0.0162918 0.0760293
v -0.0216003 -0.0174916 0.0760306
v -0.0206389 -0.0185834 0.0760326
v -0.0195675 -0.0195675 0.0760351
v -0.0184194 -0.0204569 0.0760382
v -0.0172261 -0.0212725 0.0760417
v -0.0160107 -0.0220368 0.0760456
v -0.0147849 -0.0227668 0.0760498
v -0.0135495 -0.0234684 0.0760543
v -0.0122972 -0.0241347 0.0760592
v -0.0110179 -0.0247466 0.0760645
v -0.0097037 -0.0252789 0.0760704
v -0.0083526 -0.0257067 0.0760769
v -0.0069702 -0.0260133 0.0760841
v -0.0055682 -0.0261963 0.0760919
v -0.0041608 -0.0262701 0.0761002
v -0.0027604 -0.0262636 0.0761089
v -0.0013739 -0.0262149 0.0761179
v -0.0000000 -0.0261626 0.0761269
v 0.0013697 -0.0261363 0.0761361
v 0.0027484 -0.0261490 0.0761455
v 0.0041486 -0.0261930 0.0761550
v 0.0055775 -0.0262401 0.0761648
v 0.0070328 -0.0262469 0.0761750
v 0.0085009 -0.0261631 0.0761854
v 0.0099583 -0.0259422 0.0761961
v 0.0113758 -0.0255505 0.0762069
v 0.0127247 -0.0249736 0.0762175
v 0.0139828 -0.0242189 0.0762277
v 0.0151396 -0.0233129 0.0762374
v 0.0161982 -0.0222949 0.0762465
v 0.0171741 -0.0212082 0.0762550
v 0.0180905 -0.0200916 0.0762630
v 0.0189723 -0.0189723 0.0762706
v 0.0198385 -0.0178627 0.0762779
v 0.0206975 -0.0167605 0.0762848
v 0.0215445 -0.0156530 0.0762915
v 0.0223626 -0.0145224 0.0762978
v 0.0231277 -0.0133528 0.0763036
v 0.0238155 -0.0121346 0.0763088
v 0.0244082 -0.0108672 0.0763135
v 0.0249002 -0.0095583 0.0763176
v 0.0253007 -0.0082207 0.0763211
v 0.0256315 -0.0068679 0.0763242
v 0.0259216 -0.0055098 0.0763270
v 0.0261994 -0.0041496 0.0763297
v 0.0264844 -0.0027836 0.0763323
v 0.0267801 -0.0014035 0.0763348
v 0.0246405 0.0000000 0.0777356
v 0.0248718 0.0013035 0.0777375
v 0.0250288 0.0026306 0.0777391
v 0.0250685 0.0039705 0.0777404
v 0.0249544 0.0053042 0.0777412
v 0.0246644 0.0066088 0.0777416
v 0.0241961 0.0078618 0.0777414
v 0.0235673 0.0090467 0.0777407
v 0.0228126 0.0101568 0.0777396
v 0.0219760 0.0111973 0.0777382
v 0.0211028 0.0121837 0.0777366
v 0.0202303 0.0131377 0.0777348
v 0.0193818 0.0140817 0.0777331
v 0.0185636 0.0150325 0.0777314
v 0.0177663 0.0159969 0.0777298
v 0.0169690 0.0169690 0.0777281
v 0.0161461 0.0179320 0.0777263
v 0.0152741 0.0188620 0.0777242
v 0.0143375 0.0197339 0.0777217
v 0.0133310 0.0205280 0.0777188
v 0.0122599 0.0212348 0.0777154
v 0.0111368 0.0218571 0.0777115
v 0.0099770 0.0224087 0.0777073
v 0.0087942 0.0229096 0.0777027
v 0.0075966 0.0233799 0.0776979
v 0.0063858 0.0238321 0.0776929
v 0.0051580 0.0242666 0.0776875
v 0.0039072 0.0246688 0.0776819
v 0.0026287 0.0250108 0.0776759
v 0.0013237 0.0252571 0.0776694
v 0.0000000 0.0253722 0.0776625
v -0.0013274 0.0253287 0.0776552
v -0.0026397 0.0251151 0.0776476
v -0.0039183 0.0247389 0.0776397
v -0.0051496 0.0242268 0.0776318
v -0.0063288 0.0236195 0.0776240
v -0.0074616 0.0229644 0.0776163
v -0.0085624 0.0223059 0.0776088
v -0.0096512 0.0216770 0.0776015
v -0.0107477 0.0210935 0.0775942
v -0.0118656 0.0205518 0.0775869
v -0.0130082 0.0200309 0.0775797
v -0.0141668 0.0194990 0.0775724
v -0.0153215 0.0189205 0.0775652
v -0.0164454 0.0182645 0.0775583
v -0.0175107 0.0175107 0.0775516
v -0.0184948 0.0166528 0.0775453
v -0.0193853 0.0156979 0.0775396
v -0.0201820 0.0146631 0.0775343
v -0.0208959 0.0135700 0.0775295
v -0.0215449 0.0124390 0.0775251
v -0.0221476 0.0112848 0.0775210
v -0.0227168 0.0101142 0.0775172
v -0.0232543 0.0089265 0.0775136
v -0.0237493 0.0077166 0.0775103
v -0.0241796 0.0064789 0.0775073
v -0.0245167 0.0052112 0.0775048
v -0.0247331 0.0039173 0.0775027
v -0.0248098 0.0026076 0.0775011
v -0.0247427 0.0012967 0.0775000
v -0.0245450 0.0000000 0.0774994
v -0.0242463 -0.0012707 0.0774990
v -0.0238872 -0.0025106 0.0774989
v -0.0235114 -0.0037238 0.0774989
v -0.0231563 -0.0049220 0.0774988
v -0.0228451 -0.0061213 0.0774986
v -0.0225821 -0.0073374 0.0774983
v -0.0223513 -0.0085798 0.0774978
v -0.0221206 -0.0098487 0.0774973
v -0.0218486 -0.0111324 0.0774969
v -0.0214931 -0.0124091 0.0774967
v -0.0210202 -0.0136507 0.0774970
v -0.0204101 -0.0148288 0.0774977
v -0.0196607 -0.0159209 0.0774989
v -0.0187856 -0.0169147 0.0775006
v -0.0178104 -0.0178104 0.0775028
v -0.0167655 -0.0186199 0.0775054
v -0.0156793 -0.0193623 0.0775084
v -0.0145730 -0.0200580 0.0775117
v -0.0134573 -0.0207224 0.0775151
v -0.0123328 -0.0213611 0.0775188
v -0.0111930 -0.0219675 0.0775227
v -0.0100286 -0.0225245 0.0775269
v -0.0088323 -0.0230090 0.0775316
v -0.0076026 -0.0233983 0.0775367
v -0.0063443 -0.0236774 0.0775422
v -0.0050682 -0.0238440 0.0775482
v -0.0037872 -0.0239112 0.0775546
v -0.0025125 -0.0239052 0.0775612
v -0.0012505 -0.0238609 0.0775679
v -0.0000000 -0.0238133 0.0775748
v 0.0012467 -0.0237894 0.0775817
v 0.0025016 -0.0238010 0.0775886
v 0.0037760 -0.0238410 0.0775957
v 0.0050767 -0.0238839 0.0776031
v 0.0064013 -0.0238900 0.0776106
v 0.0077376 -0.0238138 0.0776184
v 0.0090641 -0.0236127 0.0776263
v 0.0103543 -0.0232562 0.0776343
v 0.0115821 -0.0227311 0.0776422
v 0.0127272 -0.0220441 0.0776499
v 0.0137801 -0.0212195 0.0776571
v 0.0147437 -0.0202929 0.0776640
v 0.0156319 -0.0193038 0.0776704
v 0.0164661 -0.0182874 0.0776765
v 0.0172687 -0.0172687 0.0776822
v 0.0180571 -0.0162587 0.0776878
v 0.0188390 -0.0152555 0.0776931
v 0.0196099 -0.0142474 0.0776983
v 0.0203545 -0.0132184 0.0777032
v 0.0210510 -0.0121538 0.0777078
v 0.0216770 -0.0110450 0.0777120
v 0.0222164 -0.0098914 0.0777157
v 0.0226643 -0.0087000 0.0777190
v 0.0230289 -0.0074825 0.0777219
v 0.0233299 -0.0062512 0.0777245
v 0.0235939 -0.0050150 0.0777269
v 0.0238468 -0.0037770 0.0777291
v 0.0241062 -0.0025337 0.0777313
v 0.0243754 -0.0012775 0.0777335
v 0.0221204 0.0000000 0.0790076
v 0.0223280 0.0011702 0.0790092
v 0.0224690 0.0023616 0.0790106
v 0.0225046 0.0035644 0.0790117
v 0.0224021 0.0047617 0.0790124
v 0.0221418 0.0059329 0.0790127
v 0.0217215 0.0070577 0.0790125
v 0.0211570 0.0081214 0.0790120
v 0.0204794 0.0091180 0.0790110
v 0.0197284 0.0100521 0.0790098
v 0.0189445 0.0109376 0.0790084
v 0.0181612 0.0117940 0.0790070
v 0.0173995 0.0126415 0.0790056
v 0.0166650 0.0134951 0.0790042
v 0.0159492 0.0143608 0.0790029
v 0.0152335 0.0152335 0.0790016
v 0.0144947 0.0160980 0.0790001
v 0.0137120 0.0169329 0.0789984
v 0.0128711 0.0177156 0.0789965
v 0.0119676 0.0184285 0.0789942
v 0.0110060 0.0190630 0.0789916
v 0.0099977 0.0196217 0.0789887
v 0.0089566 0.0201168 0.0789855
v 0.0078947 0.0205665 0.0789820
v 0.0068196 0.0209887 0.0789784
v 0.0057327 0.0213947 0.0789747
v 0.0046305 0.0217847 0.0789707
v 0.0035075 0.0221458 0.0789666
v 0.0023599 0.0224528 0.0789622
v 0.0011883 0.0226739 0.0789575
v 0.0000000 0.0227772 0.0789525
v -0.0011917 0.0227382 0.0789473
v -0.0023697 0.0225464 0.0789417
v -0.0035175 0.0222087 0.0789361
v -0.0046229 0.0217490 0.0789305
v -0.0056815 0.0212038 0.0789249
v -0.0066984 0.0206157 0.0789194
v -0.0076867 0.0200245 0.0789140
v -0.0086641 0.0194600 0.0789088
v -0.0096485 0.0189362 0.0789036
v -0.0106520 0.0184498 0.0788984
v -0.0116778 0.0179822 0.0788932
v -0.0127179 0.0175047 0.0788879
v -0.0137545 0.0169854 0.0788827
v -0.0147635 0.0163965 0.0788776
v -0.0157198 0.0157198 0.0788728
v -0.0166033 0.0149496 0.0788682
v -0.0174027 0.0140924 0.0788639
v -0.0181179 0.0131634 0.0788600
v -0.0187588 0.0121821 0.0788564
v -0.0193414 0.0111668 0.0788531
v -0.0198824 0.0101306 0.0788499
v -0.0203934 0.0090797 0.0788470
v -0.0208760 0.0080135 0.0788442
v -0.0213203 0.0069274 0.0788416
v -0.0217066 0.0058163 0.0788393
v -0.0220093 0.0046782 0.0788373
v -0.0222035 0.0035167 0.0788356
v -0.0222724 0.0023409 0.0788343
v -0.0222121 0.0011641 0.0788334
v -0.0220346 0.0000000 0.0788328
v -0.0217665 -0.0011407 0.0788326
v -0.0214441 -0.0022539 0.0788325
v -0.0211068 -0.0033430 0.0788325
v -0.0207880 -0.0044186 0.0788324
v -0.0205086 -0.0054953 0.0788322
v -0.0202724 -0.0065869 0.0788319
v -0.0200653 -0.0077023 0.0788315
v -0.0198582 -0.0088414 0.0788311
v -0.0196140 -0.0099938 0.0788308
v -0.0192949 -0.0111399 0.0788306
v -0.0188703 -0.0122545 0.0788308
v -0.0183227 -0.0133122 0.0788314
v -0.0176499 -0.0142926 0.0788324
v -0.0168643 -0.0151847 0.0788338
v -0.0159888 -0.0159888 0.0788357
v -0.0150508 -0.0167156 0.0788378
v -0.0140757 -0.0173820 0.0788402
v -0.0130825 -0.0180066 0.0788427
v -0.0120809 -0.0186030 0.0788454
v -0.0110715 -0.0191764 0.0788483
v -0.0100482 -0.0197207 0.0788513
v -0.0090029 -0.0202208 0.0788545
v -0.0079290 -0.0206557 0.0788580
v -0.0068250 -0.0210052 0.0788618
v -0.0056955 -0.0212558 0.0788659
v -0.0045498 -0.0214054 0.0788703
v -0.0033998 -0.0214656 0.0788750
v -0.0022556 -0.0214603 0.0788798
v -0.0011226 -0.0214205 0.0788847
v -0.0000000 -0.0213778 0.0788896
v 0.0011192 -0.0213563 0.0788946
v 0.0022457 -0.0213667 0.0788996
v 0.0033898 -0.0214026 0.0789047
v 0.0045575 -0.0214411 0.0789099
v 0.0057466 -0.0214467 0.0789153
v 0.0069462 -0.0213782 0.0789209
v 0.0081370 -0.0211977 0.0789266
v 0.0092953 -0.0208776 0.0789323
v 0.0103975 -0.0204062 0.0789379
v 0.0114255 -0.0197896 0.0789434
v 0.0123707 -0.0190493 0.0789486
v 0.0132357 -0.0182174 0.0789536
v 0.0140331 -0.0173295 0.0789582
v 0.0147820 -0.0164171 0.0789626
v 0.0155025 -0.0155025 0.0789668
v 0.0162103 -0.0145958 0.0789709
v 0.0169122 -0.0136952 0.0789749
v 0.0176043 -0.0127903 0.0789787
v 0.0182727 -0.0118665 0.0789824
v 0.0188980 -0.0109107 0.0789858
v 0.0194600 -0.0099153 0.0789890
v 0.0199442 -0.0088797 0.0789919
v 0.0203463 -0.0078102 0.0789944
v 0.0206735 -0.0067172 0.0789967
v 0.0209438 -0.0056119 0.0789987
v 0.0211808 -0.0045021 0.0790006
v 0.0214079 -0.0033907 0.0790024
v 0.0216407 -0.0022745 0.0790042
v 0.0218824 -0.0011468 0.0790059
v 0.0195220 0.0000000 0.0801472
v 0.0197052 0.0010327 0.0801484
v 0.0198296 0.0020842 0.0801495
v 0.0198610 0.0031457 0.0801503
v 0.0197706 0.0042024 0.0801509
v 0.0195409 0.0052360 0.0801511
v 0.0191699 0.0062287 0.0801510
v 0.0186717 0.0071674 0.0801505
v 0.0180737 0.0080469 0.0801498
v 0.0174109 0.0088713 0.0801489
v 0.0167191 0.0096528 0.0801478
v 0.0160278 0.0104086 0.0801467
v 0.0153556 0.0111565 0.0801456
v 0.0147074 0.0119098 0.0801446
v 0.0140757 0.0126738 0.0801436
v 0.0134440 0.0134440 0.0801426
v 0.0127920 0.0142070 0.0801415
v 0.0121012 0.0149438 0.0801403
v 0.0113592 0.0156346 0.0801388
v 0.0105618 0.0162637 0.0801372
v 0.0097132 0.0168237 0.0801353
v 0.0088233 0.0173167 0.0801331
v 0.0079045 0.0177537 0.0801308
v 0.0069674 0.0181506 0.0801284
v 0.0060185 0.0185232 0.0801258
v 0.0050593 0.0188815 0.0801232
v 0.0040866 0.0192257 0.0801204
v 0.0030955 0.0195443 0.0801176
v 0.0020827 0.0198153 0.0801145
v 0.0010487 0.0200105 0.0801113
v 0.0000000 0.0201016 0.0801078
v -0.0010517 0.0200672 0.0801042
v -0.0020914 0.0198979 0.0801005
v -0.0031043 0.0195999 0.0800966
v -0.0040798 0.0191942 0.0800928
v -0.0050141 0.0187130 0.0800890
v -0.0059116 0.0181940 0.0800852
v -0.0067838 0.0176723 0.0800816
v -0.0076464 0.0171741 0.0800780
v -0.0085151 0.0167118 0.0800745
v -0.0094007 0.0162825 0.0800709
v -0.0103060 0.0158699 0.0800674
v -0.0112240 0.0154485 0.0800638
v -0.0121388 0.0149902 0.0800602
v -0.0130292 0.0144704 0.0800567
v -0.0138732 0.0138732 0.0800533
v -0.0146529 0.0131935 0.0800501
v -0.0153584 0.0124370 0.0800471
v -0.0159896 0.0116171 0.0800443
v -0.0165552 0.0107511 0.0800418
v -0.0170694 0.0098550 0.0800394
v -0.0175469 0.0089406 0.0800372
v -0.0179978 0.0080131 0.0800350
v -0.0184237 0.0070722 0.0800330
v -0.0188159 0.0061137 0.0800311
v -0.0191568 0.0051331 0.0800294
v -0.0194239 0.0041287 0.0800278
v -0.0195953 0.0031036 0.0800265
v -0.0196561 0.0020659 0.0800256
v -0.0196029 0.0010273 0.0800249
v -0.0194463 0.0000000 0.0800245
v -0.0192096 -0.0010067 0.0800243
v -0.0189251 -0.0019891 0.0800242
v -0.0186274 -0.0029503 0.0800242
v -0.0183461 -0.0038996 0.0800241
v -0.0180995 -0.0048498 0.0800240
v -0.0178911 -0.0058132 0.0800238
v -0.0177082 -0.0067976 0.0800235
v -0.0175255 -0.0078029 0.0800231
v -0.0173100 -0.0088199 0.0800229
v -0.0170284 -0.0098313 0.0800228
v -0.0166537 -0.0108150 0.0800229
v -0.0161703 -0.0117484 0.0800234
v -0.0155766 -0.0126137 0.0800241
v -0.0148833 -0.0134010 0.0800252
v -0.0141107 -0.0141107 0.0800266
v -0.0132828 -0.0147520 0.0800282
v -0.0124222 -0.0153402 0.0800300
v -0.0115458 -0.0158914 0.0800319
v -0.0106618 -0.0164178 0.0800339
v -0.0097709 -0.0169237 0.0800359
v -0.0088679 -0.0174042 0.0800381
v -0.0079453 -0.0178455 0.0800404
v -0.0069976 -0.0182293 0.0800429
v -0.0060233 -0.0185378 0.0800456
v -0.0050264 -0.0187589 0.0800485
v -0.0040154 -0.0188909 0.0800516
v -0.0030005 -0.0189441 0.0800548
v -0.0019906 -0.0189394 0.0800582
v -0.0009907 -0.0189043 0.0800615
v -0.0000000 -0.0188666 0.0800649
v 0.0009878 -0.0188476 0.0800683
v 0.0019819 -0.0188568 0.0800718
v 0.0029916 -0.0188885 0.0800752
v 0.0040221 -0.0189225 0.0800788
v 0.0050716 -0.0189274 0.0800825
v 0.0061303 -0.0188670 0.0800862
v 0.0071812 -0.0187077 0.0800901
v 0.0082034 -0.0184252 0.0800940
v 0.0091761 -0.0180091 0.0800979
v 0.0100834 -0.0174649 0.0801016
v 0.0109176 -0.0168116 0.0801052
v 0.0116810 -0.0160775 0.0801086
v 0.0123847 -0.0152938 0.0801118
v 0.0130456 -0.0144886 0.0801148
v 0.0136815 -0.0136815 0.0801177
v 0.0143061 -0.0128813 0.0801206
v 0.0149256 -0.0120865 0.0801233
v 0.0155363 -0.0112878 0.0801260
v 0.0161263 -0.0104725 0.0801286
v 0.0166781 -0.0096291 0.0801311
v 0.0171740 -0.0087506 0.0801334
v 0.0176014 -0.0078367 0.0801355
v 0.0179563 -0.0068928 0.0801373
v 0.0182451 -0.0059282 0.0801390
v 0.0184836 -0.0049527 0.0801405
v 0.0186928 -0.0039733 0.0801418
v 0.0188931 -0.0029924 0.0801432
v 0.0190986 -0.0020073 0.0801445
v 0.0193119 -0.0010121 0.0801459
v 0.0168559 0.0000000 0.0811485
v 0.0170141 0.0008917 0.0811494
v 0.0171215 0.0017995 0.0811502
v 0.0171486 0.0027161 0.0811508
v 0.0170706 0.0036285 0.0811512
v 0.0168722 0.0045209 0.0811514
v 0.0165519 0.0053780 0.0811513
v 0.0161217 0.0061886 0.0811509
v 0.0156054 0.0069480 0.0811504
v 0.0150332 0.0076598 0.0811497
v 0.0144358 0.0083345 0.0811490
v 0.0138389 0.0089871 0.0811482
v 0.0132585 0.0096329 0.0811474
v 0.0126988 0.0102833 0.0811467
v 0.0121534 0.0109430 0.0811460
v 0.0116080 0.0116080 0.0811453
v 0.0110451 0.0122668 0.0811446
v 0.0104486 0.0129029 0.0811437
v 0.0098079 0.0134994 0.0811428
v 0.0091194 0.0140426 0.0811416
v 0.0083867 0.0145261 0.0811403
v 0.0076183 0.0149518 0.0811389
v 0.0068250 0.0153291 0.0811374
v 0.0060158 0.0156718 0.0811358
v 0.0051966 0.0159935 0.0811341
v 0.0043683 0.0163029 0.0811323
v 0.0035285 0.0166001 0.0811305
v 0.0026728 0.0168752 0.0811287
v 0.0017982 0.0171092 0.0811267
v 0.0009055 0.0172777 0.0811246
v 0.0000000 0.0173564 0.0811224
v -0.0009081 0.0173267 0.0811200
v -0.0018057 0.0171805 0.0811176
v -0.0026804 0.0169232 0.0811152
v -0.0035227 0.0165729 0.0811127
v -0.0043294 0.0161574 0.0811103
v -0.0051043 0.0157093 0.0811079
v -0.0058573 0.0152588 0.0811056
v -0.0066021 0.0148286 0.0811033
v -0.0073522 0.0144295 0.0811010
v -0.0081169 0.0140589 0.0810988
v -0.0088986 0.0137026 0.0810965
v -0.0096911 0.0133387 0.0810942
v -0.0104810 0.0129430 0.0810919
v -0.0112499 0.0124942 0.0810896
v -0.0119786 0.0119786 0.0810874
v -0.0126518 0.0113917 0.0810853
v -0.0132609 0.0107385 0.0810834
v -0.0138059 0.0100306 0.0810815
v -0.0142943 0.0092828 0.0810798
v -0.0147383 0.0085091 0.0810782
v -0.0151505 0.0077196 0.0810767
v -0.0155399 0.0069188 0.0810753
v -0.0159076 0.0061064 0.0810739
v -0.0162462 0.0052787 0.0810726
v -0.0165406 0.0044320 0.0810714
v -0.0167712 0.0035648 0.0810704
v -0.0169192 0.0026797 0.0810695
v -0.0169717 0.0017838 0.0810688
v -0.0169258 0.0008870 0.0810683
v -0.0167905 0.0000000 0.0810680
v -0.0165862 -0.0008692 0.0810679
v -0.0163406 -0.0017175 0.0810678
v -0.0160835 -0.0025474 0.0810678
v -0.0158406 -0.0033670 0.0810678
v -0.0156277 -0.0041874 0.0810677
v -0.0154477 -0.0050193 0.0810675
v -0.0152899 -0.0058692 0.0810673
v -0.0151321 -0.0067372 0.0810671
v -0.0149460 -0.0076154 0.0810669
v -0.0147028 -0.0084887 0.0810668
v -0.0143793 -0.0093380 0.0810669
v -0.0139620 -0.0101440 0.0810673
v -0.0134493 -0.0108910 0.0810678
v -0.0128507 -0.0115708 0.0810686
v -0.0121836 -0.0121836 0.0810695
v -0.0114688 -0.0127374 0.0810707
v -0.0107258 -0.0132452 0.0810719
v -0.0099690 -0.0137211 0.0810732
v -0.0092058 -0.0141756 0.0810745
v -0.0084365 -0.0146125 0.0810759
v -0.0076568 -0.0150273 0.0810774
v -0.0068602 -0.0154084 0.0810789
v -0.0060419 -0.0157398 0.0810806
v -0.0052007 -0.0160061 0.0810824
v -0.0043400 -0.0161970 0.0810843
v -0.0034670 -0.0163110 0.0810863
v -0.0025907 -0.0163569 0.0810884
v -0.0017188 -0.0163529 0.0810906
v -0.0008554 -0.0163226 0.0810927
v -0.0000000 -0.0162900 0.0810949
v 0.0008529 -0.0162736 0.0810971
v 0.0017113 -0.0162815 0.0810993
v 0.0025831 -0.0163089 0.0811015
v 0.0034728 -0.0163383 0.0811038
v 0.0043790 -0.0163425 0.0811061
v 0.0052931 -0.0162903 0.0811086
v 0.0062005 -0.0161528 0.0811110
v 0.0070831 -0.0159089 0.0811135
v 0.0079230 -0.0155497 0.0811160
v 0.0087063 -0.0150798 0.0811184
v 0.0094266 -0.0145157 0.0811207
v 0.0100857 -0.0138818 0.0811228
v 0.0106933 -0.0132052 0.0811249
v 0.0112640 -0.0125099 0.0811269
v 0.0118130 -0.0118130 0.0811288
v 0.0123524 -0.0111221 0.0811306
v 0.0128872 -0.0104359 0.0811324
v 0.0134146 -0.0097463 0.0811342
v 0.0139239 -0.0090423 0.0811359
v 0.0144004 -0.0083141 0.0811376
v 0.0148286 -0.0075556 0.0811391
v 0.0151976 -0.0067664 0.0811405
v 0.0155040 -0.0059514 0.0811417
v 0.0157534 -0.0051186 0.0811429
v 0.0159593 -0.0042763 0.0811439
v 0.0161399 -0.0034307 0.0811448
v 0.0163129 -0.0025837 0.0811458
v 0.0164904 -0.0017332 0.0811467
v 0.0166745 -0.0008739 0.0811476
v 0.0141325 0.0000000 0.0820066
v 0.0142652 0.0007476 0.0820071
v 0.0143552 0.0015088 0.0820076
v 0.0143780 0.0022772 0.0820080
v 0.0143125 0.0030422 0.0820083
v 0.0141462 0.0037905 0.0820084
v 0.0138776 0.0045091 0.0820083
v 0.0135170 0.0051887 0.0820081
v 0.0130841 0.0058254 0.0820078
v 0.0126043 0.0064222 0.0820073
v 0.0121034 0.0069879 0.0820068
v 0.0116030 0.0075351 0.0820063
v 0.0111164 0.0080765 0.0820059
v 0.0106471 0.0086219 0.0820054
v 0.0101898 0.0091750 0.0820050
v 0.0097325 0.0097325 0.0820045
v 0.0092605 0.0102849 0.0820041
v 0.0087604 0.0108182 0.0820035
v 0.0082232 0.0113183 0.0820029
v 0.0076460 0.0117738 0.0820022
v 0.0070316 0.0121792 0.0820015
v 0.0063875 0.0125361 0.0820006
v 0.0057223 0.0128524 0.0819996
v 0.0050439 0.0131398 0.0819987
v 0.0043570 0.0134095 0.0819976
v 0.0036626 0.0136689 0.0819966
v 0.0029584 0.0139181 0.0819955
v 0.0022409 0.0141487 0.0819944
v 0.0015077 0.0143449 0.0819932
v 0.0007592 0.0144862 0.0819920
v 0.0000000 0.0145521 0.0819907
v -0.0007613 0.0145272 0.0819893
v -0.0015140 0.0144047 0.0819879
v -0.0022473 0.0141890 0.0819865
v -0.0029535 0.0138952 0.0819850
v -0.0036299 0.0135469 0.0819836
v -0.0042796 0.0131712 0.0819822
v -0.0049110 0.0127935 0.0819808
v -0.0055354 0.0124328 0.0819795
v -0.0061643 0.0120981 0.0819782
v -0.0068055 0.0117874 0.0819769
v -0.0074608 0.0114887 0.0819755
v -0.0081254 0.0111836 0.0819742
v -0.0087876 0.0108518 0.0819728
v -0.0094322 0.0104756 0.0819714
v -0.0100432 0.0100432 0.0819701
v -0.0106077 0.0095512 0.0819689
v -0.0111184 0.0090035 0.0819677
v -0.0115753 0.0084100 0.0819666
v -0.0119848 0.0077830 0.0819656
v -0.0123570 0.0071343 0.0819646
v -0.0127027 0.0064724 0.0819637
v -0.0130291 0.0058009 0.0819628
v -0.0133375 0.0051198 0.0819620
v -0.0136214 0.0044259 0.0819612
v -0.0138682 0.0037160 0.0819605
v -0.0140615 0.0029889 0.0819598
v -0.0141856 0.0022468 0.0819592
v -0.0142296 0.0014956 0.0819588
v -0.0141911 0.0007437 0.0819585
v -0.0140777 0.0000000 0.0819583
v -0.0139064 -0.0007288 0.0819582
v -0.0137005 -0.0014400 0.0819582
v -0.0134849 -0.0021358 0.0819582
v -0.0132812 -0.0028230 0.0819582
v -0.0131028 -0.0035109 0.0819581
v -0.0129519 -0.0042083 0.0819580
v -0.0128195 -0.0049209 0.0819579
v -0.0126872 -0.0056487 0.0819577
v -0.0125312 -0.0063850 0.0819576
v -0.0123273 -0.0071172 0.0819575
v -0.0120561 -0.0078293 0.0819576
v -0.0117062 -0.0085050 0.0819578
v -0.0112763 -0.0091314 0.0819582
v -0.0107745 -0.0097014 0.0819587
v -0.0102151 -0.0102151 0.0819593
v -0.0096158 -0.0106794 0.0819600
v -0.0089928 -0.0111052 0.0819607
v -0.0083583 -0.0115042 0.0819615
v -0.0077184 -0.0118853 0.0819624
v -0.0070735 -0.0122516 0.0819632
v -0.0064197 -0.0125994 0.0819641
v -0.0057519 -0.0129189 0.0819651
v -0.0050658 -0.0131967 0.0819661
v -0.0043604 -0.0134200 0.0819671
v -0.0036388 -0.0135801 0.0819683
v -0.0029069 -0.0136757 0.0819695
v -0.0021721 -0.0137142 0.0819707
v -0.0014411 -0.0137108 0.0819720
v -0.0007172 -0.0136854 0.0819733
v -0.0000000 -0.0136581 0.0819746
v 0.0007151 -0.0136443 0.0819759
v 0.0014348 -0.0136510 0.0819772
v 0.0021657 -0.0136739 0.0819785
v 0.0029117 -0.0136985 0.0819798
v 0.0036715 -0.0137021 0.0819812
v 0.0044379 -0.0136583 0.0819826
v 0.0051987 -0.0135430 0.0819840
v 0.0059387 -0.0133385 0.0819855
v 0.0066429 -0.0130373 0.0819869
v 0.0072996 -0.0126434 0.0819883
v 0.0079035 -0.0121704 0.0819897
v 0.0084562 -0.0116389 0.0819910
v 0.0089656 -0.0110716 0.0819922
v 0.0094441 -0.0104887 0.0819933
v 0.0099044 -0.0099044 0.0819945
v 0.0103566 -0.0093251 0.0819956
v 0.0108051 -0.0087498 0.0819967
v 0.0112472 -0.0081716 0.0819977
v 0.0116743 -0.0075814 0.0819988
v 0.0120737 -0.0069708 0.0819998
v 0.0124328 -0.0063348 0.0820007
v 0.0127422 -0.0056732 0.0820015
v 0.0129991 -0.0049899 0.0820023
v 0.0132081 -0.0042916 0.0820030
v 0.0133808 -0.0035854 0.0820036
v 0.0135322 -0.0028764 0.0820042
v 0.0136773 -0.0021663 0.0820048
v 0.0138261 -0.0014532 0.0820054
v 0.0139804 -0.0007327 0.0820060
v 0.0113619 0.0000000 0.0827165
v 0.0114686 0.0006010 0.0827168
v 0.0115410 0.0012130 0.0827171
v 0.0115593 0.0018308 0.0827173
v 0.0115066 0.0024458 0.0827175
v 0.0113729 0.0030474 0.0827175
v 0.0111570 0.0036251 0.0827175
v 0.0108671 0.0041715 0.0827174
v 0.0105190 0.0046834 0.0827172
v 0.0101333 0.0051632 0.0827169
v 0.0097306 0.0056180 0.0827167
v 0.0093283 0.0060579 0.0827164
v 0.0089371 0.0064932 0.0827161
v 0.0085598 0.0069316 0.0827159
v 0.0081922 0.0073763 0.0827156
v 0.0078245 0.0078245 0.0827154
v 0.0074451 0.0082686 0.0827151
v 0.0070430 0.0086974 0.0827149
v 0.0066111 0.0090994 0.0827145
v 0.0061470 0.0094656 0.0827142
v 0.0056531 0.0097915 0.0827137
v 0.0051352 0.0100785 0.0827133
v 0.0046005 0.0103328 0.0827128
v 0.0040551 0.0105638 0.0827123
v 0.0035028 0.0107806 0.0827117
v 0.0029445 0.0109892 0.0827112
v 0.0023784 0.0111895 0.0827106
v 0.0018016 0.0113749 0.0827100
v 0.0012121 0.0115326 0.0827094
v 0.0006104 0.0116462 0.0827088
v 0.0000000 0.0116993 0.0827081
v -0.0006121 0.0116792 0.0827074
v -0.0012172 0.0115807 0.0827066
v -0.0018067 0.0114073 0.0827059
v -0.0023745 0.0111711 0.0827051
v -0.0029183 0.0108911 0.0827044
v -0.0034406 0.0105890 0.0827037
v -0.0039482 0.0102854 0.0827030
v -0.0044502 0.0099954 0.0827023
v -0.0049558 0.0097264 0.0827016
v -0.0054713 0.0094765 0.0827009
v -0.0059982 0.0092364 0.0827002
v -0.0065324 0.0089911 0.0826995
v -0.0070649 0.0087244 0.0826988
v -0.0075831 0.0084219 0.0826981
v -0.0080743 0.0080743 0.0826974
v -0.0085281 0.0076787 0.0826968
v -0.0089387 0.0072384 0.0826961
v -0.0093061 0.0067612 0.0826956
v -0.0096352 0.0062572 0.0826950
v -0.0099345 0.0057357 0.0826945
v -0.0102124 0.0052035 0.0826940
v -0.0104748 0.0046637 0.0826936
v -0.0107227 0.0041161 0.0826931
v -0.0109510 0.0035582 0.0826927
v -0.0111494 0.0029875 0.0826923
v -0.0113048 0.0024029 0.0826919
v -0.0114046 0.0018063 0.0826916
v -0.0114400 0.0012024 0.0826914
v -0.0114090 0.0005979 0.0826912
v -0.0113178 0.0000000 0.0826911
v -0.0111801 -0.0005859 0.0826910
v -0.0110146 -0.0011577 0.0826910
v -0.0108413 -0.0017171 0.0826910
v -0.0106775 -0.0022696 0.0826910
v -0.0105340 -0.0028226 0.0826910
v -0.0104127 -0.0033833 0.0826909
v -0.0103063 -0.0039562 0.0826908
v -0.0102000 -0.0045413 0.0826908
v -0.0100745 -0.0051332 0.0826907
v -0.0099106 -0.0057219 0.0826907
v -0.0096925 -0.0062944 0.0826907
v -0.0094112 -0.0068377 0.0826908
v -0.0090657 -0.0073412 0.0826910
v -0.0086622 -0.0077995 0.0826913
v -0.0082125 -0.0082125 0.0826916
v -0.0077307 -0.0085858 0.0826920
v -0.0072298 -0.0089281 0.0826924
v -0.0067197 -0.0092489 0.0826928
v -0.0062053 -0.0095552 0.0826933
v -0.0056867 -0.0098497 0.0826938
v -0.0051612 -0.0101294 0.0826942
v -0.0046242 -0.0103862 0.0826947
v -0.0040726 -0.0106096 0.0826953
v -0.0035056 -0.0107891 0.0826958
v -0.0029254 -0.0109178 0.0826964
v -0.0023370 -0.0109946 0.0826971
v -0.0017463 -0.0110256 0.0826977
v -0.0011585 -0.0110229 0.0826984
v -0.0005766 -0.0110024 0.0826991
v -0.0000000 -0.0109805 0.0826997
v 0.0005749 -0.0109694 0.0827004
v 0.0011535 -0.0109748 0.0827011
v 0.0017412 -0.0109932 0.0827017
v 0.0023409 -0.0110130 0.0827024
v 0.0029517 -0.0110159 0.0827031
v 0.0035678 -0.0109807 0.0827039
v 0.0041795 -0.0108880 0.0827046
v 0.0047744 -0.0107236 0.0827054
v 0.0053406 -0.0104814 0.0827061
v 0.0058686 -0.0101647 0.0827068
v 0.0063541 -0.0097845 0.0827075
v 0.0067984 -0.0093572 0.0827082
v 0.0072080 -0.0089011 0.0827088
v 0.0075926 -0.0084325 0.0827095
v 0.0079627 -0.0079627 0.0827100
v 0.0083263 -0.0074970 0.0827106
v 0.0086868 -0.0070344 0.0827112
v 0.0090423 -0.0065696 0.0827118
v 0.0093856 -0.0060951 0.0827123
v 0.0097067 -0.0056042 0.0827128
v 0.0099954 -0.0050929 0.0827133
v 0.0102441 -0.0045610 0.0827138
v 0.0104507 -0.0040116 0.0827142
v 0.0106188 -0.0034502 0.0827146
v 0.0107576 -0.0028825 0.0827149
v 0.0108793 -0.0023125 0.0827152
v 0.0109959 -0.0017416 0.0827155
v 0.0111155 -0.0011683 0.0827159
v 0.0112397 -0.0005890 0.0827162
v 0.0085539 0.0000000 0.0832742
v 0.0086342 0.0004525 0.0832743
v 0.0086887 0.0009132 0.0832745
v 0.0087024 0.0013783 0.0832746
v 0.0086628 0.0018413 0.0832746
v 0.0085622 0.0022942 0.0832746
v 0.0083996 0.0027292 0.0832746
v 0.0081813 0.0031405 0.0832746
v 0.0079193 0.0035259 0.0832745
v 0.0076289 0.0038871 0.0832744
v 0.0073258 0.0042295 0.0832743
v 0.0070229 0.0045607 0.0832741
v 0.0067283 0.0048884 0.0832740
v 0.0064443 0.0052185 0.0832739
v 0.0061675 0.0055533 0.0832738
v 0.0058907 0.0058907 0.0832737
v 0.0056050 0.0062250 0.0832736
v 0.0053024 0.0065479 0.0832735
v 0.0049772 0.0068506 0.0832733
v 0.0046278 0.0071262 0.0832732
v 0.0042560 0.0073716 0.0832730
v 0.0038661 0.0075876 0.0832728
v 0.0034635 0.0077791 0.0832726
v 0.0030529 0.0079530 0.0832723
v 0.0026371 0.0081162 0.0832721
v 0.0022168 0.0082732 0.0832719
v 0.0017906 0.0084241 0.0832716
v 0.0013564 0.0085637 0.0832714
v 0.0009126 0.0086824 0.0832711
v 0.0004595 0.0087679 0.0832708
v 0.0000000 0.0088079 0.0832705
v -0.0004608 0.0087928 0.0832702
v -0.0009164 0.0087186 0.0832699
v -0.0013602 0.0085880 0.0832696
v -0.0017877 0.0084102 0.0832693
v -0.0021970 0.0081994 0.0832690
v -0.0025903 0.0079720 0.0832687
v -0.0029724 0.0077434 0.0832684
v -0.0033504 0.0075251 0.0832681
v -0.0037310 0.0073225 0.0832678
v -0.0041191 0.0071345 0.0832675
v -0.0045158 0.0069537 0.0832672
v -0.0049180 0.0067690 0.0832669
v -0.0053188 0.0065682 0.0832666
v -0.0057090 0.0063405 0.0832663
v -0.0060788 0.0060788 0.0832660
v -0.0064204 0.0057810 0.0832657
v -0.0067295 0.0054495 0.0832654
v -0.0070061 0.0050902 0.0832652
v -0.0072539 0.0047108 0.0832650
v -0.0074792 0.0043181 0.0832647
v -0.0076885 0.0039175 0.0832645
v -0.0078860 0.0035111 0.0832643
v -0.0080727 0.0030988 0.0832641
v -0.0082445 0.0026788 0.0832639
v -0.0083939 0.0022491 0.0832637
v -0.0085109 0.0018090 0.0832636
v -0.0085860 0.0013599 0.0832635
v -0.0086126 0.0009052 0.0832633
v -0.0085893 0.0004501 0.0832633
v -0.0085207 0.0000000 0.0832632
v -0.0084170 -0.0004411 0.0832632
v -0.0082924 -0.0008716 0.0832632
v -0.0081619 -0.0012927 0.0832632
v -0.0080386 -0.0017087 0.0832632
v -0.0079306 -0.0021250 0.0832632
v -0.0078393 -0.0025471 0.0832631
v -0.0077592 -0.0029785 0.0832631
v -0.0076791 -0.0034190 0.0832631
v -0.0075847 -0.0038646 0.0832630
v -0.0074613 -0.0043078 0.0832630
v -0.0072971 -0.0047388 0.0832631
v -0.0070853 -0.0051478 0.0832631
v -0.0068251 -0.0055269 0.0832632
v -0.0065214 -0.0058719 0.0832633
v -0.0061828 -0.0061828 0.0832635
v -0.0058201 -0.0064638 0.0832636
v -0.0054430 -0.0067216 0.0832638
v -0.0050590 -0.0069631 0.0832640
v -0.0046717 -0.0071937 0.0832642
v -0.0042813 -0.0074154 0.0832644
v -0.0038856 -0.0076259 0.0832646
v -0.0034814 -0.0078193 0.0832648
v -0.0030661 -0.0079875 0.0832651
v -0.0026392 -0.0081226 0.0832653
v -0.0022024 -0.0082195 0.0832656
v -0.0017594 -0.0082774 0.0832658
v -0.0013147 -0.0083007 0.0832661
v -0.0008722 -0.0082986 0.0832664
v -0.0004341 -0.0082832 0.0832667
v -0.0000000 -0.0082667 0.0832670
v 0.0004328 -0.0082584 0.0832673
v 0.0008684 -0.0082624 0.0832676
v 0.0013108 -0.0082763 0.0832678
v 0.0017624 -0.0082912 0.0832681
v 0.0022222 -0.0082933 0.0832684
v 0.0026861 -0.0082669 0.0832687
v 0.0031466 -0.0081971 0.0832691
v 0.0035945 -0.0080733 0.0832694
v 0.0040207 -0.0078910 0.0832697
v 0.0044182 -0.0076525 0.0832700
v 0.0047837 -0.0073663 0.0832703
v 0.0051182 -0.0070446 0.0832706
v 0.0054266 -0.0067012 0.0832709
v 0.0057161 -0.0063484 0.0832711
v 0.0059948 -0.0059948 0.0832714
v 0.0062685 -0.0056441 0.0832716
v 0.0065399 -0.0052959 0.0832719
v 0.0068075 -0.0049459 0.0832721
v 0.0070660 -0.0045887 0.0832723
v 0.0073078 -0.0042191 0.0832726
v 0.0075251 -0.0038342 0.0832728
v 0.0077124 -0.0034338 0.0832730
v 0.0078678 -0.0030202 0.0832732
v 0.0079944 -0.0025975 0.0832733
v 0.0080989 -0.0021701 0.0832735
v 0.0081906 -0.0017410 0.0832736
v 0.0082783 -0.0013112 0.0832738
v 0.0083684 -0.0008796 0.0832739
v 0.0084618 -0.0004435 0.0832741
v 0.0057180 0.0000000 0.0836759
v 0.0057716 0.0003025 0.0836760
v 0.0058081 0.0006105 0.0836760
v 0.0058173 0.0009214 0.0836761
v 0.0057908 0.0012309 0.0836761
v 0.0057235 0.0015336 0.0836761
v 0.0056148 0.0018244 0.0836761
v 0.0054689 0.0020993 0.0836761
v 0.0052938 0.0023569 0.0836760
v 0.0050996 0.0025984 0.0836760
v 0.0048970 0.0028273 0.0836760
v 0.0046945 0.0030487 0.0836759
v 0.0044976 0.0032677 0.0836759
v 0.0043078 0.0034884 0.0836759
v 0.0041228 0.0037122 0.0836758
v 0.0039377 0.0039377 0.0836758
v 0.0037468 0.0041612 0.0836758
v 0.0035444 0.0043770 0.0836757
v 0.0033271 0.0045794 0.0836757
v 0.0030935 0.0047636 0.0836756
v 0.0028450 0.0049277 0.0836756
v 0.0025843 0.0050721 0.0836755
v 0.0023152 0.0052001 0.0836754
v 0.0020407 0.0053163 0.0836754
v 0.0017628 0.0054254 0.0836753
v 0.0014819 0.0055304 0.0836752
v 0.0011969 0.0056312 0.0836752
v 0.0009067 0.0057245 0.0836751
v 0.0006100 0.0058039 0.0836750
v 0.0003072 0.0058611 0.0836749
v 0.0000000 0.0058878 0.0836748
v -0.0003080 0.0058777 0.0836747
v -0.0006126 0.0058281 0.0836746
v -0.0009093 0.0057408 0.0836746
v -0.0011950 0.0056220 0.0836745
v -0.0014686 0.0054810 0.0836744
v -0.0017315 0.0053290 0.0836743
v -0.0019870 0.0051762 0.0836742
v -0.0022396 0.0050303 0.0836741
v -0.0024941 0.0048949 0.0836740
v -0.0027535 0.0047691 0.0836739
v -0.0030186 0.0046483 0.0836738
v -0.0032875 0.0045248 0.0836737
v -0.0035554 0.0043906 0.0836737
v -0.0038163 0.0042384 0.0836736
v -0.0040635 0.0040635 0.0836735
v -0.0042918 0.0038644 0.0836734
v -0.0044985 0.0036428 0.0836733
v -0.0046833 0.0034026 0.0836732
v -0.0048490 0.0031490 0.0836732
v -0.0049996 0.0028865 0.0836731
v -0.0051395 0.0026187 0.0836730
v -0.0052715 0.0023470 0.0836730
v -0.0053963 0.0020714 0.0836729
v -0.0055112 0.0017907 0.0836729
v -0.0056110 0.0015035 0.0836728
v -0.0056892 0.0012093 0.0836727
v -0.0057394 0.0009090 0.0836727
v -0.0057573 0.0006051 0.0836727
v -0.0057417 0.0003009 0.0836727
v -0.0056958 0.0000000 0.0836726
v -0.0056265 -0.0002949 0.0836726
v -0.0055432 -0.0005826 0.0836726
v -0.0054560 -0.0008641 0.0836726
v -0.0053735 -0.0011422 0.0836726
v -0.0053013 -0.0014205 0.0836726
v -0.0052403 -0.0017027 0.0836726
v -0.0051867 -0.0019910 0.0836726
v -0.0051332 -0.0022855 0.0836726
v -0.0050701 -0.0025833 0.0836726
v -0.0049876 -0.0028796 0.0836726
v -0.0048778 -0.0031677 0.0836726
v -0.0047363 -0.0034411 0.0836726
v -0.0045624 -0.0036945 0.0836726
v -0.0043593 -0.0039251 0.0836727
v -0.0041330 -0.0041330 0.0836727
v -0.0038905 -0.0043209 0.0836728
v -0.0036385 -0.0044931 0.0836728
v -0.0033817 -0.0046546 0.0836729
v -0.0031228 -0.0048088 0.0836729
v -0.0028619 -0.0049570 0.0836730
v -0.0025974 -0.0050977 0.0836731
v -0.0023272 -0.0052269 0.0836731
v -0.0020496 -0.0053394 0.0836732
v -0.0017642 -0.0054297 0.0836733
v -0.0014722 -0.0054945 0.0836733
v -0.0011761 -0.0055331 0.0836734
v -0.0008788 -0.0055487 0.0836735
v -0.0005830 -0.0055473 0.0836736
v -0.0002902 -0.0055371 0.0836737
v -0.0000000 -0.0055260 0.0836738
v 0.0002893 -0.0055204 0.0836739
v 0.0005805 -0.0055231 0.0836739
v 0.0008763 -0.0055324 0.0836740
v 0.0011781 -0.0055424 0.0836741
v 0.0014855 -0.0055438 0.0836742
v 0.0017955 -0.0055261 0.0836743
v 0.0021034 -0.0054795 0.0836744
v 0.0024028 -0.0053967 0.0836745
v 0.0026877 -0.0052749 0.0836746
v 0.0029534 -0.0051155 0.0836747
v 0.0031977 -0.0049241 0.0836748
v 0.0034213 -0.0047091 0.0836748
v 0.0036275 -0.0044795 0.0836749
v 0.0038210 -0.0042437 0.0836750
v 0.0040073 -0.0040073 0.0836751
v 0.0041902 -0.0037729 0.0836752
v 0.0043717 -0.0035401 0.0836752
v 0.0045506 -0.0033062 0.0836753
v 0.0047234 -0.0030674 0.0836754
v 0.0048850 -0.0028204 0.0836754
v 0.0050303 -0.0025630 0.0836755
v 0.0051554 -0.0022954 0.0836756
v 0.0052594 -0.0020189 0.0836756
v 0.0053440 -0.0017364 0.0836757
v 0.0054138 -0.0014506 0.0836757
v 0.0054751 -0.0011638 0.0836758
v 0.0055338 -0.0008765 0.0836758
v 0.0055940 -0.0005880 0.0836759
v 0.0056564 -0.0002964 0.0836759
v 0.0028636 0.0000000 0.0839187
v 0.0028905 0.0001515 0.0839187
v 0.0029087 0.0003057 0.0839187
v 0.0029133 0.0004614 0.0839187
v 0.0029001 0.0006164 0.0839187
v 0.0028664 0.0007680 0.0839187
v 0.0028119 0.0009137 0.0839187
v 0.0027389 0.0010514 0.0839187
v 0.0026512 0.0011804 0.0839187
v 0.0025539 0.0013013 0.0839187
v 0.0024524 0.0014159 0.0839187
v 0.0023510 0.0015268 0.0839187
v 0.0022524 0.0016365 0.0839187
v 0.0021574 0.0017470 0.0839187
v 0.0020647 0.0018591 0.0839187
v 0.0019720 0.0019720 0.0839187
v 0.0018764 0.0020840 0.0839187
v 0.0017751 0.0021920 0.0839186
v 0.0016662 0.0022934 0.0839186
v 0.0015493 0.0023857 0.0839186
v 0.0014248 0.0024678 0.0839186
v 0.0012943 0.0025401 0.0839186
v 0.0011595 0.0026042 0.0839186
v 0.0010220 0.0026624 0.0839186
v 0.0008828 0.0027171 0.0839186
v 0.0007421 0.0027696 0.0839186
v 0.0005994 0.0028201 0.0839186
v 0.0004541 0.0028669 0.0839186
v 0.0003055 0.0029066 0.0839186
v 0.0001538 0.0029352 0.0839185
v 0.0000000 0.0029486 0.0839185
v -0.0001543 0.0029436 0.0839185
v -0.0003068 0.0029187 0.0839185
v -0.0004554 0.0028750 0.0839185
v -0.0005985 0.0028155 0.0839185
v -0.0007355 0.0027449 0.0839185
v -0.0008671 0.0026688 0.0839185
v -0.0009951 0.0025923 0.0839185
v -0.0011216 0.0025192 0.0839184
v -0.0012490 0.0024514 0.0839184
v -0.0013789 0.0023884 0.0839184
v -0.0015117 0.0023279 0.0839184
v -0.0016464 0.0022661 0.0839184
v -0.0017806 0.0021988 0.0839184
v -0.0019112 0.0021226 0.0839184
v -0.0020350 0.0020350 0.0839184
v -0.0021494 0.0019353 0.0839184
v -0.0022529 0.0018243 0.0839183
v -0.0023454 0.0017041 0.0839183
v -0.0024284 0.0015770 0.0839183
v -0.0025038 0.0014456 0.0839183
v -0.0025739 0.0013115 0.0839183
v -0.0026400 0.0011754 0.0839183
v -0.0027025 0.0010374 0.0839183
v -0.0027600 0.0008968 0.0839183
v -0.0028100 0.0007529 0.0839183
v -0.0028492 0.0006056 0.0839183
v -0.0028743 0.0004553 0.0839183
v -0.0028833 0.0003030 0.0839183
v -0.0028755 0.0001507 0.0839183
v -0.0028525 0.0000000 0.0839183
v -0.0028178 -0.0001477 0.0839183
v -0.0027760 -0.0002918 0.0839183
v -0.0027324 -0.0004328 0.0839183
v -0.0026911 -0.0005720 0.0839183
v -0.0026549 -0.0007114 0.0839183
v -0.0026244 -0.0008527 0.0839183
v -0.0025975 -0.0009971 0.0839183
v -0.0025707 -0.0011446 0.0839183
v -0.0025391 -0.0012937 0.0839183
v -0.0024978 -0.0014421 0.0839183
v -0.0024428 -0.0015864 0.0839183
v -0.0023720 -0.0017233 0.0839183
v -0.0022849 -0.0018502 0.0839183
v -0.0021832 -0.0019657 0.0839183
v -0.0020698 -0.0020698 0.0839183
v -0.0019484 -0.0021639 0.0839183
v -0.0018222 -0.0022502 0.0839183
v -0.0016936 -0.0023310 0.0839183
v -0.0015639 -0.0024082 0.0839183
v -0.0014333 -0.0024825 0.0839183
v -0.0013008 -0.0025529 0.0839183
v -0.0011655 -0.0026177 0.0839183
v -0.0010264 -0.0026740 0.0839183
v -0.0008835 -0.0027192 0.0839183
v -0.0007373 -0.0027517 0.0839184
v -0.0005890 -0.0027710 0.0839184
v -0.0004401 -0.0027788 0.0839184
v -0.0002920 -0.0027781 0.0839184
v -0.0001453 -0.0027730 0.0839184
v -0.0000000 -0.0027675 0.0839184
v 0.0001449 -0.0027647 0.0839184
v 0.0002907 -0.0027660 0.0839184
v 0.0004388 -0.0027707 0.0839184
v 0.0005900 -0.0027757 0.0839184
v 0.0007439 -0.0027764 0.0839185
v 0.0008992 -0.0027675 0.0839185
v 0.0010534 -0.0027441 0.0839185
v 0.0012033 -0.0027027 0.0839185
v 0.0013460 -0.0026417 0.0839185
v 0.0014791 -0.0025618 0.0839185
v 0.0016014 -0.0024660 0.0839185
v 0.0017134 -0.0023583 0.0839185
v 0.0018167 -0.0022434 0.0839185
v 0.0019136 -0.0021253 0.0839186
v 0.0020069 -0.0020069 0.0839186
v 0.0020985 -0.0018895 0.0839186
v 0.0021894 -0.0017729 0.0839186
v 0.0022790 -0.0016558 0.0839186
v 0.0023655 -0.0015362 0.0839186
v 0.0024464 -0.0014124 0.0839186
v 0.0025192 -0.0012836 0.0839186
v 0.0025819 -0.0011495 0.0839186
v 0.0026339 -0.0010111 0.0839186
v 0.0026763 -0.0008696 0.0839186
v 0.0027113 -0.0007265 0.0839186
v 0.0027420 -0.0005828 0.0839187
v 0.0027713 -0.0004389 0.0839187
v 0.0028015 -0.0002944 0.0839187
v 0.0028328 -0.0001485 0.0839187
v 0.0000000 0.0000000 0.0840000
v -0.0190000 -0.0170000 0.0742823
v -0.0177059 -0.0170000 0.0743573
v -0.0177839 -0.0166371 0.0743573
v -0.0180087 -0.0163179 0.0743573
v -0.0183530 -0.0160810 0.0743573
v -0.0187753 -0.0159550 0.0743573
v -0.0192247 -0.0159550 0.0743573
v -0.0196470 -0.0160810 0.0743573
v -0.0199913 -0.0163179 0.0743573
v -0.0202161 -0.0166371 0.0743573
v -0.0202941 -0.0170000 0.0743573
v -0.0202161 -0.0173629 0.0743573
v -0.0199913 -0.0176821 0.0743573
v -0.0196470 -0.0179190 0.0743573
v -0.0192247 -0.0180450 0.0743573
v -0.0187753 -0.0180450 0.0743573
v -0.0183530 -0.0179190 0.0743573
v -0.0180087 -0.0176821 0.0743573
v -0.0177839 -0.0173629 0.0743573
v -0.0165000 -0.0170000 0.0745770
v -0.0166508 -0.0162989 0.0745770
v -0.0170849 -0.0156823 0.0745770
v -0.0177500 -0.0152246 0.0745770
v -0.0185659 -0.0149811 0.0745770
v -0.0194341 -0.0149811 0.0745770
v -0.0202500 -0.0152246 0.0745770
v -0.0209151 -0.0156823 0.0745770
v -0.0213492 -0.0162989 0.0745770
v -0.0215000 -0.0170000 0.0745770
v -0.0213492 -0.0177011 0.0745770
v -0.0209151 -0.0183177 0.0745770
v -0.0202500 -0.0187754 0.0745770
v -0.0194341 -0.0190189 0.0745770
v -0.0185659 -0.0190189 0.0745770
v -0.0177500 -0.0187754 0.0745770
v -0.0170849 -0.0183177 0.0745770
v -0.0166508 -0.0177011 0.0745770
v -0.0154645 -0.0170000 0.0749267
v -0.0156777 -0.0160084 0.0749267
v -0.0162916 -0.0151365 0.0749267
v -0.0172322 -0.0144893 0.0749267
v -0.0183861 -0.0141449 0.0749267
v -0.0196139 -0.0141449 0.0749267
v -0.0207678 -0.0144893 0.0749267
v -0.0217084 -0.0151365 0.0749267
v -0.0223223 -0.0160084 0.0749267
v -0.0225355 -0.0170000 0.0749267
v -0.0223223 -0.0179916 0.0749267
v -0.0217084 -0.0188635 0.0749267
v -0.0207678 -0.0195107 0.0749267
v -0.0196139 -0.0198551 0.0749267
v -0.0183861 -0.0198551 0.0749267
v -0.0172322 -0.0195107 0.0749267
v -0.0162916 -0.0188635 0.0749267
v -0.0156777 -0.0179916 0.0749267
v -0.0146699 -0.0170000 0.0753823
v -0.0149310 -0.0157856 0.0753823
v -0.0156829 -0.0147177 0.0753823
v -0.0168349 -0.0139250 0.0753823
v -0.0182481 -0.0135032 0.0753823
v -0.0197519 -0.0135032 0.0753823
v -0.0211651 -0.0139250 0.0753823
v -0.0223171 -0.0147177 0.0753823
v -0.0230690 -0.0157856 0.0753823
v -0.0233301 -0.0170000 0.0753823
v -0.0230690 -0.0182144 0.0753823
v -0.0223171 -0.0192823 0.0753823
v -0.0211651 -0.0200750 0.0753823
v -0.0197519 -0.0204968 0.0753823
v -0.0182481 -0.0204968 0.0753823
v -0.0168349 -0.0200750 0.0753823
v -0.0156829 -0.0192823 0.0753823
v -0.0149310 -0.0182144 0.0753823
v -0.0141704 -0.0170000 0.0759129
v -0.0144616 -0.0156455 0.0759129
v -0.0153003 -0.0144544 0.0759129
v -0.0165852 -0.0135703 0.0759129
v -0.0181613 -0.0130999 0.0759129
v -0.0198387 -0.0130999 0.0759129
v -0.0214148 -0.0135703 0.0759129
v -0.0226997 -0.0144544 0.0759129
v -0.0235384 -0.0156455 0.0759129
v -0.0238296 -0.0170000 0.0759129
v -0.0235384 -0.0183545 0.0759129
v -0.0226997 -0.0195456 0.0759129
v -0.0214148 -0.0204297 0.0759129
v -0.0198387 -0.0209001 0.0759129
v -0.0181613 -0.0209001 0.0759129
v -0.0165852 -0.0204297 0.0759129
v -0.0153003 -0.0195456 0.0759129
v -0.0144616 -0.0183545 0.0759129
v -0.0140000 -0.0170000 0.0764823
v -0.0143015 -0.0155977 0.0764823
v -0.0151698 -0.0143646 0.0764823
v -0.0165000 -0.0134493 0.0764823
v -0.0181318 -0.0129623 0.0764823
v -0.0198682 -0.0129623 0.0764823
v -0.0215000 -0.0134493 0.0764823
v -0.0228302 -0.0143646 0.0764823
v -0.0236985 -0.0155977 0.0764823
v -0.0240000 -0.0170000 0.0764823
v -0.0236985 -0.0184023 0.0764823
v -0.0228302 -0.0196354 0.0764823
v -0.0215000 -0.0205507 0.0764823
v -0.0198682 -0.0210377 0.0764823
v -0.0181318 -0.0210377 0.0764823
v -0.0165000 -0.0205507 0.0764823
v -0.0151698 -0.0196354 0.0764823
v -0.0143015 -0.0184023 0.0764823
v -0.0141704 -0.0170000 0.0770517
v -0.0144616 -0.0156455 0.0770517
v -0.0153003 -0.0144544 0.0770517
v -0.0165852 -0.0135703 0.0770517
v -0.0181613 -0.0130999 0.0770517
v -0.0198387 -0.0130999 0.0770517
v -0.0214148 -0.0135703 0.0770517
v -0.0226997 -0.0144544 0.0770517
v -0.0235384 -0.0156455 0.0770517
v -0.0238296 -0.0170000 0.0770517
v -0.0235384 -0.0183545 0.0770517
v -0.0226997 -0.0195456 0.0770517
v -0.0214148 -0.0204297 0.0770517
v -0.0198387 -0.0209001 0.0770517
v -0.0181613 -0.0209001 0.0770517
v -0.0165852 -0.0204297 0.0770517
v -0.0153003 -0.0195456 0.0770517
v -0.0144616 -0.0183545 0.0770517
v -0.0146699 -0.0170000 0.0775823
v -0.0149310 -0.0157856 0.0775823
v -0.0156829 -0.0147177 0.0775823
v -0.0168349 -0.0139250 0.0775823
v -0.0182481 -0.0135032 0.0775823
v -0.0197519 -0.0135032 0.0775823
v -0.0211651 -0.0139250 0.0775823
v -0.0223171 -0.0147177 0.0775823
v -0.0230690 -0.0157856 0.0775823
v -0.0233301 -0.0170000 0.0775823
v -0.0230690 -0.0182144 0.0775823
v -0.0223171 -0.0192823 0.0775823
v -0.0211651 -0.0200750 0.0775823
v -0.0197519 -0.0204968 0.0775823
v -0.0182481 -0.0204968 0.0775823
v -0.0168349 -0.0200750 0.0775823
v -0.0156829 -0.0192823 0.0775823
v -0.0149310 -0.0182144 0.0775823
v -0.0154645 -0.0170000 0.0780379
v -0.0156777 -0.0160084 0.0780379
v -0.0162916 -0.0151365 0.0780379
v -0.0172322 -0.0144893 0.0780379
v -0.0183861 -0.0141449 0.0780379
v -0.0196139 -0.0141449 0.0780379
v -0.0207678 -0.0144893 0.0780379
v -0.0217084 -0.0151365 0.0780379
v -0.0223223 -0.0160084 0.0780379
v -0.0225355 -0.0170000 0.0780379
v -0.0223223 -0.0179916 0.0780379
v -0.0217084 -0.0188635 0.0780379
v -0.0207678 -0.0195107 0.0780379
v -0.0196139 -0.0198551 0.0780379
v -0.0183861 -0.0198551 0.0780379
v -0.0172322 -0.0195107 0.0780379
v -0.0162916 -0.0188635 0.0780379
v -0.0156777 -0.0179916 0.0780379
v -0.0165000 -0.0170000 0.0783876
v -0.0166508 -0.0162989 0.0783876
v -0.0170849 -0.0156823 0.0783876
v -0.0177500 -0.0152246 0.0783876
v -0.0185659 -0.0149811 0.0783876
v -0.0194341 -0.0149811 0.0783876
v -0.0202500 -0.0152246 0.0783876
v -0.0209151 -0.0156823 0.0783876
v -0.0213492 -0.0162989 0.0783876
v -0.0215000 -0.0170000 0.0783876
v -0.0213492 -0.0177011 0.0783876
v -0.0209151 -0.0183177 0.0783876
v -0.0202500 -0.0187754 0.0783876
v -0.0194341 -0.0190189 0.0783876
v -0.0185659 -0.0190189 0.0783876
v -0.0177500 -0.0187754 0.0783876
v -0.0170849 -0.0183177 0.0783876
v -0.0166508 -0.0177011 0.0783876
v -0.0177059 -0.0170000 0.0786073
v -0.0177839 -0.0166371 0.0786073
v -0.0180087 -0.0163179 0.0786073
v -0.0183530 -0.0160810 0.0786073
v -0.0187753 -0.0159550 0.0786073
v -0.0192247 -0.0159550 0.0786073
v -0.0196470 -0.0160810 0.0786073
v -0.0199913 -0.0163179 0.0786073
v -0.0202161 -0.0166371 0.0786073
v -0.0202941 -0.0170000 0.0786073
v -0.0202161 -0.0173629 0.0786073
v -0.0199913 -0.0176821 0.0786073
v -0.0196470 -0.0179190 0.0786073
v -0.0192247 -0.0180450 0.0786073
v -0.0187753 -0.0180450 0.0786073
v -0.0183530 -0.0179190 0.0786073
v -0.0180087 -0.0176821 0.0786073
v -0.0177839 -0.0173629 0.0786073
v -0.0190000 -0.0170000 0.0786823
v 0.0040000 -0.0230000 0.0749766
v 0.0051388 -0.0230000 0.0750515
v 0.0050701 -0.0226806 0.0750515
v 0.0048724 -0.0223998 0.0750515
v 0.0045694 -0.0221913 0.0750515
v 0.0041978 -0.0220804 0.0750515
v 0.0038022 -0.0220804 0.0750515
v 0.0034306 -0.0221913 0.0750515
v 0.0031276 -0.0223998 0.0750515
v 0.0029299 -0.0226806 0.0750515
v 0.0028612 -0.0230000 0.0750515
v 0.0029299 -0.0233194 0.0750515
v 0.0031276 -0.0236002 0.0750515
v 0.0034306 -0.0238087 0.0750515
v 0.0038022 -0.0239196 0.0750515
v 0.0041978 -0.0239196 0.0750515
v 0.0045694 -0.0238087 0.0750515
v 0.0048724 -0.0236002 0.0750515
v 0.0050701 -0.0233194 0.0750515
v 0.0062000 -0.0230000 0.0752713
v 0.0060673 -0.0223830 0.0752713
v 0.0056853 -0.0218404 0.0752713
v 0.0051000 -0.0214377 0.0752713
v 0.0043820 -0.0212234 0.0752713
v 0.0036180 -0.0212234 0.0752713
v 0.0029000 -0.0214377 0.0752713
v 0.0023147 -0.0218404 0.0752713
v 0.0019327 -0.0223830 0.0752713
v 0.0018000 -0.0230000 0.0752713
v 0.0019327 -0.0236170 0.0752713
v 0.0023147 -0.0241596 0.0752713
v 0.0029000 -0.0245623 0.0752713
v 0.0036180 -0.0247766 0.0752713
v 0.0043820 -0.0247766 0.0752713
v 0.0051000 -0.0245623 0.0752713
v 0.0056853 -0.0241596 0.0752713
v 0.0060673 -0.0236170 0.0752713
v 0.0071113 -0.0230000 0.0756209
v 0.0069236 -0.0221274 0.0756209
v 0.0063834 -0.0213601 0.0756209
v 0.0055556 -0.0207906 0.0756209
v 0.0045403 -0.0204875 0.0756209
v 0.0034597 -0.0204875 0.0756209
v 0.0024444 -0.0207906 0.0756209
v 0.0016166 -0.0213601 0.0756209
v 0.0010764 -0.0221274 0.0756209
v 0.0008887 -0.0230000 0.0756209
v 0.0010764 -0.0238726 0.0756209
v 0.0016166 -0.0246399 0.0756209
v 0.0024444 -0.0252094 0.0756209
v 0.0034597 -0.0255125 0.0756209
v 0.0045403 -0.0255125 0.0756209
v 0.0055556 -0.0252094 0.0756209
v 0.0063834 -0.0246399 0.0756209
v 0.0069236 -0.0238726 0.0756209
v 0.0078105 -0.0230000 0.0760766
v 0.0075807 -0.0219313 0.0760766
v 0.0069190 -0.0209915 0.0760766
v 0.0059053 -0.0202940 0.0760766
v 0.0046617 -0.0199229 0.0760766
v 0.0033383 -0.0199229 0.0760766
v 0.0020947 -0.0202940 0.0760766
v 0.0010810 -0.0209915 0.0760766
v 0.0004193 -0.0219313 0.0760766
v 0.0001895 -0.0230000 0.0760766
v 0.0004193 -0.0240687 0.0760766
v 0.0010810 -0.0250085 0.0760766
v 0.0020947 -0.0257060 0.0760766
v 0.0033383 -0.0260771 0.0760766
v 0.0046617 -0.0260771 0.0760766
v 0.0059053 -0.0257060 0.0760766
v 0.0069190 -0.0250085 0.0760766
v 0.0075807 -0.0240687 0.0760766
v 0.0082501 -0.0230000 0.0766072
v 0.0079938 -0.0218080 0.0766072
v 0.0072557 -0.0207598 0.0766072
v 0.0061250 -0.0199818 0.0766072
v 0.0047380 -0.0195679 0.0766072
v 0.0032620 -0.0195679 0.0766072
v 0.0018750 -0.0199818 0.0766072
v 0.0007443 -0.0207598 0.0766072
v 0.0000062 -0.0218080 0.0766072
v -0.0002501 -0.0230000 0.0766072
v 0.0000062 -0.0241920 0.0766072
v 0.0007443 -0.0252402 0.0766072
v 0.0018750 -0.0260182 0.0766072
v 0.0032620 -0.0264321 0.0766072
v 0.0047380 -0.0264321 0.0766072
v 0.0061250 -0.0260182 0.0766072
v 0.0072557 -0.0252402 0.0766072
v 0.0079938 -0.0241920 0.0766072
v 0.0084000 -0.0230000 0.0771766
v 0.0081346 -0.0217660 0.0771766
v 0.0073706 -0.0206808 0.0771766
v 0.0062000 -0.0198754 0.0771766
v 0.0047641 -0.0194468 0.0771766
v 0.0032359 -0.0194468 0.0771766
v 0.0018000 -0.0198754 0.0771766
v 0.0006294 -0.0206808 0.0771766
v -0.0001346 -0.0217660 0.0771766
v -0.0004000 -0.0230000 0.0771766
v -0.0001346 -0.0242340 0.0771766
v 0.0006294 -0.0253192 0.0771766
v 0.0018000 -0.0261246 0.0771766
v 0.0032359 -0.0265532 0.0771766
v 0.0047641 -0.0265532 0.0771766
v 0.0062000 -0.0261246 0.0771766
v 0.0073706 -0.0253192 0.0771766
v 0.0081346 -0.0242340 0.0771766
v 0.0082501 -0.0230000 0.0777460
v 0.0079938 -0.0218080 0.0777460
v 0.0072557 -0.0207598 0.0777460
v 0.0061250 -0.0199818 0.0777460
v 0.0047380 -0.0195679 0.0777460
v 0.0032620 -0.0195679 0.0777460
v 0.0018750 -0.0199818 0.0777460
v 0.0007443 -0.0207598 0.0777460
v 0.0000062 -0.0218080 0.0777460
v -0.0002501 -0.0230000 0.0777460
v 0.0000062 -0.0241920 0.0777460
v 0.0007443 -0.0252402 0.0777460
v 0.0018750 -0.0260182 0.0777460
v 0.0032620 -0.0264321 0.0777460
v 0.0047380 -0.0264321 0.0777460
v 0.0061250 -0.0260182 0.0777460
v 0.0072557 -0.0252402 0.0777460
v 0.0079938 -0.0241920 0.0777460
v 0.0078105 -0.0230000 0.0782766
v 0.0075807 -0.0219313 0.0782766
v 0.0069190 -0.0209915 0.0782766
v 0.0059053 -0.0202940 0.0782766
v 0.0046617 -0.0199229 0.0782766
v 0.0033383 -0.0199229 0.0782766
v 0.0020947 -0.0202940 0.0782766
v 0.0010810 -0.0209915 0.0782766
v 0.0004193 -0.0219313 0.0782766
v 0.0001895 -0.0230000 0.0782766
v 0.0004193 -0.0240687 0.0782766
v 0.0010810 -0.0250085 0.0782766
v 0.0020947 -0.0257060 0.0782766
v 0.0033383 -0.0260771 0.0782766
v 0.0046617 -0.0260771 0.0782766
v 0.0059053 -0.0257060 0.0782766
v 0.0069190 -0.0250085 0.0782766
v 0.0075807 -0.0240687 0.0782766
v 0.0071113 -0.0230000 0.0787322
v 0.0069236 -0.0221274 0.0787322
v 0.0063834 -0.0213601 0.0787322
v 0.0055556 -0.0207906 0.0787322
v 0.0045403 -0.0204875 0.0787322
v 0.0034597 -0.0204875 0.0787322
v 0.0024444 -0.0207906 0.0787322
v 0.0016166 -0.0213601 0.0787322
v 0.0010764 -0.0221274 0.0787322
v 0.0008887 -0.0230000 0.0787322
v 0.0010764 -0.0238726 0.0787322
v 0.0016166 -0.0246399 0.0787322
v 0.0024444 -0.0252094 0.0787322
v 0.0034597 -0.0255125 0.0787322
v 0.0045403 -0.0255125 0.0787322
v 0.0055556 -0.0252094 0.0787322
v 0.0063834 -0.0246399 0.0787322
v 0.0069236 -0.0238726 0.0787322
v 0.0062000 -0.0230000 0.0790818
v 0.0060673 -0.0223830 0.0790818
v 0.0056853 -0.0218404 0.0790818
v 0.0051000 -0.0214377 0.0790818
v 0.0043820 -0.0212234 0.0790818
v 0.0036180 -0.0212234 0.0790818
v 0.0029000 -0.0214377 0.0790818
v 0.0023147 -0.0218404 0.0790818
v 0.0019327 -0.0223830 0.0790818
v 0.0018000 -0.0230000 0.0790818
v 0.0019327 -0.0236170 0.0790818
v 0.0023147 -0.0241596 0.0790818
v 0.0029000 -0.0245623 0.0790818
v 0.0036180 -0.0247766 0.0790818
v 0.0043820 -0.0247766 0.0790818
v 0.0051000 -0.0245623 0.0790818
v 0.0056853 -0.0241596 0.0790818
v 0.0060673 -0.0236170 0.0790818
v 0.0051388 -0.0230000 0.0793016
v 0.0050701 -0.0226806 0.0793016
v 0.0048724 -0.0223998 0.0793016
v 0.0045694 -0.0221913 0.0793016
v 0.0041978 -0.0220804 0.0793016
v 0.0038022 -0.0220804 0.0793016
v 0.0034306 -0.0221913 0.0793016
v 0.0031276 -0.0223998 0.0793016
v 0.0029299 -0.0226806 0.0793016
v 0.0028612 -0.0230000 0.0793016
v 0.0029299 -0.0233194 0.0793016
v 0.0031276 -0.0236002 0.0793016
v 0.0034306 -0.0238087 0.0793016
v 0.0038022 -0.0239196 0.0793016
v 0.0041978 -0.0239196 0.0793016
v 0.0045694 -0.0238087 0.0793016
v 0.0048724 -0.0236002 0.0793016
v 0.0050701 -0.0233194 0.0793016
v 0.0040000 -0.0230000 0.0793766
v 0.0230000 -0.0100000 0.0741878
v 0.0241388 -0.0100000 0.0742627
v 0.0240701 -0.0096806 0.0742627
v 0.0238724 -0.0093998 0.0742627
v 0.0235694 -0.0091913 0.0742627
v 0.0231978 -0.0090804 0.0742627
v 0.0228022 -0.0090804 0.0742627
v 0.0224306 -0.0091913 0.0742627
v 0.0221276 -0.0093998 0.0742627
v 0.0219299 -0.0096806 0.0742627
v 0.0218612 -0.0100000 0.0742627
v 0.0219299 -0.0103194 0.0742627
v 0.0221276 -0.0106002 0.0742627
v 0.0224306 -0.0108087 0.0742627
v 0.0228022 -0.0109196 0.0742627
v 0.0231978 -0.0109196 0.0742627
v 0.0235694 -0.0108087 0.0742627
v 0.0238724 -0.0106002 0.0742627
v 0.0240701 -0.0103194 0.0742627
v 0.0252000 -0.0100000 0.0744825
v 0.0250673 -0.0093830 0.0744825
v 0.0246853 -0.0088404 0.0744825
v 0.0241000 -0.0084377 0.0744825
v 0.0233820 -0.0082234 0.0744825
v 0.0226180 -0.0082234 0.0744825
v 0.0219000 -0.0084377 0.0744825
v 0.0213147 -0.0088404 0.0744825
v 0.0209327 -0.0093830 0.0744825
v 0.0208000 -0.0100000 0.0744825
v 0.0209327 -0.0106170 0.0744825
v 0.0213147 -0.0111596 0.0744825
v 0.0219000 -0.0115623 0.0744825
v 0.0226180 -0.0117766 0.0744825
v 0.0233820 -0.0117766 0.0744825
v 0.0241000 -0.0115623 0.0744825
v 0.0246853 -0.0111596 0.0744825
v 0.0250673 -0.0106170 0.0744825
v 0.0261113 -0.0100000 0.0748321
v 0.0259236 -0.0091274 0.0748321
v 0.0253834 -0.0083601 0.0748321
v 0.0245556 -0.0077906 0.0748321
v 0.0235403 -0.0074875 0.0748321
v 0.0224597 -0.0074875 0.0748321
v 0.0214444 -0.0077906 0.0748321
v 0.0206166 -0.0083601 0.0748321
v 0.0200764 -0.0091274 0.0748321
v 0.0198887 -0.0100000 0.0748321
v 0.0200764 -0.0108726 0.0748321
v 0.0206166 -0.0116399 0.0748321
v 0.0214444 -0.0122094 0.0748321
v 0.0224597 -0.0125125 0.0748321
v 0.0235403 -0.0125125 0.0748321
v 0.0245556 -0.0122094 0.0748321
v 0.0253834 -0.0116399 0.0748321
v 0.0259236 -0.0108726 0.0748321
v 0.0268105 -0.0100000 0.0752878
v 0.0265807 -0.0089313 0.0752878
v 0.0259190 -0.0079915 0.0752878
v 0.0249053 -0.0072940 0.0752878
v 0.0236617 -0.0069229 0.0752878
v 0.0223383 -0.0069229 0.0752878
v 0.0210947 -0.0072940 0.0752878
v 0.0200810 -0.0079915 0.0752878
v 0.0194193 -0.0089313 0.0752878
v 0.0191895 -0.0100000 0.0752878
v 0.0194193 -0.0110687 0.0752878
v 0.0200810 -0.0120085 0.0752878
v 0.0210947 -0.0127060 0.0752878
v 0.0223383 -0.0130771 0.0752878
v 0.0236617 -0.0130771 0.0752878
v 0.0249053 -0.0127060 0.0752878
v 0.0259190 -0.0120085 0.0752878
v 0.0265807 -0.0110687 0.0752878
v 0.0272501 -0.0100000 0.0758184
v 0.0269938 -0.0088080 0.0758184
v 0.0262557 -0.0077598 0.0758184
v 0.0251250 -0.0069818 0.0758184
v 0.0237380 -0.0065679 0.0758184
v 0.0222620 -0.0065679 0.0758184
v 0.0208750 -0.0069818 0.0758184
v 0.0197443 -0.0077598 0.0758184
v 0.0190062 -0.0088080 0.0758184
v 0.0187499 -0.0100000 0.0758184
v 0.0190062 -0.0111920 0.0758184
v 0.0197443 -0.0122402 0.0758184
v 0.0208750 -0.0130182 0.0758184
v 0.0222620 -0.0134321 0.0758184
v 0.0237380 -0.0134321 0.0758184
v 0.0251250 -0.0130182 0.0758184
v 0.0262557 -0.0122402 0.0758184
v 0.0269938 -0.0111920 0.0758184
v 0.0274000 -0.0100000 0.0763878
v 0.0271346 -0.0087660 0.0763878
v 0.0263706 -0.0076808 0.0763878
v 0.0252000 -0.0068754 0.0763878
v 0.0237641 -0.0064468 0.0763878
v 0.0222359 -0.0064468 0.0763878
v 0.0208000 -0.0068754 0.0763878
v 0.0196294 -0.0076808 0.0763878
v 0.0188654 -0.0087660 0.0763878
v 0.0186000 -0.0100000 0.0763878
v 0.0188654 -0.0112340 0.0763878
v 0.0196294 -0.0123192 0.0763878
v 0.0208000 -0.0131246 0.0763878
v 0.0222359 -0.0135532 0.0763878
v 0.0237641 -0.0135532 0.0763878
v 0.0252000 -0.0131246 0.0763878
v 0.0263706 -0.0123192 0.0763878
v 0.0271346 -0.0112340 0.0763878
v 0.0272501 -0.0100000 0.0769572
v 0.0269938 -0.0088080 0.0769572
v 0.0262557 -0.0077598 0.0769572
v 0.0251250 -0.0069818 0.0769572
v 0.0237380 -0.0065679 0.0769572
v 0.0222620 -0.0065679 0.0769572
v 0.0208750 -0.0069818 0.0769572
v 0.0197443 -0.0077598 0.0769572
v 0.0190062 -0.0088080 0.0769572
v 0.0187499 -0.0100000 0.0769572
v 0.0190062 -0.0111920 0.0769572
v 0.0197443 -0.0122402 0.0769572
v 0.0208750 -0.0130182 0.0769572
v 0.0222620 -0.0134321 0.0769572
v 0.0237380 -0.0134321 0.0769572
v 0.0251250 -0.0130182 0.0769572
v 0.0262557 -0.0122402 0.0769572
v 0.0269938 -0.0111920 0.0769572
v 0.0268105 -0.0100000 0.0774878
v 0.0265807 -0.0089313 0.0774878
v 0.0259190 -0.0079915 0.0774878
v 0.0249053 -0.0072940 0.0774878
v 0.0236617 -0.0069229 0.0774878
v 0.0223383 -0.0069229 0.0774878
v 0.0210947 -0.0072940 0.0774878
v 0.0200810 -0.0079915 0.0774878
v 0.0194193 -0.0089313 0.0774878
v 0.0191895 -0.0100000 0.0774878
v 0.0194193 -0.0110687 0.0774878
v 0.0200810 -0.0120085 0.0774878
v 0.0210947 -0.0127060 0.0774878
v 0.0223383 -0.0130771 0.0774878
v 0.0236617 -0.0130771 0.0774878
v 0.0249053 -0.0127060 0.0774878
v 0.0259190 -0.0120085 0.0774878
v 0.0265807 -0.0110687 0.0774878
v 0.0261113 -0.0100000 0.0779434
v 0.0259236 -0.0091274 0.0779434
v 0.0253834 -0.0083601 0.0779434
v 0.0245556 -0.0077906 0.0779434
v 0.0235403 -0.0074875 0.0779434
v 0.0224597 -0.0074875 0.0779434
v 0.0214444 -0.0077906 0.0779434
v 0.0206166 -0.0083601 0.0779434
v 0.0200764 -0.0091274 0.0779434
v 0.0198887 -0.0100000 0.0779434
v 0.0200764 -0.0108726 0.0779434
v 0.0206166 -0.0116399 0.0779434
v 0.0214444 -0.0122094 0.0779434
v 0.0224597 -0.0125125 0.0779434
v 0.0235403 -0.0125125 0.0779434
v 0.0245556 -0.0122094 0.0779434
v 0.0253834 -0.0116399 0.0779434
v 0.0259236 -0.0108726 0.0779434
v 0.0252000 -0.0100000 0.0782930
v 0.0250673 -0.0093830 0.0782930
v 0.0246853 -0.0088404 0.0782930
v 0.0241000 -0.0084377 0.0782930
v 0.0233820 -0.0082234 0.0782930
v 0.0226180 -0.0082234 0.0782930
v 0.0219000 -0.0084377 0.0782930
v 0.0213147 -0.0088404 0.0782930
v 0.0209327 -0.0093830 0.0782930
v 0.0208000 -0.0100000 0.0782930
v 0.0209327 -0.0106170 0.0782930
v 0.0213147 -0.0111596 0.0782930
v 0.0219000 -0.0115623 0.0782930
v 0.0226180 -0.0117766 0.0782930
v 0.0233820 -0.0117766 0.0782930
v 0.0241000 -0.0115623 0.0782930
v 0.0246853 -0.0111596 0.0782930
v 0.0250673 -0.0106170 0.0782930
v 0.0241388 -0.0100000 0.0785128
v 0.0240701 -0.0096806 0.0785128
v 0.0238724 -0.0093998 0.0785128
v 0.0235694 -0.0091913 0.0785128
v 0.0231978 -0.0090804 0.0785128
v 0.0228022 -0.0090804 0.0785128
v 0.0224306 -0.0091913 0.0785128
v 0.0221276 -0.0093998 0.0785128
v 0.0219299 -0.0096806 0.0785128
v 0.0218612 -0.0100000 0.0785128
v 0.0219299 -0.0103194 0.0785128
v 0.0221276 -0.0106002 0.0785128
v 0.0224306 -0.0108087 0.0785128
v 0.0228022 -0.0109196 0.0785128
v 0.0231978 -0.0109196 0.0785128
v 0.0235694 -0.0108087 0.0785128
v 0.0238724 -0.0106002 0.0785128
v 0.0240701 -0.0103194 0.0785128
v 0.0230000 -0.0100000 0.0785878
v -0.0270000 0.0030000 0.0730958
v -0.0257059 0.0030000 0.0731707
v -0.0257839 0.0033629 0.0731707
v -0.0260087 0.0036821 0.0731707
v -0.0263530 0.0039190 0.0731707
v -0.0267753 0.0040450 0.0731707
v -0.0272247 0.0040450 0.0731707
v -0.0276470 0.0039190 0.0731707
v -0.0279913 0.0036821 0.0731707
v -0.0282161 0.0033629 0.0731707
v -0.0282941 0.0030000 0.0731707
v -0.0282161 0.0026371 0.0731707
v -0.0279913 0.0023179 0.0731707
v -0.0276470 0.0020810 0.0731707
v -0.0272247 0.0019550 0.0731707
v -0.0267753 0.0019550 0.0731707
v -0.0263530 0.0020810 0.0731707
v -0.0260087 0.0023179 0.0731707
v -0.0257839 0.0026371 0.0731707
v -0.0245000 0.0030000 0.0733905
v -0.0246508 0.0037011 0.0733905
v -0.0250849 0.0043177 0.0733905
v -0.0257500 0.0047754 0.0733905
v -0.0265659 0.0050189 0.0733905
v -0.0274341 0.0050189 0.0733905
v -0.0282500 0.0047754 0.0733905
v -0.0289151 0.0043177 0.0733905
v -0.0293492 0.0037011 0.0733905
v -0.0295000 0.0030000 0.0733905
v -0.0293492 0.0022989 0.0733905
v -0.0289151 0.0016823 0.0733905
v -0.0282500 0.0012246 0.0733905
v -0.0274341 0.0009811 0.0733905
v -0.0265659 0.0009811 0.0733905
v -0.0257500 0.0012246 0.0733905
v -0.0250849 0.0016823 0.0733905
v -0.0246508 0.0022989 0.0733905
v -0.0234645 0.0030000 0.0737401
v -0.0236777 0.0039916 0.0737401
v -0.0242916 0.0048635 0.0737401
v -0.0252322 0.0055107 0.0737401
v -0.0263861 0.0058551 0.0737401
v -0.0276139 0.0058551 0.0737401
v -0.0287678 0.0055107 0.0737401
v -0.0297084 0.0048635 0.0737401
v -0.0303223 0.0039916 0.0737401
v -0.0305355 0.0030000 0.0737401
v -0.0303223 0.0020084 0.0737401
v -0.0297084 0.0011365 0.0737401
v -0.0287678 0.0004893 0.0737401
v -0.0276139 0.0001449 0.0737401
v -0.0263861 0.0001449 0.0737401
v -0.0252322 0.0004893 0.0737401
v -0.0242916 0.0011365 0.0737401
v -0.0236777 0.0020084 0.0737401
v -0.0226699 0.0030000 0.0741958
v -0.0229310 0.0042144 0.0741958
v -0.0236829 0.0052823 0.0741958
v -0.0248349 0.0060750 0.0741958
v -0.0262481 0.0064968 0.0741958
v -0.0277519 0.0064968 0.0741958
v -0.0291651 0.0060750 0.0741958
v -0.0303171 0.0052823 0.0741958
v -0.0310690 0.0042144 0.0741958
v -0.0313301 0.0030000 0.0741958
v -0.0310690 0.0017856 0.0741958
v -0.0303171 0.0007177 0.0741958
v -0.0291651 -0.0000750 0.0741958
v -0.0277519 -0.0004968 0.0741958
v -0.0262481 -0.0004968 0.0741958
v -0.0248349 -0.0000750 0.0741958
v -0.0236829 0.0007177 0.0741958
v -0.0229310 0.0017856 0.0741958
v -0.0221704 0.0030000 0.0747264
v -0.0224616 0.0043545 0.0747264
v -0.0233003 0.0055456 0.0747264
v -0.0245852 0.0064297 0.0747264
v -0.0261613 0.0069001 0.0747264
v -0.0278387 0.0069001 0.0747264
v -0.0294148 0.0064297 0.0747264
v -0.0306997 0.0055456 0.0747264
v -0.0315384 0.0043545 0.0747264
v -0.0318296 0.0030000 0.0747264
v -0.0315384 0.0016455 0.0747264
v -0.0306997 0.0004544 0.0747264
v -0.0294148 -0.0004297 0.0747264
v -0.0278387 -0.0009001 0.0747264
v -0.0261613 -0.0009001 0.0747264
v -0.0245852 -0.0004297 0.0747264
v -0.0233003 0.0004544 0.0747264
v -0.0224616 0.0016455 0.0747264
v -0.0220000 0.0030000 0.0752958
v -0.0223015 0.0044023 0.0752958
v -0.0231698 0.0056354 0.0752958
v -0.0245000 0.0065507 0.0752958
v -0.0261318 0.0070377 0.0752958
v -0.0278682 0.0070377 0.0752958
v -0.0295000 0.0065507 0.0752958
v -0.0308302 0.0056354 0.0752958
v -0.0316985 0.0044023 0.0752958
v -0.0320000 0.0030000 0.0752958
v -0.0316985 0.0015977 0.0752958
v -0.0308302 0.0003646 0.0752958
v -0.0295000 -0.0005507 0.0752958
v -0.0278682 -0.0010377 0.0752958
v -0.0261318 -0.0010377 0.0752958
v -0.0245000 -0.0005507 0.0752958
v -0.0231698 0.0003646 0.0752958
v -0.0223015 0.0015977 0.0752958
v -0.0221704 0.0030000 0.0758652
v -0.0224616 0.0043545 0.0758652
v -0.0233003 0.0055456 0.0758652
v -0.0245852 0.0064297 0.0758652
v -0.0261613 0.0069001 0.0758652
v -0.0278387 0.0069001 0.0758652
v -0.0294148 0.0064297 0.0758652
v -0.0306997 0.0055456 0.0758652
v -0.0315384 0.0043545 0.0758652
v -0.0318296 0.0030000 0.0758652
v -0.0315384 0.0016455 0.0758652
v -0.0306997 0.0004544 0.0758652
v -0.0294148 -0.0004297 0.0758652
v -0.0278387 -0.0009001 0.0758652
v -0.0261613 -0.0009001 0.0758652
v -0.0245852 -0.0004297 0.0758652
v -0.0233003 0.0004544 0.0758652
v -0.0224616 0.0016455 0.0758652
v -0.0226699 0.0030000 0.0763958
v -0.0229310 0.0042144 0.0763958
v -0.0236829 0.0052823 0.0763958
v -0.0248349 0.0060750 0.0763958
v -0.0262481 0.0064968 0.0763958
v -0.0277519 0.0064968 0.0763958
v -0.0291651 0.0060750 0.0763958
v -0.0303171 0.0052823 0.0763958
v -0.0310690 0.0042144 0.0763958
v -0.0313301 0.0030000 0.0763958
v -0.0310690 0.0017856 0.0763958
v -0.0303171 0.0007177 0.0763958
v -0.0291651 -0.0000750 0.0763958
v -0.0277519 -0.0004968 0.0763958
v -0.0262481 -0.0004968 0.0763958
v -0.0248349 -0.0000750 0.0763958
v -0.0236829 0.0007177 0.0763958
v -0.0229310 0.0017856 0.0763958
v -0.0234645 0.0030000 0.0768514
v -0.0236777 0.0039916 0.0768514
v -0.0242916 0.0048635 0.0768514
v -0.0252322 0.0055107 0.0768514
v -0.0263861 0.0058551 0.0768514
v -0.0276139 0.0058551 0.0768514
v -0.0287678 0.0055107 0.0768514
v -0.0297084 0.0048635 0.0768514
v -0.0303223 0.0039916 0.0768514
v -0.0305355 0.0030000 0.0768514
v -0.0303223 0.0020084 0.0768514
v -0.0297084 0.0011365 0.0768514
v -0.0287678 0.0004893 0.0768514
v -0.0276139 0.0001449 0.0768514
v -0.0263861 0.0001449 0.0768514
v -0.0252322 0.0004893 0.0768514
v -0.0242916 0.0011365 0.0768514
v -0.0236777 0.0020084 0.0768514
v -0.0245000 0.0030000 0.0772010
v -0.0246508 0.0037011 0.0772010
v -0.0250849 0.0043177 0.0772010
v -0.0257500 0.0047754 0.0772010
v -0.0265659 0.0050189 0.0772010
v -0.0274341 0.0050189 0.0772010
v -0.0282500 0.0047754 0.0772010
v -0.0289151 0.0043177 0.0772010
v -0.0293492 0.0037011 0.0772010
v -0.0295000 0.0030000 0.0772010
v -0.0293492 0.0022989 0.0772010
v -0.0289151 0.0016823 0.0772010
v -0.0282500 0.0012246 0.0772010
v -0.0274341 0.0009811 0.0772010
v -0.0265659 0.0009811 0.0772010
v -0.0257500 0.0012246 0.0772010
v -0.0250849 0.0016823 0.0772010
v -0.0246508 0.0022989 0.0772010
v -0.0257059 0.0030000 0.0774208
v -0.0257839 0.0033629 0.0774208
v -0.0260087 0.0036821 0.0774208
v -0.0263530 0.0039190 0.0774208
v -0.0267753 0.0040450 0.0774208
v -0.0272247 0.0040450 0.0774208
v -0.0276470 0.0039190 0.0774208
v -0.0279913 0.0036821 0.0774208
v -0.0282161 0.0033629 0.0774208
v -0.0282941 0.0030000 0.0774208
v -0.0282161 0.0026371 0.0774208
v -0.0279913 0.0023179 0.0774208
v -0.0276470 0.0020810 0.0774208
v -0.0272247 0.0019550 0.0774208
v -0.0267753 0.0019550 0.0774208
v -0.0263530 0.0020810 0.0774208
v -0.0260087 0.0023179 0.0774208
v -0.0257839 0.0026371 0.0774208
v -0.0270000 0.0030000 0.0774958
v -0.0080000 0.0020000 0.0802384
v -0.0068612 0.0020000 0.0803133
v -0.0069299 0.0023194 0.0803133
v -0.0071276 0.0026002 0.0803133
v -0.0074306 0.0028087 0.0803133
v -0.0078022 0.0029196 0.0803133
v -0.0081978 0.0029196 0.0803133
v -0.0085694 0.0028087 0.0803133
v -0.0088724 0.0026002 0.0803133
v -0.0090701 0.0023194 0.0803133
v -0.0091388 0.0020000 0.0803133
v -0.0090701 0.0016806 0.0803133
v -0.0088724 0.0013998 0.0803133
v -0.0085694 0.0011913 0.0803133
v -0.0081978 0.0010804 0.0803133
v -0.0078022 0.0010804 0.0803133
v -0.0074306 0.0011913 0.0803133
v -0.0071276 0.0013998 0.0803133
v -0.0069299 0.0016806 0.0803133
v -0.0058000 0.0020000 0.0805331
v -0.0059327 0.0026170 0.0805331
v -0.0063147 0.0031596 0.0805331
v -0.0069000 0.0035623 0.0805331
v -0.0076180 0.0037766 0.0805331
v -0.0083820 0.0037766 0.0805331
v -0.0091000 0.0035623 0.0805331
v -0.0096853 0.0031596 0.0805331
v -0.0100673 0.0026170 0.0805331
v -0.0102000 0.0020000 0.0805331
v -0.0100673 0.0013830 0.0805331
v -0.0096853 0.0008404 0.0805331
v -0.0091000 0.0004377 0.0805331
v -0.0083820 0.0002234 0.0805331
v -0.0076180 0.0002234 0.0805331
v -0.0069000 0.0004377 0.0805331
v -0.0063147 0.0008404 0.0805331
v -0.0059327 0.0013830 0.0805331
v -0.0048887 0.0020000 0.0808827
v -0.0050764 0.0028726 0.0808827
v -0.0056166 0.0036399 0.0808827
v -0.0064444 0.0042094 0.0808827
v -0.0074597 0.0045125 0.0808827
v -0.0085403 0.0045125 0.0808827
v -0.0095556 0.0042094 0.0808827
v -0.0103834 0.0036399 0.0808827
v -0.0109236 0.0028726 0.0808827
v -0.0111113 0.0020000 0.0808827
v -0.0109236 0.0011274 0.0808827
v -0.0103834 0.0003601 0.0808827
v -0.0095556 -0.0002094 0.0808827
v -0.0085403 -0.0005125 0.0808827
v -0.0074597 -0.0005125 0.0808827
v -0.0064444 -0.0002094 0.0808827
v -0.0056166 0.0003601 0.0808827
v -0.0050764 0.0011274 0.0808827
v -0.0041895 0.0020000 0.0813384
v -0.0044193 0.0030687 0.0813384
v -0.0050810 0.0040085 0.0813384
v -0.0060947 0.0047060 0.0813384
v -0.0073383 0.0050771 0.0813384
v -0.0086617 0.0050771 0.0813384
v -0.0099053 0.0047060 0.0813384
v -0.0109190 0.0040085 0.0813384
v -0.0115807 0.0030687 0.0813384
v -0.0118105 0.0020000 0.0813384
v -0.0115807 0.0009313 0.0813384
v -0.0109190 -0.0000085 0.0813384
v -0.0099053 -0.0007060 0.0813384
v -0.0086617 -0.0010771 0.0813384
v -0.0073383 -0.0010771 0.0813384
v -0.0060947 -0.0007060 0.0813384
v -0.0050810 -0.0000085 0.0813384
v -0.0044193 0.0009313 0.0813384
v -0.0037499 0.0020000 0.0818690
v -0.0040062 0.0031920 0.0818690
v -0.0047443 0.0042402 0.0818690
v -0.0058750 0.0050182 0.0818690
v -0.0072620 0.0054321 0.0818690
v -0.0087380 0.0054321 0.0818690
v -0.0101250 0.0050182 0.0818690
v -0.0112557 0.0042402 0.0818690
v -0.0119938 0.0031920 0.0818690
v -0.0122501 0.0020000 0.0818690
v -0.0119938 0.0008080 0.0818690
v -0.0112557 -0.0002402 0.0818690
v -0.0101250 -0.0010182 0.0818690
v -0.0087380 -0.0014321 0.0818690
v -0.0072620 -0.0014321 0.0818690
v -0.0058750 -0.0010182 0.0818690
v -0.0047443 -0.0002402 0.0818690
v -0.0040062 0.0008080 0.0818690
v -0.0036000 0.0020000 0.0824384
v -0.0038654 0.0032340 0.0824384
v -0.0046294 0.0043192 0.0824384
v -0.0058000 0.0051246 0.0824384
v -0.0072359 0.0055532 0.0824384
v -0.0087641 0.0055532 0.0824384
v -0.0102000 0.0051246 0.0824384
v -0.0113706 0.0043192 0.0824384
v -0.0121346 0.0032340 0.0824384
v -0.0124000 0.0020000 0.0824384
v -0.0121346 0.0007660 0.0824384
v -0.0113706 -0.0003192 0.0824384
v -0.0102000 -0.0011246 0.0824384
v -0.0087641 -0.0015532 0.0824384
v -0.0072359 -0.0015532 0.0824384
v -0.0058000 -0.0011246 0.0824384
v -0.0046294 -0.0003192 0.0824384
v -0.0038654 0.0007660 0.0824384
v -0.0037499 0.0020000 0.0830078
v -0.0040062 0.0031920 0.0830078
v -0.0047443 0.0042402 0.0830078
v -0.0058750 0.0050182 0.0830078
v -0.0072620 0.0054321 0.0830078
v -0.0087380 0.0054321 0.0830078
v -0.0101250 0.0050182 0.0830078
v -0.0112557 0.0042402 0.0830078
v -0.0119938 0.0031920 0.0830078
v -0.0122501 0.0020000 0.0830078
v -0.0119938 0.0008080 0.0830078
v -0.0112557 -0.0002402 0.0830078
v -0.0101250 -0.0010182 0.0830078
v -0.0087380 -0.0014321 0.0830078
v -0.0072620 -0.0014321 0.0830078
v -0.0058750 -0.0010182 0.0830078
v -0.0047443 -0.0002402 0.0830078
v -0.0040062 0.0008080 0.0830078
v -0.0041895 0.0020000 0.0835384
v -0.0044193 0.0030687 0.0835384
v -0.0050810 0.0040085 0.0835384
v -0.0060947 0.0047060 0.0835384
v -0.0073383 0.0050771 0.0835384
v -0.0086617 0.0050771 0.0835384
v -0.0099053 0.0047060 0.0835384
v -0.0109190 0.0040085 0.0835384
v -0.0115807 0.0030687 0.0835384
v -0.0118105 0.0020000 0.0835384
v -0.0115807 0.0009313 0.0835384
v -0.0109190 -0.0000085 0.0835384
v -0.0099053 -0.0007060 0.0835384
v -0.0086617 -0.0010771 0.0835384
v -0.0073383 -0.0010771 0.0835384
v -0.0060947 -0.0007060 0.0835384
v -0.0050810 -0.0000085 0.0835384
v -0.0044193 0.0009313 0.0835384
v -0.0048887 0.0020000 0.0839940
v -0.0050764 0.0028726 0.0839940
v -0.0056166 0.0036399 0.0839940
v -0.0064444 0.0042094 0.0839940
v -0.0074597 0.0045125 0.0839940
v -0.0085403 0.0045125 0.0839940
v -0.0095556 0.0042094 0.0839940
v -0.0103834 0.0036399 0.0839940
v -0.0109236 0.0028726 0.0839940
v -0.0111113 0.0020000 0.0839940
v -0.0109236 0.0011274 0.0839940
v -0.0103834 0.0003601 0.0839940
v -0.0095556 -0.0002094 0.0839940
v -0.0085403 -0.0005125 0.0839940
v -0.0074597 -0.0005125 0.0839940
v -0.0064444 -0.0002094 0.0839940
v -0.0056166 0.0003601 0.0839940
v -0.0050764 0.0011274 0.0839940
v -0.0058000 0.0020000 0.0843436
v -0.0059327 0.0026170 0.0843436
v -0.0063147 0.0031596 0.0843436
v -0.0069000 0.0035623 0.0843436
v -0.0076180 0.0037766 0.0843436
v -0.0083820 0.0037766 0.0843436
v -0.0091000 0.0035623 0.0843436
v -0.0096853 0.0031596 0.0843436
v -0.0100673 0.0026170 0.0843436
v -0.0102000 0.0020000 0.0843436
v -0.0100673 0.0013830 0.0843436
v -0.0096853 0.0008404 0.0843436
v -0.0091000 0.0004377 0.0843436
v -0.0083820 0.0002234 0.0843436
v -0.0076180 0.0002234 0.0843436
v -0.0069000 0.0004377 0.0843436
v -0.0063147 0.0008404 0.0843436
v -0.0059327 0.0013830 0.0843436
v -0.0068612 0.0020000 0.0845634
v -0.0069299 0.0023194 0.0845634
v -0.0071276 0.0026002 0.0845634
v -0.0074306 0.0028087 0.0845634
v -0.0078022 0.0029196 0.0845634
v -0.0081978 0.0029196 0.0845634
v -0.0085694 0.0028087 0.0845634
v -0.0088724 0.0026002 0.0845634
v -0.0090701 0.0023194 0.0845634
v -0.0091388 0.0020000 0.0845634
v -0.0090701 0.0016806 0.0845634
v -0.0088724 0.0013998 0.0845634
v -0.0085694 0.0011913 0.0845634
v -0.0081978 0.0010804 0.0845634
v -0.0078022 0.0010804 0.0845634
v -0.0074306 0.0011913 0.0845634
v -0.0071276 0.0013998 0.0845634
v -0.0069299 0.0016806 0.0845634
v -0.0080000 0.0020000 0.0846384
v 0.0150000 0.0080000 0.0779788
v 0.0161388 0.0080000 0.0780537
v 0.0160701 0.0083194 0.0780537
v 0.0158724 0.0086002 0.0780537
v 0.0155694 0.0088087 0.0780537
v 0.0151978 0.0089196 0.0780537
v 0.0148022 0.0089196 0.0780537
v 0.0144306 0.0088087 0.0780537
v 0.0141276 0.0086002 0.0780537
v 0.0139299 0.0083194 0.0780537
v 0.0138612 0.0080000 0.0780537
v 0.0139299 0.0076806 0.0780537
v 0.0141276 0.0073998 0.0780537
v 0.0144306 0.0071913 0.0780537
v 0.0148022 0.0070804 0.0780537
v 0.0151978 0.0070804 0.0780537
v 0.0155694 0.0071913 0.0780537
v 0.0158724 0.0073998 0.0780537
v 0.0160701 0.0076806 0.0780537
v 0.0172000 0.0080000 0.0782735
v 0.0170673 0.0086170 0.0782735
v 0.0166853 0.0091596 0.0782735
v 0.0161000 0.0095623 0.0782735
v 0.0153820 0.0097766 0.0782735
v 0.0146180 0.0097766 0.0782735
v 0.0139000 0.0095623 0.0782735
v 0.0133147 0.0091596 0.0782735
v 0.0129327 0.0086170 0.0782735
v 0.0128000 0.0080000 0.0782735
v 0.0129327 0.0073830 0.0782735
v 0.0133147 0.0068404 0.0782735
v 0.0139000 0.0064377 0.0782735
v 0.0146180 0.0062234 0.0782735
v 0.0153820 0.0062234 0.0782735
v 0.0161000 0.0064377 0.0782735
v 0.0166853 0.0068404 0.0782735
v 0.0170673 0.0073830 0.0782735
v 0.0181113 0.0080000 0.0786231
v 0.0179236 0.0088726 0.0786231
v 0.0173834 0.0096399 0.0786231
v 0.0165556 0.0102094 0.0786231
v 0.0155403 0.0105125 0.0786231
v 0.0144597 0.0105125 0.0786231
v 0.0134444 0.0102094 0.0786231
v 0.0126166 0.0096399 0.0786231
v 0.0120764 0.0088726 0.0786231
v 0.0118887 0.0080000 0.0786231
v 0.0120764 0.0071274 0.0786231
v 0.0126166 0.0063601 0.0786231
v 0.0134444 0.0057906 0.0786231
v 0.0144597 0.0054875 0.0786231
v 0.0155403 0.0054875 0.0786231
v 0.0165556 0.0057906 0.0786231
v 0.0173834 0.0063601 0.0786231
v 0.0179236 0.0071274 0.0786231
v 0.0188105 0.0080000 0.0790788
v 0.0185807 0.0090687 0.0790788
v 0.0179190 0.0100085 0.0790788
v 0.0169053 0.0107060 0.0790788
v 0.0156617 0.0110771 0.0790788
v 0.0143383 0.0110771 0.0790788
v 0.0130947 0.0107060 0.0790788
v 0.0120810 0.0100085 0.0790788
v 0.0114193 0.0090687 0.0790788
v 0.0111895 0.0080000 0.0790788
v 0.0114193 0.0069313 0.0790788
v 0.0120810 0.0059915 0.0790788
v 0.0130947 0.0052940 0.0790788
v 0.0143383 0.0049229 0.0790788
v 0.0156617 0.0049229 0.0790788
v 0.0169053 0.0052940 0.0790788
v 0.0179190 0.0059915 0.0790788
v 0.0185807 0.0069313 0.0790788
v 0.0192501 0.0080000 0.0796094
v 0.0189938 0.0091920 0.0796094
v 0.0182557 0.0102402 0.0796094
v 0.0171250 0.0110182 0.0796094
v 0.0157380 0.0114321 0.0796094
v 0.0142620 0.0114321 0.0796094
v 0.0128750 0.0110182 0.0796094
v 0.0117443 0.0102402 0.0796094
v 0.0110062 0.0091920 0.0796094
v 0.0107499 0.0080000 0.0796094
v 0.0110062 0.0068080 0.0796094
v 0.0117443 0.0057598 0.0796094
v 0.0128750 0.0049818 0.0796094
v 0.0142620 0.0045679 0.0796094
v 0.0157380 0.0045679 0.0796094
v 0.0171250 0.0049818 0.0796094
v 0.0182557 0.0057598 0.0796094
v 0.0189938 0.0068080 0.0796094
v 0.0194000 0.0080000 0.0801788
v 0.0191346 0.0092340 0.0801788
v 0.0183706 0.0103192 0.0801788
v 0.0172000 0.0111246 0.0801788
v 0.0157641 0.0115532 0.0801788
v 0.0142359 0.0115532 0.0801788
v 0.0128000 0.0111246 0.0801788
v 0.0116294 0.0103192 0.0801788
v 0.0108654 0.0092340 0.0801788
v 0.0106000 0.0080000 0.0801788
v 0.0108654 0.0067660 0.0801788
v 0.0116294 0.0056808 0.0801788
v 0.0128000 0.0048754 0.0801788
v 0.0142359 0.0044468 0.0801788
v 0.0157641 0.0044468 0.0801788
v 0.0172000 0.0048754 0.0801788
v 0.0183706 0.0056808 0.0801788
v 0.0191346 0.0067660 0.0801788
v 0.0192501 0.0080000 0.0807482
v 0.0189938 0.0091920 0.0807482
v 0.0182557 0.0102402 0.0807482
v 0.0171250 0.0110182 0.0807482
v 0.0157380 0.0114321 0.0807482
v 0.0142620 0.0114321 0.0807482
v 0.0128750 0.0110182 0.0807482
v 0.0117443 0.0102402 0.0807482
v 0.0110062 0.0091920 0.0807482
v 0.0107499 0.0080000 0.0807482
v 0.0110062 0.0068080 0.0807482
v 0.0117443 0.0057598 0.0807482
v 0.0128750 0.0049818 0.0807482
v 0.0142620 0.0045679 0.0807482
v 0.0157380 0.0045679 0.0807482
v 0.0171250 0.0049818 0.0807482
v 0.0182557 0.0057598 0.0807482
v 0.0189938 0.0068080 0.0807482
v 0.0188105 0.0080000 0.0812788
v 0.0185807 0.0090687 0.0812788
v 0.0179190 0.0100085 0.0812788
v 0.0169053 0.0107060 0.0812788
v 0.0156617 0.0110771 0.0812788
v 0.0143383 0.0110771 0.0812788
v 0.0130947 0.0107060 0.0812788
v 0.0120810 0.0100085 0.0812788
v 0.0114193 0.0090687 0.0812788
v 0.0111895 0.0080000 0.0812788
v 0.0114193 0.0069313 0.0812788
v 0.0120810 0.0059915 0.0812788
v 0.0130947 0.0052940 0.0812788
v 0.0143383 0.0049229 0.0812788
v 0.0156617 0.0049229 0.0812788
v 0.0169053 0.0052940 0.0812788
v 0.0179190 0.0059915 0.0812788
v 0.0185807 0.0069313 0.0812788
v 0.0181113 0.0080000 0.0817344
v 0.0179236 0.0088726 0.0817344
v 0.0173834 0.0096399 0.0817344
v 0.0165556 0.0102094 0.0817344
v 0.0155403 0.0105125 0.0817344
v 0.0144597 0.0105125 0.0817344
v 0.0134444 0.0102094 0.0817344
v 0.0126166 0.0096399 0.0817344
v 0.0120764 0.0088726 0.0817344
v 0.0118887 0.0080000 0.0817344
v 0.0120764 0.0071274 0.0817344
v 0.0126166 0.0063601 0.0817344
v 0.0134444 0.0057906 0.0817344
v 0.0144597 0.0054875 0.0817344
v 0.0155403 0.0054875 0.0817344
v 0.0165556 0.0057906 0.0817344
v 0.0173834 0.0063601 0.0817344
v 0.0179236 0.0071274 0.0817344
v 0.0172000 0.0080000 0.0820840
v 0.0170673 0.0086170 0.0820840
v 0.0166853 0.0091596 0.0820840
v 0.0161000 0.0095623 0.0820840
v 0.0153820 0.0097766 0.0820840
v 0.0146180 0.0097766 0.0820840
v 0.0139000 0.0095623 0.0820840
v 0.0133147 0.0091596 0.0820840
v 0.0129327 0.0086170 0.0820840
v 0.0128000 0.0080000 0.0820840
v 0.0129327 0.0073830 0.0820840
v 0.0133147 0.0068404 0.0820840
v 0.0139000 0.0064377 0.0820840
v 0.0146180 0.0062234 0.0820840
v 0.0153820 0.0062234 0.0820840
v 0.0161000 0.0064377 0.0820840
v 0.0166853 0.0068404 0.0820840
v 0.0170673 0.0073830 0.0820840
v 0.0161388 0.0080000 0.0823038
v 0.0160701 0.0083194 0.0823038
v 0.0158724 0.0086002 0.0823038
v 0.0155694 0.0088087 0.0823038
v 0.0151978 0.0089196 0.0823038
v 0.0148022 0.0089196 0.0823038
v 0.0144306 0.0088087 0.0823038
v 0.0141276 0.0086002 0.0823038
v 0.0139299 0.0083194 0.0823038
v 0.0138612 0.0080000 0.0823038
v 0.0139299 0.0076806 0.0823038
v 0.0141276 0.0073998 0.0823038
v 0.0144306 0.0071913 0.0823038
v 0.0148022 0.0070804 0.0823038
v 0.0151978 0.0070804 0.0823038
v 0.0155694 0.0071913 0.0823038
v 0.0158724 0.0073998 0.0823038
v 0.0160701 0.0076806 0.0823038
v 0.0150000 0.0080000 0.0823788
v 0.0300000 0.0160000 0.0679943
v 0.0312941 0.0160000 0.0680693
v 0.0312161 0.0163629 0.0680693
v 0.0309913 0.0166821 0.0680693
v 0.0306470 0.0169190 0.0680693
v 0.0302247 0.0170450 0.0680693
v 0.0297753 0.0170450 0.0680693
v 0.0293530 0.0169190 0.0680693
v 0.0290087 0.0166821 0.0680693
v 0.0287839 0.0163629 0.0680693
v 0.0287059 0.0160000 0.0680693
v 0.0287839 0.0156371 0.0680693
v 0.0290087 0.0153179 0.0680693
v 0.0293530 0.0150810 0.0680693
v 0.0297753 0.0149550 0.0680693
v 0.0302247 0.0149550 0.0680693
v 0.0306470 0.0150810 0.0680693
v 0.0309913 0.0153179 0.0680693
v 0.0312161 0.0156371 0.0680693
v 0.0325000 0.0160000 0.0682891
v 0.0323492 0.0167011 0.0682891
v 0.0319151 0.0173177 0.0682891
v 0.0312500 0.0177754 0.0682891
v 0.0304341 0.0180189 0.0682891
v 0.0295659 0.0180189 0.0682891
v 0.0287500 0.0177754 0.0682891
v 0.0280849 0.0173177 0.0682891
v 0.0276508 0.0167011 0.0682891
v 0.0275000 0.0160000 0.0682891
v 0.0276508 0.0152989 0.0682891
v 0.0280849 0.0146823 0.0682891
v 0.0287500 0.0142246 0.0682891
v 0.0295659 0.0139811 0.0682891
v 0.0304341 0.0139811 0.0682891
v 0.0312500 0.0142246 0.0682891
v 0.0319151 0.0146823 0.0682891
v 0.0323492 0.0152989 0.0682891
v 0.0335355 0.0160000 0.0686387
v 0.0333223 0.0169916 0.0686387
v 0.0327084 0.0178635 0.0686387
v 0.0317678 0.0185107 0.0686387
v 0.0306139 0.0188551 0.0686387
v 0.0293861 0.0188551 0.0686387
v 0.0282322 0.0185107 0.0686387
v 0.0272916 0.0178635 0.0686387
v 0.0266777 0.0169916 0.0686387
v 0.0264645 0.0160000 0.0686387
v 0.0266777 0.0150084 0.0686387
v 0.0272916 0.0141365 0.0686387
v 0.0282322 0.0134893 0.0686387
v 0.0293861 0.0131449 0.0686387
v 0.0306139 0.0131449 0.0686387
v 0.0317678 0.0134893 0.0686387
v 0.0327084 0.0141365 0.0686387
v 0.0333223 0.0150084 0.0686387
v 0.0343301 0.0160000 0.0690943
v 0.0340690 0.0172144 0.0690943
v 0.0333171 0.0182823 0.0690943
v 0.0321651 0.0190750 0.0690943
v 0.0307519 0.0194968 0.0690943
v 0.0292481 0.0194968 0.0690943
v 0.0278349 0.0190750 0.0690943
v 0.0266829 0.0182823 0.0690943
v 0.0259310 0.0172144 0.0690943
v 0.0256699 0.0160000 0.0690943
v 0.0259310 0.0147856 0.0690943
v 0.0266829 0.0137177 0.0690943
v 0.0278349 0.0129250 0.0690943
v 0.0292481 0.0125032 0.0690943
v 0.0307519 0.0125032 0.0690943
v 0.0321651 0.0129250 0.0690943
v 0.0333171 0.0137177 0.0690943
v 0.0340690 0.0147856 0.0690943
v 0.0348296 0.0160000 0.0696249
v 0.0345384 0.0173545 0.0696249
v 0.0336997 0.0185456 0.0696249
v 0.0324148 0.0194297 0.0696249
v 0.0308387 0.0199001 0.0696249
v 0.0291613 0.0199001 0.0696249
v 0.0275852 0.0194297 0.0696249
v 0.0263003 0.0185456 0.0696249
v 0.0254616 0.0173545 0.0696249
v 0.0251704 0.0160000 0.0696249
v 0.0254616 0.0146455 0.0696249
v 0.0263003 0.0134544 0.0696249
v 0.0275852 0.0125703 0.0696249
v 0.0291613 0.0120999 0.0696249
v 0.0308387 0.0120999 0.0696249
v 0.0324148 0.0125703 0.0696249
v 0.0336997 0.0134544 0.0696249
v 0.0345384 0.0146455 0.0696249
v 0.0350000 0.0160000 0.0701943
v 0.0346985 0.0174023 0.0701943
v 0.0338302 0.0186354 0.0701943
v 0.0325000 0.0195507 0.0701943
v 0.0308682 0.0200377 0.0701943
v 0.0291318 0.0200377 0.0701943
v 0.0275000 0.0195507 0.0701943
v 0.0261698 0.0186354 0.0701943
v 0.0253015 0.0174023 0.0701943
v 0.0250000 0.0160000 0.0701943
v 0.0253015 0.0145977 0.0701943
v 0.0261698 0.0133646 0.0701943
v 0.0275000 0.0124493 0.0701943
v 0.0291318 0.0119623 0.0701943
v 0.0308682 0.0119623 0.0701943
v 0.0325000 0.0124493 0.0701943
v 0.0338302 0.0133646 0.0701943
v 0.0346985 0.0145977 0.0701943
v 0.0348296 0.0160000 0.0707637
v 0.0345384 0.0173545 0.0707637
v 0.0336997 0.0185456 0.0707637
v 0.0324148 0.0194297 0.0707637
v 0.0308387 0.0199001 0.0707637
v 0.0291613 0.0199001 0.0707637
v 0.0275852 0.0194297 0.0707637
v 0.0263003 0.0185456 0.0707637
v 0.0254616 0.0173545 0.0707637
v 0.0251704 0.0160000 0.0707637
v 0.0254616 0.0146455 0.0707637
v 0.0263003 0.0134544 0.0707637
v 0.0275852 0.0125703 0.0707637
v 0.0291613 0.0120999 0.0707637
v 0.0308387 0.0120999 0.0707637
v 0.0324148 0.0125703 0.0707637
v 0.0336997 0.0134544 0.0707637
v 0.0345384 0.0146455 0.0707637
v 0.0343301 0.0160000 0.0712943
v 0.0340690 0.0172144 0.0712943
v 0.0333171 0.0182823 0.0712943
v 0.0321651 0.0190750 0.0712943
v 0.0307519 0.0194968 0.0712943
v 0.0292481 0.0194968 0.0712943
v 0.0278349 0.0190750 0.0712943
v 0.0266829 0.0182823 0.0712943
v 0.0259310 0.0172144 0.0712943
v 0.0256699 0.0160000 0.0712943
v 0.0259310 0.0147856 0.0712943
v 0.0266829 0.0137177 0.0712943
v 0.0278349 0.0129250 0.0712943
v 0.0292481 0.0125032 0.0712943
v 0.0307519 0.0125032 0.0712943
v 0.0321651 0.0129250 0.0712943
v 0.0333171 0.0137177 0.0712943
v 0.0340690 0.0147856 0.0712943
v 0.0335355 0.0160000 0.0717500
v 0.0333223 0.0169916 0.0717500
v 0.0327084 0.0178635 0.0717500
v 0.0317678 0.0185107 0.0717500
v 0.0306139 0.0188551 0.0717500
v 0.0293861 0.0188551 0.0717500
v 0.0282322 0.0185107 0.0717500
v 0.0272916 0.0178635 0.0717500
v 0.0266777 0.0169916 0.0717500
v 0.0264645 0.0160000 0.0717500
v 0.0266777 0.0150084 0.0717500
v 0.0272916 0.0141365 0.0717500
v 0.0282322 0.0134893 0.0717500
v 0.0293861 0.0131449 0.0717500
v 0.0306139 0.0131449 0.0717500
v 0.0317678 0.0134893 0.0717500
v 0.0327084 0.0141365 0.0717500
v 0.0333223 0.0150084 0.0717500
v 0.0325000 0.0160000 0.0720996
v 0.0323492 0.0167011 0.0720996
v 0.0319151 0.0173177 0.0720996
v 0.0312500 0.0177754 0.0720996
v 0.0304341 0.0180189 0.0720996
v 0.0295659 0.0180189 0.0720996
v 0.0287500 0.0177754 0.0720996
v 0.0280849 0.0173177 0.0720996
v 0.0276508 0.0167011 0.0720996
v 0.0275000 0.0160000 0.0720996
v 0.0276508 0.0152989 0.0720996
v 0.0280849 0.0146823 0.0720996
v 0.0287500 0.0142246 0.0720996
v 0.0295659 0.0139811 0.0720996
v 0.0304341 0.0139811 0.0720996
v 0.0312500 0.0142246 0.0720996
v 0.0319151 0.0146823 0.0720996
v 0.0323492 0.0152989 0.0720996
v 0.0312941 0.0160000 0.0723194
v 0.0312161 0.0163629 0.0723194
v 0.0309913 0.0166821 0.0723194
v 0.0306470 0.0169190 0.0723194
v 0.0302247 0.0170450 0.0723194
v 0.0297753 0.0170450 0.0723194
v 0.0293530 0.0169190 0.0723194
v 0.0290087 0.0166821 0.0723194
v 0.0287839 0.0163629 0.0723194
v 0.0287059 0.0160000 0.0723194
v 0.0287839 0.0156371 0.0723194
v 0.0290087 0.0153179 0.0723194
v 0.0293530 0.0150810 0.0723194
v 0.0297753 0.0149550 0.0723194
v 0.0302247 0.0149550 0.0723194
v 0.0306470 0.0150810 0.0723194
v 0.0309913 0.0153179 0.0723194
v 0.0312161 0.0156371 0.0723194
v 0.0300000 0.0160000 0.0723943
v -0.0170000 0.0230000 0.0715957
v -0.0158612 0.0230000 0.0716707
v -0.0159299 0.0233194 0.0716707
v -0.0161276 0.0236002 0.0716707
v -0.0164306 0.0238087 0.0716707
v -0.0168022 0.0239196 0.0716707
v -0.0171978 0.0239196 0.0716707
v -0.0175694 0.0238087 0.0716707
v -0.0178724 0.0236002 0.0716707
v -0.0180701 0.0233194 0.0716707
v -0.0181388 0.0230000 0.0716707
v -0.0180701 0.0226806 0.0716707
v -0.0178724 0.0223998 0.0716707
v -0.0175694 0.0221913 0.0716707
v -0.0171978 0.0220804 0.0716707
v -0.0168022 0.0220804 0.0716707
v -0.0164306 0.0221913 0.0716707
v -0.0161276 0.0223998 0.0716707
v -0.0159299 0.0226806 0.0716707
v -0.0148000 0.0230000 0.0718905
v -0.0149327 0.0236170 0.0718905
v -0.0153147 0.0241596 0.0718905
v -0.0159000 0.0245623 0.0718905
v -0.0166180 0.0247766 0.0718905
v -0.0173820 0.0247766 0.0718905
v -0.0181000 0.0245623 0.0718905
v -0.0186853 0.0241596 0.0718905
v -0.0190673 0.0236170 0.0718905
v -0.0192000 0.0230000 0.0718905
v -0.0190673 0.0223830 0.0718905
v -0.0186853 0.0218404 0.0718905
v -0.0181000 0.0214377 0.0718905
v -0.0173820 0.0212234 0.0718905
v -0.0166180 0.0212234 0.0718905
v -0.0159000 0.0214377 0.0718905
v -0.0153147 0.0218404 0.0718905
v -0.0149327 0.0223830 0.0718905
v -0.0138887 0.0230000 0.0722401
v -0.0140764 0.0238726 0.0722401
v -0.0146166 0.0246399 0.0722401
v -0.0154444 0.0252094 0.0722401
v -0.0164597 0.0255125 0.0722401
v -0.0175403 0.0255125 0.0722401
v -0.0185556 0.0252094 0.0722401
v -0.0193834 0.0246399 0.0722401
v -0.0199236 0.0238726 0.0722401
v -0.0201113 0.0230000 0.0722401
v -0.0199236 0.0221274 0.0722401
v -0.0193834 0.0213601 0.0722401
v -0.0185556 0.0207906 0.0722401
v -0.0175403 0.0204875 0.0722401
v -0.0164597 0.0204875 0.0722401
v -0.0154444 0.0207906 0.0722401
v -0.0146166 0.0213601 0.0722401
v -0.0140764 0.0221274 0.0722401
v -0.0131895 0.0230000 0.0726957
v -0.0134193 0.0240687 0.0726957
v -0.0140810 0.0250085 0.0726957
v -0.0150947 0.0257060 0.0726957
v -0.0163383 0.0260771 0.0726957
v -0.0176617 0.0260771 0.0726957
v -0.0189053 0.0257060 0.0726957
v -0.0199190 0.0250085 0.0726957
v -0.0205807 0.0240687 0.0726957
v -0.0208105 0.0230000 0.0726957
v -0.0205807 0.0219313 0.0726957
v -0.0199190 0.0209915 0.0726957
v -0.0189053 0.0202940 0.0726957
v -0.0176617 0.0199229 0.0726957
v -0.0163383 0.0199229 0.0726957
v -0.0150947 0.0202940 0.0726957
v -0.0140810 0.0209915 0.0726957
v -0.0134193 0.0219313 0.0726957
v -0.0127499 0.0230000 0.0732263
v -0.0130062 0.0241920 0.0732263
v -0.0137443 0.0252402 0.0732263
v -0.0148750 0.0260182 0.0732263
v -0.0162620 0.0264321 0.0732263
v -0.0177380 0.0264321 0.0732263
v -0.0191250 0.0260182 0.0732263
v -0.0202557 0.0252402 0.0732263
v -0.0209938 0.0241920 0.0732263
v -0.0212501 0.0230000 0.0732263
v -0.0209938 0.0218080 0.0732263
v -0.0202557 0.0207598 0.0732263
v -0.0191250 0.0199818 0.0732263
v -0.0177380 0.0195679 0.0732263
v -0.0162620 0.0195679 0.0732263
v -0.0148750 0.0199818 0.0732263
v -0.0137443 0.0207598 0.0732263
v -0.0130062 0.0218080 0.0732263
v -0.0126000 0.0230000 0.0737957
v -0.0128654 0.0242340 0.0737957
v -0.0136294 0.0253192 0.0737957
v -0.0148000 0.0261246 0.0737957
v -0.0162359 0.0265532 0.0737957
v -0.0177641 0.0265532 0.0737957
v -0.0192000 0.0261246 0.0737957
v -0.0203706 0.0253192 0.0737957
v -0.0211346 0.0242340 0.0737957
v -0.0214000 0.0230000 0.0737957
v -0.0211346 0.0217660 0.0737957
v -0.0203706 0.0206808 0.0737957
v -0.0192000 0.0198754 0.0737957
v -0.0177641 0.0194468 0.0737957
v -0.0162359 0.0194468 0.0737957
v -0.0148000 0.0198754 0.0737957
v -0.0136294 0.0206808 0.0737957
v -0.0128654 0.0217660 0.0737957
v -0.0127499 0.0230000 0.0743651
v -0.0130062 0.0241920 0.0743651
v -0.0137443 0.0252402 0.0743651
v -0.0148750 0.0260182 0.0743651
v -0.0162620 0.0264321 0.0743651
v -0.0177380 0.0264321 0.0743651
v -0.0191250 0.0260182 0.0743651
v -0.0202557 0.0252402 0.0743651
v -0.0209938 0.0241920 0.0743651
v -0.0212501 0.0230000 0.0743651
v -0.0209938 0.0218080 0.0743651
v -0.0202557 0.0207598 0.0743651
v -0.0191250 0.0199818 0.0743651
v -0.0177380 0.0195679 0.0743651
v -0.0162620 0.0195679 0.0743651
v -0.0148750 0.0199818 0.0743651
v -0.0137443 0.0207598 0.0743651
v -0.0130062 0.0218080 0.0743651
v -0.0131895 0.0230000 0.0748957
v -0.0134193 0.0240687 0.0748957
v -0.0140810 0.0250085 0.0748957
v -0.0150947 0.0257060 0.0748957
v -0.0163383 0.0260771 0.0748957
v -0.0176617 0.0260771 0.0748957
v -0.0189053 0.0257060 0.0748957
v -0.0199190 0.0250085 0.0748957
v -0.0205807 0.0240687 0.0748957
v -0.0208105 0.0230000 0.0748957
v -0.0205807 0.0219313 0.0748957
v -0.0199190 0.0209915 0.0748957
v -0.0189053 0.0202940 0.0748957
v -0.0176617 0.0199229 0.0748957
v -0.0163383 0.0199229 0.0748957
v -0.0150947 0.0202940 0.0748957
v -0.0140810 0.0209915 0.0748957
v -0.0134193 0.0219313 0.0748957
v -0.0138887 0.0230000 0.0753513
v -0.0140764 0.0238726 0.0753513
v -0.0146166 0.0246399 0.0753513
v -0.0154444 0.0252094 0.0753513
v -0.0164597 0.0255125 0.0753513
v -0.0175403 0.0255125 0.0753513
v -0.0185556 0.0252094 0.0753513
v -0.0193834 0.0246399 0.0753513
v -0.0199236 0.0238726 0.0753513
v -0.0201113 0.0230000 0.0753513
v -0.0199236 0.0221274 0.0753513
v -0.0193834 0.0213601 0.0753513
v -0.0185556 0.0207906 0.0753513
v -0.0175403 0.0204875 0.0753513
v -0.0164597 0.0204875 0.0753513
v -0.0154444 0.0207906 0.0753513
v -0.0146166 0.0213601 0.0753513
v -0.0140764 0.0221274 0.0753513
v -0.0148000 0.0230000 0.0757010
v -0.0149327 0.0236170 0.0757010
v -0.0153147 0.0241596 0.0757010
v -0.0159000 0.0245623 0.0757010
v -0.0166180 0.0247766 0.0757010
v -0.0173820 0.0247766 0.0757010
v -0.0181000 0.0245623 0.0757010
v -0.0186853 0.0241596 0.0757010
v -0.0190673 0.0236170 0.0757010
v -0.0192000 0.0230000 0.0757010
v -0.0190673 0.0223830 0.0757010
v -0.0186853 0.0218404 0.0757010
v -0.0181000 0.0214377 0.0757010
v -0.0173820 0.0212234 0.0757010
v -0.0166180 0.0212234 0.0757010
v -0.0159000 0.0214377 0.0757010
v -0.0153147 0.0218404 0.0757010
v -0.0149327 0.0223830 0.0757010
v -0.0158612 0.0230000 0.0759208
v -0.0159299 0.0233194 0.0759208
v -0.0161276 0.0236002 0.0759208
v -0.0164306 0.0238087 0.0759208
v -0.0168022 0.0239196 0.0759208
v -0.0171978 0.0239196 0.0759208
v -0.0175694 0.0238087 0.0759208
v -0.0178724 0.0236002 0.0759208
v -0.0180701 0.0233194 0.0759208
v -0.0181388 0.0230000 0.0759208
v -0.0180701 0.0226806 0.0759208
v -0.0178724 0.0223998 0.0759208
v -0.0175694 0.0221913 0.0759208
v -0.0171978 0.0220804 0.0759208
v -0.0168022 0.0220804 0.0759208
v -0.0164306 0.0221913 0.0759208
v -0.0161276 0.0223998 0.0759208
v -0.0159299 0.0226806 0.0759208
v -0.0170000 0.0230000 0.0759957
v 0.0060000 0.0270000 0.0729107
v 0.0071388 0.0270000 0.0729857
v 0.0070701 0.0273194 0.0729857
v 0.0068724 0.0276002 0.0729857
v 0.0065694 0.0278087 0.0729857
v 0.0061978 0.0279196 0.0729857
v 0.0058022 0.0279196 0.0729857
v 0.0054306 0.0278087 0.0729857
v 0.0051276 0.0276002 0.0729857
v 0.0049299 0.0273194 0.0729857
v 0.0048612 0.0270000 0.0729857
v 0.0049299 0.0266806 0.0729857
v 0.0051276 0.0263998 0.0729857
v 0.0054306 0.0261913 0.0729857
v 0.0058022 0.0260804 0.0729857
v 0.0061978 0.0260804 0.0729857
v 0.0065694 0.0261913 0.0729857
v 0.0068724 0.0263998 0.0729857
v 0.0070701 0.0266806 0.0729857
v 0.0082000 0.0270000 0.0732055
v 0.0080673 0.0276170 0.0732055
v 0.0076853 0.0281596 0.0732055
v 0.0071000 0.0285623 0.0732055
v 0.0063820 0.0287766 0.0732055
v 0.0056180 0.0287766 0.0732055
v 0.0049000 0.0285623 0.0732055
v 0.0043147 0.0281596 0.0732055
v 0.0039327 0.0276170 0.0732055
v 0.0038000 0.0270000 0.0732055
v 0.0039327 0.0263830 0.0732055
v 0.0043147 0.0258404 0.0732055
v 0.0049000 0.0254377 0.0732055
v 0.0056180 0.0252234 0.0732055
v 0.0063820 0.0252234 0.0732055
v 0.0071000 0.0254377 0.0732055
v 0.0076853 0.0258404 0.0732055
v 0.0080673 0.0263830 0.0732055
v 0.0091113 0.0270000 0.0735551
v 0.0089236 0.0278726 0.0735551
v 0.0083834 0.0286399 0.0735551
v 0.0075556 0.0292094 0.0735551
v 0.0065403 0.0295125 0.0735551
v 0.0054597 0.0295125 0.0735551
v 0.0044444 0.0292094 0.0735551
v 0.0036166 0.0286399 0.0735551
v 0.0030764 0.0278726 0.0735551
v 0.0028887 0.0270000 0.0735551
v 0.0030764 0.0261274 0.0735551
v 0.0036166 0.0253601 0.0735551
v 0.0044444 0.0247906 0.0735551
v 0.0054597 0.0244875 0.0735551
v 0.0065403 0.0244875 0.0735551
v 0.0075556 0.0247906 0.0735551
v 0.0083834 0.0253601 0.0735551
v 0.0089236 0.0261274 0.0735551
v 0.0098105 0.0270000 0.0740107
v 0.0095807 0.0280687 0.0740107
v 0.0089190 0.0290085 0.0740107
v 0.0079053 0.0297060 0.0740107
v 0.0066617 0.0300771 0.0740107
v 0.0053383 0.0300771 0.0740107
v 0.0040947 0.0297060 0.0740107
v 0.0030810 0.0290085 0.0740107
v 0.0024193 0.0280687 0.0740107
v 0.0021895 0.0270000 0.0740107
v 0.0024193 0.0259313 0.0740107
v 0.0030810 0.0249915 0.0740107
v 0.0040947 0.0242940 0.0740107
v 0.0053383 0.0239229 0.0740107
v 0.0066617 0.0239229 0.0740107
v 0.0079053 0.0242940 0.0740107
v 0.0089190 0.0249915 0.0740107
v 0.0095807 0.0259313 0.0740107
v 0.0102501 0.0270000 0.0745413
v 0.0099938 0.0281920 0.0745413
v 0.0092557 0.0292402 0.0745413
v 0.0081250 0.0300182 0.0745413
v 0.0067380 0.0304321 0.0745413
v 0.0052620 0.0304321 0.0745413
v 0.0038750 0.0300182 0.0745413
v 0.0027443 0.0292402 0.0745413
v 0.0020062 0.0281920 0.0745413
v 0.0017499 0.0270000 0.0745413
v 0.0020062 0.0258080 0.0745413
v 0.0027443 0.0247598 0.0745413
v 0.0038750 0.0239818 0.0745413
v 0.0052620 0.0235679 0.0745413
v 0.0067380 0.0235679 0.0745413
v 0.0081250 0.0239818 0.0745413
v 0.0092557 0.0247598 0.0745413
v 0.0099938 0.0258080 0.0745413
v 0.0104000 0.0270000 0.0751107
v 0.0101346 0.0282340 0.0751107
v 0.0093706 0.0293192 0.0751107
v 0.0082000 0.0301246 0.0751107
v 0.0067641 0.0305532 0.0751107
v 0.0052359 0.0305532 0.0751107
v 0.0038000 0.0301246 0.0751107
v 0.0026294 0.0293192 0.0751107
v 0.0018654 0.0282340 0.0751107
v 0.0016000 0.0270000 0.0751107
v 0.0018654 0.0257660 0.0751107
v 0.0026294 0.0246808 0.0751107
v 0.0038000 0.0238754 0.0751107
v 0.0052359 0.0234468 0.0751107
v 0.0067641 0.0234468 0.0751107
v 0.0082000 0.0238754 0.0751107
v 0.0093706 0.0246808 0.0751107
v 0.0101346 0.0257660 0.0751107
v 0.0102501 0.0270000 0.0756801
v 0.0099938 0.0281920 0.0756801
v 0.0092557 0.0292402 0.0756801
v 0.0081250 0.0300182 0.0756801
v 0.0067380 0.0304321 0.0756801
v 0.0052620 0.0304321 0.0756801
v 0.0038750 0.0300182 0.0756801
v 0.0027443 0.0292402 0.0756801
v 0.0020062 0.0281920 0.0756801
v 0.0017499 0.0270000 0.0756801
v 0.0020062 0.0258080 0.0756801
v 0.0027443 0.0247598 0.0756801
v 0.0038750 0.0239818 0.0756801
v 0.0052620 0.0235679 0.0756801
v 0.0067380 0.0235679 0.0756801
v 0.0081250 0.0239818 0.0756801
v 0.0092557 0.0247598 0.0756801
v 0.0099938 0.0258080 0.0756801
v 0.0098105 0.0270000 0.0762107
v 0.0095807 0.0280687 0.0762107
v 0.0089190 0.0290085 0.0762107
v 0.0079053 0.0297060 0.0762107
v 0.0066617 0.0300771 0.0762107
v 0.0053383 0.0300771 0.0762107
v 0.0040947 0.0297060 0.0762107
v 0.0030810 0.0290085 0.0762107
v 0.0024193 0.0280687 0.0762107
v 0.0021895 0.0270000 0.0762107
v 0.0024193 0.0259313 0.0762107
v 0.0030810 0.0249915 0.0762107
v 0.0040947 0.0242940 0.0762107
v 0.0053383 0.0239229 0.0762107
v 0.0066617 0.0239229 0.0762107
v 0.0079053 0.0242940 0.0762107
v 0.0089190 0.0249915 0.0762107
v 0.0095807 0.0259313 0.0762107
v 0.0091113 0.0270000 0.0766664
v 0.0089236 0.0278726 0.0766664
v 0.0083834 0.0286399 0.0766664
v 0.0075556 0.0292094 0.0766664
v 0.0065403 0.0295125 0.0766664
v 0.0054597 0.0295125 0.0766664
v 0.0044444 0.0292094 0.0766664
v 0.0036166 0.0286399 0.0766664
v 0.0030764 0.0278726 0.0766664
v 0.0028887 0.0270000 0.0766664
v 0.0030764 0.0261274 0.0766664
v 0.0036166 0.0253601 0.0766664
v 0.0044444 0.0247906 0.0766664
v 0.0054597 0.0244875 0.0766664
v 0.0065403 0.0244875 0.0766664
v 0.0075556 0.0247906 0.0766664
v 0.0083834 0.0253601 0.0766664
v 0.0089236 0.0261274 0.0766664
v 0.0082000 0.0270000 0.0770160
v 0.0080673 0.0276170 0.0770160
v 0.0076853 0.0281596 0.0770160
v 0.0071000 0.0285623 0.0770160
v 0.0063820 0.0287766 0.0770160
v 0.0056180 0.0287766 0.0770160
v 0.0049000 0.0285623 0.0770160
v 0.0043147 0.0281596 0.0770160
v 0.0039327 0.0276170 0.0770160
v 0.0038000 0.0270000 0.0770160
v 0.0039327 0.0263830 0.0770160
v 0.0043147 0.0258404 0.0770160
v 0.0049000 0.0254377 0.0770160
v 0.0056180 0.0252234 0.0770160
v 0.0063820 0.0252234 0.0770160
v 0.0071000 0.0254377 0.0770160
v 0.0076853 0.0258404 0.0770160
v 0.0080673 0.0263830 0.0770160
v 0.0071388 0.0270000 0.0772358
v 0.0070701 0.0273194 0.0772358
v 0.0068724 0.0276002 0.0772358
v 0.0065694 0.0278087 0.0772358
v 0.0061978 0.0279196 0.0772358
v 0.0058022 0.0279196 0.0772358
v 0.0054306 0.0278087 0.0772358
v 0.0051276 0.0276002 0.0772358
v 0.0049299 0.0273194 0.0772358
v 0.0048612 0.0270000 0.0772358
v 0.0049299 0.0266806 0.0772358
v 0.0051276 0.0263998 0.0772358
v 0.0054306 0.0261913 0.0772358
v 0.0058022 0.0260804 0.0772358
v 0.0061978 0.0260804 0.0772358
v 0.0065694 0.0261913 0.0772358
v 0.0068724 0.0263998 0.0772358
v 0.0070701 0.0266806 0.0772358
v 0.0060000 0.0270000 0.0773107
vn 0.8343203 0.1465443 -0.5314456
vn 0.6885007 0.5679090 -0.4510501
vn 0.7154123 0.5251973 -0.4608178
vn 0.8670601 -0.0036152 -0.4981904
vn 0.8259107 -0.3614561 -0.4326904
vn 0.8550637 -0.2003460 -0.4782547
vn 0.7482011 0.3971910 -0.5314456
vn 0.4793095 0.7528720 -0.4510501
vn 0.5181027 0.7205669 -0.4608178
vn 0.8257403 0.2644981 -0.4981904
vn 0.8971839 -0.0885447 -0.4326904
vn 0.8751242 0.0736889 -0.4782547
vn 0.5888427 0.6089580 -0.5314456
vn 0.2232002 0.8641386 -0.4510501
vn 0.2700775 0.8454023 -0.4608178
vn 0.7035913 0.5067204 -0.4981904
vn 0.8806344 0.1930341 -0.4326904
vn 0.8095215 0.3405105 -0.4782547
vn 0.3718443 0.7611159 -0.5314456
vn -0.0547575 0.8908173 -0.4510501
vn -0.0043847 0.8874839 -0.4608178
vn 0.5125699 0.6993414 -0.4981904
vn 0.7778822 0.4557173 -0.4326904
vn 0.6646771 0.5740007 -0.4782547
vn 0.1184472 0.8387704 -0.5314456
vn -0.3273552 0.8302966 -0.4510501
vn -0.2784177 0.8426924 -0.4608178
vn 0.2713746 0.8235060 -0.4981904
vn 0.5989856 0.6737917 -0.4326904
vn 0.4547696 0.7513036 -0.4782547
vn -0.1465443 0.8343203 -0.5314456
vn -0.5679090 0.6885007 -0.4510501
vn -0.5251973 0.7154123 -0.4608178
vn 0.0036152 0.8670601 -0.4981904
vn 0.3614561 0.8259107 -0.4326904
vn 0.2003460 0.8550637 -0.4782547
vn -0.3971910 0.7482011 -0.5314456
vn -0.7528720 0.4793095 -0.4510501
vn -0.7205669 0.5181027 -0.4608178
vn -0.2644981 0.8257403 -0.4981904
vn 0.0885447 0.8971839 -0.4326904
vn -0.0736889 0.8751242 -0.4782547
vn -0.6089580 0.5888427 -0.5314456
vn -0.8641386 0.2232002 -0.4510501
vn -0.8454023 0.2700775 -0.4608178
vn -0.5067204 0.7035913 -0.4981904
vn -0.1930341 0.8806344 -0.4326904
vn -0.3405105 0.8095215 -0.4782547
vn -0.7611159 0.3718443 -0.5314456
vn -0.8908173 -0.0547575 -0.4510501
vn -0.8874839 -0.0043847 -0.4608178
vn -0.6993414 0.5125699 -0.4981904
vn -0.4557173 0.7778822 -0.4326904
vn -0.5740007 0.6646771 -0.4782547
vn -0.8387704 0.1184472 -0.5314456
vn -0.8302966 -0.3273552 -0.4510501
vn -0.8426924 -0.2784177 -0.4608178
vn -0.8235060 0.2713746 -0.4981904
vn -0.6737917 0.5989856 -0.4326904
vn -0.7513036 0.4547696 -0.4782547
vn -0.8343203 -0.1465443 -0.5314456
vn -0.6885007 -0.5679090 -0.4510501
vn -0.7154123 -0.5251973 -0.4608178
vn -0.8670601 0.0036152 -0.4981904
vn -0.8259107 0.3614561 -0.4326904
vn -0.8550637 0.2003460 -0.4782547
vn -0.7482011 -0.3971910 -0.5314456
vn -0.4793095 -0.7528720 -0.4510501
vn -0.5181027 -0.7205669 -0.4608178
vn -0.8257403 -0.2644981 -0.4981904
vn -0.8971839 0.0885447 -0.4326904
vn -0.8751242 -0.0736889 -0.4782547
vn -0.5888427 -0.6089580 -0.5314456
vn -0.2232002 -0.8641386 -0.4510501
vn -0.2700775 -0.8454023 -0.4608178
vn -0.7035913 -0.5067204 -0.4981904
vn -0.8806344 -0.1930341 -0.4326904
vn -0.8095215 -0.3405105 -0.4782547
vn -0.3718443 -0.7611159 -0.5314456
vn 0.0547575 -0.8908173 -0.4510501
vn 0.0043847 -0.8874839 -0.4608178
vn -0.5125699 -0.6993414 -0.4981904
vn -0.7778822 -0.4557173 -0.4326904
vn -0.6646771 -0.5740007 -0.4782547
vn -0.1184472 -0.8387704 -0.5314456
vn 0.3273552 -0.8302966 -0.4510501
vn 0.2784177 -0.8426924 -0.4608178
vn -0.2713746 -0.8235060 -0.4981904
vn -0.5989856 -0.6737917 -0.4326904
vn -0.4547696 -0.7513036 -0.4782547
vn 0.1465443 -0.8343203 -0.5314456
vn 0.5679090 -0.6885007 -0.4510501
vn 0.5251973 -0.7154123 -0.4608178
vn -0.0036152 -0.8670601 -0.4981904
vn -0.3614561 -0.8259107 -0.4326904
vn -0.2003460 -0.8550637 -0.4782547
vn 0.3971910 -0.7482011 -0.5314456
vn 0.7528720 -0.4793095 -0.4510501
vn 0.7205669 -0.5181027 -0.4608178
vn 0.2644981 -0.8257403 -0.4981904
vn -0.0885447 -0.8971839 -0.4326904
vn 0.0736889 -0.8751242 -0.4782547
vn 0.6089580 -0.5888427 -0.5314456
vn 0.8641386 -0.2232002 -0.4510501
vn 0.8454023 -0.2700775 -0.4608178
vn 0.5067204 -0.7035913 -0.4981904
vn 0.1930341 -0.8806344 -0.4326904
vn 0.3405105 -0.8095215 -0.4782547
vn 0.7611159 -0.3718443 -0.5314456
vn 0.8908173 0.0547575 -0.4510501
vn 0.8874839 0.0043847 -0.4608178
vn 0.6993414 -0.5125699 -0.4981904
vn 0.4557173 -0.7778822 -0.4326904
vn 0.5740007 -0.6646771 -0.4782547
vn 0.8387704 -0.1184472 -0.5314456
vn 0.8302966 0.3273552 -0.4510501
vn 0.8426924 0.2784177 -0.4608178
vn 0.8235060 -0.2713746 -0.4981904
vn 0.6737917 -0.5989856 -0.4326904
vn 0.7513036 -0.4547696 -0.4782547
vn 0.9058293 -0.1126151 0.4084006
vn 0.7889276 0.5020518 0.3543123
vn 0.7152616 0.6198320 0.3228145
vn 0.8915194 0.2483749 0.3788179
vn 0.8872219 -0.3076570 0.3437796
vn 0.8807316 -0.3270164 0.3425963
vn 0.8962949 0.1728134 0.4084006
vn 0.5951722 0.7212717 0.3543123
vn 0.4887155 0.8105232 0.3228145
vn 0.7711333 0.5117132 0.3788179
vn 0.9388694 -0.0184326 0.3437796
vn 0.9386791 -0.0388501 0.3425963
vn 0.7990248 0.4413256 0.4084006
vn 0.3431572 0.8698885 0.3543123
vn 0.2143306 0.9218748 0.3228145
vn 0.5752632 0.7249615 0.3788179
vn 0.8986139 0.2725962 0.3437796
vn 0.9047422 0.2531192 0.3425963
vn 0.6235406 0.6666379 0.4084006
vn 0.0575516 0.9333545 0.3543123
vn -0.0810344 0.9429869 0.3228145
vn 0.3230824 0.8672455 0.3788179
vn 0.7703957 0.5369413 0.3437796
vn 0.7822429 0.5203114 0.3425963
vn 0.3870199 0.8266949 0.4084006
vn -0.2336876 0.9054573 0.3543123
vn -0.3684673 0.8717928 0.3228145
vn 0.0392761 0.9246374 0.3788179
vn 0.5667659 0.7487269 0.3437796
vn 0.5831721 0.7365719 0.3425963
vn 0.1126151 0.9058293 0.4084006
vn -0.5020518 0.7889276 0.3543123
vn -0.6198320 0.7152616 0.3228145
vn -0.2483749 0.8915194 0.3788179
vn 0.3076570 0.8872219 0.3437796
vn 0.3270164 0.8807316 0.3425963
vn -0.1728134 0.8962949 0.4084006
vn -0.7212717 0.5951722 0.3543123
vn -0.8105232 0.4887155 0.3228145
vn -0.5117132 0.7711333 0.3788179
vn 0.0184326 0.9388694 0.3437796
vn 0.0388501 0.9386791 0.3425963
vn -0.4413256 0.7990248 0.4084006
vn -0.8698885 0.3431572 0.3543123
vn -0.9218748 0.2143306 0.3228145
vn -0.7249615 0.5752632 0.3788179
vn -0.2725962 0.8986139 0.3437796
vn -0.2531192 0.9047422 0.3425963
vn -0.6666379 0.6235406 0.4084006
vn -0.9333545 0.0575516 0.3543123
vn -0.9429869 -0.0810344 0.3228145
vn -0.8672455 0.3230824 0.3788179
vn -0.5369413 0.7703957 0.3437796
vn -0.5203114 0.7822429 0.3425963
vn -0.8266949 0.3870199 0.4084006
vn -0.9054573 -0.2336876 0.3543123
vn -0.8717928 -0.3684673 0.3228145
vn -0.9246374 0.0392761 0.3788179
vn -0.7487269 0.5667659 0.3437796
vn -0.7365719 0.5831721 0.3425963
vn -0.9058293 0.1126151 0.4084006
vn -0.7889276 -0.5020518 0.3543123
vn -0.7152616 -0.6198320 0.3228145
vn -0.8915194 -0.2483749 0.3788179
vn -0.8872219 0.3076570 0.3437796
vn -0.8807316 0.3270164 0.3425963
vn -0.8962949 -0.1728134 0.4084006
vn -0.5951722 -0.7212717 0.3543123
vn -0.4887155 -0.8105232 0.3228145
vn -0.7711333 -0.5117132 0.3788179
vn -0.9388694 0.0184326 0.3437796
vn -0.9386791 0.0388501 0.3425963
vn -0.7990248 -0.4413256 0.4084006
vn -0.3431572 -0.8698885 0.3543123
vn -0.2143306 -0.9218748 0.3228145
vn -0.5752632 -0.7249615 0.3788179
vn -0.8986139 -0.2725962 0.3437796
vn -0.9047422 -0.2531192 0.3425963
vn -0.6235406 -0.6666379 0.4084006
vn -0.0575516 -0.9333545 0.3543123
vn 0.0810344 -0.9429869 0.3228145
vn -0.3230824 -0.8672455 0.3788179
vn -0.7703957 -0.5369413 0.3437796
vn -0.7822429 -0.5203114 0.3425963
vn -0.3870199 -0.8266949 0.4084006
vn 0.2336876 -0.9054573 0.3543123
vn 0.3684673 -0.8717928 0.3228145
vn -0.0392761 -0.9246374 0.3788179
vn -0.5667659 -0.7487269 0.3437796
vn -0.5831721 -0.7365719 0.3425963
vn -0.1126151 -0.9058293 0.4084006
vn 0.5020518 -0.7889276 0.3543123
vn 0.6198320 -0.7152616 0.3228145
vn 0.2483749 -0.8915194 0.3788179
vn -0.3076570 -0.8872219 0.3437796
vn -0.3270164 -0.8807316 0.3425963
vn 0.1728134 -0.8962949 0.4084006
vn 0.7212717 -0.5951722 0.3543123
vn 0.8105232 -0.4887155 0.3228145
vn 0.5117132 -0.7711333 0.3788179
vn -0.0184326 -0.9388694 0.3437796
vn -0.0388501 -0.9386791 0.3425963
vn 0.4413256 -0.7990248 0.4084006
vn 0.8698885 -0.3431572 0.3543123
vn 0.9218748 -0.2143306 0.3228145
vn 0.7249615 -0.5752632 0.3788179
vn 0.2725962 -0.8986139 0.3437796
vn 0.2531192 -0.9047422 0.3425963
vn 0.6666379 -0.6235406 0.4084006
vn 0.9333545 -0.0575516 0.3543123
vn 0.9429869 0.0810344 0.3228145
vn 0.8672455 -0.3230824 0.3788179
vn 0.5369413 -0.7703957 0.3437796
vn 0.5203114 -0.7822429 0.3425963
vn 0.8266949 -0.3870199 0.4084006
vn 0.9054573 0.2336876 0.3543123
vn 0.8717928 0.3684673 0.3228145
vn 0.9246374 -0.0392761 0.3788179
vn 0.7487269 -0.5667659 0.3437796
vn 0.7365719 -0.5831721 0.3425963
vn 0.0000000 0.0000000 -1.0000000
vn 0.0000000 0.0000000 1.0000000
vn 0.0000000 0.0000000 -1.0000000
vn 0.0534111 -0.0099308 -0.9985232
vn 0.0532955 -0.0071953 -0.9985529
vn 0.0528880 -0.0028995 -0.9985962
vn 0.0520562 0.0027333 -0.9986404
vn 0.0507429 0.0092618 -0.9986688
vn 0.0489887 0.0161229 -0.9986692
vn 0.0469358 0.0227147 -0.9986396
vn 0.0448161 0.0284665 -0.9985896
vn 0.0429191 0.0329106 -0.9985364
vn 0.0415337 0.0357661 -0.9984967
vn 0.0408618 0.0370210 -0.9984787
vn 0.0409265 0.0369721 -0.9984779
vn 0.0415183 0.0361778 -0.9984825
vn 0.0422225 0.0353118 -0.9984840
vn 0.0425352 0.0349667 -0.9984829
vn 0.0420220 0.0354928 -0.9984861
vn 0.0404495 0.0369390 -0.9984985
vn 0.0378401 0.0391004 -0.9985185
vn 0.0344485 0.0416268 -0.9985392
vn 0.0306864 0.0441397 -0.9985540
vn 0.0270229 0.0463250 -0.9985608
vn 0.0238775 0.0479922 -0.9985623
vn 0.0215155 0.0490982 -0.9985622
vn 0.0199645 0.0497359 -0.9985628
vn 0.0189811 0.0500865 -0.9985645
vn 0.0180977 0.0503470 -0.9985678
vn 0.0167487 0.0506564 -0.9985757
vn 0.0144342 0.0510508 -0.9985917
vn 0.0108576 0.0514650 -0.9986158
vn 0.0059928 0.0517712 -0.9986410
vn 0.0000743 0.0518349 -0.9986557
vn -0.0064594 0.0515663 -0.9986487
vn -0.0130391 0.0509543 -0.9986159
vn -0.0190403 0.0500844 -0.9985635
vn -0.0238670 0.0491344 -0.9985070
vn -0.0270579 0.0483449 -0.9984641
vn -0.0284084 0.0479558 -0.9984454
vn -0.0280745 0.0481140 -0.9984472
vn -0.0265916 0.0487844 -0.9984553
vn -0.0247604 0.0497126 -0.9984566
vn -0.0234184 0.0504775 -0.9984506
vn -0.0231928 0.0506213 -0.9984486
vn -0.0243491 0.0497967 -0.9984625
vn -0.0267836 0.0478653 -0.9984946
vn -0.0301290 0.0449185 -0.9985362
vn -0.0338989 0.0412361 -0.9985742
vn -0.0376140 0.0372131 -0.9985992
vn -0.0408914 0.0332772 -0.9986093
vn -0.0434959 0.0298040 -0.9986089
vn -0.0453625 0.0270345 -0.9986047
vn -0.0465874 0.0250057 -0.9986012
vn -0.0473845 0.0235212 -0.9985997
vn -0.0480105 0.0221870 -0.9986004
vn -0.0486813 0.0205158 -0.9986036
vn -0.0495090 0.0180694 -0.9986102
vn -0.0504837 0.0145848 -0.9986184
vn -0.0515002 0.0100456 -0.9986225
vn -0.0524107 0.0046859 -0.9986146
vn -0.0530827 -0.0010519 -0.9985896
vn -0.0534447 -0.0065883 -0.9985491
vn -0.0535143 -0.0112962 -0.9985032
vn -0.0534019 -0.0146156 -0.9984661
vn -0.0532842 -0.0161923 -0.9984481
vn -0.0533425 -0.0160159 -0.9984478
vn -0.0536774 -0.0144942 -0.9984531
vn -0.0542357 -0.0123966 -0.9984512
vn -0.0547926 -0.0106499 -0.9984410
vn -0.0550127 -0.0100611 -0.9984350
vn -0.0545617 -0.0110955 -0.9984488
vn -0.0532153 -0.0138005 -0.9984877
vn -0.0509196 -0.0178733 -0.9985428
vn -0.0477945 -0.0228041 -0.9985968
vn -0.0440981 -0.0280195 -0.9986342
vn -0.0401755 -0.0329896 -0.9986479
vn -0.0364008 -0.0372978 -0.9986410
vn -0.0331125 -0.0406863 -0.9986231
vn -0.0305408 -0.0430830 -0.9986046
vn -0.0287380 -0.0446045 -0.9985913
vn -0.0275394 -0.0455198 -0.9985838
vn -0.0265857 -0.0461718 -0.9985797
vn -0.0254154 -0.0468751 -0.9985774
vn -0.0236027 -0.0478286 -0.9985767
vn -0.0208864 -0.0490755 -0.9985767
vn -0.0172472 -0.0505198 -0.9985741
vn -0.0129173 -0.0519833 -0.9985644
vn -0.0083332 -0.0532741 -0.9985452
vn -0.0040529 -0.0542476 -0.9985193
vn -0.0006439 -0.0548468 -0.9984946
vn 0.0014509 -0.0551164 -0.9984789
vn 0.0020542 -0.0551834 -0.9984741
vn 0.0013594 -0.0552027 -0.9984742
vn -0.0000624 -0.0552825 -0.9984708
vn -0.0013936 -0.0554199 -0.9984622
vn -0.0018053 -0.0554844 -0.9984579
vn -0.0006988 -0.0552598 -0.9984718
vn 0.0021539 -0.0545242 -0.9985101
vn 0.0066081 -0.0531265 -0.9985659
vn 0.0122450 -0.0510315 -0.9986220
vn 0.0185024 -0.0483294 -0.9986601
vn 0.0247859 -0.0452213 -0.9986695
vn 0.0305491 -0.0419910 -0.9986508
vn 0.0353533 -0.0389658 -0.9986149
vn 0.0389215 -0.0364597 -0.9985769
vn 0.0411873 -0.0346979 -0.9985488
vn 0.0423178 -0.0337361 -0.9985345
vn 0.0426838 -0.0334090 -0.9985299
vn 0.0427638 -0.0333460 -0.9985286
vn 0.0430064 -0.0330679 -0.9985274
vn 0.0437065 -0.0321330 -0.9985275
vn 0.0449447 -0.0302740 -0.9985307
vn 0.0466049 -0.0274731 -0.9985355
vn 0.0484479 -0.0239618 -0.9985382
vn 0.0502012 -0.0201592 -0.9985356
vn 0.0516383 -0.0165749 -0.9985283
vn 0.0526321 -0.0136893 -0.9985201
vn 0.0531774 -0.0118274 -0.9985150
vn 0.0533774 -0.0110454 -0.9985133
vn 0.0533942 -0.0110728 -0.9985121
vn 0.0533771 -0.0113519 -0.9985099
vn 0.0533957 -0.0111835 -0.9985108
vn 0.0957397 -0.0180723 -0.9952423
vn 0.0955655 -0.0134347 -0.9953325
vn 0.0949018 -0.0059983 -0.9954686
vn 0.0935015 0.0038868 -0.9956115
vn 0.0912432 0.0154632 -0.9957086
vn 0.0881784 0.0277379 -0.9957184
vn 0.0845430 0.0396340 -0.9956313
vn 0.0807388 0.0501181 -0.9954745
vn 0.0772792 0.0583301 -0.9953017
vn 0.0746881 0.0637306 -0.9951684
vn 0.0733484 0.0662483 -0.9951036
vn 0.0733369 0.0663609 -0.9950969
vn 0.0743181 0.0650285 -0.9951121
vn 0.0755793 0.0634489 -0.9951191
vn 0.0762255 0.0627100 -0.9951166
vn 0.0754606 0.0634894 -0.9951255
vn 0.0728284 0.0659277 -0.9951631
vn 0.0683245 0.0696966 -0.9952257
vn 0.0623665 0.0741863 -0.9952923
vn 0.0556675 0.0787163 -0.9953416
vn 0.0490624 0.0827078 -0.9953654
vn 0.0433168 0.0857949 -0.9953707
vn 0.0389385 0.0878742 -0.9953702
vn 0.0360214 0.0890901 -0.9953720
vn 0.0341764 0.0897556 -0.9953773
vn 0.0325998 0.0902258 -0.9953876
vn 0.0302871 0.0907648 -0.9954117
vn 0.0263233 0.0914584 -0.9954609
vn 0.0201369 0.0922068 -0.9955362
vn 0.0116325 0.0927885 -0.9956179
vn 0.0011867 0.0929585 -0.9956693
vn -0.0104469 0.0925428 -0.9956539
vn -0.0222661 0.0915050 -0.9955557
vn -0.0331561 0.0899805 -0.9953915
vn -0.0420391 0.0882747 -0.9952087
vn -0.0480592 0.0868127 -0.9950648
vn -0.0507997 0.0860299 -0.9949966
vn -0.0504732 0.0862107 -0.9949976
vn -0.0479746 0.0873254 -0.9950240
vn -0.0447033 0.0889540 -0.9950321
vn -0.0421695 0.0903659 -0.9950154
vn -0.0415468 0.0907427 -0.9950073
vn -0.0433780 0.0894403 -0.9950471
vn -0.0475376 0.0861732 -0.9951454
vn -0.0534054 0.0810646 -0.9952770
vn -0.0601219 0.0745829 -0.9954008
vn -0.0668205 0.0674168 -0.9954848
vn -0.0727931 0.0603298 -0.9955207
vn -0.0775901 0.0540088 -0.9955214
vn -0.0810649 0.0489140 -0.9955079
vn -0.0833637 0.0451508 -0.9954958
vn -0.0848526 0.0424081 -0.9954906
vn -0.0859895 0.0400106 -0.9954923
vn -0.0871736 0.0370946 -0.9955023
vn -0.0886273 0.0328592 -0.9955227
vn -0.0903542 0.0267981 -0.9955491
vn -0.0921791 0.0188368 -0.9955643
vn -0.0938402 0.0093526 -0.9955433
vn -0.0950925 -0.0008948 -0.9954680
vn -0.0957946 -0.0108860 -0.9953416
vn -0.0959623 -0.0195001 -0.9951939
vn -0.0957797 -0.0257152 -0.9950703
vn -0.0955553 -0.0288535 -0.9950059
vn -0.0956168 -0.0288302 -0.9950006
vn -0.0961611 -0.0263023 -0.9950182
vn -0.0971201 -0.0225938 -0.9950162
vn -0.0981205 -0.0193540 -0.9949863
vn -0.0985791 -0.0180657 -0.9949652
vn -0.0978958 -0.0196292 -0.9950031
vn -0.0956480 -0.0242003 -0.9951210
vn -0.0917066 -0.0312909 -0.9952943
vn -0.0862526 -0.0400155 -0.9954694
vn -0.0797225 -0.0493505 -0.9955947
vn -0.0727194 -0.0583330 -0.9956451
vn -0.0659118 -0.0661928 -0.9956275
vn -0.0599174 -0.0724376 -0.9955715
vn -0.0551730 -0.0769053 -0.9955107
vn -0.0518074 -0.0797733 -0.9954658
vn -0.0495643 -0.0815003 -0.9954401
vn -0.0478304 -0.0826936 -0.9954266
vn -0.0457903 -0.0839284 -0.9954191
vn -0.0426674 -0.0855857 -0.9954168
vn -0.0379601 -0.0877709 -0.9954171
vn -0.0315898 -0.0903340 -0.9954104
vn -0.0239297 -0.0929650 -0.9953818
vn -0.0157303 -0.0953178 -0.9953226
vn -0.0079751 -0.0971218 -0.9952406
vn -0.0016858 -0.0982586 -0.9951595
vn 0.0023144 -0.0987913 -0.9951055
vn 0.0036548 -0.0989348 -0.9950872
vn 0.0026143 -0.0989643 -0.9950876
vn 0.0001547 -0.0990846 -0.9950790
vn -0.0022895 -0.0993129 -0.9950536
vn -0.0032211 -0.0994400 -0.9950384
vn -0.0015176 -0.0990942 -0.9950769
vn 0.0032958 -0.0978776 -0.9951930
vn 0.0110211 -0.0955031 -0.9953681
vn 0.0209501 -0.0918822 -0.9955495
vn 0.0320942 -0.0871502 -0.9956781
vn 0.0433878 -0.0816457 -0.9957166
vn 0.0538384 -0.0758639 -0.9956636
vn 0.0626372 -0.0703873 -0.9955512
vn 0.0692570 -0.0657868 -0.9954273
vn 0.0735405 -0.0624874 -0.9953327
vn 0.0757471 -0.0606228 -0.9952825
vn 0.0765093 -0.0599364 -0.9952658
vn 0.0766725 -0.0597961 -0.9952616
vn 0.0770546 -0.0593550 -0.9952585
vn 0.0782171 -0.0578079 -0.9952589
vn 0.0803433 -0.0546405 -0.9952685
vn 0.0832568 -0.0497766 -0.9952842
vn 0.0865445 -0.0435888 -0.9952940
vn 0.0897183 -0.0367994 -0.9952871
vn 0.0923596 -0.0303106 -0.9952643
vn 0.0942214 -0.0249951 -0.9952374
vn 0.0952726 -0.0214688 -0.9952197
vn 0.0956805 -0.0198838 -0.9952135
vn 0.0957285 -0.0198125 -0.9952103
vn 0.0956906 -0.0202996 -0.9952041
vn 0.0957103 -0.0201069 -0.9952061
vn 0.1413393 -0.0268440 -0.9895972
vn 0.1411122 -0.0201596 -0.9897883
vn 0.1401915 -0.0093411 -0.9900803
vn 0.1382006 0.0051281 -0.9903910
vn 0.1349414 0.0221519 -0.9906059
vn 0.1304709 0.0402710 -0.9906339
vn 0.1251245 0.0578906 -0.9904507
vn 0.1194906 0.0734747 -0.9901129
vn 0.1143301 0.0857404 -0.9897359
vn 0.1104257 0.0938741 -0.9894412
vn 0.1083581 0.0977455 -0.9892949
vn 0.1082603 0.0980284 -0.9892776
vn 0.1096580 0.0961137 -0.9893115
vn 0.1115153 0.0937620 -0.9893296
vn 0.1125166 0.0925952 -0.9893261
vn 0.1114788 0.0936453 -0.9893448
vn 0.1077080 0.0971537 -0.9894242
vn 0.1011696 0.1026598 -0.9895583
vn 0.0924535 0.1092727 -0.9897029
vn 0.0825950 0.1159841 -0.9898110
vn 0.0728220 0.1219274 -0.9898640
vn 0.0642742 0.1265474 -0.9898761
vn 0.0577217 0.1296761 -0.9898749
vn 0.0533313 0.1315142 -0.9898787
vn 0.0505567 0.1325174 -0.9898905
vn 0.0482323 0.1332122 -0.9899132
vn 0.0448814 0.1339992 -0.9899646
vn 0.0391417 0.1350200 -0.9900695
vn 0.0301445 0.1361386 -0.9902311
vn 0.0177176 0.1370304 -0.9904084
vn 0.0023886 0.1373266 -0.9905229
vn -0.0147482 0.1367569 -0.9904948
vn -0.0322202 0.1352541 -0.9902869
vn -0.0483802 0.1330091 -0.9899333
vn -0.0616295 0.1304698 -0.9895350
vn -0.0706908 0.1282664 -0.9892171
vn -0.0749231 0.1270492 -0.9890627
vn -0.0746019 0.1272499 -0.9890612
vn -0.0710080 0.1288402 -0.9891198
vn -0.0661829 0.1312176 -0.9891419
vn -0.0623616 0.1333182 -0.9891093
vn -0.0613079 0.1339401 -0.9890912
vn -0.0638656 0.1321255 -0.9891734
vn -0.0698878 0.1274315 -0.9893821
vn -0.0784821 0.1200110 -0.9896656
vn -0.0883857 0.1105286 -0.9899350
vn -0.0983109 0.0999853 -0.9901202
vn -0.1071966 0.0895060 -0.9902008
vn -0.1143610 0.0801152 -0.9902036
vn -0.1195703 0.0725120 -0.9901742
vn -0.1230257 0.0668771 -0.9901475
vn -0.1252588 0.0627765 -0.9901360
vn -0.1269450 0.0592315 -0.9901397
vn -0.1286822 0.0549732 -0.9901610
vn -0.1308127 0.0488097 -0.9902049
vn -0.1333548 0.0399715 -0.9902620
vn -0.1360564 0.0283205 -0.9902962
vn -0.1385287 0.0143876 -0.9902539
vn -0.1404027 -0.0007245 -0.9900942
vn -0.1414604 -0.0155198 -0.9898223
vn -0.1417182 -0.0283432 -0.9895012
vn -0.1414446 -0.0376757 -0.9892290
vn -0.1410948 -0.0424937 -0.9890837
vn -0.1411544 -0.0426339 -0.9890691
vn -0.1419202 -0.0390212 -0.9891087
vn -0.1433034 -0.0335762 -0.9891091
vn -0.1447702 -0.0287264 -0.9890482
vn -0.1454769 -0.0266825 -0.9890018
vn -0.1445448 -0.0288145 -0.9890786
vn -0.1413410 -0.0353969 -0.9893279
vn -0.1356509 -0.0457441 -0.9897001
vn -0.1277125 -0.0585670 -0.9900805
vn -0.1181460 -0.0723547 -0.9903567
vn -0.1078303 -0.0856732 -0.9904710
vn -0.0977526 -0.0973673 -0.9904363
vn -0.0888360 -0.1066916 -0.9903156
vn -0.0817437 -0.1133888 -0.9901823
vn -0.0766888 -0.1177040 -0.9900831
vn -0.0733165 -0.1203021 -0.9900263
vn -0.0707392 -0.1220756 -0.9899967
vn -0.0677596 -0.1238805 -0.9899809
vn -0.0632235 -0.1262951 -0.9899759
vn -0.0563697 -0.1294920 -0.9899769
vn -0.0470551 -0.1332619 -0.9899632
vn -0.0358042 -0.1371509 -0.9899029
vn -0.0237057 -0.1406446 -0.9897763
vn -0.0122033 -0.1433362 -0.9895988
vn -0.0028091 -0.1450430 -0.9894214
vn 0.0032446 -0.1458510 -0.9893012
vn 0.0053792 -0.1460711 -0.9892595
vn 0.0039665 -0.1461064 -0.9892609
vn 0.0003893 -0.1462629 -0.9892457
vn -0.0032537 -0.1465794 -0.9891936
vn -0.0047454 -0.1467659 -0.9891599
vn -0.0024002 -0.1462909 -0.9892387
vn 0.0045234 -0.1445706 -0.9894842
vn 0.0157737 -0.1411686 -0.9898599
vn 0.0303336 -0.1359306 -0.9902539
vn 0.0467546 -0.1290312 -0.9905377
vn 0.0634596 -0.1209522 -0.9906278
vn 0.0789694 -0.1124170 -0.9905182
vn 0.0920735 -0.1042883 -0.9902759
vn 0.1019764 -0.0974189 -0.9900052
vn 0.1084271 -0.0924530 -0.9897959
vn 0.1117873 -0.0896095 -0.9896837
vn 0.1129720 -0.0885321 -0.9896461
vn 0.1132213 -0.0883056 -0.9896378
vn 0.1137502 -0.0876862 -0.9896323
vn 0.1154086 -0.0854778 -0.9896335
vn 0.1184916 -0.0809008 -0.9896539
vn 0.1227575 -0.0738150 -0.9896878
vn 0.1276049 -0.0647441 -0.9897096
vn 0.1323109 -0.0547359 -0.9896958
vn 0.1362494 -0.0451161 -0.9896467
vn 0.1390440 -0.0371805 -0.9895880
vn 0.1406371 -0.0318593 -0.9895485
vn 0.1412655 -0.0294080 -0.9895348
vn 0.1413427 -0.0292293 -0.9895291
vn 0.1412770 -0.0299394 -0.9895173
vn 0.1412935 -0.0297198 -0.9895215
vn 0.1886818 -0.0359515 -0.9813800
vn 0.1884173 -0.0271453 -0.9817138
vn 0.1872569 -0.0128168 -0.9822274
vn 0.1846818 0.0064169 -0.9827774
vn 0.1804025 0.0291082 -0.9831621
vn 0.1744735 0.0533087 -0.9832178
vn 0.1673328 0.0768770 -0.9828986
vn 0.1597692 0.0977497 -0.9823028
vn 0.1528117 0.1142076 -0.9816339
vn 0.1475207 0.1251616 -0.9811076
vn 0.1446860 0.1304282 -0.9808437
vn 0.1444966 0.1308866 -0.9808106
vn 0.1463286 0.1283699 -0.9808716
vn 0.1488057 0.1252180 -0.9809064
vn 0.1501753 0.1236066 -0.9809020
vn 0.1488557 0.1249381 -0.9809345
vn 0.1439091 0.1295615 -0.9810729
vn 0.1352687 0.1368795 -0.9813085
vn 0.1236987 0.1457072 -0.9815641
vn 0.1105654 0.1546927 -0.9817563
vn 0.0975046 0.1626682 -0.9818513
vn 0.0860463 0.1688818 -0.9818732
vn 0.0772350 0.1731008 -0.9818711
vn 0.0713139 0.1755857 -0.9818778
vn 0.0675738 0.1769407 -0.9818991
vn 0.0644733 0.1778705 -0.9819395
vn 0.0600453 0.1789195 -0.9820297
vn 0.0524636 0.1802893 -0.9822135
vn 0.0405492 0.1818073 -0.9824978
vn 0.0240473 0.1830381 -0.9828117
vn 0.0036407 0.1834770 -0.9830173
vn -0.0192202 0.1827459 -0.9829723
vn -0.0425681 0.1807417 -0.9826090
vn -0.0641966 0.1777168 -0.9819855
vn -0.0819669 0.1742764 -0.9812793
vn -0.0941706 0.1712753 -0.9807123
vn -0.0999429 0.1695932 -0.9804333
vn -0.0996272 0.1698134 -0.9804274
vn -0.0949001 0.1719017 -0.9805324
vn -0.0884645 0.1750576 -0.9805758
vn -0.0833059 0.1778696 -0.9805216
vn -0.0818038 0.1787439 -0.9804890
vn -0.0851176 0.1764049 -0.9806306
vn -0.0930807 0.1702486 -0.9809951
vn -0.1045190 0.1604521 -0.9814942
vn -0.1177479 0.1478747 -0.9819717
vn -0.1310382 0.1338358 -0.9823019
vn -0.1429582 0.1198360 -0.9824471
vn -0.1525843 0.1072543 -0.9824533
vn -0.1595946 0.0970419 -0.9824014
vn -0.1642500 0.0894600 -0.9823537
vn -0.1672556 0.0839473 -0.9823331
vn -0.1695131 0.0792098 -0.9823396
vn -0.1718268 0.0735572 -0.9823772
vn -0.1746643 0.0653913 -0.9824542
vn -0.1780590 0.0536682 -0.9825552
vn -0.1816755 0.0381824 -0.9826170
vn -0.1849883 0.0196238 -0.9825448
vn -0.1874945 -0.0005459 -0.9822655
vn -0.1888966 -0.0203318 -0.9817865
vn -0.1892177 -0.0375219 -0.9812180
vn -0.1888234 -0.0500843 -0.9807330
vn -0.1883288 -0.0566411 -0.9804713
vn -0.1883843 -0.0569507 -0.9804427
vn -0.1893830 -0.0522144 -0.9805140
vn -0.1912061 -0.0449683 -0.9805193
vn -0.1931508 -0.0384472 -0.9804155
vn -0.1941099 -0.0356182 -0.9803330
vn -0.1929265 -0.0383403 -0.9804639
vn -0.1887543 -0.0470135 -0.9808983
vn -0.1812838 -0.0607505 -0.9815526
vn -0.1707990 -0.0778439 -0.9822261
vn -0.1581002 -0.0962727 -0.9827186
vn -0.1443491 -0.1141072 -0.9829257
vn -0.1308685 -0.1297880 -0.9828675
vn -0.1189056 -0.1423071 -0.9826546
vn -0.1093645 -0.1513126 -0.9824174
vn -0.1025482 -0.1571243 -0.9822402
vn -0.0979991 -0.1606230 -0.9821387
vn -0.0945437 -0.1629968 -0.9820863
vn -0.0905872 -0.1653927 -0.9820587
vn -0.0845827 -0.1685933 -0.9820499
vn -0.0754990 -0.1728415 -0.9820518
vn -0.0631251 -0.1778643 -0.9820283
vn -0.0481421 -0.1830554 -0.9819231
vn -0.0319909 -0.1877230 -0.9817009
vn -0.0165946 -0.1913198 -0.9813875
vn -0.0039759 -0.1936012 -0.9810723
vn 0.0042093 -0.1946828 -0.9808572
vn 0.0071683 -0.1949777 -0.9807815
vn 0.0053697 -0.1950189 -0.9807848
vn 0.0006332 -0.1952114 -0.9807610
vn -0.0042534 -0.1956139 -0.9806718
vn -0.0063265 -0.1958583 -0.9806118
vn -0.0033166 -0.1952562 -0.9807467
vn 0.0057963 -0.1930364 -0.9811745
vn 0.0207083 -0.1886035 -0.9818350
vn 0.0400860 -0.1817225 -0.9825325
vn 0.0620020 -0.1725959 -0.9830394
vn 0.0843404 -0.1618476 -0.9832050
vn 0.1051092 -0.1504404 -0.9830156
vn 0.1226775 -0.1395362 -0.9825884
vn 0.1359758 -0.1302898 -0.9821075
vn 0.1446633 -0.1235786 -0.9817336
vn 0.1492132 -0.1197110 -0.9815318
vn 0.1508336 -0.1182249 -0.9814643
vn 0.1511714 -0.1179082 -0.9814504
vn 0.1518521 -0.1171034 -0.9814416
vn 0.1540251 -0.1142085 -0.9814442
vn 0.1581029 -0.1081692 -0.9814800
vn 0.1637758 -0.0987784 -0.9815398
vn 0.1702449 -0.0867149 -0.9815789
vn 0.1765413 -0.0733636 -0.9815554
vn 0.1818226 -0.0604907 -0.9814690
vn 0.1855804 -0.0498329 -0.9813647
vn 0.1877323 -0.0426469 -0.9812939
vn 0.1885884 -0.0392955 -0.9812697
vn 0.1886951 -0.0390048 -0.9812608
vn 0.1885991 -0.0399461 -0.9812414
vn 0.1886125 -0.0396989 -0.9812489
vn 0.2377336 -0.0453885 -0.9702694
vn 0.2374555 -0.0343883 -0.9707895
vn 0.2360856 -0.0164246 -0.9715934
vn 0.2329460 0.0077527 -0.9724588
vn 0.2276366 0.0363333 -0.9730681
vn 0.2201971 0.0668537 -0.9731618
vn 0.2111706 0.0965938 -0.9726647
vn 0.2015640 0.1229362 -0.9717297
vn 0.1926996 0.1437133 -0.9706767
vn 0.1859390 0.1575638 -0.9698455
vn 0.1822932 0.1642616 -0.9694263
vn 0.1820066 0.1649000 -0.9693718
vn 0.1842918 0.1617638 -0.9694684
vn 0.1874131 0.1577857 -0.9695257
vn 0.1891643 0.1557136 -0.9695206
vn 0.1875554 0.1573377 -0.9695709
vn 0.1813998 0.1631223 -0.9697862
vn 0.1705957 0.1723293 -0.9701545
vn 0.1560824 0.1834665 -0.9705557
vn 0.1395640 0.1948210 -0.9708587
vn 0.1230986 0.2049099 -0.9710091
vn 0.1086230 0.2127778 -0.9710441
vn 0.0974692 0.2181273 -0.9710408
vn 0.0899607 0.2212835 -0.9710513
vn 0.0852199 0.2230050 -0.9710851
vn 0.0813157 0.2241817 -0.9711490
vn 0.0757733 0.2255088 -0.9712900
vn 0.0662855 0.2272539 -0.9715770
vn 0.0513499 0.2292070 -0.9720223
vn 0.0306222 0.2308132 -0.9725161
vn 0.0049436 0.2314162 -0.9728423
vn -0.0238628 0.2305146 -0.9727762
vn -0.0533080 0.2279635 -0.9722093
vn -0.0805979 0.2240839 -0.9712314
vn -0.1030337 0.2196586 -0.9701207
vn -0.1184715 0.2157905 -0.9692259
vn -0.1258267 0.2136071 -0.9687825
vn -0.1255170 0.2138465 -0.9687699
vn -0.1196223 0.2164573 -0.9689359
vn -0.1115222 0.2204226 -0.9690081
vn -0.1049780 0.2239676 -0.9689263
vn -0.1030102 0.2251010 -0.9688748
vn -0.1071103 0.2222296 -0.9690931
vn -0.1170949 0.2145852 -0.9696607
vn -0.1314986 0.2023613 -0.9704422
vn -0.1481963 0.1866059 -0.9711931
vn -0.1649942 0.1689602 -0.9717146
vn -0.1800715 0.1513149 -0.9719455
vn -0.1922532 0.1354218 -0.9719566
vn -0.2011295 0.1224991 -0.9718749
vn -0.2070274 0.1128946 -0.9717996
vn -0.2108334 0.1059157 -0.9717670
vn -0.2136840 0.0999409 -0.9717772
vn -0.2165985 0.0928428 -0.9718360
vn -0.2201752 0.0826014 -0.9719567
vn -0.2244620 0.0678869 -0.9721153
vn -0.2290328 0.0484218 -0.9722136
vn -0.2332129 0.0250610 -0.9721027
vn -0.2363545 -0.0003584 -0.9716668
vn -0.2380774 -0.0253187 -0.9709161
vn -0.2384202 -0.0470281 -0.9700228
vn -0.2378630 -0.0629267 -0.9692582
vn -0.2371978 -0.0712778 -0.9688430
vn -0.2372464 -0.0717626 -0.9687953
vn -0.2384918 -0.0658659 -0.9689083
vn -0.2407713 -0.0567569 -0.9689210
vn -0.2432031 -0.0485045 -0.9687619
vn -0.2444169 -0.0448616 -0.9686319
vn -0.2429835 -0.0481952 -0.9688324
vn -0.2378423 -0.0590388 -0.9695078
vn -0.2285768 -0.0763005 -0.9705312
vn -0.2155004 -0.0978406 -0.9715898
vn -0.1995845 -0.1211039 -0.9723682
vn -0.1822794 -0.1436373 -0.9726986
vn -0.1652615 -0.1634562 -0.9726102
vn -0.1501244 -0.1792812 -0.9722762
vn -0.1380298 -0.1906686 -0.9719019
vn -0.1293776 -0.1980221 -0.9716217
vn -0.1236034 -0.2024487 -0.9714611
vn -0.1192351 -0.2054418 -0.9713787
vn -0.1142646 -0.2084488 -0.9713355
vn -0.1067370 -0.2124642 -0.9713219
vn -0.0953409 -0.2178027 -0.9713249
vn -0.0797937 -0.2241233 -0.9712887
vn -0.0609380 -0.2306572 -0.9711250
vn -0.0405813 -0.2365254 -0.9707775
vn -0.0211463 -0.2410362 -0.9702857
vn -0.0051854 -0.2438880 -0.9697895
vn 0.0052073 -0.2452355 -0.9694495
vn 0.0090202 -0.2456018 -0.9693288
vn 0.0068227 -0.2456496 -0.9693347
vn 0.0008863 -0.2458781 -0.9693004
vn -0.0052875 -0.2463631 -0.9691632
vn -0.0079627 -0.2466628 -0.9690687
vn -0.0042659 -0.2459393 -0.9692758
vn 0.0071131 -0.2432354 -0.9699412
vn 0.0258226 -0.2377852 -0.9709744
vn 0.0502062 -0.2292530 -0.9720712
vn 0.0778384 -0.2178513 -0.9728731
vn 0.1060349 -0.2043420 -0.9731397
vn 0.1322605 -0.1899393 -0.9728465
vn 0.1544453 -0.1761274 -0.9721758
vn 0.1712420 -0.1643874 -0.9714180
vn 0.1822277 -0.1558463 -0.9708270
vn 0.1879986 -0.1509066 -0.9705070
vn 0.1900665 -0.1489934 -0.9703998
vn 0.1904955 -0.1485826 -0.9703786
vn 0.1913331 -0.1475856 -0.9703660
vn 0.1940394 -0.1439799 -0.9703703
vn 0.1991499 -0.1364273 -0.9704261
vn 0.2062847 -0.1246506 -0.9705199
vn 0.2144370 -0.1094873 -0.9705819
vn 0.2223802 -0.0926706 -0.9705458
vn 0.2290471 -0.0764239 -0.9704106
vn 0.2337953 -0.0629427 -0.9702464
vn 0.2365208 -0.0538230 -0.9701345
vn 0.2376109 -0.0495383 -0.9700964
vn 0.2377480 -0.0491312 -0.9700835
vn 0.2376195 -0.0503117 -0.9700545
vn 0.2376301 -0.0500364 -0.9700661
vn 0.2886835 -0.0551916 -0.9558325
vn 0.2884253 -0.0419182 -0.9565844
vn 0.2868904 -0.0201807 -0.9577508
vn 0.2832204 0.0091414 -0.9590113
vn 0.2768777 0.0438623 -0.9599036
vn 0.2678703 0.0809730 -0.9600463
vn 0.2568484 0.1171351 -0.9593270
vn 0.2450601 0.1491448 -0.9579673
vn 0.2341537 0.1743750 -0.9564337
vn 0.2258214 0.1911994 -0.9552212
vn 0.2213115 0.1993637 -0.9546074
vn 0.2209207 0.2001870 -0.9545257
vn 0.2236812 0.1964130 -0.9546668
vn 0.2274746 0.1915805 -0.9547524
vn 0.2296221 0.1890303 -0.9547467
vn 0.2277162 0.1909599 -0.9548192
vn 0.2203173 0.1979586 -0.9551297
vn 0.2072852 0.2091435 -0.9556630
vn 0.1897330 0.2226996 -0.9562459
vn 0.1697093 0.2365323 -0.9566876
vn 0.1497100 0.2488269 -0.9569076
vn 0.1320981 0.2584171 -0.9569591
vn 0.1185081 0.2649421 -0.9569543
vn 0.1093493 0.2687973 -0.9569696
vn 0.1035687 0.2709023 -0.9570191
vn 0.0988303 0.2723399 -0.9571121
vn 0.0921324 0.2739650 -0.9573165
vn 0.0806679 0.2761185 -0.9577324
vn 0.0625959 0.2785527 -0.9583789
vn 0.0374738 0.2805818 -0.9590983
vn 0.0063042 0.2813772 -0.9595765
vn -0.0286980 0.2802944 -0.9594850
vn -0.0644890 0.2771375 -0.9586636
vn -0.0976527 0.2723063 -0.9572425
vn -0.1249094 0.2667879 -0.9556264
vn -0.1436766 0.2619648 -0.9543225
vn -0.1526586 0.2592339 -0.9536735
vn -0.1523551 0.2594918 -0.9536519
vn -0.1452565 0.2626546 -0.9538937
vn -0.1354334 0.2674644 -0.9540024
vn -0.1274500 0.2717654 -0.9538868
vn -0.1249972 0.2731649 -0.9538116
vn -0.1299181 0.2697551 -0.9541244
vn -0.1420168 0.2606014 -0.9549441
vn -0.1595261 0.2459026 -0.9560771
vn -0.1798584 0.2268851 -0.9571698
vn -0.2003284 0.2055139 -0.9579314
vn -0.2187033 0.1840848 -0.9582701
vn -0.2335464 0.1647448 -0.9582877
vn -0.2443608 0.1489976 -0.9581688
vn -0.2515477 0.1372851 -0.9580587
vn -0.2561849 0.1287790 -0.9580111
vn -0.2596536 0.1215171 -0.9580259
vn -0.2631971 0.1129163 -0.9581113
vn -0.2675504 0.1005178 -0.9582865
vn -0.2727756 0.0826929 -0.9585173
vn -0.2783465 0.0590866 -0.9586616
vn -0.2834228 0.0307247 -0.9585027
vn -0.2871974 -0.0001607 -0.9578714
vn -0.2892042 -0.0305004 -0.9567814
vn -0.2895098 -0.0568967 -0.9554825
vn -0.2887322 -0.0762467 -0.9543690
vn -0.2878618 -0.0864515 -0.9537619
vn -0.2878997 -0.0871179 -0.9536898
vn -0.2894087 -0.0800211 -0.9538549
vn -0.2921634 -0.0689812 -0.9538774
vn -0.2950905 -0.0589316 -0.9536502
vn -0.2965600 -0.0544424 -0.9534612
vn -0.2948808 -0.0584115 -0.9537470
vn -0.2887793 -0.0715151 -0.9547209
vn -0.2777165 -0.0924551 -0.9562037
vn -0.2620118 -0.1186438 -0.9577439
vn -0.2427931 -0.1469636 -0.9588812
vn -0.2218037 -0.1744050 -0.9593675
vn -0.2010961 -0.1985322 -0.9592421
vn -0.1826373 -0.2177850 -0.9587561
vn -0.1678685 -0.2316332 -0.9582099
vn -0.1572947 -0.2405762 -0.9578003
vn -0.1502398 -0.2459592 -0.9575657
vn -0.1449191 -0.2495919 -0.9574457
vn -0.1388926 -0.2532321 -0.9573831
vn -0.1297808 -0.2580941 -0.9573632
vn -0.1159801 -0.2645668 -0.9573678
vn -0.0971319 -0.2722349 -0.9573158
vn -0.0742459 -0.2801549 -0.9570793
vn -0.0495121 -0.2872487 -0.9565755
vn -0.0258760 -0.2926766 -0.9558613
vn -0.0064425 -0.2960869 -0.9551393
vn 0.0062420 -0.2976870 -0.9546431
vn 0.0109412 -0.2981190 -0.9544660
vn 0.0083306 -0.2981744 -0.9544751
vn 0.0011497 -0.2984387 -0.9544281
vn -0.0063595 -0.2990006 -0.9542317
vn -0.0096595 -0.2993515 -0.9540940
vn -0.0052514 -0.2985159 -0.9543902
vn 0.0084786 -0.2953543 -0.9553502
vn 0.0311371 -0.2889164 -0.9568478
vn 0.0607396 -0.2787385 -0.9584443
vn 0.0943403 -0.2650181 -0.9596173
vn 0.1286505 -0.2486473 -0.9600123
vn 0.1605550 -0.2311063 -0.9595895
vn 0.1875226 -0.2142305 -0.9586139
vn 0.2079259 -0.1998583 -0.9575090
vn 0.2212722 -0.1893870 -0.9566458
vn 0.2282956 -0.1833186 -0.9561775
vn 0.2308232 -0.1809570 -0.9560205
vn 0.2313460 -0.1804476 -0.9559904
vn 0.2323460 -0.1792509 -0.9559730
vn 0.2356065 -0.1749075 -0.9559796
vn 0.2417927 -0.1657855 -0.9560604
vn 0.2504514 -0.1515338 -0.9561964
vn 0.2603564 -0.1331521 -0.9562871
vn 0.2700087 -0.1127334 -0.9562356
vn 0.2781067 -0.0929782 -0.9560396
vn 0.2838731 -0.0765604 -0.9558005
vn 0.2871873 -0.0654300 -0.9556372
vn 0.2885181 -0.0601752 -0.9555816
vn 0.2886862 -0.0596468 -0.9555640
vn 0.2885227 -0.0610753 -0.9555231
vn 0.2885314 -0.0607713 -0.9555399
vn 0.3417414 -0.0654011 -0.9375156
vn 0.3415485 -0.0497681 -0.9385455
vn 0.3399115 -0.0241033 -0.9401485
vn 0.3357631 0.0105895 -0.9418869
vn 0.3283934 0.0517354 -0.9431231
vn 0.3177545 0.0957432 -0.9433267
vn 0.3046065 0.1386078 -0.9423390
vn 0.2904669 0.1765011 -0.9404660
vn 0.2773530 0.2063244 -0.9383526
vn 0.2673248 0.2261999 -0.9366809
vn 0.2618863 0.2358654 -0.9358328
vn 0.2613826 0.2368779 -0.9357179
vn 0.2646441 0.2324473 -0.9359123
vn 0.2691411 0.2267303 -0.9360323
vn 0.2717015 0.2236825 -0.9360259
vn 0.2694907 0.2259322 -0.9361247
vn 0.2608133 0.2342059 -0.9365490
vn 0.2454863 0.2474715 -0.9372803
vn 0.2247936 0.2635727 -0.9380817
vn 0.2011338 0.2800093 -0.9386906
vn 0.1774577 0.2946147 -0.9389946
vn 0.1565770 0.3060037 -0.9390662
vn 0.1404463 0.3137545 -0.9390596
vn 0.1295665 0.3183397 -0.9390806
vn 0.1227026 0.3208477 -0.9391490
vn 0.1170964 0.3225629 -0.9392772
vn 0.1091978 0.3245106 -0.9395577
vn 0.0956790 0.3271138 -0.9401288
vn 0.0743431 0.3300876 -0.9410182
vn 0.0446381 0.3326007 -0.9420107
vn 0.0077304 0.3336261 -0.9426738
vn -0.0337506 0.3323490 -0.9425524
vn -0.0761665 0.3285112 -0.9414239
vn -0.1154384 0.3226050 -0.9394679
vn -0.1476820 0.3158559 -0.9372433
vn -0.1698774 0.3099665 -0.9354477
vn -0.1805306 0.3066304 -0.9345515
vn -0.1802338 0.3069058 -0.9345184
vn -0.1718926 0.3106553 -0.9348509
vn -0.1602830 0.3163496 -0.9350039
vn -0.1508010 0.3214310 -0.9348482
vn -0.1478417 0.3231033 -0.9347444
vn -0.1536227 0.3191519 -0.9351696
vn -0.1679415 0.3084737 -0.9362903
vn -0.1887185 0.2912586 -0.9378453
vn -0.2128775 0.2688956 -0.9393499
vn -0.2372093 0.2436722 -0.9404018
vn -0.2590425 0.2183066 -0.9408715
vn -0.2766660 0.1953675 -0.9408972
vn -0.2894985 0.1766667 -0.9407335
vn -0.2980258 0.1627496 -0.9405813
vn -0.3035286 0.1526476 -0.9405153
vn -0.3076435 0.1440423 -0.9405356
vn -0.3118482 0.1338752 -0.9406530
vn -0.3170221 0.1192289 -0.9408940
vn -0.3232404 0.0981605 -0.9412121
vn -0.3298643 0.0702308 -0.9414123
vn -0.3358678 0.0366435 -0.9411961
vn -0.3402658 0.0000489 -0.9403293
vn -0.3425034 -0.0358992 -0.9388305
vn -0.3426915 -0.0671669 -0.9370438
vn -0.3416170 -0.0900928 -0.9355111
vn -0.3404963 -0.1022148 -0.9346734
vn -0.3405183 -0.1030694 -0.9345715
vn -0.3423117 -0.0947296 -0.9347989
vn -0.3455625 -0.0816843 -0.9348338
vn -0.3489916 -0.0697643 -0.9345254
vn -0.3507157 -0.0643933 -0.9342655
vn -0.3487984 -0.0690245 -0.9346525
vn -0.3417571 -0.0844892 -0.9359827
vn -0.3289108 -0.1092820 -0.9380166
vn -0.3105530 -0.1403512 -0.9401374
vn -0.2879462 -0.1739830 -0.9417096
vn -0.2631304 -0.2065713 -0.9423857
vn -0.2385596 -0.2351985 -0.9422160
vn -0.2166093 -0.2580130 -0.9415464
vn -0.1990265 -0.2744059 -0.9407922
vn -0.1864319 -0.2849881 -0.9402260
vn -0.1780327 -0.2913575 -0.9399017
vn -0.1717146 -0.2956516 -0.9397362
vn -0.1645849 -0.2999492 -0.9396501
vn -0.1538205 -0.3056931 -0.9396228
vn -0.1375121 -0.3133489 -0.9396291
vn -0.1152198 -0.3224198 -0.9395583
vn -0.0881264 -0.3317720 -0.9392343
vn -0.0588228 -0.3401139 -0.9385427
vn -0.0308040 -0.3464540 -0.9375610
vn -0.0077524 -0.3504014 -0.9365675
vn 0.0073170 -0.3522334 -0.9358836
vn 0.0129385 -0.3527226 -0.9356385
vn 0.0098991 -0.3527870 -0.9356513
vn 0.0014246 -0.3530865 -0.9355896
vn -0.0074730 -0.3537173 -0.9353225
vn -0.0114231 -0.3541130 -0.9351329
vn -0.0062770 -0.3531789 -0.9355347
vn 0.0098977 -0.3495997 -0.9368469
vn 0.0366748 -0.3422237 -0.9389025
vn 0.0717377 -0.3304237 -0.9411025
vn 0.1115952 -0.3143482 -0.9427257
vn 0.1523102 -0.2950064 -0.9432777
vn 0.1901431 -0.2741613 -0.9426989
vn 0.2220747 -0.2540369 -0.9413544
vn 0.2461980 -0.2368678 -0.9398299
vn 0.2619675 -0.2243474 -0.9386380
vn 0.2702743 -0.2170840 -0.9379906
vn 0.2732735 -0.2142489 -0.9377734
vn 0.2738930 -0.2136361 -0.9377325
vn 0.2750616 -0.2122311 -0.9377095
vn 0.2788994 -0.2071203 -0.9377187
vn 0.2862098 -0.1963671 -0.9378294
vn 0.2964626 -0.1795422 -0.9380163
vn 0.3081984 -0.1578103 -0.9381416
vn 0.3196286 -0.1336379 -0.9380717
vn 0.3292064 -0.1102232 -0.9378027
vn 0.3360195 -0.0907424 -0.9374736
vn 0.3399369 -0.0775152 -0.9372483
vn 0.3415154 -0.0712490 -0.9371717
vn 0.3417154 -0.0705939 -0.9371484
vn 0.3415134 -0.0722802 -0.9370935
vn 0.3415214 -0.0719469 -0.9371162
vn 0.3970621 -0.0760473 -0.9146357
vn 0.3969948 -0.0579634 -0.9159888
vn 0.3953410 -0.0282073 -0.9181012
vn 0.3907901 0.0121020 -0.9204003
vn 0.3824138 0.0599867 -0.9220419
vn 0.3700761 0.1112302 -0.9223185
vn 0.3546482 0.1611023 -0.9210161
vn 0.3379543 0.2051062 -0.9185414
vn 0.3224338 0.2396616 -0.9157504
vn 0.3105610 0.2626593 -0.9135436
vn 0.3041174 0.2738563 -0.9124228
vn 0.3034908 0.2750621 -0.9122687
vn 0.3072821 0.2699563 -0.9125247
vn 0.3125177 0.2633237 -0.9126847
vn 0.3155086 0.2597577 -0.9126775
vn 0.3129855 0.2623436 -0.9128066
vn 0.3029957 0.2719601 -0.9133627
vn 0.2853083 0.2874220 -0.9143237
vn 0.2613723 0.3062106 -0.9153795
vn 0.2339398 0.3253919 -0.9161835
vn 0.2064344 0.3424248 -0.9165861
vn 0.1821417 0.3556962 -0.9166813
vn 0.1633571 0.3647271 -0.9166726
vn 0.1506801 0.3700761 -0.9167002
vn 0.1426860 0.3730090 -0.9167906
vn 0.1361762 0.3750212 -0.9169597
vn 0.1270289 0.3773209 -0.9173291
vn 0.1113736 0.3804247 -0.9180812
vn 0.0866375 0.3840110 -0.9192549
vn 0.0521455 0.3870857 -0.9205680
vn 0.0092294 0.3883895 -0.9214491
vn -0.0390412 0.3869028 -0.9212937
vn -0.0883862 0.3822902 -0.9198054
vn -0.1340155 0.3751539 -0.9172237
vn -0.1714159 0.3670026 -0.9142897
vn -0.1971354 0.3599093 -0.9119227
vn -0.2095018 0.3558973 -0.9107393
vn -0.2092120 0.3561885 -0.9106921
vn -0.1995898 0.3605650 -0.9111294
vn -0.1861274 0.3671882 -0.9113339
vn -0.1750829 0.3730741 -0.9111321
vn -0.1715935 0.3750256 -0.9109948
vn -0.1782781 0.3705333 -0.9115492
vn -0.1949356 0.3583263 -0.9130183
vn -0.2191625 0.3385658 -0.9150634
vn -0.2473653 0.3127811 -0.9170487
vn -0.2757729 0.2835768 -0.9184408
vn -0.3012432 0.2541121 -0.9190645
vn -0.3217772 0.2274082 -0.9191001
vn -0.3367138 0.2056116 -0.9188839
vn -0.3466360 0.1893838 -0.9186823
vn -0.3530410 0.1776108 -0.9185949
vn -0.3578330 0.1676010 -0.9186215
vn -0.3627353 0.1557989 -0.9187763
vn -0.3687800 0.1388066 -0.9190941
vn -0.3760542 0.1143508 -0.9195146
vn -0.3837913 0.0818996 -0.9197808
vn -0.3907535 0.0428417 -0.9194978
vn -0.3957556 0.0002721 -0.9183558
vn -0.3981496 -0.0415319 -0.9163798
vn -0.3981142 -0.0778666 -0.9140251
vn -0.3966437 -0.1044976 -0.9120055
vn -0.3952151 -0.1186014 -0.9109000
vn -0.3952145 -0.1196512 -0.9107629
vn -0.3973164 -0.1100240 -0.9110622
vn -0.4010865 -0.0948946 -0.9111118
vn -0.4050214 -0.0810261 -0.9107099
vn -0.4069959 -0.0747346 -0.9103676
vn -0.4048530 -0.0800569 -0.9108704
vn -0.3969085 -0.0979929 -0.9126122
vn -0.3823155 -0.1268317 -0.9152861
vn -0.3613000 -0.1630403 -0.9180851
vn -0.3352278 -0.2022710 -0.9201678
vn -0.3064358 -0.2402725 -0.9210680
vn -0.2778104 -0.2736089 -0.9208472
vn -0.2521774 -0.3001266 -0.9199623
vn -0.2316227 -0.3191495 -0.9189638
vn -0.2168961 -0.3314199 -0.9182140
vn -0.2070813 -0.3388052 -0.9177845
vn -0.1997161 -0.3437827 -0.9175658
vn -0.1914315 -0.3487630 -0.9174521
vn -0.1789401 -0.3554270 -0.9174160
vn -0.1600124 -0.3643192 -0.9174244
vn -0.1341207 -0.3748519 -0.9173318
vn -0.1026272 -0.3856828 -0.9169059
vn -0.0685439 -0.3952897 -0.9159955
vn -0.0359453 -0.4025261 -0.9147025
vn -0.0091191 -0.4069761 -0.9133933
vn 0.0084347 -0.4090098 -0.9124910
vn 0.0150168 -0.4095445 -0.9121666
vn 0.0115320 -0.4096193 -0.9121836
vn 0.0017117 -0.4099530 -0.9121050
vn -0.0086306 -0.4106411 -0.9117562
vn -0.0132574 -0.4110729 -0.9115061
vn -0.0073454 -0.4100590 -0.9120294
vn 0.0113739 -0.4061197 -0.9137491
vn 0.0424532 -0.3978822 -0.9164538
vn 0.0832423 -0.3845101 -0.9193600
vn 0.1296769 -0.3660565 -0.9215132
vn 0.1771199 -0.3436289 -0.9222515
vn 0.2211528 -0.3192924 -0.9214900
vn 0.2582385 -0.2957055 -0.9197125
vn 0.2861936 -0.2755478 -0.9176964
vn 0.3044442 -0.2608406 -0.9161200
vn 0.3140620 -0.2523056 -0.9152633
vn 0.3175439 -0.2489686 -0.9149757
vn 0.3182629 -0.2482464 -0.9149221
vn 0.3196064 -0.2466241 -0.9148925
vn 0.3240465 -0.2407139 -0.9149047
vn 0.3325341 -0.2282640 -0.9150501
vn 0.3444583 -0.2087616 -0.9152962
vn 0.3581102 -0.1835387 -0.9154620
vn 0.3713917 -0.1554485 -0.9153710
vn 0.3824990 -0.1282111 -0.9150172
vn 0.3903856 -0.1055301 -0.9145832
vn 0.3949196 -0.0901133 -0.9142856
vn 0.3967524 -0.0827912 -0.9141844
vn 0.3969850 -0.0820033 -0.9141545
vn 0.3967404 -0.0839577 -0.9140833
vn 0.3967492 -0.0835948 -0.9141127
vn 0.4546861 -0.0871382 -0.8863789
vn 0.4548218 -0.0665135 -0.8880952
vn 0.4532645 -0.0325000 -0.8907834
vn 0.4484176 0.0136809 -0.8937195
vn 0.4390756 0.0686357 -0.8958246
vn 0.4249716 0.1274730 -0.8961862
vn 0.4070883 0.1846689 -0.8945259
vn 0.3876021 0.2350070 -0.8913677
vn 0.3694417 0.2744192 -0.8878102
vn 0.3555512 0.3005948 -0.8850006
vn 0.3480144 0.3133446 -0.8835730
vn 0.3472528 0.3147466 -0.8833743
vn 0.3516054 0.3089493 -0.8836990
vn 0.3576162 0.3013710 -0.8839039
vn 0.3610555 0.2972659 -0.8838959
vn 0.3582142 0.3002052 -0.8840585
vn 0.3468831 0.3112373 -0.8847618
vn 0.3267780 0.3290207 -0.8859806
vn 0.2995027 0.3506514 -0.8873228
vn 0.2681637 0.3727293 -0.8883474
vn 0.2366752 0.3923137 -0.8888615
vn 0.2088240 0.4075545 -0.8889836
vn 0.1872687 0.4179214 -0.8889725
vn 0.1727160 0.4240694 -0.8890075
vn 0.1635440 0.4274508 -0.8891227
vn 0.1560943 0.4297819 -0.8893380
vn 0.1456505 0.4324681 -0.8898074
vn 0.1277765 0.4361335 -0.8907641
vn 0.0995024 0.4404216 -0.8922601
vn 0.0600134 0.4441541 -0.8939382
vn 0.0108059 0.4457977 -0.8950685
vn -0.0445812 0.4440838 -0.8948755
vn -0.1011711 0.4385812 -0.8929787
vn -0.1534081 0.4300246 -0.8896880
vn -0.1961259 0.4202622 -0.8859539
vn -0.2254533 0.4117991 -0.8829452
vn -0.2395675 0.4070270 -0.8814400
vn -0.2392849 0.4073313 -0.8813762
vn -0.2283463 0.4123799 -0.8819302
vn -0.2129661 0.4199786 -0.8821924
vn -0.2002943 0.4266915 -0.8819391
vn -0.1962504 0.4289266 -0.8817640
vn -0.2038846 0.4239008 -0.8824620
vn -0.2230081 0.4101769 -0.8843202
vn -0.2508826 0.3878635 -0.8869159
vn -0.2833658 0.3585990 -0.8894440
vn -0.3160812 0.3252937 -0.8912220
vn -0.3453801 0.2915659 -0.8920212
vn -0.3689608 0.2609250 -0.8920684
vn -0.3860887 0.2358836 -0.8917928
vn -0.3974605 0.2172333 -0.8915351
vn -0.4048049 0.2037105 -0.8914230
vn -0.4103063 0.1922331 -0.8914568
vn -0.4159457 0.1787252 -0.8916538
vn -0.4229169 0.1592869 -0.8920589
vn -0.4313172 0.1312953 -0.8925956
vn -0.4402333 0.0941169 -0.8929371
vn -0.4481842 0.0493320 -0.8925790
vn -0.4537566 0.0005103 -0.8911255
vn -0.4562070 -0.0474040 -0.8886102
vn -0.4558109 -0.0890015 -0.8856157
vn -0.4538196 -0.1194623 -0.8830495
vn -0.4520114 -0.1356092 -0.8816438
vn -0.4519795 -0.1368609 -0.8814668
vn -0.4544182 -0.1259033 -0.8818461
vn -0.4587312 -0.1086117 -0.8819122
vn -0.4631709 -0.0927155 -0.8814060
vn -0.4653873 -0.0854641 -0.8809713
vn -0.4630373 -0.0915069 -0.8816025
vn -0.4542478 -0.1120291 -0.8838034
vn -0.4379777 -0.1451185 -0.8871957
vn -0.4143316 -0.1867452 -0.8907612
vn -0.3847358 -0.2318847 -0.8934248
vn -0.3518196 -0.2755846 -0.8945815
vn -0.3189369 -0.3138485 -0.8943033
vn -0.2894141 -0.3442100 -0.8931735
vn -0.2657155 -0.3659428 -0.8918975
vn -0.2487356 -0.3799450 -0.8909390
vn -0.2374287 -0.3883723 -0.8903901
vn -0.2289636 -0.3940537 -0.8901109
vn -0.2194703 -0.3997418 -0.8899659
vn -0.2051751 -0.4073647 -0.8899198
vn -0.1835128 -0.4175484 -0.8899306
vn -0.1538613 -0.4296028 -0.8898135
vn -0.1177674 -0.4419555 -0.8892728
vn -0.0786865 -0.4528341 -0.8881158
vn -0.0413046 -0.4609348 -0.8864722
vn -0.0105438 -0.4658363 -0.8848081
vn 0.0095950 -0.4680299 -0.8836605
vn 0.0171764 -0.4685937 -0.8832468
vn 0.0132300 -0.4686810 -0.8832684
vn 0.0020116 -0.4690470 -0.8831709
vn -0.0098319 -0.4697763 -0.8827307
vn -0.0151624 -0.4702323 -0.8824124
vn -0.0084570 -0.4691638 -0.8830706
vn 0.0129072 -0.4649437 -0.8852461
vn 0.0484779 -0.4559558 -0.8886812
vn 0.0952736 -0.4410978 -0.8923876
vn 0.1486275 -0.4202669 -0.8951456
vn 0.2031425 -0.3946409 -0.8960980
vn 0.2536572 -0.3666083 -0.8951293
vn 0.2960837 -0.3393183 -0.8928592
vn 0.3279707 -0.3159552 -0.8902851
vn 0.3487481 -0.2989061 -0.8882736
vn 0.3596972 -0.2890144 -0.8871801
vn 0.3636702 -0.2851440 -0.8868128
vn 0.3644910 -0.2843063 -0.8867447
vn 0.3660156 -0.2824571 -0.8867077
vn 0.3710835 -0.2757155 -0.8867232
vn 0.3808037 -0.2615031 -0.8869074
vn 0.3944807 -0.2392184 -0.8872201
vn 0.4101376 -0.2103617 -0.8874317
vn 0.4253446 -0.1781858 -0.8873172
vn 0.4380281 -0.1469573 -0.8868681
vn 0.4470106 -0.1209348 -0.8863161
vn 0.4521712 -0.1032327 -0.8859369
vn 0.4542637 -0.0948091 -0.8858080
vn 0.4545292 -0.0938820 -0.8857705
vn 0.4542371 -0.0961149 -0.8856808
vn 0.4542486 -0.0957220 -0.8857175
vn 0.5144747 -0.0986474 -0.8518125
vn 0.5149106 -0.0754013 -0.8539213
vn 0.5135954 -0.0369762 -0.8572354
vn 0.5085958 0.0153235 -0.8608690
vn 0.4983566 0.0776774 -0.8634853
vn 0.4824246 0.1444649 -0.8639424
vn 0.4618923 0.2092901 -0.8618893
vn 0.4393440 0.2661618 -0.8579829
vn 0.4182787 0.3105235 -0.8535913
vn 0.4021754 0.3399044 -0.8501294
vn 0.3934472 0.3542133 -0.8483703
vn 0.3925369 0.3558121 -0.8481230
vn 0.3974834 0.3493118 -0.8485212
vn 0.4043060 0.3407624 -0.8487742
vn 0.4082105 0.3360986 -0.8487649
vn 0.4050475 0.3394084 -0.8489632
vn 0.3923564 0.3519300 -0.8498245
vn 0.3697927 0.3721636 -0.8513211
vn 0.3391011 0.3967958 -0.8529734
vn 0.3037380 0.4219261 -0.8542374
vn 0.2681236 0.4441863 -0.8548733
vn 0.2365745 0.4614814 -0.8550248
vn 0.2121369 0.4732377 -0.8550111
vn 0.1956336 0.4802188 -0.8550540
vn 0.1852383 0.4840729 -0.8551960
vn 0.1768152 0.4867469 -0.8554612
vn 0.1650314 0.4898586 -0.8560392
vn 0.1448638 0.4941568 -0.8572185
vn 0.1129235 0.4992528 -0.8590663
vn 0.0682364 0.5037595 -0.8611447
vn 0.0124605 0.5058184 -0.8625500
vn -0.0503655 0.5038580 -0.8623169
vn -0.1145067 0.4973278 -0.8599728
vn -0.1735819 0.4871237 -0.8559088
vn -0.2217498 0.4755031 -0.8513071
vn -0.2547433 0.4654766 -0.8476069
vn -0.2706261 0.4598470 -0.8457554
vn -0.2703507 0.4601608 -0.8456729
vn -0.2580680 0.4659295 -0.8463513
vn -0.2407131 0.4745503 -0.8466754
vn -0.2263531 0.4821073 -0.8463669
vn -0.2217308 0.4846283 -0.8461506
vn -0.2303604 0.4790850 -0.8470015
vn -0.2520791 0.4638800 -0.8492770
vn -0.2838047 0.4390390 -0.8524668
vn -0.3208139 0.4062685 -0.8555842
vn -0.3580771 0.3687652 -0.8577838
vn -0.3913985 0.3306231 -0.8587756
vn -0.4181588 0.2958780 -0.8588361
vn -0.4375600 0.2674446 -0.8584956
vn -0.4504315 0.2462614 -0.8581764
vn -0.4587501 0.2309119 -0.8580373
vn -0.4649926 0.2179058 -0.8580786
vn -0.4714098 0.2026248 -0.8583216
vn -0.4793666 0.1806452 -0.8588218
vn -0.4889682 0.1489764 -0.8594860
vn -0.4991320 0.1068712 -0.8599104
vn -0.5080962 0.0561087 -0.8594708
vn -0.5141872 0.0007646 -0.8576776
vn -0.5165632 -0.0535029 -0.8545758
vn -0.5156351 -0.1005420 -0.8508888
vn -0.5129701 -0.1349405 -0.8477339
vn -0.5106959 -0.1531813 -0.8460054
vn -0.5106219 -0.1546406 -0.8457846
vn -0.5134284 -0.1423155 -0.8462492
vn -0.5183075 -0.1227910 -0.8463331
vn -0.5232440 -0.1047935 -0.8457151
vn -0.5256883 -0.0965447 -0.8451810
vn -0.5231572 -0.1033359 -0.8459481
vn -0.5136079 -0.1265560 -0.8486404
vn -0.4957726 -0.1641003 -0.8528075
vn -0.4695686 -0.2114289 -0.8572066
vn -0.4364250 -0.2627952 -0.8605068
vn -0.3992525 -0.3124828 -0.8619466
vn -0.3619101 -0.3558870 -0.8616064
vn -0.3282839 -0.3902198 -0.8602083
vn -0.3012627 -0.4147267 -0.8586283
vn -0.2819047 -0.4304924 -0.8574416
vn -0.2690275 -0.4399807 -0.8567621
vn -0.2594096 -0.4463824 -0.8564166
vn -0.2486548 -0.4528005 -0.8562374
vn -0.2324820 -0.4614191 -0.8561802
vn -0.2079750 -0.4729470 -0.8561936
vn -0.1744092 -0.4865794 -0.8560502
vn -0.1335210 -0.5004883 -0.8553851
vn -0.0892311 -0.5126294 -0.8539607
vn -0.0468701 -0.5215412 -0.8519378
vn -0.0120234 -0.5268222 -0.8498905
vn 0.0107942 -0.5291199 -0.8484784
vn 0.0194107 -0.5296918 -0.8479681
vn 0.0149881 -0.5297936 -0.8479942
vn 0.0023236 -0.5301889 -0.8478763
vn -0.0110731 -0.5309387 -0.8473379
vn -0.0171321 -0.5314030 -0.8469459
vn -0.0096088 -0.5303126 -0.8477477
vn 0.0144928 -0.5259168 -0.8504125
vn 0.0547360 -0.5163319 -0.8546375
vn 0.1078160 -0.5001217 -0.8592171
vn 0.1684351 -0.4769504 -0.8626401
vn 0.2303678 -0.4480266 -0.8638303
vn 0.2876376 -0.4160844 -0.8626346
vn 0.3355702 -0.3848310 -0.8598242
vn 0.3714622 -0.3580267 -0.8566404
vn 0.3947894 -0.3384679 -0.8541550
vn 0.4070773 -0.3271283 -0.8528043
vn 0.4115454 -0.3226913 -0.8523501
vn 0.4124695 -0.3217317 -0.8522661
vn 0.4141807 -0.3196466 -0.8522209
vn 0.4199006 -0.3120435 -0.8522396
vn 0.4309074 -0.2960085 -0.8524657
vn 0.4464176 -0.2708454 -0.8528505
vn 0.4641663 -0.2382216 -0.8531120
vn 0.4813676 -0.2018004 -0.8529724
vn 0.4956655 -0.1664196 -0.8524202
vn 0.5057575 -0.1369199 -0.8517407
vn 0.5115487 -0.1168410 -0.8512732
vn 0.5139044 -0.1072725 -0.8511139
vn 0.5142029 -0.1062001 -0.8510681
vn 0.5138577 -0.1087208 -0.8509583
vn 0.5138740 -0.1082981 -0.8510024
vn 0.5760355 -0.1104999 -0.8099215
vn 0.5768882 -0.0845728 -0.8124330
vn 0.5759944 -0.0416119 -0.8163938
vn 0.5710274 0.0170198 -0.8207546
vn 0.5599945 0.0870697 -0.8239084
vn 0.5421868 0.1621302 -0.8244679
vn 0.5188019 0.2348477 -0.8220043
vn 0.4928985 0.2983992 -0.8173182
vn 0.4686405 0.3477477 -0.8120638
vn 0.4501153 0.3803185 -0.8079320
vn 0.4400918 0.3961704 -0.8058339
vn 0.4390180 0.3979639 -0.8055358
vn 0.4445894 0.3907569 -0.8060083
vn 0.4522567 0.3812195 -0.8063099
vn 0.4566398 0.3759813 -0.8062990
vn 0.4531557 0.3796769 -0.8065329
vn 0.4391021 0.3937568 -0.8075549
vn 0.4140673 0.4165629 -0.8093353
vn 0.3799165 0.4443492 -0.8113059
vn 0.3404451 0.4726791 -0.8128171
vn 0.3005911 0.4977290 -0.8135790
vn 0.2652277 0.5171526 -0.8137613
vn 0.2378129 0.5303434 -0.8137450
vn 0.2192958 0.5381874 -0.8137958
vn 0.2076397 0.5425371 -0.8139651
vn 0.1982163 0.5455784 -0.8142816
vn 0.1850591 0.5491581 -0.8149715
vn 0.1625404 0.5541686 -0.8163809
vn 0.1268313 0.5601939 -0.8185943
vn 0.0767760 0.5656104 -0.8210910
vn 0.0141874 0.5681748 -0.8227856
vn -0.0563652 0.5659477 -0.8225121
vn -0.1283232 0.5582314 -0.8197017
vn -0.1944174 0.5461189 -0.8148350
vn -0.2481164 0.5323592 -0.8093404
vn -0.2847922 0.5205526 -0.8049338
vn -0.3024427 0.5139583 -0.8027299
vn -0.3021743 0.5142766 -0.8026272
vn -0.2885336 0.5208138 -0.8034310
vn -0.2691632 0.5304984 -0.8038175
vn -0.2530652 0.5389081 -0.8034526
vn -0.2478437 0.5417132 -0.8031938
vn -0.2575102 0.5356800 -0.8041986
vn -0.2819441 0.5190602 -0.8068978
vn -0.3177151 0.4917625 -0.8106952
vn -0.3594867 0.4555089 -0.8144206
vn -0.4015277 0.4137531 -0.8170580
vn -0.4390522 0.3710769 -0.8182513
vn -0.4691092 0.3320825 -0.8183262
vn -0.4908505 0.3001258 -0.8179183
vn -0.5052608 0.2763111 -0.8175351
vn -0.5145818 0.2590667 -0.8173677
vn -0.5215936 0.2444795 -0.8174166
vn -0.5288275 0.2273690 -0.8177071
vn -0.5378288 0.2027690 -0.8183062
vn -0.5487074 0.1673033 -0.8191031
vn -0.5601860 0.1200987 -0.8196145
vn -0.5701785 0.0631382 -0.8190910
vn -0.5767138 0.0010353 -0.8169456
vn -0.5788520 -0.0597898 -0.8132377
vn -0.5771853 -0.1124096 -0.8088394
vn -0.5736673 -0.1508195 -0.8050834
vn -0.5708277 -0.1711852 -0.8030264
vn -0.5706986 -0.1728561 -0.8027602
vn -0.5739054 -0.1591384 -0.8033104
vn -0.5793704 -0.1373274 -0.8034122
vn -0.5847864 -0.1171692 -0.8026807
vn -0.5874377 -0.1078918 -0.8020451
vn -0.5847600 -0.1154545 -0.8029483
vn -0.5745672 -0.1414693 -0.8061383
vn -0.5553306 -0.1836540 -0.8110975
vn -0.5267010 -0.2369508 -0.8163580
vn -0.4900376 -0.2948461 -0.8203225
vn -0.4485113 -0.3507913 -0.8220603
vn -0.4065256 -0.3995221 -0.8216563
vn -0.3685914 -0.4379225 -0.8199782
vn -0.3380750 -0.4652399 -0.8180814
vn -0.3162190 -0.4827802 -0.8166571
vn -0.3016981 -0.4933362 -0.8158417
vn -0.2908791 -0.5004674 -0.8154273
vn -0.2788166 -0.5076319 -0.8152123
vn -0.2607031 -0.5172765 -0.8151435
vn -0.2332579 -0.5301939 -0.8151596
vn -0.1956458 -0.5454497 -0.8149892
vn -0.1497957 -0.5609332 -0.8141961
vn -0.1001138 -0.5743053 -0.8124966
vn -0.0526068 -0.5839489 -0.8100841
vn -0.0135486 -0.5895141 -0.8076445
vn 0.0120232 -0.5918449 -0.8059622
vn 0.0217036 -0.5923984 -0.8053528
vn 0.0167940 -0.5925170 -0.8053829
vn 0.0026459 -0.5929376 -0.8052440
vn -0.0123447 -0.5936816 -0.8046054
vn -0.0191520 -0.5941344 -0.8041378
vn -0.0107929 -0.5930625 -0.8050841
vn 0.0161189 -0.5886238 -0.8082464
vn 0.0611880 -0.5786433 -0.8132822
vn 0.1208020 -0.5612721 -0.8187677
vn 0.1890065 -0.5358470 -0.8228880
vn 0.2586755 -0.5035542 -0.8243301
vn 0.3229366 -0.4674950 -0.8228976
vn 0.3764947 -0.4320117 -0.8195228
vn 0.4164192 -0.4015228 -0.8157049
vn 0.4422845 -0.3792831 -0.8127292
vn 0.4558992 -0.3664038 -0.8111129
vn 0.4608596 -0.3613677 -0.8105688
vn 0.4618873 -0.3602799 -0.8104681
vn 0.4637889 -0.3579512 -0.8104140
vn 0.4701805 -0.3494626 -0.8104358
vn 0.4825216 -0.3315584 -0.8107046
vn 0.4999369 -0.3034416 -0.8111636
vn 0.5198532 -0.2669427 -0.8114766
vn 0.5391037 -0.2261433 -0.8113115
vn 0.5550386 -0.1864732 -0.8106540
vn 0.5662400 -0.1533811 -0.8098435
vn 0.5726571 -0.1308483 -0.8092852
vn 0.5752761 -0.1200983 -0.8090944
vn 0.5756070 -0.1188750 -0.8090398
vn 0.5752022 -0.1216908 -0.8089090
vn 0.5752260 -0.1212388 -0.8089600
vn 0.6386411 -0.1225563 -0.7596825
vn 0.6400434 -0.0939238 -0.7625764
vn 0.6397811 -0.0463585 -0.7671578
vn 0.6350729 0.0187501 -0.7722246
vn 0.6233896 0.0967185 -0.7759065
vn 0.6036831 0.1802961 -0.7765694
vn 0.5772479 0.2610833 -0.7737056
vn 0.5476913 0.3313710 -0.7682627
vn 0.5199487 0.3856627 -0.7621795
vn 0.4987929 0.4213489 -0.7574105
vn 0.4873728 0.4386979 -0.7549913
vn 0.4861203 0.4406802 -0.7546443
vn 0.4923427 0.4327742 -0.7551855
vn 0.5008789 0.4222456 -0.7555323
vn 0.5057487 0.4164240 -0.7555192
vn 0.5019496 0.4205168 -0.7557858
vn 0.4865542 0.4362098 -0.7569584
vn 0.4590761 0.4616897 -0.7590071
vn 0.4214756 0.4927577 -0.7612806
vn 0.3778674 0.5244080 -0.7630285
vn 0.3337120 0.5523360 -0.7639118
vn 0.2944615 0.5739399 -0.7641240
vn 0.2640080 0.5885941 -0.7641052
vn 0.2434362 0.5973216 -0.7641634
vn 0.2304964 0.6021855 -0.7643586
vn 0.2200583 0.6056171 -0.7647237
vn 0.2055117 0.6097077 -0.7655204
vn 0.1806144 0.6155145 -0.7671508
vn 0.1410801 0.6226004 -0.7697176
vn 0.0855472 0.6290766 -0.7726217
vn 0.0159719 0.6322489 -0.7746007
vn -0.0625182 0.6297354 -0.7742899
vn -0.1424748 0.6206601 -0.7710266
vn -0.2156812 0.6063555 -0.7653853
vn -0.2749111 0.5901563 -0.7590385
vn -0.3152252 0.5763421 -0.7539648
vn -0.3346120 0.5686723 -0.7514297
vn -0.3343504 0.5689890 -0.7513064
vn -0.3193584 0.5763385 -0.7522262
vn -0.2979587 0.5871181 -0.7526705
vn -0.2800934 0.5963760 -0.7522522
vn -0.2742582 0.5994579 -0.7519525
vn -0.2849925 0.5929756 -0.7530998
vn -0.3122374 0.5750441 -0.7561958
vn -0.3522150 0.5454172 -0.7605686
vn -0.3989501 0.5057703 -0.7648759
vn -0.4459624 0.4597728 -0.7679366
vn -0.4878341 0.4124990 -0.7693260
vn -0.5212709 0.3691559 -0.7694157
vn -0.5453912 0.3335795 -0.7689429
vn -0.5613601 0.3070607 -0.7684976
vn -0.5716997 0.2878730 -0.7683025
vn -0.5795011 0.2716691 -0.7683583
vn -0.5875840 0.2526936 -0.7686944
vn -0.5976826 0.2254243 -0.7693890
vn -0.6099077 0.1860851 -0.7703148
vn -0.6227594 0.1336638 -0.7709116
vn -0.6337798 0.0703490 -0.7703078
vn -0.6406608 0.0013218 -0.7678229
vn -0.6423672 -0.0661915 -0.7635333
vn -0.6397271 -0.1244609 -0.7584581
vn -0.6351571 -0.1669009 -0.7541350
vn -0.6316437 -0.1893921 -0.7517692
vn -0.6314450 -0.1912758 -0.7514591
vn -0.6350835 -0.1761597 -0.7520882
vn -0.6411478 -0.1520378 -0.7522061
vn -0.6470145 -0.1296857 -0.7513680
vn -0.6498447 -0.1193600 -0.7506365
vn -0.6470630 -0.1277079 -0.7516649
vn -0.6363754 -0.1565843 -0.7553196
vn -0.6159575 -0.2035499 -0.7610281
vn -0.5851062 -0.2630303 -0.7671152
vn -0.5450222 -0.3277050 -0.7717255
vn -0.4991038 -0.3901240 -0.7737562
vn -0.4523347 -0.4443121 -0.7732917
vn -0.4099208 -0.4868236 -0.7713415
vn -0.3757617 -0.5169442 -0.7691370
vn -0.3513068 -0.5362407 -0.7674825
vn -0.3350823 -0.5478533 -0.7665355
vn -0.3230253 -0.5557117 -0.7660543
vn -0.3096223 -0.5636289 -0.7658045
vn -0.2895265 -0.5743177 -0.7657242
vn -0.2590828 -0.5886543 -0.7657429
vn -0.2173371 -0.6055597 -0.7655469
vn -0.1664108 -0.6226121 -0.7646317
vn -0.1112117 -0.6371554 -0.7626696
vn -0.0584485 -0.6474228 -0.7598865
vn -0.0151021 -0.6531530 -0.7570753
vn 0.0132662 -0.6554319 -0.7551377
vn 0.0240267 -0.6559357 -0.7544343
vn 0.0186256 -0.6560734 -0.7544672
vn 0.0029752 -0.6565139 -0.7543080
vn -0.0136304 -0.6572210 -0.7535746
vn -0.0211966 -0.6576390 -0.7530350
vn -0.0119952 -0.6566328 -0.7541151
vn 0.0177647 -0.6523095 -0.7577445
vn 0.0677587 -0.6421822 -0.7635514
vn 0.1340921 -0.6239042 -0.7699109
vn 0.2101356 -0.5963743 -0.7747133
vn 0.2877895 -0.5606886 -0.7764055
vn 0.3592033 -0.5203332 -0.7747428
vn 0.4184296 -0.4803705 -0.7708183
vn 0.4623467 -0.4459669 -0.7663870
vn 0.4906904 -0.4208863 -0.7629401
vn 0.5055941 -0.4063841 -0.7610693
vn 0.5110347 -0.4007198 -0.7604388
vn 0.5121644 -0.3994984 -0.7603214
vn 0.5142575 -0.3969212 -0.7602583
vn 0.5213328 -0.3875339 -0.7602826
vn 0.5350416 -0.3677374 -0.7605917
vn 0.5544148 -0.3366285 -0.7611212
vn 0.5765518 -0.2961935 -0.7614838
vn 0.5978816 -0.2509330 -0.7612951
vn 0.6154521 -0.2068848 -0.7605376
vn 0.6277429 -0.1701249 -0.7596028
vn 0.6347694 -0.1450884 -0.7589579
vn 0.6376472 -0.1331338 -0.7587367
vn 0.6380091 -0.1317556 -0.7586731
vn 0.6375380 -0.1348698 -0.7585218
vn 0.6375720 -0.1343898 -0.7585785
vn 0.7011589 -0.1345992 -0.7001852
vn 0.7032503 -0.1032889 -0.7033991
vn 0.7038476 -0.0511356 -0.7085081
vn 0.6996562 0.0204828 -0.7141860
vn 0.6875052 0.1064629 -0.7183329
vn 0.6659139 0.1986639 -0.7190906
vn 0.6362608 0.2875583 -0.7158788
vn 0.6027805 0.3645073 -0.7097817
vn 0.5712896 0.4235906 -0.7029930
vn 0.5473196 0.4622450 -0.6976896
vn 0.5344165 0.4810093 -0.6950029
vn 0.5329715 0.4831701 -0.6946136
vn 0.5398607 0.4745878 -0.6952099
vn 0.5492756 0.4630843 -0.6955928
vn 0.5546311 0.4566807 -0.6955767
vn 0.5505303 0.4611753 -0.6958691
vn 0.5338434 0.4785101 -0.6971652
vn 0.5040033 0.5067237 -0.6994368
vn 0.4630342 0.5411516 -0.7019646
vn 0.4153415 0.5761924 -0.7039132
vn 0.3669021 0.6070406 -0.7049004
vn 0.3237609 0.6308395 -0.7051385
vn 0.2902604 0.6469606 -0.7051176
vn 0.2676293 0.6565770 -0.7051817
vn 0.2534057 0.6619661 -0.7053981
vn 0.2419569 0.6658062 -0.7058038
vn 0.2260316 0.6704464 -0.7066905
vn 0.1987732 0.6771293 -0.7085091
vn 0.1554283 0.6854058 -0.7113796
vn 0.0944054 0.6930945 -0.7146381
vn 0.0177873 0.6969823 -0.7168677
vn -0.0687195 0.6941660 -0.7165272
vn -0.1567192 0.6835585 -0.7128722
vn -0.2369986 0.6667794 -0.7065670
vn -0.3016466 0.6478476 -0.6995018
vn -0.3454764 0.6318100 -0.6938747
vn -0.3665302 0.6229625 -0.6910668
vn -0.3662751 0.6232703 -0.6909245
vn -0.3499662 0.6314640 -0.6919370
vn -0.3265628 0.6433515 -0.6924274
vn -0.3069326 0.6534355 -0.6919642
vn -0.3004793 0.6567807 -0.6916295
vn -0.3122940 0.6499034 -0.6928911
vn -0.3424002 0.6308021 -0.6963123
vn -0.3866811 0.5990377 -0.7011644
vn -0.4385077 0.5561699 -0.7059646
vn -0.4906117 0.5060310 -0.7093890
vn -0.5369076 0.4541822 -0.7109492
vn -0.5737503 0.4064655 -0.7110530
vn -0.6002457 0.3672330 -0.7105245
vn -0.6177636 0.3379820 -0.7100255
vn -0.6291193 0.3168349 -0.7098060
vn -0.6377173 0.2990070 -0.7098672
vn -0.6466692 0.2781641 -0.7102420
vn -0.6579035 0.2482248 -0.7110186
vn -0.6715276 0.2050040 -0.7120562
vn -0.6857917 0.1473386 -0.7127279
vn -0.6978184 0.0776210 -0.7120565
vn -0.7049239 0.0016216 -0.7092811
vn -0.7059845 -0.0725923 -0.7044972
vn -0.7021238 -0.1364750 -0.6988539
vn -0.6962992 -0.1828853 -0.6940608
vn -0.6920043 -0.2074604 -0.6914407
vn -0.6917208 -0.2095545 -0.6910928
vn -0.6958171 -0.1930615 -0.6917846
vn -0.7024834 -0.1666479 -0.6919144
vn -0.7087598 -0.1421086 -0.6909882
vn -0.7117336 -0.1307336 -0.6901768
vn -0.7088975 -0.1398658 -0.6913045
vn -0.6978906 -0.1716202 -0.6953382
vn -0.6765642 -0.2234281 -0.7016700
vn -0.6437709 -0.2892121 -0.7084598
vn -0.6004535 -0.3608154 -0.7136301
vn -0.5501908 -0.4298251 -0.7159193
vn -0.4985759 -0.4895089 -0.7154042
vn -0.4515759 -0.5360961 -0.7132182
vn -0.4136784 -0.5689532 -0.7107478
vn -0.3865615 -0.5899478 -0.7088948
vn -0.3685994 -0.6025821 -0.7078342
vn -0.3552872 -0.6111503 -0.7072951
vn -0.3405338 -0.6198117 -0.7070150
vn -0.3184488 -0.6315443 -0.7069244
vn -0.2849990 -0.6473050 -0.7069454
vn -0.2391046 -0.6658560 -0.7067283
vn -0.1830758 -0.6844388 -0.7057102
vn -0.1223294 -0.7000610 -0.7035269
vn -0.0642917 -0.7108165 -0.7004331
vn -0.0166568 -0.7165740 -0.6973122
vn 0.0144996 -0.7187064 -0.6951625
vn 0.0263367 -0.7191262 -0.6943802
vn 0.0204495 -0.7192850 -0.6944141
vn 0.0033059 -0.7197388 -0.6942371
vn -0.0149056 -0.7203749 -0.6934247
vn -0.0232278 -0.7207323 -0.6928243
vn -0.0131939 -0.7198428 -0.6940117
vn 0.0193986 -0.7158103 -0.6980252
vn 0.0743294 -0.7058222 -0.7044787
vn 0.1474567 -0.6869495 -0.7115876
vn 0.2314705 -0.6575342 -0.7169869
vn 0.3172328 -0.6185002 -0.7189025
vn 0.3958373 -0.5737296 -0.7170406
vn 0.4606627 -0.5290898 -0.7126387
vn 0.5084435 -0.4905860 -0.7076798
vn 0.5391466 -0.4625391 -0.7038313
vn 0.5552698 -0.4463518 -0.7017446
vn 0.5611671 -0.4400389 -0.7010402
vn 0.5623947 -0.4386805 -0.7009077
vn 0.5646765 -0.4358542 -0.7008363
vn 0.5724349 -0.4255715 -0.7008617
vn 0.5875215 -0.4038951 -0.7012041
vn 0.6088726 -0.3698118 -0.7017929
vn 0.6332454 -0.3254513 -0.7021978
vn 0.6566464 -0.2757268 -0.7019902
vn 0.6758178 -0.2272884 -0.7011493
vn 0.6891536 -0.1868496 -0.7001104
vn 0.6967583 -0.1593036 -0.6993927
vn 0.6998845 -0.1461424 -0.6991453
vn 0.7002751 -0.1446076 -0.6990732
vn 0.6997314 -0.1480182 -0.6989038
vn 0.6997784 -0.1475121 -0.6989638
vn 0.7620176 -0.1463266 -0.6308072
vn 0.7649280 -0.1124357 -0.6342266
vn 0.7666065 -0.0558273 -0.6396857
vn 0.7631980 0.0221721 -0.6457841
vn 0.7507917 0.1160635 -0.6502623
vn 0.7273797 0.2167869 -0.6510930
vn 0.6944070 0.3136255 -0.6476403
vn 0.6568088 0.3969882 -0.6410948
vn 0.6213815 0.4605820 -0.6338370
vn 0.5944741 0.5019758 -0.6281886
vn 0.5800343 0.5220353 -0.6253313
vn 0.5783869 0.5243596 -0.6249126
vn 0.5859422 0.5151415 -0.6255405
vn 0.5962237 0.5027044 -0.6259438
vn 0.6020519 0.4957345 -0.6259239
vn 0.5976710 0.5006248 -0.6262302
vn 0.5797777 0.5195896 -0.6276022
vn 0.5477201 0.5505310 -0.6300146
vn 0.5035526 0.5883167 -0.6327071
vn 0.4519333 0.6267376 -0.6347884
vn 0.3993358 0.6604779 -0.6358458
vn 0.3523974 0.6864330 -0.6361020
vn 0.3159170 0.7039879 -0.6360797
vn 0.2912729 0.7144768 -0.6361470
vn 0.2757974 0.7203894 -0.6363764
vn 0.2633677 0.7246472 -0.6368075
vn 0.2461094 0.7298642 -0.6377527
vn 0.2165686 0.7374868 -0.6396962
vn 0.1695248 0.7470638 -0.6427729
vn 0.1031369 0.7561004 -0.6462778
vn 0.0195930 0.7608036 -0.6486864
vn -0.0748151 0.7576751 -0.6483295
vn -0.1707040 0.7453864 -0.6444061
vn -0.2578373 0.7258911 -0.6376535
vn -0.3276493 0.7039849 -0.6301200
vn -0.3747795 0.6855543 -0.6241440
vn -0.3973873 0.6754523 -0.6211663
vn -0.3971387 0.6757433 -0.6210087
vn -0.3795821 0.6847926 -0.6220744
vn -0.3542512 0.6977728 -0.6225907
vn -0.3329028 0.7086394 -0.6220980
vn -0.3258418 0.7122273 -0.6217390
vn -0.3387219 0.7050210 -0.6230673
vn -0.3716689 0.6849267 -0.6266878
vn -0.4202465 0.6512795 -0.6318449
vn -0.4771727 0.6054547 -0.6369701
vn -0.5343701 0.5513863 -0.6406417
vn -0.5850624 0.4951017 -0.6423210
vn -0.6252543 0.4430945 -0.6424363
vn -0.6540610 0.4002581 -0.6418705
vn -0.6730791 0.3683130 -0.6413346
vn -0.6854227 0.3452381 -0.6410978
vn -0.6948048 0.3258190 -0.6411616
vn -0.7046251 0.3031533 -0.6415618
vn -0.7170078 0.2706104 -0.6423939
vn -0.7320527 0.2235974 -0.6435084
vn -0.7477364 0.1607904 -0.6442335
vn -0.7607212 0.0847785 -0.6435184
vn -0.7679155 0.0019304 -0.6405483
vn -0.7681184 -0.0788300 -0.6354369
vn -0.7628068 -0.1481477 -0.6294268
vn -0.7555477 -0.1983671 -0.6243382
vn -0.7503793 -0.2249316 -0.6215598
vn -0.7499970 -0.2272285 -0.6211857
vn -0.7545658 -0.2094161 -0.6219126
vn -0.7618217 -0.1807884 -0.6220477
vn -0.7684552 -0.1541234 -0.6210657
vn -0.7715326 -0.1417236 -0.6202030
vn -0.7686939 -0.1516186 -0.6213868
vn -0.7575575 -0.1861951 -0.6256501
vn -0.7356311 -0.2427878 -0.6323772
vn -0.7012428 -0.3148446 -0.6396339
vn -0.6549759 -0.3933636 -0.6451912
vn -0.6005316 -0.4689260 -0.6476653
vn -0.5441248 -0.5340093 -0.6471184
vn -0.4925381 -0.5845317 -0.6447704
vn -0.4508926 -0.6199847 -0.6421175
vn -0.4211121 -0.6425728 -0.6401288
vn -0.4014191 -0.6561660 -0.6389905
vn -0.3868646 -0.6654073 -0.6384112
vn -0.3707842 -0.6747852 -0.6381098
vn -0.3467528 -0.6875343 -0.6380118
vn -0.3103647 -0.7046887 -0.6380342
vn -0.2604099 -0.7248399 -0.6378039
vn -0.1993783 -0.7448738 -0.6367192
vn -0.1331916 -0.7614503 -0.6343922
vn -0.0699917 -0.7725390 -0.6310980
vn -0.0181752 -0.7781785 -0.6277801
vn 0.0156914 -0.7800694 -0.6254963
vn 0.0285752 -0.7803717 -0.6246627
vn 0.0222199 -0.7805527 -0.6246949
vn 0.0036306 -0.7810125 -0.6245049
vn -0.0161376 -0.7815437 -0.6236417
vn -0.0251940 -0.7818153 -0.6230009
vn -0.0143595 -0.7810921 -0.6242507
vn 0.0209779 -0.7775255 -0.6285014
vn 0.0807334 -0.7679743 -0.6353720
vn 0.1605637 -0.7488570 -0.6429871
vn 0.2524898 -0.7178435 -0.6488063
vn 0.3462913 -0.6755958 -0.6508860
vn 0.4319473 -0.6263914 -0.6488877
vn 0.5021564 -0.5769770 -0.6441556
vn 0.5535658 -0.5342758 -0.6388382
vn 0.5864425 -0.5032028 -0.6347221
vn 0.6036815 -0.4853060 -0.6324924
vn 0.6099991 -0.4783390 -0.6317380
vn 0.6113179 -0.4768432 -0.6315940
vn 0.6137806 -0.4737735 -0.6315156
vn 0.6222040 -0.4626216 -0.6315406
vn 0.6386442 -0.4391257 -0.6319037
vn 0.6619447 -0.4021614 -0.6325309
vn 0.6885134 -0.3539855 -0.6329641
vn 0.7139256 -0.2999055 -0.6327456
vn 0.7346211 -0.2471741 -0.6318518
vn 0.7489292 -0.2031365 -0.6307460
vn 0.7570650 -0.1731373 -0.6299810
vn 0.7604223 -0.1587971 -0.6297153
vn 0.7608386 -0.1571076 -0.6296363
vn 0.7602172 -0.1608047 -0.6294534
vn 0.7602794 -0.1602755 -0.6295133
vn 0.8192489 -0.1573602 -0.5514245
vn 0.8230745 -0.1210689 -0.5548790
vn 0.8260123 -0.0602834 -0.5604191
vn 0.8236220 0.0237591 -0.5666412
vn 0.8111805 0.1252022 -0.5712360
vn 0.7860730 0.2340684 -0.5721025
vn 0.7497893 0.3384298 -0.5685783
vn 0.7080181 0.4277526 -0.5619058
vn 0.6686032 0.4954366 -0.5545380
vn 0.6387389 0.5392609 -0.5488262
vn 0.6227632 0.5604593 -0.5459409
vn 0.6209097 0.5629277 -0.5455122
vn 0.6291074 0.5531337 -0.5461383
vn 0.6402144 0.5398333 -0.5465396
vn 0.6464872 0.5323305 -0.5465149
vn 0.6418564 0.5375965 -0.5468184
vn 0.6228784 0.5581241 -0.5481970
vn 0.5888157 0.5916947 -0.5506300
vn 0.5417201 0.6327234 -0.5533537
vn 0.4864574 0.6744015 -0.5554654
vn 0.4299618 0.7109110 -0.5565414
vn 0.3794423 0.7389135 -0.5568036
vn 0.3401457 0.7578230 -0.5567811
vn 0.3135996 0.7691398 -0.5568476
vn 0.2969443 0.7755569 -0.5570777
vn 0.2835950 0.7802271 -0.5575120
vn 0.2650928 0.7860276 -0.5584680
vn 0.2334222 0.7946199 -0.5604403
vn 0.1829117 0.8055615 -0.5635725
vn 0.1114598 0.8160351 -0.5671538
vn 0.0213338 0.8216268 -0.5696265
vn -0.0806015 0.8181881 -0.5692729
vn -0.1839689 0.8041273 -0.5652741
vn -0.2775169 0.7817709 -0.5584072
vn -0.3520779 0.7567578 -0.5507802
vn -0.4021948 0.7358544 -0.5447546
vn -0.4261993 0.7244683 -0.5417563
vn -0.4259578 0.7247346 -0.5415900
vn -0.4072607 0.7346200 -0.5426530
vn -0.3801397 0.7486414 -0.5431665
vn -0.3571747 0.7602233 -0.5426664
vn -0.3495353 0.7640265 -0.5422994
vn -0.3634292 0.7565642 -0.5436265
vn -0.3991001 0.7356769 -0.5472647
vn -0.4518220 0.7004526 -0.5524699
vn -0.5136850 0.6520238 -0.5576672
vn -0.5758087 0.5943626 -0.5614067
vn -0.6307257 0.5339252 -0.5631243
vn -0.6741014 0.4778501 -0.5632465
vn -0.7050815 0.4315795 -0.5626715
vn -0.7255027 0.3970660 -0.5621249
vn -0.7387743 0.3721577 -0.5618818
vn -0.7489023 0.3512319 -0.5619444
vn -0.7595614 0.3268473 -0.5623498
vn -0.7730668 0.2918522 -0.5631963
vn -0.7895068 0.2412605 -0.5643336
vn -0.8065707 0.1735830 -0.5650776
vn -0.8204353 0.0915914 -0.5643553
vn -0.8275839 0.0022417 -0.5613376
vn -0.8267531 -0.0846990 -0.5561524
vn -0.8198197 -0.1591003 -0.5500753
vn -0.8110049 -0.2128488 -0.5449462
vn -0.8049064 -0.2412476 -0.5421488
vn -0.8044148 -0.2437347 -0.5417658
vn -0.8094533 -0.2247021 -0.5424891
vn -0.8172665 -0.1940085 -0.5426198
vn -0.8241956 -0.1653476 -0.5416289
vn -0.8273359 -0.1519800 -0.5407563
vn -0.8245426 -0.1625902 -0.5419353
vn -0.8134585 -0.1998386 -0.5462140
vn -0.7912454 -0.2609988 -0.5530012
vn -0.7556503 -0.3390890 -0.5603671
vn -0.7068105 -0.4242830 -0.5660414
vn -0.6484833 -0.5061457 -0.5685824
vn -0.5874959 -0.5763574 -0.5680323
vn -0.5314728 -0.6305479 -0.5656378
vn -0.4861924 -0.6683741 -0.5629326
vn -0.4538343 -0.6924011 -0.5609056
vn -0.4324740 -0.7068605 -0.5597449
vn -0.4167308 -0.7167169 -0.5591532
vn -0.3993901 -0.7267603 -0.5588443
vn -0.3735189 -0.7404659 -0.5587431
vn -0.3343562 -0.7589378 -0.5587659
vn -0.2805621 -0.7805923 -0.5585344
vn -0.2147912 -0.8019527 -0.5574376
vn -0.1434488 -0.8193322 -0.5550830
vn -0.0753667 -0.8305952 -0.5517531
vn -0.0196099 -0.8359835 -0.5484041
vn 0.0168024 -0.8375513 -0.5461002
vn 0.0306703 -0.8377081 -0.5452563
vn 0.0238808 -0.8379115 -0.5452834
vn 0.0039395 -0.8383699 -0.5450875
vn -0.0172861 -0.8387681 -0.5442144
vn -0.0270323 -0.8389326 -0.5435636
vn -0.0154555 -0.8384159 -0.5448119
vn 0.0224497 -0.8354638 -0.5490867
vn 0.0867598 -0.8266195 -0.5560332
vn 0.1729814 -0.8076064 -0.5637812
vn 0.2725021 -0.7753318 -0.5697396
vn 0.3740113 -0.7301111 -0.5718857
vn 0.4663505 -0.6766005 -0.5698500
vn 0.5415548 -0.6224720 -0.5650195
vn 0.5962443 -0.5756167 -0.5596053
vn 0.6310438 -0.5415597 -0.5554250
vn 0.6492621 -0.5219867 -0.5531624
vn 0.6559515 -0.5143814 -0.5523943
vn 0.6573518 -0.5127522 -0.5522444
vn 0.6599814 -0.5094529 -0.5521615
vn 0.6690297 -0.4974862 -0.5521836
vn 0.6867544 -0.4722903 -0.5525489
vn 0.7119115 -0.4326316 -0.5531834
vn 0.7405644 -0.3808737 -0.5536241
vn 0.7678631 -0.3226884 -0.5534062
vn 0.7899592 -0.2659006 -0.5525047
vn 0.8051379 -0.2184607 -0.5513873
vn 0.8137422 -0.1861438 -0.5506126
vn 0.8173065 -0.1706896 -0.5503410
vn 0.8177444 -0.1688519 -0.5502573
vn 0.8170429 -0.1728165 -0.5500685
vn 0.8171215 -0.1722683 -0.5501237
vn 0.8706365 -0.1672736 -0.4626139
vn 0.8754125 -0.1288523 -0.4658864
vn 0.8796994 -0.0643295 -0.4711589
vn 0.8784818 0.0251756 -0.4771120
vn 0.8662003 0.1335000 -0.4815337
vn 0.8395883 0.2497950 -0.4823836
vn 0.8001586 0.3609587 -0.4790147
vn 0.7543657 0.4555691 -0.4726405
vn 0.7111121 0.5267911 -0.4656294
vn 0.6784188 0.5726705 -0.4602135
vn 0.6609822 0.5948230 -0.4574801
vn 0.6589287 0.5974134 -0.4570670
vn 0.6677160 0.5871219 -0.4576496
vn 0.6795737 0.5730588 -0.4580210
vn 0.6862460 0.5650762 -0.4579905
vn 0.6814034 0.5706814 -0.4582709
vn 0.6614962 0.5926370 -0.4595695
vn 0.6257051 0.6286242 -0.4618708
vn 0.5760521 0.6726403 -0.4644556
vn 0.5175623 0.7173138 -0.4664656
vn 0.4575775 0.7563549 -0.4674934
vn 0.4038331 0.7862143 -0.4677456
vn 0.3619940 0.8063463 -0.4677243
vn 0.3337312 0.8184133 -0.4677853
vn 0.3160136 0.8252945 -0.4680003
vn 0.3018411 0.8303523 -0.4684090
vn 0.2822314 0.8367134 -0.4693145
vn 0.2486646 0.8462537 -0.4711906
vn 0.1950540 0.8585492 -0.4741806
vn 0.1190401 0.8704688 -0.4776124
vn 0.0229429 0.8769717 -0.4799939
vn -0.0858385 0.8732410 -0.4796684
vn -0.1959751 0.8574148 -0.4758505
vn -0.2952563 0.8322113 -0.4693060
vn -0.3739877 0.8041314 -0.4620669
vn -0.4266857 0.7808113 -0.4563693
vn -0.4518895 0.7681798 -0.4535368
vn -0.4516566 0.7684149 -0.4533706
vn -0.4319650 0.7790773 -0.4543620
vn -0.4032562 0.7940450 -0.4548373
vn -0.3788380 0.8062510 -0.4543578
vn -0.3706716 0.8102366 -0.4540035
vn -0.3854840 0.8025914 -0.4552461
vn -0.4236445 0.7811161 -0.4586752
vn -0.4801786 0.7446480 -0.4636032
vn -0.5466002 0.6940405 -0.4685467
vn -0.6132712 0.6332471 -0.4721192
vn -0.6720647 0.5690985 -0.4737678
vn -0.7183314 0.5093408 -0.4738902
vn -0.7512635 0.4599451 -0.4733431
vn -0.7729382 0.4230928 -0.4728203
vn -0.7870422 0.3965191 -0.4725856
vn -0.7978475 0.3742309 -0.4726422
vn -0.8092798 0.3482993 -0.4730263
vn -0.8238316 0.3111003 -0.4738334
vn -0.8415779 0.2572854 -0.4749219
vn -0.8599228 0.1852041 -0.4756388
vn -0.8745590 0.0977895 -0.4749567
vn -0.8815497 0.0025466 -0.4720843
vn -0.8795869 -0.0899656 -0.4671543
vn -0.8709685 -0.1689085 -0.4613933
vn -0.8605749 -0.2257815 -0.4565452
vn -0.8535455 -0.2557975 -0.4539027
vn -0.8529406 -0.2584565 -0.4535334
vn -0.8584218 -0.2383476 -0.4542052
vn -0.8667377 -0.2058136 -0.4543199
vn -0.8738971 -0.1753624 -0.4533783
vn -0.8770638 -0.1611206 -0.4525476
vn -0.8743527 -0.1723689 -0.4536479
vn -0.8634676 -0.2120299 -0.4576756
vn -0.8412430 -0.2773495 -0.4640986
vn -0.8048294 -0.3609768 -0.4711109
vn -0.7538644 -0.4523201 -0.4765448
vn -0.6920986 -0.5399673 -0.4789935
vn -0.6269310 -0.6148310 -0.4784772
vn -0.5668111 -0.6722861 -0.4761897
vn -0.5181658 -0.7121819 -0.4736044
vn -0.4834261 -0.7374475 -0.4716676
vn -0.4605320 -0.7526528 -0.4705571
vn -0.4437027 -0.7630453 -0.4699892
vn -0.4252195 -0.7736785 -0.4696914
vn -0.3976886 -0.7882426 -0.4695927
vn -0.3560256 -0.8079035 -0.4696145
vn -0.2987665 -0.8309063 -0.4693968
vn -0.2287097 -0.8534240 -0.4683581
vn -0.1527023 -0.8714408 -0.4661255
vn -0.0802112 -0.8827370 -0.4629703
vn -0.0209079 -0.8877760 -0.4598007
vn 0.0177895 -0.8889695 -0.4576208
vn 0.0325425 -0.8889647 -0.4568181
vn 0.0253698 -0.8891890 -0.4568361
vn 0.0042219 -0.8896396 -0.4566437
vn -0.0183073 -0.8898877 -0.4558121
vn -0.0286734 -0.8899327 -0.4551897
vn -0.0164412 -0.8896445 -0.4563577
vn 0.0237554 -0.8873990 -0.4603897
vn 0.0921687 -0.8794530 -0.4669768
vn 0.1842067 -0.8608375 -0.4743697
vn 0.2906866 -0.8276555 -0.4800913
vn 0.3992522 -0.7798140 -0.4821700
vn 0.4976402 -0.7223118 -0.4802289
vn 0.5772684 -0.6637451 -0.4756088
vn 0.6347843 -0.6129708 -0.4704420
vn 0.6712022 -0.5761086 -0.4664616
vn 0.6902383 -0.5549677 -0.4643080
vn 0.6972409 -0.5467678 -0.4635731
vn 0.6987106 -0.5450146 -0.4634249
vn 0.7014867 -0.5415086 -0.4633409
vn 0.7110949 -0.5288136 -0.4633576
vn 0.7299825 -0.5021020 -0.4637015
vn 0.7568270 -0.4600380 -0.4643037
vn 0.7873685 -0.4050702 -0.4647247
vn 0.8163575 -0.3431905 -0.4645220
vn 0.8396825 -0.2827428 -0.4636700
vn 0.8556047 -0.2322311 -0.4626115
vn 0.8646026 -0.1978219 -0.4618754
vn 0.8683437 -0.1813617 -0.4616137
vn 0.8687987 -0.1793876 -0.4615288
vn 0.8680188 -0.1835906 -0.4613436
vn 0.8681135 -0.1830281 -0.4613888
vn 0.9139790 -0.1756431 -0.3657757
vn 0.9196569 -0.1354481 -0.3686259
vn 0.9252551 -0.0677867 -0.3732398
vn 0.9252357 0.0263519 -0.3784765
vn 0.9132477 0.1405593 -0.3823894
vn 0.8853850 0.2632146 -0.3831598
vn 0.8431633 0.3801554 -0.3802072
vn 0.7937580 0.4791768 -0.3746169
vn 0.7470606 0.5532794 -0.3684865
vn 0.7118428 0.6007957 -0.3637643
vn 0.6931084 0.6237024 -0.3613808
vn 0.6908722 0.6263915 -0.3610114
vn 0.7001656 0.6156961 -0.3615058
vn 0.7126632 0.6009987 -0.3618172
vn 0.7196735 0.5926086 -0.3617804
vn 0.7146632 0.5984991 -0.3620157
vn 0.6940085 0.6216764 -0.3631398
vn 0.6568173 0.6597438 -0.3651425
vn 0.6050648 0.7063385 -0.3673996
vn 0.5438891 0.7535946 -0.3691609
vn 0.4809698 0.7948081 -0.3700652
vn 0.4244965 0.8262497 -0.3702892
vn 0.3805005 0.8474190 -0.3702707
vn 0.3507811 0.8601250 -0.3703209
vn 0.3321642 0.8674065 -0.3705036
vn 0.3172992 0.8728046 -0.3708548
vn 0.2967638 0.8796670 -0.3716413
vn 0.2616127 0.8900676 -0.3732808
vn 0.2054001 0.9036076 -0.3759043
vn 0.1255294 0.9168730 -0.3789279
vn 0.0243492 0.9242385 -0.3810384
vn -0.0902760 0.9202531 -0.3807682
vn -0.2061663 0.9027992 -0.3774241
vn -0.3102641 0.8749733 -0.3716960
vn -0.3924427 0.8440885 -0.3653810
vn -0.4472432 0.8185762 -0.3604255
vn -0.4734197 0.8048213 -0.3579616
vn -0.4731982 0.8050207 -0.3578060
vn -0.4526919 0.8163571 -0.3586519
vn -0.4226589 0.8321310 -0.3590508
vn -0.3970121 0.8448499 -0.3586225
vn -0.3883926 0.8489815 -0.3583039
vn -0.4039827 0.8412190 -0.3593725
vn -0.4442741 0.8193447 -0.3623461
vn -0.5040924 0.7819634 -0.3666389
vn -0.5744580 0.7296460 -0.3709646
vn -0.6450638 0.6662870 -0.3741048
vn -0.7071953 0.5990228 -0.3755616
vn -0.7559281 0.5361344 -0.3756763
vn -0.7905086 0.4840681 -0.3751989
vn -0.8132364 0.4452158 -0.3747392
vn -0.8280423 0.4172211 -0.3745298
vn -0.8394248 0.3937760 -0.3745750
vn -0.8515246 0.3665375 -0.3749081
vn -0.8669894 0.3274796 -0.3756148
vn -0.8858804 0.2709406 -0.3765729
vn -0.9053397 0.1951228 -0.3772095
vn -0.9206132 0.1030926 -0.3766208
vn -0.9273792 0.0028353 -0.3741119
vn -0.9243012 -0.0943953 -0.3698065
vn -0.9140827 -0.1771539 -0.3647867
vn -0.9022161 -0.2366311 -0.3605716
vn -0.8943270 -0.2679915 -0.3582734
vn -0.8936133 -0.2707994 -0.3579427
vn -0.8994828 -0.2497995 -0.3585122
vn -0.9082235 -0.2157249 -0.3585983
vn -0.9155501 -0.1837638 -0.3577692
vn -0.9187157 -0.1687779 -0.3570371
vn -0.9161056 -0.1805577 -0.3579796
vn -0.9055060 -0.2222602 -0.3614682
vn -0.8834645 -0.2911305 -0.3670607
vn -0.8465724 -0.3795212 -0.3732008
vn -0.7939664 -0.4761761 -0.3779864
vn -0.7293414 -0.5688064 -0.3801584
vn -0.6605945 -0.6476339 -0.3797173
vn -0.5969272 -0.7078214 -0.3777125
vn -0.5453608 -0.7494155 -0.3754437
vn -0.5085569 -0.7756843 -0.3737427
vn -0.4843385 -0.7914939 -0.3727650
vn -0.4665777 -0.8023255 -0.3722620
vn -0.4471228 -0.8134494 -0.3719963
vn -0.4181872 -0.8287369 -0.3719068
vn -0.3744099 -0.8494047 -0.3719258
vn -0.3142160 -0.8735436 -0.3717389
vn -0.2405212 -0.8970116 -0.3708366
vn -0.1605511 -0.9155007 -0.3688926
vn -0.0843199 -0.9267296 -0.3661453
vn -0.0220163 -0.9313781 -0.3633870
vn 0.0186108 -0.9321907 -0.3614889
vn 0.0341146 -0.9320252 -0.3607842
vn 0.0266259 -0.9322671 -0.3607895
vn 0.0044670 -0.9327057 -0.3606109
vn -0.0191584 -0.9328030 -0.3598771
vn -0.0300500 -0.9327285 -0.3593252
vn -0.0172768 -0.9326655 -0.3603285
vn 0.0248381 -0.9311354 -0.3638267
vn 0.0967194 -0.9241545 -0.3695724
vn 0.1937226 -0.9061187 -0.3760591
vn 0.3061837 -0.8723566 -0.3811109
vn 0.4208115 -0.8223476 -0.3829650
vn 0.5243419 -0.7613794 -0.3812703
vn 0.6076543 -0.6989029 -0.3772147
vn 0.6674618 -0.6446705 -0.3726857
vn 0.7051616 -0.6053403 -0.3692021
vn 0.7248404 -0.5828252 -0.3673161
vn 0.7320918 -0.5741054 -0.3666669
vn 0.7336167 -0.5722438 -0.3665291
vn 0.7365130 -0.5685635 -0.3664481
vn 0.7465911 -0.5552578 -0.3664566
vn 0.7664659 -0.5272779 -0.3667534
vn 0.7947488 -0.4831981 -0.3672792
vn 0.8268968 -0.4255290 -0.3676502
vn 0.8573097 -0.3605270 -0.3674784
vn 0.8816499 -0.2969778 -0.3667393
vn 0.8981702 -0.2438601 -0.3658176
vn 0.9074796 -0.2076753 -0.3651736
vn 0.9113628 -0.1903597 -0.3649397
vn 0.9118304 -0.1882666 -0.3648576
vn 0.9109787 -0.1926690 -0.3646869
vn 0.9110873 -0.1920979 -0.3647168
vn 0.9474244 -0.1821118 -0.2631012
vn 0.9538635 -0.1405681 -0.2653017
vn 0.9605894 -0.0704991 -0.2688828
vn 0.9616376 0.0272278 -0.2729685
vn 0.9499883 0.1460255 -0.2760414
vn 0.9211779 0.2736528 -0.2766684
vn 0.8767112 0.3950812 -0.2743872
vn 0.8243706 0.4974784 -0.2700524
vn 0.7748770 0.5737409 -0.2653057
vn 0.7376167 0.6224618 -0.2616542
vn 0.7178340 0.6459215 -0.2598072
vn 0.7154444 0.6486867 -0.2595089
vn 0.7251318 0.6376907 -0.2598737
vn 0.7381274 0.6225090 -0.2600971
vn 0.7454001 0.6138002 -0.2600539
vn 0.7402697 0.6199065 -0.2602242
vn 0.7190647 0.6440344 -0.2610857
vn 0.6808337 0.6837321 -0.2626325
vn 0.6275015 0.7323547 -0.2643833
vn 0.5642781 0.7816421 -0.2657551
vn 0.4990995 0.8245586 -0.2664636
vn 0.4405128 0.8572342 -0.2666420
vn 0.3948414 0.8792099 -0.2666276
vn 0.3639895 0.8924141 -0.2666622
vn 0.3446746 0.9000106 -0.2667964
vn 0.3292765 0.9056799 -0.2670598
vn 0.3080341 0.9129469 -0.2676621
vn 0.2716736 0.9240509 -0.2689303
vn 0.2134662 0.9386198 -0.2709707
vn 0.1306179 0.9530098 -0.2733337
vn 0.0254875 0.9611075 -0.2749958
vn -0.0936926 0.9569239 -0.2748060
vn -0.2140541 0.9381240 -0.2722209
vn -0.3218602 0.9081282 -0.2677858
vn -0.4066581 0.8749344 -0.2629049
vn -0.4630380 0.8476278 -0.2590808
vn -0.4899450 0.8329554 -0.2571753
vn -0.4897390 0.8331181 -0.2570408
vn -0.4686220 0.8449839 -0.2576733
vn -0.4375767 0.8613843 -0.2579607
vn -0.4109774 0.8744904 -0.2576122
vn -0.4019981 0.8787308 -0.2573513
vn -0.4181852 0.8709034 -0.2581637
vn -0.4601365 0.8487867 -0.2604524
vn -0.5225314 0.8107928 -0.2637726
vn -0.5960052 0.7572434 -0.2671334
vn -0.6697154 0.6919576 -0.2695848
vn -0.7344713 0.6222998 -0.2707304
vn -0.7851289 0.5569778 -0.2708289
vn -0.8209856 0.5028252 -0.2704615
vn -0.8445252 0.4624085 -0.2701030
vn -0.8598732 0.4333045 -0.2699356
vn -0.8717051 0.4089613 -0.2699646
vn -0.8843296 0.3807142 -0.2702182
vn -0.9005183 0.3402246 -0.2707656
vn -0.9203212 0.2815833 -0.2715138
vn -0.9406644 0.2028709 -0.2720181
vn -0.9564228 0.1072535 -0.2715735
vn -0.9629567 0.0030977 -0.2696384
vn -0.9589137 -0.0977891 -0.2663115
vn -0.9473437 -0.1834864 -0.2624360
vn -0.9342477 -0.2449583 -0.2591846
vn -0.9256450 -0.2773490 -0.2574078
vn -0.9248366 -0.2802793 -0.2571397
vn -0.9310133 -0.2586059 -0.2575600
vn -0.9400816 -0.2233508 -0.2576064
vn -0.9475193 -0.1902226 -0.2569487
vn -0.9506690 -0.1746535 -0.2563682
vn -0.9481575 -0.1868334 -0.2570809
vn -0.9378554 -0.2301098 -0.2597629
vn -0.9160838 -0.3017433 -0.2640860
vn -0.8789668 -0.3938691 -0.2688576
vn -0.8252003 -0.4947067 -0.2725982
vn -0.7584000 -0.5912552 -0.2743116
vn -0.6868558 -0.6731726 -0.2739850
vn -0.6203876 -0.7354583 -0.2724340
vn -0.5665086 -0.7783344 -0.2706726
vn -0.5280716 -0.8053519 -0.2693487
vn -0.5028085 -0.8216122 -0.2685834
vn -0.4843179 -0.8327742 -0.2681853
vn -0.4641085 -0.8442714 -0.2679721
vn -0.4340879 -0.8601152 -0.2678984
vn -0.3886785 -0.8815620 -0.2679131
vn -0.3262145 -0.9065770 -0.2677728
vn -0.2496990 -0.9307620 -0.2670814
vn -0.1666524 -0.9495745 -0.2655846
vn -0.0875189 -0.9606904 -0.2634663
vn -0.0228904 -0.9649759 -0.2613381
vn 0.0192321 -0.9654520 -0.2598702
vn 0.0353227 -0.9651460 -0.2593172
vn 0.0275986 -0.9654006 -0.2593069
vn 0.0046655 -0.9658253 -0.2591520
vn -0.0198047 -0.9657898 -0.2585688
vn -0.0311072 -0.9656099 -0.2581275
vn -0.0179292 -0.9657409 -0.2588882
vn 0.0256507 -0.9648406 -0.2615811
vn 0.1002077 -0.9587424 -0.2660289
vn 0.2010779 -0.9413205 -0.2710783
vn 0.3182282 -0.9072409 -0.2750358
vn 0.4376102 -0.8555935 -0.2765085
vn 0.5451401 -0.7918857 -0.2752078
vn 0.6312686 -0.7262796 -0.2720625
vn 0.6927872 -0.6692736 -0.2685492
vn 0.7314246 -0.6279676 -0.2658472
vn 0.7515709 -0.6043545 -0.2643800
vn 0.7590052 -0.5952187 -0.2638671
vn 0.7605705 -0.5932700 -0.2637484
vn 0.7635558 -0.5894560 -0.2636744
vn 0.7739931 -0.5756835 -0.2636726
vn 0.7946317 -0.5467341 -0.2638981
vn 0.8240335 -0.5011100 -0.2643057
vn 0.8574305 -0.4413626 -0.2645977
vn 0.8889421 -0.3739478 -0.2644713
vn 0.9140535 -0.3079943 -0.2639049
vn 0.9310180 -0.2528527 -0.2631939
vn 0.9405552 -0.2152868 -0.2626927
vn 0.9445439 -0.1973031 -0.2625037
vn 0.9450197 -0.1951133 -0.2624284
vn 0.9441082 -0.1996680 -0.2622831
vn 0.9442265 -0.1990944 -0.2622931
vn 0.9724696 -0.1864818 -0.1397405
vn 0.9795313 -0.1434305 -0.1412304
vn 0.9870956 -0.0710373 -0.1435129
vn 0.9888260 0.0298415 -0.1460566
vn 0.9771826 0.1523885 -0.1479588
vn 0.9473340 0.2838028 -0.1483718
vn 0.9008965 0.4083724 -0.1470287
vn 0.8462337 0.5128593 -0.1444435
vn 0.7947405 0.5902046 -0.1415842
vn 0.7562264 0.6393038 -0.1393276
vn 0.7360196 0.6627278 -0.1380834
vn 0.7338416 0.6652156 -0.1377124
vn 0.7440082 0.6538223 -0.1377254
vn 0.7573669 0.6383093 -0.1376833
vn 0.7646574 0.6295915 -0.1375267
vn 0.7591560 0.6362140 -0.1375278
vn 0.7372191 0.6614208 -0.1379508
vn 0.6979050 0.7026133 -0.1387920
vn 0.6431585 0.7528652 -0.1397896
vn 0.5783051 0.8036079 -0.1406327
vn 0.5115099 0.8476002 -0.1411795
vn 0.4515698 0.8809412 -0.1415180
vn 0.4049524 0.9032684 -0.1418440
vn 0.3735360 0.9166367 -0.1422954
vn 0.3538627 0.9243156 -0.1429049
vn 0.3380627 0.9300880 -0.1437004
vn 0.3161376 0.9375949 -0.1448197
vn 0.2786371 0.9491608 -0.1464758
vn 0.2187156 0.9643826 -0.1487604
vn 0.1335311 0.9794053 -0.1514421
vn 0.0255362 0.9877509 -0.1539355
vn -0.0967217 0.9830830 -0.1555404
vn -0.2199012 0.9629885 -0.1558740
vn -0.3298774 0.9311818 -0.1551817
vn -0.4160879 0.8961482 -0.1542376
vn -0.4732476 0.8673794 -0.1539145
vn -0.5004750 0.8518099 -0.1547406
vn -0.5002200 0.8516101 -0.1566528
vn -0.4786980 0.8634527 -0.1590525
vn -0.4469457 0.8799090 -0.1612442
vn -0.4195318 0.8929812 -0.1630267
vn -0.4099161 0.8971029 -0.1648486
vn -0.4258978 0.8891609 -0.1673439
vn -0.4682250 0.8669503 -0.1707705
vn -0.5316056 0.8287567 -0.1748081
vn -0.6065565 0.7746878 -0.1787400
vn -0.6819740 0.7084066 -0.1818558
vn -0.7483578 0.6373116 -0.1838329
vn -0.8003459 0.5703352 -0.1848357
vn -0.8371705 0.5146005 -0.1852890
vn -0.8613572 0.4728969 -0.1855594
vn -0.8771096 0.4428944 -0.1858042
vn -0.8891934 0.4179991 -0.1860426
vn -0.9020324 0.3893950 -0.1863035
vn -0.9185263 0.3485273 -0.1866497
vn -0.9388016 0.2892522 -0.1870422
vn -0.9597323 0.2094486 -0.1872038
vn -0.9759947 0.1121906 -0.1866750
vn -0.9827007 0.0059395 -0.1851057
vn -0.9783703 -0.0972276 -0.1825877
vn -0.9661495 -0.1850778 -0.1797259
vn -0.9522963 -0.2483548 -0.1773460
vn -0.9430993 -0.2820882 -0.1760395
vn -0.9420178 -0.2858140 -0.1758206
vn -0.9482280 -0.2642978 -0.1760973
vn -0.9574712 -0.2285575 -0.1760974
vn -0.9650596 -0.1945196 -0.1755625
vn -0.9683342 -0.1780179 -0.1750389
vn -0.9660581 -0.1896388 -0.1754106
vn -0.9561941 -0.2330052 -0.1772042
vn -0.9349689 -0.3055245 -0.1802441
vn -0.8982101 -0.3993271 -0.1837291
vn -0.8442486 -0.5024131 -0.1866157
vn -0.7765010 -0.6013680 -0.1881562
vn -0.7033793 -0.6854273 -0.1882737
vn -0.6350657 -0.7493606 -0.1874842
vn -0.5794579 -0.7933845 -0.1864659
vn -0.5396645 -0.8211537 -0.1856579
vn -0.5135057 -0.8378763 -0.1851356
vn -0.4945196 -0.8493035 -0.1847534
vn -0.4740451 -0.8609815 -0.1843694
vn -0.4437632 -0.8770642 -0.1839365
vn -0.3978655 -0.8989256 -0.1834007
vn -0.3344970 -0.9245433 -0.1825691
vn -0.2565731 -0.9493987 -0.1811417
vn -0.1716936 -0.9687648 -0.1789304
vn -0.0905515 -0.9802028 -0.1760766
vn -0.0240634 -0.9846210 -0.1730391
vn 0.0194862 -0.9851959 -0.1703215
vn 0.0363877 -0.9850925 -0.1681328
vn 0.0288019 -0.9856641 -0.1662432
vn 0.0054579 -0.9864112 -0.1642049
vn -0.0196409 -0.9866220 -0.1618372
vn -0.0313539 -0.9866970 -0.1595181
vn -0.0179925 -0.9872866 -0.1579288
vn 0.0266198 -0.9871567 -0.1575213
vn 0.1032051 -0.9820031 -0.1581730
vn 0.2070765 -0.9652888 -0.1591756
vn 0.3278680 -0.9311570 -0.1595279
vn 0.4508771 -0.8784086 -0.1584556
vn 0.5613452 -0.8127698 -0.1558745
vn 0.6494125 -0.7450065 -0.1524098
vn 0.7119916 -0.6862073 -0.1489548
vn 0.7511228 -0.6437764 -0.1461730
vn 0.7714659 -0.6197003 -0.1442632
vn 0.7789682 -0.6105346 -0.1430247
vn 0.7806023 -0.6086559 -0.1421199
vn 0.7838053 -0.6047056 -0.1413518
vn 0.7947429 -0.5904019 -0.1407455
vn 0.8161953 -0.5604595 -0.1403934
vn 0.8466067 -0.5134028 -0.1402666
vn 0.8809860 -0.4518973 -0.1401870
vn 0.9132401 -0.3826239 -0.1399695
vn 0.9387690 -0.3150072 -0.1395824
vn 0.9558912 -0.2586574 -0.1391701
vn 0.9654541 -0.2204585 -0.1389118
vn 0.9694178 -0.2023584 -0.1388532
vn 0.9698318 -0.2003439 -0.1388834
vn 0.9688461 -0.2050393 -0.1389107
vn 0.9689884 -0.2042538 -0.1390749
vn 0.9808863 -0.1892470 -0.0452512
vn 0.9880945 -0.1468952 -0.0457291
vn 0.9961023 -0.0749599 -0.0464897
vn 0.9985408 0.0259405 -0.0473651
vn 0.9876445 0.1491607 -0.0480557
vn 0.9582328 0.2818868 -0.0482681
vn 0.9116541 0.4081582 -0.0478936
vn 0.8562629 0.5143898 -0.0470847
vn 0.8036722 0.5932796 -0.0461552
vn 0.7639774 0.6436439 -0.0453982
vn 0.7427548 0.6680525 -0.0449581
vn 0.7399090 0.6712136 -0.0447992
vn 0.7498476 0.6600943 -0.0447679
vn 0.7633819 0.6443974 -0.0447219
vn 0.7711123 0.6351322 -0.0446415
vn 0.7661621 0.6410967 -0.0446172
vn 0.7447676 0.6658226 -0.0447392
vn 0.7058676 0.7069125 -0.0450085
vn 0.6512635 0.7574961 -0.0453381
vn 0.5861581 0.8089113 -0.0456204
vn 0.5186990 0.8537292 -0.0458018
vn 0.4578112 0.8878634 -0.0459068
vn 0.4101900 0.9108393 -0.0459990
vn 0.3779526 0.9246752 -0.0461262
vn 0.3578078 0.9326466 -0.0463023
vn 0.3419259 0.9385738 -0.0465381
vn 0.3202111 0.9461855 -0.0468812
vn 0.2830160 0.9579429 -0.0474053
vn 0.2232486 0.9735717 -0.0481471
vn 0.1378101 0.9892440 -0.0490370
vn 0.0289510 0.9983353 -0.0498854
vn -0.0948075 0.9942160 -0.0504586
vn -0.2198894 0.9742105 -0.0506220
vn -0.3317692 0.9420107 -0.0504482
vn -0.4195439 0.9063466 -0.0501878
vn -0.4777748 0.8770511 -0.0501270
vn -0.5055667 0.8613120 -0.0504377
vn -0.5054110 0.8613646 -0.0510955
vn -0.4836223 0.8737368 -0.0518990
vn -0.4514751 0.8907308 -0.0526202
vn -0.4239034 0.9041433 -0.0532049
vn -0.4146886 0.9083703 -0.0538215
vn -0.4317511 0.9003329 -0.0546965
vn -0.4757472 0.8778025 -0.0559224
vn -0.5411230 0.8389830 -0.0573877
vn -0.6180217 0.7839560 -0.0588399
vn -0.6949765 0.7165227 -0.0600238
vn -0.7623008 0.6443594 -0.0608154
vn -0.8146908 0.5766508 -0.0612595
vn -0.8515894 0.5205901 -0.0614932
vn -0.8757444 0.4788240 -0.0616383
vn -0.8915236 0.4487454 -0.0617514
vn -0.9037967 0.4234694 -0.0618489
vn -0.9170283 0.3939809 -0.0619530
vn -0.9340644 0.3516646 -0.0620939
vn -0.9548633 0.2904476 -0.0622595
vn -0.9760534 0.2084042 -0.0623496
vn -0.9921013 0.1089314 -0.0622005
vn -0.9980950 0.0008853 -0.0616897
vn -0.9927829 -0.1033405 -0.0608506
vn -0.9796808 -0.1914121 -0.0598912
vn -0.9653498 -0.2541813 -0.0590894
vn -0.9561688 -0.2868850 -0.0586364
vn -0.9554462 -0.2893049 -0.0585255
vn -0.9620468 -0.2665292 -0.0585505
vn -0.9714358 -0.2299890 -0.0584596
vn -0.9788842 -0.1959581 -0.0581905
vn -0.9818932 -0.1803527 -0.0579530
vn -0.9793612 -0.1936006 -0.0580552
vn -0.9692229 -0.2390917 -0.0586702
vn -0.9475443 -0.3139942 -0.0597281
vn -0.9099811 -0.4101461 -0.0609476
vn -0.8548326 -0.5151903 -0.0619683
vn -0.7857167 -0.6154175 -0.0625341
vn -0.7113911 -0.7000011 -0.0626193
vn -0.6423104 -0.7639005 -0.0623974
vn -0.5864217 -0.8076225 -0.0620921
vn -0.5466638 -0.8350652 -0.0618446
vn -0.5205649 -0.8515916 -0.0616767
vn -0.5013691 -0.8630419 -0.0615439
vn -0.4802262 -0.8749924 -0.0614093
vn -0.4487801 -0.8915395 -0.0612685
vn -0.4013215 -0.9138965 -0.0611088
vn -0.3362013 -0.9398215 -0.0608621
vn -0.2566218 -0.9646215 -0.0604194
vn -0.1704846 -0.9835497 -0.0597082
vn -0.0886814 -0.9943248 -0.0587682
vn -0.0221406 -0.9980857 -0.0577469
vn 0.0210063 -0.9981642 -0.0568071
vn 0.0372819 -0.9977336 -0.0560150
vn 0.0290875 -0.9980462 -0.0552961
vn 0.0053509 -0.9984988 -0.0545121
vn -0.0198279 -0.9983645 -0.0536207
vn -0.0313405 -0.9981151 -0.0527640
vn -0.0176002 -0.9984828 -0.0521757
vn 0.0274903 -0.9982684 -0.0520039
vn 0.1046354 -0.9931397 -0.0522007
vn 0.2091752 -0.9764667 -0.0525221
vn 0.3307650 -0.9422447 -0.0526263
vn 0.4546675 -0.8891274 -0.0522479
vn 0.5660308 -0.8227830 -0.0513537
vn 0.6549011 -0.7540487 -0.0501510
vn 0.7181472 -0.6941682 -0.0489398
vn 0.7578079 -0.6507138 -0.0479460
vn 0.7785380 -0.6258170 -0.0472409
vn 0.7862468 -0.6161406 -0.0467624
vn 0.7878597 -0.6141043 -0.0464007
vn 0.7908234 -0.6103065 -0.0460906
vn 0.8014149 -0.5963496 -0.0458407
vn 0.8225914 -0.5667949 -0.0456833
vn 0.8529496 -0.5199967 -0.0456113
vn 0.8875490 -0.4584545 -0.0455663
vn 0.9202247 -0.3887386 -0.0454841
vn 0.9462366 -0.3202808 -0.0453484
vn 0.9637825 -0.2628308 -0.0452017
vn 0.9736603 -0.2234987 -0.0451005
vn 0.9778333 -0.2044787 -0.0450605
vn 0.9783569 -0.2019617 -0.0450466
vn 0.9773754 -0.2066631 -0.0450294
vn 0.9774457 -0.2063246 -0.0450562
vn 0.9807768 -0.1884403 0.0506667
vn 0.9880172 -0.1456243 0.0511420
vn 0.9959636 -0.0732510 0.0518724
vn 0.9982200 0.0279612 0.0526775
vn 0.9870565 0.1512752 0.0532465
vn 0.9573905 0.2838372 0.0532900
vn 0.9106798 0.4097343 0.0527260
vn 0.8553314 0.5154901 0.0517505
vn 0.8029370 0.5939022 0.0507180
vn 0.7635287 0.6438395 0.0499454
vn 0.7426060 0.6678910 0.0495777
vn 0.7399928 0.6707866 0.0495577
vn 0.7500289 0.6595355 0.0496949
vn 0.7635008 0.6438831 0.0498109
vn 0.7710377 0.6348342 0.0498645
vn 0.7658150 0.6411186 0.0499426
vn 0.7441131 0.6661695 0.0501380
vn 0.7049079 0.7075023 0.0504516
vn 0.6500452 0.7581962 0.0507915
vn 0.5847779 0.8095856 0.0510486
vn 0.5172850 0.8542817 0.0511757
vn 0.4564802 0.8882585 0.0512108
vn 0.4090023 0.9110942 0.0512305
vn 0.3768852 0.9248390 0.0512859
vn 0.3567578 0.9327827 0.0513833
vn 0.3407399 0.9387449 0.0515196
vn 0.3187305 0.9464329 0.0517266
vn 0.2811162 0.9582605 0.0520621
vn 0.2208664 0.9738877 0.0525422
vn 0.1349695 0.9894274 0.0530721
vn 0.0257862 0.9982380 0.0534410
vn -0.0980621 0.9937458 0.0534145
vn -0.2229742 0.9733885 0.0528900
vn -0.3345080 0.9409574 0.0519959
vn -0.4219041 0.9052028 0.0510377
vn -0.4798478 0.8759067 0.0503348
vn -0.5075092 0.8601905 0.0500676
vn -0.5073821 0.8602575 0.0502033
vn -0.4857205 0.8726527 0.0505257
vn -0.4536802 0.8897162 0.0507874
vn -0.4260682 0.9032577 0.0509070
vn -0.4166020 0.9076562 0.0510192
vn -0.4332229 0.8998244 0.0513225
vn -0.4766650 0.8775516 0.0519009
vn -0.5414845 0.8390596 0.0526650
vn -0.6179446 0.7844053 0.0534115
vn -0.6946666 0.7173061 0.0539469
vn -0.7619740 0.6453359 0.0541965
vn -0.8144958 0.5776298 0.0542256
vn -0.8515781 0.5214218 0.0541662
vn -0.8758877 0.4794701 0.0541221
vn -0.8917401 0.4492990 0.0541285
vn -0.9039828 0.4241224 0.0541778
vn -0.9170957 0.3949567 0.0542651
vn -0.9339861 0.3531446 0.0543957
vn -0.9547049 0.2925125 0.0545436
vn -0.9759607 0.2109934 0.0546130
vn -0.9922341 0.1118295 0.0544574
vn -0.9985354 0.0037629 0.0539717
vn -0.9934808 -0.1008290 0.0531928
vn -0.9804801 -0.1895300 0.0523171
vn -0.9660711 -0.2530682 0.0516059
vn -0.9566891 -0.2865657 0.0512450
vn -0.9557470 -0.2896930 0.0512406
vn -0.9622132 -0.2673999 0.0514114
vn -0.9715950 -0.2309741 0.0515173
vn -0.9791241 -0.1966389 0.0514692
vn -0.9822464 -0.1804117 0.0514165
vn -0.9798591 -0.1929062 0.0516084
vn -0.9699388 -0.2376874 0.0521870
vn -0.9485783 -0.3120594 0.0530867
vn -0.9113983 -0.4079591 0.0540604
vn -0.8565952 -0.5130707 0.0547997
vn -0.7876630 -0.6136375 0.0551000
vn -0.7132911 -0.6987089 0.0549698
vn -0.6439600 -0.7631087 0.0545952
vn -0.5877145 -0.8072509 0.0541999
vn -0.5476197 -0.8349881 0.0539216
vn -0.5213223 -0.8516636 0.0537791
vn -0.5021472 -0.8631120 0.0537204
vn -0.4812632 -0.8749301 0.0536939
vn -0.4502708 -0.8912771 0.0536790
vn -0.4033718 -0.9134616 0.0536579
vn -0.3387986 -0.9393322 0.0535767
vn -0.2596225 -0.9642352 0.0533545
vn -0.1736403 -0.9833848 0.0529460
vn -0.0917144 -0.9944056 0.0524026
vn -0.0248370 -0.9983451 0.0518666
vn 0.0187349 -0.9984978 0.0514889
vn 0.0353862 -0.9980548 0.0513270
vn 0.0274076 -0.9983071 0.0512998
vn 0.0036738 -0.9986789 0.0512537
vn -0.0216877 -0.9984573 0.0511150
vn -0.0334777 -0.9981380 0.0509888
vn -0.0200074 -0.9984938 0.0510860
vn 0.0249006 -0.9983598 0.0515530
vn 0.1020119 -0.9934047 0.0523523
vn 0.2067070 -0.9769529 0.0532470
vn 0.3286340 -0.9429186 0.0538906
vn 0.4529757 -0.8898858 0.0540033
vn 0.5647547 -0.8235201 0.0535425
vn 0.6539210 -0.7547236 0.0527228
vn 0.7173184 -0.6948124 0.0518657
vn 0.7570158 -0.6513859 0.0512195
vn 0.7777221 -0.6265468 0.0508669
vn 0.7854097 -0.6168930 0.0507402
vn 0.7870662 -0.6147805 0.0507117
vn 0.7901768 -0.6107786 0.0506962
vn 0.8010070 -0.5965051 0.0506888
vn 0.8224534 -0.5665672 0.0507155
vn 0.8530323 -0.5193830 0.0507667
vn 0.8877430 -0.4575294 0.0507856
vn 0.9204099 -0.3876509 0.0507183
vn 0.9463307 -0.3192192 0.0505697
vn 0.9637599 -0.2619651 0.0504097
vn 0.9735363 -0.2229246 0.0503165
vn 0.9776385 -0.2041854 0.0503124
vn 0.9781257 -0.2018286 0.0503521
vn 0.9771495 -0.2064942 0.0503880
vn 0.9772687 -0.2059136 0.0504530
vn 0.9709786 -0.1863124 0.1499608
vn 0.9779505 -0.1439982 0.1512527
vn 0.9855123 -0.0724898 0.1533323
vn 0.9874248 0.0274615 0.1556859
vn 0.9761966 0.1491968 0.1574182
vn 0.9469306 0.2801046 0.1576827
vn 0.9010554 0.4045930 0.1562167
vn 0.8467244 0.5093920 0.1535499
vn 0.7952236 0.5872953 0.1506773
vn 0.7563901 0.6370407 0.1485031
vn 0.7356797 0.6610858 0.1474481
vn 0.7329923 0.6640848 0.1473554
vn 0.7428173 0.6530016 0.1476868
vn 0.7561016 0.6375132 0.1479435
vn 0.7635753 0.6285226 0.1480275
vn 0.7584374 0.6346707 0.1482091
vn 0.7369568 0.6593653 0.1487686
vn 0.6981022 0.7001721 0.1497075
vn 0.6437078 0.7502768 0.1507483
vn 0.5789793 0.8011334 0.1515531
vn 0.5120065 0.8454329 0.1519621
vn 0.4516071 0.8791627 0.1520657
vn 0.4043646 0.9018661 0.1520750
vn 0.3723227 0.9155488 0.1521386
vn 0.3521757 0.9234622 0.1522819
vn 0.3361364 0.9293834 0.1525085
vn 0.3141901 0.9369625 0.1529246
vn 0.2767882 0.9485579 0.1537083
vn 0.2169510 0.9638127 0.1549110
vn 0.1317121 0.9788952 0.1562566
vn 0.0234484 0.9872995 0.1571301
vn -0.0992818 0.9826197 0.1568493
vn -0.2230350 0.9623904 0.1551134
vn -0.3335535 0.9303495 0.1522887
vn -0.4201936 0.8950763 0.1492503
vn -0.4776629 0.8661726 0.1469122
vn -0.5051053 0.8506553 0.1457886
vn -0.5049841 0.8507279 0.1457845
vn -0.4835126 0.8630269 0.1462879
vn -0.4517547 0.8800134 0.1466088
vn -0.4243656 0.8935549 0.1465384
vn -0.4149086 0.8979947 0.1464796
vn -0.4312239 0.8901880 0.1470075
vn -0.4740086 0.8679306 0.1483652
vn -0.5378481 0.8295354 0.1503011
vn -0.6131176 0.7751833 0.1522418
vn -0.6886213 0.7086579 0.1536381
vn -0.7548655 0.6374787 0.1542689
vn -0.8065775 0.5706348 0.1543005
vn -0.8430977 0.5152123 0.1540864
vn -0.8670293 0.4738905 0.1539090
vn -0.8826169 0.4441980 0.1538687
vn -0.8946448 0.4194142 0.1539560
vn -0.9075377 0.3906483 0.1541731
vn -0.9241643 0.3493349 0.1545491
vn -0.9445802 0.2893735 0.1550203
vn -0.9655608 0.2087322 0.1553165
vn -0.9816988 0.1106229 0.1550164
vn -0.9880947 0.0036783 0.1538029
vn -0.9833596 -0.0998764 0.1517515
vn -0.9707908 -0.1877459 0.1493875
vn -0.9567711 -0.2507069 0.1474284
vn -0.9476196 -0.2838784 0.1463903
vn -0.9467184 -0.2869182 0.1462949
vn -0.9530984 -0.2647605 0.1466468
vn -0.9623813 -0.2286329 0.1467966
vn -0.9698719 -0.1946258 0.1465241
vn -0.9729889 -0.1785956 0.1462746
vn -0.9705498 -0.1910356 0.1467598
vn -0.9604938 -0.2354472 0.1483785
vn -0.9389702 -0.3091162 0.1509377
vn -0.9017398 -0.4040201 0.1537303
vn -0.8471531 -0.5079708 0.1558760
vn -0.7787663 -0.6074051 0.1567866
vn -0.7051851 -0.6915420 0.1564727
vn -0.6367151 -0.7552686 0.1554451
vn -0.5812420 -0.7989626 0.1543259
vn -0.5417501 -0.8264037 0.1535047
vn -0.5158900 -0.8428728 0.1530456
vn -0.4970531 -0.8541570 0.1528201
vn -0.4765069 -0.8658074 0.1527043
vn -0.4459541 -0.8819410 0.1526598
vn -0.3996801 -0.9038549 0.1526504
vn -0.3359630 -0.9294422 0.1525321
vn -0.2578551 -0.9541403 0.1520760
vn -0.1730523 -0.9732467 0.1511417
vn -0.0922613 -0.9843945 0.1498509
vn -0.0263291 -0.9885502 0.1485775
vn 0.0165748 -0.9888897 0.1477244
vn 0.0328628 -0.9885245 0.1474426
vn 0.0248038 -0.9887501 0.1475061
vn 0.0011908 -0.9890617 0.1474978
vn -0.0240007 -0.9888101 0.1472367
vn -0.0357532 -0.9884826 0.1470502
vn -0.0225240 -0.9887965 0.1475606
vn 0.0217817 -0.9885669 0.1492012
vn 0.0979120 -0.9835383 0.1518736
vn 0.2013221 -0.9671999 0.1548990
vn 0.3218611 -0.9336344 0.1572650
vn 0.4449982 -0.8814604 0.1581268
vn 0.5559774 -0.8161766 0.1573052
vn 0.6447758 -0.7484151 0.1553675
vn 0.7081057 -0.6892827 0.1532178
vn 0.7478752 -0.6463026 0.1515768
vn 0.7686924 -0.6216113 0.1507028
vn 0.7764930 -0.6119079 0.1504236
vn 0.7782503 -0.6096791 0.1503927
vn 0.7814187 -0.6056146 0.1503854
vn 0.7922197 -0.5914108 0.1504036
vn 0.8135258 -0.5617080 0.1505320
vn 0.8438773 -0.5149249 0.1507427
vn 0.8783398 -0.4536072 0.1508633
vn 0.9108097 -0.3843281 0.1507236
vn 0.9366205 -0.3164565 0.1503243
vn 0.9540122 -0.2596226 0.1498563
vn 0.9637859 -0.2208030 0.1495419
vn 0.9678980 -0.2020875 0.1494460
vn 0.9684093 -0.1996243 0.1494442
vn 0.9674664 -0.2041687 0.1494117
vn 0.9675829 -0.2035790 0.1494621
vn 0.9517966 -0.1822945 0.2466818
vn 0.9583294 -0.1406823 0.2486228
vn 0.9652034 -0.0705158 0.2518132
vn 0.9664355 0.0273573 0.2554485
vn 0.9549571 0.1463692 0.2581339
vn 0.9262366 0.2742880 0.2585571
vn 0.8817220 0.3960705 0.2563094
vn 0.8291843 0.4988456 0.2522032
vn 0.7793861 0.5754681 0.2477776
vn 0.7417843 0.6245036 0.2444408
vn 0.7216918 0.6482162 0.2428510
vn 0.7190725 0.6511553 0.2427583
vn 0.7286264 0.6402361 0.2433134
vn 0.7415680 0.6250363 0.2437344
vn 0.7488311 0.6162591 0.2438786
vn 0.7436990 0.6223233 0.2441834
vn 0.7224630 0.6465095 0.2450974
vn 0.6841222 0.6864073 0.2466207
vn 0.6305423 0.7353642 0.2483062
vn 0.5668924 0.7850662 0.2496080
vn 0.5011183 0.8284018 0.2502617
vn 0.4418322 0.8614433 0.2503993
vn 0.3954481 0.8837121 0.2503474
vn 0.3639476 0.8971471 0.2503383
vn 0.3440849 0.9049299 0.2504144
vn 0.3282233 0.9107559 0.2505857
vn 0.3065348 0.9181634 0.2510228
vn 0.2696503 0.9293989 0.2520047
vn 0.2107495 0.9440707 0.2536042
vn 0.1269916 0.9584658 0.2553753
vn 0.0207776 0.9663617 0.2563462
vn -0.0995111 0.9616864 0.2554542
vn -0.2208104 0.9421331 0.2522458
vn -0.3292642 0.9112751 0.2473109
vn -0.4144432 0.8773010 0.2420325
vn -0.4710535 0.8494326 0.2378504
vn -0.4981438 0.8344800 0.2355756
vn -0.4980944 0.8346544 0.2350617
vn -0.4770381 0.8467842 0.2353534
vn -0.4458699 0.8635958 0.2353770
vn -0.4189592 0.8771196 0.2348073
vn -0.4095798 0.8816822 0.2342667
vn -0.4254017 0.8740565 0.2346459
vn -0.4670965 0.8520398 0.2363240
vn -0.5293557 0.8140640 0.2389192
vn -0.6027871 0.7604579 0.2415604
vn -0.6765052 0.6950460 0.2434168
vn -0.7412802 0.6252130 0.2441564
vn -0.7919449 0.5597075 0.2440303
vn -0.8277874 0.5054127 0.2435695
vn -0.8512876 0.4649353 0.2431968
vn -0.8665693 0.4358658 0.2430611
vn -0.8783163 0.4116314 0.2431461
vn -0.8908683 0.3835137 0.2434561
vn -0.9070447 0.3430975 0.2440370
vn -0.9269309 0.2843860 0.2447933
vn -0.9474399 0.2053776 0.2453114
vn -0.9633691 0.1091963 0.2449410
vn -0.9699713 0.0042486 0.2431823
vn -0.9658292 -0.0975310 0.2401285
vn -0.9540213 -0.1840669 0.2365646
vn -0.9406482 -0.2462103 0.2335838
vn -0.9318335 -0.2790509 0.2319850
vn -0.9309312 -0.2821867 0.2318141
vn -0.9371140 -0.2604672 0.2323234
vn -0.9462186 -0.2249498 0.2325252
vn -0.9536671 -0.1914548 0.2320865
vn -0.9568138 -0.1755744 0.2316916
vn -0.9543403 -0.1876415 0.2324334
vn -0.9441424 -0.2310991 0.2349220
vn -0.9224904 -0.3032500 0.2388534
vn -0.8853888 -0.3961978 0.2431336
vn -0.8314146 -0.4980286 0.2464088
vn -0.7641591 -0.5955385 0.2477798
vn -0.6920167 -0.6782136 0.2472634
vn -0.6249719 -0.7409926 0.2456422
vn -0.5706665 -0.7841341 0.2438720
vn -0.5320052 -0.8112561 0.2425573
vn -0.5067061 -0.8275137 0.2418059
vn -0.4883165 -0.8386053 0.2414294
vn -0.4682836 -0.8500067 0.2412449
vn -0.4384618 -0.8657794 0.2411997
vn -0.3932359 -0.8872237 0.2412461
vn -0.3309115 -0.9123232 0.2411722
vn -0.2544694 -0.9366648 0.2406333
vn -0.1714233 -0.9556648 0.2394136
vn -0.0922382 -0.9669518 0.2376896
vn -0.0275559 -0.9713572 0.2360208
vn 0.0145608 -0.9718828 0.2350147
vn 0.0305357 -0.9715404 0.2348975
vn 0.0225700 -0.9716559 0.2353200
vn -0.0007013 -0.9718399 0.2356409
vn -0.0255483 -0.9715171 0.2355883
vn -0.0372150 -0.9711181 0.2356790
vn -0.0243552 -0.9712306 0.2368923
vn 0.0190036 -0.9706076 0.2399160
vn 0.0935456 -0.9650993 0.2446068
vn 0.1947660 -0.9484788 0.2499084
vn 0.3127512 -0.9151792 0.2542317
vn 0.4334055 -0.8640055 0.2562307
vn 0.5424036 -0.8002986 0.2555786
vn 0.6299012 -0.7342740 0.2531132
vn 0.6925048 -0.6766280 0.2502233
vn 0.7319057 -0.6346573 0.2480408
vn 0.7525455 -0.6104690 0.2469877
vn 0.7602837 -0.6008766 0.2468117
vn 0.7620500 -0.5985642 0.2469831
vn 0.7652191 -0.5944334 0.2471612
vn 0.7758951 -0.5803455 0.2473579
vn 0.7968646 -0.5510417 0.2477092
vn 0.8266788 -0.5049898 0.2481682
vn 0.8605169 -0.4447245 0.2484569
vn 0.8924289 -0.3767182 0.2483024
vn 0.9178504 -0.3101501 0.2477048
vn 0.9350244 -0.2544339 0.2469671
vn 0.9446924 -0.2163837 0.2464435
vn 0.9487621 -0.1980323 0.2462392
vn 0.9492880 -0.1955935 0.2461613
vn 0.9484070 -0.1999985 0.2460180
vn 0.9485514 -0.1993387 0.2459967
vn 0.9261979 -0.1773100 0.3327441
vn 0.9321669 -0.1367678 0.3352006
vn 0.9381980 -0.0684986 0.3392528
vn 0.9386409 0.0265621 0.3438717
vn 0.9269456 0.1419949 0.3472885
vn 0.8990067 0.2660617 0.3478479
vn 0.8562663 0.3843991 0.3450294
vn 0.8060091 0.4846189 0.3398438
vn 0.7583474 0.5596426 0.3342295
vn 0.7222675 0.6078175 0.3299811
vn 0.7029110 0.6311612 0.3279508
vn 0.7003359 0.6340807 0.3278283
vn 0.7095265 0.6234095 0.3285311
vn 0.7220486 0.6085755 0.3290617
vn 0.7290958 0.6000170 0.3292400
vn 0.7240551 0.6058787 0.3296288
vn 0.7032423 0.6293006 0.3308037
vn 0.6656901 0.6679255 0.3327646
vn 0.6132926 0.7153247 0.3349368
vn 0.5511562 0.7634877 0.3366204
vn 0.4870275 0.8055525 0.3374749
vn 0.4292496 0.8376909 0.3376667
vn 0.3840248 0.8593855 0.3376115
vn 0.3532700 0.8724802 0.3376073
vn 0.3338362 0.8800599 0.3377099
vn 0.3183000 0.8857124 0.3379331
vn 0.2970883 0.8928383 0.3384942
vn 0.2610698 0.9035563 0.3397477
vn 0.2036255 0.9174537 0.3417828
vn 0.1220552 0.9309929 0.3440273
vn 0.0187511 0.9383258 0.3452434
vn -0.0981802 0.9337923 0.3440824
vn -0.2161907 0.9152511 0.3399663
vn -0.3219337 0.8860275 0.3336375
vn -0.4052245 0.8537914 0.3268536
vn -0.4607333 0.8272761 0.3214640
vn -0.4873653 0.8130299 0.3185239
vn -0.4873911 0.8132759 0.3178556
vn -0.4668565 0.8250899 0.3182322
vn -0.4364640 0.8415489 0.3182683
vn -0.4102297 0.8549156 0.3175387
vn -0.4010439 0.8595212 0.3168391
vn -0.4163311 0.8520442 0.3173154
vn -0.4567049 0.8302816 0.3194574
vn -0.5169764 0.7928130 0.3227739
vn -0.5880432 0.7401573 0.3261477
vn -0.6594178 0.6761979 0.3285189
vn -0.7222213 0.6081514 0.3294666
vn -0.7714434 0.5444523 0.3293125
vn -0.8063267 0.4917032 0.3287326
vn -0.8292074 0.4523904 0.3282652
vn -0.8440595 0.4241624 0.3281002
vn -0.8554351 0.4006298 0.3282172
vn -0.8675531 0.3733074 0.3286231
vn -0.8831496 0.3340002 0.3293792
vn -0.9023282 0.2768801 0.3303652
vn -0.9221689 0.2000205 0.3310534
vn -0.9377435 0.1064596 0.3306108
vn -0.9445317 0.0043180 0.3283919
vn -0.9411145 -0.0948714 0.3245041
vn -0.9303038 -0.1793649 0.3199424
vn -0.9178227 -0.2401584 0.3161098
vn -0.9095106 -0.2723381 0.3140420
vn -0.9086554 -0.2754470 0.3138062
vn -0.9145962 -0.2542433 0.3144425
vn -0.9234528 -0.2195702 0.3146804
vn -0.9308183 -0.1868753 0.3140937
vn -0.9339774 -0.1713526 0.3135674
vn -0.9314332 -0.1830661 0.3145138
vn -0.9210201 -0.2253374 0.3177185
vn -0.8991724 -0.2954684 0.3227807
vn -0.8622341 -0.3857233 0.3282833
vn -0.8091024 -0.4845667 0.3324884
vn -0.7434267 -0.5793039 0.3342510
vn -0.6733159 -0.6598176 0.3335960
vn -0.6083066 -0.7211498 0.3315208
vn -0.5556876 -0.7634192 0.3292452
vn -0.5182310 -0.7900325 0.3275443
vn -0.4937266 -0.8059734 0.3265592
vn -0.4759233 -0.8168152 0.3260521
vn -0.4565146 -0.8279215 0.3257920
vn -0.4275753 -0.8432610 0.3257150
vn -0.3836433 -0.8641156 0.3257637
vn -0.3230839 -0.8885699 0.3256689
vn -0.2488045 -0.9124024 0.3249893
vn -0.1680923 -0.9311975 0.3234443
vn -0.0910908 -0.9426025 0.3212522
vn -0.0281485 -0.9472954 0.3191225
vn 0.0128471 -0.9480607 0.3178300
vn 0.0283668 -0.9477790 0.3176638
vn 0.0205409 -0.9478094 0.3181752
vn -0.0022064 -0.9479053 0.3185446
vn -0.0264916 -0.9475757 0.3184312
vn -0.0379333 -0.9471600 0.3185106
vn -0.0254692 -0.9470583 0.3200498
vn 0.0166949 -0.9459319 0.3239354
vn 0.0891436 -0.9397707 0.3299765
vn 0.1874086 -0.9227333 0.3368103
vn 0.3018785 -0.8897352 0.3424043
vn 0.4190406 -0.8398508 0.3450444
vn 0.5251766 -0.7782307 0.3443058
vn 0.6107307 -0.7145398 0.3412344
vn 0.6722109 -0.6589146 0.3375856
vn 0.7110328 -0.6183342 0.3348062
vn 0.7314034 -0.5948634 0.3334466
vn 0.7390509 -0.5854784 0.3331949
vn 0.7408127 -0.5831405 0.3333823
vn 0.7439334 -0.5790401 0.3335800
vn 0.7543598 -0.5652551 0.3338084
vn 0.7747827 -0.5366501 0.3342432
vn 0.8037942 -0.4917402 0.3348231
vn 0.8367441 -0.4330207 0.3351900
vn 0.8678910 -0.3668054 0.3349910
vn 0.8927967 -0.3020089 0.3342224
vn 0.9096954 -0.2477632 0.3332683
vn 0.9192392 -0.2106883 0.3325805
vn 0.9232654 -0.1927725 0.3322946
vn 0.9238145 -0.1903479 0.3321661
vn 0.9230051 -0.1946003 0.3319523
vn 0.9231658 -0.1939338 0.3318954
vn 0.8953194 -0.1714453 0.4111080
vn 0.9006577 -0.1321981 0.4139317
vn 0.9057581 -0.0662007 0.4185926
vn 0.9053497 0.0255224 0.4238992
vn 0.8934601 0.1367338 0.4278235
vn 0.8664495 0.2562607 0.4284808
vn 0.8257503 0.3705107 0.4252743
vn 0.7781087 0.4676535 0.4193411
vn 0.7329103 0.5407086 0.4128883
vn 0.6986013 0.5877955 0.4079860
vn 0.6801152 0.6106585 0.4056347
vn 0.6776076 0.6135373 0.4054872
vn 0.6863854 0.6031584 0.4062943
vn 0.6984211 0.5887602 0.4069023
vn 0.7052177 0.5804607 0.4071036
vn 0.7002953 0.5860793 0.4075506
vn 0.6800085 0.6085894 0.4089099
vn 0.6434331 0.6456969 0.4111804
vn 0.5924940 0.6912359 0.4136952
vn 0.5322180 0.7375524 0.4156446
vn 0.4701122 0.7780804 0.4166358
vn 0.4141988 0.8091148 0.4168603
vn 0.3704255 0.8300990 0.4167981
vn 0.3406278 0.8427666 0.4167939
vn 0.3217695 0.8500868 0.4169134
vn 0.3066821 0.8555193 0.4171724
vn 0.2861033 0.8623059 0.4178198
vn 0.2511947 0.8724227 0.4192611
vn 0.1955814 0.8854409 0.4215950
vn 0.1167243 0.8980335 0.4241595
vn 0.0169887 0.9047834 0.4255332
vn -0.0958598 0.9004935 0.4241725
vn -0.2098886 0.8831991 0.4194116
vn -0.3123503 0.8559323 0.4120888
vn -0.3933492 0.8257627 0.4042183
vn -0.4475148 0.8008550 0.3979471
vn -0.4735824 0.7874477 0.3945198
vn -0.4736913 0.7877702 0.3937445
vn -0.4537812 0.7991825 0.3941954
vn -0.4243271 0.8151746 0.3942549
vn -0.3989260 0.8282988 0.3934199
vn -0.3900103 0.8329162 0.3926101
vn -0.4047092 0.8256127 0.3931592
vn -0.4435679 0.8041878 0.3956381
vn -0.5015432 0.7673819 0.3994739
vn -0.5698759 0.7159157 0.4033686
vn -0.6385397 0.6537202 0.4060997
vn -0.6990581 0.5878063 0.4071873
vn -0.7466024 0.5262427 0.4070054
vn -0.7803673 0.4753098 0.4063343
vn -0.8025272 0.4373567 0.4057946
vn -0.8168847 0.4101023 0.4056051
vn -0.8278365 0.3873764 0.4057417
vn -0.8394572 0.3609748 0.4062128
vn -0.8543817 0.3229698 0.4070902
vn -0.8727311 0.2677381 0.4082361
vn -0.8917752 0.1934461 0.4090423
vn -0.9069035 0.1030332 0.4085464
vn -0.9138639 0.0042834 0.4059981
vn -0.9112477 -0.0917497 0.4015092
vn -0.9015693 -0.1737302 0.3962205
vn -0.8901162 -0.2328457 0.3917601
vn -0.8823908 -0.2641942 0.3893428
vn -0.8815936 -0.2672593 0.3890568
vn -0.8872504 -0.2466853 0.3897861
vn -0.8958076 -0.2130484 0.3900501
vn -0.9030620 -0.1813388 0.3893525
vn -0.9062274 -0.1662639 0.3887264
vn -0.9036104 -0.1775581 0.3898221
vn -0.8929828 -0.2183962 0.3935540
vn -0.8709764 -0.2860855 0.3994435
vn -0.8343274 -0.3730930 0.4058317
vn -0.7822907 -0.4683401 0.4107052
vn -0.7185621 -0.5597364 0.4127513
vn -0.6509040 -0.6376333 0.4120047
vn -0.5883273 -0.6972003 0.4096129
vn -0.5377105 -0.7383995 0.4069811
vn -0.5016729 -0.7643913 0.4050065
vn -0.4780914 -0.7799546 0.4038557
vn -0.4609572 -0.7905080 0.4032562
vn -0.4422594 -0.8012760 0.4029435
vn -0.4143365 -0.8161128 0.4028462
vn -0.3719089 -0.8362742 0.4029010
vn -0.3134106 -0.8599579 0.4027981
vn -0.2416613 -0.8831618 0.4020263
vn -0.1636830 -0.9016668 0.4002561
vn -0.0892426 -0.9131507 0.3977329
vn -0.0283396 -0.9181267 0.3952723
vn 0.0113532 -0.9191384 0.3937711
vn 0.0263694 -0.9189184 0.3935653
vn 0.0187556 -0.9188616 0.3941340
vn -0.0033213 -0.9188781 0.3945275
vn -0.0268955 -0.9185638 0.3943567
vn -0.0380342 -0.9181447 0.3944157
vn -0.0260125 -0.9178019 0.3961857
vn 0.0147524 -0.9160919 0.4006970
vn 0.0847261 -0.9091694 0.4077163
vn 0.1794774 -0.8916402 0.4156508
vn 0.2897364 -0.8589757 0.4221535
vn 0.4026600 -0.8105658 0.4252622
vn 0.5052452 -0.7513570 0.4244879
vn 0.5883077 -0.6903922 0.4210139
vn 0.6482823 -0.6371588 0.4168438
vn 0.6862880 -0.5982524 0.4136457
vn 0.7062585 -0.5756736 0.4120666
vn 0.7137529 -0.5665802 0.4117568
vn 0.7154790 -0.5642571 0.4119512
vn 0.7185109 -0.5602377 0.4121599
vn 0.7286022 -0.5468605 0.4124106
vn 0.7483316 -0.5191408 0.4129075
vn 0.7763433 -0.4756506 0.4135790
vn 0.8081920 -0.4188347 0.4140087
vn 0.8383849 -0.3548127 0.4137858
vn 0.8626367 -0.2921811 0.4129021
vn 0.8791755 -0.2397346 0.4117982
vn 0.8885511 -0.2038617 0.4109955
vn 0.8925153 -0.1864973 0.4106522
vn 0.8930853 -0.1841150 0.4104879
vn 0.8923536 -0.1882056 0.4102241
vn 0.8925296 -0.1875488 0.4101419
vn 0.8605017 -0.1649391 0.4820082
vn 0.8651829 -0.1271581 0.4850664
vn 0.8693307 -0.0637114 0.4901071
vn 0.8680776 0.0242943 0.4958338
vn 0.8560485 0.1308309 0.5000643
vn 0.8300755 0.2453336 0.5007855
vn 0.7915749 0.3550291 0.4973564
vn 0.7467376 0.4486921 0.4909770
vn 0.7041911 0.5194737 0.4840062
vn 0.6718050 0.5652762 0.4786866
vn 0.6542773 0.5875615 0.4761226
vn 0.6518572 0.5903836 0.4759510
vn 0.6601935 0.5803354 0.4768180
vn 0.6716996 0.5664294 0.4774698
vn 0.6782237 0.5584210 0.4776804
vn 0.6734454 0.5637697 0.4781580
vn 0.6537737 0.5852680 0.4796262
vn 0.6183341 0.6206930 0.4820821
vn 0.5690780 0.6641681 0.4847999
vn 0.5109341 0.7084297 0.4869022
vn 0.4511390 0.7472371 0.4879655
vn 0.3973580 0.7770256 0.4881986
vn 0.3552560 0.7972016 0.4881217
vn 0.3265767 0.8093807 0.4881092
vn 0.3084075 0.8164028 0.4882327
vn 0.2938658 0.8215850 0.4885089
vn 0.2740415 0.8279978 0.4892044
vn 0.2404301 0.8374687 0.4907541
vn 0.1869308 0.8495592 0.4932606
vn 0.1111751 0.8611718 0.4960073
vn 0.0154845 0.8673457 0.4974652
vn -0.0927599 0.8633656 0.4959793
vn -0.2022996 0.8474447 0.4908283
vn -0.3010441 0.8223046 0.4828951
vn -0.3794239 0.7943792 0.4743408
vn -0.4320387 0.7712221 0.4675030
vn -0.4574460 0.7587283 0.4637612
vn -0.4576390 0.7591233 0.4629238
vn -0.4384327 0.7700676 0.4634357
vn -0.4100407 0.7855010 0.4635244
vn -0.3855900 0.7983058 0.4626319
vn -0.3770020 0.8029011 0.4617568
vn -0.3910763 0.7957925 0.4623566
vn -0.4282846 0.7747878 0.4650550
vn -0.4837516 0.7387927 0.4692226
vn -0.5490983 0.6887256 0.4734428
vn -0.6148007 0.6285470 0.4763914
vn -0.6728161 0.5650302 0.4775557
vn -0.7185138 0.5058452 0.4773453
vn -0.7510432 0.4569250 0.4766064
vn -0.7724089 0.4204729 0.4760116
vn -0.7862274 0.3942881 0.4757976
vn -0.7967229 0.3724459 0.4759376
vn -0.8078089 0.3470585 0.4764401
vn -0.8220068 0.3105001 0.4773829
vn -0.8394528 0.2573788 0.4786179
vn -0.8576182 0.1859642 0.4794875
vn -0.8722318 0.0990868 0.4789503
vn -0.8793327 0.0041606 0.4761898
vn -0.8775342 -0.0882914 0.4713156
vn -0.8690441 -0.1673959 0.4655545
vn -0.8586859 -0.2245734 0.4606792
vn -0.8515924 -0.2549536 0.4580274
vn -0.8508594 -0.2579608 0.4577056
vn -0.8562055 -0.2381056 0.4584952
vn -0.8644258 -0.2056533 0.4587753
vn -0.8715414 -0.1750709 0.4580019
vn -0.8747038 -0.1605130 0.4573060
vn -0.8720224 -0.1713397 0.4584971
vn -0.8612132 -0.2105628 0.4625744
vn -0.8391270 -0.2755050 0.4690021
vn -0.8029169 -0.3588710 0.4759580
vn -0.7522025 -0.4500928 0.4812566
vn -0.6907044 -0.5377415 0.4834890
vn -0.6257981 -0.6126810 0.4826994
vn -0.5659261 -0.6702295 0.4801250
vn -0.5175250 -0.7101895 0.4772827
vn -0.4830499 -0.7354585 0.4751458
vn -0.4604763 -0.7505875 0.4738986
vn -0.4440649 -0.7608171 0.4732481
vn -0.4261358 -0.7712102 0.4729092
vn -0.3993237 -0.7854896 0.4728072
vn -0.3585524 -0.8048782 0.4728756
vn -0.3023305 -0.8276931 0.4727794
vn -0.2333791 -0.8501682 0.4719621
vn -0.1584272 -0.8682992 0.4700609
vn -0.0868259 -0.8798065 0.4673349
vn -0.0281852 -0.8850378 0.4646651
vn 0.0100693 -0.8862863 0.4630284
vn 0.0245482 -0.8861265 0.4627929
vn 0.0172050 -0.8859867 0.4633914
vn -0.0040863 -0.8859357 0.4637900
vn -0.0268332 -0.8856544 0.4635690
vn -0.0376071 -0.8852450 0.4636022
vn -0.0260618 -0.8846573 0.4655129
vn 0.0131511 -0.8823428 0.4704234
vn 0.0803708 -0.8746404 0.4780635
vn 0.1712115 -0.8566357 0.4866846
vn 0.2767742 -0.8243852 0.4937460
vn 0.3849349 -0.7776048 0.4971477
vn 0.4834668 -0.7210251 0.4963694
vn 0.5636131 -0.6630360 0.4926699
vn 0.6217677 -0.6124318 0.4881928
vn 0.6587535 -0.5753870 0.4847407
vn 0.6782105 -0.5538208 0.4830250
vn 0.6854988 -0.5450819 0.4826770
vn 0.6871630 -0.5428073 0.4828740
vn 0.6900728 -0.5389098 0.4830898
vn 0.6997625 -0.5260209 0.4833575
vn 0.7186879 -0.4993281 0.4838999
vn 0.7455533 -0.4574667 0.4846385
vn 0.7761405 -0.4028205 0.4851202
vn 0.8052316 -0.3412881 0.4848964
vn 0.8287134 -0.2811094 0.4839542
vn 0.8448144 -0.2307035 0.4827676
vn 0.8539770 -0.1962004 0.4819011
vn 0.8578578 -0.1794741 0.4815278
vn 0.8584413 -0.1771563 0.4813461
vn 0.8577853 -0.1810792 0.4810558
vn 0.8579709 -0.1804455 0.4809630
vn 0.8228014 -0.1579675 0.5459342
vn 0.8268276 -0.1217816 0.5491133
vn 0.8300470 -0.0610906 0.5543373
vn 0.8280023 0.0229286 0.5602557
vn 0.8159087 0.1244801 0.5646218
vn 0.7910535 0.2336275 0.5653782
vn 0.7548295 0.3384350 0.5618668
vn 0.7128782 0.4283083 0.5552987
vn 0.6730712 0.4965645 0.5480864
vn 0.6426875 0.5409125 0.5425555
vn 0.6261715 0.5625359 0.5398727
vn 0.6238565 0.5652897 0.5396764
vn 0.6317386 0.5556065 0.5405625
vn 0.6426900 0.5422388 0.5412270
vn 0.6489291 0.5345474 0.5414333
vn 0.6443196 0.5396106 0.5419157
vn 0.6253413 0.5600335 0.5434249
vn 0.5911731 0.5936724 0.5459556
vn 0.5437836 0.6349565 0.5487528
vn 0.4879842 0.6770316 0.5509080
vn 0.4307163 0.7139991 0.5519861
vn 0.3792655 0.7424463 0.5522057
vn 0.3389966 0.7617476 0.5521067
vn 0.3115557 0.7733974 0.5520774
vn 0.2941616 0.7800975 0.5521928
vn 0.2802397 0.7850122 0.5524686
vn 0.2612622 0.7910348 0.5531781
vn 0.2290884 0.7998447 0.5547675
vn 0.1779109 0.8109996 0.5573395
vn 0.1055342 0.8216391 0.5601532
vn 0.0142208 0.8272608 0.5616381
vn -0.0890581 0.8236257 0.5600976
vn -0.1937471 0.8091217 0.5547830
vn -0.2884442 0.7861622 0.5465793
vn -0.3639385 0.7605439 0.5377004
vn -0.4148221 0.7391942 0.5305794
vn -0.4394809 0.7276438 0.5266792
vn -0.4397539 0.7281007 0.5258192
vn -0.4213120 0.7385275 0.5263776
vn -0.3940753 0.7533297 0.5264969
vn -0.3706609 0.7657472 0.5255870
vn -0.3624422 0.7702859 0.5246859
vn -0.3758671 0.7633910 0.5253171
vn -0.4113336 0.7428870 0.5281321
vn -0.4641514 0.7078429 0.5324678
vn -0.5263484 0.6593603 0.5368439
vn -0.5889257 0.6014049 0.5398876
vn -0.6442913 0.5404871 0.5410752
vn -0.6880241 0.4838582 0.5408365
vn -0.7192333 0.4370918 0.5400502
vn -0.7397523 0.4022420 0.5394144
vn -0.7530032 0.3771960 0.5391747
vn -0.7630255 0.3562939 0.5393021
vn -0.7735592 0.3319900 0.5398044
vn -0.7870043 0.2969859 0.5407621
vn -0.8035097 0.2461384 0.5420222
vn -0.8207508 0.1778259 0.5429052
vn -0.8348014 0.0947617 0.5423346
vn -0.8420005 0.0039696 0.5394621
vn -0.8409941 -0.0845891 0.5343908
vn -0.8336897 -0.1605415 0.5283823
vn -0.8244406 -0.2155770 0.5232822
vn -0.8179945 -0.2448790 0.5204990
vn -0.8173287 -0.2478161 0.5201548
vn -0.8223494 -0.2287491 0.5209753
vn -0.8302060 -0.1975946 0.5212623
vn -0.8371563 -0.1682466 0.5204445
vn -0.8403039 -0.1542583 0.5197055
vn -0.8375742 -0.1645831 0.5209433
vn -0.8266398 -0.2020609 0.5252028
vn -0.8045822 -0.2640426 0.5319107
vn -0.7689740 -0.3434990 0.5391544
vn -0.7197839 -0.4304067 0.5446662
vn -0.6607310 -0.5140272 0.5470014
vn -0.5987796 -0.5857597 0.5462129
vn -0.5417865 -0.6410879 0.5435750
vn -0.4957350 -0.6796635 0.5406517
vn -0.4629122 -0.7041174 0.5384525
vn -0.4413982 -0.7187585 0.5371720
vn -0.4257416 -0.7286304 0.5365089
vn -0.4086177 -0.7386163 0.5361693
vn -0.3829807 -0.7522941 0.5360778
vn -0.3439733 -0.7708481 0.5361674
vn -0.2901820 -0.7927173 0.5360911
vn -0.2242204 -0.8143786 0.5352688
vn -0.1525054 -0.8320538 0.5333184
vn -0.0839463 -0.8435173 0.5305012
vn -0.0277333 -0.8489597 0.5277293
vn 0.0089812 -0.8504238 0.5260215
vn 0.0228984 -0.8503213 0.5257655
vn 0.0158717 -0.8501068 0.5263710
vn -0.0045454 -0.8500018 0.5267602
vn -0.0263753 -0.8497668 0.5264986
vn -0.0367366 -0.8493789 0.5265034
vn -0.0256930 -0.8485600 0.5284749
vn 0.0118545 -0.8456656 0.5335814
vn 0.0761194 -0.8372328 0.5415229
vn 0.1627763 -0.8188377 0.5504623
vn 0.2633193 -0.7871176 0.5577714
vn 0.3663659 -0.7421000 0.5613053
vn 0.4604908 -0.6882896 0.5605404
vn 0.5373999 -0.6334191 0.5567598
vn 0.5934798 -0.5855806 0.5521568
vn 0.6292733 -0.5505103 0.5485923
vn 0.6481198 -0.5300346 0.5468126
vn 0.6551582 -0.5216948 0.5464451
vn 0.6567393 -0.5194951 0.5466428
vn 0.6595007 -0.5157507 0.5468638
vn 0.6687381 -0.5034098 0.5471452
vn 0.6867783 -0.4778485 0.5477192
vn 0.7123913 -0.4377692 0.5485040
vn 0.7415987 -0.3854854 0.5490285
vn 0.7694728 -0.3266544 0.5488246
vn 0.7920862 -0.2691337 0.5478746
vn 0.8076768 -0.2209410 0.5466655
vn 0.8165814 -0.1879288 0.5457817
vn 0.8203553 -0.1719044 0.5454045
vn 0.8209409 -0.1696679 0.5452236
vn 0.8203521 -0.1734190 0.5449296
vn 0.8205375 -0.1728186 0.5448412
vn 0.7830042 -0.1506506 0.6034972
vn 0.7863966 -0.1161575 0.6067024
vn 0.7887418 -0.0583736 0.6119468
vn 0.7859876 0.0214696 0.6178693
vn 0.7739153 0.1178268 0.6222314
vn 0.7502369 0.2213961 0.6229995
vn 0.7163136 0.3210773 0.6195193
vn 0.6772586 0.4069199 0.6129739
vn 0.6402096 0.4724392 0.6057498
vn 0.6118576 0.5151833 0.6001803
vn 0.5963817 0.5360710 0.5974585
vn 0.5941872 0.5387483 0.5972369
vn 0.6016129 0.5294612 0.5981077
vn 0.6119968 0.5166704 0.5987584
vn 0.6179448 0.5093176 0.5989489
vn 0.6135277 0.5140876 0.5994145
vn 0.5953122 0.5333978 0.6009078
vn 0.5625322 0.5651907 0.6034211
vn 0.5171614 0.6042114 0.6061953
vn 0.4638737 0.6440233 0.6083216
vn 0.4092964 0.6790777 0.6093684
vn 0.3603207 0.7061220 0.6095578
vn 0.3220028 0.7245048 0.6094317
vn 0.2958879 0.7355994 0.6093798
vn 0.2793329 0.7419639 0.6094774
vn 0.2660858 0.7466034 0.6097390
vn 0.2480239 0.7522321 0.6104351
vn 0.2173912 0.7603855 0.6120089
vn 0.1686860 0.7706234 0.6145605
vn 0.0998832 0.7803215 0.6173505
vn 0.0131728 0.7854226 0.6188197
vn -0.0848963 0.7821447 0.6172863
vn -0.1844795 0.7690425 0.6119976
vn -0.2748771 0.7482366 0.6038083
vn -0.3472647 0.7249073 0.5949089
vn -0.3962572 0.7053605 0.5877471
vn -0.4200850 0.6947516 0.5838226
vn -0.4204306 0.6952558 0.5829729
vn -0.4028002 0.7051285 0.5835631
vn -0.3767897 0.7192428 0.5837117
vn -0.3544741 0.7312135 0.5828164
vn -0.3466533 0.7356618 0.5819220
vn -0.3594107 0.7289979 0.5825684
vn -0.3930731 0.7090733 0.5854132
vn -0.4431501 0.6751131 0.5897799
vn -0.5020936 0.6283810 0.5941711
vn -0.5614416 0.5728206 0.5972101
vn -0.6140596 0.5146585 0.5983791
vn -0.6557431 0.4607168 0.5981146
vn -0.6855695 0.4162060 0.5972998
vn -0.7052036 0.3830316 0.5966362
vn -0.7178686 0.3591755 0.5963704
vn -0.7274104 0.3392561 0.5964725
vn -0.7373873 0.3160884 0.5969490
vn -0.7500728 0.2827200 0.5978798
vn -0.7656260 0.2342681 0.5991121
vn -0.7819230 0.1692209 0.5999673
vn -0.7953775 0.0901680 0.5993700
vn -0.8026271 0.0037318 0.5964695
vn -0.8023599 -0.0807043 0.5913590
vn -0.7961988 -0.1532936 0.5852936
vn -0.7880365 -0.2060248 0.5801312
vn -0.7822323 -0.2341593 0.5773058
vn -0.7816337 -0.2370162 0.5769507
vn -0.7863230 -0.2187916 0.5777772
vn -0.7937969 -0.1890223 0.5780632
vn -0.8005562 -0.1609897 0.5772279
vn -0.8036758 -0.1476108 0.5764688
vn -0.8009192 -0.1574097 0.5777116
vn -0.7899318 -0.1930498 0.5820134
vn -0.7680295 -0.2519246 0.5887823
vn -0.7331913 -0.3272949 0.5960776
vn -0.6857054 -0.4097009 0.6016256
vn -0.6292606 -0.4891036 0.6039941
vn -0.5703974 -0.5574451 0.6032427
vn -0.5163880 -0.6103901 0.6006391
vn -0.4727643 -0.6474550 0.5977424
vn -0.4416454 -0.6710087 0.5955642
vn -0.4212204 -0.6851110 0.5943031
vn -0.4063362 -0.6945929 0.5936595
vn -0.3900400 -0.7041423 0.5933401
vn -0.3656223 -0.7171817 0.5932713
vn -0.3284557 -0.7348524 0.5933875
vn -0.2772066 -0.7557140 0.5933404
vn -0.2143739 -0.7764884 0.5925450
vn -0.1460499 -0.7936291 0.5906117
vn -0.0806837 -0.8049758 0.5877959
vn -0.0270239 -0.8105748 0.5850112
vn 0.0080719 -0.8122264 0.5832865
vn 0.0214075 -0.8121773 0.5830178
vn 0.0147324 -0.8118992 0.5836117
vn -0.0047425 -0.8117534 0.5839810
vn -0.0255866 -0.8115740 0.5836891
vn -0.0354984 -0.8112181 0.5836652
vn -0.0249764 -0.8101936 0.5856301
vn 0.0108195 -0.8067756 0.5907589
vn 0.0719845 -0.7977095 0.5987301
vn 0.1542725 -0.7790559 0.6076775
vn 0.2495881 -0.7480064 0.6149733
vn 0.3472942 -0.7048697 0.6185026
vn 0.4367695 -0.6539158 0.6177593
vn 0.5102007 -0.6022342 0.6140107
vn 0.5640006 -0.5572270 0.6094271
vn 0.5984566 -0.5241912 0.6058657
vn 0.6166108 -0.5048526 0.6040820
vn 0.6233634 -0.4969419 0.6037109
vn 0.6248457 -0.4948367 0.6039077
vn 0.6274388 -0.4912683 0.6041325
vn 0.6361864 -0.4795187 0.6044242
vn 0.6532834 -0.4551650 0.6050171
vn 0.6775686 -0.4169793 0.6058292
vn 0.7053098 -0.3671961 0.6063870
vn 0.7318767 -0.3112162 0.6062185
vn 0.7535380 -0.2564974 0.6053013
vn 0.7685512 -0.2106398 0.6041192
vn 0.7771532 -0.1792050 0.6032565
vn 0.7807960 -0.1639286 0.6028972
vn 0.7813700 -0.1617857 0.6027324
vn 0.7808360 -0.1653620 0.6024538
vn 0.7810094 -0.1648022 0.6023824
vn 0.7416633 -0.1430626 0.6553385
vn 0.7444556 -0.1103383 0.6584917
vn 0.7459989 -0.0555761 0.6636241
vn 0.7426343 0.0199550 0.6693998
vn 0.7306736 0.1109753 0.6736472
vn 0.7082166 0.2088151 0.6744075
vn 0.6765850 0.3031958 0.6710477
vn 0.6403918 0.3848139 0.6646929
vn 0.6060750 0.4474139 0.6576427
vn 0.5797510 0.4884201 0.6521768
vn 0.5653265 0.5085058 0.6494828
vn 0.5632651 0.5111006 0.6492369
vn 0.5702386 0.5022381 0.6500653
vn 0.5800493 0.4900574 0.6506816
vn 0.5857036 0.4830614 0.6508479
vn 0.5815006 0.4875358 0.6512802
vn 0.5641099 0.5057132 0.6527130
vn 0.5328207 0.5356290 0.6551363
vn 0.4895972 0.5723494 0.6578075
vn 0.4389559 0.6098574 0.6598421
vn 0.3871943 0.6429558 0.6608240
vn 0.3408009 0.6685577 0.6609731
vn 0.3045196 0.6859928 0.6608190
vn 0.2797948 0.6965158 0.6607425
vn 0.2641252 0.7025376 0.6608168
vn 0.2515934 0.7068998 0.6610548
vn 0.2344973 0.7121384 0.6617174
vn 0.2054820 0.7196515 0.6632337
vn 0.1593583 0.7290057 0.6656993
vn 0.0942659 0.7378073 0.6683969
vn 0.0123112 0.7424218 0.6698196
vn -0.0803831 0.7394961 0.6683443
vn -0.1746774 0.7277430 0.6632329
vn -0.2605771 0.7090124 0.6552870
vn -0.3296684 0.6879013 0.6466147
vn -0.3766242 0.6701126 0.6396119
vn -0.3995429 0.6604220 0.6357738
vn -0.3999512 0.6609569 0.6349607
vn -0.3831704 0.6702488 0.6355683
vn -0.3584417 0.6836305 0.6357428
vn -0.3372709 0.6951021 0.6348870
vn -0.3298669 0.6994281 0.6340253
vn -0.3419416 0.6930119 0.6346735
vn -0.3737554 0.6737434 0.6374768
vn -0.4210305 0.6409945 0.6417627
vn -0.4766540 0.5961647 0.6460562
vn -0.5327049 0.5431470 0.6490122
vn -0.5825068 0.4878669 0.6501321
vn -0.6220774 0.4367131 0.6498472
vn -0.6504709 0.3945344 0.6490225
vn -0.6691895 0.3630908 0.6483444
vn -0.6812556 0.3404642 0.6480547
vn -0.6903145 0.3215613 0.6481236
vn -0.6997370 0.2995722 0.6485558
vn -0.7116671 0.2679041 0.6494285
vn -0.7262715 0.2219419 0.6505932
vn -0.7416203 0.1602827 0.6513899
vn -0.7544553 0.0853863 0.6507736
vn -0.7617052 0.0034686 0.6479145
vn -0.7621077 -0.0766719 0.6428945
vn -0.7570226 -0.1457315 0.6369295
vn -0.7499012 -0.1960256 0.6318403
vn -0.7447196 -0.2229175 0.6290473
vn -0.7441864 -0.2256852 0.6286913
vn -0.7485438 -0.2083472 0.6295027
vn -0.7556216 -0.1800322 0.6297813
vn -0.7621648 -0.1533785 0.6289513
vn -0.7652419 -0.1406401 0.6281920
vn -0.7624830 -0.1498956 0.6294052
vn -0.7515240 -0.1836313 0.6336333
vn -0.7299144 -0.2392981 0.6402823
vn -0.6960149 -0.3104663 0.6474365
vn -0.6503956 -0.3882497 0.6528765
vn -0.5966860 -0.4633052 0.6552206
vn -0.5409991 -0.5281169 0.6545323
vn -0.4900336 -0.5785431 0.6520391
vn -0.4488802 -0.6139845 0.6492531
vn -0.4194936 -0.6365592 0.6471611
vn -0.4001738 -0.6500742 0.6459601
vn -0.3860719 -0.6591351 0.6453599
vn -0.3706184 -0.6682211 0.6450756
vn -0.3474524 -0.6805909 0.6450371
vn -0.3121851 -0.6973387 0.6451815
vn -0.2635635 -0.7171420 0.6451680
vn -0.2039659 -0.7369655 0.6444221
vn -0.1391508 -0.7534968 0.6425571
vn -0.0770953 -0.7646515 0.6398159
vn -0.0260894 -0.7703475 0.6370904
vn 0.0073223 -0.7721544 0.6353928
vn 0.0200582 -0.7721549 0.6351177
vn 0.0137603 -0.7718259 0.6356850
vn -0.0047199 -0.7716523 0.6360271
vn -0.0245244 -0.7715342 0.6357150
vn -0.0339583 -0.7712188 0.6356637
vn -0.0239750 -0.7700218 0.6375670
vn 0.0100006 -0.7661575 0.6425750
vn 0.0679570 -0.7565860 0.6503534
vn 0.1457491 -0.7378348 0.6590576
vn 0.2357057 -0.7076102 0.6661311
vn 0.3279290 -0.6664621 0.6695453
vn 0.4125879 -0.6184189 0.6688268
vn 0.4823589 -0.5699509 0.6651961
vn 0.5337113 -0.5277957 0.6607450
vn 0.5667072 -0.4968193 0.6572773
vn 0.5841001 -0.4786426 0.6555367
vn 0.5905389 -0.4711804 0.6551739
vn 0.5919116 -0.4691837 0.6553681
vn 0.5943226 -0.4658077 0.6555943
vn 0.6025540 -0.4546804 0.6558920
vn 0.6186673 -0.4315904 0.6564911
vn 0.6415723 -0.3953805 0.6573121
vn 0.6677843 -0.3481984 0.6578921
vn 0.6929734 -0.2951765 0.6577679
vn 0.7136108 -0.2433618 0.6569130
vn 0.7279852 -0.1999261 0.6557950
vn 0.7362426 -0.1701313 0.6549826
vn 0.7397307 -0.1556367 0.6546569
vn 0.7402789 -0.1535963 0.6545191
vn 0.7397859 -0.1569946 0.6542702
vn 0.7399352 -0.1564805 0.6542246
vn 0.6991447 -0.1352429 0.7020727
vn 0.7013787 -0.1043494 0.7051093
vn 0.7022035 -0.0527001 0.7100232
vn 0.6983358 0.0184157 0.7155333
vn 0.6865788 0.1039974 0.7195791
vn 0.6653790 0.1959997 0.7203159
vn 0.6360114 0.2849453 0.7171441
vn 0.6026200 0.3621755 0.7111104
vn 0.5709834 0.4216928 0.7043814
vn 0.5466628 0.4608374 0.6991342
vn 0.5332893 0.4800591 0.6965241
vn 0.5313712 0.4825664 0.6962574
vn 0.5378988 0.4741550 0.6970237
vn 0.5471339 0.4626136 0.6975909
vn 0.5524930 0.4559903 0.6977279
vn 0.5485235 0.4601692 0.6981163
vn 0.5320135 0.4772037 0.6994557
vn 0.5023069 0.5052284 0.7017350
vn 0.4613424 0.5396325 0.7042442
vn 0.4134593 0.5748167 0.7061425
vn 0.3646124 0.6059334 0.7070378
vn 0.3208830 0.6300657 0.7071430
vn 0.2867020 0.6465319 0.7069642
vn 0.2634138 0.6564719 0.7068648
vn 0.2486631 0.6621470 0.7069145
vn 0.2368752 0.6662325 0.7071240
vn 0.2207819 0.6710884 0.7077399
vn 0.1934411 0.6779827 0.7091685
vn 0.1499804 0.6864935 0.7115002
vn 0.0886973 0.6944481 0.7140550
vn 0.0116050 0.6986086 0.7154099
vn -0.0755987 0.6960191 0.7140324
vn -0.1644660 0.6855406 0.7092143
vn -0.2457028 0.6687767 0.7016893
vn -0.3113280 0.6497821 0.6934393
vn -0.3561102 0.6336822 0.6867550
vn -0.3780441 0.6248741 0.6830922
vn -0.3785041 0.6254223 0.6823354
vn -0.3626059 0.6341139 0.6829469
vn -0.3392053 0.6467273 0.6831424
vn -0.3192146 0.6576533 0.6823447
vn -0.3122390 0.6618272 0.6815361
vn -0.3236163 0.6556755 0.6821746
vn -0.3535460 0.6371393 0.6848786
vn -0.3979744 0.6057251 0.6889946
vn -0.4502312 0.5629399 0.6931021
vn -0.5029360 0.5125977 0.6959159
vn -0.5498683 0.4603077 0.6969661
vn -0.5872718 0.4120241 0.6966692
vn -0.6141877 0.3722392 0.6958530
vn -0.6319625 0.3425717 0.6951748
vn -0.6434172 0.3212082 0.6948666
vn -0.6519915 0.3033512 0.6948994
vn -0.6608636 0.2825775 0.6952764
vn -0.6720468 0.2526644 0.6960702
vn -0.6857129 0.2092702 0.6971397
vn -0.7001169 0.1510976 0.6978580
vn -0.7123138 0.0804715 0.6972326
vn -0.7195120 0.0031995 0.6944726
vn -0.7205053 -0.0725062 0.6896484
vn -0.7164143 -0.1378965 0.6839116
vn -0.7102738 -0.1856383 0.6790063
vn -0.7056869 -0.2112214 0.6763073
vn -0.7052162 -0.2138918 0.6759589
vn -0.7092444 -0.1974783 0.6767383
vn -0.7159155 -0.1706758 0.6770042
vn -0.7222179 -0.1454533 0.6761986
vn -0.7252370 -0.1333813 0.6754559
vn -0.7225020 -0.1420798 0.6766123
vn -0.7116584 -0.1738598 0.6806725
vn -0.6904839 -0.2262444 0.6870557
vn -0.6576908 -0.2931309 0.6939143
vn -0.6140892 -0.3662104 0.6991312
vn -0.5632209 -0.4368256 0.7014026
vn -0.5107721 -0.4979960 0.7007937
vn -0.4628861 -0.5457854 0.6984660
vn -0.4242268 -0.5795002 0.6958528
vn -0.3965891 -0.6010219 0.6938947
vn -0.3783845 -0.6139035 0.6927825
vn -0.3650725 -0.6225141 0.6922415
vn -0.3504741 -0.6311122 0.6920010
vn -0.3285876 -0.6427851 0.6919953
vn -0.2952694 -0.6585766 0.6921653
vn -0.2493470 -0.6772785 0.6921849
vn -0.1930732 -0.6960942 0.6915024
vn -0.1318657 -0.7119453 0.6897429
vn -0.0732208 -0.7228330 0.6871326
vn -0.0249567 -0.7285646 0.6845224
vn 0.0067120 -0.7304936 0.6828866
vn 0.0188290 -0.7305402 0.6826101
vn 0.0129269 -0.7301738 0.6831392
vn -0.0045170 -0.7299844 0.6834489
vn -0.0232389 -0.7299303 0.6831264
vn -0.0321726 -0.7296625 0.6830502
vn -0.0227442 -0.7283304 0.6848485
vn 0.0093524 -0.7241099 0.6896212
vn 0.0640128 -0.7141788 0.6970301
vn 0.1372164 -0.6955078 0.7052946
vn 0.2217281 -0.6662692 0.7119845
vn 0.3083767 -0.6272114 0.7151990
vn 0.3881012 -0.5821150 0.7145066
vn 0.4540686 -0.5368598 0.7110579
vn 0.5028333 -0.4975513 0.7068248
vn 0.5342635 -0.4686385 0.7035201
vn 0.5508364 -0.4516351 0.7018582
vn 0.5569398 -0.4446334 0.7015121
vn 0.5581971 -0.4427548 0.7017009
vn 0.5604183 -0.4395825 0.7019249
vn 0.5681159 -0.4291006 0.7022229
vn 0.5832182 -0.4073172 0.7028152
vn 0.6047072 -0.3731467 0.7036269
vn 0.6293443 -0.3286424 0.7042159
vn 0.6530992 -0.2786586 0.7041383
vn 0.6726511 -0.2298237 0.7033644
vn 0.6863314 -0.1888748 0.7023357
vn 0.6942053 -0.1607672 0.7015932
vn 0.6975174 -0.1470800 0.7013109
vn 0.6980272 -0.1451480 0.7012062
vn 0.6975621 -0.1483649 0.7009957
vn 0.6976764 -0.1478997 0.7009802
vn 0.6556693 -0.1272064 0.7442555
vn 0.6573929 -0.0981975 0.7471223
vn 0.6575888 -0.0497392 0.7517333
vn 0.6533300 0.0168765 0.7568852
vn 0.6418685 0.0969397 0.7606626
vn 0.6219572 0.1830194 0.7613627
vn 0.5948173 0.2664170 0.7584288
vn 0.5641555 0.3391132 0.7528152
vn 0.5351329 0.3953956 0.7465220
vn 0.5127789 0.4325602 0.7415858
vn 0.5004481 0.4508580 0.7391067
vn 0.4986798 0.4532729 0.7388249
vn 0.5047676 0.4453370 0.7395164
vn 0.5134251 0.4344616 0.7400255
vn 0.5184866 0.4282248 0.7401319
vn 0.5147671 0.4321093 0.7404704
vn 0.4991888 0.4479956 0.7416944
vn 0.4711486 0.4741232 0.7437918
vn 0.4325432 0.5062049 0.7460985
vn 0.3875154 0.5390547 0.7478314
vn 0.3416656 0.5681720 0.7486289
vn 0.3006653 0.5908129 0.7486925
vn 0.2686338 0.6062918 0.7484959
vn 0.2468172 0.6156385 0.7483786
vn 0.2330095 0.6209636 0.7484055
vn 0.2219859 0.6247733 0.7485857
vn 0.2069226 0.6292547 0.7491472
vn 0.1813011 0.6355532 0.7504679
vn 0.1405679 0.6432621 0.7526317
vn 0.0831712 0.6504193 0.7550082
vn 0.0110224 0.6541551 0.7562801
vn -0.0706015 0.6518788 0.7550295
vn -0.1539276 0.6425891 0.7505901
vn -0.2303544 0.6276689 0.7436185
vn -0.2923544 0.6106732 0.7359397
vn -0.3348303 0.5961796 0.7296976
vn -0.3557048 0.5882115 0.7262791
vn -0.3562049 0.5887557 0.7255927
vn -0.3412199 0.5968328 0.7261953
vn -0.3191889 0.6086482 0.7264061
vn -0.3004075 0.6189865 0.7256797
vn -0.2938672 0.6229807 0.7249394
vn -0.3045308 0.6171114 0.7255581
vn -0.3325440 0.5993835 0.7281167
vn -0.3740869 0.5694257 0.7319927
vn -0.4229379 0.5288229 0.7358464
vn -0.4722543 0.4812809 0.7384744
vn -0.5162675 0.4320793 0.7394426
vn -0.5514514 0.3867396 0.7391440
vn -0.5768443 0.3494034 0.7383549
vn -0.5936451 0.3215528 0.7376918
vn -0.6044738 0.3014832 0.7373732
vn -0.6125592 0.2847000 0.7373718
vn -0.6208833 0.2651761 0.7376894
vn -0.6313273 0.2370688 0.7383930
vn -0.6440661 0.1963131 0.7393511
vn -0.6575300 0.1417146 0.7399806
vn -0.6690707 0.0754577 0.7393582
vn -0.6761634 0.0029416 0.7367458
vn -0.6776633 -0.0682067 0.7322024
vn -0.6744762 -0.1298017 0.7267967
vn -0.6692484 -0.1748845 0.7221648
vn -0.6652233 -0.1990968 0.7196099
vn -0.6648114 -0.2016622 0.7192761
vn -0.6685150 -0.1862080 0.7200099
vn -0.6747703 -0.1609709 0.7202593
vn -0.6808065 -0.1372265 0.7194939
vn -0.6837510 -0.1258435 0.7187823
vn -0.6810666 -0.1339734 0.7198607
vn -0.6704284 -0.1637539 0.7236784
vn -0.6498347 -0.2127957 0.7296799
vn -0.6183157 -0.2753388 0.7361211
vn -0.5768769 -0.3436526 0.7410236
vn -0.5289464 -0.4097522 0.7431815
vn -0.4797868 -0.4671844 0.7426597
vn -0.4350061 -0.5122289 0.7405344
vn -0.3988576 -0.5441201 0.7381368
vn -0.3729818 -0.5645183 0.7363448
vn -0.3559026 -0.5767227 0.7353395
vn -0.3433891 -0.5848556 0.7348659
vn -0.3296599 -0.5929432 0.7346719
vn -0.3090808 -0.6038952 0.7346969
vn -0.2777597 -0.6187015 0.7348864
vn -0.2346043 -0.6362643 0.7349344
vn -0.1817370 -0.6540205 0.7343220
vn -0.1242286 -0.6691243 0.7326937
vn -0.0690876 -0.6796717 0.7302556
vn -0.0236485 -0.6853776 0.7278037
vn 0.0062193 -0.6873954 0.7262567
vn 0.0176957 -0.6874851 0.7259828
vn 0.0122026 -0.6870953 0.7264648
vn -0.0041706 -0.6869012 0.7267389
vn -0.0217731 -0.6869115 0.7264149
vn -0.0301884 -0.6866965 0.7263172
vn -0.0213317 -0.6852688 0.7279778
vn 0.0088311 -0.6807891 0.7324262
vn 0.0601183 -0.6706546 0.7393296
vn 0.1286576 -0.6522495 0.7470059
vn 0.2076613 -0.6241612 0.7531930
vn 0.2886699 -0.5872925 0.7561462
vn 0.3633685 -0.5451711 0.7554812
vn 0.4254124 -0.5031166 0.7522619
vn 0.4714670 -0.4666372 0.7483105
vn 0.5012376 -0.4397814 0.7452202
vn 0.5169398 -0.4239551 0.7436634
vn 0.5226917 -0.4174214 0.7433390
vn 0.5238324 -0.4156673 0.7435189
vn 0.5258611 -0.4127068 0.7437360
vn 0.5330147 -0.4028882 0.7440272
vn 0.5470885 -0.3824471 0.7445995
vn 0.5671371 -0.3503692 0.7453838
vn 0.5901656 -0.3086063 0.7459670
vn 0.6124409 -0.2617260 0.7459327
vn 0.6308542 -0.2159323 0.7452491
vn 0.6437910 -0.1775226 0.7443244
vn 0.6512467 -0.1511407 0.7436627
vn 0.6543648 -0.1382814 0.7434278
vn 0.6548262 -0.1364621 0.7433578
vn 0.6543786 -0.1394934 0.7431892
vn 0.6544501 -0.1390787 0.7432040
vn 0.6113497 -0.1189517 0.7823695
vn 0.6126156 -0.0918773 0.7850228
vn 0.6122760 -0.0466824 0.7892647
vn 0.6077397 0.0153560 0.7939878
vn 0.5966654 0.0898295 0.7974466
vn 0.5780728 0.1699108 0.7980991
vn 0.5531221 0.2476564 0.7954384
vn 0.5251135 0.3156802 0.7903175
vn 0.4986327 0.3685801 0.7845471
vn 0.4782017 0.4036482 0.7799944
vn 0.4668999 0.4209622 0.7776858
vn 0.4652844 0.4232786 0.7773967
vn 0.4709363 0.4158414 0.7780070
vn 0.4790121 0.4056567 0.7784536
vn 0.4837712 0.3998188 0.7785309
vn 0.4803156 0.4034094 0.7788182
vn 0.4657158 0.4181430 0.7799136
vn 0.4394203 0.4423694 0.7818050
vn 0.4032669 0.4721250 0.7838838
vn 0.3611826 0.5026318 0.7854352
vn 0.3184027 0.5297326 0.7861317
vn 0.2801874 0.5508603 0.7861603
vn 0.2503460 0.5653331 0.7859551
vn 0.2300285 0.5740753 0.7858272
vn 0.2171813 0.5790457 0.7858361
vn 0.2069364 0.5825796 0.7859888
vn 0.1929244 0.5866937 0.7864926
vn 0.1690595 0.5924182 0.7876925
vn 0.1311096 0.5993649 0.7896658
vn 0.0776662 0.6057712 0.7918391
vn 0.0105314 0.6091081 0.7930173
vn -0.0654336 0.6071182 0.7919128
vn -0.1431131 0.5989281 0.7879110
vn -0.2145897 0.5857239 0.7815874
vn -0.2728083 0.5706031 0.7745887
vn -0.3128459 0.5576278 0.7688814
vn -0.3325863 0.5504544 0.7657586
vn -0.3331151 0.5509787 0.7651515
vn -0.3190737 0.5584302 0.7657334
vn -0.2984524 0.5694222 0.7659533
vn -0.2809068 0.5791342 0.7653071
vn -0.2748058 0.5829232 0.7646453
vn -0.2847373 0.5773555 0.7652355
vn -0.3108006 0.5605135 0.7676116
vn -0.3494194 0.5321341 0.7711935
vn -0.3948250 0.4938497 0.7747423
vn -0.4407092 0.4492301 0.7771536
vn -0.4817512 0.4032123 0.7780332
vn -0.5146591 0.3608874 0.7777444
vn -0.5384795 0.3260530 0.7770002
vn -0.5542719 0.3000593 0.7763679
vn -0.5644554 0.2813145 0.7760492
vn -0.5720430 0.2656332 0.7760192
vn -0.5798170 0.2473937 0.7762787
vn -0.5895258 0.2211424 0.7768883
vn -0.6013448 0.1830946 0.7777280
vn -0.6138703 0.1321550 0.7782662
vn -0.6247339 0.0703628 0.7776610
vn -0.6316644 0.0027083 0.7752372
vn -0.6335830 -0.0637640 0.7710426
vn -0.6312054 -0.1214407 0.7660495
vn -0.6268176 -0.1637597 0.7617627
vn -0.6233187 -0.1865397 0.7593923
vn -0.6229614 -0.1889925 0.7590790
vn -0.6263455 -0.1745318 0.7597565
vn -0.6321759 -0.1509117 0.7599864
vn -0.6379194 -0.1286905 0.7592744
vn -0.6407715 -0.1180183 0.7586063
vn -0.6381645 -0.1255680 0.7595912
vn -0.6278237 -0.1533073 0.7631083
vn -0.6079594 -0.1989497 0.7686380
vn -0.5778830 -0.2570930 0.7745672
vn -0.5387522 -0.3205849 0.7790837
vn -0.4938552 -0.3820994 0.7810935
vn -0.4480354 -0.4357015 0.7806590
vn -0.4063862 -0.4778974 0.7787582
vn -0.3727664 -0.5078713 0.7766028
vn -0.3486680 -0.5270780 0.7749964
vn -0.3327273 -0.5385636 0.7741071
vn -0.3210250 -0.5461932 0.7737028
vn -0.3081827 -0.5537498 0.7735532
vn -0.2889426 -0.5639593 0.7736033
vn -0.2596695 -0.5777544 0.7738033
vn -0.2193513 -0.5941441 0.7738719
vn -0.1699747 -0.6107928 0.7733309
vn -0.1162580 -0.6250853 0.7718500
vn -0.0647152 -0.6352215 0.7696139
vn -0.0221856 -0.6408415 0.7673526
vn 0.0058215 -0.6429153 0.7659152
vn 0.0166325 -0.6430457 0.7656472
vn 0.0115574 -0.6426463 0.7660758
vn -0.0037149 -0.6424573 0.7663125
vn -0.0201650 -0.6425302 0.7659950
vn -0.0280460 -0.6423715 0.7658801
vn -0.0197791 -0.6408884 0.7673792
vn 0.0083954 -0.6362501 0.7714372
vn 0.0562345 -0.6260728 0.7777343
vn 0.1200386 -0.6081227 0.7847149
vn 0.1934783 -0.5813496 0.7903156
vn 0.2687910 -0.5467686 0.7929663
vn 0.3383833 -0.5076493 0.7923313
vn 0.3963953 -0.4687816 0.7893761
vn 0.4396270 -0.4351102 0.7857527
vn 0.4676517 -0.4103007 0.7829146
vn 0.4824376 -0.3956521 0.7814815
vn 0.4878259 -0.3895910 0.7811816
vn 0.4888528 -0.3879659 0.7813484
vn 0.4906908 -0.3852230 0.7815534
vn 0.4972955 -0.3760833 0.7818302
vn 0.5103302 -0.3570169 0.7823694
vn 0.5289220 -0.3270808 0.7831090
vn 0.5503164 -0.2881177 0.7836709
vn 0.5710746 -0.2444006 0.7836723
vn 0.5883031 -0.2017034 0.7830806
vn 0.6004525 -0.1658803 0.7822663
vn 0.6074601 -0.1412585 0.7816894
vn 0.6103701 -0.1292451 0.7815012
vn 0.6107767 -0.1275413 0.7814634
vn 0.6103398 -0.1303821 0.7813359
vn 0.6103643 -0.1300184 0.7813774
vn 0.5662194 -0.1104684 0.8168184
vn 0.5670839 -0.0853777 0.8192231
vn 0.5663052 -0.0435175 0.8230459
vn 0.5616059 0.0138669 0.8272886
vn 0.5510104 0.0826795 0.8303925
vn 0.5337672 0.1566864 0.8309885
vn 0.5109690 0.2286768 0.8286239
vn 0.4855385 0.2918908 0.8240462
vn 0.4615260 0.3412611 0.8188618
vn 0.4429713 0.3741151 0.8147480
vn 0.4326810 0.3903838 0.8126424
vn 0.4312177 0.3925941 0.8123553
vn 0.4364341 0.3856773 0.8128827
vn 0.4439212 0.3762066 0.8132666
vn 0.4483705 0.3707789 0.8133185
vn 0.4451894 0.3740750 0.8135566
vn 0.4316119 0.3876499 0.8145175
vn 0.4071357 0.4099690 0.8161899
vn 0.3735228 0.4373920 0.8180275
vn 0.3344658 0.4655440 0.8193909
vn 0.2948244 0.4906080 0.8199892
vn 0.2594456 0.5101974 0.8199918
vn 0.2318309 0.5236422 0.8197885
vn 0.2130359 0.5317663 0.8196586
vn 0.2011631 0.5363756 0.8196552
vn 0.1917072 0.5396318 0.8197840
vn 0.1787642 0.5433841 0.8202299
vn 0.1566902 0.5485541 0.8213018
vn 0.1215766 0.5547749 0.8230698
vn 0.0721517 0.5604731 0.8250236
vn 0.0101006 0.5634333 0.8260998
vn -0.0601258 0.5617018 0.8251521
vn -0.1320523 0.5545228 0.8216244
vn -0.1984374 0.5429081 0.8160106
vn -0.2527170 0.5295388 0.8097671
vn -0.2901825 0.5179930 0.8046598
vn -0.3087129 0.5115690 0.8018687
vn -0.3092596 0.5120586 0.8013454
vn -0.2961936 0.5188765 0.8018956
vn -0.2770230 0.5290224 0.8021182
vn -0.2607396 0.5380716 0.8015571
vn -0.2550802 0.5416317 0.8009801
vn -0.2642590 0.5363872 0.8015335
vn -0.2883361 0.5205106 0.8036983
vn -0.3239884 0.4938335 0.8069448
vn -0.3659043 0.4580050 0.8101515
vn -0.4083066 0.4164306 0.8123246
vn -0.4463188 0.3736931 0.8131131
vn -0.4768881 0.3344552 0.8128453
vn -0.4990803 0.3021771 0.8121624
vn -0.5138240 0.2780818 0.8115758
vn -0.5233375 0.2606942 0.8112684
vn -0.5304133 0.2461442 0.8112180
vn -0.5376297 0.2292252 0.8114247
vn -0.5466013 0.2048820 0.8119423
vn -0.5575022 0.1696136 0.8126638
vn -0.5690855 0.1224207 0.8131143
vn -0.5792463 0.0651922 0.8125415
vn -0.5859543 0.0025093 0.8103402
vn -0.5882010 -0.0591646 0.8065476
vn -0.5865354 -0.1127964 0.8020307
vn -0.5829124 -0.1522438 0.7981447
vn -0.5799024 -0.1735285 0.7959906
vn -0.5795949 -0.1758608 0.7957026
vn -0.5826647 -0.1624289 0.7963157
vn -0.5880607 -0.1404784 0.7965240
vn -0.5934836 -0.1198267 0.7958761
vn -0.5962236 -0.1098872 0.7952624
vn -0.5937206 -0.1168446 0.7961427
vn -0.5837712 -0.1424993 0.7993154
vn -0.5647876 -0.1846834 0.8043053
vn -0.5363260 -0.2383677 0.8096513
vn -0.4996517 -0.2969788 0.8137271
vn -0.4578887 -0.3538365 0.8155597
vn -0.4154657 -0.4035159 0.8152075
vn -0.3769806 -0.4427602 0.8135411
vn -0.3459137 -0.4707244 0.8116417
vn -0.3236139 -0.4886732 0.8102299
vn -0.3088300 -0.4994003 0.8094587
vn -0.2979564 -0.5065030 0.8091209
vn -0.2860241 -0.5135101 0.8090102
vn -0.2681598 -0.5229571 0.8090774
vn -0.2409915 -0.5357173 0.8092775
vn -0.2035867 -0.5509022 0.8093573
vn -0.1577911 -0.5663979 0.8088853
vn -0.1079643 -0.5798177 0.8075613
vn -0.0601188 -0.5894733 0.8055476
vn -0.0205879 -0.5949485 0.8035001
vn 0.0054944 -0.5970461 0.8021881
vn 0.0156119 -0.5972149 0.8019293
vn 0.0109612 -0.5968196 0.8023006
vn -0.0031818 -0.5966442 0.8024996
vn -0.0184477 -0.5967759 0.8021958
vn -0.0257799 -0.5966751 0.8020687
vn -0.0181224 -0.5951761 0.8033909
vn 0.0080070 -0.5904811 0.8070118
vn 0.0523202 -0.5804230 0.8126326
vn 0.1113154 -0.5631174 0.8188454
vn 0.1791321 -0.5378242 0.8238063
vn 0.2486909 -0.5056300 0.8261302
vn 0.3130971 -0.4695433 0.8255297
vn 0.3669715 -0.4338513 0.8228639
vn 0.4072712 -0.4029689 0.8196013
vn 0.4334670 -0.3801958 0.8170419
vn 0.4472941 -0.3667246 0.8157457
vn 0.4523097 -0.3611398 0.8154716
vn 0.4532287 -0.3596466 0.8156213
vn 0.4548813 -0.3571261 0.8158088
vn 0.4609365 -0.3486798 0.8160637
vn 0.4729257 -0.3310204 0.8165579
vn 0.4900489 -0.3032752 0.8172369
vn 0.5097889 -0.2671709 0.8177622
vn 0.5289978 -0.2266768 0.8177891
vn 0.5450006 -0.1871316 0.8172858
vn 0.5563239 -0.1539421 0.8165816
vn 0.5628579 -0.1311142 0.8160883
vn 0.5655498 -0.1199640 0.8159424
vn 0.5658995 -0.1183776 0.8159316
vn 0.5654705 -0.1210220 0.8158411
vn 0.5654482 -0.1207091 0.8159030
vn 0.5202564 -0.1017422 0.8479280
vn 0.5207791 -0.0786856 0.8500575
vn 0.5196593 -0.0402340 0.8534257
vn 0.5149116 0.0124161 0.8571533
vn 0.5048863 0.0754915 0.8598784
vn 0.4890255 0.1433422 0.8604110
vn 0.4683475 0.2094692 0.8583550
vn 0.4454242 0.2677330 0.8543514
vn 0.4238085 0.3134240 0.8497951
vn 0.4070826 0.3439435 0.8461599
vn 0.3977836 0.3591029 0.8442827
vn 0.3964685 0.3611978 0.8440077
vn 0.4012461 0.3548219 0.8444543
vn 0.4081339 0.3460881 0.8447779
vn 0.4122626 0.3410809 0.8448097
vn 0.4093641 0.3440801 0.8450029
vn 0.3968505 0.3564875 0.8458288
vn 0.3742660 0.3768890 0.8472778
vn 0.3432807 0.4019674 0.8488702
vn 0.3073338 0.4277467 0.8500463
vn 0.2708986 0.4507480 0.8505529
vn 0.2384074 0.4687692 0.8505394
vn 0.2130550 0.4811603 0.8503483
vn 0.1958044 0.4886496 0.8502248
vn 0.1849174 0.4928890 0.8502153
vn 0.1762593 0.4958640 0.8503244
vn 0.1644015 0.4992578 0.8507137
vn 0.1441522 0.5038900 0.8516543
vn 0.1119291 0.5094180 0.8532088
vn 0.0665910 0.5144468 0.8549328
vn 0.0096992 0.5170499 0.8559003
vn -0.0547018 0.5155491 0.8551122
vn -0.1207622 0.5092967 0.8520759
vn -0.1819085 0.4991504 0.8472061
vn -0.2320874 0.4874127 0.8417626
vn -0.2668437 0.4772099 0.8372963
vn -0.2840870 0.4714918 0.8348593
vn -0.2846416 0.4719338 0.8344205
vn -0.2725852 0.4781117 0.8349291
vn -0.2549087 0.4873908 0.8351477
vn -0.2399152 0.4957429 0.8346734
vn -0.2346997 0.4990524 0.8341839
vn -0.2431034 0.4941547 0.8346927
vn -0.2651546 0.4793260 0.8366239
vn -0.2977929 0.4544780 0.8395053
vn -0.3361683 0.4212456 0.8423437
vn -0.3750315 0.3828421 0.8442650
vn -0.4099477 0.3434845 0.8449623
vn -0.4381085 0.3074092 0.8447251
vn -0.4586103 0.2777450 0.8441175
vn -0.4722592 0.2555920 0.8435899
vn -0.4810727 0.2395957 0.8433048
vn -0.4876172 0.2262083 0.8432433
vn -0.4942627 0.2106480 0.8434049
vn -0.5024891 0.1882675 0.8438365
vn -0.5124669 0.1558543 0.8444448
vn -0.5230975 0.1125018 0.8448150
vn -0.5325240 0.0599432 0.8442896
vn -0.5389451 0.0023501 0.8423376
vn -0.5414264 -0.0543951 0.8389867
vn -0.5403732 -0.1038482 0.8349925
vn -0.5374378 -0.1403107 0.8315488
vn -0.5348785 -0.1600339 0.8296350
vn -0.5346160 -0.1622375 0.8293761
vn -0.5373763 -0.1498715 0.8299188
vn -0.5423272 -0.1296462 0.8301043
vn -0.5473999 -0.1106125 0.8295289
vn -0.5500065 -0.1014285 0.8289783
vn -0.5476337 -0.1077803 0.8297474
vn -0.5381715 -0.1313038 0.8325447
vn -0.5202236 -0.1699656 0.8369463
vn -0.4935530 -0.2191250 0.8416589
vn -0.4594897 -0.2727890 0.8452546
vn -0.4209693 -0.3249118 0.8468867
vn -0.3820095 -0.3705723 0.8466079
vn -0.3467307 -0.4067605 0.8451768
vn -0.3182490 -0.4326230 0.8435372
vn -0.2977760 -0.4492488 0.8423212
vn -0.2841734 -0.4591790 0.8416651
vn -0.2741513 -0.4657331 0.8413880
vn -0.2631570 -0.4721738 0.8413087
vn -0.2467110 -0.4808400 0.8413837
vn -0.2217108 -0.4925428 0.8415735
vn -0.1873029 -0.5064926 0.8416549
vn -0.1451865 -0.5207914 0.8412474
vn -0.0993554 -0.5332787 0.8400848
vn -0.0553134 -0.5423860 0.8383065
vn -0.0188760 -0.5476580 0.8364894
vn 0.0052130 -0.5497474 0.8353147
vn 0.0146058 -0.5499521 0.8350685
vn 0.0103844 -0.5495735 0.8353808
vn -0.0026013 -0.5494188 0.8355430
vn -0.0166512 -0.5496036 0.8352596
vn -0.0234205 -0.5495603 0.8351257
vn -0.0163937 -0.5480836 0.8362629
vn 0.0076304 -0.5434331 0.8394178
vn 0.0483350 -0.5336558 0.8443194
vn 0.1024400 -0.5171823 0.8497226
vn 0.1645660 -0.4935325 0.8540162
vn 0.2283044 -0.4638261 0.8560038
vn 0.2874386 -0.4308068 0.8554441
vn 0.3370669 -0.3982858 0.8530852
vn 0.3743249 -0.3701783 0.8502052
vn 0.3986093 -0.3494342 0.8479424
vn 0.4114360 -0.3371413 0.8467917
vn 0.4160714 -0.3320360 0.8465439
vn 0.4168903 -0.3306768 0.8466731
vn 0.4183654 -0.3283826 0.8468384
vn 0.4238726 -0.3206449 0.8470649
vn 0.4348125 -0.3044260 0.8475040
vn 0.4504578 -0.2789239 0.8481092
vn 0.4685258 -0.2457409 0.8485841
vn 0.4861565 -0.2085338 0.8486257
vn 0.5008967 -0.1721997 0.8482038
vn 0.5113593 -0.1416934 0.8476053
vn 0.5173981 -0.1206949 0.8471906
vn 0.5198659 -0.1104255 0.8470807
vn 0.5201603 -0.1089578 0.8470900
vn 0.5197406 -0.1113992 0.8470301
vn 0.5196758 -0.1111363 0.8471044
vn 0.4734027 -0.0927594 0.8759484
vn 0.4736457 -0.0717895 0.8777847
vn 0.4722833 -0.0368243 0.8806773
vn 0.4676013 0.0110048 0.8838710
vn 0.4582378 0.0682584 0.8862048
vn 0.4437948 0.1298624 0.8866690
vn 0.4252102 0.1900107 0.8849250
vn 0.4047292 0.2431785 0.8815092
vn 0.3854427 0.2850367 0.8776036
vn 0.3704989 0.3130981 0.8744713
vn 0.3621697 0.3270813 0.8728407
vn 0.3609958 0.3290495 0.8725872
vn 0.3653278 0.3232344 0.8729577
vn 0.3716023 0.3152600 0.8732255
vn 0.3753970 0.3106831 0.8732429
vn 0.3727871 0.3133814 0.8733968
vn 0.3613771 0.3246089 0.8740913
vn 0.3407562 0.3430772 0.8753189
vn 0.3124855 0.3657925 0.8766691
vn 0.2797322 0.3891744 0.8776635
vn 0.2465730 0.4100805 0.8780864
vn 0.2170223 0.4264983 0.8780663
vn 0.1939688 0.4378062 0.8778963
vn 0.1782848 0.4446413 0.8777862
vn 0.1683949 0.4485001 0.8777761
vn 0.1605426 0.4511887 0.8778695
vn 0.1497864 0.4542258 0.8782044
vn 0.1313972 0.4583348 0.8790131
vn 0.1021223 0.4631996 0.8803506
vn 0.0609455 0.4675946 0.8818395
vn 0.0092973 0.4698585 0.8826928
vn -0.0491813 0.4685629 0.8820601
vn -0.1092529 0.4631583 0.8795159
vn -0.1650065 0.4543662 0.8753995
vn -0.2109176 0.4441464 0.8707742
vn -0.2428245 0.4352043 0.8669680
vn -0.2587024 0.4301510 0.8648949
vn -0.2592562 0.4305348 0.8645380
vn -0.2482461 0.4360682 0.8649962
vn -0.2321103 0.4444614 0.8652045
vn -0.2184366 0.4520834 0.8648156
vn -0.2136679 0.4551226 0.8644128
vn -0.2212727 0.4505979 0.8648699
vn -0.2412554 0.4369027 0.8665517
vn -0.2708280 0.4140138 0.8690482
vn -0.3056062 0.3835206 0.8715026
vn -0.3408662 0.3484171 0.8731642
vn -0.3726134 0.3125428 0.8737713
vn -0.3982896 0.2797094 0.8735720
vn -0.4170334 0.2527198 0.8730498
vn -0.4295364 0.2325556 0.8725917
vn -0.4376153 0.2179869 0.8723386
vn -0.4436045 0.2057950 0.8722749
vn -0.4496610 0.1916334 0.8723999
vn -0.4571283 0.1712732 0.8727538
vn -0.4661720 0.1417950 0.8732571
vn -0.4758328 0.1023824 0.8735565
vn -0.4844883 0.0546078 0.8730917
vn -0.4905540 0.0022314 0.8714079
vn -0.4931739 -0.0494456 0.8685244
vn -0.4926317 -0.0945785 0.8650832
vn -0.4903056 -0.1279370 0.8621093
vn -0.4881578 -0.1460291 0.8604519
vn -0.4879351 -0.1480955 0.8602250
vn -0.4903906 -0.1368343 0.8606936
vn -0.4948847 -0.1183928 0.8608555
vn -0.4995760 -0.1010284 0.8603587
vn -0.5020263 -0.0926240 0.8598782
vn -0.4998096 -0.0983555 0.8605327
vn -0.4909319 -0.1196975 0.8629359
vn -0.4741777 -0.1547667 0.8667195
vn -0.4494789 -0.1993277 0.8707681
vn -0.4181873 -0.2479701 0.8738594
vn -0.3830266 -0.2952732 0.8752739
vn -0.3476061 -0.3368139 0.8750579
vn -0.3155853 -0.3698398 0.8738561
vn -0.2897299 -0.3935082 0.8724723
vn -0.2711183 -0.4087468 0.8714476
vn -0.2587266 -0.4178435 0.8709003
vn -0.2495835 -0.4238286 0.8706764
vn -0.2395597 -0.4296873 0.8706204
vn -0.2245796 -0.4375556 0.8706946
vn -0.2018167 -0.4481794 0.8708647
vn -0.1704959 -0.4608644 0.8709392
vn -0.1321638 -0.4739234 0.8705914
vn -0.0904414 -0.4854193 0.8695909
vn -0.0503156 -0.4939113 0.8680553
vn -0.0170718 -0.4989220 0.8664787
vn 0.0049515 -0.5009708 0.8654500
vn 0.0135860 -0.5012080 0.8652202
vn 0.0097981 -0.5008577 0.8654742
vn -0.0020021 -0.5007290 0.8656018
vn -0.0148033 -0.5009587 0.8653446
vn -0.0209951 -0.5009704 0.8652097
vn -0.0146216 -0.4995525 0.8661602
vn 0.0072335 -0.4950459 0.8688367
vn 0.0442404 -0.4857083 0.8730007
vn 0.0933657 -0.4702513 0.8775799
vn 0.1497223 -0.4484059 0.8812011
vn 0.2075622 -0.4212894 0.8828551
vn 0.2613289 -0.3913775 0.8823439
vn 0.3065966 -0.3620295 0.8803029
vn 0.3406999 -0.3366885 0.8778180
vn 0.3629887 -0.3179701 0.8758620
vn 0.3747732 -0.3068577 0.8748619
vn 0.3790213 -0.3022353 0.8746409
vn 0.3797489 -0.3010115 0.8747473
vn 0.3810554 -0.2989476 0.8748869
vn 0.3860173 -0.2919342 0.8750800
vn 0.3959045 -0.2771918 0.8754566
vn 0.4100630 -0.2539888 0.8759783
vn 0.4264421 -0.2237949 0.8763920
vn 0.4424673 -0.1899446 0.8764381
vn 0.4559104 -0.1568863 0.8760893
vn 0.4654806 -0.1291173 0.8755892
vn 0.4710061 -0.1099861 0.8752464
vn 0.4732468 -0.1006161 0.8751651
vn 0.4734908 -0.0992685 0.8751870
vn 0.4730851 -0.1014996 0.8751505
vn 0.4729860 -0.1012855 0.8752288
vn 0.4255822 -0.0835100 0.9010582
vn 0.4256082 -0.0646820 0.9025929
vn 0.4241012 -0.0332857 0.9050029
vn 0.4195974 0.0096290 0.9076593
vn 0.4109865 0.0609672 0.9096005
vn 0.3979995 0.1162243 0.9099936
vn 0.3814876 0.1702706 0.9085566
vn 0.3633910 0.2181912 0.9057260
vn 0.3463711 0.2560592 0.9024748
vn 0.3331653 0.2815359 0.8998547
vn 0.3257840 0.2942737 0.8984808
vn 0.3247424 0.2961026 0.8982570
vn 0.3286190 0.2908676 0.8985575
vn 0.3342634 0.2836752 0.8987749
vn 0.3377083 0.2795381 0.8987834
vn 0.3353914 0.2819298 0.8989039
vn 0.3251242 0.2919619 0.8994735
vn 0.3065385 0.3084764 0.9004868
vn 0.2810703 0.3288038 0.9016028
vn 0.2515966 0.3497569 0.9024241
vn 0.2217859 0.3685295 0.9027718
vn 0.1952317 0.3833044 0.9027526
vn 0.1745166 0.3934962 0.9026100
vn 0.1604229 0.3996557 0.9025186
vn 0.1515420 0.4031221 0.9025118
vn 0.1445043 0.4055184 0.9025926
vn 0.1348671 0.4081996 0.9028754
vn 0.1183758 0.4117982 0.9035538
vn 0.0921115 0.4160273 0.9046750
vn 0.0551775 0.4198216 0.9059279
vn 0.0088662 0.4217637 0.9066624
vn -0.0435829 0.4206508 0.9061752
vn -0.0975341 0.4160221 0.9041088
vn -0.1477343 0.4084788 0.9007328
vn -0.1892068 0.3996707 0.8969192
vn -0.2181221 0.3919118 0.8937717
vn -0.2325561 0.3874859 0.8920607
vn -0.2331016 0.3878032 0.8917804
vn -0.2231773 0.3926894 0.8921810
vn -0.2086316 0.4001793 0.8923729
vn -0.1963102 0.4070402 0.8920653
vn -0.1919924 0.4097914 0.8917454
vn -0.1987745 0.4056686 0.8921444
vn -0.2166447 0.3931949 0.8935675
vn -0.2430969 0.3723974 0.8956696
vn -0.2742170 0.3447890 0.8977336
vn -0.3058055 0.3131170 0.8991333
vn -0.3343062 0.2808320 0.8996514
vn -0.3574177 0.2513227 0.8994940
vn -0.3743324 0.2270711 0.8990628
vn -0.3856357 0.2089441 0.8986810
vn -0.3929425 0.1958405 0.8984669
vn -0.3983494 0.1848780 0.8984085
vn -0.4037953 0.1721564 0.8985052
vn -0.4104859 0.1538759 0.8987900
vn -0.4185792 0.1274153 0.8991979
vn -0.4272484 0.0920464 0.8994366
vn -0.4350915 0.0491758 0.8990424
vn -0.4407306 0.0021500 0.8976368
vn -0.4433916 -0.0443128 0.8952320
vn -0.4432582 -0.0849782 0.8923569
vn -0.4414620 -0.1151089 0.8898659
vn -0.4396859 -0.1314980 0.8884732
vn -0.4394976 -0.1334183 0.8882800
vn -0.4416526 -0.1233025 0.8886729
vn -0.4456777 -0.1067056 0.8888112
vn -0.4499550 -0.0910637 0.8883962
vn -0.4522249 -0.0834636 0.8879901
vn -0.4501899 -0.0885593 0.8885304
vn -0.4419951 -0.1076666 0.8905326
vn -0.4265946 -0.1390688 0.8936873
vn -0.4040512 -0.1789516 0.8970613
vn -0.3756962 -0.2224912 0.8996388
vn -0.3440186 -0.2648840 0.9008261
vn -0.3122215 -0.3022012 0.9006621
vn -0.2835183 -0.3319575 0.8996786
vn -0.2603363 -0.3533402 0.8985409
vn -0.2436261 -0.3671284 0.8976988
vn -0.2324789 -0.3753559 0.8972522
vn -0.2242453 -0.3807530 0.8970737
vn -0.2152276 -0.3860153 0.8970336
vn -0.2017642 -0.3930691 0.8970997
vn -0.1813113 -0.4025927 0.8972432
vn -0.1531723 -0.4139837 0.8973047
vn -0.1187346 -0.4257602 0.8970119
vn -0.0812387 -0.4362066 0.8961719
vn -0.0451458 -0.4440165 0.8948806
vn -0.0151993 -0.4487076 0.8935494
vn 0.0046835 -0.4506825 0.8926720
vn 0.0125249 -0.4509472 0.8924627
vn 0.0091743 -0.4506346 0.8926614
vn -0.0014112 -0.4505350 0.8927576
vn -0.0129300 -0.4507996 0.8925315
vn -0.0185293 -0.4508613 0.8924017
vn -0.0128325 -0.4495357 0.8931702
vn 0.0067872 -0.4452693 0.8953710
vn 0.0400026 -0.4365262 0.8988018
vn 0.0840504 -0.4222650 0.9025673
vn 0.1345481 -0.4023810 0.9055310
vn 0.1863999 -0.3779562 0.9068650
vn 0.2346941 -0.3511959 0.9064106
vn 0.2754797 -0.3250287 0.9046918
vn 0.3063113 -0.3024514 0.9026054
vn 0.3265178 -0.2857589 0.9009595
vn 0.3372165 -0.2758310 0.9001124
vn 0.3410693 -0.2716949 0.8999187
vn 0.3417145 -0.2706077 0.9000015
vn 0.3428613 -0.2687775 0.9001138
vn 0.3472804 -0.2625051 0.9002707
vn 0.3561107 -0.2492775 0.9005809
vn 0.3687725 -0.2284334 0.9010133
vn 0.3834448 -0.2013018 0.9013588
vn 0.3978371 -0.1708842 0.9014012
vn 0.4099497 -0.1411721 0.9011169
vn 0.4185978 -0.1161991 0.9007073
vn 0.4235937 -0.0989762 0.9004288
vn 0.4256066 -0.0905256 0.9003689
vn 0.4258074 -0.0892993 0.9003964
vn 0.4254232 -0.0913123 0.9003761
vn 0.4253004 -0.0911457 0.9004510
vn 0.3767169 -0.0739905 0.9233687
vn 0.3765880 -0.0573618 0.9246032
vn 0.3750322 -0.0296206 0.9265384
vn 0.3708156 0.0082802 0.9286696
vn 0.3630465 0.0536014 0.9302280
vn 0.3515557 0.1024028 0.9305495
vn 0.3371017 0.1502165 0.9294070
vn 0.3213392 0.1927348 0.9271432
vn 0.3065298 0.2264529 0.9245315
vn 0.2950210 0.2492168 0.9224173
vn 0.2885667 0.2606387 0.9213017
vn 0.2876473 0.2623148 0.9211135
vn 0.2910571 0.2576790 0.9213508
vn 0.2960526 0.2512914 0.9215235
vn 0.2991308 0.2476038 0.9215276
vn 0.2971108 0.2496826 0.9216202
vn 0.2880250 0.2585012 0.9220731
vn 0.2715463 0.2730372 0.9228832
vn 0.2489696 0.2909467 0.9237771
vn 0.2228637 0.3094344 0.9244361
vn 0.1964775 0.3260311 0.9247164
vn 0.1729794 0.3391203 0.9247029
vn 0.1546449 0.3481616 0.9245910
vn 0.1421674 0.3536234 0.9245209
vn 0.1343090 0.3566853 0.9245197
vn 0.1280956 0.3587835 0.9245896
vn 0.1195967 0.3611096 0.9248224
vn 0.1050437 0.3642099 0.9253740
vn 0.0818562 0.3678291 0.9262836
vn 0.0492523 0.3710547 0.9273040
vn 0.0083789 0.3726931 0.9279168
vn -0.0379258 0.3717444 0.9275601
vn -0.0856187 0.3678276 0.9259440
vn -0.1301017 0.3614372 0.9232750
vn -0.1669641 0.3539431 0.9202431
vn -0.1927460 0.3472962 0.9177332
vn -0.2056588 0.3434641 0.9163716
vn -0.2061902 0.3437093 0.9161602
vn -0.1973930 0.3479477 0.9164979
vn -0.1844889 0.3545187 0.9166681
vn -0.1735541 0.3605899 0.9164354
vn -0.1696930 0.3630380 0.9161919
vn -0.1756299 0.3593479 0.9165278
vn -0.1913440 0.3481854 0.9176897
vn -0.2146208 0.3296124 0.9193985
vn -0.2420214 0.3050344 0.9210753
vn -0.2698687 0.2769256 0.9222164
vn -0.2950448 0.2483368 0.9226469
vn -0.3155114 0.2222346 0.9225315
vn -0.3305257 0.2007852 0.9221920
vn -0.3405747 0.1847443 0.9218885
vn -0.3470713 0.1731436 0.9217173
vn -0.3518681 0.1634447 0.9216695
vn -0.3566804 0.1522044 0.9217445
vn -0.3625744 0.1360629 0.9219689
vn -0.3696987 0.1127031 0.9222911
vn -0.3773514 0.0814827 0.9224785
vn -0.3843385 0.0436377 0.9221603
vn -0.3894789 0.0020984 0.9210330
vn -0.3920837 -0.0390020 0.9191024
vn -0.3922572 -0.0750508 0.9167888
vn -0.3909115 -0.1018291 0.9147781
vn -0.3894674 -0.1164424 0.9136500
vn -0.3893080 -0.1182075 0.9134913
vn -0.3911667 -0.1092777 0.9138091
vn -0.3947104 -0.0945869 0.9139240
vn -0.3985409 -0.0807214 0.9135914
vn -0.4006058 -0.0739505 0.9132614
vn -0.3987773 -0.0783947 0.9136908
vn -0.3913630 -0.0952133 0.9152975
vn -0.3774756 -0.1228721 0.9178315
vn -0.3572705 -0.1579945 0.9205409
vn -0.3320175 -0.1963471 0.9226116
vn -0.3039488 -0.2337371 0.9235703
vn -0.2758631 -0.2667266 0.9234481
vn -0.2505410 -0.2931073 0.9226686
vn -0.2300832 -0.3121145 0.9217626
vn -0.2153165 -0.3243908 0.9210914
vn -0.2054489 -0.3317149 0.9207366
vn -0.1981566 -0.3365057 0.9205965
vn -0.1901816 -0.3411577 0.9205664
vn -0.1782864 -0.3473810 0.9206196
vn -0.1602175 -0.3557833 0.9207326
vn -0.1353557 -0.3658513 0.9207778
vn -0.1049233 -0.3763030 0.9205363
vn -0.0717723 -0.3856420 0.9198527
vn -0.0398295 -0.3927032 0.9188024
vn -0.0132844 -0.3970160 0.9177155
vn 0.0043829 -0.3988822 0.9169917
vn 0.0113962 -0.3991676 0.9168072
vn 0.0084870 -0.3988997 0.9169553
vn -0.0008543 -0.3988301 0.9170244
vn -0.0110564 -0.3991170 0.9168333
vn -0.0160479 -0.3992211 0.9167142
vn -0.0110511 -0.3980181 0.9173110
vn 0.0062659 -0.3940833 0.9190533
vn 0.0355932 -0.3860827 0.9217772
vn 0.0744606 -0.3731887 0.9247626
vn 0.1190020 -0.3554167 0.9271017
vn 0.1647668 -0.3337830 0.9281383
vn 0.2074752 -0.3102202 0.9277486
vn 0.2436520 -0.2872463 0.9263494
vn 0.2710911 -0.2674343 0.9246559
vn 0.2891262 -0.2527705 0.9233164
vn 0.2986937 -0.2440325 0.9226214
vn 0.3021420 -0.2403861 0.9224558
vn 0.3027122 -0.2394359 0.9225160
vn 0.3037071 -0.2378427 0.9226011
vn 0.3075843 -0.2323282 0.9227218
vn 0.3153517 -0.2206552 0.9229651
vn 0.3265043 -0.2022328 0.9233076
vn 0.3394501 -0.1782405 0.9235821
vn 0.3521812 -0.1513362 0.9236156
vn 0.3629298 -0.1250455 0.9233881
vn 0.3706268 -0.1029310 0.9230607
vn 0.3750780 -0.0876601 0.9228392
vn 0.3768632 -0.0801499 0.9227947
vn 0.3770291 -0.0790463 0.9228221
vn 0.3766750 -0.0808331 0.9228120
vn 0.3765405 -0.0807128 0.9228774
vn 0.3267458 -0.0642065 0.9429288
vn 0.3265214 -0.0498352 0.9438751
vn 0.3250076 -0.0258372 0.9453584
vn 0.3211823 0.0069465 0.9469919
vn 0.3143406 0.0461434 0.9481881
vn 0.3043870 0.0883746 0.9484400
vn 0.2919816 0.1298216 0.9475722
vn 0.2785106 0.1667810 0.9458414
vn 0.2658624 0.1961907 0.9438360
vn 0.2560142 0.2161147 0.9422055
vn 0.2504676 0.2261508 0.9413404
vn 0.2496606 0.2276607 0.9411908
vn 0.2525915 0.2236432 0.9413720
vn 0.2569193 0.2180834 0.9415052
vn 0.2596138 0.2148551 0.9415083
vn 0.2578943 0.2166142 0.9415778
vn 0.2500283 0.2242000 0.9419237
vn 0.2357281 0.2367305 0.9425449
vn 0.2161322 0.2521892 0.9432325
vn 0.1934834 0.2681722 0.9437414
vn 0.1705998 0.2825485 0.9439608
vn 0.1502199 0.2939090 0.9439552
vn 0.1343108 0.3017655 0.9438741
vn 0.1234774 0.3065081 0.9438252
vn 0.1166567 0.3091545 0.9438298
vn 0.1112793 0.3109498 0.9438894
vn 0.1039396 0.3129224 0.9440742
vn 0.0913671 0.3155366 0.9445045
vn 0.0713250 0.3185716 0.9452116
vn 0.0431413 0.3212598 0.9460079
vn 0.0078105 0.3226137 0.9464985
vn -0.0322315 0.3218156 0.9462536
vn -0.0735271 0.3185554 0.9450483
vn -0.1121310 0.3132324 0.9430335
vn -0.1442160 0.3069640 0.9407310
vn -0.1667273 0.3013649 0.9388191
vn -0.1780447 0.2980974 0.9377836
vn -0.1785578 0.2982677 0.9376319
vn -0.1709297 0.3018600 0.9379038
vn -0.1597194 0.3074994 0.9380479
vn -0.1502067 0.3127555 0.9378816
vn -0.1468099 0.3148884 0.9377058
vn -0.1518812 0.3116635 0.9379755
vn -0.1653985 0.3019016 0.9388817
vn -0.1854482 0.2856837 0.9402094
vn -0.2090708 0.2642782 0.9415128
vn -0.2331106 0.2398610 0.9424044
vn -0.2548877 0.2150725 0.9427492
vn -0.2726328 0.1924586 0.9426723
vn -0.2856789 0.1738739 0.9424200
vn -0.2944220 0.1599668 0.9421923
vn -0.3000723 0.1499058 0.9420642
vn -0.3042325 0.1415035 0.9420294
vn -0.3083891 0.1317843 0.9420876
vn -0.3134670 0.1178390 0.9422592
vn -0.3196034 0.0976598 0.9425053
vn -0.3262147 0.0706891 0.9426489
vn -0.3323030 0.0379872 0.9424074
vn -0.3368743 0.0020660 0.9415474
vn -0.3393286 -0.0335285 0.9400702
vn -0.3397097 -0.0648165 0.9382943
vn -0.3387369 -0.0881210 0.9367454
vn -0.3375854 -0.1008877 0.9358727
vn -0.3374495 -0.1024887 0.9357478
vn -0.3390162 -0.0947844 0.9359935
vn -0.3420667 -0.0820592 0.9360858
vn -0.3454185 -0.0700221 0.9358328
vn -0.3472541 -0.0641048 0.9355775
vn -0.3456561 -0.0678823 0.9359027
vn -0.3391172 -0.0823602 0.9371320
vn -0.3268972 -0.1062018 0.9390737
vn -0.3092071 -0.1364839 0.9411499
vn -0.2872160 -0.1695676 0.9427374
vn -0.2628786 -0.2018651 0.9434751
vn -0.2385905 -0.2304269 0.9433865
vn -0.2167123 -0.2533308 0.9427933
vn -0.1990285 -0.2698765 0.9421010
vn -0.1862468 -0.2805821 0.9415869
vn -0.1776931 -0.2869700 0.9413147
vn -0.1713727 -0.2911368 0.9412071
vn -0.1644753 -0.2951648 0.9411831
vn -0.1541980 -0.3005418 0.9412213
vn -0.1385836 -0.3078023 0.9413035
vn -0.1170906 -0.3165184 0.9413320
vn -0.0907701 -0.3256036 0.9411392
vn -0.0620779 -0.3337782 0.9406054
vn -0.0343984 -0.3400251 0.9397870
vn -0.0113548 -0.3439006 0.9389374
vn 0.0040244 -0.3456219 0.9383652
vn 0.0101759 -0.3459182 0.9382095
vn 0.0077124 -0.3456993 0.9383137
vn -0.0003555 -0.3456578 0.9383606
vn -0.0092071 -0.3459524 0.9382069
vn -0.0135750 -0.3460885 0.9381037
vn -0.0093008 -0.3450341 0.9385441
vn 0.0056476 -0.3415156 0.9398592
vn 0.0309911 -0.3343957 0.9419231
vn 0.0645742 -0.3230290 0.9441835
vn 0.1030584 -0.3075099 0.9459475
vn 0.1426327 -0.2887613 0.9467169
vn 0.1796382 -0.2684413 0.9463981
vn 0.2110771 -0.2486748 0.9453080
vn 0.2350020 -0.2316320 0.9439919
vn 0.2507755 -0.2190015 0.9429475
vn 0.2591648 -0.2114588 0.9424005
vn 0.2621971 -0.2083051 0.9422641
vn 0.2626977 -0.2074916 0.9423042
vn 0.2635463 -0.2061380 0.9423643
vn 0.2668802 -0.2013981 0.9424509
vn 0.2735760 -0.1913195 0.9426309
vn 0.2832043 -0.1753820 0.9428873
vn 0.2944013 -0.1546078 0.9430930
vn 0.3054410 -0.1312995 0.9431152
vn 0.3147915 -0.1085077 0.9429382
vn 0.3215084 -0.0893162 0.9426850
vn 0.3253998 -0.0760420 0.9425140
vn 0.3269574 -0.0694941 0.9424805
vn 0.3270964 -0.0685147 0.9425039
vn 0.3267810 -0.0700671 0.9424992
vn 0.3266463 -0.0699919 0.9425515
vn 0.2756470 -0.0541750 0.9597311
vn 0.2753814 -0.0421179 0.9604120
vn 0.2739934 -0.0219501 0.9614811
vn 0.2706552 0.0056140 0.9626600
vn 0.2648208 0.0385790 0.9635256
vn 0.2564445 0.0741246 0.9637125
vn 0.2460830 0.1090718 0.9630922
vn 0.2348681 0.1403204 0.9618457
vn 0.2243389 0.1652690 0.9603948
vn 0.2161200 0.1822315 0.9592100
vn 0.2114648 0.1908149 0.9585783
vn 0.2107618 0.1921458 0.9584673
vn 0.2132025 0.1887654 0.9585991
vn 0.2168446 0.1840565 0.9586979
vn 0.2191398 0.1812979 0.9587016
vn 0.2177249 0.1827311 0.9587519
vn 0.2111165 0.1890650 0.9590017
vn 0.1990642 0.1995629 0.9594520
vn 0.1825362 0.2125377 0.9599522
vn 0.1634325 0.2259771 0.9603250
vn 0.1441293 0.2380901 0.9604894
vn 0.1269301 0.2476807 0.9604910
vn 0.1134921 0.2543207 0.9604377
vn 0.1043320 0.2583252 0.9604077
vn 0.0985657 0.2605473 0.9604165
vn 0.0940372 0.2620371 0.9604653
vn 0.0878783 0.2636594 0.9606046
vn 0.0773288 0.2658009 0.9609215
vn 0.0604996 0.2682770 0.9614402
vn 0.0368251 0.2704593 0.9620269
vn 0.0071392 0.2715497 0.9623979
vn -0.0265251 0.2708939 0.9622437
vn -0.0612907 0.2682442 0.9613993
vn -0.0938631 0.2639146 0.9599681
vn -0.1210143 0.2587942 0.9583220
vn -0.1401272 0.2541863 0.9569502
vn -0.1497811 0.2514593 0.9562081
vn -0.1502737 0.2515550 0.9561056
vn -0.1438559 0.2545057 0.9563118
vn -0.1343899 0.2592043 0.9564269
vn -0.1263341 0.2636240 0.9563169
vn -0.1234105 0.2654332 0.9561982
vn -0.1275998 0.2627068 0.9564013
vn -0.1388853 0.2544314 0.9570661
vn -0.1556629 0.2406928 0.9580376
vn -0.1754569 0.2225935 0.9589927
vn -0.1956314 0.2019878 0.9596506
vn -0.2139438 0.1810965 0.9599126
vn -0.2288997 0.1620459 0.9598677
vn -0.2399175 0.1463836 0.9596934
vn -0.2473091 0.1346542 0.9595345
vn -0.2520815 0.1261668 0.9594461
vn -0.2555823 0.1190915 0.9594243
vn -0.2590647 0.1109298 0.9594686
vn -0.2633100 0.0992327 0.9595940
vn -0.2684424 0.0823065 0.9597730
vn -0.2739902 0.0596766 0.9598792
vn -0.2791406 0.0322240 0.9597094
vn -0.2830778 0.0020398 0.9590948
vn -0.2852935 -0.0279187 0.9580335
vn -0.2857889 -0.0543140 0.9567522
vn -0.2851151 -0.0740335 0.9556299
vn -0.2842185 -0.0848883 0.9549942
vn -0.2841008 -0.0863165 0.9549011
vn -0.2853803 -0.0798737 0.9550803
vn -0.2879270 -0.0691685 0.9551512
vn -0.2907707 -0.0590073 0.9549715
vn -0.2923543 -0.0539658 0.9547862
vn -0.2910093 -0.0570632 0.9550170
vn -0.2854345 -0.0691537 0.9559001
vn -0.2750257 -0.0891122 0.9572982
vn -0.2600139 -0.1144829 0.9587943
vn -0.2414316 -0.1422247 0.9599390
vn -0.2209368 -0.1693495 0.9604726
vn -0.2005243 -0.1933930 0.9604109
vn -0.1821463 -0.2127279 0.9599841
vn -0.1672810 -0.2267336 0.9594837
vn -0.1565208 -0.2358141 0.9591105
vn -0.1493112 -0.2412347 0.9589119
vn -0.1439897 -0.2447606 0.9588322
vn -0.1382011 -0.2481514 0.9588125
vn -0.1295856 -0.2526666 0.9588364
vn -0.1164891 -0.2587651 0.9588905
vn -0.0984472 -0.2661017 0.9589046
vn -0.0763346 -0.2737801 0.9587583
vn -0.0522042 -0.2807354 0.9583644
vn -0.0288905 -0.2861041 0.9577629
vn -0.0094398 -0.2894841 0.9571363
vn 0.0035850 -0.2910233 0.9567092
vn 0.0088439 -0.2913184 0.9565853
vn 0.0068302 -0.2911491 0.9566533
vn 0.0000632 -0.2911310 0.9566832
vn -0.0074059 -0.2914165 0.9565676
vn -0.0111353 -0.2915719 0.9564841
vn -0.0076041 -0.2906869 0.9567880
vn 0.0049145 -0.2876599 0.9577200
vn 0.0261845 -0.2815457 0.9591905
vn 0.0543843 -0.2718509 0.9608015
vn 0.0867134 -0.2587114 0.9620547
vn 0.1199955 -0.2429321 0.9625929
vn 0.1511832 -0.2258958 0.9623485
vn 0.1777584 -0.2093502 0.9615480
vn 0.1980505 -0.1950803 0.9605830
vn 0.2114739 -0.1844872 0.9598142
vn 0.2186376 -0.1781447 0.9594071
vn 0.2212402 -0.1754858 0.9593005
vn 0.2216736 -0.1748077 0.9593243
vn 0.2223788 -0.1736951 0.9593632
vn 0.2251654 -0.1697448 0.9594203
vn 0.2307782 -0.1612983 0.9595438
vn 0.2388644 -0.1479066 0.9597226
vn 0.2482880 -0.1304265 0.9598656
vn 0.2576049 -0.1107950 0.9598772
vn 0.2655227 -0.0915781 0.9597454
vn 0.2712301 -0.0753730 0.9595588
vn 0.2745458 -0.0641398 0.9594325
vn 0.2758746 -0.0585756 0.9594072
vn 0.2759932 -0.0577221 0.9594248
vn 0.2757236 -0.0590322 0.9594226
vn 0.2755989 -0.0590007 0.9594604
vn 0.2234708 -0.0439295 0.9737202
vn 0.2232110 -0.0342385 0.9741687
vn 0.2220222 -0.0179803 0.9748758
vn 0.2192559 0.0042693 0.9756581
vn 0.2144997 0.0309020 0.9762351
vn 0.2077374 0.0596547 0.9763639
vn 0.1994173 0.0879796 0.9759571
vn 0.1904295 0.1133783 0.9751318
vn 0.1819837 0.1337268 0.9741658
vn 0.1753676 0.1476172 0.9733732
vn 0.1715907 0.1546874 0.9729483
vn 0.1709853 0.1558285 0.9728728
vn 0.1729271 0.1531034 0.9729623
vn 0.1758684 0.1492673 0.9730311
vn 0.1777511 0.1469888 0.9730359
vn 0.1766459 0.1480914 0.9730700
vn 0.1713303 0.1531570 0.9732363
vn 0.1615904 0.1615982 0.9735371
vn 0.1482109 0.1720599 0.9738732
vn 0.1327338 0.1829214 0.9741260
vn 0.1170835 0.1927337 0.9742408
vn 0.1031239 0.2005192 0.9742471
vn 0.0922004 0.2059163 0.9742164
vn 0.0847420 0.2091679 0.9742010
vn 0.0800470 0.2109604 0.9742116
vn 0.0763806 0.2121450 0.9742487
vn 0.0714238 0.2134228 0.9743456
vn 0.0629366 0.2151063 0.9745605
vn 0.0493822 0.2170498 0.9749107
vn 0.0302967 0.2187579 0.9753087
vn 0.0063474 0.2196073 0.9755677
vn -0.0208380 0.2190909 0.9754819
vn -0.0489574 0.2170151 0.9749398
vn -0.0753656 0.2136169 0.9740061
vn -0.0974471 0.2095783 0.9729240
vn -0.1130510 0.2059134 0.9720181
vn -0.1209827 0.2037078 0.9715278
vn -0.1214544 0.2037325 0.9714638
vn -0.1162846 0.2060493 0.9716077
vn -0.1086085 0.2098028 0.9716928
vn -0.1020416 0.2133710 0.9716277
vn -0.0996010 0.2148519 0.9715546
vn -0.1028968 0.2126564 0.9716941
vn -0.1119247 0.2059465 0.9721414
vn -0.1253971 0.1947984 0.9727945
vn -0.1413250 0.1801235 0.9734386
vn -0.1575909 0.1634338 0.9738863
vn -0.1723879 0.1465225 0.9740706
vn -0.1845012 0.1310986 0.9740495
vn -0.1934429 0.1184072 0.9739402
vn -0.1994471 0.1088923 0.9738395
vn -0.2033177 0.1020071 0.9737846
vn -0.2061424 0.0962844 0.9737734
vn -0.2089373 0.0897107 0.9738055
vn -0.2123391 0.0803046 0.9738908
vn -0.2164570 0.0666905 0.9740117
vn -0.2209250 0.0484753 0.9740854
vn -0.2251057 0.0263573 0.9739778
vn -0.2283531 0.0020060 0.9735763
vn -0.2302524 -0.0222105 0.9728774
vn -0.2307781 -0.0436042 0.9720289
vn -0.2303360 -0.0596454 0.9712815
vn -0.2296594 -0.0685327 0.9708552
vn -0.2295553 -0.0697806 0.9707909
vn -0.2305525 -0.0646291 0.9709112
vn -0.2325877 -0.0559887 0.9709625
vn -0.2348982 -0.0477428 0.9708468
vn -0.2362102 -0.0435956 0.9707235
vn -0.2351381 -0.0460026 0.9708727
vn -0.2306058 -0.0556689 0.9714535
vn -0.2221340 -0.0716929 0.9723768
vn -0.2099417 -0.0920978 0.9733666
vn -0.1948923 -0.1144422 0.9741252
vn -0.1783320 -0.1363313 0.9744801
vn -0.1618568 -0.1557832 0.9744403
vn -0.1470218 -0.1714723 0.9741570
vn -0.1350082 -0.1828708 0.9738229
vn -0.1262974 -0.1902789 0.9735722
vn -0.1204551 -0.1947046 0.9734376
vn -0.1161533 -0.1975736 0.9733823
vn -0.1114974 -0.2003144 0.9733666
vn -0.1045787 -0.2039533 0.9733788
vn -0.0940508 -0.2088716 0.9734100
vn -0.0795264 -0.2148033 0.9734141
vn -0.0616995 -0.2210384 0.9733115
vn -0.0422147 -0.2267236 0.9730438
vn -0.0233512 -0.2311545 0.9726368
vn -0.0075696 -0.2339835 0.9722111
vn 0.0030448 -0.2353034 0.9719172
vn 0.0073849 -0.2355822 0.9718264
vn 0.0058248 -0.2354598 0.9718666
vn 0.0003821 -0.2354578 0.9718845
vn -0.0056768 -0.2357158 0.9718054
vn -0.0087542 -0.2358757 0.9717438
vn -0.0059829 -0.2351748 0.9719347
vn 0.0040536 -0.2327026 0.9725395
vn 0.0211729 -0.2277008 0.9735009
vn 0.0439041 -0.2198012 0.9745562
vn 0.0699927 -0.2091481 0.9753759
vn 0.0968923 -0.1964078 0.9757232
vn 0.1221589 -0.1826871 0.9755525
vn 0.1437562 -0.1693703 0.9750117
vn 0.1603070 -0.1578738 0.9743601
vn 0.1712979 -0.1493195 0.9738381
vn 0.1771902 -0.1441795 0.9735584
vn 0.1793480 -0.1420156 0.9734813
vn 0.1797135 -0.1414704 0.9734933
vn 0.1802749 -0.1405987 0.9735158
vn 0.1825076 -0.1374503 0.9735494
vn 0.1870240 -0.1306685 0.9736261
vn 0.1935491 -0.1198763 0.9737394
vn 0.2011741 -0.1057583 0.9738296
vn 0.2087369 -0.0898763 0.9738332
vn 0.2151880 -0.0743031 0.9737418
vn 0.2198571 -0.0611422 0.9736141
vn 0.2225806 -0.0519903 0.9735270
vn 0.2236775 -0.0474294 0.9735085
vn 0.2237796 -0.0467033 0.9735201
vn 0.2235605 -0.0477638 0.9735190
vn 0.2234529 -0.0477748 0.9735432
vn 0.1704096 -0.0335305 0.9848026
vn 0.1701931 -0.0262461 0.9850611
vn 0.1692636 -0.0139596 0.9854720
vn 0.1671382 0.0029023 0.9859292
vn 0.1635177 0.0231260 0.9862693
vn 0.1583979 0.0450036 0.9863492
vn 0.1521148 0.0666107 0.9861157
vn 0.1453272 0.0860495 0.9856346
vn 0.1389328 0.1016864 0.9850673
vn 0.1338962 0.1124152 0.9845987
vn 0.1309869 0.1179235 0.9843457
vn 0.1304756 0.1188670 0.9843001
vn 0.1319137 0.1168130 0.9843544
vn 0.1341444 0.1138686 0.9843979
vn 0.1356057 0.1120795 0.9844030
vn 0.1348155 0.1128494 0.9844236
vn 0.1308223 0.1166360 0.9845210
vn 0.1234476 0.1230051 0.9846981
vn 0.1132818 0.1309348 0.9848976
vn 0.1014969 0.1391958 0.9850497
vn 0.0895570 0.1466818 0.9851213
vn 0.0788834 0.1526381 0.9851289
vn 0.0705090 0.1567749 0.9851143
vn 0.0647755 0.1592656 0.9851084
vn 0.0611660 0.1606280 0.9851180
vn 0.0583735 0.1615116 0.9851429
vn 0.0546361 0.1624538 0.9852023
vn 0.0482419 0.1636965 0.9853305
vn 0.0380089 0.1651343 0.9855384
vn 0.0235713 0.1664000 0.9857766
vn 0.0054236 0.1670327 0.9859364
vn -0.0152122 0.1666574 0.9858975
vn -0.0366038 0.1651280 0.9855927
vn -0.0567525 0.1626109 0.9850568
vn -0.0736638 0.1595990 0.9844297
vn -0.0856756 0.1568374 0.9839013
vn -0.0918421 0.1551388 0.9836142
vn -0.0922944 0.1550993 0.9835781
vn -0.0884028 0.1567943 0.9836669
vn -0.0825519 0.1596054 0.9837232
vn -0.0774988 0.1623152 0.9836909
vn -0.0755504 0.1634685 0.9836515
vn -0.0779485 0.1618333 0.9837347
vn -0.0847072 0.1567541 0.9839984
vn -0.0948608 0.1482855 0.9843845
vn -0.1069078 0.1371263 0.9847675
vn -0.1192454 0.1244298 0.9850369
vn -0.1305005 0.1115567 0.9851521
vn -0.1397399 0.0998018 0.9851459
vn -0.1465763 0.0901127 0.9850863
vn -0.1511714 0.0828366 0.9850306
vn -0.1541266 0.0775729 0.9850012
vn -0.1562672 0.0732201 0.9849971
vn -0.1583696 0.0682545 0.9850180
vn -0.1609250 0.0611671 0.9850694
vn -0.1640264 0.0509019 0.9851418
vn -0.1674081 0.0371459 0.9851877
vn -0.1705983 0.0204127 0.9851292
vn -0.1731135 0.0019511 0.9848999
vn -0.1746333 -0.0164577 0.9844960
vn -0.1751186 -0.0327784 0.9840015
vn -0.1748500 -0.0450775 0.9835627
vn -0.1743628 -0.0519582 0.9833097
vn -0.1742683 -0.0530196 0.9832698
vn -0.1749894 -0.0491790 0.9833413
vn -0.1765092 -0.0426330 0.9833753
vn -0.1782683 -0.0363279 0.9833111
vn -0.1792939 -0.0330873 0.9832390
vn -0.1785110 -0.0347986 0.9833224
vn -0.1750837 -0.0420202 0.9836565
vn -0.1686471 -0.0540833 0.9841916
vn -0.1593810 -0.0694973 0.9847679
vn -0.1479534 -0.0864194 0.9852114
vn -0.1353871 -0.1030406 0.9854202
vn -0.1228832 -0.1178568 0.9853981
vn -0.1116109 -0.1298484 0.9852322
vn -0.1024637 -0.1385916 0.9850348
vn -0.0958155 -0.1442916 0.9848854
vn -0.0913525 -0.1477006 0.9848042
vn -0.0880821 -0.1498994 0.9847699
vn -0.0845728 -0.1519794 0.9847587
vn -0.0793713 -0.1547306 0.9847632
vn -0.0714428 -0.1584548 0.9847782
vn -0.0604766 -0.1629624 0.9847770
vn -0.0469832 -0.1677247 0.9847137
vn -0.0321965 -0.1720976 0.9845536
vn -0.0178374 -0.1755390 0.9843109
vn -0.0057757 -0.1777674 0.9840556
vn 0.0023898 -0.1788323 0.9838767
vn 0.0057923 -0.1790782 0.9838178
vn 0.0046875 -0.1789963 0.9838386
vn 0.0005851 -0.1790007 0.9838488
vn -0.0040440 -0.1792126 0.9838021
vn -0.0064594 -0.1793604 0.9837622
vn -0.0044594 -0.1788518 0.9838659
vn 0.0030586 -0.1769819 0.9842093
vn 0.0159740 -0.1731751 0.9847615
vn 0.0331790 -0.1671651 0.9853705
vn 0.0529701 -0.1590769 0.9858442
vn 0.0734251 -0.1494220 0.9860435
vn 0.0926951 -0.1390315 0.9859401
vn 0.1092265 -0.1289394 0.9856187
vn 0.1219489 -0.1202073 0.9852303
vn 0.1304390 -0.1136858 0.9849169
vn 0.1350202 -0.1097459 0.9847464
vn 0.1367176 -0.1080745 0.9846970
vn 0.1370117 -0.1076581 0.9847017
vn 0.1374261 -0.1070251 0.9847130
vn 0.1390972 -0.1046855 0.9847299
vn 0.1425046 -0.0995911 0.9847711
vn 0.1474518 -0.0914376 0.9848336
vn 0.1532566 -0.0807320 0.9848831
vn 0.1590383 -0.0686537 0.9848825
vn 0.1639931 -0.0567758 0.9848263
vn 0.1675979 -0.0467027 0.9847486
vn 0.1697135 -0.0396629 0.9846950
vn 0.1705737 -0.0361204 0.9846827
vn 0.1706605 -0.0355228 0.9846894
vn 0.1704933 -0.0363277 0.9846890
vn 0.1704064 -0.0363797 0.9847021
vn 0.1170351 -0.0231096 0.9928589
vn 0.1168880 -0.0182436 0.9929775
vn 0.1162596 -0.0099453 0.9931691
vn 0.1148215 0.0015144 0.9933850
vn 0.1123703 0.0153195 0.9935483
vn 0.1089010 0.0303115 0.9935904
vn 0.1046350 0.0451789 0.9934840
vn 0.1000098 0.0586183 0.9932582
vn 0.0956268 0.0694935 0.9929885
vn 0.0921408 0.0770162 0.9927631
vn 0.0900861 0.0809379 0.9926397
vn 0.0896681 0.0816807 0.9926167
vn 0.0906055 0.0803067 0.9926437
vn 0.0921264 0.0782637 0.9926669
vn 0.0931652 0.0769696 0.9926711
vn 0.0926935 0.0774096 0.9926810
vn 0.0900369 0.0799211 0.9927265
vn 0.0850512 0.0842249 0.9928104
vn 0.0781257 0.0896307 0.9929062
vn 0.0700555 0.0952970 0.9929807
vn 0.0618424 0.1004588 0.9930174
vn 0.0544661 0.1045853 0.9930233
vn 0.0486488 0.1074622 0.9930182
vn 0.0446459 0.1091957 0.9930171
vn 0.0421263 0.1101352 0.9930235
vn 0.0402112 0.1107278 0.9930370
vn 0.0376978 0.1113483 0.9930662
vn 0.0334038 0.1121713 0.9931273
vn 0.0265007 0.1131329 0.9932264
vn 0.0167162 0.1139890 0.9933414
vn 0.0043693 0.1144296 0.9934218
vn -0.0097212 0.1141999 0.9934102
vn -0.0243839 0.1131950 0.9932735
vn -0.0382575 0.1115161 0.9930259
vn -0.0499701 0.1094827 0.9927319
vn -0.0583606 0.1075888 0.9924811
vn -0.0627465 0.1063856 0.9923432
vn -0.0631829 0.1062922 0.9923255
vn -0.0605831 0.1073853 0.9923699
vn -0.0565700 0.1092699 0.9924011
vn -0.0530376 0.1111290 0.9923897
vn -0.0515866 0.1119627 0.9923725
vn -0.0530959 0.1109091 0.9924112
vn -0.0576022 0.1074988 0.9925351
vn -0.0644632 0.1017552 0.9927187
vn -0.0726605 0.0941497 0.9929030
vn -0.0810987 0.0854678 0.9930349
vn -0.0888313 0.0766383 0.9930939
vn -0.0952063 0.0685491 0.9930946
vn -0.0999406 0.0618571 0.9930688
vn -0.1031284 0.0568166 0.9930440
vn -0.1051713 0.0531735 0.9930315
vn -0.1066327 0.0501908 0.9930309
vn -0.1080499 0.0468327 0.9930417
vn -0.1097696 0.0420609 0.9930667
vn -0.1118674 0.0351371 0.9931017
vn -0.1141723 0.0258262 0.9931252
vn -0.1163694 0.0144575 0.9931008
vn -0.1181294 0.0018645 0.9929965
vn -0.1192263 -0.0107500 0.9928089
vn -0.1196176 -0.0219985 0.9925763
vn -0.1194758 -0.0305468 0.9923671
vn -0.1191525 -0.0354122 0.9922443
vn -0.1190651 -0.0362841 0.9922232
vn -0.1195189 -0.0337552 0.9922579
vn -0.1205278 -0.0293036 0.9922774
vn -0.1217291 -0.0249379 0.9922500
vn -0.1224615 -0.0226042 0.9922158
vn -0.1219782 -0.0236240 0.9922516
vn -0.1196920 -0.0284128 0.9924044
vn -0.1153433 -0.0365388 0.9926534
vn -0.1090519 -0.0469979 0.9929244
vn -0.1012724 -0.0585378 0.9931350
vn -0.0926993 -0.0699232 0.9932359
vn -0.0841469 -0.0801186 0.9932272
vn -0.0764111 -0.0884110 0.9931490
vn -0.0701079 -0.0944880 0.9930543
vn -0.0655079 -0.0984682 0.9929817
vn -0.0624165 -0.1008516 0.9929417
vn -0.0601730 -0.1023744 0.9929243
vn -0.0578064 -0.1037897 0.9929180
vn -0.0543175 -0.1056510 0.9929187
vn -0.0489821 -0.1081795 0.9929239
vn -0.0415657 -0.1112593 0.9929218
vn -0.0323952 -0.1145371 0.9928906
vn -0.0222964 -0.1175737 0.9928138
vn -0.0124361 -0.1199908 0.9926971
vn -0.0040950 -0.1215808 0.9925731
vn 0.0016167 -0.1223611 0.9924843
vn 0.0040764 -0.1225571 0.9924531
vn 0.0034239 -0.1225069 0.9924618
vn 0.0006613 -0.1225068 0.9924675
vn -0.0025366 -0.1226554 0.9924461
vn -0.0042882 -0.1227750 0.9924253
vn -0.0030603 -0.1224588 0.9924689
vn 0.0019359 -0.1212178 0.9926241
vn 0.0106467 -0.1186531 0.9928787
vn 0.0223328 -0.1145819 0.9931627
vn 0.0358400 -0.1090897 0.9933856
vn 0.0498596 -0.1025219 0.9934804
vn 0.0631261 -0.0954376 0.9934318
vn 0.0745654 -0.0885335 0.9932783
vn 0.0834218 -0.0825307 0.9930909
vn 0.0893761 -0.0780167 0.9929377
vn 0.0926229 -0.0752621 0.9928528
vn 0.0938487 -0.0740753 0.9928269
vn 0.0940660 -0.0737818 0.9928282
vn 0.0943291 -0.0733818 0.9928329
vn 0.0954340 -0.0718474 0.9928395
vn 0.0977287 -0.0684416 0.9928569
vn 0.1010944 -0.0629329 0.9928844
vn 0.1050735 -0.0556485 0.9929062
vn 0.1090638 -0.0473830 0.9929048
vn 0.1125077 -0.0392091 0.9928770
vn 0.1150333 -0.0322320 0.9928386
vn 0.1165305 -0.0273108 0.9928115
vn 0.1171495 -0.0247904 0.9928048
vn 0.1172196 -0.0243210 0.9928082
vn 0.1171028 -0.0248676 0.9928084
vn 0.1170370 -0.0249587 0.9928139
vn 0.0658977 -0.0131747 0.9977394
vn 0.0658316 -0.0106220 0.9977742
vn 0.0655129 -0.0061366 0.9978329
vn 0.0647534 0.0001626 0.9979013
vn 0.0634314 0.0078399 0.9979554
vn 0.0615337 0.0162563 0.9979726
vn 0.0591725 0.0246779 0.9979427
vn 0.0565815 0.0323657 0.9978732
vn 0.0540899 0.0386630 0.9977873
vn 0.0520657 0.0430970 0.9977133
vn 0.0508217 0.0454905 0.9976712
vn 0.0504981 0.0460441 0.9976622
vn 0.0509670 0.0453304 0.9976710
vn 0.0518184 0.0441595 0.9976797
vn 0.0524598 0.0433464 0.9976818
vn 0.0522992 0.0434780 0.9976846
vn 0.0509292 0.0447791 0.9976979
vn 0.0482380 0.0471199 0.9977238
vn 0.0444194 0.0501254 0.9977547
vn 0.0399055 0.0533226 0.9977797
vn 0.0352565 0.0562707 0.9977929
vn 0.0310323 0.0586542 0.9977959
vn 0.0276599 0.0603337 0.9977950
vn 0.0253131 0.0613531 0.9977951
vn 0.0238380 0.0619005 0.9977976
vn 0.0227643 0.0622288 0.9978023
vn 0.0214229 0.0625584 0.9978114
vn 0.0191362 0.0630003 0.9978300
vn 0.0154113 0.0635304 0.9978609
vn 0.0100629 0.0640187 0.9978980
vn 0.0032406 0.0642920 0.9979259
vn -0.0046183 0.0642024 0.9979262
vn -0.0128705 0.0636815 0.9978873
vn -0.0207565 0.0627726 0.9978120
vn -0.0274983 0.0616412 0.9977195
vn -0.0324208 0.0605544 0.9976382
vn -0.0351032 0.0598215 0.9975917
vn -0.0355307 0.0596922 0.9975843
vn -0.0341753 0.0602359 0.9975990
vn -0.0319261 0.0612604 0.9976111
vn -0.0298519 0.0623258 0.9976093
vn -0.0288824 0.0628702 0.9976037
vn -0.0295556 0.0623908 0.9976141
vn -0.0319330 0.0605968 0.9976514
vn -0.0356809 0.0574760 0.9977091
vn -0.0402381 0.0532750 0.9977688
vn -0.0449866 0.0484247 0.9978132
vn -0.0493824 0.0434446 0.9978346
vn -0.0530403 0.0388399 0.9978368
vn -0.0557798 0.0349965 0.9978296
vn -0.0576344 0.0320821 0.9978221
vn -0.0588168 0.0299819 0.9978185
vn -0.0596412 0.0283044 0.9978185
vn -0.0604172 0.0264760 0.9978220
vn -0.0613535 0.0239045 0.9978298
vn -0.0625078 0.0201522 0.9978410
vn -0.0637958 0.0150569 0.9978494
vn -0.0650456 0.0087732 0.9978437
vn -0.0660704 0.0017445 0.9978134
vn -0.0667343 -0.0053704 0.9977563
vn -0.0669996 -0.0117964 0.9976833
vn -0.0669477 -0.0167724 0.9976155
vn -0.0667656 -0.0197155 0.9975739
vn -0.0666881 -0.0204057 0.9975652
vn -0.0669011 -0.0191258 0.9975763
vn -0.0674362 -0.0166673 0.9975844
vn -0.0681125 -0.0141461 0.9975774
vn -0.0685693 -0.0126758 0.9975658
vn -0.0683818 -0.0130422 0.9975740
vn -0.0672035 -0.0155279 0.9976185
vn -0.0648691 -0.0199284 0.9976948
vn -0.0614290 -0.0257014 0.9977805
vn -0.0571255 -0.0321501 0.9978492
vn -0.0523394 -0.0385759 0.9978840
vn -0.0475236 -0.0443842 0.9978835
vn -0.0431280 -0.0491540 0.9978596
vn -0.0395112 -0.0526851 0.9978292
vn -0.0368474 -0.0550196 0.9978051
vn -0.0350544 -0.0564209 0.9977915
vn -0.0337837 -0.0572965 0.9977854
vn -0.0325002 -0.0580765 0.9977830
vn -0.0306351 -0.0590881 0.9977826
vn -0.0277591 -0.0604754 0.9977836
vn -0.0237100 -0.0621896 0.9977827
vn -0.0186413 -0.0640412 0.9977731
vn -0.0129931 -0.0657837 0.9977493
vn -0.0074078 -0.0671962 0.9977123
vn -0.0026068 -0.0681482 0.9976718
vn 0.0007664 -0.0686342 0.9976416
vn 0.0023252 -0.0687703 0.9976298
vn 0.0021010 -0.0687457 0.9976320
vn 0.0006132 -0.0687376 0.9976346
vn -0.0012215 -0.0688180 0.9976285
vn -0.0023400 -0.0689024 0.9976207
vn -0.0018470 -0.0687685 0.9976309
vn 0.0007475 -0.0681383 0.9976756
vn 0.0054562 -0.0667783 0.9977529
vn 0.0118930 -0.0645739 0.9978421
vn 0.0194239 -0.0615610 0.9979143
vn 0.0273169 -0.0579223 0.9979473
vn 0.0348551 -0.0539613 0.9979345
vn 0.0414197 -0.0500627 0.9978868
vn 0.0465621 -0.0466325 0.9978263
vn 0.0500725 -0.0440123 0.9977754
vn 0.0520299 -0.0423769 0.9977460
vn 0.0527979 -0.0416469 0.9977364
vn 0.0529387 -0.0414674 0.9977364
vn 0.0530549 -0.0412863 0.9977378
vn 0.0536165 -0.0405166 0.9977393
vn 0.0548457 -0.0387193 0.9977438
vn 0.0566978 -0.0357329 0.9977517
vn 0.0589277 -0.0317126 0.9977584
vn 0.0611980 -0.0270853 0.9977581
vn 0.0631865 -0.0224470 0.9977493
vn 0.0646692 -0.0184264 0.9977366
vn 0.0655677 -0.0155299 0.9977273
vn 0.0659540 -0.0139869 0.9977246
vn 0.0660089 -0.0136404 0.9977258
vn 0.0659418 -0.0139396 0.9977261
vn 0.0658980 -0.0140676 0.9977272
vn -0.0000730 -0.0000231 1.0000000
vn 0.0000000 0.0000000 -1.0000000
vn 0.1370366 0.0123378 -0.9904891
vn 0.1252183 0.0686999 -0.9897478
vn 0.0982559 0.1166148 -0.9883050
vn 0.0595366 0.1503412 -0.9868399
vn 0.0137707 0.1659715 -0.9860344
vn -0.0336153 0.1617430 -0.9862602
vn -0.0770399 0.1381291 -0.9874134
vn -0.1113071 0.0978188 -0.9889602
vn -0.1321909 0.0455496 -0.9901772
vn -0.1370366 -0.0123378 -0.9904891
vn -0.1252183 -0.0686999 -0.9897478
vn -0.0982559 -0.1166148 -0.9883050
vn -0.0595366 -0.1503412 -0.9868399
vn -0.0137707 -0.1659715 -0.9860344
vn 0.0336153 -0.1617430 -0.9862602
vn 0.0770399 -0.1381291 -0.9874134
vn 0.1113071 -0.0978188 -0.9889602
vn 0.1321909 -0.0455496 -0.9901772
vn 0.2569014 0.0120372 -0.9663626
vn 0.2374928 0.1181957 -0.9641716
vn 0.1890889 0.2090942 -0.9594399
vn 0.1184226 0.2739164 -0.9544349
vn 0.0343520 0.3058361 -0.9514642
vn -0.0535154 0.3018438 -0.9518542
vn -0.1354493 0.2623016 -0.9554325
vn -0.2019297 0.1910134 -0.9605927
vn -0.2444226 0.0957001 -0.9649348
vn -0.2569014 -0.0120372 -0.9663626
vn -0.2374928 -0.1181957 -0.9641716
vn -0.1890889 -0.2090942 -0.9594399
vn -0.1184226 -0.2739164 -0.9544349
vn -0.0343520 -0.3058361 -0.9514642
vn 0.0535154 -0.3018438 -0.9518542
vn 0.1354493 -0.2623016 -0.9554325
vn 0.2019297 -0.1910134 -0.9605927
vn 0.2444226 -0.0957001 -0.9649348
vn 0.4105106 0.0113574 -0.9117851
vn 0.3805199 0.1809215 -0.9069024
vn 0.3031139 0.3247421 -0.8959155
vn 0.1912430 0.4259842 -0.8842870
vn 0.0597619 0.4762542 -0.8772744
vn -0.0774565 0.4727380 -0.8777923
vn -0.2072019 0.4156004 -0.8856318
vn -0.3154373 0.3081907 -0.8975064
vn -0.3873153 0.1598803 -0.9079786
vn -0.4105106 -0.0113574 -0.9117851
vn -0.3805199 -0.1809215 -0.9069024
vn -0.3031139 -0.3247421 -0.8959155
vn -0.1912430 -0.4259842 -0.8842870
vn -0.0597619 -0.4762542 -0.8772744
vn 0.0774565 -0.4727380 -0.8777923
vn 0.2072019 -0.4156004 -0.8856318
vn 0.3154373 -0.3081907 -0.8975064
vn 0.3873153 -0.1598803 -0.9079786
vn 0.6120043 0.0098503 -0.7907931
vn 0.5658930 0.2615453 -0.7818946
vn 0.4465927 0.4693810 -0.7617325
vn 0.2801779 0.6102677 -0.7409951
vn 0.0905953 0.6788448 -0.7286716
vn -0.1053284 0.6761656 -0.7291817
vn -0.2938257 0.6021414 -0.7423558
vn -0.4576032 0.4558483 -0.7634145
vn -0.5722227 0.2436100 -0.7830807
vn -0.6120043 -0.0098503 -0.7907931
vn -0.5658930 -0.2615453 -0.7818946
vn -0.4465927 -0.4693810 -0.7617325
vn -0.2801779 -0.6102677 -0.7409951
vn -0.0905953 -0.6788448 -0.7286716
vn 0.1053284 -0.6761656 -0.7291817
vn 0.2938257 -0.6021414 -0.7423558
vn 0.4576032 -0.4558483 -0.7634145
vn 0.5722227 -0.2436100 -0.7830807
vn 0.8569141 0.0064202 -0.5154193
vn 0.7866008 0.3558345 -0.5046197
vn 0.6089788 0.6309786 -0.4806359
vn 0.3761170 0.8058488 -0.4573224
vn 0.1237108 0.8874561 -0.4439790
vn -0.1327168 0.8860298 -0.4442269
vn -0.3847847 0.8013540 -0.4580092
vn -0.6164514 0.6229798 -0.4815431
vn -0.7911987 0.3444882 -0.5053044
vn -0.8569141 -0.0064202 -0.5154193
vn -0.7866008 -0.3558345 -0.5046197
vn -0.6089788 -0.6309786 -0.4806359
vn -0.3761170 -0.8058488 -0.4573224
vn -0.1237108 -0.8874561 -0.4439790
vn 0.1327168 -0.8860298 -0.4442269
vn 0.3847847 -0.8013540 -0.4580092
vn 0.6164514 -0.6229798 -0.4815431
vn 0.7911987 -0.3444882 -0.5053044
vn 1.0000000 0.0000000 0.0000000
vn 0.9140076 0.4056970 0.0000000
vn 0.6989202 0.7151996 -0.0000000
vn 0.4278966 0.9038277 -0.0000000
vn 0.1431001 0.9897082 0.0000000
vn -0.1431001 0.9897082 -0.0000000
vn -0.4278966 0.9038277 0.0000000
vn -0.6989202 0.7151996 0.0000000
vn -0.9140076 0.4056970 0.0000000
vn -1.0000000 0.0000000 -0.0000000
vn -0.9140076 -0.4056970 -0.0000000
vn -0.6989202 -0.7151996 -0.0000000
vn -0.4278966 -0.9038277 0.0000000
vn -0.1431001 -0.9897082 0.0000000
vn 0.1431001 -0.9897082 -0.0000000
vn 0.4278966 -0.9038277 -0.0000000
vn 0.6989202 -0.7151996 0.0000000
vn 0.9140076 -0.4056970 0.0000000
vn 0.8569141 -0.0064202 0.5154193
vn 0.7911987 0.3444882 0.5053044
vn 0.6164514 0.6229798 0.4815431
vn 0.3847847 0.8013540 0.4580092
vn 0.1327168 0.8860298 0.4442269
vn -0.1237108 0.8874561 0.4439790
vn -0.3761170 0.8058488 0.4573224
vn -0.6089788 0.6309786 0.4806359
vn -0.7866008 0.3558345 0.5046197
vn -0.8569141 0.0064202 0.5154193
vn -0.7911987 -0.3444882 0.5053044
vn -0.6164514 -0.6229798 0.4815431
vn -0.3847847 -0.8013540 0.4580092
vn -0.1327168 -0.8860298 0.4442269
vn 0.1237108 -0.8874561 0.4439790
vn 0.3761170 -0.8058488 0.4573224
vn 0.6089788 -0.6309786 0.4806359
vn 0.7866008 -0.3558345 0.5046197
vn 0.6120043 -0.0098503 0.7907931
vn 0.5722227 0.2436100 0.7830807
vn 0.4576032 0.4558483 0.7634145
vn 0.2938257 0.6021414 0.7423558
vn 0.1053284 0.6761656 0.7291817
vn -0.0905953 0.6788448 0.7286716
vn -0.2801779 0.6102677 0.7409951
vn -0.4465927 0.4693810 0.7617325
vn -0.5658930 0.2615453 0.7818946
vn -0.6120043 0.0098503 0.7907931
vn -0.5722227 -0.2436100 0.7830807
vn -0.4576032 -0.4558483 0.7634145
vn -0.2938257 -0.6021414 0.7423558
vn -0.1053284 -0.6761656 0.7291817
vn 0.0905953 -0.6788448 0.7286716
vn 0.2801779 -0.6102677 0.7409951
vn 0.4465927 -0.4693810 0.7617325
vn 0.5658930 -0.2615453 0.7818946
vn 0.4105106 -0.0113574 0.9117851
vn 0.3873153 0.1598803 0.9079786
vn 0.3154373 0.3081907 0.8975064
vn 0.2072019 0.4156004 0.8856318
vn 0.0774565 0.4727380 0.8777923
vn -0.0597619 0.4762542 0.8772744
vn -0.1912430 0.4259842 0.8842870
vn -0.3031139 0.3247421 0.8959155
vn -0.3805199 0.1809215 0.9069024
vn -0.4105106 0.0113574 0.9117851
vn -0.3873153 -0.1598803 0.9079786
vn -0.3154373 -0.3081907 0.8975064
vn -0.2072019 -0.4156004 0.8856318
vn -0.0774565 -0.4727380 0.8777923
vn 0.0597619 -0.4762542 0.8772744
vn 0.1912430 -0.4259842 0.8842870
vn 0.3031139 -0.3247421 0.8959155
vn 0.3805199 -0.1809215 0.9069024
vn 0.2569014 -0.0120372 0.9663626
vn 0.2444226 0.0957001 0.9649348
vn 0.2019297 0.1910134 0.9605927
vn 0.1354493 0.2623016 0.9554325
vn 0.0535154 0.3018438 0.9518542
vn -0.0343520 0.3058361 0.9514642
vn -0.1184226 0.2739164 0.9544349
vn -0.1890889 0.2090942 0.9594399
vn -0.2374928 0.1181957 0.9641716
vn -0.2569014 0.0120372 0.9663626
vn -0.2444226 -0.0957001 0.9649348
vn -0.2019297 -0.1910134 0.9605927
vn -0.1354493 -0.2623016 0.9554325
vn -0.0535154 -0.3018438 0.9518542
vn 0.0343520 -0.3058361 0.9514642
vn 0.1184226 -0.2739164 0.9544349
vn 0.1890889 -0.2090942 0.9594399
vn 0.2374928 -0.1181957 0.9641716
vn 0.1370366 -0.0123378 0.9904891
vn 0.1321909 0.0455496 0.9901772
vn 0.1113071 0.0978188 0.9889602
vn 0.0770399 0.1381291 0.9874134
vn 0.0336153 0.1617430 0.9862602
vn -0.0137707 0.1659715 0.9860344
vn -0.0595366 0.1503412 0.9868399
vn -0.0982559 0.1166148 0.9883050
vn -0.1252183 0.0686999 0.9897478
vn -0.1370366 0.0123378 0.9904891
vn -0.1321909 -0.0455496 0.9901772
vn -0.1113071 -0.0978188 0.9889602
vn -0.0770399 -0.1381291 0.9874134
vn -0.0336153 -0.1617430 0.9862602
vn 0.0137707 -0.1659715 0.9860344
vn 0.0595366 -0.1503412 0.9868399
vn 0.0982559 -0.1166148 0.9883050
vn 0.1252183 -0.0686999 0.9897478
vn 0.0000000 0.0000000 1.0000000
vn 0.0000000 -0.0000000 -1.0000000
vn 0.1552958 0.0139817 -0.9877691
vn 0.1418726 0.0778371 -0.9868199
vn 0.1112782 0.1320703 -0.9849744
vn 0.0673990 0.1701953 -0.9831027
vn 0.0155857 0.1878466 -0.9820747
vn -0.0380482 0.1830725 -0.9823629
vn -0.0872281 0.1563961 -0.9838351
vn -0.1260827 0.1108039 -0.9858122
vn -0.1497910 0.0516142 -0.9873696
vn -0.1552958 -0.0139817 -0.9877691
vn -0.1418726 -0.0778371 -0.9868199
vn -0.1112782 -0.1320703 -0.9849744
vn -0.0673990 -0.1701953 -0.9831027
vn -0.0155857 -0.1878466 -0.9820747
vn 0.0380482 -0.1830725 -0.9823629
vn 0.0872281 -0.1563961 -0.9838351
vn 0.1260827 -0.1108039 -0.9858122
vn 0.1497910 -0.0516142 -0.9873696
vn 0.2891608 0.0135488 -0.9571846
vn 0.2671536 0.1329573 -0.9544377
vn 0.2124287 0.2349032 -0.9485223
vn 0.1328588 0.3073078 -0.9422900
vn 0.0385087 0.3428432 -0.9386030
vn -0.0599972 0.3384034 -0.9390865
vn -0.1520022 0.2943568 -0.9435303
vn -0.2269259 0.2146583 -0.9499613
vn -0.2750067 0.1076748 -0.9553939
vn -0.2891608 -0.0135488 -0.9571846
vn -0.2671536 -0.1329573 -0.9544377
vn -0.2124287 -0.2349032 -0.9485223
vn -0.1328588 -0.3073078 -0.9422900
vn -0.0385087 -0.3428432 -0.9386030
vn 0.0599972 -0.3384034 -0.9390865
vn 0.1520022 -0.2943568 -0.9435303
vn 0.2269259 -0.2146583 -0.9499613
vn 0.2750067 -0.1076748 -0.9553939
vn 0.4554355 0.0126003 -0.8901796
vn 0.4216432 0.2004739 -0.8843230
vn 0.3349542 0.3588543 -0.8712229
vn 0.2107319 0.4693947 -0.8574734
vn 0.0657409 0.5239020 -0.8492378
vn -0.0852163 0.5200985 -0.8498445
vn -0.2283916 0.4581021 -0.8590575
vn -0.3487092 0.3406982 -0.8731132
vn -0.4292892 0.1772067 -0.8856120
vn -0.4554355 -0.0126003 -0.8901796
vn -0.4216432 -0.2004739 -0.8843230
vn -0.3349542 -0.3588543 -0.8712229
vn -0.2107319 -0.4693947 -0.8574734
vn -0.0657409 -0.5239020 -0.8492378
vn 0.0852163 -0.5200985 -0.8498445
vn 0.2283916 -0.4581021 -0.8590575
vn 0.3487092 -0.3406982 -0.8731132
vn 0.4292892 -0.1772067 -0.8856120
vn 0.6603559 0.0106285 -0.7508776
vn 0.6094825 0.2816915 -0.7410675
vn 0.4790459 0.5034901 -0.7190360
vn 0.2993297 0.6519831 -0.6966489
vn 0.0965632 0.7235626 -0.6834711
vn -0.1122774 0.7207757 -0.6840148
vn -0.3139920 0.6434686 -0.6981097
vn -0.4910200 0.4891369 -0.7208637
vn -0.6164495 0.2624385 -0.7423719
vn -0.6603559 -0.0106285 -0.7508776
vn -0.6094825 -0.2816915 -0.7410675
vn -0.4790459 -0.5034901 -0.7190360
vn -0.2993297 -0.6519831 -0.6966489
vn -0.0965632 -0.7235626 -0.6834711
vn 0.1122774 -0.7207757 -0.6840148
vn 0.3139920 -0.6434686 -0.6981097
vn 0.4910200 -0.4891369 -0.7208637
vn 0.6164495 -0.2624385 -0.7423719
vn 0.8838075 0.0066217 -0.4678038
vn 0.8102173 0.3665179 -0.4573977
vn 0.6254960 0.6480926 -0.4344315
vn 0.3853170 0.8255602 -0.4122877
vn 0.1265568 0.9078720 -0.3996896
vn -0.1357734 0.9064365 -0.3999232
vn -0.3942260 0.8210167 -0.4129376
vn -0.6332371 0.6399433 -0.4352967
vn -0.8150206 0.3548603 -0.4580563
vn -0.8838075 -0.0066217 -0.4678038
vn -0.8102173 -0.3665179 -0.4573977
vn -0.6254960 -0.6480926 -0.4344315
vn -0.3853170 -0.8255602 -0.4122877
vn -0.1265568 -0.9078720 -0.3996896
vn 0.1357734 -0.9064365 -0.3999232
vn 0.3942260 -0.8210167 -0.4129376
vn 0.6332371 -0.6399433 -0.4352967
vn 0.8150206 -0.3548603 -0.4580563
vn 1.0000000 0.0000000 0.0000000
vn 0.9140076 0.4056970 -0.0000000
vn 0.6989202 0.7151996 -0.0000000
vn 0.4278966 0.9038277 -0.0000000
vn 0.1431001 0.9897082 0.0000000
vn -0.1431001 0.9897082 -0.0000000
vn -0.4278966 0.9038277 -0.0000000
vn -0.6989202 0.7151996 0.0000000
vn -0.9140076 0.4056970 0.0000000
vn -1.0000000 0.0000000 -0.0000000
vn -0.9140076 -0.4056970 0.0000000
vn -0.6989202 -0.7151996 0.0000000
vn -0.4278966 -0.9038277 -0.0000000
vn -0.1431001 -0.9897082 -0.0000000
vn 0.1431001 -0.9897082 0.0000000
vn 0.4278966 -0.9038277 -0.0000000
vn 0.6989202 -0.7151996 -0.0000000
vn 0.9140076 -0.4056970 0.0000000
vn 0.8838075 -0.0066217 0.4678038
vn 0.8150206 0.3548603 0.4580563
vn 0.6332371 0.6399433 0.4352967
vn 0.3942260 0.8210167 0.4129376
vn 0.1357734 0.9064365 0.3999232
vn -0.1265568 0.9078720 0.3996896
vn -0.3853170 0.8255602 0.4122877
vn -0.6254960 0.6480926 0.4344315
vn -0.8102173 0.3665179 0.4573977
vn -0.8838075 0.0066217 0.4678038
vn -0.8150206 -0.3548603 0.4580563
vn -0.6332371 -0.6399433 0.4352967
vn -0.3942260 -0.8210167 0.4129376
vn -0.1357734 -0.9064365 0.3999232
vn 0.1265568 -0.9078720 0.3996896
vn 0.3853170 -0.8255602 0.4122877
vn 0.6254960 -0.6480926 0.4344315
vn 0.8102173 -0.3665179 0.4573977
vn 0.6603559 -0.0106285 0.7508776
vn 0.6164495 0.2624385 0.7423719
vn 0.4910200 0.4891369 0.7208637
vn 0.3139920 0.6434686 0.6981097
vn 0.1122774 0.7207757 0.6840148
vn -0.0965632 0.7235626 0.6834711
vn -0.2993297 0.6519831 0.6966489
vn -0.4790459 0.5034901 0.7190360
vn -0.6094825 0.2816915 0.7410675
vn -0.6603559 0.0106285 0.7508776
vn -0.6164495 -0.2624385 0.7423719
vn -0.4910200 -0.4891369 0.7208637
vn -0.3139920 -0.6434686 0.6981097
vn -0.1122774 -0.7207757 0.6840148
vn 0.0965632 -0.7235626 0.6834711
vn 0.2993297 -0.6519831 0.6966489
vn 0.4790459 -0.5034901 0.7190360
vn 0.6094825 -0.2816915 0.7410675
vn 0.4554355 -0.0126003 0.8901796
vn 0.4292892 0.1772067 0.8856120
vn 0.3487092 0.3406982 0.8731132
vn 0.2283916 0.4581021 0.8590575
vn 0.0852163 0.5200985 0.8498445
vn -0.0657409 0.5239020 0.8492378
vn -0.2107319 0.4693947 0.8574734
vn -0.3349542 0.3588543 0.8712229
vn -0.4216432 0.2004739 0.8843230
vn -0.4554355 0.0126003 0.8901796
vn -0.4292892 -0.1772067 0.8856120
vn -0.3487092 -0.3406982 0.8731132
vn -0.2283916 -0.4581021 0.8590575
vn -0.0852163 -0.5200985 0.8498445
vn 0.0657409 -0.5239020 0.8492378
vn 0.2107319 -0.4693947 0.8574734
vn 0.3349542 -0.3588543 0.8712229
vn 0.4216432 -0.2004739 0.8843230
vn 0.2891608 -0.0135488 0.9571846
vn 0.2750067 0.1076748 0.9553939
vn 0.2269259 0.2146583 0.9499613
vn 0.1520022 0.2943568 0.9435303
vn 0.0599972 0.3384034 0.9390865
vn -0.0385087 0.3428432 0.9386030
vn -0.1328588 0.3073078 0.9422900
vn -0.2124287 0.2349032 0.9485223
vn -0.2671536 0.1329573 0.9544377
vn -0.2891608 0.0135488 0.9571846
vn -0.2750067 -0.1076748 0.9553939
vn -0.2269259 -0.2146583 0.9499613
vn -0.1520022 -0.2943568 0.9435303
vn -0.0599972 -0.3384034 0.9390865
vn 0.0385087 -0.3428432 0.9386030
vn 0.1328588 -0.3073078 0.9422900
vn 0.2124287 -0.2349032 0.9485223
vn 0.2671536 -0.1329573 0.9544377
vn 0.1552958 -0.0139817 0.9877691
vn 0.1497910 0.0516142 0.9873696
vn 0.1260827 0.1108039 0.9858122
vn 0.0872281 0.1563961 0.9838351
vn 0.0380482 0.1830725 0.9823629
vn -0.0155857 0.1878466 0.9820747
vn -0.0673990 0.1701953 0.9831027
vn -0.1112782 0.1320703 0.9849744
vn -0.1418726 0.0778371 0.9868199
vn -0.1552958 0.0139817 0.9877691
vn -0.1497910 -0.0516142 0.9873696
vn -0.1260827 -0.1108039 0.9858122
vn -0.0872281 -0.1563961 0.9838351
vn -0.0380482 -0.1830725 0.9823629
vn 0.0155857 -0.1878466 0.9820747
vn 0.0673990 -0.1701953 0.9831027
vn 0.1112782 -0.1320703 0.9849744
vn 0.1418726 -0.0778371 0.9868199
vn 0.0000000 -0.0000000 1.0000000
vn 0.0000000 0.0000000 -1.0000000
vn 0.1552958 0.0139817 -0.9877691
vn 0.1418726 0.0778371 -0.9868199
vn 0.1112782 0.1320703 -0.9849744
vn 0.0673990 0.1701953 -0.9831027
vn 0.0155857 0.1878466 -0.9820747
vn -0.0380482 0.1830725 -0.9823629
vn -0.0872281 0.1563961 -0.9838351
vn -0.1260827 0.1108039 -0.9858122
vn -0.1497910 0.0516142 -0.9873696
vn -0.1552958 -0.0139817 -0.9877691
vn -0.1418726 -0.0778371 -0.9868199
vn -0.1112782 -0.1320703 -0.9849744
vn -0.0673990 -0.1701953 -0.9831027
vn -0.0155857 -0.1878466 -0.9820747
vn 0.0380482 -0.1830725 -0.9823629
vn 0.0872281 -0.1563961 -0.9838351
vn 0.1260827 -0.1108039 -0.9858122
vn 0.1497910 -0.0516142 -0.9873696
vn 0.2891608 0.0135488 -0.9571846
vn 0.2671536 0.1329573 -0.9544377
vn 0.2124287 0.2349032 -0.9485223
vn 0.1328588 0.3073078 -0.9422900
vn 0.0385087 0.3428432 -0.9386030
vn -0.0599972 0.3384034 -0.9390865
vn -0.1520022 0.2943568 -0.9435303
vn -0.2269259 0.2146583 -0.9499613
vn -0.2750067 0.1076748 -0.9553939
vn -0.2891608 -0.0135488 -0.9571846
vn -0.2671536 -0.1329573 -0.9544377
vn -0.2124287 -0.2349032 -0.9485223
vn -0.1328588 -0.3073078 -0.9422900
vn -0.0385087 -0.3428432 -0.9386030
vn 0.0599972 -0.3384034 -0.9390865
vn 0.1520022 -0.2943568 -0.9435303
vn 0.2269259 -0.2146583 -0.9499613
vn 0.2750067 -0.1076748 -0.9553939
vn 0.4554355 0.0126003 -0.8901796
vn 0.4216432 0.2004739 -0.8843230
vn 0.3349542 0.3588543 -0.8712229
vn 0.2107319 0.4693947 -0.8574734
vn 0.0657409 0.5239020 -0.8492378
vn -0.0852163 0.5200985 -0.8498445
vn -0.2283916 0.4581021 -0.8590575
vn -0.3487092 0.3406982 -0.8731132
vn -0.4292892 0.1772067 -0.8856120
vn -0.4554355 -0.0126003 -0.8901796
vn -0.4216432 -0.2004739 -0.8843230
vn -0.3349542 -0.3588543 -0.8712229
vn -0.2107319 -0.4693947 -0.8574734
vn -0.0657409 -0.5239020 -0.8492378
vn 0.0852163 -0.5200985 -0.8498445
vn 0.2283916 -0.4581021 -0.8590575
vn 0.3487092 -0.3406982 -0.8731132
vn 0.4292892 -0.1772067 -0.8856120
vn 0.6603559 0.0106285 -0.7508776
vn 0.6094825 0.2816915 -0.7410675
vn 0.4790459 0.5034901 -0.7190360
vn 0.2993297 0.6519831 -0.6966489
vn 0.0965632 0.7235626 -0.6834711
vn -0.1122774 0.7207757 -0.6840148
vn -0.3139920 0.6434686 -0.6981097
vn -0.4910200 0.4891369 -0.7208637
vn -0.6164495 0.2624385 -0.7423719
vn -0.6603559 -0.0106285 -0.7508776
vn -0.6094825 -0.2816915 -0.7410675
vn -0.4790459 -0.5034901 -0.7190360
vn -0.2993297 -0.6519831 -0.6966489
vn -0.0965632 -0.7235626 -0.6834711
vn 0.1122774 -0.7207757 -0.6840148
vn 0.3139920 -0.6434686 -0.6981097
vn 0.4910200 -0.4891369 -0.7208637
vn 0.6164495 -0.2624385 -0.7423719
vn 0.8838075 0.0066217 -0.4678038
vn 0.8102173 0.3665179 -0.4573977
vn 0.6254960 0.6480926 -0.4344315
vn 0.3853170 0.8255602 -0.4122877
vn 0.1265568 0.9078720 -0.3996896
vn -0.1357734 0.9064365 -0.3999232
vn -0.3942260 0.8210167 -0.4129376
vn -0.6332371 0.6399433 -0.4352967
vn -0.8150206 0.3548603 -0.4580563
vn -0.8838075 -0.0066217 -0.4678038
vn -0.8102173 -0.3665179 -0.4573977
vn -0.6254960 -0.6480926 -0.4344315
vn -0.3853170 -0.8255602 -0.4122877
vn -0.1265568 -0.9078720 -0.3996896
vn 0.1357734 -0.9064365 -0.3999232
vn 0.3942260 -0.8210167 -0.4129376
vn 0.6332371 -0.6399433 -0.4352967
vn 0.8150206 -0.3548603 -0.4580563
vn 1.0000000 0.0000000 0.0000000
vn 0.9140076 0.4056970 -0.0000000
vn 0.6989202 0.7151996 -0.0000000
vn 0.4278966 0.9038277 0.0000000
vn 0.1431001 0.9897082 -0.0000000
vn -0.1431001 0.9897082 0.0000000
vn -0.4278966 0.9038277 -0.0000000
vn -0.6989202 0.7151996 -0.0000000
vn -0.9140076 0.4056970 0.0000000
vn -1.0000000 0.0000000 -0.0000000
vn -0.9140076 -0.4056970 0.0000000
vn -0.6989202 -0.7151996 -0.0000000
vn -0.4278966 -0.9038277 -0.0000000
vn -0.1431001 -0.9897082 0.0000000
vn 0.1431001 -0.9897082 -0.0000000
vn 0.4278966 -0.9038277 0.0000000
vn 0.6989202 -0.7151996 0.0000000
vn 0.9140076 -0.4056970 -0.0000000
vn 0.8838075 -0.0066217 0.4678038
vn 0.8150206 0.3548603 0.4580563
vn 0.6332371 0.6399433 0.4352967
vn 0.3942260 0.8210167 0.4129376
vn 0.1357734 0.9064365 0.3999232
vn -0.1265568 0.9078720 0.3996896
vn -0.3853170 0.8255602 0.4122877
vn -0.6254960 0.6480926 0.4344315
vn -0.8102173 0.3665179 0.4573977
vn -0.8838075 0.0066217 0.4678038
vn -0.8150206 -0.3548603 0.4580563
vn -0.6332371 -0.6399433 0.4352967
vn -0.3942260 -0.8210167 0.4129376
vn -0.1357734 -0.9064365 0.3999232
vn 0.1265568 -0.9078720 0.3996896
vn 0.3853170 -0.8255602 0.4122877
vn 0.6254960 -0.6480926 0.4344315
vn 0.8102173 -0.3665179 0.4573977
vn 0.6603559 -0.0106285 0.7508776
vn 0.6164495 0.2624385 0.7423719
vn 0.4910200 0.4891369 0.7208637
vn 0.3139920 0.6434686 0.6981097
vn 0.1122774 0.7207757 0.6840148
vn -0.0965632 0.7235626 0.6834711
vn -0.2993297 0.6519831 0.6966489
vn -0.4790459 0.5034901 0.7190360
vn -0.6094825 0.2816915 0.7410675
vn -0.6603559 0.0106285 0.7508776
vn -0.6164495 -0.2624385 0.7423719
vn -0.4910200 -0.4891369 0.7208637
vn -0.3139920 -0.6434686 0.6981097
vn -0.1122774 -0.7207757 0.6840148
vn 0.0965632 -0.7235626 0.6834711
vn 0.2993297 -0.6519831 0.6966489
vn 0.4790459 -0.5034901 0.7190360
vn 0.6094825 -0.2816915 0.7410675
vn 0.4554355 -0.0126003 0.8901796
vn 0.4292892 0.1772067 0.8856120
vn 0.3487092 0.3406982 0.8731132
vn 0.2283916 0.4581021 0.8590575
vn 0.0852163 0.5200985 0.8498445
vn -0.0657409 0.5239020 0.8492378
vn -0.2107319 0.4693947 0.8574734
vn -0.3349542 0.3588543 0.8712229
vn -0.4216432 0.2004739 0.8843230
vn -0.4554355 0.0126003 0.8901796
vn -0.4292892 -0.1772067 0.8856120
vn -0.3487092 -0.3406982 0.8731132
vn -0.2283916 -0.4581021 0.8590575
vn -0.0852163 -0.5200985 0.8498445
vn 0.0657409 -0.5239020 0.8492378
vn 0.2107319 -0.4693947 0.8574734
vn 0.3349542 -0.3588543 0.8712229
vn 0.4216432 -0.2004739 0.8843230
vn 0.2891608 -0.0135488 0.9571846
vn 0.2750067 0.1076748 0.9553939
vn 0.2269259 0.2146583 0.9499613
vn 0.1520022 0.2943568 0.9435303
vn 0.0599972 0.3384034 0.9390865
vn -0.0385087 0.3428432 0.9386030
vn -0.1328588 0.3073078 0.9422900
vn -0.2124287 0.2349032 0.9485223
vn -0.2671536 0.1329573 0.9544377
vn -0.2891608 0.0135488 0.9571846
vn -0.2750067 -0.1076748 0.9553939
vn -0.2269259 -0.2146583 0.9499613
vn -0.1520022 -0.2943568 0.9435303
vn -0.0599972 -0.3384034 0.9390865
vn 0.0385087 -0.3428432 0.9386030
vn 0.1328588 -0.3073078 0.9422900
vn 0.2124287 -0.2349032 0.9485223
vn 0.2671536 -0.1329573 0.9544377
vn 0.1552958 -0.0139817 0.9877691
vn 0.1497910 0.0516142 0.9873696
vn 0.1260827 0.1108039 0.9858122
vn 0.0872281 0.1563961 0.9838351
vn 0.0380482 0.1830725 0.9823629
vn -0.0155857 0.1878466 0.9820747
vn -0.0673990 0.1701953 0.9831027
vn -0.1112782 0.1320703 0.9849744
vn -0.1418726 0.0778371 0.9868199
vn -0.1552958 0.0139817 0.9877691
vn -0.1497910 -0.0516142 0.9873696
vn -0.1260827 -0.1108039 0.9858122
vn -0.0872281 -0.1563961 0.9838351
vn -0.0380482 -0.1830725 0.9823629
vn 0.0155857 -0.1878466 0.9820747
vn 0.0673990 -0.1701953 0.9831027
vn 0.1112782 -0.1320703 0.9849744
vn 0.1418726 -0.0778371 0.9868199
vn 0.0000000 0.0000000 1.0000000
vn 0.0000000 0.0000000 -1.0000000
vn 0.1370366 0.0123378 -0.9904891
vn 0.1252183 0.0686999 -0.9897478
vn 0.0982559 0.1166148 -0.9883050
vn 0.0595366 0.1503412 -0.9868399
vn 0.0137707 0.1659715 -0.9860344
vn -0.0336153 0.1617430 -0.9862602
vn -0.0770399 0.1381291 -0.9874134
vn -0.1113071 0.0978188 -0.9889602
vn -0.1321909 0.0455496 -0.9901772
vn -0.1370366 -0.0123378 -0.9904891
vn -0.1252183 -0.0686999 -0.9897478
vn -0.0982559 -0.1166148 -0.9883050
vn -0.0595366 -0.1503412 -0.9868399
vn -0.0137707 -0.1659715 -0.9860344
vn 0.0336153 -0.1617430 -0.9862602
vn 0.0770399 -0.1381291 -0.9874134
vn 0.1113071 -0.0978188 -0.9889602
vn 0.1321909 -0.0455496 -0.9901772
vn 0.2569014 0.0120372 -0.9663626
vn 0.2374928 0.1181957 -0.9641716
vn 0.1890889 0.2090942 -0.9594399
vn 0.1184226 0.2739164 -0.9544349
vn 0.0343520 0.3058361 -0.9514642
vn -0.0535154 0.3018438 -0.9518542
vn -0.1354493 0.2623016 -0.9554325
vn -0.2019297 0.1910134 -0.9605927
vn -0.2444226 0.0957001 -0.9649348
vn -0.2569014 -0.0120372 -0.9663626
vn -0.2374928 -0.1181957 -0.9641716
vn -0.1890889 -0.2090942 -0.9594399
vn -0.1184226 -0.2739164 -0.9544349
vn -0.0343520 -0.3058361 -0.9514642
vn 0.0535154 -0.3018438 -0.9518542
vn 0.1354493 -0.2623016 -0.9554325
vn 0.2019297 -0.1910134 -0.9605927
vn 0.2444226 -0.0957001 -0.9649348
vn 0.4105106 0.0113574 -0.9117851
vn 0.3805199 0.1809215 -0.9069024
vn 0.3031139 0.3247421 -0.8959155
vn 0.1912430 0.4259842 -0.8842870
vn 0.0597619 0.4762542 -0.8772744
vn -0.0774565 0.4727380 -0.8777923
vn -0.2072019 0.4156004 -0.8856318
vn -0.3154373 0.3081907 -0.8975064
vn -0.3873153 0.1598803 -0.9079786
vn -0.4105106 -0.0113574 -0.9117851
vn -0.3805199 -0.1809215 -0.9069024
vn -0.3031139 -0.3247421 -0.8959155
vn -0.1912430 -0.4259842 -0.8842870
vn -0.0597619 -0.4762542 -0.8772744
vn 0.0774565 -0.4727380 -0.8777923
vn 0.2072019 -0.4156004 -0.8856318
vn 0.3154373 -0.3081907 -0.8975064
vn 0.3873153 -0.1598803 -0.9079786
vn 0.6120043 0.0098503 -0.7907931
vn 0.5658930 0.2615453 -0.7818946
vn 0.4465927 0.4693810 -0.7617325
vn 0.2801779 0.6102677 -0.7409951
vn 0.0905953 0.6788448 -0.7286716
vn -0.1053284 0.6761656 -0.7291817
vn -0.2938257 0.6021414 -0.7423558
vn -0.4576032 0.4558483 -0.7634145
vn -0.5722227 0.2436100 -0.7830807
vn -0.6120043 -0.0098503 -0.7907931
vn -0.5658930 -0.2615453 -0.7818946
vn -0.4465927 -0.4693810 -0.7617325
vn -0.2801779 -0.6102677 -0.7409951
vn -0.0905953 -0.6788448 -0.7286716
vn 0.1053284 -0.6761656 -0.7291817
vn 0.2938257 -0.6021414 -0.7423558
vn 0.4576032 -0.4558483 -0.7634145
vn 0.5722227 -0.2436100 -0.7830807
vn 0.8569141 0.0064202 -0.5154193
vn 0.7866008 0.3558345 -0.5046197
vn 0.6089788 0.6309786 -0.4806359
vn 0.3761170 0.8058488 -0.4573224
vn 0.1237108 0.8874561 -0.4439790
vn -0.1327168 0.8860298 -0.4442269
vn -0.3847847 0.8013540 -0.4580092
vn -0.6164514 0.6229798 -0.4815431
vn -0.7911987 0.3444882 -0.5053044
vn -0.8569141 -0.0064202 -0.5154193
vn -0.7866008 -0.3558345 -0.5046197
vn -0.6089788 -0.6309786 -0.4806359
vn -0.3761170 -0.8058488 -0.4573224
vn -0.1237108 -0.8874561 -0.4439790
vn 0.1327168 -0.8860298 -0.4442269
vn 0.3847847 -0.8013540 -0.4580092
vn 0.6164514 -0.6229798 -0.4815431
vn 0.7911987 -0.3444882 -0.5053044
vn 1.0000000 0.0000000 0.0000000
vn 0.9140076 0.4056970 -0.0000000
vn 0.6989202 0.7151996 -0.0000000
vn 0.4278966 0.9038277 -0.0000000
vn 0.1431001 0.9897082 0.0000000
vn -0.1431001 0.9897082 -0.0000000
vn -0.4278966 0.9038277 0.0000000
vn -0.6989202 0.7151996 0.0000000
vn -0.9140076 0.4056970 0.0000000
vn -1.0000000 0.0000000 0.0000000
vn -0.9140076 -0.4056970 -0.0000000
vn -0.6989202 -0.7151996 -0.0000000
vn -0.4278966 -0.9038277 0.0000000
vn -0.1431001 -0.9897082 0.0000000
vn 0.1431001 -0.9897082 -0.0000000
vn 0.4278966 -0.9038277 0.0000000
vn 0.6989202 -0.7151996 0.0000000
vn 0.9140076 -0.4056970 -0.0000000
vn 0.8569141 -0.0064202 0.5154193
vn 0.7911987 0.3444882 0.5053044
vn 0.6164514 0.6229798 0.4815431
vn 0.3847847 0.8013540 0.4580092
vn 0.1327168 0.8860298 0.4442269
vn -0.1237108 0.8874561 0.4439790
vn -0.3761170 0.8058488 0.4573224
vn -0.6089788 0.6309786 0.4806359
vn -0.7866008 0.3558345 0.5046197
vn -0.8569141 0.0064202 0.5154193
vn -0.7911987 -0.3444882 0.5053044
vn -0.6164514 -0.6229798 0.4815431
vn -0.3847847 -0.8013540 0.4580092
vn -0.1327168 -0.8860298 0.4442269
vn 0.1237108 -0.8874561 0.4439790
vn 0.3761170 -0.8058488 0.4573224
vn 0.6089788 -0.6309786 0.4806359
vn 0.7866008 -0.3558345 0.5046197
vn 0.6120043 -0.0098503 0.7907931
vn 0.5722227 0.2436100 0.7830807
vn 0.4576032 0.4558483 0.7634145
vn 0.2938257 0.6021414 0.7423558
vn 0.1053284 0.6761656 0.7291817
vn -0.0905953 0.6788448 0.7286716
vn -0.2801779 0.6102677 0.7409951
vn -0.4465927 0.4693810 0.7617325
vn -0.5658930 0.2615453 0.7818946
vn -0.6120043 0.0098503 0.7907931
vn -0.5722227 -0.2436100 0.7830807
vn -0.4576032 -0.4558483 0.7634145
vn -0.2938257 -0.6021414 0.7423558
vn -0.1053284 -0.6761656 0.7291817
vn 0.0905953 -0.6788448 0.7286716
vn 0.2801779 -0.6102677 0.7409951
vn 0.4465927 -0.4693810 0.7617325
vn 0.5658930 -0.2615453 0.7818946
vn 0.4105106 -0.0113574 0.9117851
vn 0.3873153 0.1598803 0.9079786
vn 0.3154373 0.3081907 0.8975064
vn 0.2072019 0.4156004 0.8856318
vn 0.0774565 0.4727380 0.8777923
vn -0.0597619 0.4762542 0.8772744
vn -0.1912430 0.4259842 0.8842870
vn -0.3031139 0.3247421 0.8959155
vn -0.3805199 0.1809215 0.9069024
vn -0.4105106 0.0113574 0.9117851
vn -0.3873153 -0.1598803 0.9079786
vn -0.3154373 -0.3081907 0.8975064
vn -0.2072019 -0.4156004 0.8856318
vn -0.0774565 -0.4727380 0.8777923
vn 0.0597619 -0.4762542 0.8772744
vn 0.1912430 -0.4259842 0.8842870
vn 0.3031139 -0.3247421 0.8959155
vn 0.3805199 -0.1809215 0.9069024
vn 0.2569014 -0.0120372 0.9663626
vn 0.2444226 0.0957001 0.9649348
vn 0.2019297 0.1910134 0.9605927
vn 0.1354493 0.2623016 0.9554325
vn 0.0535154 0.3018438 0.9518542
vn -0.0343520 0.3058361 0.9514642
vn -0.1184226 0.2739164 0.9544349
vn -0.1890889 0.2090942 0.9594399
vn -0.2374928 0.1181957 0.9641716
vn -0.2569014 0.0120372 0.9663626
vn -0.2444226 -0.0957001 0.9649348
vn -0.2019297 -0.1910134 0.9605927
vn -0.1354493 -0.2623016 0.9554325
vn -0.0535154 -0.3018438 0.9518542
vn 0.0343520 -0.3058361 0.9514642
vn 0.1184226 -0.2739164 0.9544349
vn 0.1890889 -0.2090942 0.9594399
vn 0.2374928 -0.1181957 0.9641716
vn 0.1370366 -0.0123378 0.9904891
vn 0.1321909 0.0455496 0.9901772
vn 0.1113071 0.0978188 0.9889602
vn 0.0770399 0.1381291 0.9874134
vn 0.0336153 0.1617430 0.9862602
vn -0.0137707 0.1659715 0.9860344
vn -0.0595366 0.1503412 0.9868399
vn -0.0982559 0.1166148 0.9883050
vn -0.1252183 0.0686999 0.9897478
vn -0.1370366 0.0123378 0.9904891
vn -0.1321909 -0.0455496 0.9901772
vn -0.1113071 -0.0978188 0.9889602
vn -0.0770399 -0.1381291 0.9874134
vn -0.0336153 -0.1617430 0.9862602
vn 0.0137707 -0.1659715 0.9860344
vn 0.0595366 -0.1503412 0.9868399
vn 0.0982559 -0.1166148 0.9883050
vn 0.1252183 -0.0686999 0.9897478
vn 0.0000000 0.0000000 1.0000000
vn 0.0000000 0.0000000 -1.0000000
vn 0.1552958 0.0139817 -0.9877691
vn 0.1418726 0.0778371 -0.9868199
vn 0.1112782 0.1320703 -0.9849744
vn 0.0673990 0.1701953 -0.9831027
vn 0.0155857 0.1878466 -0.9820747
vn -0.0380482 0.1830725 -0.9823629
vn -0.0872281 0.1563961 -0.9838351
vn -0.1260827 0.1108039 -0.9858122
vn -0.1497910 0.0516142 -0.9873696
vn -0.1552958 -0.0139817 -0.9877691
vn -0.1418726 -0.0778371 -0.9868199
vn -0.1112782 -0.1320703 -0.9849744
vn -0.0673990 -0.1701953 -0.9831027
vn -0.0155857 -0.1878466 -0.9820747
vn 0.0380482 -0.1830725 -0.9823629
vn 0.0872281 -0.1563961 -0.9838351
vn 0.1260827 -0.1108039 -0.9858122
vn 0.1497910 -0.0516142 -0.9873696
vn 0.2891608 0.0135488 -0.9571846
vn 0.2671536 0.1329573 -0.9544377
vn 0.2124287 0.2349032 -0.9485223
vn 0.1328588 0.3073078 -0.9422900
vn 0.0385087 0.3428432 -0.9386030
vn -0.0599972 0.3384034 -0.9390865
vn -0.1520022 0.2943568 -0.9435303
vn -0.2269259 0.2146583 -0.9499613
vn -0.2750067 0.1076748 -0.9553939
vn -0.2891608 -0.0135488 -0.9571846
vn -0.2671536 -0.1329573 -0.9544377
vn -0.2124287 -0.2349032 -0.9485223
vn -0.1328588 -0.3073078 -0.9422900
vn -0.0385087 -0.3428432 -0.9386030
vn 0.0599972 -0.3384034 -0.9390865
vn 0.1520022 -0.2943568 -0.9435303
vn 0.2269259 -0.2146583 -0.9499613
vn 0.2750067 -0.1076748 -0.9553939
vn 0.4554355 0.0126003 -0.8901796
vn 0.4216432 0.2004739 -0.8843230
vn 0.3349542 0.3588543 -0.8712229
vn 0.2107319 0.4693947 -0.8574734
vn 0.0657409 0.5239020 -0.8492378
vn -0.0852163 0.5200985 -0.8498445
vn -0.2283916 0.4581021 -0.8590575
vn -0.3487092 0.3406982 -0.8731132
vn -0.4292892 0.1772067 -0.8856120
vn -0.4554355 -0.0126003 -0.8901796
vn -0.4216432 -0.2004739 -0.8843230
vn -0.3349542 -0.3588543 -0.8712229
vn -0.2107319 -0.4693947 -0.8574734
vn -0.0657409 -0.5239020 -0.8492378
vn 0.0852163 -0.5200985 -0.8498445
vn 0.2283916 -0.4581021 -0.8590575
vn 0.3487092 -0.3406982 -0.8731132
vn 0.4292892 -0.1772067 -0.8856120
vn 0.6603559 0.0106285 -0.7508776
vn 0.6094825 0.2816915 -0.7410675
vn 0.4790459 0.5034901 -0.7190360
vn 0.2993297 0.6519831 -0.6966489
vn 0.0965632 0.7235626 -0.6834711
vn -0.1122774 0.7207757 -0.6840148
vn -0.3139920 0.6434686 -0.6981097
vn -0.4910200 0.4891369 -0.7208637
vn -0.6164495 0.2624385 -0.7423719
vn -0.6603559 -0.0106285 -0.7508776
vn -0.6094825 -0.2816915 -0.7410675
vn -0.4790459 -0.5034901 -0.7190360
vn -0.2993297 -0.6519831 -0.6966489
vn -0.0965632 -0.7235626 -0.6834711
vn 0.1122774 -0.7207757 -0.6840148
vn 0.3139920 -0.6434686 -0.6981097
vn 0.4910200 -0.4891369 -0.7208637
vn 0.6164495 -0.2624385 -0.7423719
vn 0.8838075 0.0066217 -0.4678038
vn 0.8102173 0.3665179 -0.4573977
vn 0.6254960 0.6480926 -0.4344315
vn 0.3853170 0.8255602 -0.4122877
vn 0.1265568 0.9078720 -0.3996896
vn -0.1357734 0.9064365 -0.3999232
vn -0.3942260 0.8210167 -0.4129376
vn -0.6332371 0.6399433 -0.4352967
vn -0.8150206 0.3548603 -0.4580563
vn -0.8838075 -0.0066217 -0.4678038
vn -0.8102173 -0.3665179 -0.4573977
vn -0.6254960 -0.6480926 -0.4344315
vn -0.3853170 -0.8255602 -0.4122877
vn -0.1265568 -0.9078720 -0.3996896
vn 0.1357734 -0.9064365 -0.3999232
vn 0.3942260 -0.8210167 -0.4129376
vn 0.6332371 -0.6399433 -0.4352967
vn 0.8150206 -0.3548603 -0.4580563
vn 1.0000000 0.0000000 0.0000000
vn 0.9140076 0.4056970 -0.0000000
vn 0.6989202 0.7151996 0.0000000
vn 0.4278966 0.9038277 0.0000000
vn 0.1431001 0.9897082 -0.0000000
vn -0.1431001 0.9897082 0.0000000
vn -0.4278966 0.9038277 0.0000000
vn -0.6989202 0.7151996 -0.0000000
vn -0.9140076 0.4056970 0.0000000
vn -1.0000000 0.0000000 0.0000000
vn -0.9140076 -0.4056970 -0.0000000
vn -0.6989202 -0.7151996 0.0000000
vn -0.4278966 -0.9038277 -0.0000000
vn -0.1431001 -0.9897082 -0.0000000
vn 0.1431001 -0.9897082 0.0000000
vn 0.4278966 -0.9038277 0.0000000
vn 0.6989202 -0.7151996 -0.0000000
vn 0.9140076 -0.4056970 -0.0000000
vn 0.8838075 -0.0066217 0.4678038
vn 0.8150206 0.3548603 0.4580563
vn 0.6332371 0.6399433 0.4352967
vn 0.3942260 0.8210167 0.4129376
vn 0.1357734 0.9064365 0.3999232
vn -0.1265568 0.9078720 0.3996896
vn -0.3853170 0.8255602 0.4122877
vn -0.6254960 0.6480926 0.4344315
vn -0.8102173 0.3665179 0.4573977
vn -0.8838075 0.0066217 0.4678038
vn -0.8150206 -0.3548603 0.4580563
vn -0.6332371 -0.6399433 0.4352967
vn -0.3942260 -0.8210167 0.4129376
vn -0.1357734 -0.9064365 0.3999232
vn 0.1265568 -0.9078720 0.3996896
vn 0.3853170 -0.8255602 0.4122877
vn 0.6254960 -0.6480926 0.4344315
vn 0.8102173 -0.3665179 0.4573977
vn 0.6603559 -0.0106285 0.7508776
vn 0.6164495 0.2624385 0.7423719
vn 0.4910200 0.4891369 0.7208637
vn 0.3139920 0.6434686 0.6981097
vn 0.1122774 0.7207757 0.6840148
vn -0.0965632 0.7235626 0.6834711
vn -0.2993297 0.6519831 0.6966489
vn -0.4790459 0.5034901 0.7190360
vn -0.6094825 0.2816915 0.7410675
vn -0.6603559 0.0106285 0.7508776
vn -0.6164495 -0.2624385 0.7423719
vn -0.4910200 -0.4891369 0.7208637
vn -0.3139920 -0.6434686 0.6981097
vn -0.1122774 -0.7207757 0.6840148
vn 0.0965632 -0.7235626 0.6834711
vn 0.2993297 -0.6519831 0.6966489
vn 0.4790459 -0.5034901 0.7190360
vn 0.6094825 -0.2816915 0.7410675
vn 0.4554355 -0.0126003 0.8901796
vn 0.4292892 0.1772067 0.8856120
vn 0.3487092 0.3406982 0.8731132
vn 0.2283916 0.4581021 0.8590575
vn 0.0852163 0.5200985 0.8498445
vn -0.0657409 0.5239020 0.8492378
vn -0.2107319 0.4693947 0.8574734
vn -0.3349542 0.3588543 0.8712229
vn -0.4216432 0.2004739 0.8843230
vn -0.4554355 0.0126003 0.8901796
vn -0.4292892 -0.1772067 0.8856120
vn -0.3487092 -0.3406982 0.8731132
vn -0.2283916 -0.4581021 0.8590575
vn -0.0852163 -0.5200985 0.8498445
vn 0.0657409 -0.5239020 0.8492378
vn 0.2107319 -0.4693947 0.8574734
vn 0.3349542 -0.3588543 0.8712229
vn 0.4216432 -0.2004739 0.8843230
vn 0.2891608 -0.0135488 0.9571846
vn 0.2750067 0.1076748 0.9553939
vn 0.2269259 0.2146583 0.9499613
vn 0.1520022 0.2943568 0.9435303
vn 0.0599972 0.3384034 0.9390865
vn -0.0385087 0.3428432 0.9386030
vn -0.1328588 0.3073078 0.9422900
vn -0.2124287 0.2349032 0.9485223
vn -0.2671536 0.1329573 0.9544377
vn -0.2891608 0.0135488 0.9571846
vn -0.2750067 -0.1076748 0.9553939
vn -0.2269259 -0.2146583 0.9499613
vn -0.1520022 -0.2943568 0.9435303
vn -0.0599972 -0.3384034 0.9390865
vn 0.0385087 -0.3428432 0.9386030
vn 0.1328588 -0.3073078 0.9422900
vn 0.2124287 -0.2349032 0.9485223
vn 0.2671536 -0.1329573 0.9544377
vn 0.1552958 -0.0139817 0.9877691
vn 0.1497910 0.0516142 0.9873696
vn 0.1260827 0.1108039 0.9858122
vn 0.0872281 0.1563961 0.9838351
vn 0.0380482 0.1830725 0.9823629
vn -0.0155857 0.1878466 0.9820747
vn -0.0673990 0.1701953 0.9831027
vn -0.1112782 0.1320703 0.9849744
vn -0.1418726 0.0778371 0.9868199
vn -0.1552958 0.0139817 0.9877691
vn -0.1497910 -0.0516142 0.9873696
vn -0.1260827 -0.1108039 0.9858122
vn -0.0872281 -0.1563961 0.9838351
vn -0.0380482 -0.1830725 0.9823629
vn 0.0155857 -0.1878466 0.9820747
vn 0.0673990 -0.1701953 0.9831027
vn 0.1112782 -0.1320703 0.9849744
vn 0.1418726 -0.0778371 0.9868199
vn 0.0000000 -0.0000000 1.0000000
vn 0.0000000 0.0000000 -1.0000000
vn 0.1552958 0.0139817 -0.9877691
vn 0.1418726 0.0778371 -0.9868199
vn 0.1112782 0.1320703 -0.9849744
vn 0.0673990 0.1701953 -0.9831027
vn 0.0155857 0.1878466 -0.9820747
vn -0.0380482 0.1830725 -0.9823629
vn -0.0872281 0.1563961 -0.9838351
vn -0.1260827 0.1108039 -0.9858122
vn -0.1497910 0.0516142 -0.9873696
vn -0.1552958 -0.0139817 -0.9877691
vn -0.1418726 -0.0778371 -0.9868199
vn -0.1112782 -0.1320703 -0.9849744
vn -0.0673990 -0.1701953 -0.9831027
vn -0.0155857 -0.1878466 -0.9820747
vn 0.0380482 -0.1830725 -0.9823629
vn 0.0872281 -0.1563961 -0.9838351
vn 0.1260827 -0.1108039 -0.9858122
vn 0.1497910 -0.0516142 -0.9873696
vn 0.2891608 0.0135488 -0.9571846
vn 0.2671536 0.1329573 -0.9544377
vn 0.2124287 0.2349032 -0.9485223
vn 0.1328588 0.3073078 -0.9422900
vn 0.0385087 0.3428432 -0.9386030
vn -0.0599972 0.3384034 -0.9390865
vn -0.1520022 0.2943568 -0.9435303
vn -0.2269259 0.2146583 -0.9499613
vn -0.2750067 0.1076748 -0.9553939
vn -0.2891608 -0.0135488 -0.9571846
vn -0.2671536 -0.1329573 -0.9544377
vn -0.2124287 -0.2349032 -0.9485223
vn -0.1328588 -0.3073078 -0.9422900
vn -0.0385087 -0.3428432 -0.9386030
vn 0.0599972 -0.3384034 -0.9390865
vn 0.1520022 -0.2943568 -0.9435303
vn 0.2269259 -0.2146583 -0.9499613
vn 0.2750067 -0.1076748 -0.9553939
vn 0.4554355 0.0126003 -0.8901796
vn 0.4216432 0.2004739 -0.8843230
vn 0.3349542 0.3588543 -0.8712229
vn 0.2107319 0.4693947 -0.8574734
vn 0.0657409 0.5239020 -0.8492378
vn -0.0852163 0.5200985 -0.8498445
vn -0.2283916 0.4581021 -0.8590575
vn -0.3487092 0.3406982 -0.8731132
vn -0.4292892 0.1772067 -0.8856120
vn -0.4554355 -0.0126003 -0.8901796
vn -0.4216432 -0.2004739 -0.8843230
vn -0.3349542 -0.3588543 -0.8712229
vn -0.2107319 -0.4693947 -0.8574734
vn -0.0657409 -0.5239020 -0.8492378
vn 0.0852163 -0.5200985 -0.8498445
vn 0.2283916 -0.4581021 -0.8590575
vn 0.3487092 -0.3406982 -0.8731132
vn 0.4292892 -0.1772067 -0.8856120
vn 0.6603559 0.0106285 -0.7508776
vn 0.6094825 0.2816915 -0.7410675
vn 0.4790459 0.5034901 -0.7190360
vn 0.2993297 0.6519831 -0.6966489
vn 0.0965632 0.7235626 -0.6834711
vn -0.1122774 0.7207757 -0.6840148
vn -0.3139920 0.6434686 -0.6981097
vn -0.4910200 0.4891369 -0.7208637
vn -0.6164495 0.2624385 -0.7423719
vn -0.6603559 -0.0106285 -0.7508776
vn -0.6094825 -0.2816915 -0.7410675
vn -0.4790459 -0.5034901 -0.7190360
vn -0.2993297 -0.6519831 -0.6966489
vn -0.0965632 -0.7235626 -0.6834711
vn 0.1122774 -0.7207757 -0.6840148
vn 0.3139920 -0.6434686 -0.6981097
vn 0.4910200 -0.4891369 -0.7208637
vn 0.6164495 -0.2624385 -0.7423719
vn 0.8838075 0.0066217 -0.4678038
vn 0.8102173 0.3665179 -0.4573977
vn 0.6254960 0.6480926 -0.4344315
vn 0.3853170 0.8255602 -0.4122877
vn 0.1265568 0.9078720 -0.3996896
vn -0.1357734 0.9064365 -0.3999232
vn -0.3942260 0.8210167 -0.4129376
vn -0.6332371 0.6399433 -0.4352967
vn -0.8150206 0.3548603 -0.4580563
vn -0.8838075 -0.0066217 -0.4678038
vn -0.8102173 -0.3665179 -0.4573977
vn -0.6254960 -0.6480926 -0.4344315
vn -0.3853170 -0.8255602 -0.4122877
vn -0.1265568 -0.9078720 -0.3996896
vn 0.1357734 -0.9064365 -0.3999232
vn 0.3942260 -0.8210167 -0.4129376
vn 0.6332371 -0.6399433 -0.4352967
vn 0.8150206 -0.3548603 -0.4580563
vn 1.0000000 0.0000000 0.0000000
vn 0.9140076 0.4056970 -0.0000000
vn 0.6989202 0.7151996 -0.0000000
vn 0.4278966 0.9038277 0.0000000
vn 0.1431001 0.9897082 0.0000000
vn -0.1431001 0.9897082 -0.0000000
vn -0.4278966 0.9038277 -0.0000000
vn -0.6989202 0.7151996 0.0000000
vn -0.9140076 0.4056970 0.0000000
vn -1.0000000 0.0000000 -0.0000000
vn -0.9140076 -0.4056970 -0.0000000
vn -0.6989202 -0.7151996 -0.0000000
vn -0.4278966 -0.9038277 0.0000000
vn -0.1431001 -0.9897082 0.0000000
vn 0.1431001 -0.9897082 0.0000000
vn 0.4278966 -0.9038277 0.0000000
vn 0.6989202 -0.7151996 0.0000000
vn 0.9140076 -0.4056970 -0.0000000
vn 0.8838075 -0.0066217 0.4678038
vn 0.8150206 0.3548603 0.4580563
vn 0.6332371 0.6399433 0.4352967
vn 0.3942260 0.8210167 0.4129376
vn 0.1357734 0.9064365 0.3999232
vn -0.1265568 0.9078720 0.3996896
vn -0.3853170 0.8255602 0.4122877
vn -0.6254960 0.6480926 0.4344315
vn -0.8102173 0.3665179 0.4573977
vn -0.8838075 0.0066217 0.4678038
vn -0.8150206 -0.3548603 0.4580563
vn -0.6332371 -0.6399433 0.4352967
vn -0.3942260 -0.8210167 0.4129376
vn -0.1357734 -0.9064365 0.3999232
vn 0.1265568 -0.9078720 0.3996896
vn 0.3853170 -0.8255602 0.4122877
vn 0.6254960 -0.6480926 0.4344315
vn 0.8102173 -0.3665179 0.4573977
vn 0.6603559 -0.0106285 0.7508776
vn 0.6164495 0.2624385 0.7423719
vn 0.4910200 0.4891369 0.7208637
vn 0.3139920 0.6434686 0.6981097
vn 0.1122774 0.7207757 0.6840148
vn -0.0965632 0.7235626 0.6834711
vn -0.2993297 0.6519831 0.6966489
vn -0.4790459 0.5034901 0.7190360
vn -0.6094825 0.2816915 0.7410675
vn -0.6603559 0.0106285 0.7508776
vn -0.6164495 -0.2624385 0.7423719
vn -0.4910200 -0.4891369 0.7208637
vn -0.3139920 -0.6434686 0.6981097
vn -0.1122774 -0.7207757 0.6840148
vn 0.0965632 -0.7235626 0.6834711
vn 0.2993297 -0.6519831 0.6966489
vn 0.4790459 -0.5034901 0.7190360
vn 0.6094825 -0.2816915 0.7410675
vn 0.4554355 -0.0126003 0.8901796
vn 0.4292892 0.1772067 0.8856120
vn 0.3487092 0.3406982 0.8731132
vn 0.2283916 0.4581021 0.8590575
vn 0.0852163 0.5200985 0.8498445
vn -0.0657409 0.5239020 0.8492378
vn -0.2107319 0.4693947 0.8574734
vn -0.3349542 0.3588543 0.8712229
vn -0.4216432 0.2004739 0.8843230
vn -0.4554355 0.0126003 0.8901796
vn -0.4292892 -0.1772067 0.8856120
vn -0.3487092 -0.3406982 0.8731132
vn -0.2283916 -0.4581021 0.8590575
vn -0.0852163 -0.5200985 0.8498445
vn 0.0657409 -0.5239020 0.8492378
vn 0.2107319 -0.4693947 0.8574734
vn 0.3349542 -0.3588543 0.8712229
vn 0.4216432 -0.2004739 0.8843230
vn 0.2891608 -0.0135488 0.9571846
vn 0.2750067 0.1076748 0.9553939
vn 0.2269259 0.2146583 0.9499613
vn 0.1520022 0.2943568 0.9435303
vn 0.0599972 0.3384034 0.9390865
vn -0.0385087 0.3428432 0.9386030
vn -0.1328588 0.3073078 0.9422900
vn -0.2124287 0.2349032 0.9485223
vn -0.2671536 0.1329573 0.9544377
vn -0.2891608 0.0135488 0.9571846
vn -0.2750067 -0.1076748 0.9553939
vn -0.2269259 -0.2146583 0.9499613
vn -0.1520022 -0.2943568 0.9435303
vn -0.0599972 -0.3384034 0.9390865
vn 0.0385087 -0.3428432 0.9386030
vn 0.1328588 -0.3073078 0.9422900
vn 0.2124287 -0.2349032 0.9485223
vn 0.2671536 -0.1329573 0.9544377
vn 0.1552958 -0.0139817 0.9877691
vn 0.1497910 0.0516142 0.9873696
vn 0.1260827 0.1108039 0.9858122
vn 0.0872281 0.1563961 0.9838351
vn 0.0380482 0.1830725 0.9823629
vn -0.0155857 0.1878466 0.9820747
vn -0.0673990 0.1701953 0.9831027
vn -0.1112782 0.1320703 0.9849744
vn -0.1418726 0.0778371 0.9868199
vn -0.1552958 0.0139817 0.9877691
vn -0.1497910 -0.0516142 0.9873696
vn -0.1260827 -0.1108039 0.9858122
vn -0.0872281 -0.1563961 0.9838351
vn -0.0380482 -0.1830725 0.9823629
vn 0.0155857 -0.1878466 0.9820747
vn 0.0673990 -0.1701953 0.9831027
vn 0.1112782 -0.1320703 0.9849744
vn 0.1418726 -0.0778371 0.9868199
vn 0.0000000 0.0000000 1.0000000
vn 0.0000000 0.0000000 -1.0000000
vn 0.1370366 0.0123378 -0.9904891
vn 0.1252183 0.0686999 -0.9897478
vn 0.0982559 0.1166148 -0.9883050
vn 0.0595366 0.1503412 -0.9868399
vn 0.0137707 0.1659715 -0.9860344
vn -0.0336153 0.1617430 -0.9862602
vn -0.0770399 0.1381291 -0.9874134
vn -0.1113071 0.0978188 -0.9889602
vn -0.1321909 0.0455496 -0.9901772
vn -0.1370366 -0.0123378 -0.9904891
vn -0.1252183 -0.0686999 -0.9897478
vn -0.0982559 -0.1166148 -0.9883050
vn -0.0595366 -0.1503412 -0.9868399
vn -0.0137707 -0.1659715 -0.9860344
vn 0.0336153 -0.1617430 -0.9862602
vn 0.0770399 -0.1381291 -0.9874134
vn 0.1113071 -0.0978188 -0.9889602
vn 0.1321909 -0.0455496 -0.9901772
vn 0.2569014 0.0120372 -0.9663626
vn 0.2374928 0.1181957 -0.9641716
vn 0.1890889 0.2090942 -0.9594399
vn 0.1184226 0.2739164 -0.9544349
vn 0.0343520 0.3058361 -0.9514642
vn -0.0535154 0.3018438 -0.9518542
vn -0.1354493 0.2623016 -0.9554325
vn -0.2019297 0.1910134 -0.9605927
vn -0.2444226 0.0957001 -0.9649348
vn -0.2569014 -0.0120372 -0.9663626
vn -0.2374928 -0.1181957 -0.9641716
vn -0.1890889 -0.2090942 -0.9594399
vn -0.1184226 -0.2739164 -0.9544349
vn -0.0343520 -0.3058361 -0.9514642
vn 0.0535154 -0.3018438 -0.9518542
vn 0.1354493 -0.2623016 -0.9554325
vn 0.2019297 -0.1910134 -0.9605927
vn 0.2444226 -0.0957001 -0.9649348
vn 0.4105106 0.0113574 -0.9117851
vn 0.3805199 0.1809215 -0.9069024
vn 0.3031139 0.3247421 -0.8959155
vn 0.1912430 0.4259842 -0.8842870
vn 0.0597619 0.4762542 -0.8772744
vn -0.0774565 0.4727380 -0.8777923
vn -0.2072019 0.4156004 -0.8856318
vn -0.3154373 0.3081907 -0.8975064
vn -0.3873153 0.1598803 -0.9079786
vn -0.4105106 -0.0113574 -0.9117851
vn -0.3805199 -0.1809215 -0.9069024
vn -0.3031139 -0.3247421 -0.8959155
vn -0.1912430 -0.4259842 -0.8842870
vn -0.0597619 -0.4762542 -0.8772744
vn 0.0774565 -0.4727380 -0.8777923
vn 0.2072019 -0.4156004 -0.8856318
vn 0.3154373 -0.3081907 -0.8975064
vn 0.3873153 -0.1598803 -0.9079786
vn 0.6120043 0.0098503 -0.7907931
vn 0.5658930 0.2615453 -0.7818946
vn 0.4465927 0.4693810 -0.7617325
vn 0.2801779 0.6102677 -0.7409951
vn 0.0905953 0.6788448 -0.7286716
vn -0.1053284 0.6761656 -0.7291817
vn -0.2938257 0.6021414 -0.7423558
vn -0.4576032 0.4558483 -0.7634145
vn -0.5722227 0.2436100 -0.7830807
vn -0.6120043 -0.0098503 -0.7907931
vn -0.5658930 -0.2615453 -0.7818946
vn -0.4465927 -0.4693810 -0.7617325
vn -0.2801779 -0.6102677 -0.7409951
vn -0.0905953 -0.6788448 -0.7286716
vn 0.1053284 -0.6761656 -0.7291817
vn 0.2938257 -0.6021414 -0.7423558
vn 0.4576032 -0.4558483 -0.7634145
vn 0.5722227 -0.2436100 -0.7830807
vn 0.8569141 0.0064202 -0.5154193
vn 0.7866008 0.3558345 -0.5046197
vn 0.6089788 0.6309786 -0.4806359
vn 0.3761170 0.8058488 -0.4573224
vn 0.1237108 0.8874561 -0.4439790
vn -0.1327168 0.8860298 -0.4442269
vn -0.3847847 0.8013540 -0.4580092
vn -0.6164514 0.6229798 -0.4815431
vn -0.7911987 0.3444882 -0.5053044
vn -0.8569141 -0.0064202 -0.5154193
vn -0.7866008 -0.3558345 -0.5046197
vn -0.6089788 -0.6309786 -0.4806359
vn -0.3761170 -0.8058488 -0.4573224
vn -0.1237108 -0.8874561 -0.4439790
vn 0.1327168 -0.8860298 -0.4442269
vn 0.3847847 -0.8013540 -0.4580092
vn 0.6164514 -0.6229798 -0.4815431
vn 0.7911987 -0.3444882 -0.5053044
vn 1.0000000 0.0000000 0.0000000
vn 0.9140076 0.4056970 0.0000000
vn 0.6989202 0.7151996 0.0000000
vn 0.4278966 0.9038277 -0.0000000
vn 0.1431001 0.9897082 -0.0000000
vn -0.1431001 0.9897082 0.0000000
vn -0.4278966 0.9038277 0.0000000
vn -0.6989202 0.7151996 -0.0000000
vn -0.9140076 0.4056970 -0.0000000
vn -1.0000000 0.0000000 -0.0000000
vn -0.9140076 -0.4056970 -0.0000000
vn -0.6989202 -0.7151996 -0.0000000
vn -0.4278966 -0.9038277 0.0000000
vn -0.1431001 -0.9897082 -0.0000000
vn 0.1431001 -0.9897082 -0.0000000
vn 0.4278966 -0.9038277 0.0000000
vn 0.6989202 -0.7151996 0.0000000
vn 0.9140076 -0.4056970 -0.0000000
vn 0.8569141 -0.0064202 0.5154193
vn 0.7911987 0.3444882 0.5053044
vn 0.6164514 0.6229798 0.4815431
vn 0.3847847 0.8013540 0.4580092
vn 0.1327168 0.8860298 0.4442269
vn -0.1237108 0.8874561 0.4439790
vn -0.3761170 0.8058488 0.4573224
vn -0.6089788 0.6309786 0.4806359
vn -0.7866008 0.3558345 0.5046197
vn -0.8569141 0.0064202 0.5154193
vn -0.7911987 -0.3444882 0.5053044
vn -0.6164514 -0.6229798 0.4815431
vn -0.3847847 -0.8013540 0.4580092
vn -0.1327168 -0.8860298 0.4442269
vn 0.1237108 -0.8874561 0.4439790
vn 0.3761170 -0.8058488 0.4573224
vn 0.6089788 -0.6309786 0.4806359
vn 0.7866008 -0.3558345 0.5046197
vn 0.6120043 -0.0098503 0.7907931
vn 0.5722227 0.2436100 0.7830807
vn 0.4576032 0.4558483 0.7634145
vn 0.2938257 0.6021414 0.7423558
vn 0.1053284 0.6761656 0.7291817
vn -0.0905953 0.6788448 0.7286716
vn -0.2801779 0.6102677 0.7409951
vn -0.4465927 0.4693810 0.7617325
vn -0.5658930 0.2615453 0.7818946
vn -0.6120043 0.0098503 0.7907931
vn -0.5722227 -0.2436100 0.7830807
vn -0.4576032 -0.4558483 0.7634145
vn -0.2938257 -0.6021414 0.7423558
vn -0.1053284 -0.6761656 0.7291817
vn 0.0905953 -0.6788448 0.7286716
vn 0.2801779 -0.6102677 0.7409951
vn 0.4465927 -0.4693810 0.7617325
vn 0.5658930 -0.2615453 0.7818946
vn 0.4105106 -0.0113574 0.9117851
vn 0.3873153 0.1598803 0.9079786
vn 0.3154373 0.3081907 0.8975064
vn 0.2072019 0.4156004 0.8856318
vn 0.0774565 0.4727380 0.8777923
vn -0.0597619 0.4762542 0.8772744
vn -0.1912430 0.4259842 0.8842870
vn -0.3031139 0.3247421 0.8959155
vn -0.3805199 0.1809215 0.9069024
vn -0.4105106 0.0113574 0.9117851
vn -0.3873153 -0.1598803 0.9079786
vn -0.3154373 -0.3081907 0.8975064
vn -0.2072019 -0.4156004 0.8856318
vn -0.0774565 -0.4727380 0.8777923
vn 0.0597619 -0.4762542 0.8772744
vn 0.1912430 -0.4259842 0.8842870
vn 0.3031139 -0.3247421 0.8959155
vn 0.3805199 -0.1809215 0.9069024
vn 0.2569014 -0.0120372 0.9663626
vn 0.2444226 0.0957001 0.9649348
vn 0.2019297 0.1910134 0.9605927
vn 0.1354493 0.2623016 0.9554325
vn 0.0535154 0.3018438 0.9518542
vn -0.0343520 0.3058361 0.9514642
vn -0.1184226 0.2739164 0.9544349
vn -0.1890889 0.2090942 0.9594399
vn -0.2374928 0.1181957 0.9641716
vn -0.2569014 0.0120372 0.9663626
vn -0.2444226 -0.0957001 0.9649348
vn -0.2019297 -0.1910134 0.9605927
vn -0.1354493 -0.2623016 0.9554325
vn -0.0535154 -0.3018438 0.9518542
vn 0.0343520 -0.3058361 0.9514642
vn 0.1184226 -0.2739164 0.9544349
vn 0.1890889 -0.2090942 0.9594399
vn 0.2374928 -0.1181957 0.9641716
vn 0.1370366 -0.0123378 0.9904891
vn 0.1321909 0.0455496 0.9901772
vn 0.1113071 0.0978188 0.9889602
vn 0.0770399 0.1381291 0.9874134
vn 0.0336153 0.1617430 0.9862602
vn -0.0137707 0.1659715 0.9860344
vn -0.0595366 0.1503412 0.9868399
vn -0.0982559 0.1166148 0.9883050
vn -0.1252183 0.0686999 0.9897478
vn -0.1370366 0.0123378 0.9904891
vn -0.1321909 -0.0455496 0.9901772
vn -0.1113071 -0.0978188 0.9889602
vn -0.0770399 -0.1381291 0.9874134
vn -0.0336153 -0.1617430 0.9862602
vn 0.0137707 -0.1659715 0.9860344
vn 0.0595366 -0.1503412 0.9868399
vn 0.0982559 -0.1166148 0.9883050
vn 0.1252183 -0.0686999 0.9897478
vn 0.0000000 0.0000000 1.0000000
vn 0.0000000 0.0000000 -1.0000000
vn 0.1552958 0.0139817 -0.9877691
vn 0.1418726 0.0778371 -0.9868199
vn 0.1112782 0.1320703 -0.9849744
vn 0.0673990 0.1701953 -0.9831027
vn 0.0155857 0.1878466 -0.9820747
vn -0.0380482 0.1830725 -0.9823629
vn -0.0872281 0.1563961 -0.9838351
vn -0.1260827 0.1108039 -0.9858122
vn -0.1497910 0.0516142 -0.9873696
vn -0.1552958 -0.0139817 -0.9877691
vn -0.1418726 -0.0778371 -0.9868199
vn -0.1112782 -0.1320703 -0.9849744
vn -0.0673990 -0.1701953 -0.9831027
vn -0.0155857 -0.1878466 -0.9820747
vn 0.0380482 -0.1830725 -0.9823629
vn 0.0872281 -0.1563961 -0.9838351
vn 0.1260827 -0.1108039 -0.9858122
vn 0.1497910 -0.0516142 -0.9873696
vn 0.2891608 0.0135488 -0.9571846
vn 0.2671536 0.1329573 -0.9544377
vn 0.2124287 0.2349032 -0.9485223
vn 0.1328588 0.3073078 -0.9422900
vn 0.0385087 0.3428432 -0.9386030
vn -0.0599972 0.3384034 -0.9390865
vn -0.1520022 0.2943568 -0.9435303
vn -0.2269259 0.2146583 -0.9499613
vn -0.2750067 0.1076748 -0.9553939
vn -0.2891608 -0.0135488 -0.9571846
vn -0.2671536 -0.1329573 -0.9544377
vn -0.2124287 -0.2349032 -0.9485223
vn -0.1328588 -0.3073078 -0.9422900
vn -0.0385087 -0.3428432 -0.9386030
vn 0.0599972 -0.3384034 -0.9390865
vn 0.1520022 -0.2943568 -0.9435303
vn 0.2269259 -0.2146583 -0.9499613
vn 0.2750067 -0.1076748 -0.9553939
vn 0.4554355 0.0126003 -0.8901796
vn 0.4216432 0.2004739 -0.8843230
vn 0.3349542 0.3588543 -0.8712229
vn 0.2107319 0.4693947 -0.8574734
vn 0.0657409 0.5239020 -0.8492378
vn -0.0852163 0.5200985 -0.8498445
vn -0.2283916 0.4581021 -0.8590575
vn -0.3487092 0.3406982 -0.8731132
vn -0.4292892 0.1772067 -0.8856120
vn -0.4554355 -0.0126003 -0.8901796
vn -0.4216432 -0.2004739 -0.8843230
vn -0.3349542 -0.3588543 -0.8712229
vn -0.2107319 -0.4693947 -0.8574734
vn -0.0657409 -0.5239020 -0.8492378
vn 0.0852163 -0.5200985 -0.8498445
vn 0.2283916 -0.4581021 -0.8590575
vn 0.3487092 -0.3406982 -0.8731132
vn 0.4292892 -0.1772067 -0.8856120
vn 0.6603559 0.0106285 -0.7508776
vn 0.6094825 0.2816915 -0.7410675
vn 0.4790459 0.5034901 -0.7190360
vn 0.2993297 0.6519831 -0.6966489
vn 0.0965632 0.7235626 -0.6834711
vn -0.1122774 0.7207757 -0.6840148
vn -0.3139920 0.6434686 -0.6981097
vn -0.4910200 0.4891369 -0.7208637
vn -0.6164495 0.2624385 -0.7423719
vn -0.6603559 -0.0106285 -0.7508776
vn -0.6094825 -0.2816915 -0.7410675
vn -0.4790459 -0.5034901 -0.7190360
vn -0.2993297 -0.6519831 -0.6966489
vn -0.0965632 -0.7235626 -0.6834711
vn 0.1122774 -0.7207757 -0.6840148
vn 0.3139920 -0.6434686 -0.6981097
vn 0.4910200 -0.4891369 -0.7208637
vn 0.6164495 -0.2624385 -0.7423719
vn 0.8838075 0.0066217 -0.4678038
vn 0.8102173 0.3665179 -0.4573977
vn 0.6254960 0.6480926 -0.4344315
vn 0.3853170 0.8255602 -0.4122877
vn 0.1265568 0.9078720 -0.3996896
vn -0.1357734 0.9064365 -0.3999232
vn -0.3942260 0.8210167 -0.4129376
vn -0.6332371 0.6399433 -0.4352967
vn -0.8150206 0.3548603 -0.4580563
vn -0.8838075 -0.0066217 -0.4678038
vn -0.8102173 -0.3665179 -0.4573977
vn -0.6254960 -0.6480926 -0.4344315
vn -0.3853170 -0.8255602 -0.4122877
vn -0.1265568 -0.9078720 -0.3996896
vn 0.1357734 -0.9064365 -0.3999232
vn 0.3942260 -0.8210167 -0.4129376
vn 0.6332371 -0.6399433 -0.4352967
vn 0.8150206 -0.3548603 -0.4580563
vn 1.0000000 0.0000000 0.0000000
vn 0.9140076 0.4056970 -0.0000000
vn 0.6989202 0.7151996 -0.0000000
vn 0.4278966 0.9038277 0.0000000
vn 0.1431001 0.9897082 0.0000000
vn -0.1431001 0.9897082 -0.0000000
vn -0.4278966 0.9038277 -0.0000000
vn -0.6989202 0.7151996 0.0000000
vn -0.9140076 0.4056970 0.0000000
vn -1.0000000 0.0000000 0.0000000
vn -0.9140076 -0.4056970 0.0000000
vn -0.6989202 -0.7151996 0.0000000
vn -0.4278966 -0.9038277 -0.0000000
vn -0.1431001 -0.9897082 -0.0000000
vn 0.1431001 -0.9897082 0.0000000
vn 0.4278966 -0.9038277 -0.0000000
vn 0.6989202 -0.7151996 -0.0000000
vn 0.9140076 -0.4056970 0.0000000
vn 0.8838075 -0.0066217 0.4678038
vn 0.8150206 0.3548603 0.4580563
vn 0.6332371 0.6399433 0.4352967
vn 0.3942260 0.8210167 0.4129376
vn 0.1357734 0.9064365 0.3999232
vn -0.1265568 0.9078720 0.3996896
vn -0.3853170 0.8255602 0.4122877
vn -0.6254960 0.6480926 0.4344315
vn -0.8102173 0.3665179 0.4573977
vn -0.8838075 0.0066217 0.4678038
vn -0.8150206 -0.3548603 0.4580563
vn -0.6332371 -0.6399433 0.4352967
vn -0.3942260 -0.8210167 0.4129376
vn -0.1357734 -0.9064365 0.3999232
vn 0.1265568 -0.9078720 0.3996896
vn 0.3853170 -0.8255602 0.4122877
vn 0.6254960 -0.6480926 0.4344315
vn 0.8102173 -0.3665179 0.4573977
vn 0.6603559 -0.0106285 0.7508776
vn 0.6164495 0.2624385 0.7423719
vn 0.4910200 0.4891369 0.7208637
vn 0.3139920 0.6434686 0.6981097
vn 0.1122774 0.7207757 0.6840148
vn -0.0965632 0.7235626 0.6834711
vn -0.2993297 0.6519831 0.6966489
vn -0.4790459 0.5034901 0.7190360
vn -0.6094825 0.2816915 0.7410675
vn -0.6603559 0.0106285 0.7508776
vn -0.6164495 -0.2624385 0.7423719
vn -0.4910200 -0.4891369 0.7208637
vn -0.3139920 -0.6434686 0.6981097
vn -0.1122774 -0.7207757 0.6840148
vn 0.0965632 -0.7235626 0.6834711
vn 0.2993297 -0.6519831 0.6966489
vn 0.4790459 -0.5034901 0.7190360
vn 0.6094825 -0.2816915 0.7410675
vn 0.4554355 -0.0126003 0.8901796
vn 0.4292892 0.1772067 0.8856120
vn 0.3487092 0.3406982 0.8731132
vn 0.2283916 0.4581021 0.8590575
vn 0.0852163 0.5200985 0.8498445
vn -0.0657409 0.5239020 0.8492378
vn -0.2107319 0.4693947 0.8574734
vn -0.3349542 0.3588543 0.8712229
vn -0.4216432 0.2004739 0.8843230
vn -0.4554355 0.0126003 0.8901796
vn -0.4292892 -0.1772067 0.8856120
vn -0.3487092 -0.3406982 0.8731132
vn -0.2283916 -0.4581021 0.8590575
vn -0.0852163 -0.5200985 0.8498445
vn 0.0657409 -0.5239020 0.8492378
vn 0.2107319 -0.4693947 0.8574734
vn 0.3349542 -0.3588543 0.8712229
vn 0.4216432 -0.2004739 0.8843230
vn 0.2891608 -0.0135488 0.9571846
vn 0.2750067 0.1076748 0.9553939
vn 0.2269259 0.2146583 0.9499613
vn 0.1520022 0.2943568 0.9435303
vn 0.0599972 0.3384034 0.9390865
vn -0.0385087 0.3428432 0.9386030
vn -0.1328588 0.3073078 0.9422900
vn -0.2124287 0.2349032 0.9485223
vn -0.2671536 0.1329573 0.9544377
vn -0.2891608 0.0135488 0.9571846
vn -0.2750067 -0.1076748 0.9553939
vn -0.2269259 -0.2146583 0.9499613
vn -0.1520022 -0.2943568 0.9435303
vn -0.0599972 -0.3384034 0.9390865
vn 0.0385087 -0.3428432 0.9386030
vn 0.1328588 -0.3073078 0.9422900
vn 0.2124287 -0.2349032 0.9485223
vn 0.2671536 -0.1329573 0.9544377
vn 0.1552958 -0.0139817 0.9877691
vn 0.1497910 0.0516142 0.9873696
vn 0.1260827 0.1108039 0.9858122
vn 0.0872281 0.1563961 0.9838351
vn 0.0380482 0.1830725 0.9823629
vn -0.0155857 0.1878466 0.9820747
vn -0.0673990 0.1701953 0.9831027
vn -0.1112782 0.1320703 0.9849744
vn -0.1418726 0.0778371 0.9868199
vn -0.1552958 0.0139817 0.9877691
vn -0.1497910 -0.0516142 0.9873696
vn -0.1260827 -0.1108039 0.9858122
vn -0.0872281 -0.1563961 0.9838351
vn -0.0380482 -0.1830725 0.9823629
vn 0.0155857 -0.1878466 0.9820747
vn 0.0673990 -0.1701953 0.9831027
vn 0.1112782 -0.1320703 0.9849744
vn 0.1418726 -0.0778371 0.9868199
vn 0.0000000 0.0000000 1.0000000
vn 0.0000000 0.0000000 -1.0000000
vn 0.1552958 0.0139817 -0.9877691
vn 0.1418726 0.0778371 -0.9868199
vn 0.1112782 0.1320703 -0.9849744
vn 0.0673990 0.1701953 -0.9831027
vn 0.0155857 0.1878466 -0.9820747
vn -0.0380482 0.1830725 -0.9823629
vn -0.0872281 0.1563961 -0.9838351
vn -0.1260827 0.1108039 -0.9858122
vn -0.1497910 0.0516142 -0.9873696
vn -0.1552958 -0.0139817 -0.9877691
vn -0.1418726 -0.0778371 -0.9868199
vn -0.1112782 -0.1320703 -0.9849744
vn -0.0673990 -0.1701953 -0.9831027
vn -0.0155857 -0.1878466 -0.9820747
vn 0.0380482 -0.1830725 -0.9823629
vn 0.0872281 -0.1563961 -0.9838351
vn 0.1260827 -0.1108039 -0.9858122
vn 0.1497910 -0.0516142 -0.9873696
vn 0.2891608 0.0135488 -0.9571846
vn 0.2671536 0.1329573 -0.9544377
vn 0.2124287 0.2349032 -0.9485223
vn 0.1328588 0.3073078 -0.9422900
vn 0.0385087 0.3428432 -0.9386030
vn -0.0599972 0.3384034 -0.9390865
vn -0.1520022 0.2943568 -0.9435303
vn -0.2269259 0.2146583 -0.9499613
vn -0.2750067 0.1076748 -0.9553939
vn -0.2891608 -0.0135488 -0.9571846
vn -0.2671536 -0.1329573 -0.9544377
vn -0.2124287 -0.2349032 -0.9485223
vn -0.1328588 -0.3073078 -0.9422900
vn -0.0385087 -0.3428432 -0.9386030
vn 0.0599972 -0.3384034 -0.9390865
vn 0.1520022 -0.2943568 -0.9435303
vn 0.2269259 -0.2146583 -0.9499613
vn 0.2750067 -0.1076748 -0.9553939
vn 0.4554355 0.0126003 -0.8901796
vn 0.4216432 0.2004739 -0.8843230
vn 0.3349542 0.3588543 -0.8712229
vn 0.2107319 0.4693947 -0.8574734
vn 0.0657409 0.5239020 -0.8492378
vn -0.0852163 0.5200985 -0.8498445
vn -0.2283916 0.4581021 -0.8590575
vn -0.3487092 0.3406982 -0.8731132
vn -0.4292892 0.1772067 -0.8856120
vn -0.4554355 -0.0126003 -0.8901796
vn -0.4216432 -0.2004739 -0.8843230
vn -0.3349542 -0.3588543 -0.8712229
vn -0.2107319 -0.4693947 -0.8574734
vn -0.0657409 -0.5239020 -0.8492378
vn 0.0852163 -0.5200985 -0.8498445
vn 0.2283916 -0.4581021 -0.8590575
vn 0.3487092 -0.3406982 -0.8731132
vn 0.4292892 -0.1772067 -0.8856120
vn 0.6603559 0.0106285 -0.7508776
vn 0.6094825 0.2816915 -0.7410675
vn 0.4790459 0.5034901 -0.7190360
vn 0.2993297 0.6519831 -0.6966489
vn 0.0965632 0.7235626 -0.6834711
vn -0.1122774 0.7207757 -0.6840148
vn -0.3139920 0.6434686 -0.6981097
vn -0.4910200 0.4891369 -0.7208637
vn -0.6164495 0.2624385 -0.7423719
vn -0.6603559 -0.0106285 -0.7508776
vn -0.6094825 -0.2816915 -0.7410675
vn -0.4790459 -0.5034901 -0.7190360
vn -0.2993297 -0.6519831 -0.6966489
vn -0.0965632 -0.7235626 -0.6834711
vn 0.1122774 -0.7207757 -0.6840148
vn 0.3139920 -0.6434686 -0.6981097
vn 0.4910200 -0.4891369 -0.7208637
vn 0.6164495 -0.2624385 -0.7423719
vn 0.8838075 0.0066217 -0.4678038
vn 0.8102173 0.3665179 -0.4573977
vn 0.6254960 0.6480926 -0.4344315
vn 0.3853170 0.8255602 -0.4122877
vn 0.1265568 0.9078720 -0.3996896
vn -0.1357734 0.9064365 -0.3999232
vn -0.3942260 0.8210167 -0.4129376
vn -0.6332371 0.6399433 -0.4352967
vn -0.8150206 0.3548603 -0.4580563
vn -0.8838075 -0.0066217 -0.4678038
vn -0.8102173 -0.3665179 -0.4573977
vn -0.6254960 -0.6480926 -0.4344315
vn -0.3853170 -0.8255602 -0.4122877
vn -0.1265568 -0.9078720 -0.3996896
vn 0.1357734 -0.9064365 -0.3999232
vn 0.3942260 -0.8210167 -0.4129376
vn 0.6332371 -0.6399433 -0.4352967
vn 0.8150206 -0.3548603 -0.4580563
vn 1.0000000 0.0000000 -0.0000000
vn 0.9140076 0.4056970 0.0000000
vn 0.6989202 0.7151996 -0.0000000
vn 0.4278966 0.9038277 -0.0000000
vn 0.1431001 0.9897082 0.0000000
vn -0.1431001 0.9897082 -0.0000000
vn -0.4278966 0.9038277 0.0000000
vn -0.6989202 0.7151996 0.0000000
vn -0.9140076 0.4056970 -0.0000000
vn -1.0000000 0.0000000 -0.0000000
vn -0.9140076 -0.4056970 0.0000000
vn -0.6989202 -0.7151996 0.0000000
vn -0.4278966 -0.9038277 -0.0000000
vn -0.1431001 -0.9897082 -0.0000000
vn 0.1431001 -0.9897082 0.0000000
vn 0.4278966 -0.9038277 0.0000000
vn 0.6989202 -0.7151996 -0.0000000
vn 0.9140076 -0.4056970 -0.0000000
vn 0.8838075 -0.0066217 0.4678038
vn 0.8150206 0.3548603 0.4580563
vn 0.6332371 0.6399433 0.4352967
vn 0.3942260 0.8210167 0.4129376
vn 0.1357734 0.9064365 0.3999232
vn -0.1265568 0.9078720 0.3996896
vn -0.3853170 0.8255602 0.4122877
vn -0.6254960 0.6480926 0.4344315
vn -0.8102173 0.3665179 0.4573977
vn -0.8838075 0.0066217 0.4678038
vn -0.8150206 -0.3548603 0.4580563
vn -0.6332371 -0.6399433 0.4352967
vn -0.3942260 -0.8210167 0.4129376
vn -0.1357734 -0.9064365 0.3999232
vn 0.1265568 -0.9078720 0.3996896
vn 0.3853170 -0.8255602 0.4122877
vn 0.6254960 -0.6480926 0.4344315
vn 0.8102173 -0.3665179 0.4573977
vn 0.6603559 -0.0106285 0.7508776
vn 0.6164495 0.2624385 0.7423719
vn 0.4910200 0.4891369 0.7208637
vn 0.3139920 0.6434686 0.6981097
vn 0.1122774 0.7207757 0.6840148
vn -0.0965632 0.7235626 0.6834711
vn -0.2993297 0.6519831 0.6966489
vn -0.4790459 0.5034901 0.7190360
vn -0.6094825 0.2816915 0.7410675
vn -0.6603559 0.0106285 0.7508776
vn -0.6164495 -0.2624385 0.7423719
vn -0.4910200 -0.4891369 0.7208637
vn -0.3139920 -0.6434686 0.6981097
vn -0.1122774 -0.7207757 0.6840148
vn 0.0965632 -0.7235626 0.6834711
vn 0.2993297 -0.6519831 0.6966489
vn 0.4790459 -0.5034901 0.7190360
vn 0.6094825 -0.2816915 0.7410675
vn 0.4554355 -0.0126003 0.8901796
vn 0.4292892 0.1772067 0.8856120
vn 0.3487092 0.3406982 0.8731132
vn 0.2283916 0.4581021 0.8590575
vn 0.0852163 0.5200985 0.8498445
vn -0.0657409 0.5239020 0.8492378
vn -0.2107319 0.4693947 0.8574734
vn -0.3349542 0.3588543 0.8712229
vn -0.4216432 0.2004739 0.8843230
vn -0.4554355 0.0126003 0.8901796
vn -0.4292892 -0.1772067 0.8856120
vn -0.3487092 -0.3406982 0.8731132
vn -0.2283916 -0.4581021 0.8590575
vn -0.0852163 -0.5200985 0.8498445
vn 0.0657409 -0.5239020 0.8492378
vn 0.2107319 -0.4693947 0.8574734
vn 0.3349542 -0.3588543 0.8712229
vn 0.4216432 -0.2004739 0.8843230
vn 0.2891608 -0.0135488 0.9571846
vn 0.2750067 0.1076748 0.9553939
vn 0.2269259 0.2146583 0.9499613
vn 0.1520022 0.2943568 0.9435303
vn 0.0599972 0.3384034 0.9390865
vn -0.0385087 0.3428432 0.9386030
vn -0.1328588 0.3073078 0.9422900
vn -0.2124287 0.2349032 0.9485223
vn -0.2671536 0.1329573 0.9544377
vn -0.2891608 0.0135488 0.9571846
vn -0.2750067 -0.1076748 0.9553939
vn -0.2269259 -0.2146583 0.9499613
vn -0.1520022 -0.2943568 0.9435303
vn -0.0599972 -0.3384034 0.9390865
vn 0.0385087 -0.3428432 0.9386030
vn 0.1328588 -0.3073078 0.9422900
vn 0.2124287 -0.2349032 0.9485223
vn 0.2671536 -0.1329573 0.9544377
vn 0.1552958 -0.0139817 0.9877691
vn 0.1497910 0.0516142 0.9873696
vn 0.1260827 0.1108039 0.9858122
vn 0.0872281 0.1563961 0.9838351
vn 0.0380482 0.1830725 0.9823629
vn -0.0155857 0.1878466 0.9820747
vn -0.0673990 0.1701953 0.9831027
vn -0.1112782 0.1320703 0.9849744
vn -0.1418726 0.0778371 0.9868199
vn -0.1552958 0.0139817 0.9877691
vn -0.1497910 -0.0516142 0.9873696
vn -0.1260827 -0.1108039 0.9858122
vn -0.0872281 -0.1563961 0.9838351
vn -0.0380482 -0.1830725 0.9823629
vn 0.0155857 -0.1878466 0.9820747
vn 0.0673990 -0.1701953 0.9831027
vn 0.1112782 -0.1320703 0.9849744
vn 0.1418726 -0.0778371 0.9868199
vn 0.0000000 -0.0000000 1.0000000
s 1
usemtl wrapper
f 1//1 2//2 122//122
f 1//1 122//122 121//121
usemtl wrapper_dark
f 241//241 2//2 1//1
usemtl wrapper
f 242//242 121//121 122//122
f 2//2 3//3 123//123
f 2//2 123//123 122//122
usemtl wrapper_dark
f 241//241 3//3 2//2
usemtl wrapper
f 242//242 122//122 123//123
usemtl wrapper_dark
f 3//3 4//4 124//124
f 3//3 124//124 123//123
f 241//241 4//4 3//3
usemtl wrapper
f 242//242 123//123 124//124
usemtl wrapper_dark
f 4//4 5//5 125//125
f 4//4 125//125 124//124
f 241//241 5//5 4//4
usemtl wrapper
f 242//242 124//124 125//125
f 5//5 6//6 126//126
f 5//5 126//126 125//125
usemtl wrapper_dark
f 241//241 6//6 5//5
usemtl wrapper
f 242//242 125//125 126//126
f 6//6 7//7 127//127
f 6//6 127//127 126//126
usemtl wrapper_dark
f 241//241 7//7 6//6
usemtl wrapper
f 242//242 126//126 127//127
f 7//7 8//8 128//128
f 7//7 128//128 127//127
usemtl wrapper_dark
f 241//241 8//8 7//7
usemtl wrapper
f 242//242 127//127 128//128
f 8//8 9//9 129//129
f 8//8 129//129 128//128
usemtl wrapper_dark
f 241//241 9//9 8//8
usemtl wrapper
f 242//242 128//128 129//129
usemtl wrapper_dark
f 9//9 10//10 130//130
f 9//9 130//130 129//129
f 241//241 10//10 9//9
usemtl wrapper
f 242//242 129//129 130//130
usemtl wrapper_dark
f 10//10 11//11 131//131
f 10//10 131//131 130//130
f 241//241 11//11 10//10
usemtl wrapper
f 242//242 130//130 131//131
f 11//11 12//12 132//132
f 11//11 132//132 131//131
usemtl wrapper_dark
f 241//241 12//12 11//11
usemtl wrapper
f 242//242 131//131 132//132
f 12//12 13//13 133//133
f 12//12 133//133 132//132
usemtl wrapper_dark
f 241//241 13//13 12//12
usemtl wrapper
f 242//242 132//132 133//133
f 13//13 14//14 134//134
f 13//13 134//134 133//133
usemtl wrapper_dark
f 241//241 14//14 13//13
usemtl wrapper
f 242//242 133//133 134//134
f 14//14 15//15 135//135
f 14//14 135//135 134//134
usemtl wrapper_dark
f 241//241 15//15 14//14
usemtl wrapper
f 242//242 134//134 135//135
usemtl wrapper_dark
f 15//15 16//16 136//136
f 15//15 136//136 135//135
f 241//241 16//16 15//15
usemtl wrapper
f 242//242 135//135 136//136
usemtl wrapper_dark
f 16//16 17//17 137//137
f 16//16 137//137 136//136
f 241//241 17//17 16//16
usemtl wrapper
f 242//242 136//136 137//137
f 17//17 18//18 138//138
f 17//17 138//138 137//137
usemtl wrapper_dark
f 241//241 18//18 17//17
usemtl wrapper
f 242//242 137//137 138//138
f 18//18 19//19 139//139
f 18//18 139//139 138//138
usemtl wrapper_dark
f 241//241 19//19 18//18
usemtl wrapper
f 242//242 138//138 139//139
f 19//19 20//20 140//140
f 19//19 140//140 139//139
usemtl wrapper_dark
f 241//241 20//20 19//19
usemtl wrapper
f 242//242 139//139 140//140
f 20//20 21//21 141//141
f 20//20 141//141 140//140
usemtl wrapper_dark
f 241//241 21//21 20//20
usemtl wrapper
f 242//242 140//140 141//141
usemtl wrapper_dark
f 21//21 22//22 142//142
f 21//21 142//142 141//141
f 241//241 22//22 21//21
usemtl wrapper
f 242//242 141//141 142//142
usemtl wrapper_dark
f 22//22 23//23 143//143
f 22//22 143//143 142//142
f 241//241 23//23 22//22
usemtl wrapper
f 242//242 142//142 143//143
f 23//23 24//24 144//144
f 23//23 144//144 143//143
usemtl wrapper_dark
f 241//241 24//24 23//23
usemtl wrapper
f 242//242 143//143 144//144
f 24//24 25//25 145//145
f 24//24 145//145 144//144
usemtl wrapper_dark
f 241//241 25//25 24//24
usemtl wrapper
f 242//242 144//144 145//145
f 25//25 26//26 146//146
f 25//25 146//146 145//145
usemtl wrapper_dark
f 241//241 26//26 25//25
usemtl wrapper
f 242//242 145//145 146//146
f 26//26 27//27 147//147
f 26//26 147//147 146//146
usemtl wrapper_dark
f 241//241 27//27 26//26
usemtl wrapper
f 242//242 146//146 147//147
usemtl wrapper_dark
f 27//27 28//28 148//148
f 27//27 148//148 147//147
f 241//241 28//28 27//27
usemtl wrapper
f 242//242 147//147 148//148
usemtl wrapper_dark
f 28//28 29//29 149//149
f 28//28 149//149 148//148
f 241//241 29//29 28//28
usemtl wrapper
f 242//242 148//148 149//149
f 29//29 30//30 150//150
f 29//29 150//150 149//149
usemtl wrapper_dark
f 241//241 30//30 29//29
usemtl wrapper
f 242//242 149//149 150//150
f 30//30 31//31 151//151
f 30//30 151//151 150//150
usemtl wrapper_dark
f 241//241 31//31 30//30
usemtl wrapper
f 242//242 150//150 151//151
f 31//31 32//32 152//152
f 31//31 152//152 151//151
usemtl wrapper_dark
f 241//241 32//32 31//31
usemtl wrapper
f 242//242 151//151 152//152
f 32//32 33//33 153//153
f 32//32 153//153 152//152
usemtl wrapper_dark
f 241//241 33//33 32//32
usemtl wrapper
f 242//242 152//152 153//153
usemtl wrapper_dark
f 33//33 34//34 154//154
f 33//33 154//154 153//153
f 241//241 34//34 33//33
usemtl wrapper
f 242//242 153//153 154//154
usemtl wrapper_dark
f 34//34 35//35 155//155
f 34//34 155//155 154//154
f 241//241 35//35 34//34
usemtl wrapper
f 242//242 154//154 155//155
f 35//35 36//36 156//156
f 35//35 156//156 155//155
usemtl wrapper_dark
f 241//241 36//36 35//35
usemtl wrapper
f 242//242 155//155 156//156
f 36//36 37//37 157//157
f 36//36 157//157 156//156
usemtl wrapper_dark
f 241//241 37//37 36//36
usemtl wrapper
f 242//242 156//156 157//157
f 37//37 38//38 158//158
f 37//37 158//158 157//157
usemtl wrapper_dark
f 241//241 38//38 37//37
usemtl wrapper
f 242//242 157//157 158//158
f 38//38 39//39 159//159
f 38//38 159//159 158//158
usemtl wrapper_dark
f 241//241 39//39 38//38
usemtl wrapper
f 242//242 158//158 159//159
usemtl wrapper_dark
f 39//39 40//40 160//160
f 39//39 160//160 159//159
f 241//241 40//40 39//39
usemtl wrapper
f 242//242 159//159 160//160
usemtl wrapper_dark
f 40//40 41//41 161//161
f 40//40 161//161 160//160
f 241//241 41//41 40//40
usemtl wrapper
f 242//242 160//160 161//161
f 41//41 42//42 162//162
f 41//41 162//162 161//161
usemtl wrapper_dark
f 241//241 42//42 41//41
usemtl wrapper
f 242//242 161//161 162//162
f 42//42 43//43 163//163
f 42//42 163//163 162//162
usemtl wrapper_dark
f 241//241 43//43 42//42
usemtl wrapper
f 242//242 162//162 163//163
f 43//43 44//44 164//164
f 43//43 164//164 163//163
usemtl wrapper_dark
f 241//241 44//44 43//43
usemtl wrapper
f 242//242 163//163 164//164
f 44//44 45//45 165//165
f 44//44 165//165 164//164
usemtl wrapper_dark
f 241//241 45//45 44//44
usemtl wrapper
f 242//242 164//164 165//165
usemtl wrapper_dark
f 45//45 46//46 166//166
f 45//45 166//166 165//165
f 241//241 46//46 45//45
usemtl wrapper
f 242//242 165//165 166//166
usemtl wrapper_dark
f 46//46 47//47 167//167
f 46//46 167//167 166//166
f 241//241 47//47 46//46
usemtl wrapper
f 242//242 166//166 167//167
f 47//47 48//48 168//168
f 47//47 168//168 167//167
usemtl wrapper_dark
f 241//241 48//48 47//47
usemtl wrapper
f 242//242 167//167 168//168
f 48//48 49//49 169//169
f 48//48 169//169 168//168
usemtl wrapper_dark
f 241//241 49//49 48//48
usemtl wrapper
f 242//242 168//168 169//169
f 49//49 50//50 170//170
f 49//49 170//170 169//169
usemtl wrapper_dark
f 241//241 50//50 49//49
usemtl wrapper
f 242//242 169//169 170//170
f 50//50 51//51 171//171
f 50//50 171//171 170//170
usemtl wrapper_dark
f 241//241 51//51 50//50
usemtl wrapper
f 242//242 170//170 171//171
usemtl wrapper_dark
f 51//51 52//52 172//172
f 51//51 172//172 171//171
f 241//241 52//52 51//51
usemtl wrapper
f 242//242 171//171 172//172
usemtl wrapper_dark
f 52//52 53//53 173//173
f 52//52 173//173 172//172
f 241//241 53//53 52//52
usemtl wrapper
f 242//242 172//172 173//173
f 53//53 54//54 174//174
f 53//53 174//174 173//173
usemtl wrapper_dark
f 241//241 54//54 53//53
usemtl wrapper
f 242//242 173//173 174//174
f 54//54 55//55 175//175
f 54//54 175//175 174//174
usemtl wrapper_dark
f 241//241 55//55 54//54
usemtl wrapper
f 242//242 174//174 175//175
f 55//55 56//56 176//176
f 55//55 176//176 175//175
usemtl wrapper_dark
f 241//241 56//56 55//55
usemtl wrapper
f 242//242 175//175 176//176
f 56//56 57//57 177//177
f 56//56 177//177 176//176
usemtl wrapper_dark
f 241//241 57//57 56//56
usemtl wrapper
f 242//242 176//176 177//177
usemtl wrapper_dark
f 57//57 58//58 178//178
f 57//57 178//178 177//177
f 241//241 58//58 57//57
usemtl wrapper
f 242//242 177//177 178//178
usemtl wrapper_dark
f 58//58 59//59 179//179
f 58//58 179//179 178//178
f 241//241 59//59 58//58
usemtl wrapper
f 242//242 178//178 179//179
f 59//59 60//60 180//180
f 59//59 180//180 179//179
usemtl wrapper_dark
f 241//241 60//60 59//59
usemtl wrapper
f 242//242 179//179 180//180
f 60//60 61//61 181//181
f 60//60 181//181 180//180
usemtl wrapper_dark
f 241//241 61//61 60//60
usemtl wrapper
f 242//242 180//180 181//181
f 61//61 62//62 182//182
f 61//61 182//182 181//181
usemtl wrapper_dark
f 241//241 62//62 61//61
usemtl wrapper
f 242//242 181//181 182//182
f 62//62 63//63 183//183
f 62//62 183//183 182//182
usemtl wrapper_dark
f 241//241 63//63 62//62
usemtl wrapper
f 242//242 182//182 183//183
usemtl wrapper_dark
f 63//63 64//64 184//184
f 63//63 184//184 183//183
f 241//241 64//64 63//63
usemtl wrapper
f 242//242 183//183 184//184
usemtl wrapper_dark
f 64//64 65//65 185//185
f 64//64 185//185 184//184
f 241//241 65//65 64//64
usemtl wrapper
f 242//242 184//184 185//185
f 65//65 66//66 186//186
f 65//65 186//186 185//185
usemtl wrapper_dark
f 241//241 66//66 65//65
usemtl wrapper
f 242//242 185//185 186//186
f 66//66 67//67 187//187
f 66//66 187//187 186//186
usemtl wrapper_dark
f 241//241 67//67 66//66
usemtl wrapper
f 242//242 186//186 187//187
f 67//67 68//68 188//188
f 67//67 188//188 187//187
usemtl wrapper_dark
f 241//241 68//68 67//67
usemtl wrapper
f 242//242 187//187 188//188
f 68//68 69//69 189//189
f 68//68 189//189 188//188
usemtl wrapper_dark
f 241//241 69//69 68//68
usemtl wrapper
f 242//242 188//188 189//189
usemtl wrapper_dark
f 69//69 70//70 190//190
f 69//69 190//190 189//189
f 241//241 70//70 69//69
usemtl wrapper
f 242//242 189//189 190//190
usemtl wrapper_dark
f 70//70 71//71 191//191
f 70//70 191//191 190//190
f 241//241 71//71 70//70
usemtl wrapper
f 242//242 190//190 191//191
f 71//71 72//72 192//192
f 71//71 192//192 191//191
usemtl wrapper_dark
f 241//241 72//72 71//71
usemtl wrapper
f 242//242 191//191 192//192
f 72//72 73//73 193//193
f 72//72 193//193 192//192
usemtl wrapper_dark
f 241//241 73//73 72//72
usemtl wrapper
f 242//242 192//192 193//193
f 73//73 74//74 194//194
f 73//73 194//194 193//193
usemtl wrapper_dark
f 241//241 74//74 73//73
usemtl wrapper
f 242//242 193//193 194//194
f 74//74 75//75 195//195
f 74//74 195//195 194//194
usemtl wrapper_dark
f 241//241 75//75 74//74
usemtl wrapper
f 242//242 194//194 195//195
usemtl wrapper_dark
f 75//75 76//76 196//196
f 75//75 196//196 195//195
f 241//241 76//76 75//75
usemtl wrapper
f 242//242 195//195 196//196
usemtl wrapper_dark
f 76//76 77//77 197//197
f 76//76 197//197 196//196
f 241//241 77//77 76//76
usemtl wrapper
f 242//242 196//196 197//197
f 77//77 78//78 198//198
f 77//77 198//198 197//197
usemtl wrapper_dark
f 241//241 78//78 77//77
usemtl wrapper
f 242//242 197//197 198//198
f 78//78 79//79 199//199
f 78//78 199//199 198//198
usemtl wrapper_dark
f 241//241 79//79 78//78
usemtl wrapper
f 242//242 198//198 199//199
f 79//79 80//80 200//200
f 79//79 200//200 199//199
usemtl wrapper_dark
f 241//241 80//80 79//79
usemtl wrapper
f 242//242 199//199 200//200
f 80//80 81//81 201//201
f 80//80 201//201 200//200
usemtl wrapper_dark
f 241//241 81//81 80//80
usemtl wrapper
f 242//242 200//200 201//201
usemtl wrapper_dark
f 81//81 82//82 202//202
f 81//81 202//202 201//201
f 241//241 82//82 81//81
usemtl wrapper
f 242//242 201//201 202//202
usemtl wrapper_dark
f 82//82 83//83 203//203
f 82//82 203//203 202//202
f 241//241 83//83 82//82
usemtl wrapper
f 242//242 202//202 203//203
f 83//83 84//84 204//204
f 83//83 204//204 203//203
usemtl wrapper_dark
f 241//241 84//84 83//83
usemtl wrapper
f 242//242 203//203 204//204
f 84//84 85//85 205//205
f 84//84 205//205 204//204
usemtl wrapper_dark
f 241//241 85//85 84//84
usemtl wrapper
f 242//242 204//204 205//205
f 85//85 86//86 206//206
f 85//85 206//206 205//205
usemtl wrapper_dark
f 241//241 86//86 85//85
usemtl wrapper
f 242//242 205//205 206//206
f 86//86 87//87 207//207
f 86//86 207//207 206//206
usemtl wrapper_dark
f 241//241 87//87 86//86
usemtl wrapper
f 242//242 206//206 207//207
usemtl wrapper_dark
f 87//87 88//88 208//208
f 87//87 208//208 207//207
f 241//241 88//88 87//87
usemtl wrapper
f 242//242 207//207 208//208
usemtl wrapper_dark
f 88//88 89//89 209//209
f 88//88 209//209 208//208
f 241//241 89//89 88//88
usemtl wrapper
f 242//242 208//208 209//209
f 89//89 90//90 210//210
f 89//89 210//210 209//209
usemtl wrapper_dark
f 241//241 90//90 89//89
usemtl wrapper
f 242//242 209//209 210//210
f 90//90 91//91 211//211
f 90//90 211//211 210//210
usemtl wrapper_dark
f 241//241 91//91 90//90
usemtl wrapper
f 242//242 210//210 211//211
f 91//91 92//92 212//212
f 91//91 212//212 211//211
usemtl wrapper_dark
f 241//241 92//92 91//91
usemtl wrapper
f 242//242 211//211 212//212
f 92//92 93//93 213//213
f 92//92 213//213 212//212
usemtl wrapper_dark
f 241//241 93//93 92//92
usemtl wrapper
f 242//242 212//212 213//213
usemtl wrapper_dark
f 93//93 94//94 214//214
f 93//93 214//214 213//213
f 241//241 94//94 93//93
usemtl wrapper
f 242//242 213//213 214//214
usemtl wrapper_dark
f 94//94 95//95 215//215
f 94//94 215//215 214//214
f 241//241 95//95 94//94
usemtl wrapper
f 242//242 214//214 215//215
f 95//95 96//96 216//216
f 95//95 216//216 215//215
usemtl wrapper_dark
f 241//241 96//96 95//95
usemtl wrapper
f 242//242 215//215 216//216
f 96//96 97//97 217//217
f 96//96 217//217 216//216
usemtl wrapper_dark
f 241//241 97//97 96//96
usemtl wrapper
f 242//242 216//216 217//217
f 97//97 98//98 218//218
f 97//97 218//218 217//217
usemtl wrapper_dark
f 241//241 98//98 97//97
usemtl wrapper
f 242//242 217//217 218//218
f 98//98 99//99 219//219
f 98//98 219//219 218//218
usemtl wrapper_dark
f 241//241 99//99 98//98
usemtl wrapper
f 242//242 218//218 219//219
usemtl wrapper_dark
f 99//99 100//100 220//220
f 99//99 220//220 219//219
f 241//241 100//100 99//99
usemtl wrapper
f 242//242 219//219 220//220
usemtl wrapper_dark
f 100//100 101//101 221//221
f 100//100 221//221 220//220
f 241//241 101//101 100//100
usemtl wrapper
f 242//242 220//220 221//221
f 101//101 102//102 222//222
f 101//101 222//222 221//221
usemtl wrapper_dark
f 241//241 102//102 101//101
usemtl wrapper
f 242//242 221//221 222//222
f 102//102 103//103 223//223
f 102//102 223//223 222//222
usemtl wrapper_dark
f 241//241 103//103 102//102
usemtl wrapper
f 242//242 222//222 223//223
f 103//103 104//104 224//224
f 103//103 224//224 223//223
usemtl wrapper_dark
f 241//241 104//104 103//103
usemtl wrapper
f 242//242 223//223 224//224
f 104//104 105//105 225//225
f 104//104 225//225 224//224
usemtl wrapper_dark
f 241//241 105//105 104//104
usemtl wrapper
f 242//242 224//224 225//225
usemtl wrapper_dark
f 105//105 106//106 226//226
f 105//105 226//226 225//225
f 241//241 106//106 105//105
usemtl wrapper
f 242//242 225//225 226//226
usemtl wrapper_dark
f 106//106 107//107 227//227
f 106//106 227//227 226//226
f 241//241 107//107 106//106
usemtl wrapper
f 242//242 226//226 227//227
f 107//107 108//108 228//228
f 107//107 228//228 227//227
usemtl wrapper_dark
f 241//241 108//108 107//107
usemtl wrapper
f 242//242 227//227 228//228
f 108//108 109//109 229//229
f 108//108 229//229 228//228
usemtl wrapper_dark
f 241//241 109//109 108//108
usemtl wrapper
f 242//242 228//228 229//229
f 109//109 110//110 230//230
f 109//109 230//230 229//229
usemtl wrapper_dark
f 241//241 110//110 109//109
usemtl wrapper
f 242//242 229//229 230//230
f 110//110 111//111 231//231
f 110//110 231//231 230//230
usemtl wrapper_dark
f 241//241 111//111 110//110
usemtl wrapper
f 242//242 230//230 231//231
usemtl wrapper_dark
f 111//111 112//112 232//232
f 111//111 232//232 231//231
f 241//241 112//112 111//111
usemtl wrapper
f 242//242 231//231 232//232
usemtl wrapper_dark
f 112//112 113//113 233//233
f 112//112 233//233 232//232
f 241//241 113//113 112//112
usemtl wrapper
f 242//242 232//232 233//233
f 113//113 114//114 234//234
f 113//113 234//234 233//233
usemtl wrapper_dark
f 241//241 114//114 113//113
usemtl wrapper
f 242//242 233//233 234//234
f 114//114 115//115 235//235
f 114//114 235//235 234//234
usemtl wrapper_dark
f 241//241 115//115 114//114
usemtl wrapper
f 242//242 234//234 235//235
f 115//115 116//116 236//236
f 115//115 236//236 235//235
usemtl wrapper_dark
f 241//241 116//116 115//115
usemtl wrapper
f 242//242 235//235 236//236
f 116//116 117//117 237//237
f 116//116 237//237 236//236
usemtl wrapper_dark
f 241//241 117//117 116//116
usemtl wrapper
f 242//242 236//236 237//237
usemtl wrapper_dark
f 117//117 118//118 238//238
f 117//117 238//238 237//237
f 241//241 118//118 117//117
usemtl wrapper
f 242//242 237//237 238//238
usemtl wrapper_dark
f 118//118 119//119 239//239
f 118//118 239//239 238//238
f 241//241 119//119 118//118
usemtl wrapper
f 242//242 238//238 239//239
f 119//119 120//120 240//240
f 119//119 240//240 239//239
usemtl wrapper_dark
f 241//241 120//120 119//119
usemtl wrapper
f 242//242 239//239 240//240
f 120//120 1//1 121//121
f 120//120 121//121 240//240
usemtl wrapper_dark
f 241//241 1//1 120//120
usemtl wrapper
f 242//242 240//240 121//121
usemtl cake
f 243//243 245//245 244//244
f 243//243 246//246 245//245
f 243//243 247//247 246//246
f 243//243 248//248 247//247
f 243//243 249//249 248//248
f 243//243 250//250 249//249
f 243//243 251//251 250//250
f 243//243 252//252 251//251
f 243//243 253//253 252//252
f 243//243 254//254 253//253
f 243//243 255//255 254//254
f 243//243 256//256 255//255
f 243//243 257//257 256//256
f 243//243 258//258 257//257
f 243//243 259//259 258//258
f 243//243 260//260 259//259
f 243//243 261//261 260//260
f 243//243 262//262 261//261
f 243//243 263//263 262//262
f 243//243 264//264 263//263
f 243//243 265//265 264//264
f 243//243 266//266 265//265
f 243//243 267//267 266//266
f 243//243 268//268 267//267
f 243//243 269//269 268//268
f 243//243 270//270 269//269
f 243//243 271//271 270//270
f 243//243 272//272 271//271
f 243//243 273//273 272//272
f 243//243 274//274 273//273
f 243//243 275//275 274//274
f 243//243 276//276 275//275
f 243//243 277//277 276//276
f 243//243 278//278 277//277
f 243//243 279//279 278//278
f 243//243 280//280 279//279
f 243//243 281//281 280//280
f 243//243 282//282 281//281
f 243//243 283//283 282//282
f 243//243 284//284 283//283
f 243//243 285//285 284//284
f 243//243 286//286 285//285
f 243//243 287//287 286//286
f 243//243 288//288 287//287
f 243//243 289//289 288//288
f 243//243 290//290 289//289
f 243//243 291//291 290//290
f 243//243 292//292 291//291
f 243//243 293//293 292//292
f 243//243 294//294 293//293
f 243//243 295//295 294//294
f 243//243 296//296 295//295
f 243//243 297//297 296//296
f 243//243 298//298 297//297
f 243//243 299//299 298//298
f 243//243 300//300 299//299
f 243//243 301//301 300//300
f 243//243 302//302 301//301
f 243//243 303//303 302//302
f 243//243 304//304 303//303
f 243//243 305//305 304//304
f 243//243 306//306 305//305
f 243//243 307//307 306//306
f 243//243 308//308 307//307
f 243//243 309//309 308//308
f 243//243 310//310 309//309
f 243//243 311//311 310//310
f 243//243 312//312 311//311
f 243//243 313//313 312//312
f 243//243 314//314 313//313
f 243//243 315//315 314//314
f 243//243 316//316 315//315
f 243//243 317//317 316//316
f 243//243 318//318 317//317
f 243//243 319//319 318//318
f 243//243 320//320 319//319
f 243//243 321//321 320//320
f 243//243 322//322 321//321
f 243//243 323//323 322//322
f 243//243 324//324 323//323
f 243//243 325//325 324//324
f 243//243 326//326 325//325
f 243//243 327//327 326//326
f 243//243 328//328 327//327
f 243//243 329//329 328//328
f 243//243 330//330 329//329
f 243//243 331//331 330//330
f 243//243 332//332 331//331
f 243//243 333//333 332//332
f 243//243 334//334 333//333
f 243//243 335//335 334//334
f 243//243 336//336 335//335
f 243//243 337//337 336//336
f 243//243 338//338 337//337
f 243//243 339//339 338//338
f 243//243 340//340 339//339
f 243//243 341//341 340//340
f 243//243 342//342 341//341
f 243//243 343//343 342//342
f 243//243 344//344 343//343
f 243//243 345//345 344//344
f 243//243 346//346 345//345
f 243//243 347//347 346//346
f 243//243 348//348 347//347
f 243//243 349//349 348//348
f 243//243 350//350 349//349
f 243//243 351//351 350//350
f 243//243 352//352 351//351
f 243//243 353//353 352//352
f 243//243 354//354 353//353
f 243//243 355//355 354//354
f 243//243 356//356 355//355
f 243//243 357//357 356//356
f 243//243 358//358 357//357
f 243//243 359//359 358//358
f 243//243 360//360 359//359
f 243//243 361//361 360//360
f 243//243 362//362 361//361
f 243//243 363//363 362//362
f 243//243 244//244 363//363
f 244//244 245//245 365//365
f 244//244 365//365 364//364
f 245//245 246//246 366//366
f 245//245 366//366 365//365
f 246//246 247//247 367//367
f 246//246 367//367 366//366
f 247//247 248//248 368//368
f 247//247 368//368 367//367
f 248//248 249//249 369//369
f 248//248 369//369 368//368
f 249//249 250//250 370//370
f 249//249 370//370 369//369
f 250//250 251//251 371//371
f 250//250 371//371 370//370
f 251//251 252//252 372//372
f 251//251 372//372 371//371
f 252//252 253//253 373//373
f 252//252 373//373 372//372
f 253//253 254//254 374//374
f 253//253 374//374 373//373
f 254//254 255//255 375//375
f 254//254 375//375 374//374
f 255//255 256//256 376//376
f 255//255 376//376 375//375
f 256//256 257//257 377//377
f 256//256 377//377 376//376
f 257//257 258//258 378//378
f 257//257 378//378 377//377
f 258//258 259//259 379//379
f 258//258 379//379 378//378
f 259//259 260//260 380//380
f 259//259 380//380 379//379
f 260//260 261//261 381//381
f 260//260 381//381 380//380
f 261//261 262//262 382//382
f 261//261 382//382 381//381
f 262//262 263//263 383//383
f 262//262 383//383 382//382
f 263//263 264//264 384//384
f 263//263 384//384 383//383
f 264//264 265//265 385//385
f 264//264 385//385 384//384
f 265//265 266//266 386//386
f 265//265 386//386 385//385
f 266//266 267//267 387//387
f 266//266 387//387 386//386
f 267//267 268//268 388//388
f 267//267 388//388 387//387
f 268//268 269//269 389//389
f 268//268 389//389 388//388
f 269//269 270//270 390//390
f 269//269 390//390 389//389
f 270//270 271//271 391//391
f 270//270 391//391 390//390
f 271//271 272//272 392//392
f 271//271 392//392 391//391
f 272//272 273//273 393//393
f 272//272 393//393 392//392
f 273//273 274//274 394//394
f 273//273 394//394 393//393
f 274//274 275//275 395//395
f 274//274 395//395 394//394
f 275//275 276//276 396//396
f 275//275 396//396 395//395
f 276//276 277//277 397//397
f 276//276 397//397 396//396
f 277//277 278//278 398//398
f 277//277 398//398 397//397
f 278//278 279//279 399//399
f 278//278 399//399 398//398
f 279//279 280//280 400//400
f 279//279 400//400 399//399
f 280//280 281//281 401//401
f 280//280 401//401 400//400
f 281//281 282//282 402//402
f 281//281 402//402 401//401
f 282//282 283//283 403//403
f 282//282 403//403 402//402
f 283//283 284//284 404//404
f 283//283 404//404 403//403
f 284//284 285//285 405//405
f 284//284 405//405 404//404
f 285//285 286//286 406//406
f 285//285 406//406 405//405
f 286//286 287//287 407//407
f 286//286 407//407 406//406
f 287//287 288//288 408//408
f 287//287 408//408 407//407
f 288//288 289//289 409//409
f 288//288 409//409 408//408
f 289//289 290//290 410//410
f 289//289 410//410 409//409
f 290//290 291//291 411//411
f 290//290 411//411 410//410
f 291//291 292//292 412//412
f 291//291 412//412 411//411
f 292//292 293//293 413//413
f 292//292 413//413 412//412
f 293//293 294//294 414//414
f 293//293 414//414 413//413
f 294//294 295//295 415//415
f 294//294 415//415 414//414
f 295//295 296//296 416//416
f 295//295 416//416 415//415
f 296//296 297//297 417//417
f 296//296 417//417 416//416
f 297//297 298//298 418//418
f 297//297 418//418 417//417
f 298//298 299//299 419//419
f 298//298 419//419 418//418
f 299//299 300//300 420//420
f 299//299 420//420 419//419
f 300//300 301//301 421//421
f 300//300 421//421 420//420
f 301//301 302//302 422//422
f 301//301 422//422 421//421
f 302//302 303//303 423//423
f 302//302 423//423 422//422
f 303//303 304//304 424//424
f 303//303 424//424 423//423
f 304//304 305//305 425//425
f 304//304 425//425 424//424
f 305//305 306//306 426//426
f 305//305 426//426 425//425
f 306//306 307//307 427//427
f 306//306 427//427 426//426
f 307//307 308//308 428//428
f 307//307 428//428 427//427
f 308//308 309//309 429//429
f 308//308 429//429 428//428
f 309//309 310//310 430//430
f 309//309 430//430 429//429
f 310//310 311//311 431//431
f 310//310 431//431 430//430
f 311//311 312//312 432//432
f 311//311 432//432 431//431
f 312//312 313//313 433//433
f 312//312 433//433 432//432
f 313//313 314//314 434//434
f 313//313 434//434 433//433
f 314//314 315//315 435//435
f 314//314 435//435 434//434
f 315//315 316//316 436//436
f 315//315 436//436 435//435
f 316//316 317//317 437//437
f 316//316 437//437 436//436
f 317//317 318//318 438//438
f 317//317 438//438 437//437
f 318//318 319//319 439//439
f 318//318 439//439 438//438
f 319//319 320//320 440//440
f 319//319 440//440 439//439
f 320//320 321//321 441//441
f 320//320 441//441 440//440
f 321//321 322//322 442//442
f 321//321 442//442 441//441
f 322//322 323//323 443//443
f 322//322 443//443 442//442
f 323//323 324//324 444//444
f 323//323 444//444 443//443
f 324//324 325//325 445//445
f 324//324 445//445 444//444
f 325//325 326//326 446//446
f 325//325 446//446 445//445
f 326//326 327//327 447//447
f 326//326 447//447 446//446
f 327//327 328//328 448//448
f 327//327 448//448 447//447
f 328//328 329//329 449//449
f 328//328 449//449 448//448
f 329//329 330//330 450//450
f 329//329 450//450 449//449
f 330//330 331//331 451//451
f 330//330 451//451 450//450
f 331//331 332//332 452//452
f 331//331 452//452 451//451
f 332//332 333//333 453//453
f 332//332 453//453 452//452
f 333//333 334//334 454//454
f 333//333 454//454 453//453
f 334//334 335//335 455//455
f 334//334 455//455 454//454
f 335//335 336//336 456//456
f 335//335 456//456 455//455
f 336//336 337//337 457//457
f 336//336 457//457 456//456
f 337//337 338//338 458//458
f 337//337 458//458 457//457
f 338//338 339//339 459//459
f 338//338 459//459 458//458
f 339//339 340//340 460//460
f 339//339 460//460 459//459
f 340//340 341//341 461//461
f 340//340 461//461 460//460
f 341//341 342//342 462//462
f 341//341 462//462 461//461
f 342//342 343//343 463//463
f 342//342 463//463 462//462
f 343//343 344//344 464//464
f 343//343 464//464 463//463
f 344//344 345//345 465//465
f 344//344 465//465 464//464
f 345//345 346//346 466//466
f 345//345 466//466 465//465
f 346//346 347//347 467//467
f 346//346 467//467 466//466
f 347//347 348//348 468//468
f 347//347 468//468 467//467
f 348//348 349//349 469//469
f 348//348 469//469 468//468
f 349//349 350//350 470//470
f 349//349 470//470 469//469
f 350//350 351//351 471//471
f 350//350 471//471 470//470
f 351//351 352//352 472//472
f 351//351 472//472 471//471
f 352//352 353//353 473//473
f 352//352 473//473 472//472
f 353//353 354//354 474//474
f 353//353 474//474 473//473
f 354//354 355//355 475//475
f 354//354 475//475 474//474
f 355//355 356//356 476//476
f 355//355 476//476 475//475
f 356//356 357//357 477//477
f 356//356 477//477 476//476
f 357//357 358//358 478//478
f 357//357 478//478 477//477
f 358//358 359//359 479//479
f 358//358 479//479 478//478
f 359//359 360//360 480//480
f 359//359 480//480 479//479
f 360//360 361//361 481//481
f 360//360 481//481 480//480
f 361//361 362//362 482//482
f 361//361 482//482 481//481
f 362//362 363//363 483//483
f 362//362 483//483 482//482
f 363//363 244//244 364//364
f 363//363 364//364 483//483
f 364//364 365//365 485//485
f 364//364 485//485 484//484
f 365//365 366//366 486//486
f 365//365 486//486 485//485
f 366//366 367//367 487//487
f 366//366 487//487 486//486
f 367//367 368//368 488//488
f 367//367 488//488 487//487
f 368//368 369//369 489//489
f 368//368 489//489 488//488
f 369//369 370//370 490//490
f 369//369 490//490 489//489
f 370//370 371//371 491//491
f 370//370 491//491 490//490
f 371//371 372//372 492//492
f 371//371 492//492 491//491
f 372//372 373//373 493//493
f 372//372 493//493 492//492
f 373//373 374//374 494//494
f 373//373 494//494 493//493
f 374//374 375//375 495//495
f 374//374 495//495 494//494
f 375//375 376//376 496//496
f 375//375 496//496 495//495
f 376//376 377//377 497//497
f 376//376 497//497 496//496
f 377//377 378//378 498//498
f 377//377 498//498 497//497
f 378//378 379//379 499//499
f 378//378 499//499 498//498
f 379//379 380//380 500//500
f 379//379 500//500 499//499
f 380//380 381//381 501//501
f 380//380 501//501 500//500
f 381//381 382//382 502//502
f 381//381 502//502 501//501
f 382//382 383//383 503//503
f 382//382 503//503 502//502
f 383//383 384//384 504//504
f 383//383 504//504 503//503
f 384//384 385//385 505//505
f 384//384 505//505 504//504
f 385//385 386//386 506//506
f 385//385 506//506 505//505
f 386//386 387//387 507//507
f 386//386 507//507 506//506
f 387//387 388//388 508//508
f 387//387 508//508 507//507
f 388//388 389//389 509//509
f 388//388 509//509 508//508
f 389//389 390//390 510//510
f 389//389 510//510 509//509
f 390//390 391//391 511//511
f 390//390 511//511 510//510
f 391//391 392//392 512//512
f 391//391 512//512 511//511
f 392//392 393//393 513//513
f 392//392 513//513 512//512
f 393//393 394//394 514//514
f 393//393 514//514 513//513
f 394//394 395//395 515//515
f 394//394 515//515 514//514
f 395//395 396//396 516//516
f 395//395 516//516 515//515
f 396//396 397//397 517//517
f 396//396 517//517 516//516
f 397//397 398//398 518//518
f 397//397 518//518 517//517
f 398//398 399//399 519//519
f 398//398 519//519 518//518
f 399//399 400//400 520//520
f 399//399 520//520 519//519
f 400//400 401//401 521//521
f 400//400 521//521 520//520
f 401//401 402//402 522//522
f 401//401 522//522 521//521
f 402//402 403//403 523//523
f 402//402 523//523 522//522
f 403//403 404//404 524//524
f 403//403 524//524 523//523
f 404//404 405//405 525//525
f 404//404 525//525 524//524
f 405//405 406//406 526//526
f 405//405 526//526 525//525
f 406//406 407//407 527//527
f 406//406 527//527 526//526
f 407//407 408//408 528//528
f 407//407 528//528 527//527
f 408//408 409//409 529//529
f 408//408 529//529 528//528
f 409//409 410//410 530//530
f 409//409 530//530 529//529
f 410//410 411//411 531//531
f 410//410 531//531 530//530
f 411//411 412//412 532//532
f 411//411 532//532 531//531
f 412//412 413//413 533//533
f 412//412 533//533 532//532
f 413//413 414//414 534//534
f 413//413 534//534 533//533
f 414//414 415//415 535//535
f 414//414 535//535 534//534
f 415//415 416//416 536//536
f 415//415 536//536 535//535
f 416//416 417//417 537//537
f 416//416 537//537 536//536
f 417//417 418//418 538//538
f 417//417 538//538 537//537
f 418//418 419//419 539//539
f 418//418 539//539 538//538
f 419//419 420//420 540//540
f 419//419 540//540 539//539
f 420//420 421//421 541//541
f 420//420 541//541 540//540
f 421//421 422//422 542//542
f 421//421 542//542 541//541
f 422//422 423//423 543//543
f 422//422 543//543 542//542
f 423//423 424//424 544//544
f 423//423 544//544 543//543
f 424//424 425//425 545//545
f 424//424 545//545 544//544
f 425//425 426//426 546//546
f 425//425 546//546 545//545
f 426//426 427//427 547//547
f 426//426 547//547 546//546
f 427//427 428//428 548//548
f 427//427 548//548 547//547
f 428//428 429//429 549//549
f 428//428 549//549 548//548
f 429//429 430//430 550//550
f 429//429 550//550 549//549
f 430//430 431//431 551//551
f 430//430 551//551 550//550
f 431//431 432//432 552//552
f 431//431 552//552 551//551
f 432//432 433//433 553//553
f 432//432 553//553 552//552
f 433//433 434//434 554//554
f 433//433 554//554 553//553
f 434//434 435//435 555//555
f 434//434 555//555 554//554
f 435//435 436//436 556//556
f 435//435 556//556 555//555
f 436//436 437//437 557//557
f 436//436 557//557 556//556
f 437//437 438//438 558//558
f 437//437 558//558 557//557
f 438//438 439//439 559//559
f 438//438 559//559 558//558
f 439//439 440//440 560//560
f 439//439 560//560 559//559
f 440//440 441//441 561//561
f 440//440 561//561 560//560
f 441//441 442//442 562//562
f 441//441 562//562 561//561
f 442//442 443//443 563//563
f 442//442 563//563 562//562
f 443//443 444//444 564//564
f 443//443 564//564 563//563
f 444//444 445//445 565//565
f 444//444 565//565 564//564
f 445//445 446//446 566//566
f 445//445 566//566 565//565
f 446//446 447//447 567//567
f 446//446 567//567 566//566
f 447//447 448//448 568//568
f 447//447 568//568 567//567
f 448//448 449//449 569//569
f 448//448 569//569 568//568
f 449//449 450//450 570//570
f 449//449 570//570 569//569
f 450//450 451//451 571//571
f 450//450 571//571 570//570
f 451//451 452//452 572//572
f 451//451 572//572 571//571
f 452//452 453//453 573//573
f 452//452 573//573 572//572
f 453//453 454//454 574//574
f 453//453 574//574 573//573
f 454//454 455//455 575//575
f 454//454 575//575 574//574
f 455//455 456//456 576//576
f 455//455 576//576 575//575
f 456//456 457//457 577//577
f 456//456 577//577 576//576
f 457//457 458//458 578//578
f 457//457 578//578 577//577
f 458//458 459//459 579//579
f 458//458 579//579 578//578
f 459//459 460//460 580//580
f 459//459 580//580 579//579
f 460//460 461//461 581//581
f 460//460 581//581 580//580
f 461//461 462//462 582//582
f 461//461 582//582 581//581
f 462//462 463//463 583//583
f 462//462 583//583 582//582
f 463//463 464//464 584//584
f 463//463 584//584 583//583
f 464//464 465//465 585//585
f 464//464 585//585 584//584
f 465//465 466//466 586//586
f 465//465 586//586 585//585
f 466//466 467//467 587//587
f 466//466 587//587 586//586
f 467//467 468//468 588//588
f 467//467 588//588 587//587
f 468//468 469//469 589//589
f 468//468 589//589 588//588
f 469//469 470//470 590//590
f 469//469 590//590 589//589
f 470//470 471//471 591//591
f 470//470 591//591 590//590
f 471//471 472//472 592//592
f 471//471 592//592 591//591
f 472//472 473//473 593//593
f 472//472 593//593 592//592
f 473//473 474//474 594//594
f 473//473 594//594 593//593
f 474//474 475//475 595//595
f 474//474 595//595 594//594
f 475//475 476//476 596//596
f 475//475 596//596 595//595
f 476//476 477//477 597//597
f 476//476 597//597 596//596
f 477//477 478//478 598//598
f 477//477 598//598 597//597
f 478//478 479//479 599//599
f 478//478 599//599 598//598
f 479//479 480//480 600//600
f 479//479 600//600 599//599
f 480//480 481//481 601//601
f 480//480 601//601 600//600
f 481//481 482//482 602//602
f 481//481 602//602 601//601
f 482//482 483//483 603//603
f 482//482 603//603 602//602
f 483//483 364//364 484//484
f 483//483 484//484 603//603
f 484//484 485//485 605//605
f 484//484 605//605 604//604
f 485//485 486//486 606//606
f 485//485 606//606 605//605
f 486//486 487//487 607//607
f 486//486 607//607 606//606
f 487//487 488//488 608//608
f 487//487 608//608 607//607
f 488//488 489//489 609//609
f 488//488 609//609 608//608
f 489//489 490//490 610//610
f 489//489 610//610 609//609
f 490//490 491//491 611//611
f 490//490 611//611 610//610
f 491//491 492//492 612//612
f 491//491 612//612 611//611
f 492//492 493//493 613//613
f 492//492 613//613 612//612
f 493//493 494//494 614//614
f 493//493 614//614 613//613
f 494//494 495//495 615//615
f 494//494 615//615 614//614
f 495//495 496//496 616//616
f 495//495 616//616 615//615
f 496//496 497//497 617//617
f 496//496 617//617 616//616
f 497//497 498//498 618//618
f 497//497 618//618 617//617
f 498//498 499//499 619//619
f 498//498 619//619 618//618
f 499//499 500//500 620//620
f 499//499 620//620 619//619
f 500//500 501//501 621//621
f 500//500 621//621 620//620
f 501//501 502//502 622//622
f 501//501 622//622 621//621
f 502//502 503//503 623//623
f 502//502 623//623 622//622
f 503//503 504//504 624//624
f 503//503 624//624 623//623
f 504//504 505//505 625//625
f 504//504 625//625 624//624
f 505//505 506//506 626//626
f 505//505 626//626 625//625
f 506//506 507//507 627//627
f 506//506 627//627 626//626
f 507//507 508//508 628//628
f 507//507 628//628 627//627
f 508//508 509//509 629//629
f 508//508 629//629 628//628
f 509//509 510//510 630//630
f 509//509 630//630 629//629
f 510//510 511//511 631//631
f 510//510 631//631 630//630
f 511//511 512//512 632//632
f 511//511 632//632 631//631
f 512//512 513//513 633//633
f 512//512 633//633 632//632
f 513//513 514//514 634//634
f 513//513 634//634 633//633
f 514//514 515//515 635//635
f 514//514 635//635 634//634
f 515//515 516//516 636//636
f 515//515 636//636 635//635
f 516//516 517//517 637//637
f 516//516 637//637 636//636
f 517//517 518//518 638//638
f 517//517 638//638 637//637
f 518//518 519//519 639//639
f 518//518 639//639 638//638
f 519//519 520//520 640//640
f 519//519 640//640 639//639
f 520//520 521//521 641//641
f 520//520 641//641 640//640
f 521//521 522//522 642//642
f 521//521 642//642 641//641
f 522//522 523//523 643//643
f 522//522 643//643 642//642
f 523//523 524//524 644//644
f 523//523 644//644 643//643
f 524//524 525//525 645//645
f 524//524 645//645 644//644
f 525//525 526//526 646//646
f 525//525 646//646 645//645
f 526//526 527//527 647//647
f 526//526 647//647 646//646
f 527//527 528//528 648//648
f 527//527 648//648 647//647
f 528//528 529//529 649//649
f 528//528 649//649 648//648
f 529//529 530//530 650//650
f 529//529 650//650 649//649
f 530//530 531//531 651//651
f 530//530 651//651 650//650
f 531//531 532//532 652//652
f 531//531 652//652 651//651
f 532//532 533//533 653//653
f 532//532 653//653 652//652
f 533//533 534//534 654//654
f 533//533 654//654 653//653
f 534//534 535//535 655//655
f 534//534 655//655 654//654
f 535//535 536//536 656//656
f 535//535 656//656 655//655
f 536//536 537//537 657//657
f 536//536 657//657 656//656
f 537//537 538//538 658//658
f 537//537 658//658 657//657
f 538//538 539//539 659//659
f 538//538 659//659 658//658
f 539//539 540//540 660//660
f 539//539 660//660 659//659
f 540//540 541//541 661//661
f 540//540 661//661 660//660
f 541//541 542//542 662//662
f 541//541 662//662 661//661
f 542//542 543//543 663//663
f 542//542 663//663 662//662
f 543//543 544//544 664//664
f 543//543 664//664 663//663
f 544//544 545//545 665//665
f 544//544 665//665 664//664
f 545//545 546//546 666//666
f 545//545 666//666 665//665
f 546//546 547//547 667//667
f 546//546 667//667 666//666
f 547//547 548//548 668//668
f 547//547 668//668 667//667
f 548//548 549//549 669//669
f 548//548 669//669 668//668
f 549//549 550//550 670//670
f 549//549 670//670 669//669
f 550//550 551//551 671//671
f 550//550 671//671 670//670
f 551//551 552//552 672//672
f 551//551 672//672 671//671
f 552//552 553//553 673//673
f 552//552 673//673 672//672
f 553//553 554//554 674//674
f 553//553 674//674 673//673
f 554//554 555//555 675//675
f 554//554 675//675 674//674
f 555//555 556//556 676//676
f 555//555 676//676 675//675
f 556//556 557//557 677//677
f 556//556 677//677 676//676
f 557//557 558//558 678//678
f 557//557 678//678 677//677
f 558//558 559//559 679//679
f 558//558 679//679 678//678
f 559//559 560//560 680//680
f 559//559 680//680 679//679
f 560//560 561//561 681//681
f 560//560 681//681 680//680
f 561//561 562//562 682//682
f 561//561 682//682 681//681
f 562//562 563//563 683//683
f 562//562 683//683 682//682
f 563//563 564//564 684//684
f 563//563 684//684 683//683
f 564//564 565//565 685//685
f 564//564 685//685 684//684
f 565//565 566//566 686//686
f 565//565 686//686 685//685
f 566//566 567//567 687//687
f 566//566 687//687 686//686
f 567//567 568//568 688//688
f 567//567 688//688 687//687
f 568//568 569//569 689//689
f 568//568 689//689 688//688
f 569//569 570//570 690//690
f 569//569 690//690 689//689
f 570//570 571//571 691//691
f 570//570 691//691 690//690
f 571//571 572//572 692//692
f 571//571 692//692 691//691
f 572//572 573//573 693//693
f 572//572 693//693 692//692
f 573//573 574//574 694//694
f 573//573 694//694 693//693
f 574//574 575//575 695//695
f 574//574 695//695 694//694
f 575//575 576//576 696//696
f 575//575 696//696 695//695
f 576//576 577//577 697//697
f 576//576 697//697 696//696
f 577//577 578//578 698//698
f 577//577 698//698 697//697
f 578//578 579//579 699//699
f 578//578 699//699 698//698
f 579//579 580//580 700//700
f 579//579 700//700 699//699
f 580//580 581//581 701//701
f 580//580 701//701 700//700
f 581//581 582//582 702//702
f 581//581 702//702 701//701
f 582//582 583//583 703//703
f 582//582 703//703 702//702
f 583//583 584//584 704//704
f 583//583 704//704 703//703
f 584//584 585//585 705//705
f 584//584 705//705 704//704
f 585//585 586//586 706//706
f 585//585 706//706 705//705
f 586//586 587//587 707//707
f 586//586 707//707 706//706
f 587//587 588//588 708//708
f 587//587 708//708 707//707
f 588//588 589//589 709//709
f 588//588 709//709 708//708
f 589//589 590//590 710//710
f 589//589 710//710 709//709
f 590//590 591//591 711//711
f 590//590 711//711 710//710
f 591//591 592//592 712//712
f 591//591 712//712 711//711
f 592//592 593//593 713//713
f 592//592 713//713 712//712
f 593//593 594//594 714//714
f 593//593 714//714 713//713
f 594//594 595//595 715//715
f 594//594 715//715 714//714
f 595//595 596//596 716//716
f 595//595 716//716 715//715
f 596//596 597//597 717//717
f 596//596 717//717 716//716
f 597//597 598//598 718//718
f 597//597 718//718 717//717
f 598//598 599//599 719//719
f 598//598 719//719 718//718
f 599//599 600//600 720//720
f 599//599 720//720 719//719
f 600//600 601//601 721//721
f 600//600 721//721 720//720
f 601//601 602//602 722//722
f 601//601 722//722 721//721
f 602//602 603//603 723//723
f 602//602 723//723 722//722
f 603//603 484//484 604//604
f 603//603 604//604 723//723
f 604//604 605//605 725//725
f 604//604 725//725 724//724
f 605//605 606//606 726//726
f 605//605 726//726 725//725
f 606//606 607//607 727//727
f 606//606 727//727 726//726
f 607//607 608//608 728//728
f 607//607 728//728 727//727
f 608//608 609//609 729//729
f 608//608 729//729 728//728
f 609//609 610//610 730//730
f 609//609 730//730 729//729
f 610//610 611//611 731//731
f 610//610 731//731 730//730
f 611//611 612//612 732//732
f 611//611 732//732 731//731
f 612//612 613//613 733//733
f 612//612 733//733 732//732
f 613//613 614//614 734//734
f 613//613 734//734 733//733
f 614//614 615//615 735//735
f 614//614 735//735 734//734
f 615//615 616//616 736//736
f 615//615 736//736 735//735
f 616//616 617//617 737//737
f 616//616 737//737 736//736
f 617//617 618//618 738//738
f 617//617 738//738 737//737
f 618//618 619//619 739//739
f 618//618 739//739 738//738
f 619//619 620//620 740//740
f 619//619 740//740 739//739
f 620//620 621//621 741//741
f 620//620 741//741 740//740
f 621//621 622//622 742//742
f 621//621 742//742 741//741
f 622//622 623//623 743//743
f 622//622 743//743 742//742
f 623//623 624//624 744//744
f 623//623 744//744 743//743
f 624//624 625//625 745//745
f 624//624 745//745 744//744
f 625//625 626//626 746//746
f 625//625 746//746 745//745
f 626//626 627//627 747//747
f 626//626 747//747 746//746
f 627//627 628//628 748//748
f 627//627 748//748 747//747
f 628//628 629//629 749//749
f 628//628 749//749 748//748
f 629//629 630//630 750//750
f 629//629 750//750 749//749
f 630//630 631//631 751//751
f 630//630 751//751 750//750
f 631//631 632//632 752//752
f 631//631 752//752 751//751
f 632//632 633//633 753//753
f 632//632 753//753 752//752
f 633//633 634//634 754//754
f 633//633 754//754 753//753
f 634//634 635//635 755//755
f 634//634 755//755 754//754
f 635//635 636//636 756//756
f 635//635 756//756 755//755
f 636//636 637//637 757//757
f 636//636 757//757 756//756
f 637//637 638//638 758//758
f 637//637 758//758 757//757
f 638//638 639//639 759//759
f 638//638 759//759 758//758
f 639//639 640//640 760//760
f 639//639 760//760 759//759
f 640//640 641//641 761//761
f 640//640 761//761 760//760
f 641//641 642//642 762//762
f 641//641 762//762 761//761
f 642//642 643//643 763//763
f 642//642 763//763 762//762
f 643//643 644//644 764//764
f 643//643 764//764 763//763
f 644//644 645//645 765//765
f 644//644 765//765 764//764
f 645//645 646//646 766//766
f 645//645 766//766 765//765
f 646//646 647//647 767//767
f 646//646 767//767 766//766
f 647//647 648//648 768//768
f 647//647 768//768 767//767
f 648//648 649//649 769//769
f 648//648 769//769 768//768
f 649//649 650//650 770//770
f 649//649 770//770 769//769
f 650//650 651//651 771//771
f 650//650 771//771 770//770
f 651//651 652//652 772//772
f 651//651 772//772 771//771
f 652//652 653//653 773//773
f 652//652 773//773 772//772
f 653//653 654//654 774//774
f 653//653 774//774 773//773
f 654//654 655//655 775//775
f 654//654 775//775 774//774
f 655//655 656//656 776//776
f 655//655 776//776 775//775
f 656//656 657//657 777//777
f 656//656 777//777 776//776
f 657//657 658//658 778//778
f 657//657 778//778 777//777
f 658//658 659//659 779//779
f 658//658 779//779 778//778
f 659//659 660//660 780//780
f 659//659 780//780 779//779
f 660//660 661//661 781//781
f 660//660 781//781 780//780
f 661//661 662//662 782//782
f 661//661 782//782 781//781
f 662//662 663//663 783//783
f 662//662 783//783 782//782
f 663//663 664//664 784//784
f 663//663 784//784 783//783
f 664//664 665//665 785//785
f 664//664 785//785 784//784
f 665//665 666//666 786//786
f 665//665 786//786 785//785
f 666//666 667//667 787//787
f 666//666 787//787 786//786
f 667//667 668//668 788//788
f 667//667 788//788 787//787
f 668//668 669//669 789//789
f 668//668 789//789 788//788
f 669//669 670//670 790//790
f 669//669 790//790 789//789
f 670//670 671//671 791//791
f 670//670 791//791 790//790
f 671//671 672//672 792//792
f 671//671 792//792 791//791
f 672//672 673//673 793//793
f 672//672 793//793 792//792
f 673//673 674//674 794//794
f 673//673 794//794 793//793
f 674//674 675//675 795//795
f 674//674 795//795 794//794
f 675//675 676//676 796//796
f 675//675 796//796 795//795
f 676//676 677//677 797//797
f 676//676 797//797 796//796
f 677//677 678//678 798//798
f 677//677 798//798 797//797
f 678//678 679//679 799//799
f 678//678 799//799 798//798
f 679//679 680//680 800//800
f 679//679 800//800 799//799
f 680//680 681//681 801//801
f 680//680 801//801 800//800
f 681//681 682//682 802//802
f 681//681 802//802 801//801
f 682//682 683//683 803//803
f 682//682 803//803 802//802
f 683//683 684//684 804//804
f 683//683 804//804 803//803
f 684//684 685//685 805//805
f 684//684 805//805 804//804
f 685//685 686//686 806//806
f 685//685 806//806 805//805
f 686//686 687//687 807//807
f 686//686 807//807 806//806
f 687//687 688//688 808//808
f 687//687 808//808 807//807
f 688//688 689//689 809//809
f 688//688 809//809 808//808
f 689//689 690//690 810//810
f 689//689 810//810 809//809
f 690//690 691//691 811//811
f 690//690 811//811 810//810
f 691//691 692//692 812//812
f 691//691 812//812 811//811
f 692//692 693//693 813//813
f 692//692 813//813 812//812
f 693//693 694//694 814//814
f 693//693 814//814 813//813
f 694//694 695//695 815//815
f 694//694 815//815 814//814
f 695//695 696//696 816//816
f 695//695 816//816 815//815
f 696//696 697//697 817//817
f 696//696 817//817 816//816
f 697//697 698//698 818//818
f 697//697 818//818 817//817
f 698//698 699//699 819//819
f 698//698 819//819 818//818
f 699//699 700//700 820//820
f 699//699 820//820 819//819
f 700//700 701//701 821//821
f 700//700 821//821 820//820
f 701//701 702//702 822//822
f 701//701 822//822 821//821
f 702//702 703//703 823//823
f 702//702 823//823 822//822
f 703//703 704//704 824//824
f 703//703 824//824 823//823
f 704//704 705//705 825//825
f 704//704 825//825 824//824
f 705//705 706//706 826//826
f 705//705 826//826 825//825
f 706//706 707//707 827//827
f 706//706 827//827 826//826
f 707//707 708//708 828//828
f 707//707 828//828 827//827
f 708//708 709//709 829//829
f 708//708 829//829 828//828
f 709//709 710//710 830//830
f 709//709 830//830 829//829
f 710//710 711//711 831//831
f 710//710 831//831 830//830
f 711//711 712//712 832//832
f 711//711 832//832 831//831
f 712//712 713//713 833//833
f 712//712 833//833 832//832
f 713//713 714//714 834//834
f 713//713 834//834 833//833
f 714//714 715//715 835//835
f 714//714 835//835 834//834
f 715//715 716//716 836//836
f 715//715 836//836 835//835
f 716//716 717//717 837//837
f 716//716 837//837 836//836
f 717//717 718//718 838//838
f 717//717 838//838 837//837
f 718//718 719//719 839//839
f 718//718 839//839 838//838
f 719//719 720//720 840//840
f 719//719 840//840 839//839
f 720//720 721//721 841//841
f 720//720 841//841 840//840
f 721//721 722//722 842//842
f 721//721 842//842 841//841
f 722//722 723//723 843//843
f 722//722 843//843 842//842
f 723//723 604//604 724//724
f 723//723 724//724 843//843
f 724//724 725//725 845//845
f 724//724 845//845 844//844
f 725//725 726//726 846//846
f 725//725 846//846 845//845
f 726//726 727//727 847//847
f 726//726 847//847 846//846
f 727//727 728//728 848//848
f 727//727 848//848 847//847
f 728//728 729//729 849//849
f 728//728 849//849 848//848
f 729//729 730//730 850//850
f 729//729 850//850 849//849
f 730//730 731//731 851//851
f 730//730 851//851 850//850
f 731//731 732//732 852//852
f 731//731 852//852 851//851
f 732//732 733//733 853//853
f 732//732 853//853 852//852
f 733//733 734//734 854//854
f 733//733 854//854 853//853
f 734//734 735//735 855//855
f 734//734 855//855 854//854
f 735//735 736//736 856//856
f 735//735 856//856 855//855
f 736//736 737//737 857//857
f 736//736 857//857 856//856
f 737//737 738//738 858//858
f 737//737 858//858 857//857
f 738//738 739//739 859//859
f 738//738 859//859 858//858
f 739//739 740//740 860//860
f 739//739 860//860 859//859
f 740//740 741//741 861//861
f 740//740 861//861 860//860
f 741//741 742//742 862//862
f 741//741 862//862 861//861
f 742//742 743//743 863//863
f 742//742 863//863 862//862
f 743//743 744//744 864//864
f 743//743 864//864 863//863
f 744//744 745//745 865//865
f 744//744 865//865 864//864
f 745//745 746//746 866//866
f 745//745 866//866 865//865
f 746//746 747//747 867//867
f 746//746 867//867 866//866
f 747//747 748//748 868//868
f 747//747 868//868 867//867
f 748//748 749//749 869//869
f 748//748 869//869 868//868
f 749//749 750//750 870//870
f 749//749 870//870 869//869
f 750//750 751//751 871//871
f 750//750 871//871 870//870
f 751//751 752//752 872//872
f 751//751 872//872 871//871
f 752//752 753//753 873//873
f 752//752 873//873 872//872
f 753//753 754//754 874//874
f 753//753 874//874 873//873
f 754//754 755//755 875//875
f 754//754 875//875 874//874
f 755//755 756//756 876//876
f 755//755 876//876 875//875
f 756//756 757//757 877//877
f 756//756 877//877 876//876
f 757//757 758//758 878//878
f 757//757 878//878 877//877
f 758//758 759//759 879//879
f 758//758 879//879 878//878
f 759//759 760//760 880//880
f 759//759 880//880 879//879
f 760//760 761//761 881//881
f 760//760 881//881 880//880
f 761//761 762//762 882//882
f 761//761 882//882 881//881
f 762//762 763//763 883//883
f 762//762 883//883 882//882
f 763//763 764//764 884//884
f 763//763 884//884 883//883
f 764//764 765//765 885//885
f 764//764 885//885 884//884
f 765//765 766//766 886//886
f 765//765 886//886 885//885
f 766//766 767//767 887//887
f 766//766 887//887 886//886
f 767//767 768//768 888//888
f 767//767 888//888 887//887
f 768//768 769//769 889//889
f 768//768 889//889 888//888
f 769//769 770//770 890//890
f 769//769 890//890 889//889
f 770//770 771//771 891//891
f 770//770 891//891 890//890
f 771//771 772//772 892//892
f 771//771 892//892 891//891
f 772//772 773//773 893//893
f 772//772 893//893 892//892
f 773//773 774//774 894//894
f 773//773 894//894 893//893
f 774//774 775//775 895//895
f 774//774 895//895 894//894
f 775//775 776//776 896//896
f 775//775 896//896 895//895
f 776//776 777//777 897//897
f 776//776 897//897 896//896
f 777//777 778//778 898//898
f 777//777 898//898 897//897
f 778//778 779//779 899//899
f 778//778 899//899 898//898
f 779//779 780//780 900//900
f 779//779 900//900 899//899
f 780//780 781//781 901//901
f 780//780 901//901 900//900
f 781//781 782//782 902//902
f 781//781 902//902 901//901
f 782//782 783//783 903//903
f 782//782 903//903 902//902
f 783//783 784//784 904//904
f 783//783 904//904 903//903
f 784//784 785//785 905//905
f 784//784 905//905 904//904
f 785//785 786//786 906//906
f 785//785 906//906 905//905
f 786//786 787//787 907//907
f 786//786 907//907 906//906
f 787//787 788//788 908//908
f 787//787 908//908 907//907
f 788//788 789//789 909//909
f 788//788 909//909 908//908
f 789//789 790//790 910//910
f 789//789 910//910 909//909
f 790//790 791//791 911//911
f 790//790 911//911 910//910
f 791//791 792//792 912//912
f 791//791 912//912 911//911
f 792//792 793//793 913//913
f 792//792 913//913 912//912
f 793//793 794//794 914//914
f 793//793 914//914 913//913
f 794//794 795//795 915//915
f 794//794 915//915 914//914
f 795//795 796//796 916//916
f 795//795 916//916 915//915
f 796//796 797//797 917//917
f 796//796 917//917 916//916
f 797//797 798//798 918//918
f 797//797 918//918 917//917
f 798//798 799//799 919//919
f 798//798 919//919 918//918
f 799//799 800//800 920//920
f 799//799 920//920 919//919
f 800//800 801//801 921//921
f 800//800 921//921 920//920
f 801//801 802//802 922//922
f 801//801 922//922 921//921
f 802//802 803//803 923//923
f 802//802 923//923 922//922
f 803//803 804//804 924//924
f 803//803 924//924 923//923
f 804//804 805//805 925//925
f 804//804 925//925 924//924
f 805//805 806//806 926//926
f 805//805 926//926 925//925
f 806//806 807//807 927//927
f 806//806 927//927 926//926
f 807//807 808//808 928//928
f 807//807 928//928 927//927
f 808//808 809//809 929//929
f 808//808 929//929 928//928
f 809//809 810//810 930//930
f 809//809 930//930 929//929
f 810//810 811//811 931//931
f 810//810 931//931 930//930
f 811//811 812//812 932//932
f 811//811 932//932 931//931
f 812//812 813//813 933//933
f 812//812 933//933 932//932
f 813//813 814//814 934//934
f 813//813 934//934 933//933
f 814//814 815//815 935//935
f 814//814 935//935 934//934
f 815//815 816//816 936//936
f 815//815 936//936 935//935
f 816//816 817//817 937//937
f 816//816 937//937 936//936
f 817//817 818//818 938//938
f 817//817 938//938 937//937
f 818//818 819//819 939//939
f 818//818 939//939 938//938
f 819//819 820//820 940//940
f 819//819 940//940 939//939
f 820//820 821//821 941//941
f 820//820 941//941 940//940
f 821//821 822//822 942//942
f 821//821 942//942 941//941
f 822//822 823//823 943//943
f 822//822 943//943 942//942
f 823//823 824//824 944//944
f 823//823 944//944 943//943
f 824//824 825//825 945//945
f 824//824 945//945 944//944
f 825//825 826//826 946//946
f 825//825 946//946 945//945
f 826//826 827//827 947//947
f 826//826 947//947 946//946
f 827//827 828//828 948//948
f 827//827 948//948 947//947
f 828//828 829//829 949//949
f 828//828 949//949 948//948
f 829//829 830//830 950//950
f 829//829 950//950 949//949
f 830//830 831//831 951//951
f 830//830 951//951 950//950
f 831//831 832//832 952//952
f 831//831 952//952 951//951
f 832//832 833//833 953//953
f 832//832 953//953 952//952
f 833//833 834//834 954//954
f 833//833 954//954 953//953
f 834//834 835//835 955//955
f 834//834 955//955 954//954
f 835//835 836//836 956//956
f 835//835 956//956 955//955
f 836//836 837//837 957//957
f 836//836 957//957 956//956
f 837//837 838//838 958//958
f 837//837 958//958 957//957
f 838//838 839//839 959//959
f 838//838 959//959 958//958
f 839//839 840//840 960//960
f 839//839 960//960 959//959
f 840//840 841//841 961//961
f 840//840 961//961 960//960
f 841//841 842//842 962//962
f 841//841 962//962 961//961
f 842//842 843//843 963//963
f 842//842 963//963 962//962
f 843//843 724//724 844//844
f 843//843 844//844 963//963
f 844//844 845//845 965//965
f 844//844 965//965 964//964
f 845//845 846//846 966//966
f 845//845 966//966 965//965
f 846//846 847//847 967//967
f 846//846 967//967 966//966
f 847//847 848//848 968//968
f 847//847 968//968 967//967
f 848//848 849//849 969//969
f 848//848 969//969 968//968
f 849//849 850//850 970//970
f 849//849 970//970 969//969
f 850//850 851//851 971//971
f 850//850 971//971 970//970
f 851//851 852//852 972//972
f 851//851 972//972 971//971
f 852//852 853//853 973//973
f 852//852 973//973 972//972
f 853//853 854//854 974//974
f 853//853 974//974 973//973
f 854//854 855//855 975//975
f 854//854 975//975 974//974
f 855//855 856//856 976//976
f 855//855 976//976 975//975
f 856//856 857//857 977//977
f 856//856 977//977 976//976
f 857//857 858//858 978//978
f 857//857 978//978 977//977
f 858//858 859//859 979//979
f 858//858 979//979 978//978
f 859//859 860//860 980//980
f 859//859 980//980 979//979
f 860//860 861//861 981//981
f 860//860 981//981 980//980
f 861//861 862//862 982//982
f 861//861 982//982 981//981
f 862//862 863//863 983//983
f 862//862 983//983 982//982
f 863//863 864//864 984//984
f 863//863 984//984 983//983
f 864//864 865//865 985//985
f 864//864 985//985 984//984
f 865//865 866//866 986//986
f 865//865 986//986 985//985
f 866//866 867//867 987//987
f 866//866 987//987 986//986
f 867//867 868//868 988//988
f 867//867 988//988 987//987
f 868//868 869//869 989//989
f 868//868 989//989 988//988
f 869//869 870//870 990//990
f 869//869 990//990 989//989
f 870//870 871//871 991//991
f 870//870 991//991 990//990
f 871//871 872//872 992//992
f 871//871 992//992 991//991
f 872//872 873//873 993//993
f 872//872 993//993 992//992
f 873//873 874//874 994//994
f 873//873 994//994 993//993
f 874//874 875//875 995//995
f 874//874 995//995 994//994
f 875//875 876//876 996//996
f 875//875 996//996 995//995
f 876//876 877//877 997//997
f 876//876 997//997 996//996
f 877//877 878//878 998//998
f 877//877 998//998 997//997
f 878//878 879//879 999//999
f 878//878 999//999 998//998
f 879//879 880//880 1000//1000
f 879//879 1000//1000 999//999
f 880//880 881//881 1001//1001
f 880//880 1001//1001 1000//1000
f 881//881 882//882 1002//1002
f 881//881 1002//1002 1001//1001
f 882//882 883//883 1003//1003
f 882//882 1003//1003 1002//1002
f 883//883 884//884 1004//1004
f 883//883 1004//1004 1003//1003
f 884//884 885//885 1005//1005
f 884//884 1005//1005 1004//1004
f 885//885 886//886 1006//1006
f 885//885 1006//1006 1005//1005
f 886//886 887//887 1007//1007
f 886//886 1007//1007 1006//1006
f 887//887 888//888 1008//1008
f 887//887 1008//1008 1007//1007
f 888//888 889//889 1009//1009
f 888//888 1009//1009 1008//1008
f 889//889 890//890 1010//1010
f 889//889 1010//1010 1009//1009
f 890//890 891//891 1011//1011
f 890//890 1011//1011 1010//1010
f 891//891 892//892 1012//1012
f 891//891 1012//1012 1011//1011
f 892//892 893//893 1013//1013
f 892//892 1013//1013 1012//1012
f 893//893 894//894 1014//1014
f 893//893 1014//1014 1013//1013
f 894//894 895//895 1015//1015
f 894//894 1015//1015 1014//1014
f 895//895 896//896 1016//1016
f 895//895 1016//1016 1015//1015
f 896//896 897//897 1017//1017
f 896//896 1017//1017 1016//1016
f 897//897 898//898 1018//1018
f 897//897 1018//1018 1017//1017
f 898//898 899//899 1019//1019
f 898//898 1019//1019 1018//1018
f 899//899 900//900 1020//1020
f 899//899 1020//1020 1019//1019
f 900//900 901//901 1021//1021
f 900//900 1021//1021 1020//1020
f 901//901 902//902 1022//1022
f 901//901 1022//1022 1021//1021
f 902//902 903//903 1023//1023
f 902//902 1023//1023 1022//1022
f 903//903 904//904 1024//1024
f 903//903 1024//1024 1023//1023
f 904//904 905//905 1025//1025
f 904//904 1025//1025 1024//1024
f 905//905 906//906 1026//1026
f 905//905 1026//1026 1025//1025
f 906//906 907//907 1027//1027
f 906//906 1027//1027 1026//1026
f 907//907 908//908 1028//1028
f 907//907 1028//1028 1027//1027
f 908//908 909//909 1029//1029
f 908//908 1029//1029 1028//1028
f 909//909 910//910 1030//1030
f 909//909 1030//1030 1029//1029
f 910//910 911//911 1031//1031
f 910//910 1031//1031 1030//1030
f 911//911 912//912 1032//1032
f 911//911 1032//1032 1031//1031
f 912//912 913//913 1033//1033
f 912//912 1033//1033 1032//1032
f 913//913 914//914 1034//1034
f 913//913 1034//1034 1033//1033
f 914//914 915//915 1035//1035
f 914//914 1035//1035 1034//1034
f 915//915 916//916 1036//1036
f 915//915 1036//1036 1035//1035
f 916//916 917//917 1037//1037
f 916//916 1037//1037 1036//1036
f 917//917 918//918 1038//1038
f 917//917 1038//1038 1037//1037
f 918//918 919//919 1039//1039
f 918//918 1039//1039 1038//1038
f 919//919 920//920 1040//1040
f 919//919 1040//1040 1039//1039
f 920//920 921//921 1041//1041
f 920//920 1041//1041 1040//1040
f 921//921 922//922 1042//1042
f 921//921 1042//1042 1041//1041
f 922//922 923//923 1043//1043
f 922//922 1043//1043 1042//1042
f 923//923 924//924 1044//1044
f 923//923 1044//1044 1043//1043
f 924//924 925//925 1045//1045
f 924//924 1045//1045 1044//1044
f 925//925 926//926 1046//1046
f 925//925 1046//1046 1045//1045
f 926//926 927//927 1047//1047
f 926//926 1047//1047 1046//1046
f 927//927 928//928 1048//1048
f 927//927 1048//1048 1047//1047
f 928//928 929//929 1049//1049
f 928//928 1049//1049 1048//1048
f 929//929 930//930 1050//1050
f 929//929 1050//1050 1049//1049
f 930//930 931//931 1051//1051
f 930//930 1051//1051 1050//1050
f 931//931 932//932 1052//1052
f 931//931 1052//1052 1051//1051
f 932//932 933//933 1053//1053
f 932//932 1053//1053 1052//1052
f 933//933 934//934 1054//1054
f 933//933 1054//1054 1053//1053
f 934//934 935//935 1055//1055
f 934//934 1055//1055 1054//1054
f 935//935 936//936 1056//1056
f 935//935 1056//1056 1055//1055
f 936//936 937//937 1057//1057
f 936//936 1057//1057 1056//1056
f 937//937 938//938 1058//1058
f 937//937 1058//1058 1057//1057
f 938//938 939//939 1059//1059
f 938//938 1059//1059 1058//1058
f 939//939 940//940 1060//1060
f 939//939 1060//1060 1059//1059
f 940//940 941//941 1061//1061
f 940//940 1061//1061 1060//1060
f 941//941 942//942 1062//1062
f 941//941 1062//1062 1061//1061
f 942//942 943//943 1063//1063
f 942//942 1063//1063 1062//1062
f 943//943 944//944 1064//1064
f 943//943 1064//1064 1063//1063
f 944//944 945//945 1065//1065
f 944//944 1065//1065 1064//1064
f 945//945 946//946 1066//1066
f 945//945 1066//1066 1065//1065
f 946//946 947//947 1067//1067
f 946//946 1067//1067 1066//1066
f 947//947 948//948 1068//1068
f 947//947 1068//1068 1067//1067
f 948//948 949//949 1069//1069
f 948//948 1069//1069 1068//1068
f 949//949 950//950 1070//1070
f 949//949 1070//1070 1069//1069
f 950//950 951//951 1071//1071
f 950//950 1071//1071 1070//1070
f 951//951 952//952 1072//1072
f 951//951 1072//1072 1071//1071
f 952//952 953//953 1073//1073
f 952//952 1073//1073 1072//1072
f 953//953 954//954 1074//1074
f 953//953 1074//1074 1073//1073
f 954//954 955//955 1075//1075
f 954//954 1075//1075 1074//1074
f 955//955 956//956 1076//1076
f 955//955 1076//1076 1075//1075
f 956//956 957//957 1077//1077
f 956//956 1077//1077 1076//1076
f 957//957 958//958 1078//1078
f 957//957 1078//1078 1077//1077
f 958//958 959//959 1079//1079
f 958//958 1079//1079 1078//1078
f 959//959 960//960 1080//1080
f 959//959 1080//1080 1079//1079
f 960//960 961//961 1081//1081
f 960//960 1081//1081 1080//1080
f 961//961 962//962 1082//1082
f 961//961 1082//1082 1081//1081
f 962//962 963//963 1083//1083
f 962//962 1083//1083 1082//1082
f 963//963 844//844 964//964
f 963//963 964//964 1083//1083
f 964//964 965//965 1085//1085
f 964//964 1085//1085 1084//1084
f 965//965 966//966 1086//1086
f 965//965 1086//1086 1085//1085
f 966//966 967//967 1087//1087
f 966//966 1087//1087 1086//1086
f 967//967 968//968 1088//1088
f 967//967 1088//1088 1087//1087
f 968//968 969//969 1089//1089
f 968//968 1089//1089 1088//1088
f 969//969 970//970 1090//1090
f 969//969 1090//1090 1089//1089
f 970//970 971//971 1091//1091
f 970//970 1091//1091 1090//1090
f 971//971 972//972 1092//1092
f 971//971 1092//1092 1091//1091
f 972//972 973//973 1093//1093
f 972//972 1093//1093 1092//1092
f 973//973 974//974 1094//1094
f 973//973 1094//1094 1093//1093
f 974//974 975//975 1095//1095
f 974//974 1095//1095 1094//1094
f 975//975 976//976 1096//1096
f 975//975 1096//1096 1095//1095
f 976//976 977//977 1097//1097
f 976//976 1097//1097 1096//1096
f 977//977 978//978 1098//1098
f 977//977 1098//1098 1097//1097
f 978//978 979//979 1099//1099
f 978//978 1099//1099 1098//1098
f 979//979 980//980 1100//1100
f 979//979 1100//1100 1099//1099
f 980//980 981//981 1101//1101
f 980//980 1101//1101 1100//1100
f 981//981 982//982 1102//1102
f 981//981 1102//1102 1101//1101
f 982//982 983//983 1103//1103
f 982//982 1103//1103 1102//1102
f 983//983 984//984 1104//1104
f 983//983 1104//1104 1103//1103
f 984//984 985//985 1105//1105
f 984//984 1105//1105 1104//1104
f 985//985 986//986 1106//1106
f 985//985 1106//1106 1105//1105
f 986//986 987//987 1107//1107
f 986//986 1107//1107 1106//1106
f 987//987 988//988 1108//1108
f 987//987 1108//1108 1107//1107
f 988//988 989//989 1109//1109
f 988//988 1109//1109 1108//1108
f 989//989 990//990 1110//1110
f 989//989 1110//1110 1109//1109
f 990//990 991//991 1111//1111
f 990//990 1111//1111 1110//1110
f 991//991 992//992 1112//1112
f 991//991 1112//1112 1111//1111
f 992//992 993//993 1113//1113
f 992//992 1113//1113 1112//1112
f 993//993 994//994 1114//1114
f 993//993 1114//1114 1113//1113
f 994//994 995//995 1115//1115
f 994//994 1115//1115 1114//1114
f 995//995 996//996 1116//1116
f 995//995 1116//1116 1115//1115
f 996//996 997//997 1117//1117
f 996//996 1117//1117 1116//1116
f 997//997 998//998 1118//1118
f 997//997 1118//1118 1117//1117
f 998//998 999//999 1119//1119
f 998//998 1119//1119 1118//1118
f 999//999 1000//1000 1120//1120
f 999//999 1120//1120 1119//1119
f 1000//1000 1001//1001 1121//1121
f 1000//1000 1121//1121 1120//1120
f 1001//1001 1002//1002 1122//1122
f 1001//1001 1122//1122 1121//1121
f 1002//1002 1003//1003 1123//1123
f 1002//1002 1123//1123 1122//1122
f 1003//1003 1004//1004 1124//1124
f 1003//1003 1124//1124 1123//1123
f 1004//1004 1005//1005 1125//1125
f 1004//1004 1125//1125 1124//1124
f 1005//1005 1006//1006 1126//1126
f 1005//1005 1126//1126 1125//1125
f 1006//1006 1007//1007 1127//1127
f 1006//1006 1127//1127 1126//1126
f 1007//1007 1008//1008 1128//1128
f 1007//1007 1128//1128 1127//1127
f 1008//1008 1009//1009 1129//1129
f 1008//1008 1129//1129 1128//1128
f 1009//1009 1010//1010 1130//1130
f 1009//1009 1130//1130 1129//1129
f 1010//1010 1011//1011 1131//1131
f 1010//1010 1131//1131 1130//1130
f 1011//1011 1012//1012 1132//1132
f 1011//1011 1132//1132 1131//1131
f 1012//1012 1013//1013 1133//1133
f 1012//1012 1133//1133 1132//1132
f 1013//1013 1014//1014 1134//1134
f 1013//1013 1134//1134 1133//1133
f 1014//1014 1015//1015 1135//1135
f 1014//1014 1135//1135 1134//1134
f 1015//1015 1016//1016 1136//1136
f 1015//1015 1136//1136 1135//1135
f 1016//1016 1017//1017 1137//1137
f 1016//1016 1137//1137 1136//1136
f 1017//1017 1018//1018 1138//1138
f 1017//1017 1138//1138 1137//1137
f 1018//1018 1019//1019 1139//1139
f 1018//1018 1139//1139 1138//1138
f 1019//1019 1020//1020 1140//1140
f 1019//1019 1140//1140 1139//1139
f 1020//1020 1021//1021 1141//1141
f 1020//1020 1141//1141 1140//1140
f 1021//1021 1022//1022 1142//1142
f 1021//1021 1142//1142 1141//1141
f 1022//1022 1023//1023 1143//1143
f 1022//1022 1143//1143 1142//1142
f 1023//1023 1024//1024 1144//1144
f 1023//1023 1144//1144 1143//1143
f 1024//1024 1025//1025 1145//1145
f 1024//1024 1145//1145 1144//1144
f 1025//1025 1026//1026 1146//1146
f 1025//1025 1146//1146 1145//1145
f 1026//1026 1027//1027 1147//1147
f 1026//1026 1147//1147 1146//1146
f 1027//1027 1028//1028 1148//1148
f 1027//1027 1148//1148 1147//1147
f 1028//1028 1029//1029 1149//1149
f 1028//1028 1149//1149 1148//1148
f 1029//1029 1030//1030 1150//1150
f 1029//1029 1150//1150 1149//1149
f 1030//1030 1031//1031 1151//1151
f 1030//1030 1151//1151 1150//1150
f 1031//1031 1032//1032 1152//1152
f 1031//1031 1152//1152 1151//1151
f 1032//1032 1033//1033 1153//1153
f 1032//1032 1153//1153 1152//1152
f 1033//1033 1034//1034 1154//1154
f 1033//1033 1154//1154 1153//1153
f 1034//1034 1035//1035 1155//1155
f 1034//1034 1155//1155 1154//1154
f 1035//1035 1036//1036 1156//1156
f 1035//1035 1156//1156 1155//1155
f 1036//1036 1037//1037 1157//1157
f 1036//1036 1157//1157 1156//1156
f 1037//1037 1038//1038 1158//1158
f 1037//1037 1158//1158 1157//1157
f 1038//1038 1039//1039 1159//1159
f 1038//1038 1159//1159 1158//1158
f 1039//1039 1040//1040 1160//1160
f 1039//1039 1160//1160 1159//1159
f 1040//1040 1041//1041 1161//1161
f 1040//1040 1161//1161 1160//1160
f 1041//1041 1042//1042 1162//1162
f 1041//1041 1162//1162 1161//1161
f 1042//1042 1043//1043 1163//1163
f 1042//1042 1163//1163 1162//1162
f 1043//1043 1044//1044 1164//1164
f 1043//1043 1164//1164 1163//1163
f 1044//1044 1045//1045 1165//1165
f 1044//1044 1165//1165 1164//1164
f 1045//1045 1046//1046 1166//1166
f 1045//1045 1166//1166 1165//1165
f 1046//1046 1047//1047 1167//1167
f 1046//1046 1167//1167 1166//1166
f 1047//1047 1048//1048 1168//1168
f 1047//1047 1168//1168 1167//1167
f 1048//1048 1049//1049 1169//1169
f 1048//1048 1169//1169 1168//1168
f 1049//1049 1050//1050 1170//1170
f 1049//1049 1170//1170 1169//1169
f 1050//1050 1051//1051 1171//1171
f 1050//1050 1171//1171 1170//1170
f 1051//1051 1052//1052 1172//1172
f 1051//1051 1172//1172 1171//1171
f 1052//1052 1053//1053 1173//1173
f 1052//1052 1173//1173 1172//1172
f 1053//1053 1054//1054 1174//1174
f 1053//1053 1174//1174 1173//1173
f 1054//1054 1055//1055 1175//1175
f 1054//1054 1175//1175 1174//1174
f 1055//1055 1056//1056 1176//1176
f 1055//1055 1176//1176 1175//1175
f 1056//1056 1057//1057 1177//1177
f 1056//1056 1177//1177 1176//1176
f 1057//1057 1058//1058 1178//1178
f 1057//1057 1178//1178 1177//1177
f 1058//1058 1059//1059 1179//1179
f 1058//1058 1179//1179 1178//1178
f 1059//1059 1060//1060 1180//1180
f 1059//1059 1180//1180 1179//1179
f 1060//1060 1061//1061 1181//1181
f 1060//1060 1181//1181 1180//1180
f 1061//1061 1062//1062 1182//1182
f 1061//1061 1182//1182 1181//1181
f 1062//1062 1063//1063 1183//1183
f 1062//1062 1183//1183 1182//1182
f 1063//1063 1064//1064 1184//1184
f 1063//1063 1184//1184 1183//1183
f 1064//1064 1065//1065 1185//1185
f 1064//1064 1185//1185 1184//1184
f 1065//1065 1066//1066 1186//1186
f 1065//1065 1186//1186 1185//1185
f 1066//1066 1067//1067 1187//1187
f 1066//1066 1187//1187 1186//1186
f 1067//1067 1068//1068 1188//1188
f 1067//1067 1188//1188 1187//1187
f 1068//1068 1069//1069 1189//1189
f 1068//1068 1189//1189 1188//1188
f 1069//1069 1070//1070 1190//1190
f 1069//1069 1190//1190 1189//1189
f 1070//1070 1071//1071 1191//1191
f 1070//1070 1191//1191 1190//1190
f 1071//1071 1072//1072 1192//1192
f 1071//1071 1192//1192 1191//1191
f 1072//1072 1073//1073 1193//1193
f 1072//1072 1193//1193 1192//1192
f 1073//1073 1074//1074 1194//1194
f 1073//1073 1194//1194 1193//1193
f 1074//1074 1075//1075 1195//1195
f 1074//1074 1195//1195 1194//1194
f 1075//1075 1076//1076 1196//1196
f 1075//1075 1196//1196 1195//1195
f 1076//1076 1077//1077 1197//1197
f 1076//1076 1197//1197 1196//1196
f 1077//1077 1078//1078 1198//1198
f 1077//1077 1198//1198 1197//1197
f 1078//1078 1079//1079 1199//1199
f 1078//1078 1199//1199 1198//1198
f 1079//1079 1080//1080 1200//1200
f 1079//1079 1200//1200 1199//1199
f 1080//1080 1081//1081 1201//1201
f 1080//1080 1201//1201 1200//1200
f 1081//1081 1082//1082 1202//1202
f 1081//1081 1202//1202 1201//1201
f 1082//1082 1083//1083 1203//1203
f 1082//1082 1203//1203 1202//1202
f 1083//1083 964//964 1084//1084
f 1083//1083 1084//1084 1203//1203
f 1084//1084 1085//1085 1205//1205
f 1084//1084 1205//1205 1204//1204
f 1085//1085 1086//1086 1206//1206
f 1085//1085 1206//1206 1205//1205
f 1086//1086 1087//1087 1207//1207
f 1086//1086 1207//1207 1206//1206
f 1087//1087 1088//1088 1208//1208
f 1087//1087 1208//1208 1207//1207
f 1088//1088 1089//1089 1209//1209
f 1088//1088 1209//1209 1208//1208
f 1089//1089 1090//1090 1210//1210
f 1089//1089 1210//1210 1209//1209
f 1090//1090 1091//1091 1211//1211
f 1090//1090 1211//1211 1210//1210
f 1091//1091 1092//1092 1212//1212
f 1091//1091 1212//1212 1211//1211
f 1092//1092 1093//1093 1213//1213
f 1092//1092 1213//1213 1212//1212
f 1093//1093 1094//1094 1214//1214
f 1093//1093 1214//1214 1213//1213
f 1094//1094 1095//1095 1215//1215
f 1094//1094 1215//1215 1214//1214
f 1095//1095 1096//1096 1216//1216
f 1095//1095 1216//1216 1215//1215
f 1096//1096 1097//1097 1217//1217
f 1096//1096 1217//1217 1216//1216
f 1097//1097 1098//1098 1218//1218
f 1097//1097 1218//1218 1217//1217
f 1098//1098 1099//1099 1219//1219
f 1098//1098 1219//1219 1218//1218
f 1099//1099 1100//1100 1220//1220
f 1099//1099 1220//1220 1219//1219
f 1100//1100 1101//1101 1221//1221
f 1100//1100 1221//1221 1220//1220
f 1101//1101 1102//1102 1222//1222
f 1101//1101 1222//1222 1221//1221
f 1102//1102 1103//1103 1223//1223
f 1102//1102 1223//1223 1222//1222
f 1103//1103 1104//1104 1224//1224
f 1103//1103 1224//1224 1223//1223
f 1104//1104 1105//1105 1225//1225
f 1104//1104 1225//1225 1224//1224
f 1105//1105 1106//1106 1226//1226
f 1105//1105 1226//1226 1225//1225
f 1106//1106 1107//1107 1227//1227
f 1106//1106 1227//1227 1226//1226
f 1107//1107 1108//1108 1228//1228
f 1107//1107 1228//1228 1227//1227
f 1108//1108 1109//1109 1229//1229
f 1108//1108 1229//1229 1228//1228
f 1109//1109 1110//1110 1230//1230
f 1109//1109 1230//1230 1229//1229
f 1110//1110 1111//1111 1231//1231
f 1110//1110 1231//1231 1230//1230
f 1111//1111 1112//1112 1232//1232
f 1111//1111 1232//1232 1231//1231
f 1112//1112 1113//1113 1233//1233
f 1112//1112 1233//1233 1232//1232
f 1113//1113 1114//1114 1234//1234
f 1113//1113 1234//1234 1233//1233
f 1114//1114 1115//1115 1235//1235
f 1114//1114 1235//1235 1234//1234
f 1115//1115 1116//1116 1236//1236
f 1115//1115 1236//1236 1235//1235
f 1116//1116 1117//1117 1237//1237
f 1116//1116 1237//1237 1236//1236
f 1117//1117 1118//1118 1238//1238
f 1117//1117 1238//1238 1237//1237
f 1118//1118 1119//1119 1239//1239
f 1118//1118 1239//1239 1238//1238
f 1119//1119 1120//1120 1240//1240
f 1119//1119 1240//1240 1239//1239
f 1120//1120 1121//1121 1241//1241
f 1120//1120 1241//1241 1240//1240
f 1121//1121 1122//1122 1242//1242
f 1121//1121 1242//1242 1241//1241
f 1122//1122 1123//1123 1243//1243
f 1122//1122 1243//1243 1242//1242
f 1123//1123 1124//1124 1244//1244
f 1123//1123 1244//1244 1243//1243
f 1124//1124 1125//1125 1245//1245
f 1124//1124 1245//1245 1244//1244
f 1125//1125 1126//1126 1246//1246
f 1125//1125 1246//1246 1245//1245
f 1126//1126 1127//1127 1247//1247
f 1126//1126 1247//1247 1246//1246
f 1127//1127 1128//1128 1248//1248
f 1127//1127 1248//1248 1247//1247
f 1128//1128 1129//1129 1249//1249
f 1128//1128 1249//1249 1248//1248
f 1129//1129 1130//1130 1250//1250
f 1129//1129 1250//1250 1249//1249
f 1130//1130 1131//1131 1251//1251
f 1130//1130 1251//1251 1250//1250
f 1131//1131 1132//1132 1252//1252
f 1131//1131 1252//1252 1251//1251
f 1132//1132 1133//1133 1253//1253
f 1132//1132 1253//1253 1252//1252
f 1133//1133 1134//1134 1254//1254
f 1133//1133 1254//1254 1253//1253
f 1134//1134 1135//1135 1255//1255
f 1134//1134 1255//1255 1254//1254
f 1135//1135 1136//1136 1256//1256
f 1135//1135 1256//1256 1255//1255
f 1136//1136 1137//1137 1257//1257
f 1136//1136 1257//1257 1256//1256
f 1137//1137 1138//1138 1258//1258
f 1137//1137 1258//1258 1257//1257
f 1138//1138 1139//1139 1259//1259
f 1138//1138 1259//1259 1258//1258
f 1139//1139 1140//1140 1260//1260
f 1139//1139 1260//1260 1259//1259
f 1140//1140 1141//1141 1261//1261
f 1140//1140 1261//1261 1260//1260
f 1141//1141 1142//1142 1262//1262
f 1141//1141 1262//1262 1261//1261
f 1142//1142 1143//1143 1263//1263
f 1142//1142 1263//1263 1262//1262
f 1143//1143 1144//1144 1264//1264
f 1143//1143 1264//1264 1263//1263
f 1144//1144 1145//1145 1265//1265
f 1144//1144 1265//1265 1264//1264
f 1145//1145 1146//1146 1266//1266
f 1145//1145 1266//1266 1265//1265
f 1146//1146 1147//1147 1267//1267
f 1146//1146 1267//1267 1266//1266
f 1147//1147 1148//1148 1268//1268
f 1147//1147 1268//1268 1267//1267
f 1148//1148 1149//1149 1269//1269
f 1148//1148 1269//1269 1268//1268
f 1149//1149 1150//1150 1270//1270
f 1149//1149 1270//1270 1269//1269
f 1150//1150 1151//1151 1271//1271
f 1150//1150 1271//1271 1270//1270
f 1151//1151 1152//1152 1272//1272
f 1151//1151 1272//1272 1271//1271
f 1152//1152 1153//1153 1273//1273
f 1152//1152 1273//1273 1272//1272
f 1153//1153 1154//1154 1274//1274
f 1153//1153 1274//1274 1273//1273
f 1154//1154 1155//1155 1275//1275
f 1154//1154 1275//1275 1274//1274
f 1155//1155 1156//1156 1276//1276
f 1155//1155 1276//1276 1275//1275
f 1156//1156 1157//1157 1277//1277
f 1156//1156 1277//1277 1276//1276
f 1157//1157 1158//1158 1278//1278
f 1157//1157 1278//1278 1277//1277
f 1158//1158 1159//1159 1279//1279
f 1158//1158 1279//1279 1278//1278
f 1159//1159 1160//1160 1280//1280
f 1159//1159 1280//1280 1279//1279
f 1160//1160 1161//1161 1281//1281
f 1160//1160 1281//1281 1280//1280
f 1161//1161 1162//1162 1282//1282
f 1161//1161 1282//1282 1281//1281
f 1162//1162 1163//1163 1283//1283
f 1162//1162 1283//1283 1282//1282
f 1163//1163 1164//1164 1284//1284
f 1163//1163 1284//1284 1283//1283
f 1164//1164 1165//1165 1285//1285
f 1164//1164 1285//1285 1284//1284
f 1165//1165 1166//1166 1286//1286
f 1165//1165 1286//1286 1285//1285
f 1166//1166 1167//1167 1287//1287
f 1166//1166 1287//1287 1286//1286
f 1167//1167 1168//1168 1288//1288
f 1167//1167 1288//1288 1287//1287
f 1168//1168 1169//1169 1289//1289
f 1168//1168 1289//1289 1288//1288
f 1169//1169 1170//1170 1290//1290
f 1169//1169 1290//1290 1289//1289
f 1170//1170 1171//1171 1291//1291
f 1170//1170 1291//1291 1290//1290
f 1171//1171 1172//1172 1292//1292
f 1171//1171 1292//1292 1291//1291
f 1172//1172 1173//1173 1293//1293
f 1172//1172 1293//1293 1292//1292
f 1173//1173 1174//1174 1294//1294
f 1173//1173 1294//1294 1293//1293
f 1174//1174 1175//1175 1295//1295
f 1174//1174 1295//1295 1294//1294
f 1175//1175 1176//1176 1296//1296
f 1175//1175 1296//1296 1295//1295
f 1176//1176 1177//1177 1297//1297
f 1176//1176 1297//1297 1296//1296
f 1177//1177 1178//1178 1298//1298
f 1177//1177 1298//1298 1297//1297
f 1178//1178 1179//1179 1299//1299
f 1178//1178 1299//1299 1298//1298
f 1179//1179 1180//1180 1300//1300
f 1179//1179 1300//1300 1299//1299
f 1180//1180 1181//1181 1301//1301
f 1180//1180 1301//1301 1300//1300
f 1181//1181 1182//1182 1302//1302
f 1181//1181 1302//1302 1301//1301
f 1182//1182 1183//1183 1303//1303
f 1182//1182 1303//1303 1302//1302
f 1183//1183 1184//1184 1304//1304
f 1183//1183 1304//1304 1303//1303
f 1184//1184 1185//1185 1305//1305
f 1184//1184 1305//1305 1304//1304
f 1185//1185 1186//1186 1306//1306
f 1185//1185 1306//1306 1305//1305
f 1186//1186 1187//1187 1307//1307
f 1186//1186 1307//1307 1306//1306
f 1187//1187 1188//1188 1308//1308
f 1187//1187 1308//1308 1307//1307
f 1188//1188 1189//1189 1309//1309
f 1188//1188 1309//1309 1308//1308
f 1189//1189 1190//1190 1310//1310
f 1189//1189 1310//1310 1309//1309
f 1190//1190 1191//1191 1311//1311
f 1190//1190 1311//1311 1310//1310
f 1191//1191 1192//1192 1312//1312
f 1191//1191 1312//1312 1311//1311
f 1192//1192 1193//1193 1313//1313
f 1192//1192 1313//1313 1312//1312
f 1193//1193 1194//1194 1314//1314
f 1193//1193 1314//1314 1313//1313
f 1194//1194 1195//1195 1315//1315
f 1194//1194 1315//1315 1314//1314
f 1195//1195 1196//1196 1316//1316
f 1195//1195 1316//1316 1315//1315
f 1196//1196 1197//1197 1317//1317
f 1196//1196 1317//1317 1316//1316
f 1197//1197 1198//1198 1318//1318
f 1197//1197 1318//1318 1317//1317
f 1198//1198 1199//1199 1319//1319
f 1198//1198 1319//1319 1318//1318
f 1199//1199 1200//1200 1320//1320
f 1199//1199 1320//1320 1319//1319
f 1200//1200 1201//1201 1321//1321
f 1200//1200 1321//1321 1320//1320
f 1201//1201 1202//1202 1322//1322
f 1201//1201 1322//1322 1321//1321
f 1202//1202 1203//1203 1323//1323
f 1202//1202 1323//1323 1322//1322
f 1203//1203 1084//1084 1204//1204
f 1203//1203 1204//1204 1323//1323
f 1204//1204 1205//1205 1325//1325
f 1204//1204 1325//1325 1324//1324
f 1205//1205 1206//1206 1326//1326
f 1205//1205 1326//1326 1325//1325
f 1206//1206 1207//1207 1327//1327
f 1206//1206 1327//1327 1326//1326
f 1207//1207 1208//1208 1328//1328
f 1207//1207 1328//1328 1327//1327
f 1208//1208 1209//1209 1329//1329
f 1208//1208 1329//1329 1328//1328
f 1209//1209 1210//1210 1330//1330
f 1209//1209 1330//1330 1329//1329
f 1210//1210 1211//1211 1331//1331
f 1210//1210 1331//1331 1330//1330
f 1211//1211 1212//1212 1332//1332
f 1211//1211 1332//1332 1331//1331
f 1212//1212 1213//1213 1333//1333
f 1212//1212 1333//1333 1332//1332
f 1213//1213 1214//1214 1334//1334
f 1213//1213 1334//1334 1333//1333
f 1214//1214 1215//1215 1335//1335
f 1214//1214 1335//1335 1334//1334
f 1215//1215 1216//1216 1336//1336
f 1215//1215 1336//1336 1335//1335
f 1216//1216 1217//1217 1337//1337
f 1216//1216 1337//1337 1336//1336
f 1217//1217 1218//1218 1338//1338
f 1217//1217 1338//1338 1337//1337
f 1218//1218 1219//1219 1339//1339
f 1218//1218 1339//1339 1338//1338
f 1219//1219 1220//1220 1340//1340
f 1219//1219 1340//1340 1339//1339
f 1220//1220 1221//1221 1341//1341
f 1220//1220 1341//1341 1340//1340
f 1221//1221 1222//1222 1342//1342
f 1221//1221 1342//1342 1341//1341
f 1222//1222 1223//1223 1343//1343
f 1222//1222 1343//1343 1342//1342
f 1223//1223 1224//1224 1344//1344
f 1223//1223 1344//1344 1343//1343
f 1224//1224 1225//1225 1345//1345
f 1224//1224 1345//1345 1344//1344
f 1225//1225 1226//1226 1346//1346
f 1225//1225 1346//1346 1345//1345
f 1226//1226 1227//1227 1347//1347
f 1226//1226 1347//1347 1346//1346
f 1227//1227 1228//1228 1348//1348
f 1227//1227 1348//1348 1347//1347
f 1228//1228 1229//1229 1349//1349
f 1228//1228 1349//1349 1348//1348
f 1229//1229 1230//1230 1350//1350
f 1229//1229 1350//1350 1349//1349
f 1230//1230 1231//1231 1351//1351
f 1230//1230 1351//1351 1350//1350
f 1231//1231 1232//1232 1352//1352
f 1231//1231 1352//1352 1351//1351
f 1232//1232 1233//1233 1353//1353
f 1232//1232 1353//1353 1352//1352
f 1233//1233 1234//1234 1354//1354
f 1233//1233 1354//1354 1353//1353
f 1234//1234 1235//1235 1355//1355
f 1234//1234 1355//1355 1354//1354
f 1235//1235 1236//1236 1356//1356
f 1235//1235 1356//1356 1355//1355
f 1236//1236 1237//1237 1357//1357
f 1236//1236 1357//1357 1356//1356
f 1237//1237 1238//1238 1358//1358
f 1237//1237 1358//1358 1357//1357
f 1238//1238 1239//1239 1359//1359
f 1238//1238 1359//1359 1358//1358
f 1239//1239 1240//1240 1360//1360
f 1239//1239 1360//1360 1359//1359
f 1240//1240 1241//1241 1361//1361
f 1240//1240 1361//1361 1360//1360
f 1241//1241 1242//1242 1362//1362
f 1241//1241 1362//1362 1361//1361
f 1242//1242 1243//1243 1363//1363
f 1242//1242 1363//1363 1362//1362
f 1243//1243 1244//1244 1364//1364
f 1243//1243 1364//1364 1363//1363
f 1244//1244 1245//1245 1365//1365
f 1244//1244 1365//1365 1364//1364
f 1245//1245 1246//1246 1366//1366
f 1245//1245 1366//1366 1365//1365
f 1246//1246 1247//1247 1367//1367
f 1246//1246 1367//1367 1366//1366
f 1247//1247 1248//1248 1368//1368
f 1247//1247 1368//1368 1367//1367
f 1248//1248 1249//1249 1369//1369
f 1248//1248 1369//1369 1368//1368
f 1249//1249 1250//1250 1370//1370
f 1249//1249 1370//1370 1369//1369
f 1250//1250 1251//1251 1371//1371
f 1250//1250 1371//1371 1370//1370
f 1251//1251 1252//1252 1372//1372
f 1251//1251 1372//1372 1371//1371
f 1252//1252 1253//1253 1373//1373
f 1252//1252 1373//1373 1372//1372
f 1253//1253 1254//1254 1374//1374
f 1253//1253 1374//1374 1373//1373
f 1254//1254 1255//1255 1375//1375
f 1254//1254 1375//1375 1374//1374
f 1255//1255 1256//1256 1376//1376
f 1255//1255 1376//1376 1375//1375
f 1256//1256 1257//1257 1377//1377
f 1256//1256 1377//1377 1376//1376
f 1257//1257 1258//1258 1378//1378
f 1257//1257 1378//1378 1377//1377
f 1258//1258 1259//1259 1379//1379
f 1258//1258 1379//1379 1378//1378
f 1259//1259 1260//1260 1380//1380
f 1259//1259 1380//1380 1379//1379
f 1260//1260 1261//1261 1381//1381
f 1260//1260 1381//1381 1380//1380
f 1261//1261 1262//1262 1382//1382
f 1261//1261 1382//1382 1381//1381
f 1262//1262 1263//1263 1383//1383
f 1262//1262 1383//1383 1382//1382
f 1263//1263 1264//1264 1384//1384
f 1263//1263 1384//1384 1383//1383
f 1264//1264 1265//1265 1385//1385
f 1264//1264 1385//1385 1384//1384
f 1265//1265 1266//1266 1386//1386
f 1265//1265 1386//1386 1385//1385
f 1266//1266 1267//1267 1387//1387
f 1266//1266 1387//1387 1386//1386
f 1267//1267 1268//1268 1388//1388
f 1267//1267 1388//1388 1387//1387
f 1268//1268 1269//1269 1389//1389
f 1268//1268 1389//1389 1388//1388
f 1269//1269 1270//1270 1390//1390
f 1269//1269 1390//1390 1389//1389
f 1270//1270 1271//1271 1391//1391
f 1270//1270 1391//1391 1390//1390
f 1271//1271 1272//1272 1392//1392
f 1271//1271 1392//1392 1391//1391
f 1272//1272 1273//1273 1393//1393
f 1272//1272 1393//1393 1392//1392
f 1273//1273 1274//1274 1394//1394
f 1273//1273 1394//1394 1393//1393
f 1274//1274 1275//1275 1395//1395
f 1274//1274 1395//1395 1394//1394
f 1275//1275 1276//1276 1396//1396
f 1275//1275 1396//1396 1395//1395
f 1276//1276 1277//1277 1397//1397
f 1276//1276 1397//1397 1396//1396
f 1277//1277 1278//1278 1398//1398
f 1277//1277 1398//1398 1397//1397
f 1278//1278 1279//1279 1399//1399
f 1278//1278 1399//1399 1398//1398
f 1279//1279 1280//1280 1400//1400
f 1279//1279 1400//1400 1399//1399
f 1280//1280 1281//1281 1401//1401
f 1280//1280 1401//1401 1400//1400
f 1281//1281 1282//1282 1402//1402
f 1281//1281 1402//1402 1401//1401
f 1282//1282 1283//1283 1403//1403
f 1282//1282 1403//1403 1402//1402
f 1283//1283 1284//1284 1404//1404
f 1283//1283 1404//1404 1403//1403
f 1284//1284 1285//1285 1405//1405
f 1284//1284 1405//1405 1404//1404
f 1285//1285 1286//1286 1406//1406
f 1285//1285 1406//1406 1405//1405
f 1286//1286 1287//1287 1407//1407
f 1286//1286 1407//1407 1406//1406
f 1287//1287 1288//1288 1408//1408
f 1287//1287 1408//1408 1407//1407
f 1288//1288 1289//1289 1409//1409
f 1288//1288 1409//1409 1408//1408
f 1289//1289 1290//1290 1410//1410
f 1289//1289 1410//1410 1409//1409
f 1290//1290 1291//1291 1411//1411
f 1290//1290 1411//1411 1410//1410
f 1291//1291 1292//1292 1412//1412
f 1291//1291 1412//1412 1411//1411
f 1292//1292 1293//1293 1413//1413
f 1292//1292 1413//1413 1412//1412
f 1293//1293 1294//1294 1414//1414
f 1293//1293 1414//1414 1413//1413
f 1294//1294 1295//1295 1415//1415
f 1294//1294 1415//1415 1414//1414
f 1295//1295 1296//1296 1416//1416
f 1295//1295 1416//1416 1415//1415
f 1296//1296 1297//1297 1417//1417
f 1296//1296 1417//1417 1416//1416
f 1297//1297 1298//1298 1418//1418
f 1297//1297 1418//1418 1417//1417
f 1298//1298 1299//1299 1419//1419
f 1298//1298 1419//1419 1418//1418
f 1299//1299 1300//1300 1420//1420
f 1299//1299 1420//1420 1419//1419
f 1300//1300 1301//1301 1421//1421
f 1300//1300 1421//1421 1420//1420
f 1301//1301 1302//1302 1422//1422
f 1301//1301 1422//1422 1421//1421
f 1302//1302 1303//1303 1423//1423
f 1302//1302 1423//1423 1422//1422
f 1303//1303 1304//1304 1424//1424
f 1303//1303 1424//1424 1423//1423
f 1304//1304 1305//1305 1425//1425
f 1304//1304 1425//1425 1424//1424
f 1305//1305 1306//1306 1426//1426
f 1305//1305 1426//1426 1425//1425
f 1306//1306 1307//1307 1427//1427
f 1306//1306 1427//1427 1426//1426
f 1307//1307 1308//1308 1428//1428
f 1307//1307 1428//1428 1427//1427
f 1308//1308 1309//1309 1429//1429
f 1308//1308 1429//1429 1428//1428
f 1309//1309 1310//1310 1430//1430
f 1309//1309 1430//1430 1429//1429
f 1310//1310 1311//1311 1431//1431
f 1310//1310 1431//1431 1430//1430
f 1311//1311 1312//1312 1432//1432
f 1311//1311 1432//1432 1431//1431
f 1312//1312 1313//1313 1433//1433
f 1312//1312 1433//1433 1432//1432
f 1313//1313 1314//1314 1434//1434
f 1313//1313 1434//1434 1433//1433
f 1314//1314 1315//1315 1435//1435
f 1314//1314 1435//1435 1434//1434
f 1315//1315 1316//1316 1436//1436
f 1315//1315 1436//1436 1435//1435
f 1316//1316 1317//1317 1437//1437
f 1316//1316 1437//1437 1436//1436
f 1317//1317 1318//1318 1438//1438
f 1317//1317 1438//1438 1437//1437
f 1318//1318 1319//1319 1439//1439
f 1318//1318 1439//1439 1438//1438
f 1319//1319 1320//1320 1440//1440
f 1319//1319 1440//1440 1439//1439
f 1320//1320 1321//1321 1441//1441
f 1320//1320 1441//1441 1440//1440
f 1321//1321 1322//1322 1442//1442
f 1321//1321 1442//1442 1441//1441
f 1322//1322 1323//1323 1443//1443
f 1322//1322 1443//1443 1442//1442
f 1323//1323 1204//1204 1324//1324
f 1323//1323 1324//1324 1443//1443
f 1324//1324 1325//1325 1445//1445
f 1324//1324 1445//1445 1444//1444
f 1325//1325 1326//1326 1446//1446
f 1325//1325 1446//1446 1445//1445
f 1326//1326 1327//1327 1447//1447
f 1326//1326 1447//1447 1446//1446
f 1327//1327 1328//1328 1448//1448
f 1327//1327 1448//1448 1447//1447
f 1328//1328 1329//1329 1449//1449
f 1328//1328 1449//1449 1448//1448
f 1329//1329 1330//1330 1450//1450
f 1329//1329 1450//1450 1449//1449
f 1330//1330 1331//1331 1451//1451
f 1330//1330 1451//1451 1450//1450
f 1331//1331 1332//1332 1452//1452
f 1331//1331 1452//1452 1451//1451
f 1332//1332 1333//1333 1453//1453
f 1332//1332 1453//1453 1452//1452
f 1333//1333 1334//1334 1454//1454
f 1333//1333 1454//1454 1453//1453
f 1334//1334 1335//1335 1455//1455
f 1334//1334 1455//1455 1454//1454
f 1335//1335 1336//1336 1456//1456
f 1335//1335 1456//1456 1455//1455
f 1336//1336 1337//1337 1457//1457
f 1336//1336 1457//1457 1456//1456
f 1337//1337 1338//1338 1458//1458
f 1337//1337 1458//1458 1457//1457
f 1338//1338 1339//1339 1459//1459
f 1338//1338 1459//1459 1458//1458
f 1339//1339 1340//1340 1460//1460
f 1339//1339 1460//1460 1459//1459
f 1340//1340 1341//1341 1461//1461
f 1340//1340 1461//1461 1460//1460
f 1341//1341 1342//1342 1462//1462
f 1341//1341 1462//1462 1461//1461
f 1342//1342 1343//1343 1463//1463
f 1342//1342 1463//1463 1462//1462
f 1343//1343 1344//1344 1464//1464
f 1343//1343 1464//1464 1463//1463
f 1344//1344 1345//1345 1465//1465
f 1344//1344 1465//1465 1464//1464
f 1345//1345 1346//1346 1466//1466
f 1345//1345 1466//1466 1465//1465
f 1346//1346 1347//1347 1467//1467
f 1346//1346 1467//1467 1466//1466
f 1347//1347 1348//1348 1468//1468
f 1347//1347 1468//1468 1467//1467
f 1348//1348 1349//1349 1469//1469
f 1348//1348 1469//1469 1468//1468
f 1349//1349 1350//1350 1470//1470
f 1349//1349 1470//1470 1469//1469
f 1350//1350 1351//1351 1471//1471
f 1350//1350 1471//1471 1470//1470
f 1351//1351 1352//1352 1472//1472
f 1351//1351 1472//1472 1471//1471
f 1352//1352 1353//1353 1473//1473
f 1352//1352 1473//1473 1472//1472
f 1353//1353 1354//1354 1474//1474
f 1353//1353 1474//1474 1473//1473
f 1354//1354 1355//1355 1475//1475
f 1354//1354 1475//1475 1474//1474
f 1355//1355 1356//1356 1476//1476
f 1355//1355 1476//1476 1475//1475
f 1356//1356 1357//1357 1477//1477
f 1356//1356 1477//1477 1476//1476
f 1357//1357 1358//1358 1478//1478
f 1357//1357 1478//1478 1477//1477
f 1358//1358 1359//1359 1479//1479
f 1358//1358 1479//1479 1478//1478
f 1359//1359 1360//1360 1480//1480
f 1359//1359 1480//1480 1479//1479
f 1360//1360 1361//1361 1481//1481
f 1360//1360 1481//1481 1480//1480
f 1361//1361 1362//1362 1482//1482
f 1361//1361 1482//1482 1481//1481
f 1362//1362 1363//1363 1483//1483
f 1362//1362 1483//1483 1482//1482
f 1363//1363 1364//1364 1484//1484
f 1363//1363 1484//1484 1483//1483
f 1364//1364 1365//1365 1485//1485
f 1364//1364 1485//1485 1484//1484
f 1365//1365 1366//1366 1486//1486
f 1365//1365 1486//1486 1485//1485
f 1366//1366 1367//1367 1487//1487
f 1366//1366 1487//1487 1486//1486
f 1367//1367 1368//1368 1488//1488
f 1367//1367 1488//1488 1487//1487
f 1368//1368 1369//1369 1489//1489
f 1368//1368 1489//1489 1488//1488
f 1369//1369 1370//1370 1490//1490
f 1369//1369 1490//1490 1489//1489
f 1370//1370 1371//1371 1491//1491
f 1370//1370 1491//1491 1490//1490
f 1371//1371 1372//1372 1492//1492
f 1371//1371 1492//1492 1491//1491
f 1372//1372 1373//1373 1493//1493
f 1372//1372 1493//1493 1492//1492
f 1373//1373 1374//1374 1494//1494
f 1373//1373 1494//1494 1493//1493
f 1374//1374 1375//1375 1495//1495
f 1374//1374 1495//1495 1494//1494
f 1375//1375 1376//1376 1496//1496
f 1375//1375 1496//1496 1495//1495
f 1376//1376 1377//1377 1497//1497
f 1376//1376 1497//1497 1496//1496
f 1377//1377 1378//1378 1498//1498
f 1377//1377 1498//1498 1497//1497
f 1378//1378 1379//1379 1499//1499
f 1378//1378 1499//1499 1498//1498
f 1379//1379 1380//1380 1500//1500
f 1379//1379 1500//1500 1499//1499
f 1380//1380 1381//1381 1501//1501
f 1380//1380 1501//1501 1500//1500
f 1381//1381 1382//1382 1502//1502
f 1381//1381 1502//1502 1501//1501
f 1382//1382 1383//1383 1503//1503
f 1382//1382 1503//1503 1502//1502
f 1383//1383 1384//1384 1504//1504
f 1383//1383 1504//1504 1503//1503
f 1384//1384 1385//1385 1505//1505
f 1384//1384 1505//1505 1504//1504
f 1385//1385 1386//1386 1506//1506
f 1385//1385 1506//1506 1505//1505
f 1386//1386 1387//1387 1507//1507
f 1386//1386 1507//1507 1506//1506
f 1387//1387 1388//1388 1508//1508
f 1387//1387 1508//1508 1507//1507
f 1388//1388 1389//1389 1509//1509
f 1388//1388 1509//1509 1508//1508
f 1389//1389 1390//1390 1510//1510
f 1389//1389 1510//1510 1509//1509
f 1390//1390 1391//1391 1511//1511
f 1390//1390 1511//1511 1510//1510
f 1391//1391 1392//1392 1512//1512
f 1391//1391 1512//1512 1511//1511
f 1392//1392 1393//1393 1513//1513
f 1392//1392 1513//1513 1512//1512
f 1393//1393 1394//1394 1514//1514
f 1393//1393 1514//1514 1513//1513
f 1394//1394 1395//1395 1515//1515
f 1394//1394 1515//1515 1514//1514
f 1395//1395 1396//1396 1516//1516
f 1395//1395 1516//1516 1515//1515
f 1396//1396 1397//1397 1517//1517
f 1396//1396 1517//1517 1516//1516
f 1397//1397 1398//1398 1518//1518
f 1397//1397 1518//1518 1517//1517
f 1398//1398 1399//1399 1519//1519
f 1398//1398 1519//1519 1518//1518
f 1399//1399 1400//1400 1520//1520
f 1399//1399 1520//1520 1519//1519
f 1400//1400 1401//1401 1521//1521
f 1400//1400 1521//1521 1520//1520
f 1401//1401 1402//1402 1522//1522
f 1401//1401 1522//1522 1521//1521
f 1402//1402 1403//1403 1523//1523
f 1402//1402 1523//1523 1522//1522
f 1403//1403 1404//1404 1524//1524
f 1403//1403 1524//1524 1523//1523
f 1404//1404 1405//1405 1525//1525
f 1404//1404 1525//1525 1524//1524
f 1405//1405 1406//1406 1526//1526
f 1405//1405 1526//1526 1525//1525
f 1406//1406 1407//1407 1527//1527
f 1406//1406 1527//1527 1526//1526
f 1407//1407 1408//1408 1528//1528
f 1407//1407 1528//1528 1527//1527
f 1408//1408 1409//1409 1529//1529
f 1408//1408 1529//1529 1528//1528
f 1409//1409 1410//1410 1530//1530
f 1409//1409 1530//1530 1529//1529
f 1410//1410 1411//1411 1531//1531
f 1410//1410 1531//1531 1530//1530
f 1411//1411 1412//1412 1532//1532
f 1411//1411 1532//1532 1531//1531
f 1412//1412 1413//1413 1533//1533
f 1412//1412 1533//1533 1532//1532
f 1413//1413 1414//1414 1534//1534
f 1413//1413 1534//1534 1533//1533
f 1414//1414 1415//1415 1535//1535
f 1414//1414 1535//1535 1534//1534
f 1415//1415 1416//1416 1536//1536
f 1415//1415 1536//1536 1535//1535
f 1416//1416 1417//1417 1537//1537
f 1416//1416 1537//1537 1536//1536
f 1417//1417 1418//1418 1538//1538
f 1417//1417 1538//1538 1537//1537
f 1418//1418 1419//1419 1539//1539
f 1418//1418 1539//1539 1538//1538
f 1419//1419 1420//1420 1540//1540
f 1419//1419 1540//1540 1539//1539
f 1420//1420 1421//1421 1541//1541
f 1420//1420 1541//1541 1540//1540
f 1421//1421 1422//1422 1542//1542
f 1421//1421 1542//1542 1541//1541
f 1422//1422 1423//1423 1543//1543
f 1422//1422 1543//1543 1542//1542
f 1423//1423 1424//1424 1544//1544
f 1423//1423 1544//1544 1543//1543
f 1424//1424 1425//1425 1545//1545
f 1424//1424 1545//1545 1544//1544
f 1425//1425 1426//1426 1546//1546
f 1425//1425 1546//1546 1545//1545
f 1426//1426 1427//1427 1547//1547
f 1426//1426 1547//1547 1546//1546
f 1427//1427 1428//1428 1548//1548
f 1427//1427 1548//1548 1547//1547
f 1428//1428 1429//1429 1549//1549
f 1428//1428 1549//1549 1548//1548
f 1429//1429 1430//1430 1550//1550
f 1429//1429 1550//1550 1549//1549
f 1430//1430 1431//1431 1551//1551
f 1430//1430 1551//1551 1550//1550
f 1431//1431 1432//1432 1552//1552
f 1431//1431 1552//1552 1551//1551
f 1432//1432 1433//1433 1553//1553
f 1432//1432 1553//1553 1552//1552
f 1433//1433 1434//1434 1554//1554
f 1433//1433 1554//1554 1553//1553
f 1434//1434 1435//1435 1555//1555
f 1434//1434 1555//1555 1554//1554
f 1435//1435 1436//1436 1556//1556
f 1435//1435 1556//1556 1555//1555
f 1436//1436 1437//1437 1557//1557
f 1436//1436 1557//1557 1556//1556
f 1437//1437 1438//1438 1558//1558
f 1437//1437 1558//1558 1557//1557
f 1438//1438 1439//1439 1559//1559
f 1438//1438 1559//1559 1558//1558
f 1439//1439 1440//1440 1560//1560
f 1439//1439 1560//1560 1559//1559
f 1440//1440 1441//1441 1561//1561
f 1440//1440 1561//1561 1560//1560
f 1441//1441 1442//1442 1562//1562
f 1441//1441 1562//1562 1561//1561
f 1442//1442 1443//1443 1563//1563
f 1442//1442 1563//1563 1562//1562
f 1443//1443 1324//1324 1444//1444
f 1443//1443 1444//1444 1563//1563
f 1444//1444 1445//1445 1565//1565
f 1444//1444 1565//1565 1564//1564
f 1445//1445 1446//1446 1566//1566
f 1445//1445 1566//1566 1565//1565
f 1446//1446 1447//1447 1567//1567
f 1446//1446 1567//1567 1566//1566
f 1447//1447 1448//1448 1568//1568
f 1447//1447 1568//1568 1567//1567
f 1448//1448 1449//1449 1569//1569
f 1448//1448 1569//1569 1568//1568
f 1449//1449 1450//1450 1570//1570
f 1449//1449 1570//1570 1569//1569
f 1450//1450 1451//1451 1571//1571
f 1450//1450 1571//1571 1570//1570
f 1451//1451 1452//1452 1572//1572
f 1451//1451 1572//1572 1571//1571
f 1452//1452 1453//1453 1573//1573
f 1452//1452 1573//1573 1572//1572
f 1453//1453 1454//1454 1574//1574
f 1453//1453 1574//1574 1573//1573
f 1454//1454 1455//1455 1575//1575
f 1454//1454 1575//1575 1574//1574
f 1455//1455 1456//1456 1576//1576
f 1455//1455 1576//1576 1575//1575
f 1456//1456 1457//1457 1577//1577
f 1456//1456 1577//1577 1576//1576
f 1457//1457 1458//1458 1578//1578
f 1457//1457 1578//1578 1577//1577
f 1458//1458 1459//1459 1579//1579
f 1458//1458 1579//1579 1578//1578
f 1459//1459 1460//1460 1580//1580
f 1459//1459 1580//1580 1579//1579
f 1460//1460 1461//1461 1581//1581
f 1460//1460 1581//1581 1580//1580
f 1461//1461 1462//1462 1582//1582
f 1461//1461 1582//1582 1581//1581
f 1462//1462 1463//1463 1583//1583
f 1462//1462 1583//1583 1582//1582
f 1463//1463 1464//1464 1584//1584
f 1463//1463 1584//1584 1583//1583
f 1464//1464 1465//1465 1585//1585
f 1464//1464 1585//1585 1584//1584
f 1465//1465 1466//1466 1586//1586
f 1465//1465 1586//1586 1585//1585
f 1466//1466 1467//1467 1587//1587
f 1466//1466 1587//1587 1586//1586
f 1467//1467 1468//1468 1588//1588
f 1467//1467 1588//1588 1587//1587
f 1468//1468 1469//1469 1589//1589
f 1468//1468 1589//1589 1588//1588
f 1469//1469 1470//1470 1590//1590
f 1469//1469 1590//1590 1589//1589
f 1470//1470 1471//1471 1591//1591
f 1470//1470 1591//1591 1590//1590
f 1471//1471 1472//1472 1592//1592
f 1471//1471 1592//1592 1591//1591
f 1472//1472 1473//1473 1593//1593
f 1472//1472 1593//1593 1592//1592
f 1473//1473 1474//1474 1594//1594
f 1473//1473 1594//1594 1593//1593
f 1474//1474 1475//1475 1595//1595
f 1474//1474 1595//1595 1594//1594
f 1475//1475 1476//1476 1596//1596
f 1475//1475 1596//1596 1595//1595
f 1476//1476 1477//1477 1597//1597
f 1476//1476 1597//1597 1596//1596
f 1477//1477 1478//1478 1598//1598
f 1477//1477 1598//1598 1597//1597
f 1478//1478 1479//1479 1599//1599
f 1478//1478 1599//1599 1598//1598
f 1479//1479 1480//1480 1600//1600
f 1479//1479 1600//1600 1599//1599
f 1480//1480 1481//1481 1601//1601
f 1480//1480 1601//1601 1600//1600
f 1481//1481 1482//1482 1602//1602
f 1481//1481 1602//1602 1601//1601
f 1482//1482 1483//1483 1603//1603
f 1482//1482 1603//1603 1602//1602
f 1483//1483 1484//1484 1604//1604
f 1483//1483 1604//1604 1603//1603
f 1484//1484 1485//1485 1605//1605
f 1484//1484 1605//1605 1604//1604
f 1485//1485 1486//1486 1606//1606
f 1485//1485 1606//1606 1605//1605
f 1486//1486 1487//1487 1607//1607
f 1486//1486 1607//1607 1606//1606
f 1487//1487 1488//1488 1608//1608
f 1487//1487 1608//1608 1607//1607
f 1488//1488 1489//1489 1609//1609
f 1488//1488 1609//1609 1608//1608
f 1489//1489 1490//1490 1610//1610
f 1489//1489 1610//1610 1609//1609
f 1490//1490 1491//1491 1611//1611
f 1490//1490 1611//1611 1610//1610
f 1491//1491 1492//1492 1612//1612
f 1491//1491 1612//1612 1611//1611
f 1492//1492 1493//1493 1613//1613
f 1492//1492 1613//1613 1612//1612
f 1493//1493 1494//1494 1614//1614
f 1493//1493 1614//1614 1613//1613
f 1494//1494 1495//1495 1615//1615
f 1494//1494 1615//1615 1614//1614
f 1495//1495 1496//1496 1616//1616
f 1495//1495 1616//1616 1615//1615
f 1496//1496 1497//1497 1617//1617
f 1496//1496 1617//1617 1616//1616
f 1497//1497 1498//1498 1618//1618
f 1497//1497 1618//1618 1617//1617
f 1498//1498 1499//1499 1619//1619
f 1498//1498 1619//1619 1618//1618
f 1499//1499 1500//1500 1620//1620
f 1499//1499 1620//1620 1619//1619
f 1500//1500 1501//1501 1621//1621
f 1500//1500 1621//1621 1620//1620
f 1501//1501 1502//1502 1622//1622
f 1501//1501 1622//1622 1621//1621
f 1502//1502 1503//1503 1623//1623
f 1502//1502 1623//1623 1622//1622
f 1503//1503 1504//1504 1624//1624
f 1503//1503 1624//1624 1623//1623
f 1504//1504 1505//1505 1625//1625
f 1504//1504 1625//1625 1624//1624
f 1505//1505 1506//1506 1626//1626
f 1505//1505 1626//1626 1625//1625
f 1506//1506 1507//1507 1627//1627
f 1506//1506 1627//1627 1626//1626
f 1507//1507 1508//1508 1628//1628
f 1507//1507 1628//1628 1627//1627
f 1508//1508 1509//1509 1629//1629
f 1508//1508 1629//1629 1628//1628
f 1509//1509 1510//1510 1630//1630
f 1509//1509 1630//1630 1629//1629
f 1510//1510 1511//1511 1631//1631
f 1510//1510 1631//1631 1630//1630
f 1511//1511 1512//1512 1632//1632
f 1511//1511 1632//1632 1631//1631
f 1512//1512 1513//1513 1633//1633
f 1512//1512 1633//1633 1632//1632
f 1513//1513 1514//1514 1634//1634
f 1513//1513 1634//1634 1633//1633
f 1514//1514 1515//1515 1635//1635
f 1514//1514 1635//1635 1634//1634
f 1515//1515 1516//1516 1636//1636
f 1515//1515 1636//1636 1635//1635
f 1516//1516 1517//1517 1637//1637
f 1516//1516 1637//1637 1636//1636
f 1517//1517 1518//1518 1638//1638
f 1517//1517 1638//1638 1637//1637
f 1518//1518 1519//1519 1639//1639
f 1518//1518 1639//1639 1638//1638
f 1519//1519 1520//1520 1640//1640
f 1519//1519 1640//1640 1639//1639
f 1520//1520 1521//1521 1641//1641
f 1520//1520 1641//1641 1640//1640
f 1521//1521 1522//1522 1642//1642
f 1521//1521 1642//1642 1641//1641
f 1522//1522 1523//1523 1643//1643
f 1522//1522 1643//1643 1642//1642
f 1523//1523 1524//1524 1644//1644
f 1523//1523 1644//1644 1643//1643
f 1524//1524 1525//1525 1645//1645
f 1524//1524 1645//1645 1644//1644
f 1525//1525 1526//1526 1646//1646
f 1525//1525 1646//1646 1645//1645
f 1526//1526 1527//1527 1647//1647
f 1526//1526 1647//1647 1646//1646
f 1527//1527 1528//1528 1648//1648
f 1527//1527 1648//1648 1647//1647
f 1528//1528 1529//1529 1649//1649
f 1528//1528 1649//1649 1648//1648
f 1529//1529 1530//1530 1650//1650
f 1529//1529 1650//1650 1649//1649
f 1530//1530 1531//1531 1651//1651
f 1530//1530 1651//1651 1650//1650
f 1531//1531 1532//1532 1652//1652
f 1531//1531 1652//1652 1651//1651
f 1532//1532 1533//1533 1653//1653
f 1532//1532 1653//1653 1652//1652
f 1533//1533 1534//1534 1654//1654
f 1533//1533 1654//1654 1653//1653
f 1534//1534 1535//1535 1655//1655
f 1534//1534 1655//1655 1654//1654
f 1535//1535 1536//1536 1656//1656
f 1535//1535 1656//1656 1655//1655
f 1536//1536 1537//1537 1657//1657
f 1536//1536 1657//1657 1656//1656
f 1537//1537 1538//1538 1658//1658
f 1537//1537 1658//1658 1657//1657
f 1538//1538 1539//1539 1659//1659
f 1538//1538 1659//1659 1658//1658
f 1539//1539 1540//1540 1660//1660
f 1539//1539 1660//1660 1659//1659
f 1540//1540 1541//1541 1661//1661
f 1540//1540 1661//1661 1660//1660
f 1541//1541 1542//1542 1662//1662
f 1541//1541 1662//1662 1661//1661
f 1542//1542 1543//1543 1663//1663
f 1542//1542 1663//1663 1662//1662
f 1543//1543 1544//1544 1664//1664
f 1543//1543 1664//1664 1663//1663
f 1544//1544 1545//1545 1665//1665
f 1544//1544 1665//1665 1664//1664
f 1545//1545 1546//1546 1666//1666
f 1545//1545 1666//1666 1665//1665
f 1546//1546 1547//1547 1667//1667
f 1546//1546 1667//1667 1666//1666
f 1547//1547 1548//1548 1668//1668
f 1547//1547 1668//1668 1667//1667
f 1548//1548 1549//1549 1669//1669
f 1548//1548 1669//1669 1668//1668
f 1549//1549 1550//1550 1670//1670
f 1549//1549 1670//1670 1669//1669
f 1550//1550 1551//1551 1671//1671
f 1550//1550 1671//1671 1670//1670
f 1551//1551 1552//1552 1672//1672
f 1551//1551 1672//1672 1671//1671
f 1552//1552 1553//1553 1673//1673
f 1552//1552 1673//1673 1672//1672
f 1553//1553 1554//1554 1674//1674
f 1553//1553 1674//1674 1673//1673
f 1554//1554 1555//1555 1675//1675
f 1554//1554 1675//1675 1674//1674
f 1555//1555 1556//1556 1676//1676
f 1555//1555 1676//1676 1675//1675
f 1556//1556 1557//1557 1677//1677
f 1556//1556 1677//1677 1676//1676
f 1557//1557 1558//1558 1678//1678
f 1557//1557 1678//1678 1677//1677
f 1558//1558 1559//1559 1679//1679
f 1558//1558 1679//1679 1678//1678
f 1559//1559 1560//1560 1680//1680
f 1559//1559 1680//1680 1679//1679
f 1560//1560 1561//1561 1681//1681
f 1560//1560 1681//1681 1680//1680
f 1561//1561 1562//1562 1682//1682
f 1561//1561 1682//1682 1681//1681
f 1562//1562 1563//1563 1683//1683
f 1562//1562 1683//1683 1682//1682
f 1563//1563 1444//1444 1564//1564
f 1563//1563 1564//1564 1683//1683
f 1564//1564 1565//1565 1685//1685
f 1564//1564 1685//1685 1684//1684
f 1565//1565 1566//1566 1686//1686
f 1565//1565 1686//1686 1685//1685
f 1566//1566 1567//1567 1687//1687
f 1566//1566 1687//1687 1686//1686
f 1567//1567 1568//1568 1688//1688
f 1567//1567 1688//1688 1687//1687
f 1568//1568 1569//1569 1689//1689
f 1568//1568 1689//1689 1688//1688
f 1569//1569 1570//1570 1690//1690
f 1569//1569 1690//1690 1689//1689
f 1570//1570 1571//1571 1691//1691
f 1570//1570 1691//1691 1690//1690
f 1571//1571 1572//1572 1692//1692
f 1571//1571 1692//1692 1691//1691
f 1572//1572 1573//1573 1693//1693
f 1572//1572 1693//1693 1692//1692
f 1573//1573 1574//1574 1694//1694
f 1573//1573 1694//1694 1693//1693
f 1574//1574 1575//1575 1695//1695
f 1574//1574 1695//1695 1694//1694
f 1575//1575 1576//1576 1696//1696
f 1575//1575 1696//1696 1695//1695
f 1576//1576 1577//1577 1697//1697
f 1576//1576 1697//1697 1696//1696
f 1577//1577 1578//1578 1698//1698
f 1577//1577 1698//1698 1697//1697
f 1578//1578 1579//1579 1699//1699
f 1578//1578 1699//1699 1698//1698
f 1579//1579 1580//1580 1700//1700
f 1579//1579 1700//1700 1699//1699
f 1580//1580 1581//1581 1701//1701
f 1580//1580 1701//1701 1700//1700
f 1581//1581 1582//1582 1702//1702
f 1581//1581 1702//1702 1701//1701
f 1582//1582 1583//1583 1703//1703
f 1582//1582 1703//1703 1702//1702
f 1583//1583 1584//1584 1704//1704
f 1583//1583 1704//1704 1703//1703
f 1584//1584 1585//1585 1705//1705
f 1584//1584 1705//1705 1704//1704
f 1585//1585 1586//1586 1706//1706
f 1585//1585 1706//1706 1705//1705
f 1586//1586 1587//1587 1707//1707
f 1586//1586 1707//1707 1706//1706
f 1587//1587 1588//1588 1708//1708
f 1587//1587 1708//1708 1707//1707
f 1588//1588 1589//1589 1709//1709
f 1588//1588 1709//1709 1708//1708
f 1589//1589 1590//1590 1710//1710
f 1589//1589 1710//1710 1709//1709
f 1590//1590 1591//1591 1711//1711
f 1590//1590 1711//1711 1710//1710
f 1591//1591 1592//1592 1712//1712
f 1591//1591 1712//1712 1711//1711
f 1592//1592 1593//1593 1713//1713
f 1592//1592 1713//1713 1712//1712
f 1593//1593 1594//1594 1714//1714
f 1593//1593 1714//1714 1713//1713
f 1594//1594 1595//1595 1715//1715
f 1594//1594 1715//1715 1714//1714
f 1595//1595 1596//1596 1716//1716
f 1595//1595 1716//1716 1715//1715
f 1596//1596 1597//1597 1717//1717
f 1596//1596 1717//1717 1716//1716
f 1597//1597 1598//1598 1718//1718
f 1597//1597 1718//1718 1717//1717
f 1598//1598 1599//1599 1719//1719
f 1598//1598 1719//1719 1718//1718
f 1599//1599 1600//1600 1720//1720
f 1599//1599 1720//1720 1719//1719
f 1600//1600 1601//1601 1721//1721
f 1600//1600 1721//1721 1720//1720
f 1601//1601 1602//1602 1722//1722
f 1601//1601 1722//1722 1721//1721
f 1602//1602 1603//1603 1723//1723
f 1602//1602 1723//1723 1722//1722
f 1603//1603 1604//1604 1724//1724
f 1603//1603 1724//1724 1723//1723
f 1604//1604 1605//1605 1725//1725
f 1604//1604 1725//1725 1724//1724
f 1605//1605 1606//1606 1726//1726
f 1605//1605 1726//1726 1725//1725
f 1606//1606 1607//1607 1727//1727
f 1606//1606 1727//1727 1726//1726
f 1607//1607 1608//1608 1728//1728
f 1607//1607 1728//1728 1727//1727
f 1608//1608 1609//1609 1729//1729
f 1608//1608 1729//1729 1728//1728
f 1609//1609 1610//1610 1730//1730
f 1609//1609 1730//1730 1729//1729
f 1610//1610 1611//1611 1731//1731
f 1610//1610 1731//1731 1730//1730
f 1611//1611 1612//1612 1732//1732
f 1611//1611 1732//1732 1731//1731
f 1612//1612 1613//1613 1733//1733
f 1612//1612 1733//1733 1732//1732
f 1613//1613 1614//1614 1734//1734
f 1613//1613 1734//1734 1733//1733
f 1614//1614 1615//1615 1735//1735
f 1614//1614 1735//1735 1734//1734
f 1615//1615 1616//1616 1736//1736
f 1615//1615 1736//1736 1735//1735
f 1616//1616 1617//1617 1737//1737
f 1616//1616 1737//1737 1736//1736
f 1617//1617 1618//1618 1738//1738
f 1617//1617 1738//1738 1737//1737
f 1618//1618 1619//1619 1739//1739
f 1618//1618 1739//1739 1738//1738
f 1619//1619 1620//1620 1740//1740
f 1619//1619 1740//1740 1739//1739
f 1620//1620 1621//1621 1741//1741
f 1620//1620 1741//1741 1740//1740
f 1621//1621 1622//1622 1742//1742
f 1621//1621 1742//1742 1741//1741
f 1622//1622 1623//1623 1743//1743
f 1622//1622 1743//1743 1742//1742
f 1623//1623 1624//1624 1744//1744
f 1623//1623 1744//1744 1743//1743
f 1624//1624 1625//1625 1745//1745
f 1624//1624 1745//1745 1744//1744
f 1625//1625 1626//1626 1746//1746
f 1625//1625 1746//1746 1745//1745
f 1626//1626 1627//1627 1747//1747
f 1626//1626 1747//1747 1746//1746
f 1627//1627 1628//1628 1748//1748
f 1627//1627 1748//1748 1747//1747
f 1628//1628 1629//1629 1749//1749
f 1628//1628 1749//1749 1748//1748
f 1629//1629 1630//1630 1750//1750
f 1629//1629 1750//1750 1749//1749
f 1630//1630 1631//1631 1751//1751
f 1630//1630 1751//1751 1750//1750
f 1631//1631 1632//1632 1752//1752
f 1631//1631 1752//1752 1751//1751
f 1632//1632 1633//1633 1753//1753
f 1632//1632 1753//1753 1752//1752
f 1633//1633 1634//1634 1754//1754
f 1633//1633 1754//1754 1753//1753
f 1634//1634 1635//1635 1755//1755
f 1634//1634 1755//1755 1754//1754
f 1635//1635 1636//1636 1756//1756
f 1635//1635 1756//1756 1755//1755
f 1636//1636 1637//1637 1757//1757
f 1636//1636 1757//1757 1756//1756
f 1637//1637 1638//1638 1758//1758
f 1637//1637 1758//1758 1757//1757
f 1638//1638 1639//1639 1759//1759
f 1638//1638 1759//1759 1758//1758
f 1639//1639 1640//1640 1760//1760
f 1639//1639 1760//1760 1759//1759
f 1640//1640 1641//1641 1761//1761
f 1640//1640 1761//1761 1760//1760
f 1641//1641 1642//1642 1762//1762
f 1641//1641 1762//1762 1761//1761
f 1642//1642 1643//1643 1763//1763
f 1642//1642 1763//1763 1762//1762
f 1643//1643 1644//1644 1764//1764
f 1643//1643 1764//1764 1763//1763
f 1644//1644 1645//1645 1765//1765
f 1644//1644 1765//1765 1764//1764
f 1645//1645 1646//1646 1766//1766
f 1645//1645 1766//1766 1765//1765
f 1646//1646 1647//1647 1767//1767
f 1646//1646 1767//1767 1766//1766
f 1647//1647 1648//1648 1768//1768
f 1647//1647 1768//1768 1767//1767
f 1648//1648 1649//1649 1769//1769
f 1648//1648 1769//1769 1768//1768
f 1649//1649 1650//1650 1770//1770
f 1649//1649 1770//1770 1769//1769
f 1650//1650 1651//1651 1771//1771
f 1650//1650 1771//1771 1770//1770
f 1651//1651 1652//1652 1772//1772
f 1651//1651 1772//1772 1771//1771
f 1652//1652 1653//1653 1773//1773
f 1652//1652 1773//1773 1772//1772
f 1653//1653 1654//1654 1774//1774
f 1653//1653 1774//1774 1773//1773
f 1654//1654 1655//1655 1775//1775
f 1654//1654 1775//1775 1774//1774
f 1655//1655 1656//1656 1776//1776
f 1655//1655 1776//1776 1775//1775
f 1656//1656 1657//1657 1777//1777
f 1656//1656 1777//1777 1776//1776
f 1657//1657 1658//1658 1778//1778
f 1657//1657 1778//1778 1777//1777
f 1658//1658 1659//1659 1779//1779
f 1658//1658 1779//1779 1778//1778
f 1659//1659 1660//1660 1780//1780
f 1659//1659 1780//1780 1779//1779
f 1660//1660 1661//1661 1781//1781
f 1660//1660 1781//1781 1780//1780
f 1661//1661 1662//1662 1782//1782
f 1661//1661 1782//1782 1781//1781
f 1662//1662 1663//1663 1783//1783
f 1662//1662 1783//1783 1782//1782
f 1663//1663 1664//1664 1784//1784
f 1663//1663 1784//1784 1783//1783
f 1664//1664 1665//1665 1785//1785
f 1664//1664 1785//1785 1784//1784
f 1665//1665 1666//1666 1786//1786
f 1665//1665 1786//1786 1785//1785
f 1666//1666 1667//1667 1787//1787
f 1666//1666 1787//1787 1786//1786
f 1667//1667 1668//1668 1788//1788
f 1667//1667 1788//1788 1787//1787
f 1668//1668 1669//1669 1789//1789
f 1668//1668 1789//1789 1788//1788
f 1669//1669 1670//1670 1790//1790
f 1669//1669 1790//1790 1789//1789
f 1670//1670 1671//1671 1791//1791
f 1670//1670 1791//1791 1790//1790
f 1671//1671 1672//1672 1792//1792
f 1671//1671 1792//1792 1791//1791
f 1672//1672 1673//1673 1793//1793
f 1672//1672 1793//1793 1792//1792
f 1673//1673 1674//1674 1794//1794
f 1673//1673 1794//1794 1793//1793
f 1674//1674 1675//1675 1795//1795
f 1674//1674 1795//1795 1794//1794
f 1675//1675 1676//1676 1796//1796
f 1675//1675 1796//1796 1795//1795
f 1676//1676 1677//1677 1797//1797
f 1676//1676 1797//1797 1796//1796
f 1677//1677 1678//1678 1798//1798
f 1677//1677 1798//1798 1797//1797
f 1678//1678 1679//1679 1799//1799
f 1678//1678 1799//1799 1798//1798
f 1679//1679 1680//1680 1800//1800
f 1679//1679 1800//1800 1799//1799
f 1680//1680 1681//1681 1801//1801
f 1680//1680 1801//1801 1800//1800
f 1681//1681 1682//1682 1802//1802
f 1681//1681 1802//1802 1801//1801
f 1682//1682 1683//1683 1803//1803
f 1682//1682 1803//1803 1802//1802
f 1683//1683 1564//1564 1684//1684
f 1683//1683 1684//1684 1803//1803
f 1684//1684 1685//1685 1805//1805
f 1684//1684 1805//1805 1804//1804
f 1685//1685 1686//1686 1806//1806
f 1685//1685 1806//1806 1805//1805
f 1686//1686 1687//1687 1807//1807
f 1686//1686 1807//1807 1806//1806
f 1687//1687 1688//1688 1808//1808
f 1687//1687 1808//1808 1807//1807
f 1688//1688 1689//1689 1809//1809
f 1688//1688 1809//1809 1808//1808
f 1689//1689 1690//1690 1810//1810
f 1689//1689 1810//1810 1809//1809
f 1690//1690 1691//1691 1811//1811
f 1690//1690 1811//1811 1810//1810
f 1691//1691 1692//1692 1812//1812
f 1691//1691 1812//1812 1811//1811
f 1692//1692 1693//1693 1813//1813
f 1692//1692 1813//1813 1812//1812
f 1693//1693 1694//1694 1814//1814
f 1693//1693 1814//1814 1813//1813
f 1694//1694 1695//1695 1815//1815
f 1694//1694 1815//1815 1814//1814
f 1695//1695 1696//1696 1816//1816
f 1695//1695 1816//1816 1815//1815
f 1696//1696 1697//1697 1817//1817
f 1696//1696 1817//1817 1816//1816
f 1697//1697 1698//1698 1818//1818
f 1697//1697 1818//1818 1817//1817
f 1698//1698 1699//1699 1819//1819
f 1698//1698 1819//1819 1818//1818
f 1699//1699 1700//1700 1820//1820
f 1699//1699 1820//1820 1819//1819
f 1700//1700 1701//1701 1821//1821
f 1700//1700 1821//1821 1820//1820
f 1701//1701 1702//1702 1822//1822
f 1701//1701 1822//1822 1821//1821
f 1702//1702 1703//1703 1823//1823
f 1702//1702 1823//1823 1822//1822
f 1703//1703 1704//1704 1824//1824
f 1703//1703 1824//1824 1823//1823
f 1704//1704 1705//1705 1825//1825
f 1704//1704 1825//1825 1824//1824
f 1705//1705 1706//1706 1826//1826
f 1705//1705 1826//1826 1825//1825
f 1706//1706 1707//1707 1827//1827
f 1706//1706 1827//1827 1826//1826
f 1707//1707 1708//1708 1828//1828
f 1707//1707 1828//1828 1827//1827
f 1708//1708 1709//1709 1829//1829
f 1708//1708 1829//1829 1828//1828
f 1709//1709 1710//1710 1830//1830
f 1709//1709 1830//1830 1829//1829
f 1710//1710 1711//1711 1831//1831
f 1710//1710 1831//1831 1830//1830
f 1711//1711 1712//1712 1832//1832
f 1711//1711 1832//1832 1831//1831
f 1712//1712 1713//1713 1833//1833
f 1712//1712 1833//1833 1832//1832
f 1713//1713 1714//1714 1834//1834
f 1713//1713 1834//1834 1833//1833
f 1714//1714 1715//1715 1835//1835
f 1714//1714 1835//1835 1834//1834
f 1715//1715 1716//1716 1836//1836
f 1715//1715 1836//1836 1835//1835
f 1716//1716 1717//1717 1837//1837
f 1716//1716 1837//1837 1836//1836
f 1717//1717 1718//1718 1838//1838
f 1717//1717 1838//1838 1837//1837
f 1718//1718 1719//1719 1839//1839
f 1718//1718 1839//1839 1838//1838
f 1719//1719 1720//1720 1840//1840
f 1719//1719 1840//1840 1839//1839
f 1720//1720 1721//1721 1841//1841
f 1720//1720 1841//1841 1840//1840
f 1721//1721 1722//1722 1842//1842
f 1721//1721 1842//1842 1841//1841
f 1722//1722 1723//1723 1843//1843
f 1722//1722 1843//1843 1842//1842
f 1723//1723 1724//1724 1844//1844
f 1723//1723 1844//1844 1843//1843
f 1724//1724 1725//1725 1845//1845
f 1724//1724 1845//1845 1844//1844
f 1725//1725 1726//1726 1846//1846
f 1725//1725 1846//1846 1845//1845
f 1726//1726 1727//1727 1847//1847
f 1726//1726 1847//1847 1846//1846
f 1727//1727 1728//1728 1848//1848
f 1727//1727 1848//1848 1847//1847
f 1728//1728 1729//1729 1849//1849
f 1728//1728 1849//1849 1848//1848
f 1729//1729 1730//1730 1850//1850
f 1729//1729 1850//1850 1849//1849
f 1730//1730 1731//1731 1851//1851
f 1730//1730 1851//1851 1850//1850
f 1731//1731 1732//1732 1852//1852
f 1731//1731 1852//1852 1851//1851
f 1732//1732 1733//1733 1853//1853
f 1732//1732 1853//1853 1852//1852
f 1733//1733 1734//1734 1854//1854
f 1733//1733 1854//1854 1853//1853
f 1734//1734 1735//1735 1855//1855
f 1734//1734 1855//1855 1854//1854
f 1735//1735 1736//1736 1856//1856
f 1735//1735 1856//1856 1855//1855
f 1736//1736 1737//1737 1857//1857
f 1736//1736 1857//1857 1856//1856
f 1737//1737 1738//1738 1858//1858
f 1737//1737 1858//1858 1857//1857
f 1738//1738 1739//1739 1859//1859
f 1738//1738 1859//1859 1858//1858
f 1739//1739 1740//1740 1860//1860
f 1739//1739 1860//1860 1859//1859
f 1740//1740 1741//1741 1861//1861
f 1740//1740 1861//1861 1860//1860
f 1741//1741 1742//1742 1862//1862
f 1741//1741 1862//1862 1861//1861
f 1742//1742 1743//1743 1863//1863
f 1742//1742 1863//1863 1862//1862
f 1743//1743 1744//1744 1864//1864
f 1743//1743 1864//1864 1863//1863
f 1744//1744 1745//1745 1865//1865
f 1744//1744 1865//1865 1864//1864
f 1745//1745 1746//1746 1866//1866
f 1745//1745 1866//1866 1865//1865
f 1746//1746 1747//1747 1867//1867
f 1746//1746 1867//1867 1866//1866
f 1747//1747 1748//1748 1868//1868
f 1747//1747 1868//1868 1867//1867
f 1748//1748 1749//1749 1869//1869
f 1748//1748 1869//1869 1868//1868
f 1749//1749 1750//1750 1870//1870
f 1749//1749 1870//1870 1869//1869
f 1750//1750 1751//1751 1871//1871
f 1750//1750 1871//1871 1870//1870
f 1751//1751 1752//1752 1872//1872
f 1751//1751 1872//1872 1871//1871
f 1752//1752 1753//1753 1873//1873
f 1752//1752 1873//1873 1872//1872
f 1753//1753 1754//1754 1874//1874
f 1753//1753 1874//1874 1873//1873
f 1754//1754 1755//1755 1875//1875
f 1754//1754 1875//1875 1874//1874
f 1755//1755 1756//1756 1876//1876
f 1755//1755 1876//1876 1875//1875
f 1756//1756 1757//1757 1877//1877
f 1756//1756 1877//1877 1876//1876
f 1757//1757 1758//1758 1878//1878
f 1757//1757 1878//1878 1877//1877
f 1758//1758 1759//1759 1879//1879
f 1758//1758 1879//1879 1878//1878
f 1759//1759 1760//1760 1880//1880
f 1759//1759 1880//1880 1879//1879
f 1760//1760 1761//1761 1881//1881
f 1760//1760 1881//1881 1880//1880
f 1761//1761 1762//1762 1882//1882
f 1761//1761 1882//1882 1881//1881
f 1762//1762 1763//1763 1883//1883
f 1762//1762 1883//1883 1882//1882
f 1763//1763 1764//1764 1884//1884
f 1763//1763 1884//1884 1883//1883
f 1764//1764 1765//1765 1885//1885
f 1764//1764 1885//1885 1884//1884
f 1765//1765 1766//1766 1886//1886
f 1765//1765 1886//1886 1885//1885
f 1766//1766 1767//1767 1887//1887
f 1766//1766 1887//1887 1886//1886
f 1767//1767 1768//1768 1888//1888
f 1767//1767 1888//1888 1887//1887
f 1768//1768 1769//1769 1889//1889
f 1768//1768 1889//1889 1888//1888
f 1769//1769 1770//1770 1890//1890
f 1769//1769 1890//1890 1889//1889
f 1770//1770 1771//1771 1891//1891
f 1770//1770 1891//1891 1890//1890
f 1771//1771 1772//1772 1892//1892
f 1771//1771 1892//1892 1891//1891
f 1772//1772 1773//1773 1893//1893
f 1772//1772 1893//1893 1892//1892
f 1773//1773 1774//1774 1894//1894
f 1773//1773 1894//1894 1893//1893
f 1774//1774 1775//1775 1895//1895
f 1774//1774 1895//1895 1894//1894
f 1775//1775 1776//1776 1896//1896
f 1775//1775 1896//1896 1895//1895
f 1776//1776 1777//1777 1897//1897
f 1776//1776 1897//1897 1896//1896
f 1777//1777 1778//1778 1898//1898
f 1777//1777 1898//1898 1897//1897
f 1778//1778 1779//1779 1899//1899
f 1778//1778 1899//1899 1898//1898
f 1779//1779 1780//1780 1900//1900
f 1779//1779 1900//1900 1899//1899
f 1780//1780 1781//1781 1901//1901
f 1780//1780 1901//1901 1900//1900
f 1781//1781 1782//1782 1902//1902
f 1781//1781 1902//1902 1901//1901
f 1782//1782 1783//1783 1903//1903
f 1782//1782 1903//1903 1902//1902
f 1783//1783 1784//1784 1904//1904
f 1783//1783 1904//1904 1903//1903
f 1784//1784 1785//1785 1905//1905
f 1784//1784 1905//1905 1904//1904
f 1785//1785 1786//1786 1906//1906
f 1785//1785 1906//1906 1905//1905
f 1786//1786 1787//1787 1907//1907
f 1786//1786 1907//1907 1906//1906
f 1787//1787 1788//1788 1908//1908
f 1787//1787 1908//1908 1907//1907
f 1788//1788 1789//1789 1909//1909
f 1788//1788 1909//1909 1908//1908
f 1789//1789 1790//1790 1910//1910
f 1789//1789 1910//1910 1909//1909
f 1790//1790 1791//1791 1911//1911
f 1790//1790 1911//1911 1910//1910
f 1791//1791 1792//1792 1912//1912
f 1791//1791 1912//1912 1911//1911
f 1792//1792 1793//1793 1913//1913
f 1792//1792 1913//1913 1912//1912
f 1793//1793 1794//1794 1914//1914
f 1793//1793 1914//1914 1913//1913
f 1794//1794 1795//1795 1915//1915
f 1794//1794 1915//1915 1914//1914
f 1795//1795 1796//1796 1916//1916
f 1795//1795 1916//1916 1915//1915
f 1796//1796 1797//1797 1917//1917
f 1796//1796 1917//1917 1916//1916
f 1797//1797 1798//1798 1918//1918
f 1797//1797 1918//1918 1917//1917
f 1798//1798 1799//1799 1919//1919
f 1798//1798 1919//1919 1918//1918
f 1799//1799 1800//1800 1920//1920
f 1799//1799 1920//1920 1919//1919
f 1800//1800 1801//1801 1921//1921
f 1800//1800 1921//1921 1920//1920
f 1801//1801 1802//1802 1922//1922
f 1801//1801 1922//1922 1921//1921
f 1802//1802 1803//1803 1923//1923
f 1802//1802 1923//1923 1922//1922
f 1803//1803 1684//1684 1804//1804
f 1803//1803 1804//1804 1923//1923
f 1804//1804 1805//1805 1925//1925
f 1804//1804 1925//1925 1924//1924
f 1805//1805 1806//1806 1926//1926
f 1805//1805 1926//1926 1925//1925
f 1806//1806 1807//1807 1927//1927
f 1806//1806 1927//1927 1926//1926
f 1807//1807 1808//1808 1928//1928
f 1807//1807 1928//1928 1927//1927
f 1808//1808 1809//1809 1929//1929
f 1808//1808 1929//1929 1928//1928
f 1809//1809 1810//1810 1930//1930
f 1809//1809 1930//1930 1929//1929
f 1810//1810 1811//1811 1931//1931
f 1810//1810 1931//1931 1930//1930
f 1811//1811 1812//1812 1932//1932
f 1811//1811 1932//1932 1931//1931
f 1812//1812 1813//1813 1933//1933
f 1812//1812 1933//1933 1932//1932
f 1813//1813 1814//1814 1934//1934
f 1813//1813 1934//1934 1933//1933
f 1814//1814 1815//1815 1935//1935
f 1814//1814 1935//1935 1934//1934
f 1815//1815 1816//1816 1936//1936
f 1815//1815 1936//1936 1935//1935
f 1816//1816 1817//1817 1937//1937
f 1816//1816 1937//1937 1936//1936
f 1817//1817 1818//1818 1938//1938
f 1817//1817 1938//1938 1937//1937
f 1818//1818 1819//1819 1939//1939
f 1818//1818 1939//1939 1938//1938
f 1819//1819 1820//1820 1940//1940
f 1819//1819 1940//1940 1939//1939
f 1820//1820 1821//1821 1941//1941
f 1820//1820 1941//1941 1940//1940
f 1821//1821 1822//1822 1942//1942
f 1821//1821 1942//1942 1941//1941
f 1822//1822 1823//1823 1943//1943
f 1822//1822 1943//1943 1942//1942
f 1823//1823 1824//1824 1944//1944
f 1823//1823 1944//1944 1943//1943
f 1824//1824 1825//1825 1945//1945
f 1824//1824 1945//1945 1944//1944
f 1825//1825 1826//1826 1946//1946
f 1825//1825 1946//1946 1945//1945
f 1826//1826 1827//1827 1947//1947
f 1826//1826 1947//1947 1946//1946
f 1827//1827 1828//1828 1948//1948
f 1827//1827 1948//1948 1947//1947
f 1828//1828 1829//1829 1949//1949
f 1828//1828 1949//1949 1948//1948
f 1829//1829 1830//1830 1950//1950
f 1829//1829 1950//1950 1949//1949
f 1830//1830 1831//1831 1951//1951
f 1830//1830 1951//1951 1950//1950
f 1831//1831 1832//1832 1952//1952
f 1831//1831 1952//1952 1951//1951
f 1832//1832 1833//1833 1953//1953
f 1832//1832 1953//1953 1952//1952
f 1833//1833 1834//1834 1954//1954
f 1833//1833 1954//1954 1953//1953
f 1834//1834 1835//1835 1955//1955
f 1834//1834 1955//1955 1954//1954
f 1835//1835 1836//1836 1956//1956
f 1835//1835 1956//1956 1955//1955
f 1836//1836 1837//1837 1957//1957
f 1836//1836 1957//1957 1956//1956
f 1837//1837 1838//1838 1958//1958
f 1837//1837 1958//1958 1957//1957
f 1838//1838 1839//1839 1959//1959
f 1838//1838 1959//1959 1958//1958
f 1839//1839 1840//1840 1960//1960
f 1839//1839 1960//1960 1959//1959
f 1840//1840 1841//1841 1961//1961
f 1840//1840 1961//1961 1960//1960
f 1841//1841 1842//1842 1962//1962
f 1841//1841 1962//1962 1961//1961
f 1842//1842 1843//1843 1963//1963
f 1842//1842 1963//1963 1962//1962
f 1843//1843 1844//1844 1964//1964
f 1843//1843 1964//1964 1963//1963
f 1844//1844 1845//1845 1965//1965
f 1844//1844 1965//1965 1964//1964
f 1845//1845 1846//1846 1966//1966
f 1845//1845 1966//1966 1965//1965
f 1846//1846 1847//1847 1967//1967
f 1846//1846 1967//1967 1966//1966
f 1847//1847 1848//1848 1968//1968
f 1847//1847 1968//1968 1967//1967
f 1848//1848 1849//1849 1969//1969
f 1848//1848 1969//1969 1968//1968
f 1849//1849 1850//1850 1970//1970
f 1849//1849 1970//1970 1969//1969
f 1850//1850 1851//1851 1971//1971
f 1850//1850 1971//1971 1970//1970
f 1851//1851 1852//1852 1972//1972
f 1851//1851 1972//1972 1971//1971
f 1852//1852 1853//1853 1973//1973
f 1852//1852 1973//1973 1972//1972
f 1853//1853 1854//1854 1974//1974
f 1853//1853 1974//1974 1973//1973
f 1854//1854 1855//1855 1975//1975
f 1854//1854 1975//1975 1974//1974
f 1855//1855 1856//1856 1976//1976
f 1855//1855 1976//1976 1975//1975
f 1856//1856 1857//1857 1977//1977
f 1856//1856 1977//1977 1976//1976
f 1857//1857 1858//1858 1978//1978
f 1857//1857 1978//1978 1977//1977
f 1858//1858 1859//1859 1979//1979
f 1858//1858 1979//1979 1978//1978
f 1859//1859 1860//1860 1980//1980
f 1859//1859 1980//1980 1979//1979
f 1860//1860 1861//1861 1981//1981
f 1860//1860 1981//1981 1980//1980
f 1861//1861 1862//1862 1982//1982
f 1861//1861 1982//1982 1981//1981
f 1862//1862 1863//1863 1983//1983
f 1862//1862 1983//1983 1982//1982
f 1863//1863 1864//1864 1984//1984
f 1863//1863 1984//1984 1983//1983
f 1864//1864 1865//1865 1985//1985
f 1864//1864 1985//1985 1984//1984
f 1865//1865 1866//1866 1986//1986
f 1865//1865 1986//1986 1985//1985
f 1866//1866 1867//1867 1987//1987
f 1866//1866 1987//1987 1986//1986
f 1867//1867 1868//1868 1988//1988
f 1867//1867 1988//1988 1987//1987
f 1868//1868 1869//1869 1989//1989
f 1868//1868 1989//1989 1988//1988
f 1869//1869 1870//1870 1990//1990
f 1869//1869 1990//1990 1989//1989
f 1870//1870 1871//1871 1991//1991
f 1870//1870 1991//1991 1990//1990
f 1871//1871 1872//1872 1992//1992
f 1871//1871 1992//1992 1991//1991
f 1872//1872 1873//1873 1993//1993
f 1872//1872 1993//1993 1992//1992
f 1873//1873 1874//1874 1994//1994
f 1873//1873 1994//1994 1993//1993
f 1874//1874 1875//1875 1995//1995
f 1874//1874 1995//1995 1994//1994
f 1875//1875 1876//1876 1996//1996
f 1875//1875 1996//1996 1995//1995
f 1876//1876 1877//1877 1997//1997
f 1876//1876 1997//1997 1996//1996
f 1877//1877 1878//1878 1998//1998
f 1877//1877 1998//1998 1997//1997
f 1878//1878 1879//1879 1999//1999
f 1878//1878 1999//1999 1998//1998
f 1879//1879 1880//1880 2000//2000
f 1879//1879 2000//2000 1999//1999
f 1880//1880 1881//1881 2001//2001
f 1880//1880 2001//2001 2000//2000
f 1881//1881 1882//1882 2002//2002
f 1881//1881 2002//2002 2001//2001
f 1882//1882 1883//1883 2003//2003
f 1882//1882 2003//2003 2002//2002
f 1883//1883 1884//1884 2004//2004
f 1883//1883 2004//2004 2003//2003
f 1884//1884 1885//1885 2005//2005
f 1884//1884 2005//2005 2004//2004
f 1885//1885 1886//1886 2006//2006
f 1885//1885 2006//2006 2005//2005
f 1886//1886 1887//1887 2007//2007
f 1886//1886 2007//2007 2006//2006
f 1887//1887 1888//1888 2008//2008
f 1887//1887 2008//2008 2007//2007
f 1888//1888 1889//1889 2009//2009
f 1888//1888 2009//2009 2008//2008
f 1889//1889 1890//1890 2010//2010
f 1889//1889 2010//2010 2009//2009
f 1890//1890 1891//1891 2011//2011
f 1890//1890 2011//2011 2010//2010
f 1891//1891 1892//1892 2012//2012
f 1891//1891 2012//2012 2011//2011
f 1892//1892 1893//1893 2013//2013
f 1892//1892 2013//2013 2012//2012
f 1893//1893 1894//1894 2014//2014
f 1893//1893 2014//2014 2013//2013
f 1894//1894 1895//1895 2015//2015
f 1894//1894 2015//2015 2014//2014
f 1895//1895 1896//1896 2016//2016
f 1895//1895 2016//2016 2015//2015
f 1896//1896 1897//1897 2017//2017
f 1896//1896 2017//2017 2016//2016
f 1897//1897 1898//1898 2018//2018
f 1897//1897 2018//2018 2017//2017
f 1898//1898 1899//1899 2019//2019
f 1898//1898 2019//2019 2018//2018
f 1899//1899 1900//1900 2020//2020
f 1899//1899 2020//2020 2019//2019
f 1900//1900 1901//1901 2021//2021
f 1900//1900 2021//2021 2020//2020
f 1901//1901 1902//1902 2022//2022
f 1901//1901 2022//2022 2021//2021
f 1902//1902 1903//1903 2023//2023
f 1902//1902 2023//2023 2022//2022
f 1903//1903 1904//1904 2024//2024
f 1903//1903 2024//2024 2023//2023
f 1904//1904 1905//1905 2025//2025
f 1904//1904 2025//2025 2024//2024
f 1905//1905 1906//1906 2026//2026
f 1905//1905 2026//2026 2025//2025
f 1906//1906 1907//1907 2027//2027
f 1906//1906 2027//2027 2026//2026
f 1907//1907 1908//1908 2028//2028
f 1907//1907 2028//2028 2027//2027
f 1908//1908 1909//1909 2029//2029
f 1908//1908 2029//2029 2028//2028
f 1909//1909 1910//1910 2030//2030
f 1909//1909 2030//2030 2029//2029
f 1910//1910 1911//1911 2031//2031
f 1910//1910 2031//2031 2030//2030
f 1911//1911 1912//1912 2032//2032
f 1911//1911 2032//2032 2031//2031
f 1912//1912 1913//1913 2033//2033
f 1912//1912 2033//2033 2032//2032
f 1913//1913 1914//1914 2034//2034
f 1913//1913 2034//2034 2033//2033
f 1914//1914 1915//1915 2035//2035
f 1914//1914 2035//2035 2034//2034
f 1915//1915 1916//1916 2036//2036
f 1915//1915 2036//2036 2035//2035
f 1916//1916 1917//1917 2037//2037
f 1916//1916 2037//2037 2036//2036
f 1917//1917 1918//1918 2038//2038
f 1917//1917 2038//2038 2037//2037
f 1918//1918 1919//1919 2039//2039
f 1918//1918 2039//2039 2038//2038
f 1919//1919 1920//1920 2040//2040
f 1919//1919 2040//2040 2039//2039
f 1920//1920 1921//1921 2041//2041
f 1920//1920 2041//2041 2040//2040
f 1921//1921 1922//1922 2042//2042
f 1921//1921 2042//2042 2041//2041
f 1922//1922 1923//1923 2043//2043
f 1922//1922 2043//2043 2042//2042
f 1923//1923 1804//1804 1924//1924
f 1923//1923 1924//1924 2043//2043
f 1924//1924 1925//1925 2045//2045
f 1924//1924 2045//2045 2044//2044
f 1925//1925 1926//1926 2046//2046
f 1925//1925 2046//2046 2045//2045
f 1926//1926 1927//1927 2047//2047
f 1926//1926 2047//2047 2046//2046
f 1927//1927 1928//1928 2048//2048
f 1927//1927 2048//2048 2047//2047
f 1928//1928 1929//1929 2049//2049
f 1928//1928 2049//2049 2048//2048
f 1929//1929 1930//1930 2050//2050
f 1929//1929 2050//2050 2049//2049
f 1930//1930 1931//1931 2051//2051
f 1930//1930 2051//2051 2050//2050
f 1931//1931 1932//1932 2052//2052
f 1931//1931 2052//2052 2051//2051
f 1932//1932 1933//1933 2053//2053
f 1932//1932 2053//2053 2052//2052
f 1933//1933 1934//1934 2054//2054
f 1933//1933 2054//2054 2053//2053
f 1934//1934 1935//1935 2055//2055
f 1934//1934 2055//2055 2054//2054
f 1935//1935 1936//1936 2056//2056
f 1935//1935 2056//2056 2055//2055
f 1936//1936 1937//1937 2057//2057
f 1936//1936 2057//2057 2056//2056
f 1937//1937 1938//1938 2058//2058
f 1937//1937 2058//2058 2057//2057
f 1938//1938 1939//1939 2059//2059
f 1938//1938 2059//2059 2058//2058
f 1939//1939 1940//1940 2060//2060
f 1939//1939 2060//2060 2059//2059
f 1940//1940 1941//1941 2061//2061
f 1940//1940 2061//2061 2060//2060
f 1941//1941 1942//1942 2062//2062
f 1941//1941 2062//2062 2061//2061
f 1942//1942 1943//1943 2063//2063
f 1942//1942 2063//2063 2062//2062
f 1943//1943 1944//1944 2064//2064
f 1943//1943 2064//2064 2063//2063
f 1944//1944 1945//1945 2065//2065
f 1944//1944 2065//2065 2064//2064
f 1945//1945 1946//1946 2066//2066
f 1945//1945 2066//2066 2065//2065
f 1946//1946 1947//1947 2067//2067
f 1946//1946 2067//2067 2066//2066
f 1947//1947 1948//1948 2068//2068
f 1947//1947 2068//2068 2067//2067
f 1948//1948 1949//1949 2069//2069
f 1948//1948 2069//2069 2068//2068
f 1949//1949 1950//1950 2070//2070
f 1949//1949 2070//2070 2069//2069
f 1950//1950 1951//1951 2071//2071
f 1950//1950 2071//2071 2070//2070
f 1951//1951 1952//1952 2072//2072
f 1951//1951 2072//2072 2071//2071
f 1952//1952 1953//1953 2073//2073
f 1952//1952 2073//2073 2072//2072
f 1953//1953 1954//1954 2074//2074
f 1953//1953 2074//2074 2073//2073
f 1954//1954 1955//1955 2075//2075
f 1954//1954 2075//2075 2074//2074
f 1955//1955 1956//1956 2076//2076
f 1955//1955 2076//2076 2075//2075
f 1956//1956 1957//1957 2077//2077
f 1956//1956 2077//2077 2076//2076
f 1957//1957 1958//1958 2078//2078
f 1957//1957 2078//2078 2077//2077
f 1958//1958 1959//1959 2079//2079
f 1958//1958 2079//2079 2078//2078
f 1959//1959 1960//1960 2080//2080
f 1959//1959 2080//2080 2079//2079
f 1960//1960 1961//1961 2081//2081
f 1960//1960 2081//2081 2080//2080
f 1961//1961 1962//1962 2082//2082
f 1961//1961 2082//2082 2081//2081
f 1962//1962 1963//1963 2083//2083
f 1962//1962 2083//2083 2082//2082
f 1963//1963 1964//1964 2084//2084
f 1963//1963 2084//2084 2083//2083
f 1964//1964 1965//1965 2085//2085
f 1964//1964 2085//2085 2084//2084
f 1965//1965 1966//1966 2086//2086
f 1965//1965 2086//2086 2085//2085
f 1966//1966 1967//1967 2087//2087
f 1966//1966 2087//2087 2086//2086
f 1967//1967 1968//1968 2088//2088
f 1967//1967 2088//2088 2087//2087
f 1968//1968 1969//1969 2089//2089
f 1968//1968 2089//2089 2088//2088
f 1969//1969 1970//1970 2090//2090
f 1969//1969 2090//2090 2089//2089
f 1970//1970 1971//1971 2091//2091
f 1970//1970 2091//2091 2090//2090
f 1971//1971 1972//1972 2092//2092
f 1971//1971 2092//2092 2091//2091
f 1972//1972 1973//1973 2093//2093
f 1972//1972 2093//2093 2092//2092
f 1973//1973 1974//1974 2094//2094
f 1973//1973 2094//2094 2093//2093
f 1974//1974 1975//1975 2095//2095
f 1974//1974 2095//2095 2094//2094
f 1975//1975 1976//1976 2096//2096
f 1975//1975 2096//2096 2095//2095
f 1976//1976 1977//1977 2097//2097
f 1976//1976 2097//2097 2096//2096
f 1977//1977 1978//1978 2098//2098
f 1977//1977 2098//2098 2097//2097
f 1978//1978 1979//1979 2099//2099
f 1978//1978 2099//2099 2098//2098
f 1979//1979 1980//1980 2100//2100
f 1979//1979 2100//2100 2099//2099
f 1980//1980 1981//1981 2101//2101
f 1980//1980 2101//2101 2100//2100
f 1981//1981 1982//1982 2102//2102
f 1981//1981 2102//2102 2101//2101
f 1982//1982 1983//1983 2103//2103
f 1982//1982 2103//2103 2102//2102
f 1983//1983 1984//1984 2104//2104
f 1983//1983 2104//2104 2103//2103
f 1984//1984 1985//1985 2105//2105
f 1984//1984 2105//2105 2104//2104
f 1985//1985 1986//1986 2106//2106
f 1985//1985 2106//2106 2105//2105
f 1986//1986 1987//1987 2107//2107
f 1986//1986 2107//2107 2106//2106
f 1987//1987 1988//1988 2108//2108
f 1987//1987 2108//2108 2107//2107
f 1988//1988 1989//1989 2109//2109
f 1988//1988 2109//2109 2108//2108
f 1989//1989 1990//1990 2110//2110
f 1989//1989 2110//2110 2109//2109
f 1990//1990 1991//1991 2111//2111
f 1990//1990 2111//2111 2110//2110
f 1991//1991 1992//1992 2112//2112
f 1991//1991 2112//2112 2111//2111
f 1992//1992 1993//1993 2113//2113
f 1992//1992 2113//2113 2112//2112
f 1993//1993 1994//1994 2114//2114
f 1993//1993 2114//2114 2113//2113
f 1994//1994 1995//1995 2115//2115
f 1994//1994 2115//2115 2114//2114
f 1995//1995 1996//1996 2116//2116
f 1995//1995 2116//2116 2115//2115
f 1996//1996 1997//1997 2117//2117
f 1996//1996 2117//2117 2116//2116
f 1997//1997 1998//1998 2118//2118
f 1997//1997 2118//2118 2117//2117
f 1998//1998 1999//1999 2119//2119
f 1998//1998 2119//2119 2118//2118
f 1999//1999 2000//2000 2120//2120
f 1999//1999 2120//2120 2119//2119
f 2000//2000 2001//2001 2121//2121
f 2000//2000 2121//2121 2120//2120
f 2001//2001 2002//2002 2122//2122
f 2001//2001 2122//2122 2121//2121
f 2002//2002 2003//2003 2123//2123
f 2002//2002 2123//2123 2122//2122
f 2003//2003 2004//2004 2124//2124
f 2003//2003 2124//2124 2123//2123
f 2004//2004 2005//2005 2125//2125
f 2004//2004 2125//2125 2124//2124
f 2005//2005 2006//2006 2126//2126
f 2005//2005 2126//2126 2125//2125
f 2006//2006 2007//2007 2127//2127
f 2006//2006 2127//2127 2126//2126
f 2007//2007 2008//2008 2128//2128
f 2007//2007 2128//2128 2127//2127
f 2008//2008 2009//2009 2129//2129
f 2008//2008 2129//2129 2128//2128
f 2009//2009 2010//2010 2130//2130
f 2009//2009 2130//2130 2129//2129
f 2010//2010 2011//2011 2131//2131
f 2010//2010 2131//2131 2130//2130
f 2011//2011 2012//2012 2132//2132
f 2011//2011 2132//2132 2131//2131
f 2012//2012 2013//2013 2133//2133
f 2012//2012 2133//2133 2132//2132
f 2013//2013 2014//2014 2134//2134
f 2013//2013 2134//2134 2133//2133
f 2014//2014 2015//2015 2135//2135
f 2014//2014 2135//2135 2134//2134
f 2015//2015 2016//2016 2136//2136
f 2015//2015 2136//2136 2135//2135
f 2016//2016 2017//2017 2137//2137
f 2016//2016 2137//2137 2136//2136
f 2017//2017 2018//2018 2138//2138
f 2017//2017 2138//2138 2137//2137
f 2018//2018 2019//2019 2139//2139
f 2018//2018 2139//2139 2138//2138
f 2019//2019 2020//2020 2140//2140
f 2019//2019 2140//2140 2139//2139
f 2020//2020 2021//2021 2141//2141
f 2020//2020 2141//2141 2140//2140
f 2021//2021 2022//2022 2142//2142
f 2021//2021 2142//2142 2141//2141
f 2022//2022 2023//2023 2143//2143
f 2022//2022 2143//2143 2142//2142
f 2023//2023 2024//2024 2144//2144
f 2023//2023 2144//2144 2143//2143
f 2024//2024 2025//2025 2145//2145
f 2024//2024 2145//2145 2144//2144
f 2025//2025 2026//2026 2146//2146
f 2025//2025 2146//2146 2145//2145
f 2026//2026 2027//2027 2147//2147
f 2026//2026 2147//2147 2146//2146
f 2027//2027 2028//2028 2148//2148
f 2027//2027 2148//2148 2147//2147
f 2028//2028 2029//2029 2149//2149
f 2028//2028 2149//2149 2148//2148
f 2029//2029 2030//2030 2150//2150
f 2029//2029 2150//2150 2149//2149
f 2030//2030 2031//2031 2151//2151
f 2030//2030 2151//2151 2150//2150
f 2031//2031 2032//2032 2152//2152
f 2031//2031 2152//2152 2151//2151
f 2032//2032 2033//2033 2153//2153
f 2032//2032 2153//2153 2152//2152
f 2033//2033 2034//2034 2154//2154
f 2033//2033 2154//2154 2153//2153
f 2034//2034 2035//2035 2155//2155
f 2034//2034 2155//2155 2154//2154
f 2035//2035 2036//2036 2156//2156
f 2035//2035 2156//2156 2155//2155
f 2036//2036 2037//2037 2157//2157
f 2036//2036 2157//2157 2156//2156
f 2037//2037 2038//2038 2158//2158
f 2037//2037 2158//2158 2157//2157
f 2038//2038 2039//2039 2159//2159
f 2038//2038 2159//2159 2158//2158
f 2039//2039 2040//2040 2160//2160
f 2039//2039 2160//2160 2159//2159
f 2040//2040 2041//2041 2161//2161
f 2040//2040 2161//2161 2160//2160
f 2041//2041 2042//2042 2162//2162
f 2041//2041 2162//2162 2161//2161
f 2042//2042 2043//2043 2163//2163
f 2042//2042 2163//2163 2162//2162
f 2043//2043 1924//1924 2044//2044
f 2043//2043 2044//2044 2163//2163
f 2044//2044 2045//2045 2165//2165
f 2044//2044 2165//2165 2164//2164
f 2045//2045 2046//2046 2166//2166
f 2045//2045 2166//2166 2165//2165
f 2046//2046 2047//2047 2167//2167
f 2046//2046 2167//2167 2166//2166
f 2047//2047 2048//2048 2168//2168
f 2047//2047 2168//2168 2167//2167
f 2048//2048 2049//2049 2169//2169
f 2048//2048 2169//2169 2168//2168
f 2049//2049 2050//2050 2170//2170
f 2049//2049 2170//2170 2169//2169
f 2050//2050 2051//2051 2171//2171
f 2050//2050 2171//2171 2170//2170
f 2051//2051 2052//2052 2172//2172
f 2051//2051 2172//2172 2171//2171
f 2052//2052 2053//2053 2173//2173
f 2052//2052 2173//2173 2172//2172
f 2053//2053 2054//2054 2174//2174
f 2053//2053 2174//2174 2173//2173
f 2054//2054 2055//2055 2175//2175
f 2054//2054 2175//2175 2174//2174
f 2055//2055 2056//2056 2176//2176
f 2055//2055 2176//2176 2175//2175
f 2056//2056 2057//2057 2177//2177
f 2056//2056 2177//2177 2176//2176
f 2057//2057 2058//2058 2178//2178
f 2057//2057 2178//2178 2177//2177
f 2058//2058 2059//2059 2179//2179
f 2058//2058 2179//2179 2178//2178
f 2059//2059 2060//2060 2180//2180
f 2059//2059 2180//2180 2179//2179
f 2060//2060 2061//2061 2181//2181
f 2060//2060 2181//2181 2180//2180
f 2061//2061 2062//2062 2182//2182
f 2061//2061 2182//2182 2181//2181
f 2062//2062 2063//2063 2183//2183
f 2062//2062 2183//2183 2182//2182
f 2063//2063 2064//2064 2184//2184
f 2063//2063 2184//2184 2183//2183
f 2064//2064 2065//2065 2185//2185
f 2064//2064 2185//2185 2184//2184
f 2065//2065 2066//2066 2186//2186
f 2065//2065 2186//2186 2185//2185
f 2066//2066 2067//2067 2187//2187
f 2066//2066 2187//2187 2186//2186
f 2067//2067 2068//2068 2188//2188
f 2067//2067 2188//2188 2187//2187
f 2068//2068 2069//2069 2189//2189
f 2068//2068 2189//2189 2188//2188
f 2069//2069 2070//2070 2190//2190
f 2069//2069 2190//2190 2189//2189
f 2070//2070 2071//2071 2191//2191
f 2070//2070 2191//2191 2190//2190
f 2071//2071 2072//2072 2192//2192
f 2071//2071 2192//2192 2191//2191
f 2072//2072 2073//2073 2193//2193
f 2072//2072 2193//2193 2192//2192
f 2073//2073 2074//2074 2194//2194
f 2073//2073 2194//2194 2193//2193
f 2074//2074 2075//2075 2195//2195
f 2074//2074 2195//2195 2194//2194
f 2075//2075 2076//2076 2196//2196
f 2075//2075 2196//2196 2195//2195
f 2076//2076 2077//2077 2197//2197
f 2076//2076 2197//2197 2196//2196
f 2077//2077 2078//2078 2198//2198
f 2077//2077 2198//2198 2197//2197
f 2078//2078 2079//2079 2199//2199
f 2078//2078 2199//2199 2198//2198
f 2079//2079 2080//2080 2200//2200
f 2079//2079 2200//2200 2199//2199
f 2080//2080 2081//2081 2201//2201
f 2080//2080 2201//2201 2200//2200
f 2081//2081 2082//2082 2202//2202
f 2081//2081 2202//2202 2201//2201
f 2082//2082 2083//2083 2203//2203
f 2082//2082 2203//2203 2202//2202
f 2083//2083 2084//2084 2204//2204
f 2083//2083 2204//2204 2203//2203
f 2084//2084 2085//2085 2205//2205
f 2084//2084 2205//2205 2204//2204
f 2085//2085 2086//2086 2206//2206
f 2085//2085 2206//2206 2205//2205
f 2086//2086 2087//2087 2207//2207
f 2086//2086 2207//2207 2206//2206
f 2087//2087 2088//2088 2208//2208
f 2087//2087 2208//2208 2207//2207
f 2088//2088 2089//2089 2209//2209
f 2088//2088 2209//2209 2208//2208
f 2089//2089 2090//2090 2210//2210
f 2089//2089 2210//2210 2209//2209
f 2090//2090 2091//2091 2211//2211
f 2090//2090 2211//2211 2210//2210
f 2091//2091 2092//2092 2212//2212
f 2091//2091 2212//2212 2211//2211
f 2092//2092 2093//2093 2213//2213
f 2092//2092 2213//2213 2212//2212
f 2093//2093 2094//2094 2214//2214
f 2093//2093 2214//2214 2213//2213
f 2094//2094 2095//2095 2215//2215
f 2094//2094 2215//2215 2214//2214
f 2095//2095 2096//2096 2216//2216
f 2095//2095 2216//2216 2215//2215
f 2096//2096 2097//2097 2217//2217
f 2096//2096 2217//2217 2216//2216
f 2097//2097 2098//2098 2218//2218
f 2097//2097 2218//2218 2217//2217
f 2098//2098 2099//2099 2219//2219
f 2098//2098 2219//2219 2218//2218
f 2099//2099 2100//2100 2220//2220
f 2099//2099 2220//2220 2219//2219
f 2100//2100 2101//2101 2221//2221
f 2100//2100 2221//2221 2220//2220
f 2101//2101 2102//2102 2222//2222
f 2101//2101 2222//2222 2221//2221
f 2102//2102 2103//2103 2223//2223
f 2102//2102 2223//2223 2222//2222
f 2103//2103 2104//2104 2224//2224
f 2103//2103 2224//2224 2223//2223
f 2104//2104 2105//2105 2225//2225
f 2104//2104 2225//2225 2224//2224
f 2105//2105 2106//2106 2226//2226
f 2105//2105 2226//2226 2225//2225
f 2106//2106 2107//2107 2227//2227
f 2106//2106 2227//2227 2226//2226
f 2107//2107 2108//2108 2228//2228
f 2107//2107 2228//2228 2227//2227
f 2108//2108 2109//2109 2229//2229
f 2108//2108 2229//2229 2228//2228
f 2109//2109 2110//2110 2230//2230
f 2109//2109 2230//2230 2229//2229
f 2110//2110 2111//2111 2231//2231
f 2110//2110 2231//2231 2230//2230
f 2111//2111 2112//2112 2232//2232
f 2111//2111 2232//2232 2231//2231
f 2112//2112 2113//2113 2233//2233
f 2112//2112 2233//2233 2232//2232
f 2113//2113 2114//2114 2234//2234
f 2113//2113 2234//2234 2233//2233
f 2114//2114 2115//2115 2235//2235
f 2114//2114 2235//2235 2234//2234
f 2115//2115 2116//2116 2236//2236
f 2115//2115 2236//2236 2235//2235
f 2116//2116 2117//2117 2237//2237
f 2116//2116 2237//2237 2236//2236
f 2117//2117 2118//2118 2238//2238
f 2117//2117 2238//2238 2237//2237
f 2118//2118 2119//2119 2239//2239
f 2118//2118 2239//2239 2238//2238
f 2119//2119 2120//2120 2240//2240
f 2119//2119 2240//2240 2239//2239
f 2120//2120 2121//2121 2241//2241
f 2120//2120 2241//2241 2240//2240
f 2121//2121 2122//2122 2242//2242
f 2121//2121 2242//2242 2241//2241
f 2122//2122 2123//2123 2243//2243
f 2122//2122 2243//2243 2242//2242
f 2123//2123 2124//2124 2244//2244
f 2123//2123 2244//2244 2243//2243
f 2124//2124 2125//2125 2245//2245
f 2124//2124 2245//2245 2244//2244
f 2125//2125 2126//2126 2246//2246
f 2125//2125 2246//2246 2245//2245
f 2126//2126 2127//2127 2247//2247
f 2126//2126 2247//2247 2246//2246
f 2127//2127 2128//2128 2248//2248
f 2127//2127 2248//2248 2247//2247
f 2128//2128 2129//2129 2249//2249
f 2128//2128 2249//2249 2248//2248
f 2129//2129 2130//2130 2250//2250
f 2129//2129 2250//2250 2249//2249
f 2130//2130 2131//2131 2251//2251
f 2130//2130 2251//2251 2250//2250
f 2131//2131 2132//2132 2252//2252
f 2131//2131 2252//2252 2251//2251
f 2132//2132 2133//2133 2253//2253
f 2132//2132 2253//2253 2252//2252
f 2133//2133 2134//2134 2254//2254
f 2133//2133 2254//2254 2253//2253
f 2134//2134 2135//2135 2255//2255
f 2134//2134 2255//2255 2254//2254
f 2135//2135 2136//2136 2256//2256
f 2135//2135 2256//2256 2255//2255
f 2136//2136 2137//2137 2257//2257
f 2136//2136 2257//2257 2256//2256
f 2137//2137 2138//2138 2258//2258
f 2137//2137 2258//2258 2257//2257
f 2138//2138 2139//2139 2259//2259
f 2138//2138 2259//2259 2258//2258
f 2139//2139 2140//2140 2260//2260
f 2139//2139 2260//2260 2259//2259
f 2140//2140 2141//2141 2261//2261
f 2140//2140 2261//2261 2260//2260
f 2141//2141 2142//2142 2262//2262
f 2141//2141 2262//2262 2261//2261
f 2142//2142 2143//2143 2263//2263
f 2142//2142 2263//2263 2262//2262
f 2143//2143 2144//2144 2264//2264
f 2143//2143 2264//2264 2263//2263
f 2144//2144 2145//2145 2265//2265
f 2144//2144 2265//2265 2264//2264
f 2145//2145 2146//2146 2266//2266
f 2145//2145 2266//2266 2265//2265
f 2146//2146 2147//2147 2267//2267
f 2146//2146 2267//2267 2266//2266
f 2147//2147 2148//2148 2268//2268
f 2147//2147 2268//2268 2267//2267
f 2148//2148 2149//2149 2269//2269
f 2148//2148 2269//2269 2268//2268
f 2149//2149 2150//2150 2270//2270
f 2149//2149 2270//2270 2269//2269
f 2150//2150 2151//2151 2271//2271
f 2150//2150 2271//2271 2270//2270
f 2151//2151 2152//2152 2272//2272
f 2151//2151 2272//2272 2271//2271
f 2152//2152 2153//2153 2273//2273
f 2152//2152 2273//2273 2272//2272
f 2153//2153 2154//2154 2274//2274
f 2153//2153 2274//2274 2273//2273
f 2154//2154 2155//2155 2275//2275
f 2154//2154 2275//2275 2274//2274
f 2155//2155 2156//2156 2276//2276
f 2155//2155 2276//2276 2275//2275
f 2156//2156 2157//2157 2277//2277
f 2156//2156 2277//2277 2276//2276
f 2157//2157 2158//2158 2278//2278
f 2157//2157 2278//2278 2277//2277
f 2158//2158 2159//2159 2279//2279
f 2158//2158 2279//2279 2278//2278
f 2159//2159 2160//2160 2280//2280
f 2159//2159 2280//2280 2279//2279
f 2160//2160 2161//2161 2281//2281
f 2160//2160 2281//2281 2280//2280
f 2161//2161 2162//2162 2282//2282
f 2161//2161 2282//2282 2281//2281
f 2162//2162 2163//2163 2283//2283
f 2162//2162 2283//2283 2282//2282
f 2163//2163 2044//2044 2164//2164
f 2163//2163 2164//2164 2283//2283
f 2164//2164 2165//2165 2285//2285
f 2164//2164 2285//2285 2284//2284
f 2165//2165 2166//2166 2286//2286
f 2165//2165 2286//2286 2285//2285
f 2166//2166 2167//2167 2287//2287
f 2166//2166 2287//2287 2286//2286
f 2167//2167 2168//2168 2288//2288
f 2167//2167 2288//2288 2287//2287
f 2168//2168 2169//2169 2289//2289
f 2168//2168 2289//2289 2288//2288
f 2169//2169 2170//2170 2290//2290
f 2169//2169 2290//2290 2289//2289
f 2170//2170 2171//2171 2291//2291
f 2170//2170 2291//2291 2290//2290
f 2171//2171 2172//2172 2292//2292
f 2171//2171 2292//2292 2291//2291
f 2172//2172 2173//2173 2293//2293
f 2172//2172 2293//2293 2292//2292
f 2173//2173 2174//2174 2294//2294
f 2173//2173 2294//2294 2293//2293
f 2174//2174 2175//2175 2295//2295
f 2174//2174 2295//2295 2294//2294
f 2175//2175 2176//2176 2296//2296
f 2175//2175 2296//2296 2295//2295
f 2176//2176 2177//2177 2297//2297
f 2176//2176 2297//2297 2296//2296
f 2177//2177 2178//2178 2298//2298
f 2177//2177 2298//2298 2297//2297
f 2178//2178 2179//2179 2299//2299
f 2178//2178 2299//2299 2298//2298
f 2179//2179 2180//2180 2300//2300
f 2179//2179 2300//2300 2299//2299
f 2180//2180 2181//2181 2301//2301
f 2180//2180 2301//2301 2300//2300
f 2181//2181 2182//2182 2302//2302
f 2181//2181 2302//2302 2301//2301
f 2182//2182 2183//2183 2303//2303
f 2182//2182 2303//2303 2302//2302
f 2183//2183 2184//2184 2304//2304
f 2183//2183 2304//2304 2303//2303
f 2184//2184 2185//2185 2305//2305
f 2184//2184 2305//2305 2304//2304
f 2185//2185 2186//2186 2306//2306
f 2185//2185 2306//2306 2305//2305
f 2186//2186 2187//2187 2307//2307
f 2186//2186 2307//2307 2306//2306
f 2187//2187 2188//2188 2308//2308
f 2187//2187 2308//2308 2307//2307
f 2188//2188 2189//2189 2309//2309
f 2188//2188 2309//2309 2308//2308
f 2189//2189 2190//2190 2310//2310
f 2189//2189 2310//2310 2309//2309
f 2190//2190 2191//2191 2311//2311
f 2190//2190 2311//2311 2310//2310
f 2191//2191 2192//2192 2312//2312
f 2191//2191 2312//2312 2311//2311
f 2192//2192 2193//2193 2313//2313
f 2192//2192 2313//2313 2312//2312
f 2193//2193 2194//2194 2314//2314
f 2193//2193 2314//2314 2313//2313
f 2194//2194 2195//2195 2315//2315
f 2194//2194 2315//2315 2314//2314
f 2195//2195 2196//2196 2316//2316
f 2195//2195 2316//2316 2315//2315
f 2196//2196 2197//2197 2317//2317
f 2196//2196 2317//2317 2316//2316
f 2197//2197 2198//2198 2318//2318
f 2197//2197 2318//2318 2317//2317
f 2198//2198 2199//2199 2319//2319
f 2198//2198 2319//2319 2318//2318
f 2199//2199 2200//2200 2320//2320
f 2199//2199 2320//2320 2319//2319
f 2200//2200 2201//2201 2321//2321
f 2200//2200 2321//2321 2320//2320
f 2201//2201 2202//2202 2322//2322
f 2201//2201 2322//2322 2321//2321
f 2202//2202 2203//2203 2323//2323
f 2202//2202 2323//2323 2322//2322
f 2203//2203 2204//2204 2324//2324
f 2203//2203 2324//2324 2323//2323
f 2204//2204 2205//2205 2325//2325
f 2204//2204 2325//2325 2324//2324
f 2205//2205 2206//2206 2326//2326
f 2205//2205 2326//2326 2325//2325
f 2206//2206 2207//2207 2327//2327
f 2206//2206 2327//2327 2326//2326
f 2207//2207 2208//2208 2328//2328
f 2207//2207 2328//2328 2327//2327
f 2208//2208 2209//2209 2329//2329
f 2208//2208 2329//2329 2328//2328
f 2209//2209 2210//2210 2330//2330
f 2209//2209 2330//2330 2329//2329
f 2210//2210 2211//2211 2331//2331
f 2210//2210 2331//2331 2330//2330
f 2211//2211 2212//2212 2332//2332
f 2211//2211 2332//2332 2331//2331
f 2212//2212 2213//2213 2333//2333
f 2212//2212 2333//2333 2332//2332
f 2213//2213 2214//2214 2334//2334
f 2213//2213 2334//2334 2333//2333
f 2214//2214 2215//2215 2335//2335
f 2214//2214 2335//2335 2334//2334
f 2215//2215 2216//2216 2336//2336
f 2215//2215 2336//2336 2335//2335
f 2216//2216 2217//2217 2337//2337
f 2216//2216 2337//2337 2336//2336
f 2217//2217 2218//2218 2338//2338
f 2217//2217 2338//2338 2337//2337
f 2218//2218 2219//2219 2339//2339
f 2218//2218 2339//2339 2338//2338
f 2219//2219 2220//2220 2340//2340
f 2219//2219 2340//2340 2339//2339
f 2220//2220 2221//2221 2341//2341
f 2220//2220 2341//2341 2340//2340
f 2221//2221 2222//2222 2342//2342
f 2221//2221 2342//2342 2341//2341
f 2222//2222 2223//2223 2343//2343
f 2222//2222 2343//2343 2342//2342
f 2223//2223 2224//2224 2344//2344
f 2223//2223 2344//2344 2343//2343
f 2224//2224 2225//2225 2345//2345
f 2224//2224 2345//2345 2344//2344
f 2225//2225 2226//2226 2346//2346
f 2225//2225 2346//2346 2345//2345
f 2226//2226 2227//2227 2347//2347
f 2226//2226 2347//2347 2346//2346
f 2227//2227 2228//2228 2348//2348
f 2227//2227 2348//2348 2347//2347
f 2228//2228 2229//2229 2349//2349
f 2228//2228 2349//2349 2348//2348
f 2229//2229 2230//2230 2350//2350
f 2229//2229 2350//2350 2349//2349
f 2230//2230 2231//2231 2351//2351
f 2230//2230 2351//2351 2350//2350
f 2231//2231 2232//2232 2352//2352
f 2231//2231 2352//2352 2351//2351
f 2232//2232 2233//2233 2353//2353
f 2232//2232 2353//2353 2352//2352
f 2233//2233 2234//2234 2354//2354
f 2233//2233 2354//2354 2353//2353
f 2234//2234 2235//2235 2355//2355
f 2234//2234 2355//2355 2354//2354
f 2235//2235 2236//2236 2356//2356
f 2235//2235 2356//2356 2355//2355
f 2236//2236 2237//2237 2357//2357
f 2236//2236 2357//2357 2356//2356
f 2237//2237 2238//2238 2358//2358
f 2237//2237 2358//2358 2357//2357
f 2238//2238 2239//2239 2359//2359
f 2238//2238 2359//2359 2358//2358
f 2239//2239 2240//2240 2360//2360
f 2239//2239 2360//2360 2359//2359
f 2240//2240 2241//2241 2361//2361
f 2240//2240 2361//2361 2360//2360
f 2241//2241 2242//2242 2362//2362
f 2241//2241 2362//2362 2361//2361
f 2242//2242 2243//2243 2363//2363
f 2242//2242 2363//2363 2362//2362
f 2243//2243 2244//2244 2364//2364
f 2243//2243 2364//2364 2363//2363
f 2244//2244 2245//2245 2365//2365
f 2244//2244 2365//2365 2364//2364
f 2245//2245 2246//2246 2366//2366
f 2245//2245 2366//2366 2365//2365
f 2246//2246 2247//2247 2367//2367
f 2246//2246 2367//2367 2366//2366
f 2247//2247 2248//2248 2368//2368
f 2247//2247 2368//2368 2367//2367
f 2248//2248 2249//2249 2369//2369
f 2248//2248 2369//2369 2368//2368
f 2249//2249 2250//2250 2370//2370
f 2249//2249 2370//2370 2369//2369
f 2250//2250 2251//2251 2371//2371
f 2250//2250 2371//2371 2370//2370
f 2251//2251 2252//2252 2372//2372
f 2251//2251 2372//2372 2371//2371
f 2252//2252 2253//2253 2373//2373
f 2252//2252 2373//2373 2372//2372
f 2253//2253 2254//2254 2374//2374
f 2253//2253 2374//2374 2373//2373
f 2254//2254 2255//2255 2375//2375
f 2254//2254 2375//2375 2374//2374
f 2255//2255 2256//2256 2376//2376
f 2255//2255 2376//2376 2375//2375
f 2256//2256 2257//2257 2377//2377
f 2256//2256 2377//2377 2376//2376
f 2257//2257 2258//2258 2378//2378
f 2257//2257 2378//2378 2377//2377
f 2258//2258 2259//2259 2379//2379
f 2258//2258 2379//2379 2378//2378
f 2259//2259 2260//2260 2380//2380
f 2259//2259 2380//2380 2379//2379
f 2260//2260 2261//2261 2381//2381
f 2260//2260 2381//2381 2380//2380
f 2261//2261 2262//2262 2382//2382
f 2261//2261 2382//2382 2381//2381
f 2262//2262 2263//2263 2383//2383
f 2262//2262 2383//2383 2382//2382
f 2263//2263 2264//2264 2384//2384
f 2263//2263 2384//2384 2383//2383
f 2264//2264 2265//2265 2385//2385
f 2264//2264 2385//2385 2384//2384
f 2265//2265 2266//2266 2386//2386
f 2265//2265 2386//2386 2385//2385
f 2266//2266 2267//2267 2387//2387
f 2266//2266 2387//2387 2386//2386
f 2267//2267 2268//2268 2388//2388
f 2267//2267 2388//2388 2387//2387
f 2268//2268 2269//2269 2389//2389
f 2268//2268 2389//2389 2388//2388
f 2269//2269 2270//2270 2390//2390
f 2269//2269 2390//2390 2389//2389
f 2270//2270 2271//2271 2391//2391
f 2270//2270 2391//2391 2390//2390
f 2271//2271 2272//2272 2392//2392
f 2271//2271 2392//2392 2391//2391
f 2272//2272 2273//2273 2393//2393
f 2272//2272 2393//2393 2392//2392
f 2273//2273 2274//2274 2394//2394
f 2273//2273 2394//2394 2393//2393
f 2274//2274 2275//2275 2395//2395
f 2274//2274 2395//2395 2394//2394
f 2275//2275 2276//2276 2396//2396
f 2275//2275 2396//2396 2395//2395
f 2276//2276 2277//2277 2397//2397
f 2276//2276 2397//2397 2396//2396
f 2277//2277 2278//2278 2398//2398
f 2277//2277 2398//2398 2397//2397
f 2278//2278 2279//2279 2399//2399
f 2278//2278 2399//2399 2398//2398
f 2279//2279 2280//2280 2400//2400
f 2279//2279 2400//2400 2399//2399
f 2280//2280 2281//2281 2401//2401
f 2280//2280 2401//2401 2400//2400
f 2281//2281 2282//2282 2402//2402
f 2281//2281 2402//2402 2401//2401
f 2282//2282 2283//2283 2403//2403
f 2282//2282 2403//2403 2402//2402
f 2283//2283 2164//2164 2284//2284
f 2283//2283 2284//2284 2403//2403
f 2284//2284 2285//2285 2405//2405
f 2284//2284 2405//2405 2404//2404
f 2285//2285 2286//2286 2406//2406
f 2285//2285 2406//2406 2405//2405
f 2286//2286 2287//2287 2407//2407
f 2286//2286 2407//2407 2406//2406
f 2287//2287 2288//2288 2408//2408
f 2287//2287 2408//2408 2407//2407
f 2288//2288 2289//2289 2409//2409
f 2288//2288 2409//2409 2408//2408
f 2289//2289 2290//2290 2410//2410
f 2289//2289 2410//2410 2409//2409
f 2290//2290 2291//2291 2411//2411
f 2290//2290 2411//2411 2410//2410
f 2291//2291 2292//2292 2412//2412
f 2291//2291 2412//2412 2411//2411
f 2292//2292 2293//2293 2413//2413
f 2292//2292 2413//2413 2412//2412
f 2293//2293 2294//2294 2414//2414
f 2293//2293 2414//2414 2413//2413
f 2294//2294 2295//2295 2415//2415
f 2294//2294 2415//2415 2414//2414
f 2295//2295 2296//2296 2416//2416
f 2295//2295 2416//2416 2415//2415
f 2296//2296 2297//2297 2417//2417
f 2296//2296 2417//2417 2416//2416
f 2297//2297 2298//2298 2418//2418
f 2297//2297 2418//2418 2417//2417
f 2298//2298 2299//2299 2419//2419
f 2298//2298 2419//2419 2418//2418
f 2299//2299 2300//2300 2420//2420
f 2299//2299 2420//2420 2419//2419
f 2300//2300 2301//2301 2421//2421
f 2300//2300 2421//2421 2420//2420
f 2301//2301 2302//2302 2422//2422
f 2301//2301 2422//2422 2421//2421
f 2302//2302 2303//2303 2423//2423
f 2302//2302 2423//2423 2422//2422
f 2303//2303 2304//2304 2424//2424
f 2303//2303 2424//2424 2423//2423
f 2304//2304 2305//2305 2425//2425
f 2304//2304 2425//2425 2424//2424
f 2305//2305 2306//2306 2426//2426
f 2305//2305 2426//2426 2425//2425
f 2306//2306 2307//2307 2427//2427
f 2306//2306 2427//2427 2426//2426
f 2307//2307 2308//2308 2428//2428
f 2307//2307 2428//2428 2427//2427
f 2308//2308 2309//2309 2429//2429
f 2308//2308 2429//2429 2428//2428
f 2309//2309 2310//2310 2430//2430
f 2309//2309 2430//2430 2429//2429
f 2310//2310 2311//2311 2431//2431
f 2310//2310 2431//2431 2430//2430
f 2311//2311 2312//2312 2432//2432
f 2311//2311 2432//2432 2431//2431
f 2312//2312 2313//2313 2433//2433
f 2312//2312 2433//2433 2432//2432
f 2313//2313 2314//2314 2434//2434
f 2313//2313 2434//2434 2433//2433
f 2314//2314 2315//2315 2435//2435
f 2314//2314 2435//2435 2434//2434
f 2315//2315 2316//2316 2436//2436
f 2315//2315 2436//2436 2435//2435
f 2316//2316 2317//2317 2437//2437
f 2316//2316 2437//2437 2436//2436
f 2317//2317 2318//2318 2438//2438
f 2317//2317 2438//2438 2437//2437
f 2318//2318 2319//2319 2439//2439
f 2318//2318 2439//2439 2438//2438
f 2319//2319 2320//2320 2440//2440
f 2319//2319 2440//2440 2439//2439
f 2320//2320 2321//2321 2441//2441
f 2320//2320 2441//2441 2440//2440
f 2321//2321 2322//2322 2442//2442
f 2321//2321 2442//2442 2441//2441
f 2322//2322 2323//2323 2443//2443
f 2322//2322 2443//2443 2442//2442
f 2323//2323 2324//2324 2444//2444
f 2323//2323 2444//2444 2443//2443
f 2324//2324 2325//2325 2445//2445
f 2324//2324 2445//2445 2444//2444
f 2325//2325 2326//2326 2446//2446
f 2325//2325 2446//2446 2445//2445
f 2326//2326 2327//2327 2447//2447
f 2326//2326 2447//2447 2446//2446
f 2327//2327 2328//2328 2448//2448
f 2327//2327 2448//2448 2447//2447
f 2328//2328 2329//2329 2449//2449
f 2328//2328 2449//2449 2448//2448
f 2329//2329 2330//2330 2450//2450
f 2329//2329 2450//2450 2449//2449
f 2330//2330 2331//2331 2451//2451
f 2330//2330 2451//2451 2450//2450
f 2331//2331 2332//2332 2452//2452
f 2331//2331 2452//2452 2451//2451
f 2332//2332 2333//2333 2453//2453
f 2332//2332 2453//2453 2452//2452
f 2333//2333 2334//2334 2454//2454
f 2333//2333 2454//2454 2453//2453
f 2334//2334 2335//2335 2455//2455
f 2334//2334 2455//2455 2454//2454
f 2335//2335 2336//2336 2456//2456
f 2335//2335 2456//2456 2455//2455
f 2336//2336 2337//2337 2457//2457
f 2336//2336 2457//2457 2456//2456
f 2337//2337 2338//2338 2458//2458
f 2337//2337 2458//2458 2457//2457
f 2338//2338 2339//2339 2459//2459
f 2338//2338 2459//2459 2458//2458
f 2339//2339 2340//2340 2460//2460
f 2339//2339 2460//2460 2459//2459
f 2340//2340 2341//2341 2461//2461
f 2340//2340 2461//2461 2460//2460
f 2341//2341 2342//2342 2462//2462
f 2341//2341 2462//2462 2461//2461
f 2342//2342 2343//2343 2463//2463
f 2342//2342 2463//2463 2462//2462
f 2343//2343 2344//2344 2464//2464
f 2343//2343 2464//2464 2463//2463
f 2344//2344 2345//2345 2465//2465
f 2344//2344 2465//2465 2464//2464
f 2345//2345 2346//2346 2466//2466
f 2345//2345 2466//2466 2465//2465
f 2346//2346 2347//2347 2467//2467
f 2346//2346 2467//2467 2466//2466
f 2347//2347 2348//2348 2468//2468
f 2347//2347 2468//2468 2467//2467
f 2348//2348 2349//2349 2469//2469
f 2348//2348 2469//2469 2468//2468
f 2349//2349 2350//2350 2470//2470
f 2349//2349 2470//2470 2469//2469
f 2350//2350 2351//2351 2471//2471
f 2350//2350 2471//2471 2470//2470
f 2351//2351 2352//2352 2472//2472
f 2351//2351 2472//2472 2471//2471
f 2352//2352 2353//2353 2473//2473
f 2352//2352 2473//2473 2472//2472
f 2353//2353 2354//2354 2474//2474
f 2353//2353 2474//2474 2473//2473
f 2354//2354 2355//2355 2475//2475
f 2354//2354 2475//2475 2474//2474
f 2355//2355 2356//2356 2476//2476
f 2355//2355 2476//2476 2475//2475
f 2356//2356 2357//2357 2477//2477
f 2356//2356 2477//2477 2476//2476
f 2357//2357 2358//2358 2478//2478
f 2357//2357 2478//2478 2477//2477
f 2358//2358 2359//2359 2479//2479
f 2358//2358 2479//2479 2478//2478
f 2359//2359 2360//2360 2480//2480
f 2359//2359 2480//2480 2479//2479
f 2360//2360 2361//2361 2481//2481
f 2360//2360 2481//2481 2480//2480
f 2361//2361 2362//2362 2482//2482
f 2361//2361 2482//2482 2481//2481
f 2362//2362 2363//2363 2483//2483
f 2362//2362 2483//2483 2482//2482
f 2363//2363 2364//2364 2484//2484
f 2363//2363 2484//2484 2483//2483
f 2364//2364 2365//2365 2485//2485
f 2364//2364 2485//2485 2484//2484
f 2365//2365 2366//2366 2486//2486
f 2365//2365 2486//2486 2485//2485
f 2366//2366 2367//2367 2487//2487
f 2366//2366 2487//2487 2486//2486
f 2367//2367 2368//2368 2488//2488
f 2367//2367 2488//2488 2487//2487
f 2368//2368 2369//2369 2489//2489
f 2368//2368 2489//2489 2488//2488
f 2369//2369 2370//2370 2490//2490
f 2369//2369 2490//2490 2489//2489
f 2370//2370 2371//2371 2491//2491
f 2370//2370 2491//2491 2490//2490
f 2371//2371 2372//2372 2492//2492
f 2371//2371 2492//2492 2491//2491
f 2372//2372 2373//2373 2493//2493
f 2372//2372 2493//2493 2492//2492
f 2373//2373 2374//2374 2494//2494
f 2373//2373 2494//2494 2493//2493
f 2374//2374 2375//2375 2495//2495
f 2374//2374 2495//2495 2494//2494
f 2375//2375 2376//2376 2496//2496
f 2375//2375 2496//2496 2495//2495
f 2376//2376 2377//2377 2497//2497
f 2376//2376 2497//2497 2496//2496
f 2377//2377 2378//2378 2498//2498
f 2377//2377 2498//2498 2497//2497
f 2378//2378 2379//2379 2499//2499
f 2378//2378 2499//2499 2498//2498
f 2379//2379 2380//2380 2500//2500
f 2379//2379 2500//2500 2499//2499
f 2380//2380 2381//2381 2501//2501
f 2380//2380 2501//2501 2500//2500
f 2381//2381 2382//2382 2502//2502
f 2381//2381 2502//2502 2501//2501
f 2382//2382 2383//2383 2503//2503
f 2382//2382 2503//2503 2502//2502
f 2383//2383 2384//2384 2504//2504
f 2383//2383 2504//2504 2503//2503
f 2384//2384 2385//2385 2505//2505
f 2384//2384 2505//2505 2504//2504
f 2385//2385 2386//2386 2506//2506
f 2385//2385 2506//2506 2505//2505
f 2386//2386 2387//2387 2507//2507
f 2386//2386 2507//2507 2506//2506
f 2387//2387 2388//2388 2508//2508
f 2387//2387 2508//2508 2507//2507
f 2388//2388 2389//2389 2509//2509
f 2388//2388 2509//2509 2508//2508
f 2389//2389 2390//2390 2510//2510
f 2389//2389 2510//2510 2509//2509
f 2390//2390 2391//2391 2511//2511
f 2390//2390 2511//2511 2510//2510
f 2391//2391 2392//2392 2512//2512
f 2391//2391 2512//2512 2511//2511
f 2392//2392 2393//2393 2513//2513
f 2392//2392 2513//2513 2512//2512
f 2393//2393 2394//2394 2514//2514
f 2393//2393 2514//2514 2513//2513
f 2394//2394 2395//2395 2515//2515
f 2394//2394 2515//2515 2514//2514
f 2395//2395 2396//2396 2516//2516
f 2395//2395 2516//2516 2515//2515
f 2396//2396 2397//2397 2517//2517
f 2396//2396 2517//2517 2516//2516
f 2397//2397 2398//2398 2518//2518
f 2397//2397 2518//2518 2517//2517
f 2398//2398 2399//2399 2519//2519
f 2398//2398 2519//2519 2518//2518
f 2399//2399 2400//2400 2520//2520
f 2399//2399 2520//2520 2519//2519
f 2400//2400 2401//2401 2521//2521
f 2400//2400 2521//2521 2520//2520
f 2401//2401 2402//2402 2522//2522
f 2401//2401 2522//2522 2521//2521
f 2402//2402 2403//2403 2523//2523
f 2402//2402 2523//2523 2522//2522
f 2403//2403 2284//2284 2404//2404
f 2403//2403 2404//2404 2523//2523
f 2404//2404 2405//2405 2525//2525
f 2404//2404 2525//2525 2524//2524
f 2405//2405 2406//2406 2526//2526
f 2405//2405 2526//2526 2525//2525
f 2406//2406 2407//2407 2527//2527
f 2406//2406 2527//2527 2526//2526
f 2407//2407 2408//2408 2528//2528
f 2407//2407 2528//2528 2527//2527
f 2408//2408 2409//2409 2529//2529
f 2408//2408 2529//2529 2528//2528
f 2409//2409 2410//2410 2530//2530
f 2409//2409 2530//2530 2529//2529
f 2410//2410 2411//2411 2531//2531
f 2410//2410 2531//2531 2530//2530
f 2411//2411 2412//2412 2532//2532
f 2411//2411 2532//2532 2531//2531
f 2412//2412 2413//2413 2533//2533
f 2412//2412 2533//2533 2532//2532
f 2413//2413 2414//2414 2534//2534
f 2413//2413 2534//2534 2533//2533
f 2414//2414 2415//2415 2535//2535
f 2414//2414 2535//2535 2534//2534
f 2415//2415 2416//2416 2536//2536
f 2415//2415 2536//2536 2535//2535
f 2416//2416 2417//2417 2537//2537
f 2416//2416 2537//2537 2536//2536
f 2417//2417 2418//2418 2538//2538
f 2417//2417 2538//2538 2537//2537
f 2418//2418 2419//2419 2539//2539
f 2418//2418 2539//2539 2538//2538
f 2419//2419 2420//2420 2540//2540
f 2419//2419 2540//2540 2539//2539
f 2420//2420 2421//2421 2541//2541
f 2420//2420 2541//2541 2540//2540
f 2421//2421 2422//2422 2542//2542
f 2421//2421 2542//2542 2541//2541
f 2422//2422 2423//2423 2543//2543
f 2422//2422 2543//2543 2542//2542
f 2423//2423 2424//2424 2544//2544
f 2423//2423 2544//2544 2543//2543
f 2424//2424 2425//2425 2545//2545
f 2424//2424 2545//2545 2544//2544
f 2425//2425 2426//2426 2546//2546
f 2425//2425 2546//2546 2545//2545
f 2426//2426 2427//2427 2547//2547
f 2426//2426 2547//2547 2546//2546
f 2427//2427 2428//2428 2548//2548
f 2427//2427 2548//2548 2547//2547
f 2428//2428 2429//2429 2549//2549
f 2428//2428 2549//2549 2548//2548
f 2429//2429 2430//2430 2550//2550
f 2429//2429 2550//2550 2549//2549
f 2430//2430 2431//2431 2551//2551
f 2430//2430 2551//2551 2550//2550
f 2431//2431 2432//2432 2552//2552
f 2431//2431 2552//2552 2551//2551
f 2432//2432 2433//2433 2553//2553
f 2432//2432 2553//2553 2552//2552
f 2433//2433 2434//2434 2554//2554
f 2433//2433 2554//2554 2553//2553
f 2434//2434 2435//2435 2555//2555
f 2434//2434 2555//2555 2554//2554
f 2435//2435 2436//2436 2556//2556
f 2435//2435 2556//2556 2555//2555
f 2436//2436 2437//2437 2557//2557
f 2436//2436 2557//2557 2556//2556
f 2437//2437 2438//2438 2558//2558
f 2437//2437 2558//2558 2557//2557
f 2438//2438 2439//2439 2559//2559
f 2438//2438 2559//2559 2558//2558
f 2439//2439 2440//2440 2560//2560
f 2439//2439 2560//2560 2559//2559
f 2440//2440 2441//2441 2561//2561
f 2440//2440 2561//2561 2560//2560
f 2441//2441 2442//2442 2562//2562
f 2441//2441 2562//2562 2561//2561
f 2442//2442 2443//2443 2563//2563
f 2442//2442 2563//2563 2562//2562
f 2443//2443 2444//2444 2564//2564
f 2443//2443 2564//2564 2563//2563
f 2444//2444 2445//2445 2565//2565
f 2444//2444 2565//2565 2564//2564
f 2445//2445 2446//2446 2566//2566
f 2445//2445 2566//2566 2565//2565
f 2446//2446 2447//2447 2567//2567
f 2446//2446 2567//2567 2566//2566
f 2447//2447 2448//2448 2568//2568
f 2447//2447 2568//2568 2567//2567
f 2448//2448 2449//2449 2569//2569
f 2448//2448 2569//2569 2568//2568
f 2449//2449 2450//2450 2570//2570
f 2449//2449 2570//2570 2569//2569
f 2450//2450 2451//2451 2571//2571
f 2450//2450 2571//2571 2570//2570
f 2451//2451 2452//2452 2572//2572
f 2451//2451 2572//2572 2571//2571
f 2452//2452 2453//2453 2573//2573
f 2452//2452 2573//2573 2572//2572
f 2453//2453 2454//2454 2574//2574
f 2453//2453 2574//2574 2573//2573
f 2454//2454 2455//2455 2575//2575
f 2454//2454 2575//2575 2574//2574
f 2455//2455 2456//2456 2576//2576
f 2455//2455 2576//2576 2575//2575
f 2456//2456 2457//2457 2577//2577
f 2456//2456 2577//2577 2576//2576
f 2457//2457 2458//2458 2578//2578
f 2457//2457 2578//2578 2577//2577
f 2458//2458 2459//2459 2579//2579
f 2458//2458 2579//2579 2578//2578
f 2459//2459 2460//2460 2580//2580
f 2459//2459 2580//2580 2579//2579
f 2460//2460 2461//2461 2581//2581
f 2460//2460 2581//2581 2580//2580
f 2461//2461 2462//2462 2582//2582
f 2461//2461 2582//2582 2581//2581
f 2462//2462 2463//2463 2583//2583
f 2462//2462 2583//2583 2582//2582
f 2463//2463 2464//2464 2584//2584
f 2463//2463 2584//2584 2583//2583
f 2464//2464 2465//2465 2585//2585
f 2464//2464 2585//2585 2584//2584
f 2465//2465 2466//2466 2586//2586
f 2465//2465 2586//2586 2585//2585
f 2466//2466 2467//2467 2587//2587
f 2466//2466 2587//2587 2586//2586
f 2467//2467 2468//2468 2588//2588
f 2467//2467 2588//2588 2587//2587
f 2468//2468 2469//2469 2589//2589
f 2468//2468 2589//2589 2588//2588
f 2469//2469 2470//2470 2590//2590
f 2469//2469 2590//2590 2589//2589
f 2470//2470 2471//2471 2591//2591
f 2470//2470 2591//2591 2590//2590
f 2471//2471 2472//2472 2592//2592
f 2471//2471 2592//2592 2591//2591
f 2472//2472 2473//2473 2593//2593
f 2472//2472 2593//2593 2592//2592
f 2473//2473 2474//2474 2594//2594
f 2473//2473 2594//2594 2593//2593
f 2474//2474 2475//2475 2595//2595
f 2474//2474 2595//2595 2594//2594
f 2475//2475 2476//2476 2596//2596
f 2475//2475 2596//2596 2595//2595
f 2476//2476 2477//2477 2597//2597
f 2476//2476 2597//2597 2596//2596
f 2477//2477 2478//2478 2598//2598
f 2477//2477 2598//2598 2597//2597
f 2478//2478 2479//2479 2599//2599
f 2478//2478 2599//2599 2598//2598
f 2479//2479 2480//2480 2600//2600
f 2479//2479 2600//2600 2599//2599
f 2480//2480 2481//2481 2601//2601
f 2480//2480 2601//2601 2600//2600
f 2481//2481 2482//2482 2602//2602
f 2481//2481 2602//2602 2601//2601
f 2482//2482 2483//2483 2603//2603
f 2482//2482 2603//2603 2602//2602
f 2483//2483 2484//2484 2604//2604
f 2483//2483 2604//2604 2603//2603
f 2484//2484 2485//2485 2605//2605
f 2484//2484 2605//2605 2604//2604
f 2485//2485 2486//2486 2606//2606
f 2485//2485 2606//2606 2605//2605
f 2486//2486 2487//2487 2607//2607
f 2486//2486 2607//2607 2606//2606
f 2487//2487 2488//2488 2608//2608
f 2487//2487 2608//2608 2607//2607
f 2488//2488 2489//2489 2609//2609
f 2488//2488 2609//2609 2608//2608
f 2489//2489 2490//2490 2610//2610
f 2489//2489 2610//2610 2609//2609
f 2490//2490 2491//2491 2611//2611
f 2490//2490 2611//2611 2610//2610
f 2491//2491 2492//2492 2612//2612
f 2491//2491 2612//2612 2611//2611
f 2492//2492 2493//2493 2613//2613
f 2492//2492 2613//2613 2612//2612
f 2493//2493 2494//2494 2614//2614
f 2493//2493 2614//2614 2613//2613
f 2494//2494 2495//2495 2615//2615
f 2494//2494 2615//2615 2614//2614
f 2495//2495 2496//2496 2616//2616
f 2495//2495 2616//2616 2615//2615
f 2496//2496 2497//2497 2617//2617
f 2496//2496 2617//2617 2616//2616
f 2497//2497 2498//2498 2618//2618
f 2497//2497 2618//2618 2617//2617
f 2498//2498 2499//2499 2619//2619
f 2498//2498 2619//2619 2618//2618
f 2499//2499 2500//2500 2620//2620
f 2499//2499 2620//2620 2619//2619
f 2500//2500 2501//2501 2621//2621
f 2500//2500 2621//2621 2620//2620
f 2501//2501 2502//2502 2622//2622
f 2501//2501 2622//2622 2621//2621
f 2502//2502 2503//2503 2623//2623
f 2502//2502 2623//2623 2622//2622
f 2503//2503 2504//2504 2624//2624
f 2503//2503 2624//2624 2623//2623
f 2504//2504 2505//2505 2625//2625
f 2504//2504 2625//2625 2624//2624
f 2505//2505 2506//2506 2626//2626
f 2505//2505 2626//2626 2625//2625
f 2506//2506 2507//2507 2627//2627
f 2506//2506 2627//2627 2626//2626
f 2507//2507 2508//2508 2628//2628
f 2507//2507 2628//2628 2627//2627
f 2508//2508 2509//2509 2629//2629
f 2508//2508 2629//2629 2628//2628
f 2509//2509 2510//2510 2630//2630
f 2509//2509 2630//2630 2629//2629
f 2510//2510 2511//2511 2631//2631
f 2510//2510 2631//2631 2630//2630
f 2511//2511 2512//2512 2632//2632
f 2511//2511 2632//2632 2631//2631
f 2512//2512 2513//2513 2633//2633
f 2512//2512 2633//2633 2632//2632
f 2513//2513 2514//2514 2634//2634
f 2513//2513 2634//2634 2633//2633
f 2514//2514 2515//2515 2635//2635
f 2514//2514 2635//2635 2634//2634
f 2515//2515 2516//2516 2636//2636
f 2515//2515 2636//2636 2635//2635
f 2516//2516 2517//2517 2637//2637
f 2516//2516 2637//2637 2636//2636
f 2517//2517 2518//2518 2638//2638
f 2517//2517 2638//2638 2637//2637
f 2518//2518 2519//2519 2639//2639
f 2518//2518 2639//2639 2638//2638
f 2519//2519 2520//2520 2640//2640
f 2519//2519 2640//2640 2639//2639
f 2520//2520 2521//2521 2641//2641
f 2520//2520 2641//2641 2640//2640
f 2521//2521 2522//2522 2642//2642
f 2521//2521 2642//2642 2641//2641
f 2522//2522 2523//2523 2643//2643
f 2522//2522 2643//2643 2642//2642
f 2523//2523 2404//2404 2524//2524
f 2523//2523 2524//2524 2643//2643
f 2524//2524 2525//2525 2645//2645
f 2524//2524 2645//2645 2644//2644
f 2525//2525 2526//2526 2646//2646
f 2525//2525 2646//2646 2645//2645
f 2526//2526 2527//2527 2647//2647
f 2526//2526 2647//2647 2646//2646
f 2527//2527 2528//2528 2648//2648
f 2527//2527 2648//2648 2647//2647
f 2528//2528 2529//2529 2649//2649
f 2528//2528 2649//2649 2648//2648
f 2529//2529 2530//2530 2650//2650
f 2529//2529 2650//2650 2649//2649
f 2530//2530 2531//2531 2651//2651
f 2530//2530 2651//2651 2650//2650
f 2531//2531 2532//2532 2652//2652
f 2531//2531 2652//2652 2651//2651
f 2532//2532 2533//2533 2653//2653
f 2532//2532 2653//2653 2652//2652
f 2533//2533 2534//2534 2654//2654
f 2533//2533 2654//2654 2653//2653
f 2534//2534 2535//2535 2655//2655
f 2534//2534 2655//2655 2654//2654
f 2535//2535 2536//2536 2656//2656
f 2535//2535 2656//2656 2655//2655
f 2536//2536 2537//2537 2657//2657
f 2536//2536 2657//2657 2656//2656
f 2537//2537 2538//2538 2658//2658
f 2537//2537 2658//2658 2657//2657
f 2538//2538 2539//2539 2659//2659
f 2538//2538 2659//2659 2658//2658
f 2539//2539 2540//2540 2660//2660
f 2539//2539 2660//2660 2659//2659
f 2540//2540 2541//2541 2661//2661
f 2540//2540 2661//2661 2660//2660
f 2541//2541 2542//2542 2662//2662
f 2541//2541 2662//2662 2661//2661
f 2542//2542 2543//2543 2663//2663
f 2542//2542 2663//2663 2662//2662
f 2543//2543 2544//2544 2664//2664
f 2543//2543 2664//2664 2663//2663
f 2544//2544 2545//2545 2665//2665
f 2544//2544 2665//2665 2664//2664
f 2545//2545 2546//2546 2666//2666
f 2545//2545 2666//2666 2665//2665
f 2546//2546 2547//2547 2667//2667
f 2546//2546 2667//2667 2666//2666
f 2547//2547 2548//2548 2668//2668
f 2547//2547 2668//2668 2667//2667
f 2548//2548 2549//2549 2669//2669
f 2548//2548 2669//2669 2668//2668
f 2549//2549 2550//2550 2670//2670
f 2549//2549 2670//2670 2669//2669
f 2550//2550 2551//2551 2671//2671
f 2550//2550 2671//2671 2670//2670
f 2551//2551 2552//2552 2672//2672
f 2551//2551 2672//2672 2671//2671
f 2552//2552 2553//2553 2673//2673
f 2552//2552 2673//2673 2672//2672
f 2553//2553 2554//2554 2674//2674
f 2553//2553 2674//2674 2673//2673
f 2554//2554 2555//2555 2675//2675
f 2554//2554 2675//2675 2674//2674
f 2555//2555 2556//2556 2676//2676
f 2555//2555 2676//2676 2675//2675
f 2556//2556 2557//2557 2677//2677
f 2556//2556 2677//2677 2676//2676
f 2557//2557 2558//2558 2678//2678
f 2557//2557 2678//2678 2677//2677
f 2558//2558 2559//2559 2679//2679
f 2558//2558 2679//2679 2678//2678
f 2559//2559 2560//2560 2680//2680
f 2559//2559 2680//2680 2679//2679
f 2560//2560 2561//2561 2681//2681
f 2560//2560 2681//2681 2680//2680
f 2561//2561 2562//2562 2682//2682
f 2561//2561 2682//2682 2681//2681
f 2562//2562 2563//2563 2683//2683
f 2562//2562 2683//2683 2682//2682
f 2563//2563 2564//2564 2684//2684
f 2563//2563 2684//2684 2683//2683
f 2564//2564 2565//2565 2685//2685
f 2564//2564 2685//2685 2684//2684
f 2565//2565 2566//2566 2686//2686
f 2565//2565 2686//2686 2685//2685
f 2566//2566 2567//2567 2687//2687
f 2566//2566 2687//2687 2686//2686
f 2567//2567 2568//2568 2688//2688
f 2567//2567 2688//2688 2687//2687
f 2568//2568 2569//2569 2689//2689
f 2568//2568 2689//2689 2688//2688
f 2569//2569 2570//2570 2690//2690
f 2569//2569 2690//2690 2689//2689
f 2570//2570 2571//2571 2691//2691
f 2570//2570 2691//2691 2690//2690
f 2571//2571 2572//2572 2692//2692
f 2571//2571 2692//2692 2691//2691
f 2572//2572 2573//2573 2693//2693
f 2572//2572 2693//2693 2692//2692
f 2573//2573 2574//2574 2694//2694
f 2573//2573 2694//2694 2693//2693
f 2574//2574 2575//2575 2695//2695
f 2574//2574 2695//2695 2694//2694
f 2575//2575 2576//2576 2696//2696
f 2575//2575 2696//2696 2695//2695
f 2576//2576 2577//2577 2697//2697
f 2576//2576 2697//2697 2696//2696
f 2577//2577 2578//2578 2698//2698
f 2577//2577 2698//2698 2697//2697
f 2578//2578 2579//2579 2699//2699
f 2578//2578 2699//2699 2698//2698
f 2579//2579 2580//2580 2700//2700
f 2579//2579 2700//2700 2699//2699
f 2580//2580 2581//2581 2701//2701
f 2580//2580 2701//2701 2700//2700
f 2581//2581 2582//2582 2702//2702
f 2581//2581 2702//2702 2701//2701
f 2582//2582 2583//2583 2703//2703
f 2582//2582 2703//2703 2702//2702
f 2583//2583 2584//2584 2704//2704
f 2583//2583 2704//2704 2703//2703
f 2584//2584 2585//2585 2705//2705
f 2584//2584 2705//2705 2704//2704
f 2585//2585 2586//2586 2706//2706
f 2585//2585 2706//2706 2705//2705
f 2586//2586 2587//2587 2707//2707
f 2586//2586 2707//2707 2706//2706
f 2587//2587 2588//2588 2708//2708
f 2587//2587 2708//2708 2707//2707
f 2588//2588 2589//2589 2709//2709
f 2588//2588 2709//2709 2708//2708
f 2589//2589 2590//2590 2710//2710
f 2589//2589 2710//2710 2709//2709
f 2590//2590 2591//2591 2711//2711
f 2590//2590 2711//2711 2710//2710
f 2591//2591 2592//2592 2712//2712
f 2591//2591 2712//2712 2711//2711
f 2592//2592 2593//2593 2713//2713
f 2592//2592 2713//2713 2712//2712
f 2593//2593 2594//2594 2714//2714
f 2593//2593 2714//2714 2713//2713
f 2594//2594 2595//2595 2715//2715
f 2594//2594 2715//2715 2714//2714
f 2595//2595 2596//2596 2716//2716
f 2595//2595 2716//2716 2715//2715
f 2596//2596 2597//2597 2717//2717
f 2596//2596 2717//2717 2716//2716
f 2597//2597 2598//2598 2718//2718
f 2597//2597 2718//2718 2717//2717
f 2598//2598 2599//2599 2719//2719
f 2598//2598 2719//2719 2718//2718
f 2599//2599 2600//2600 2720//2720
f 2599//2599 2720//2720 2719//2719
f 2600//2600 2601//2601 2721//2721
f 2600//2600 2721//2721 2720//2720
f 2601//2601 2602//2602 2722//2722
f 2601//2601 2722//2722 2721//2721
f 2602//2602 2603//2603 2723//2723
f 2602//2602 2723//2723 2722//2722
f 2603//2603 2604//2604 2724//2724
f 2603//2603 2724//2724 2723//2723
f 2604//2604 2605//2605 2725//2725
f 2604//2604 2725//2725 2724//2724
f 2605//2605 2606//2606 2726//2726
f 2605//2605 2726//2726 2725//2725
f 2606//2606 2607//2607 2727//2727
f 2606//2606 2727//2727 2726//2726
f 2607//2607 2608//2608 2728//2728
f 2607//2607 2728//2728 2727//2727
f 2608//2608 2609//2609 2729//2729
f 2608//2608 2729//2729 2728//2728
f 2609//2609 2610//2610 2730//2730
f 2609//2609 2730//2730 2729//2729
f 2610//2610 2611//2611 2731//2731
f 2610//2610 2731//2731 2730//2730
f 2611//2611 2612//2612 2732//2732
f 2611//2611 2732//2732 2731//2731
f 2612//2612 2613//2613 2733//2733
f 2612//2612 2733//2733 2732//2732
f 2613//2613 2614//2614 2734//2734
f 2613//2613 2734//2734 2733//2733
f 2614//2614 2615//2615 2735//2735
f 2614//2614 2735//2735 2734//2734
f 2615//2615 2616//2616 2736//2736
f 2615//2615 2736//2736 2735//2735
f 2616//2616 2617//2617 2737//2737
f 2616//2616 2737//2737 2736//2736
f 2617//2617 2618//2618 2738//2738
f 2617//2617 2738//2738 2737//2737
f 2618//2618 2619//2619 2739//2739
f 2618//2618 2739//2739 2738//2738
f 2619//2619 2620//2620 2740//2740
f 2619//2619 2740//2740 2739//2739
f 2620//2620 2621//2621 2741//2741
f 2620//2620 2741//2741 2740//2740
f 2621//2621 2622//2622 2742//2742
f 2621//2621 2742//2742 2741//2741
f 2622//2622 2623//2623 2743//2743
f 2622//2622 2743//2743 2742//2742
f 2623//2623 2624//2624 2744//2744
f 2623//2623 2744//2744 2743//2743
f 2624//2624 2625//2625 2745//2745
f 2624//2624 2745//2745 2744//2744
f 2625//2625 2626//2626 2746//2746
f 2625//2625 2746//2746 2745//2745
f 2626//2626 2627//2627 2747//2747
f 2626//2626 2747//2747 2746//2746
f 2627//2627 2628//2628 2748//2748
f 2627//2627 2748//2748 2747//2747
f 2628//2628 2629//2629 2749//2749
f 2628//2628 2749//2749 2748//2748
f 2629//2629 2630//2630 2750//2750
f 2629//2629 2750//2750 2749//2749
f 2630//2630 2631//2631 2751//2751
f 2630//2630 2751//2751 2750//2750
f 2631//2631 2632//2632 2752//2752
f 2631//2631 2752//2752 2751//2751
f 2632//2632 2633//2633 2753//2753
f 2632//2632 2753//2753 2752//2752
f 2633//2633 2634//2634 2754//2754
f 2633//2633 2754//2754 2753//2753
f 2634//2634 2635//2635 2755//2755
f 2634//2634 2755//2755 2754//2754
f 2635//2635 2636//2636 2756//2756
f 2635//2635 2756//2756 2755//2755
f 2636//2636 2637//2637 2757//2757
f 2636//2636 2757//2757 2756//2756
f 2637//2637 2638//2638 2758//2758
f 2637//2637 2758//2758 2757//2757
f 2638//2638 2639//2639 2759//2759
f 2638//2638 2759//2759 2758//2758
f 2639//2639 2640//2640 2760//2760
f 2639//2639 2760//2760 2759//2759
f 2640//2640 2641//2641 2761//2761
f 2640//2640 2761//2761 2760//2760
f 2641//2641 2642//2642 2762//2762
f 2641//2641 2762//2762 2761//2761
f 2642//2642 2643//2643 2763//2763
f 2642//2642 2763//2763 2762//2762
f 2643//2643 2524//2524 2644//2644
f 2643//2643 2644//2644 2763//2763
f 2644//2644 2645//2645 2765//2765
f 2644//2644 2765//2765 2764//2764
f 2645//2645 2646//2646 2766//2766
f 2645//2645 2766//2766 2765//2765
f 2646//2646 2647//2647 2767//2767
f 2646//2646 2767//2767 2766//2766
f 2647//2647 2648//2648 2768//2768
f 2647//2647 2768//2768 2767//2767
f 2648//2648 2649//2649 2769//2769
f 2648//2648 2769//2769 2768//2768
f 2649//2649 2650//2650 2770//2770
f 2649//2649 2770//2770 2769//2769
f 2650//2650 2651//2651 2771//2771
f 2650//2650 2771//2771 2770//2770
f 2651//2651 2652//2652 2772//2772
f 2651//2651 2772//2772 2771//2771
f 2652//2652 2653//2653 2773//2773
f 2652//2652 2773//2773 2772//2772
f 2653//2653 2654//2654 2774//2774
f 2653//2653 2774//2774 2773//2773
f 2654//2654 2655//2655 2775//2775
f 2654//2654 2775//2775 2774//2774
f 2655//2655 2656//2656 2776//2776
f 2655//2655 2776//2776 2775//2775
f 2656//2656 2657//2657 2777//2777
f 2656//2656 2777//2777 2776//2776
f 2657//2657 2658//2658 2778//2778
f 2657//2657 2778//2778 2777//2777
f 2658//2658 2659//2659 2779//2779
f 2658//2658 2779//2779 2778//2778
f 2659//2659 2660//2660 2780//2780
f 2659//2659 2780//2780 2779//2779
f 2660//2660 2661//2661 2781//2781
f 2660//2660 2781//2781 2780//2780
f 2661//2661 2662//2662 2782//2782
f 2661//2661 2782//2782 2781//2781
f 2662//2662 2663//2663 2783//2783
f 2662//2662 2783//2783 2782//2782
f 2663//2663 2664//2664 2784//2784
f 2663//2663 2784//2784 2783//2783
f 2664//2664 2665//2665 2785//2785
f 2664//2664 2785//2785 2784//2784
f 2665//2665 2666//2666 2786//2786
f 2665//2665 2786//2786 2785//2785
f 2666//2666 2667//2667 2787//2787
f 2666//2666 2787//2787 2786//2786
f 2667//2667 2668//2668 2788//2788
f 2667//2667 2788//2788 2787//2787
f 2668//2668 2669//2669 2789//2789
f 2668//2668 2789//2789 2788//2788
f 2669//2669 2670//2670 2790//2790
f 2669//2669 2790//2790 2789//2789
f 2670//2670 2671//2671 2791//2791
f 2670//2670 2791//2791 2790//2790
f 2671//2671 2672//2672 2792//2792
f 2671//2671 2792//2792 2791//2791
f 2672//2672 2673//2673 2793//2793
f 2672//2672 2793//2793 2792//2792
f 2673//2673 2674//2674 2794//2794
f 2673//2673 2794//2794 2793//2793
f 2674//2674 2675//2675 2795//2795
f 2674//2674 2795//2795 2794//2794
f 2675//2675 2676//2676 2796//2796
f 2675//2675 2796//2796 2795//2795
f 2676//2676 2677//2677 2797//2797
f 2676//2676 2797//2797 2796//2796
f 2677//2677 2678//2678 2798//2798
f 2677//2677 2798//2798 2797//2797
f 2678//2678 2679//2679 2799//2799
f 2678//2678 2799//2799 2798//2798
f 2679//2679 2680//2680 2800//2800
f 2679//2679 2800//2800 2799//2799
f 2680//2680 2681//2681 2801//2801
f 2680//2680 2801//2801 2800//2800
f 2681//2681 2682//2682 2802//2802
f 2681//2681 2802//2802 2801//2801
f 2682//2682 2683//2683 2803//2803
f 2682//2682 2803//2803 2802//2802
f 2683//2683 2684//2684 2804//2804
f 2683//2683 2804//2804 2803//2803
f 2684//2684 2685//2685 2805//2805
f 2684//2684 2805//2805 2804//2804
f 2685//2685 2686//2686 2806//2806
f 2685//2685 2806//2806 2805//2805
f 2686//2686 2687//2687 2807//2807
f 2686//2686 2807//2807 2806//2806
f 2687//2687 2688//2688 2808//2808
f 2687//2687 2808//2808 2807//2807
f 2688//2688 2689//2689 2809//2809
f 2688//2688 2809//2809 2808//2808
f 2689//2689 2690//2690 2810//2810
f 2689//2689 2810//2810 2809//2809
f 2690//2690 2691//2691 2811//2811
f 2690//2690 2811//2811 2810//2810
f 2691//2691 2692//2692 2812//2812
f 2691//2691 2812//2812 2811//2811
f 2692//2692 2693//2693 2813//2813
f 2692//2692 2813//2813 2812//2812
f 2693//2693 2694//2694 2814//2814
f 2693//2693 2814//2814 2813//2813
f 2694//2694 2695//2695 2815//2815
f 2694//2694 2815//2815 2814//2814
f 2695//2695 2696//2696 2816//2816
f 2695//2695 2816//2816 2815//2815
f 2696//2696 2697//2697 2817//2817
f 2696//2696 2817//2817 2816//2816
f 2697//2697 2698//2698 2818//2818
f 2697//2697 2818//2818 2817//2817
f 2698//2698 2699//2699 2819//2819
f 2698//2698 2819//2819 2818//2818
f 2699//2699 2700//2700 2820//2820
f 2699//2699 2820//2820 2819//2819
f 2700//2700 2701//2701 2821//2821
f 2700//2700 2821//2821 2820//2820
f 2701//2701 2702//2702 2822//2822
f 2701//2701 2822//2822 2821//2821
f 2702//2702 2703//2703 2823//2823
f 2702//2702 2823//2823 2822//2822
f 2703//2703 2704//2704 2824//2824
f 2703//2703 2824//2824 2823//2823
f 2704//2704 2705//2705 2825//2825
f 2704//2704 2825//2825 2824//2824
f 2705//2705 2706//2706 2826//2826
f 2705//2705 2826//2826 2825//2825
f 2706//2706 2707//2707 2827//2827
f 2706//2706 2827//2827 2826//2826
f 2707//2707 2708//2708 2828//2828
f 2707//2707 2828//2828 2827//2827
f 2708//2708 2709//2709 2829//2829
f 2708//2708 2829//2829 2828//2828
f 2709//2709 2710//2710 2830//2830
f 2709//2709 2830//2830 2829//2829
f 2710//2710 2711//2711 2831//2831
f 2710//2710 2831//2831 2830//2830
f 2711//2711 2712//2712 2832//2832
f 2711//2711 2832//2832 2831//2831
f 2712//2712 2713//2713 2833//2833
f 2712//2712 2833//2833 2832//2832
f 2713//2713 2714//2714 2834//2834
f 2713//2713 2834//2834 2833//2833
f 2714//2714 2715//2715 2835//2835
f 2714//2714 2835//2835 2834//2834
f 2715//2715 2716//2716 2836//2836
f 2715//2715 2836//2836 2835//2835
f 2716//2716 2717//2717 2837//2837
f 2716//2716 2837//2837 2836//2836
f 2717//2717 2718//2718 2838//2838
f 2717//2717 2838//2838 2837//2837
f 2718//2718 2719//2719 2839//2839
f 2718//2718 2839//2839 2838//2838
f 2719//2719 2720//2720 2840//2840
f 2719//2719 2840//2840 2839//2839
f 2720//2720 2721//2721 2841//2841
f 2720//2720 2841//2841 2840//2840
f 2721//2721 2722//2722 2842//2842
f 2721//2721 2842//2842 2841//2841
f 2722//2722 2723//2723 2843//2843
f 2722//2722 2843//2843 2842//2842
f 2723//2723 2724//2724 2844//2844
f 2723//2723 2844//2844 2843//2843
f 2724//2724 2725//2725 2845//2845
f 2724//2724 2845//2845 2844//2844
f 2725//2725 2726//2726 2846//2846
f 2725//2725 2846//2846 2845//2845
f 2726//2726 2727//2727 2847//2847
f 2726//2726 2847//2847 2846//2846
f 2727//2727 2728//2728 2848//2848
f 2727//2727 2848//2848 2847//2847
f 2728//2728 2729//2729 2849//2849
f 2728//2728 2849//2849 2848//2848
f 2729//2729 2730//2730 2850//2850
f 2729//2729 2850//2850 2849//2849
f 2730//2730 2731//2731 2851//2851
f 2730//2730 2851//2851 2850//2850
f 2731//2731 2732//2732 2852//2852
f 2731//2731 2852//2852 2851//2851
f 2732//2732 2733//2733 2853//2853
f 2732//2732 2853//2853 2852//2852
f 2733//2733 2734//2734 2854//2854
f 2733//2733 2854//2854 2853//2853
f 2734//2734 2735//2735 2855//2855
f 2734//2734 2855//2855 2854//2854
f 2735//2735 2736//2736 2856//2856
f 2735//2735 2856//2856 2855//2855
f 2736//2736 2737//2737 2857//2857
f 2736//2736 2857//2857 2856//2856
f 2737//2737 2738//2738 2858//2858
f 2737//2737 2858//2858 2857//2857
f 2738//2738 2739//2739 2859//2859
f 2738//2738 2859//2859 2858//2858
f 2739//2739 2740//2740 2860//2860
f 2739//2739 2860//2860 2859//2859
f 2740//2740 2741//2741 2861//2861
f 2740//2740 2861//2861 2860//2860
f 2741//2741 2742//2742 2862//2862
f 2741//2741 2862//2862 2861//2861
f 2742//2742 2743//2743 2863//2863
f 2742//2742 2863//2863 2862//2862
f 2743//2743 2744//2744 2864//2864
f 2743//2743 2864//2864 2863//2863
f 2744//2744 2745//2745 2865//2865
f 2744//2744 2865//2865 2864//2864
f 2745//2745 2746//2746 2866//2866
f 2745//2745 2866//2866 2865//2865
f 2746//2746 2747//2747 2867//2867
f 2746//2746 2867//2867 2866//2866
f 2747//2747 2748//2748 2868//2868
f 2747//2747 2868//2868 2867//2867
f 2748//2748 2749//2749 2869//2869
f 2748//2748 2869//2869 2868//2868
f 2749//2749 2750//2750 2870//2870
f 2749//2749 2870//2870 2869//2869
f 2750//2750 2751//2751 2871//2871
f 2750//2750 2871//2871 2870//2870
f 2751//2751 2752//2752 2872//2872
f 2751//2751 2872//2872 2871//2871
f 2752//2752 2753//2753 2873//2873
f 2752//2752 2873//2873 2872//2872
f 2753//2753 2754//2754 2874//2874
f 2753//2753 2874//2874 2873//2873
f 2754//2754 2755//2755 2875//2875
f 2754//2754 2875//2875 2874//2874
f 2755//2755 2756//2756 2876//2876
f 2755//2755 2876//2876 2875//2875
f 2756//2756 2757//2757 2877//2877
f 2756//2756 2877//2877 2876//2876
f 2757//2757 2758//2758 2878//2878
f 2757//2757 2878//2878 2877//2877
f 2758//2758 2759//2759 2879//2879
f 2758//2758 2879//2879 2878//2878
f 2759//2759 2760//2760 2880//2880
f 2759//2759 2880//2880 2879//2879
f 2760//2760 2761//2761 2881//2881
f 2760//2760 2881//2881 2880//2880
f 2761//2761 2762//2762 2882//2882
f 2761//2761 2882//2882 2881//2881
f 2762//2762 2763//2763 2883//2883
f 2762//2762 2883//2883 2882//2882
f 2763//2763 2644//2644 2764//2764
f 2763//2763 2764//2764 2883//2883
f 2764//2764 2765//2765 2885//2885
f 2764//2764 2885//2885 2884//2884
f 2765//2765 2766//2766 2886//2886
f 2765//2765 2886//2886 2885//2885
f 2766//2766 2767//2767 2887//2887
f 2766//2766 2887//2887 2886//2886
f 2767//2767 2768//2768 2888//2888
f 2767//2767 2888//2888 2887//2887
f 2768//2768 2769//2769 2889//2889
f 2768//2768 2889//2889 2888//2888
f 2769//2769 2770//2770 2890//2890
f 2769//2769 2890//2890 2889//2889
f 2770//2770 2771//2771 2891//2891
f 2770//2770 2891//2891 2890//2890
f 2771//2771 2772//2772 2892//2892
f 2771//2771 2892//2892 2891//2891
f 2772//2772 2773//2773 2893//2893
f 2772//2772 2893//2893 2892//2892
f 2773//2773 2774//2774 2894//2894
f 2773//2773 2894//2894 2893//2893
f 2774//2774 2775//2775 2895//2895
f 2774//2774 2895//2895 2894//2894
f 2775//2775 2776//2776 2896//2896
f 2775//2775 2896//2896 2895//2895
f 2776//2776 2777//2777 2897//2897
f 2776//2776 2897//2897 2896//2896
f 2777//2777 2778//2778 2898//2898
f 2777//2777 2898//2898 2897//2897
f 2778//2778 2779//2779 2899//2899
f 2778//2778 2899//2899 2898//2898
f 2779//2779 2780//2780 2900//2900
f 2779//2779 2900//2900 2899//2899
f 2780//2780 2781//2781 2901//2901
f 2780//2780 2901//2901 2900//2900
f 2781//2781 2782//2782 2902//2902
f 2781//2781 2902//2902 2901//2901
f 2782//2782 2783//2783 2903//2903
f 2782//2782 2903//2903 2902//2902
f 2783//2783 2784//2784 2904//2904
f 2783//2783 2904//2904 2903//2903
f 2784//2784 2785//2785 2905//2905
f 2784//2784 2905//2905 2904//2904
f 2785//2785 2786//2786 2906//2906
f 2785//2785 2906//2906 2905//2905
f 2786//2786 2787//2787 2907//2907
f 2786//2786 2907//2907 2906//2906
f 2787//2787 2788//2788 2908//2908
f 2787//2787 2908//2908 2907//2907
f 2788//2788 2789//2789 2909//2909
f 2788//2788 2909//2909 2908//2908
f 2789//2789 2790//2790 2910//2910
f 2789//2789 2910//2910 2909//2909
f 2790//2790 2791//2791 2911//2911
f 2790//2790 2911//2911 2910//2910
f 2791//2791 2792//2792 2912//2912
f 2791//2791 2912//2912 2911//2911
f 2792//2792 2793//2793 2913//2913
f 2792//2792 2913//2913 2912//2912
f 2793//2793 2794//2794 2914//2914
f 2793//2793 2914//2914 2913//2913
f 2794//2794 2795//2795 2915//2915
f 2794//2794 2915//2915 2914//2914
f 2795//2795 2796//2796 2916//2916
f 2795//2795 2916//2916 2915//2915
f 2796//2796 2797//2797 2917//2917
f 2796//2796 2917//2917 2916//2916
f 2797//2797 2798//2798 2918//2918
f 2797//2797 2918//2918 2917//2917
f 2798//2798 2799//2799 2919//2919
f 2798//2798 2919//2919 2918//2918
f 2799//2799 2800//2800 2920//2920
f 2799//2799 2920//2920 2919//2919
f 2800//2800 2801//2801 2921//2921
f 2800//2800 2921//2921 2920//2920
f 2801//2801 2802//2802 2922//2922
f 2801//2801 2922//2922 2921//2921
f 2802//2802 2803//2803 2923//2923
f 2802//2802 2923//2923 2922//2922
f 2803//2803 2804//2804 2924//2924
f 2803//2803 2924//2924 2923//2923
f 2804//2804 2805//2805 2925//2925
f 2804//2804 2925//2925 2924//2924
f 2805//2805 2806//2806 2926//2926
f 2805//2805 2926//2926 2925//2925
f 2806//2806 2807//2807 2927//2927
f 2806//2806 2927//2927 2926//2926
f 2807//2807 2808//2808 2928//2928
f 2807//2807 2928//2928 2927//2927
f 2808//2808 2809//2809 2929//2929
f 2808//2808 2929//2929 2928//2928
f 2809//2809 2810//2810 2930//2930
f 2809//2809 2930//2930 2929//2929
f 2810//2810 2811//2811 2931//2931
f 2810//2810 2931//2931 2930//2930
f 2811//2811 2812//2812 2932//2932
f 2811//2811 2932//2932 2931//2931
f 2812//2812 2813//2813 2933//2933
f 2812//2812 2933//2933 2932//2932
f 2813//2813 2814//2814 2934//2934
f 2813//2813 2934//2934 2933//2933
f 2814//2814 2815//2815 2935//2935
f 2814//2814 2935//2935 2934//2934
f 2815//2815 2816//2816 2936//2936
f 2815//2815 2936//2936 2935//2935
f 2816//2816 2817//2817 2937//2937
f 2816//2816 2937//2937 2936//2936
f 2817//2817 2818//2818 2938//2938
f 2817//2817 2938//2938 2937//2937
f 2818//2818 2819//2819 2939//2939
f 2818//2818 2939//2939 2938//2938
f 2819//2819 2820//2820 2940//2940
f 2819//2819 2940//2940 2939//2939
f 2820//2820 2821//2821 2941//2941
f 2820//2820 2941//2941 2940//2940
f 2821//2821 2822//2822 2942//2942
f 2821//2821 2942//2942 2941//2941
f 2822//2822 2823//2823 2943//2943
f 2822//2822 2943//2943 2942//2942
f 2823//2823 2824//2824 2944//2944
f 2823//2823 2944//2944 2943//2943
f 2824//2824 2825//2825 2945//2945
f 2824//2824 2945//2945 2944//2944
f 2825//2825 2826//2826 2946//2946
f 2825//2825 2946//2946 2945//2945
f 2826//2826 2827//2827 2947//2947
f 2826//2826 2947//2947 2946//2946
f 2827//2827 2828//2828 2948//2948
f 2827//2827 2948//2948 2947//2947
f 2828//2828 2829//2829 2949//2949
f 2828//2828 2949//2949 2948//2948
f 2829//2829 2830//2830 2950//2950
f 2829//2829 2950//2950 2949//2949
f 2830//2830 2831//2831 2951//2951
f 2830//2830 2951//2951 2950//2950
f 2831//2831 2832//2832 2952//2952
f 2831//2831 2952//2952 2951//2951
f 2832//2832 2833//2833 2953//2953
f 2832//2832 2953//2953 2952//2952
f 2833//2833 2834//2834 2954//2954
f 2833//2833 2954//2954 2953//2953
f 2834//2834 2835//2835 2955//2955
f 2834//2834 2955//2955 2954//2954
f 2835//2835 2836//2836 2956//2956
f 2835//2835 2956//2956 2955//2955
f 2836//2836 2837//2837 2957//2957
f 2836//2836 2957//2957 2956//2956
f 2837//2837 2838//2838 2958//2958
f 2837//2837 2958//2958 2957//2957
f 2838//2838 2839//2839 2959//2959
f 2838//2838 2959//2959 2958//2958
f 2839//2839 2840//2840 2960//2960
f 2839//2839 2960//2960 2959//2959
f 2840//2840 2841//2841 2961//2961
f 2840//2840 2961//2961 2960//2960
f 2841//2841 2842//2842 2962//2962
f 2841//2841 2962//2962 2961//2961
f 2842//2842 2843//2843 2963//2963
f 2842//2842 2963//2963 2962//2962
f 2843//2843 2844//2844 2964//2964
f 2843//2843 2964//2964 2963//2963
f 2844//2844 2845//2845 2965//2965
f 2844//2844 2965//2965 2964//2964
f 2845//2845 2846//2846 2966//2966
f 2845//2845 2966//2966 2965//2965
f 2846//2846 2847//2847 2967//2967
f 2846//2846 2967//2967 2966//2966
f 2847//2847 2848//2848 2968//2968
f 2847//2847 2968//2968 2967//2967
f 2848//2848 2849//2849 2969//2969
f 2848//2848 2969//2969 2968//2968
f 2849//2849 2850//2850 2970//2970
f 2849//2849 2970//2970 2969//2969
f 2850//2850 2851//2851 2971//2971
f 2850//2850 2971//2971 2970//2970
f 2851//2851 2852//2852 2972//2972
f 2851//2851 2972//2972 2971//2971
f 2852//2852 2853//2853 2973//2973
f 2852//2852 2973//2973 2972//2972
f 2853//2853 2854//2854 2974//2974
f 2853//2853 2974//2974 2973//2973
f 2854//2854 2855//2855 2975//2975
f 2854//2854 2975//2975 2974//2974
f 2855//2855 2856//2856 2976//2976
f 2855//2855 2976//2976 2975//2975
f 2856//2856 2857//2857 2977//2977
f 2856//2856 2977//2977 2976//2976
f 2857//2857 2858//2858 2978//2978
f 2857//2857 2978//2978 2977//2977
f 2858//2858 2859//2859 2979//2979
f 2858//2858 2979//2979 2978//2978
f 2859//2859 2860//2860 2980//2980
f 2859//2859 2980//2980 2979//2979
f 2860//2860 2861//2861 2981//2981
f 2860//2860 2981//2981 2980//2980
f 2861//2861 2862//2862 2982//2982
f 2861//2861 2982//2982 2981//2981
f 2862//2862 2863//2863 2983//2983
f 2862//2862 2983//2983 2982//2982
f 2863//2863 2864//2864 2984//2984
f 2863//2863 2984//2984 2983//2983
f 2864//2864 2865//2865 2985//2985
f 2864//2864 2985//2985 2984//2984
f 2865//2865 2866//2866 2986//2986
f 2865//2865 2986//2986 2985//2985
f 2866//2866 2867//2867 2987//2987
f 2866//2866 2987//2987 2986//2986
f 2867//2867 2868//2868 2988//2988
f 2867//2867 2988//2988 2987//2987
f 2868//2868 2869//2869 2989//2989
f 2868//2868 2989//2989 2988//2988
f 2869//2869 2870//2870 2990//2990
f 2869//2869 2990//2990 2989//2989
f 2870//2870 2871//2871 2991//2991
f 2870//2870 2991//2991 2990//2990
f 2871//2871 2872//2872 2992//2992
f 2871//2871 2992//2992 2991//2991
f 2872//2872 2873//2873 2993//2993
f 2872//2872 2993//2993 2992//2992
f 2873//2873 2874//2874 2994//2994
f 2873//2873 2994//2994 2993//2993
f 2874//2874 2875//2875 2995//2995
f 2874//2874 2995//2995 2994//2994
f 2875//2875 2876//2876 2996//2996
f 2875//2875 2996//2996 2995//2995
f 2876//2876 2877//2877 2997//2997
f 2876//2876 2997//2997 2996//2996
f 2877//2877 2878//2878 2998//2998
f 2877//2877 2998//2998 2997//2997
f 2878//2878 2879//2879 2999//2999
f 2878//2878 2999//2999 2998//2998
f 2879//2879 2880//2880 3000//3000
f 2879//2879 3000//3000 2999//2999
f 2880//2880 2881//2881 3001//3001
f 2880//2880 3001//3001 3000//3000
f 2881//2881 2882//2882 3002//3002
f 2881//2881 3002//3002 3001//3001
f 2882//2882 2883//2883 3003//3003
f 2882//2882 3003//3003 3002//3002
f 2883//2883 2764//2764 2884//2884
f 2883//2883 2884//2884 3003//3003
f 2884//2884 2885//2885 3005//3005
f 2884//2884 3005//3005 3004//3004
f 2885//2885 2886//2886 3006//3006
f 2885//2885 3006//3006 3005//3005
f 2886//2886 2887//2887 3007//3007
f 2886//2886 3007//3007 3006//3006
f 2887//2887 2888//2888 3008//3008
f 2887//2887 3008//3008 3007//3007
f 2888//2888 2889//2889 3009//3009
f 2888//2888 3009//3009 3008//3008
f 2889//2889 2890//2890 3010//3010
f 2889//2889 3010//3010 3009//3009
f 2890//2890 2891//2891 3011//3011
f 2890//2890 3011//3011 3010//3010
f 2891//2891 2892//2892 3012//3012
f 2891//2891 3012//3012 3011//3011
f 2892//2892 2893//2893 3013//3013
f 2892//2892 3013//3013 3012//3012
f 2893//2893 2894//2894 3014//3014
f 2893//2893 3014//3014 3013//3013
f 2894//2894 2895//2895 3015//3015
f 2894//2894 3015//3015 3014//3014
f 2895//2895 2896//2896 3016//3016
f 2895//2895 3016//3016 3015//3015
f 2896//2896 2897//2897 3017//3017
f 2896//2896 3017//3017 3016//3016
f 2897//2897 2898//2898 3018//3018
f 2897//2897 3018//3018 3017//3017
f 2898//2898 2899//2899 3019//3019
f 2898//2898 3019//3019 3018//3018
f 2899//2899 2900//2900 3020//3020
f 2899//2899 3020//3020 3019//3019
f 2900//2900 2901//2901 3021//3021
f 2900//2900 3021//3021 3020//3020
f 2901//2901 2902//2902 3022//3022
f 2901//2901 3022//3022 3021//3021
f 2902//2902 2903//2903 3023//3023
f 2902//2902 3023//3023 3022//3022
f 2903//2903 2904//2904 3024//3024
f 2903//2903 3024//3024 3023//3023
f 2904//2904 2905//2905 3025//3025
f 2904//2904 3025//3025 3024//3024
f 2905//2905 2906//2906 3026//3026
f 2905//2905 3026//3026 3025//3025
f 2906//2906 2907//2907 3027//3027
f 2906//2906 3027//3027 3026//3026
f 2907//2907 2908//2908 3028//3028
f 2907//2907 3028//3028 3027//3027
f 2908//2908 2909//2909 3029//3029
f 2908//2908 3029//3029 3028//3028
f 2909//2909 2910//2910 3030//3030
f 2909//2909 3030//3030 3029//3029
f 2910//2910 2911//2911 3031//3031
f 2910//2910 3031//3031 3030//3030
f 2911//2911 2912//2912 3032//3032
f 2911//2911 3032//3032 3031//3031
f 2912//2912 2913//2913 3033//3033
f 2912//2912 3033//3033 3032//3032
f 2913//2913 2914//2914 3034//3034
f 2913//2913 3034//3034 3033//3033
f 2914//2914 2915//2915 3035//3035
f 2914//2914 3035//3035 3034//3034
f 2915//2915 2916//2916 3036//3036
f 2915//2915 3036//3036 3035//3035
f 2916//2916 2917//2917 3037//3037
f 2916//2916 3037//3037 3036//3036
f 2917//2917 2918//2918 3038//3038
f 2917//2917 3038//3038 3037//3037
f 2918//2918 2919//2919 3039//3039
f 2918//2918 3039//3039 3038//3038
f 2919//2919 2920//2920 3040//3040
f 2919//2919 3040//3040 3039//3039
f 2920//2920 2921//2921 3041//3041
f 2920//2920 3041//3041 3040//3040
f 2921//2921 2922//2922 3042//3042
f 2921//2921 3042//3042 3041//3041
f 2922//2922 2923//2923 3043//3043
f 2922//2922 3043//3043 3042//3042
f 2923//2923 2924//2924 3044//3044
f 2923//2923 3044//3044 3043//3043
f 2924//2924 2925//2925 3045//3045
f 2924//2924 3045//3045 3044//3044
f 2925//2925 2926//2926 3046//3046
f 2925//2925 3046//3046 3045//3045
f 2926//2926 2927//2927 3047//3047
f 2926//2926 3047//3047 3046//3046
f 2927//2927 2928//2928 3048//3048
f 2927//2927 3048//3048 3047//3047
f 2928//2928 2929//2929 3049//3049
f 2928//2928 3049//3049 3048//3048
f 2929//2929 2930//2930 3050//3050
f 2929//2929 3050//3050 3049//3049
f 2930//2930 2931//2931 3051//3051
f 2930//2930 3051//3051 3050//3050
f 2931//2931 2932//2932 3052//3052
f 2931//2931 3052//3052 3051//3051
f 2932//2932 2933//2933 3053//3053
f 2932//2932 3053//3053 3052//3052
f 2933//2933 2934//2934 3054//3054
f 2933//2933 3054//3054 3053//3053
f 2934//2934 2935//2935 3055//3055
f 2934//2934 3055//3055 3054//3054
f 2935//2935 2936//2936 3056//3056
f 2935//2935 3056//3056 3055//3055
f 2936//2936 2937//2937 3057//3057
f 2936//2936 3057//3057 3056//3056
f 2937//2937 2938//2938 3058//3058
f 2937//2937 3058//3058 3057//3057
f 2938//2938 2939//2939 3059//3059
f 2938//2938 3059//3059 3058//3058
f 2939//2939 2940//2940 3060//3060
f 2939//2939 3060//3060 3059//3059
f 2940//2940 2941//2941 3061//3061
f 2940//2940 3061//3061 3060//3060
f 2941//2941 2942//2942 3062//3062
f 2941//2941 3062//3062 3061//3061
f 2942//2942 2943//2943 3063//3063
f 2942//2942 3063//3063 3062//3062
f 2943//2943 2944//2944 3064//3064
f 2943//2943 3064//3064 3063//3063
f 2944//2944 2945//2945 3065//3065
f 2944//2944 3065//3065 3064//3064
f 2945//2945 2946//2946 3066//3066
f 2945//2945 3066//3066 3065//3065
f 2946//2946 2947//2947 3067//3067
f 2946//2946 3067//3067 3066//3066
f 2947//2947 2948//2948 3068//3068
f 2947//2947 3068//3068 3067//3067
f 2948//2948 2949//2949 3069//3069
f 2948//2948 3069//3069 3068//3068
f 2949//2949 2950//2950 3070//3070
f 2949//2949 3070//3070 3069//3069
f 2950//2950 2951//2951 3071//3071
f 2950//2950 3071//3071 3070//3070
f 2951//2951 2952//2952 3072//3072
f 2951//2951 3072//3072 3071//3071
f 2952//2952 2953//2953 3073//3073
f 2952//2952 3073//3073 3072//3072
f 2953//2953 2954//2954 3074//3074
f 2953//2953 3074//3074 3073//3073
f 2954//2954 2955//2955 3075//3075
f 2954//2954 3075//3075 3074//3074
f 2955//2955 2956//2956 3076//3076
f 2955//2955 3076//3076 3075//3075
f 2956//2956 2957//2957 3077//3077
f 2956//2956 3077//3077 3076//3076
f 2957//2957 2958//2958 3078//3078
f 2957//2957 3078//3078 3077//3077
f 2958//2958 2959//2959 3079//3079
f 2958//2958 3079//3079 3078//3078
f 2959//2959 2960//2960 3080//3080
f 2959//2959 3080//3080 3079//3079
f 2960//2960 2961//2961 3081//3081
f 2960//2960 3081//3081 3080//3080
f 2961//2961 2962//2962 3082//3082
f 2961//2961 3082//3082 3081//3081
f 2962//2962 2963//2963 3083//3083
f 2962//2962 3083//3083 3082//3082
f 2963//2963 2964//2964 3084//3084
f 2963//2963 3084//3084 3083//3083
f 2964//2964 2965//2965 3085//3085
f 2964//2964 3085//3085 3084//3084
f 2965//2965 2966//2966 3086//3086
f 2965//2965 3086//3086 3085//3085
f 2966//2966 2967//2967 3087//3087
f 2966//2966 3087//3087 3086//3086
f 2967//2967 2968//2968 3088//3088
f 2967//2967 3088//3088 3087//3087
f 2968//2968 2969//2969 3089//3089
f 2968//2968 3089//3089 3088//3088
f 2969//2969 2970//2970 3090//3090
f 2969//2969 3090//3090 3089//3089
f 2970//2970 2971//2971 3091//3091
f 2970//2970 3091//3091 3090//3090
f 2971//2971 2972//2972 3092//3092
f 2971//2971 3092//3092 3091//3091
f 2972//2972 2973//2973 3093//3093
f 2972//2972 3093//3093 3092//3092
f 2973//2973 2974//2974 3094//3094
f 2973//2973 3094//3094 3093//3093
f 2974//2974 2975//2975 3095//3095
f 2974//2974 3095//3095 3094//3094
f 2975//2975 2976//2976 3096//3096
f 2975//2975 3096//3096 3095//3095
f 2976//2976 2977//2977 3097//3097
f 2976//2976 3097//3097 3096//3096
f 2977//2977 2978//2978 3098//3098
f 2977//2977 3098//3098 3097//3097
f 2978//2978 2979//2979 3099//3099
f 2978//2978 3099//3099 3098//3098
f 2979//2979 2980//2980 3100//3100
f 2979//2979 3100//3100 3099//3099
f 2980//2980 2981//2981 3101//3101
f 2980//2980 3101//3101 3100//3100
f 2981//2981 2982//2982 3102//3102
f 2981//2981 3102//3102 3101//3101
f 2982//2982 2983//2983 3103//3103
f 2982//2982 3103//3103 3102//3102
f 2983//2983 2984//2984 3104//3104
f 2983//2983 3104//3104 3103//3103
f 2984//2984 2985//2985 3105//3105
f 2984//2984 3105//3105 3104//3104
f 2985//2985 2986//2986 3106//3106
f 2985//2985 3106//3106 3105//3105
f 2986//2986 2987//2987 3107//3107
f 2986//2986 3107//3107 3106//3106
f 2987//2987 2988//2988 3108//3108
f 2987//2987 3108//3108 3107//3107
f 2988//2988 2989//2989 3109//3109
f 2988//2988 3109//3109 3108//3108
f 2989//2989 2990//2990 3110//3110
f 2989//2989 3110//3110 3109//3109
f 2990//2990 2991//2991 3111//3111
f 2990//2990 3111//3111 3110//3110
f 2991//2991 2992//2992 3112//3112
f 2991//2991 3112//3112 3111//3111
f 2992//2992 2993//2993 3113//3113
f 2992//2992 3113//3113 3112//3112
f 2993//2993 2994//2994 3114//3114
f 2993//2993 3114//3114 3113//3113
f 2994//2994 2995//2995 3115//3115
f 2994//2994 3115//3115 3114//3114
f 2995//2995 2996//2996 3116//3116
f 2995//2995 3116//3116 3115//3115
f 2996//2996 2997//2997 3117//3117
f 2996//2996 3117//3117 3116//3116
f 2997//2997 2998//2998 3118//3118
f 2997//2997 3118//3118 3117//3117
f 2998//2998 2999//2999 3119//3119
f 2998//2998 3119//3119 3118//3118
f 2999//2999 3000//3000 3120//3120
f 2999//2999 3120//3120 3119//3119
f 3000//3000 3001//3001 3121//3121
f 3000//3000 3121//3121 3120//3120
f 3001//3001 3002//3002 3122//3122
f 3001//3001 3122//3122 3121//3121
f 3002//3002 3003//3003 3123//3123
f 3002//3002 3123//3123 3122//3122
f 3003//3003 2884//2884 3004//3004
f 3003//3003 3004//3004 3123//3123
f 3004//3004 3005//3005 3125//3125
f 3004//3004 3125//3125 3124//3124
f 3005//3005 3006//3006 3126//3126
f 3005//3005 3126//3126 3125//3125
f 3006//3006 3007//3007 3127//3127
f 3006//3006 3127//3127 3126//3126
f 3007//3007 3008//3008 3128//3128
f 3007//3007 3128//3128 3127//3127
f 3008//3008 3009//3009 3129//3129
f 3008//3008 3129//3129 3128//3128
f 3009//3009 3010//3010 3130//3130
f 3009//3009 3130//3130 3129//3129
f 3010//3010 3011//3011 3131//3131
f 3010//3010 3131//3131 3130//3130
f 3011//3011 3012//3012 3132//3132
f 3011//3011 3132//3132 3131//3131
f 3012//3012 3013//3013 3133//3133
f 3012//3012 3133//3133 3132//3132
f 3013//3013 3014//3014 3134//3134
f 3013//3013 3134//3134 3133//3133
f 3014//3014 3015//3015 3135//3135
f 3014//3014 3135//3135 3134//3134
f 3015//3015 3016//3016 3136//3136
f 3015//3015 3136//3136 3135//3135
f 3016//3016 3017//3017 3137//3137
f 3016//3016 3137//3137 3136//3136
f 3017//3017 3018//3018 3138//3138
f 3017//3017 3138//3138 3137//3137
f 3018//3018 3019//3019 3139//3139
f 3018//3018 3139//3139 3138//3138
f 3019//3019 3020//3020 3140//3140
f 3019//3019 3140//3140 3139//3139
f 3020//3020 3021//3021 3141//3141
f 3020//3020 3141//3141 3140//3140
f 3021//3021 3022//3022 3142//3142
f 3021//3021 3142//3142 3141//3141
f 3022//3022 3023//3023 3143//3143
f 3022//3022 3143//3143 3142//3142
f 3023//3023 3024//3024 3144//3144
f 3023//3023 3144//3144 3143//3143
f 3024//3024 3025//3025 3145//3145
f 3024//3024 3145//3145 3144//3144
f 3025//3025 3026//3026 3146//3146
f 3025//3025 3146//3146 3145//3145
f 3026//3026 3027//3027 3147//3147
f 3026//3026 3147//3147 3146//3146
f 3027//3027 3028//3028 3148//3148
f 3027//3027 3148//3148 3147//3147
f 3028//3028 3029//3029 3149//3149
f 3028//3028 3149//3149 3148//3148
f 3029//3029 3030//3030 3150//3150
f 3029//3029 3150//3150 3149//3149
f 3030//3030 3031//3031 3151//3151
f 3030//3030 3151//3151 3150//3150
f 3031//3031 3032//3032 3152//3152
f 3031//3031 3152//3152 3151//3151
f 3032//3032 3033//3033 3153//3153
f 3032//3032 3153//3153 3152//3152
f 3033//3033 3034//3034 3154//3154
f 3033//3033 3154//3154 3153//3153
f 3034//3034 3035//3035 3155//3155
f 3034//3034 3155//3155 3154//3154
f 3035//3035 3036//3036 3156//3156
f 3035//3035 3156//3156 3155//3155
f 3036//3036 3037//3037 3157//3157
f 3036//3036 3157//3157 3156//3156
f 3037//3037 3038//3038 3158//3158
f 3037//3037 3158//3158 3157//3157
f 3038//3038 3039//3039 3159//3159
f 3038//3038 3159//3159 3158//3158
f 3039//3039 3040//3040 3160//3160
f 3039//3039 3160//3160 3159//3159
f 3040//3040 3041//3041 3161//3161
f 3040//3040 3161//3161 3160//3160
f 3041//3041 3042//3042 3162//3162
f 3041//3041 3162//3162 3161//3161
f 3042//3042 3043//3043 3163//3163
f 3042//3042 3163//3163 3162//3162
f 3043//3043 3044//3044 3164//3164
f 3043//3043 3164//3164 3163//3163
f 3044//3044 3045//3045 3165//3165
f 3044//3044 3165//3165 3164//3164
f 3045//3045 3046//3046 3166//3166
f 3045//3045 3166//3166 3165//3165
f 3046//3046 3047//3047 3167//3167
f 3046//3046 3167//3167 3166//3166
f 3047//3047 3048//3048 3168//3168
f 3047//3047 3168//3168 3167//3167
f 3048//3048 3049//3049 3169//3169
f 3048//3048 3169//3169 3168//3168
f 3049//3049 3050//3050 3170//3170
f 3049//3049 3170//3170 3169//3169
f 3050//3050 3051//3051 3171//3171
f 3050//3050 3171//3171 3170//3170
f 3051//3051 3052//3052 3172//3172
f 3051//3051 3172//3172 3171//3171
f 3052//3052 3053//3053 3173//3173
f 3052//3052 3173//3173 3172//3172
f 3053//3053 3054//3054 3174//3174
f 3053//3053 3174//3174 3173//3173
f 3054//3054 3055//3055 3175//3175
f 3054//3054 3175//3175 3174//3174
f 3055//3055 3056//3056 3176//3176
f 3055//3055 3176//3176 3175//3175
f 3056//3056 3057//3057 3177//3177
f 3056//3056 3177//3177 3176//3176
f 3057//3057 3058//3058 3178//3178
f 3057//3057 3178//3178 3177//3177
f 3058//3058 3059//3059 3179//3179
f 3058//3058 3179//3179 3178//3178
f 3059//3059 3060//3060 3180//3180
f 3059//3059 3180//3180 3179//3179
f 3060//3060 3061//3061 3181//3181
f 3060//3060 3181//3181 3180//3180
f 3061//3061 3062//3062 3182//3182
f 3061//3061 3182//3182 3181//3181
f 3062//3062 3063//3063 3183//3183
f 3062//3062 3183//3183 3182//3182
f 3063//3063 3064//3064 3184//3184
f 3063//3063 3184//3184 3183//3183
f 3064//3064 3065//3065 3185//3185
f 3064//3064 3185//3185 3184//3184
f 3065//3065 3066//3066 3186//3186
f 3065//3065 3186//3186 3185//3185
f 3066//3066 3067//3067 3187//3187
f 3066//3066 3187//3187 3186//3186
f 3067//3067 3068//3068 3188//3188
f 3067//3067 3188//3188 3187//3187
f 3068//3068 3069//3069 3189//3189
f 3068//3068 3189//3189 3188//3188
f 3069//3069 3070//3070 3190//3190
f 3069//3069 3190//3190 3189//3189
f 3070//3070 3071//3071 3191//3191
f 3070//3070 3191//3191 3190//3190
f 3071//3071 3072//3072 3192//3192
f 3071//3071 3192//3192 3191//3191
f 3072//3072 3073//3073 3193//3193
f 3072//3072 3193//3193 3192//3192
f 3073//3073 3074//3074 3194//3194
f 3073//3073 3194//3194 3193//3193
f 3074//3074 3075//3075 3195//3195
f 3074//3074 3195//3195 3194//3194
f 3075//3075 3076//3076 3196//3196
f 3075//3075 3196//3196 3195//3195
f 3076//3076 3077//3077 3197//3197
f 3076//3076 3197//3197 3196//3196
f 3077//3077 3078//3078 3198//3198
f 3077//3077 3198//3198 3197//3197
f 3078//3078 3079//3079 3199//3199
f 3078//3078 3199//3199 3198//3198
f 3079//3079 3080//3080 3200//3200
f 3079//3079 3200//3200 3199//3199
f 3080//3080 3081//3081 3201//3201
f 3080//3080 3201//3201 3200//3200
f 3081//3081 3082//3082 3202//3202
f 3081//3081 3202//3202 3201//3201
f 3082//3082 3083//3083 3203//3203
f 3082//3082 3203//3203 3202//3202
f 3083//3083 3084//3084 3204//3204
f 3083//3083 3204//3204 3203//3203
f 3084//3084 3085//3085 3205//3205
f 3084//3084 3205//3205 3204//3204
f 3085//3085 3086//3086 3206//3206
f 3085//3085 3206//3206 3205//3205
f 3086//3086 3087//3087 3207//3207
f 3086//3086 3207//3207 3206//3206
f 3087//3087 3088//3088 3208//3208
f 3087//3087 3208//3208 3207//3207
f 3088//3088 3089//3089 3209//3209
f 3088//3088 3209//3209 3208//3208
f 3089//3089 3090//3090 3210//3210
f 3089//3089 3210//3210 3209//3209
f 3090//3090 3091//3091 3211//3211
f 3090//3090 3211//3211 3210//3210
f 3091//3091 3092//3092 3212//3212
f 3091//3091 3212//3212 3211//3211
f 3092//3092 3093//3093 3213//3213
f 3092//3092 3213//3213 3212//3212
f 3093//3093 3094//3094 3214//3214
f 3093//3093 3214//3214 3213//3213
f 3094//3094 3095//3095 3215//3215
f 3094//3094 3215//3215 3214//3214
f 3095//3095 3096//3096 3216//3216
f 3095//3095 3216//3216 3215//3215
f 3096//3096 3097//3097 3217//3217
f 3096//3096 3217//3217 3216//3216
f 3097//3097 3098//3098 3218//3218
f 3097//3097 3218//3218 3217//3217
f 3098//3098 3099//3099 3219//3219
f 3098//3098 3219//3219 3218//3218
f 3099//3099 3100//3100 3220//3220
f 3099//3099 3220//3220 3219//3219
f 3100//3100 3101//3101 3221//3221
f 3100//3100 3221//3221 3220//3220
f 3101//3101 3102//3102 3222//3222
f 3101//3101 3222//3222 3221//3221
f 3102//3102 3103//3103 3223//3223
f 3102//3102 3223//3223 3222//3222
f 3103//3103 3104//3104 3224//3224
f 3103//3103 3224//3224 3223//3223
f 3104//3104 3105//3105 3225//3225
f 3104//3104 3225//3225 3224//3224
f 3105//3105 3106//3106 3226//3226
f 3105//3105 3226//3226 3225//3225
f 3106//3106 3107//3107 3227//3227
f 3106//3106 3227//3227 3226//3226
f 3107//3107 3108//3108 3228//3228
f 3107//3107 3228//3228 3227//3227
f 3108//3108 3109//3109 3229//3229
f 3108//3108 3229//3229 3228//3228
f 3109//3109 3110//3110 3230//3230
f 3109//3109 3230//3230 3229//3229
f 3110//3110 3111//3111 3231//3231
f 3110//3110 3231//3231 3230//3230
f 3111//3111 3112//3112 3232//3232
f 3111//3111 3232//3232 3231//3231
f 3112//3112 3113//3113 3233//3233
f 3112//3112 3233//3233 3232//3232
f 3113//3113 3114//3114 3234//3234
f 3113//3113 3234//3234 3233//3233
f 3114//3114 3115//3115 3235//3235
f 3114//3114 3235//3235 3234//3234
f 3115//3115 3116//3116 3236//3236
f 3115//3115 3236//3236 3235//3235
f 3116//3116 3117//3117 3237//3237
f 3116//3116 3237//3237 3236//3236
f 3117//3117 3118//3118 3238//3238
f 3117//3117 3238//3238 3237//3237
f 3118//3118 3119//3119 3239//3239
f 3118//3118 3239//3239 3238//3238
f 3119//3119 3120//3120 3240//3240
f 3119//3119 3240//3240 3239//3239
f 3120//3120 3121//3121 3241//3241
f 3120//3120 3241//3241 3240//3240
f 3121//3121 3122//3122 3242//3242
f 3121//3121 3242//3242 3241//3241
f 3122//3122 3123//3123 3243//3243
f 3122//3122 3243//3243 3242//3242
f 3123//3123 3004//3004 3124//3124
f 3123//3123 3124//3124 3243//3243
f 3124//3124 3125//3125 3245//3245
f 3124//3124 3245//3245 3244//3244
f 3125//3125 3126//3126 3246//3246
f 3125//3125 3246//3246 3245//3245
f 3126//3126 3127//3127 3247//3247
f 3126//3126 3247//3247 3246//3246
f 3127//3127 3128//3128 3248//3248
f 3127//3127 3248//3248 3247//3247
f 3128//3128 3129//3129 3249//3249
f 3128//3128 3249//3249 3248//3248
f 3129//3129 3130//3130 3250//3250
f 3129//3129 3250//3250 3249//3249
f 3130//3130 3131//3131 3251//3251
f 3130//3130 3251//3251 3250//3250
f 3131//3131 3132//3132 3252//3252
f 3131//3131 3252//3252 3251//3251
f 3132//3132 3133//3133 3253//3253
f 3132//3132 3253//3253 3252//3252
f 3133//3133 3134//3134 3254//3254
f 3133//3133 3254//3254 3253//3253
f 3134//3134 3135//3135 3255//3255
f 3134//3134 3255//3255 3254//3254
f 3135//3135 3136//3136 3256//3256
f 3135//3135 3256//3256 3255//3255
f 3136//3136 3137//3137 3257//3257
f 3136//3136 3257//3257 3256//3256
f 3137//3137 3138//3138 3258//3258
f 3137//3137 3258//3258 3257//3257
f 3138//3138 3139//3139 3259//3259
f 3138//3138 3259//3259 3258//3258
f 3139//3139 3140//3140 3260//3260
f 3139//3139 3260//3260 3259//3259
f 3140//3140 3141//3141 3261//3261
f 3140//3140 3261//3261 3260//3260
f 3141//3141 3142//3142 3262//3262
f 3141//3141 3262//3262 3261//3261
f 3142//3142 3143//3143 3263//3263
f 3142//3142 3263//3263 3262//3262
f 3143//3143 3144//3144 3264//3264
f 3143//3143 3264//3264 3263//3263
f 3144//3144 3145//3145 3265//3265
f 3144//3144 3265//3265 3264//3264
f 3145//3145 3146//3146 3266//3266
f 3145//3145 3266//3266 3265//3265
f 3146//3146 3147//3147 3267//3267
f 3146//3146 3267//3267 3266//3266
f 3147//3147 3148//3148 3268//3268
f 3147//3147 3268//3268 3267//3267
f 3148//3148 3149//3149 3269//3269
f 3148//3148 3269//3269 3268//3268
f 3149//3149 3150//3150 3270//3270
f 3149//3149 3270//3270 3269//3269
f 3150//3150 3151//3151 3271//3271
f 3150//3150 3271//3271 3270//3270
f 3151//3151 3152//3152 3272//3272
f 3151//3151 3272//3272 3271//3271
f 3152//3152 3153//3153 3273//3273
f 3152//3152 3273//3273 3272//3272
f 3153//3153 3154//3154 3274//3274
f 3153//3153 3274//3274 3273//3273
f 3154//3154 3155//3155 3275//3275
f 3154//3154 3275//3275 3274//3274
f 3155//3155 3156//3156 3276//3276
f 3155//3155 3276//3276 3275//3275
f 3156//3156 3157//3157 3277//3277
f 3156//3156 3277//3277 3276//3276
f 3157//3157 3158//3158 3278//3278
f 3157//3157 3278//3278 3277//3277
f 3158//3158 3159//3159 3279//3279
f 3158//3158 3279//3279 3278//3278
f 3159//3159 3160//3160 3280//3280
f 3159//3159 3280//3280 3279//3279
f 3160//3160 3161//3161 3281//3281
f 3160//3160 3281//3281 3280//3280
f 3161//3161 3162//3162 3282//3282
f 3161//3161 3282//3282 3281//3281
f 3162//3162 3163//3163 3283//3283
f 3162//3162 3283//3283 3282//3282
f 3163//3163 3164//3164 3284//3284
f 3163//3163 3284//3284 3283//3283
f 3164//3164 3165//3165 3285//3285
f 3164//3164 3285//3285 3284//3284
f 3165//3165 3166//3166 3286//3286
f 3165//3165 3286//3286 3285//3285
f 3166//3166 3167//3167 3287//3287
f 3166//3166 3287//3287 3286//3286
f 3167//3167 3168//3168 3288//3288
f 3167//3167 3288//3288 3287//3287
f 3168//3168 3169//3169 3289//3289
f 3168//3168 3289//3289 3288//3288
f 3169//3169 3170//3170 3290//3290
f 3169//3169 3290//3290 3289//3289
f 3170//3170 3171//3171 3291//3291
f 3170//3170 3291//3291 3290//3290
f 3171//3171 3172//3172 3292//3292
f 3171//3171 3292//3292 3291//3291
f 3172//3172 3173//3173 3293//3293
f 3172//3172 3293//3293 3292//3292
f 3173//3173 3174//3174 3294//3294
f 3173//3173 3294//3294 3293//3293
f 3174//3174 3175//3175 3295//3295
f 3174//3174 3295//3295 3294//3294
f 3175//3175 3176//3176 3296//3296
f 3175//3175 3296//3296 3295//3295
f 3176//3176 3177//3177 3297//3297
f 3176//3176 3297//3297 3296//3296
f 3177//3177 3178//3178 3298//3298
f 3177//3177 3298//3298 3297//3297
f 3178//3178 3179//3179 3299//3299
f 3178//3178 3299//3299 3298//3298
f 3179//3179 3180//3180 3300//3300
f 3179//3179 3300//3300 3299//3299
f 3180//3180 3181//3181 3301//3301
f 3180//3180 3301//3301 3300//3300
f 3181//3181 3182//3182 3302//3302
f 3181//3181 3302//3302 3301//3301
f 3182//3182 3183//3183 3303//3303
f 3182//3182 3303//3303 3302//3302
f 3183//3183 3184//3184 3304//3304
f 3183//3183 3304//3304 3303//3303
f 3184//3184 3185//3185 3305//3305
f 3184//3184 3305//3305 3304//3304
f 3185//3185 3186//3186 3306//3306
f 3185//3185 3306//3306 3305//3305
f 3186//3186 3187//3187 3307//3307
f 3186//3186 3307//3307 3306//3306
f 3187//3187 3188//3188 3308//3308
f 3187//3187 3308//3308 3307//3307
f 3188//3188 3189//3189 3309//3309
f 3188//3188 3309//3309 3308//3308
f 3189//3189 3190//3190 3310//3310
f 3189//3189 3310//3310 3309//3309
f 3190//3190 3191//3191 3311//3311
f 3190//3190 3311//3311 3310//3310
f 3191//3191 3192//3192 3312//3312
f 3191//3191 3312//3312 3311//3311
f 3192//3192 3193//3193 3313//3313
f 3192//3192 3313//3313 3312//3312
f 3193//3193 3194//3194 3314//3314
f 3193//3193 3314//3314 3313//3313
f 3194//3194 3195//3195 3315//3315
f 3194//3194 3315//3315 3314//3314
f 3195//3195 3196//3196 3316//3316
f 3195//3195 3316//3316 3315//3315
f 3196//3196 3197//3197 3317//3317
f 3196//3196 3317//3317 3316//3316
f 3197//3197 3198//3198 3318//3318
f 3197//3197 3318//3318 3317//3317
f 3198//3198 3199//3199 3319//3319
f 3198//3198 3319//3319 3318//3318
f 3199//3199 3200//3200 3320//3320
f 3199//3199 3320//3320 3319//3319
f 3200//3200 3201//3201 3321//3321
f 3200//3200 3321//3321 3320//3320
f 3201//3201 3202//3202 3322//3322
f 3201//3201 3322//3322 3321//3321
f 3202//3202 3203//3203 3323//3323
f 3202//3202 3323//3323 3322//3322
f 3203//3203 3204//3204 3324//3324
f 3203//3203 3324//3324 3323//3323
f 3204//3204 3205//3205 3325//3325
f 3204//3204 3325//3325 3324//3324
f 3205//3205 3206//3206 3326//3326
f 3205//3205 3326//3326 3325//3325
f 3206//3206 3207//3207 3327//3327
f 3206//3206 3327//3327 3326//3326
f 3207//3207 3208//3208 3328//3328
f 3207//3207 3328//3328 3327//3327
f 3208//3208 3209//3209 3329//3329
f 3208//3208 3329//3329 3328//3328
f 3209//3209 3210//3210 3330//3330
f 3209//3209 3330//3330 3329//3329
f 3210//3210 3211//3211 3331//3331
f 3210//3210 3331//3331 3330//3330
f 3211//3211 3212//3212 3332//3332
f 3211//3211 3332//3332 3331//3331
f 3212//3212 3213//3213 3333//3333
f 3212//3212 3333//3333 3332//3332
f 3213//3213 3214//3214 3334//3334
f 3213//3213 3334//3334 3333//3333
f 3214//3214 3215//3215 3335//3335
f 3214//3214 3335//3335 3334//3334
f 3215//3215 3216//3216 3336//3336
f 3215//3215 3336//3336 3335//3335
f 3216//3216 3217//3217 3337//3337
f 3216//3216 3337//3337 3336//3336
f 3217//3217 3218//3218 3338//3338
f 3217//3217 3338//3338 3337//3337
f 3218//3218 3219//3219 3339//3339
f 3218//3218 3339//3339 3338//3338
f 3219//3219 3220//3220 3340//3340
f 3219//3219 3340//3340 3339//3339
f 3220//3220 3221//3221 3341//3341
f 3220//3220 3341//3341 3340//3340
f 3221//3221 3222//3222 3342//3342
f 3221//3221 3342//3342 3341//3341
f 3222//3222 3223//3223 3343//3343
f 3222//3222 3343//3343 3342//3342
f 3223//3223 3224//3224 3344//3344
f 3223//3223 3344//3344 3343//3343
f 3224//3224 3225//3225 3345//3345
f 3224//3224 3345//3345 3344//3344
f 3225//3225 3226//3226 3346//3346
f 3225//3225 3346//3346 3345//3345
f 3226//3226 3227//3227 3347//3347
f 3226//3226 3347//3347 3346//3346
f 3227//3227 3228//3228 3348//3348
f 3227//3227 3348//3348 3347//3347
f 3228//3228 3229//3229 3349//3349
f 3228//3228 3349//3349 3348//3348
f 3229//3229 3230//3230 3350//3350
f 3229//3229 3350//3350 3349//3349
f 3230//3230 3231//3231 3351//3351
f 3230//3230 3351//3351 3350//3350
f 3231//3231 3232//3232 3352//3352
f 3231//3231 3352//3352 3351//3351
f 3232//3232 3233//3233 3353//3353
f 3232//3232 3353//3353 3352//3352
f 3233//3233 3234//3234 3354//3354
f 3233//3233 3354//3354 3353//3353
f 3234//3234 3235//3235 3355//3355
f 3234//3234 3355//3355 3354//3354
f 3235//3235 3236//3236 3356//3356
f 3235//3235 3356//3356 3355//3355
f 3236//3236 3237//3237 3357//3357
f 3236//3236 3357//3357 3356//3356
f 3237//3237 3238//3238 3358//3358
f 3237//3237 3358//3358 3357//3357
f 3238//3238 3239//3239 3359//3359
f 3238//3238 3359//3359 3358//3358
f 3239//3239 3240//3240 3360//3360
f 3239//3239 3360//3360 3359//3359
f 3240//3240 3241//3241 3361//3361
f 3240//3240 3361//3361 3360//3360
f 3241//3241 3242//3242 3362//3362
f 3241//3241 3362//3362 3361//3361
f 3242//3242 3243//3243 3363//3363
f 3242//3242 3363//3363 3362//3362
f 3243//3243 3124//3124 3244//3244
f 3243//3243 3244//3244 3363//3363
f 3244//3244 3245//3245 3365//3365
f 3244//3244 3365//3365 3364//3364
f 3245//3245 3246//3246 3366//3366
f 3245//3245 3366//3366 3365//3365
f 3246//3246 3247//3247 3367//3367
f 3246//3246 3367//3367 3366//3366
f 3247//3247 3248//3248 3368//3368
f 3247//3247 3368//3368 3367//3367
f 3248//3248 3249//3249 3369//3369
f 3248//3248 3369//3369 3368//3368
f 3249//3249 3250//3250 3370//3370
f 3249//3249 3370//3370 3369//3369
f 3250//3250 3251//3251 3371//3371
f 3250//3250 3371//3371 3370//3370
f 3251//3251 3252//3252 3372//3372
f 3251//3251 3372//3372 3371//3371
f 3252//3252 3253//3253 3373//3373
f 3252//3252 3373//3373 3372//3372
f 3253//3253 3254//3254 3374//3374
f 3253//3253 3374//3374 3373//3373
f 3254//3254 3255//3255 3375//3375
f 3254//3254 3375//3375 3374//3374
f 3255//3255 3256//3256 3376//3376
f 3255//3255 3376//3376 3375//3375
f 3256//3256 3257//3257 3377//3377
f 3256//3256 3377//3377 3376//3376
f 3257//3257 3258//3258 3378//3378
f 3257//3257 3378//3378 3377//3377
f 3258//3258 3259//3259 3379//3379
f 3258//3258 3379//3379 3378//3378
f 3259//3259 3260//3260 3380//3380
f 3259//3259 3380//3380 3379//3379
f 3260//3260 3261//3261 3381//3381
f 3260//3260 3381//3381 3380//3380
f 3261//3261 3262//3262 3382//3382
f 3261//3261 3382//3382 3381//3381
f 3262//3262 3263//3263 3383//3383
f 3262//3262 3383//3383 3382//3382
f 3263//3263 3264//3264 3384//3384
f 3263//3263 3384//3384 3383//3383
f 3264//3264 3265//3265 3385//3385
f 3264//3264 3385//3385 3384//3384
f 3265//3265 3266//3266 3386//3386
f 3265//3265 3386//3386 3385//3385
f 3266//3266 3267//3267 3387//3387
f 3266//3266 3387//3387 3386//3386
f 3267//3267 3268//3268 3388//3388
f 3267//3267 3388//3388 3387//3387
f 3268//3268 3269//3269 3389//3389
f 3268//3268 3389//3389 3388//3388
f 3269//3269 3270//3270 3390//3390
f 3269//3269 3390//3390 3389//3389
f 3270//3270 3271//3271 3391//3391
f 3270//3270 3391//3391 3390//3390
f 3271//3271 3272//3272 3392//3392
f 3271//3271 3392//3392 3391//3391
f 3272//3272 3273//3273 3393//3393
f 3272//3272 3393//3393 3392//3392
f 3273//3273 3274//3274 3394//3394
f 3273//3273 3394//3394 3393//3393
f 3274//3274 3275//3275 3395//3395
f 3274//3274 3395//3395 3394//3394
f 3275//3275 3276//3276 3396//3396
f 3275//3275 3396//3396 3395//3395
f 3276//3276 3277//3277 3397//3397
f 3276//3276 3397//3397 3396//3396
f 3277//3277 3278//3278 3398//3398
f 3277//3277 3398//3398 3397//3397
f 3278//3278 3279//3279 3399//3399
f 3278//3278 3399//3399 3398//3398
f 3279//3279 3280//3280 3400//3400
f 3279//3279 3400//3400 3399//3399
f 3280//3280 3281//3281 3401//3401
f 3280//3280 3401//3401 3400//3400
f 3281//3281 3282//3282 3402//3402
f 3281//3281 3402//3402 3401//3401
f 3282//3282 3283//3283 3403//3403
f 3282//3282 3403//3403 3402//3402
f 3283//3283 3284//3284 3404//3404
f 3283//3283 3404//3404 3403//3403
f 3284//3284 3285//3285 3405//3405
f 3284//3284 3405//3405 3404//3404
f 3285//3285 3286//3286 3406//3406
f 3285//3285 3406//3406 3405//3405
f 3286//3286 3287//3287 3407//3407
f 3286//3286 3407//3407 3406//3406
f 3287//3287 3288//3288 3408//3408
f 3287//3287 3408//3408 3407//3407
f 3288//3288 3289//3289 3409//3409
f 3288//3288 3409//3409 3408//3408
f 3289//3289 3290//3290 3410//3410
f 3289//3289 3410//3410 3409//3409
f 3290//3290 3291//3291 3411//3411
f 3290//3290 3411//3411 3410//3410
f 3291//3291 3292//3292 3412//3412
f 3291//3291 3412//3412 3411//3411
f 3292//3292 3293//3293 3413//3413
f 3292//3292 3413//3413 3412//3412
f 3293//3293 3294//3294 3414//3414
f 3293//3293 3414//3414 3413//3413
f 3294//3294 3295//3295 3415//3415
f 3294//3294 3415//3415 3414//3414
f 3295//3295 3296//3296 3416//3416
f 3295//3295 3416//3416 3415//3415
f 3296//3296 3297//3297 3417//3417
f 3296//3296 3417//3417 3416//3416
f 3297//3297 3298//3298 3418//3418
f 3297//3297 3418//3418 3417//3417
f 3298//3298 3299//3299 3419//3419
f 3298//3298 3419//3419 3418//3418
f 3299//3299 3300//3300 3420//3420
f 3299//3299 3420//3420 3419//3419
f 3300//3300 3301//3301 3421//3421
f 3300//3300 3421//3421 3420//3420
f 3301//3301 3302//3302 3422//3422
f 3301//3301 3422//3422 3421//3421
f 3302//3302 3303//3303 3423//3423
f 3302//3302 3423//3423 3422//3422
f 3303//3303 3304//3304 3424//3424
f 3303//3303 3424//3424 3423//3423
f 3304//3304 3305//3305 3425//3425
f 3304//3304 3425//3425 3424//3424
f 3305//3305 3306//3306 3426//3426
f 3305//3305 3426//3426 3425//3425
f 3306//3306 3307//3307 3427//3427
f 3306//3306 3427//3427 3426//3426
f 3307//3307 3308//3308 3428//3428
f 3307//3307 3428//3428 3427//3427
f 3308//3308 3309//3309 3429//3429
f 3308//3308 3429//3429 3428//3428
f 3309//3309 3310//3310 3430//3430
f 3309//3309 3430//3430 3429//3429
f 3310//3310 3311//3311 3431//3431
f 3310//3310 3431//3431 3430//3430
f 3311//3311 3312//3312 3432//3432
f 3311//3311 3432//3432 3431//3431
f 3312//3312 3313//3313 3433//3433
f 3312//3312 3433//3433 3432//3432
f 3313//3313 3314//3314 3434//3434
f 3313//3313 3434//3434 3433//3433
f 3314//3314 3315//3315 3435//3435
f 3314//3314 3435//3435 3434//3434
f 3315//3315 3316//3316 3436//3436
f 3315//3315 3436//3436 3435//3435
f 3316//3316 3317//3317 3437//3437
f 3316//3316 3437//3437 3436//3436
f 3317//3317 3318//3318 3438//3438
f 3317//3317 3438//3438 3437//3437
f 3318//3318 3319//3319 3439//3439
f 3318//3318 3439//3439 3438//3438
f 3319//3319 3320//3320 3440//3440
f 3319//3319 3440//3440 3439//3439
f 3320//3320 3321//3321 3441//3441
f 3320//3320 3441//3441 3440//3440
f 3321//3321 3322//3322 3442//3442
f 3321//3321 3442//3442 3441//3441
f 3322//3322 3323//3323 3443//3443
f 3322//3322 3443//3443 3442//3442
f 3323//3323 3324//3324 3444//3444
f 3323//3323 3444//3444 3443//3443
f 3324//3324 3325//3325 3445//3445
f 3324//3324 3445//3445 3444//3444
f 3325//3325 3326//3326 3446//3446
f 3325//3325 3446//3446 3445//3445
f 3326//3326 3327//3327 3447//3447
f 3326//3326 3447//3447 3446//3446
f 3327//3327 3328//3328 3448//3448
f 3327//3327 3448//3448 3447//3447
f 3328//3328 3329//3329 3449//3449
f 3328//3328 3449//3449 3448//3448
f 3329//3329 3330//3330 3450//3450
f 3329//3329 3450//3450 3449//3449
f 3330//3330 3331//3331 3451//3451
f 3330//3330 3451//3451 3450//3450
f 3331//3331 3332//3332 3452//3452
f 3331//3331 3452//3452 3451//3451
f 3332//3332 3333//3333 3453//3453
f 3332//3332 3453//3453 3452//3452
f 3333//3333 3334//3334 3454//3454
f 3333//3333 3454//3454 3453//3453
f 3334//3334 3335//3335 3455//3455
f 3334//3334 3455//3455 3454//3454
f 3335//3335 3336//3336 3456//3456
f 3335//3335 3456//3456 3455//3455
f 3336//3336 3337//3337 3457//3457
f 3336//3336 3457//3457 3456//3456
f 3337//3337 3338//3338 3458//3458
f 3337//3337 3458//3458 3457//3457
f 3338//3338 3339//3339 3459//3459
f 3338//3338 3459//3459 3458//3458
f 3339//3339 3340//3340 3460//3460
f 3339//3339 3460//3460 3459//3459
f 3340//3340 3341//3341 3461//3461
f 3340//3340 3461//3461 3460//3460
f 3341//3341 3342//3342 3462//3462
f 3341//3341 3462//3462 3461//3461
f 3342//3342 3343//3343 3463//3463
f 3342//3342 3463//3463 3462//3462
f 3343//3343 3344//3344 3464//3464
f 3343//3343 3464//3464 3463//3463
f 3344//3344 3345//3345 3465//3465
f 3344//3344 3465//3465 3464//3464
f 3345//3345 3346//3346 3466//3466
f 3345//3345 3466//3466 3465//3465
f 3346//3346 3347//3347 3467//3467
f 3346//3346 3467//3467 3466//3466
f 3347//3347 3348//3348 3468//3468
f 3347//3347 3468//3468 3467//3467
f 3348//3348 3349//3349 3469//3469
f 3348//3348 3469//3469 3468//3468
f 3349//3349 3350//3350 3470//3470
f 3349//3349 3470//3470 3469//3469
f 3350//3350 3351//3351 3471//3471
f 3350//3350 3471//3471 3470//3470
f 3351//3351 3352//3352 3472//3472
f 3351//3351 3472//3472 3471//3471
f 3352//3352 3353//3353 3473//3473
f 3352//3352 3473//3473 3472//3472
f 3353//3353 3354//3354 3474//3474
f 3353//3353 3474//3474 3473//3473
f 3354//3354 3355//3355 3475//3475
f 3354//3354 3475//3475 3474//3474
f 3355//3355 3356//3356 3476//3476
f 3355//3355 3476//3476 3475//3475
f 3356//3356 3357//3357 3477//3477
f 3356//3356 3477//3477 3476//3476
f 3357//3357 3358//3358 3478//3478
f 3357//3357 3478//3478 3477//3477
f 3358//3358 3359//3359 3479//3479
f 3358//3358 3479//3479 3478//3478
f 3359//3359 3360//3360 3480//3480
f 3359//3359 3480//3480 3479//3479
f 3360//3360 3361//3361 3481//3481
f 3360//3360 3481//3481 3480//3480
f 3361//3361 3362//3362 3482//3482
f 3361//3361 3482//3482 3481//3481
f 3362//3362 3363//3363 3483//3483
f 3362//3362 3483//3483 3482//3482
f 3363//3363 3244//3244 3364//3364
f 3363//3363 3364//3364 3483//3483
f 3364//3364 3365//3365 3485//3485
f 3364//3364 3485//3485 3484//3484
f 3365//3365 3366//3366 3486//3486
f 3365//3365 3486//3486 3485//3485
f 3366//3366 3367//3367 3487//3487
f 3366//3366 3487//3487 3486//3486
f 3367//3367 3368//3368 3488//3488
f 3367//3367 3488//3488 3487//3487
f 3368//3368 3369//3369 3489//3489
f 3368//3368 3489//3489 3488//3488
f 3369//3369 3370//3370 3490//3490
f 3369//3369 3490//3490 3489//3489
f 3370//3370 3371//3371 3491//3491
f 3370//3370 3491//3491 3490//3490
f 3371//3371 3372//3372 3492//3492
f 3371//3371 3492//3492 3491//3491
f 3372//3372 3373//3373 3493//3493
f 3372//3372 3493//3493 3492//3492
f 3373//3373 3374//3374 3494//3494
f 3373//3373 3494//3494 3493//3493
f 3374//3374 3375//3375 3495//3495
f 3374//3374 3495//3495 3494//3494
f 3375//3375 3376//3376 3496//3496
f 3375//3375 3496//3496 3495//3495
f 3376//3376 3377//3377 3497//3497
f 3376//3376 3497//3497 3496//3496
f 3377//3377 3378//3378 3498//3498
f 3377//3377 3498//3498 3497//3497
f 3378//3378 3379//3379 3499//3499
f 3378//3378 3499//3499 3498//3498
f 3379//3379 3380//3380 3500//3500
f 3379//3379 3500//3500 3499//3499
f 3380//3380 3381//3381 3501//3501
f 3380//3380 3501//3501 3500//3500
f 3381//3381 3382//3382 3502//3502
f 3381//3381 3502//3502 3501//3501
f 3382//3382 3383//3383 3503//3503
f 3382//3382 3503//3503 3502//3502
f 3383//3383 3384//3384 3504//3504
f 3383//3383 3504//3504 3503//3503
f 3384//3384 3385//3385 3505//3505
f 3384//3384 3505//3505 3504//3504
f 3385//3385 3386//3386 3506//3506
f 3385//3385 3506//3506 3505//3505
f 3386//3386 3387//3387 3507//3507
f 3386//3386 3507//3507 3506//3506
f 3387//3387 3388//3388 3508//3508
f 3387//3387 3508//3508 3507//3507
f 3388//3388 3389//3389 3509//3509
f 3388//3388 3509//3509 3508//3508
f 3389//3389 3390//3390 3510//3510
f 3389//3389 3510//3510 3509//3509
f 3390//3390 3391//3391 3511//3511
f 3390//3390 3511//3511 3510//3510
f 3391//3391 3392//3392 3512//3512
f 3391//3391 3512//3512 3511//3511
f 3392//3392 3393//3393 3513//3513
f 3392//3392 3513//3513 3512//3512
f 3393//3393 3394//3394 3514//3514
f 3393//3393 3514//3514 3513//3513
f 3394//3394 3395//3395 3515//3515
f 3394//3394 3515//3515 3514//3514
f 3395//3395 3396//3396 3516//3516
f 3395//3395 3516//3516 3515//3515
f 3396//3396 3397//3397 3517//3517
f 3396//3396 3517//3517 3516//3516
f 3397//3397 3398//3398 3518//3518
f 3397//3397 3518//3518 3517//3517
f 3398//3398 3399//3399 3519//3519
f 3398//3398 3519//3519 3518//3518
f 3399//3399 3400//3400 3520//3520
f 3399//3399 3520//3520 3519//3519
f 3400//3400 3401//3401 3521//3521
f 3400//3400 3521//3521 3520//3520
f 3401//3401 3402//3402 3522//3522
f 3401//3401 3522//3522 3521//3521
f 3402//3402 3403//3403 3523//3523
f 3402//3402 3523//3523 3522//3522
f 3403//3403 3404//3404 3524//3524
f 3403//3403 3524//3524 3523//3523
f 3404//3404 3405//3405 3525//3525
f 3404//3404 3525//3525 3524//3524
f 3405//3405 3406//3406 3526//3526
f 3405//3405 3526//3526 3525//3525
f 3406//3406 3407//3407 3527//3527
f 3406//3406 3527//3527 3526//3526
f 3407//3407 3408//3408 3528//3528
f 3407//3407 3528//3528 3527//3527
f 3408//3408 3409//3409 3529//3529
f 3408//3408 3529//3529 3528//3528
f 3409//3409 3410//3410 3530//3530
f 3409//3409 3530//3530 3529//3529
f 3410//3410 3411//3411 3531//3531
f 3410//3410 3531//3531 3530//3530
f 3411//3411 3412//3412 3532//3532
f 3411//3411 3532//3532 3531//3531
f 3412//3412 3413//3413 3533//3533
f 3412//3412 3533//3533 3532//3532
f 3413//3413 3414//3414 3534//3534
f 3413//3413 3534//3534 3533//3533
f 3414//3414 3415//3415 3535//3535
f 3414//3414 3535//3535 3534//3534
f 3415//3415 3416//3416 3536//3536
f 3415//3415 3536//3536 3535//3535
f 3416//3416 3417//3417 3537//3537
f 3416//3416 3537//3537 3536//3536
f 3417//3417 3418//3418 3538//3538
f 3417//3417 3538//3538 3537//3537
f 3418//3418 3419//3419 3539//3539
f 3418//3418 3539//3539 3538//3538
f 3419//3419 3420//3420 3540//3540
f 3419//3419 3540//3540 3539//3539
f 3420//3420 3421//3421 3541//3541
f 3420//3420 3541//3541 3540//3540
f 3421//3421 3422//3422 3542//3542
f 3421//3421 3542//3542 3541//3541
f 3422//3422 3423//3423 3543//3543
f 3422//3422 3543//3543 3542//3542
f 3423//3423 3424//3424 3544//3544
f 3423//3423 3544//3544 3543//3543
f 3424//3424 3425//3425 3545//3545
f 3424//3424 3545//3545 3544//3544
f 3425//3425 3426//3426 3546//3546
f 3425//3425 3546//3546 3545//3545
f 3426//3426 3427//3427 3547//3547
f 3426//3426 3547//3547 3546//3546
f 3427//3427 3428//3428 3548//3548
f 3427//3427 3548//3548 3547//3547
f 3428//3428 3429//3429 3549//3549
f 3428//3428 3549//3549 3548//3548
f 3429//3429 3430//3430 3550//3550
f 3429//3429 3550//3550 3549//3549
f 3430//3430 3431//3431 3551//3551
f 3430//3430 3551//3551 3550//3550
f 3431//3431 3432//3432 3552//3552
f 3431//3431 3552//3552 3551//3551
f 3432//3432 3433//3433 3553//3553
f 3432//3432 3553//3553 3552//3552
f 3433//3433 3434//3434 3554//3554
f 3433//3433 3554//3554 3553//3553
f 3434//3434 3435//3435 3555//3555
f 3434//3434 3555//3555 3554//3554
f 3435//3435 3436//3436 3556//3556
f 3435//3435 3556//3556 3555//3555
f 3436//3436 3437//3437 3557//3557
f 3436//3436 3557//3557 3556//3556
f 3437//3437 3438//3438 3558//3558
f 3437//3437 3558//3558 3557//3557
f 3438//3438 3439//3439 3559//3559
f 3438//3438 3559//3559 3558//3558
f 3439//3439 3440//3440 3560//3560
f 3439//3439 3560//3560 3559//3559
f 3440//3440 3441//3441 3561//3561
f 3440//3440 3561//3561 3560//3560
f 3441//3441 3442//3442 3562//3562
f 3441//3441 3562//3562 3561//3561
f 3442//3442 3443//3443 3563//3563
f 3442//3442 3563//3563 3562//3562
f 3443//3443 3444//3444 3564//3564
f 3443//3443 3564//3564 3563//3563
f 3444//3444 3445//3445 3565//3565
f 3444//3444 3565//3565 3564//3564
f 3445//3445 3446//3446 3566//3566
f 3445//3445 3566//3566 3565//3565
f 3446//3446 3447//3447 3567//3567
f 3446//3446 3567//3567 3566//3566
f 3447//3447 3448//3448 3568//3568
f 3447//3447 3568//3568 3567//3567
f 3448//3448 3449//3449 3569//3569
f 3448//3448 3569//3569 3568//3568
f 3449//3449 3450//3450 3570//3570
f 3449//3449 3570//3570 3569//3569
f 3450//3450 3451//3451 3571//3571
f 3450//3450 3571//3571 3570//3570
f 3451//3451 3452//3452 3572//3572
f 3451//3451 3572//3572 3571//3571
f 3452//3452 3453//3453 3573//3573
f 3452//3452 3573//3573 3572//3572
f 3453//3453 3454//3454 3574//3574
f 3453//3453 3574//3574 3573//3573
f 3454//3454 3455//3455 3575//3575
f 3454//3454 3575//3575 3574//3574
f 3455//3455 3456//3456 3576//3576
f 3455//3455 3576//3576 3575//3575
f 3456//3456 3457//3457 3577//3577
f 3456//3456 3577//3577 3576//3576
f 3457//3457 3458//3458 3578//3578
f 3457//3457 3578//3578 3577//3577
f 3458//3458 3459//3459 3579//3579
f 3458//3458 3579//3579 3578//3578
f 3459//3459 3460//3460 3580//3580
f 3459//3459 3580//3580 3579//3579
f 3460//3460 3461//3461 3581//3581
f 3460//3460 3581//3581 3580//3580
f 3461//3461 3462//3462 3582//3582
f 3461//3461 3582//3582 3581//3581
f 3462//3462 3463//3463 3583//3583
f 3462//3462 3583//3583 3582//3582
f 3463//3463 3464//3464 3584//3584
f 3463//3463 3584//3584 3583//3583
f 3464//3464 3465//3465 3585//3585
f 3464//3464 3585//3585 3584//3584
f 3465//3465 3466//3466 3586//3586
f 3465//3465 3586//3586 3585//3585
f 3466//3466 3467//3467 3587//3587
f 3466//3466 3587//3587 3586//3586
f 3467//3467 3468//3468 3588//3588
f 3467//3467 3588//3588 3587//3587
f 3468//3468 3469//3469 3589//3589
f 3468//3468 3589//3589 3588//3588
f 3469//3469 3470//3470 3590//3590
f 3469//3469 3590//3590 3589//3589
f 3470//3470 3471//3471 3591//3591
f 3470//3470 3591//3591 3590//3590
f 3471//3471 3472//3472 3592//3592
f 3471//3471 3592//3592 3591//3591
f 3472//3472 3473//3473 3593//3593
f 3472//3472 3593//3593 3592//3592
f 3473//3473 3474//3474 3594//3594
f 3473//3473 3594//3594 3593//3593
f 3474//3474 3475//3475 3595//3595
f 3474//3474 3595//3595 3594//3594
f 3475//3475 3476//3476 3596//3596
f 3475//3475 3596//3596 3595//3595
f 3476//3476 3477//3477 3597//3597
f 3476//3476 3597//3597 3596//3596
f 3477//3477 3478//3478 3598//3598
f 3477//3477 3598//3598 3597//3597
f 3478//3478 3479//3479 3599//3599
f 3478//3478 3599//3599 3598//3598
f 3479//3479 3480//3480 3600//3600
f 3479//3479 3600//3600 3599//3599
f 3480//3480 3481//3481 3601//3601
f 3480//3480 3601//3601 3600//3600
f 3481//3481 3482//3482 3602//3602
f 3481//3481 3602//3602 3601//3601
f 3482//3482 3483//3483 3603//3603
f 3482//3482 3603//3603 3602//3602
f 3483//3483 3364//3364 3484//3484
f 3483//3483 3484//3484 3603//3603
f 3484//3484 3485//3485 3605//3605
f 3484//3484 3605//3605 3604//3604
f 3485//3485 3486//3486 3606//3606
f 3485//3485 3606//3606 3605//3605
f 3486//3486 3487//3487 3607//3607
f 3486//3486 3607//3607 3606//3606
f 3487//3487 3488//3488 3608//3608
f 3487//3487 3608//3608 3607//3607
f 3488//3488 3489//3489 3609//3609
f 3488//3488 3609//3609 3608//3608
f 3489//3489 3490//3490 3610//3610
f 3489//3489 3610//3610 3609//3609
f 3490//3490 3491//3491 3611//3611
f 3490//3490 3611//3611 3610//3610
f 3491//3491 3492//3492 3612//3612
f 3491//3491 3612//3612 3611//3611
f 3492//3492 3493//3493 3613//3613
f 3492//3492 3613//3613 3612//3612
f 3493//3493 3494//3494 3614//3614
f 3493//3493 3614//3614 3613//3613
f 3494//3494 3495//3495 3615//3615
f 3494//3494 3615//3615 3614//3614
f 3495//3495 3496//3496 3616//3616
f 3495//3495 3616//3616 3615//3615
f 3496//3496 3497//3497 3617//3617
f 3496//3496 3617//3617 3616//3616
f 3497//3497 3498//3498 3618//3618
f 3497//3497 3618//3618 3617//3617
f 3498//3498 3499//3499 3619//3619
f 3498//3498 3619//3619 3618//3618
f 3499//3499 3500//3500 3620//3620
f 3499//3499 3620//3620 3619//3619
f 3500//3500 3501//3501 3621//3621
f 3500//3500 3621//3621 3620//3620
f 3501//3501 3502//3502 3622//3622
f 3501//3501 3622//3622 3621//3621
f 3502//3502 3503//3503 3623//3623
f 3502//3502 3623//3623 3622//3622
f 3503//3503 3504//3504 3624//3624
f 3503//3503 3624//3624 3623//3623
f 3504//3504 3505//3505 3625//3625
f 3504//3504 3625//3625 3624//3624
f 3505//3505 3506//3506 3626//3626
f 3505//3505 3626//3626 3625//3625
f 3506//3506 3507//3507 3627//3627
f 3506//3506 3627//3627 3626//3626
f 3507//3507 3508//3508 3628//3628
f 3507//3507 3628//3628 3627//3627
f 3508//3508 3509//3509 3629//3629
f 3508//3508 3629//3629 3628//3628
f 3509//3509 3510//3510 3630//3630
f 3509//3509 3630//3630 3629//3629
f 3510//3510 3511//3511 3631//3631
f 3510//3510 3631//3631 3630//3630
f 3511//3511 3512//3512 3632//3632
f 3511//3511 3632//3632 3631//3631
f 3512//3512 3513//3513 3633//3633
f 3512//3512 3633//3633 3632//3632
f 3513//3513 3514//3514 3634//3634
f 3513//3513 3634//3634 3633//3633
f 3514//3514 3515//3515 3635//3635
f 3514//3514 3635//3635 3634//3634
f 3515//3515 3516//3516 3636//3636
f 3515//3515 3636//3636 3635//3635
f 3516//3516 3517//3517 3637//3637
f 3516//3516 3637//3637 3636//3636
f 3517//3517 3518//3518 3638//3638
f 3517//3517 3638//3638 3637//3637
f 3518//3518 3519//3519 3639//3639
f 3518//3518 3639//3639 3638//3638
f 3519//3519 3520//3520 3640//3640
f 3519//3519 3640//3640 3639//3639
f 3520//3520 3521//3521 3641//3641
f 3520//3520 3641//3641 3640//3640
f 3521//3521 3522//3522 3642//3642
f 3521//3521 3642//3642 3641//3641
f 3522//3522 3523//3523 3643//3643
f 3522//3522 3643//3643 3642//3642
f 3523//3523 3524//3524 3644//3644
f 3523//3523 3644//3644 3643//3643
f 3524//3524 3525//3525 3645//3645
f 3524//3524 3645//3645 3644//3644
f 3525//3525 3526//3526 3646//3646
f 3525//3525 3646//3646 3645//3645
f 3526//3526 3527//3527 3647//3647
f 3526//3526 3647//3647 3646//3646
f 3527//3527 3528//3528 3648//3648
f 3527//3527 3648//3648 3647//3647
f 3528//3528 3529//3529 3649//3649
f 3528//3528 3649//3649 3648//3648
f 3529//3529 3530//3530 3650//3650
f 3529//3529 3650//3650 3649//3649
f 3530//3530 3531//3531 3651//3651
f 3530//3530 3651//3651 3650//3650
f 3531//3531 3532//3532 3652//3652
f 3531//3531 3652//3652 3651//3651
f 3532//3532 3533//3533 3653//3653
f 3532//3532 3653//3653 3652//3652
f 3533//3533 3534//3534 3654//3654
f 3533//3533 3654//3654 3653//3653
f 3534//3534 3535//3535 3655//3655
f 3534//3534 3655//3655 3654//3654
f 3535//3535 3536//3536 3656//3656
f 3535//3535 3656//3656 3655//3655
f 3536//3536 3537//3537 3657//3657
f 3536//3536 3657//3657 3656//3656
f 3537//3537 3538//3538 3658//3658
f 3537//3537 3658//3658 3657//3657
f 3538//3538 3539//3539 3659//3659
f 3538//3538 3659//3659 3658//3658
f 3539//3539 3540//3540 3660//3660
f 3539//3539 3660//3660 3659//3659
f 3540//3540 3541//3541 3661//3661
f 3540//3540 3661//3661 3660//3660
f 3541//3541 3542//3542 3662//3662
f 3541//3541 3662//3662 3661//3661
f 3542//3542 3543//3543 3663//3663
f 3542//3542 3663//3663 3662//3662
f 3543//3543 3544//3544 3664//3664
f 3543//3543 3664//3664 3663//3663
f 3544//3544 3545//3545 3665//3665
f 3544//3544 3665//3665 3664//3664
f 3545//3545 3546//3546 3666//3666
f 3545//3545 3666//3666 3665//3665
f 3546//3546 3547//3547 3667//3667
f 3546//3546 3667//3667 3666//3666
f 3547//3547 3548//3548 3668//3668
f 3547//3547 3668//3668 3667//3667
f 3548//3548 3549//3549 3669//3669
f 3548//3548 3669//3669 3668//3668
f 3549//3549 3550//3550 3670//3670
f 3549//3549 3670//3670 3669//3669
f 3550//3550 3551//3551 3671//3671
f 3550//3550 3671//3671 3670//3670
f 3551//3551 3552//3552 3672//3672
f 3551//3551 3672//3672 3671//3671
f 3552//3552 3553//3553 3673//3673
f 3552//3552 3673//3673 3672//3672
f 3553//3553 3554//3554 3674//3674
f 3553//3553 3674//3674 3673//3673
f 3554//3554 3555//3555 3675//3675
f 3554//3554 3675//3675 3674//3674
f 3555//3555 3556//3556 3676//3676
f 3555//3555 3676//3676 3675//3675
f 3556//3556 3557//3557 3677//3677
f 3556//3556 3677//3677 3676//3676
f 3557//3557 3558//3558 3678//3678
f 3557//3557 3678//3678 3677//3677
f 3558//3558 3559//3559 3679//3679
f 3558//3558 3679//3679 3678//3678
f 3559//3559 3560//3560 3680//3680
f 3559//3559 3680//3680 3679//3679
f 3560//3560 3561//3561 3681//3681
f 3560//3560 3681//3681 3680//3680
f 3561//3561 3562//3562 3682//3682
f 3561//3561 3682//3682 3681//3681
f 3562//3562 3563//3563 3683//3683
f 3562//3562 3683//3683 3682//3682
f 3563//3563 3564//3564 3684//3684
f 3563//3563 3684//3684 3683//3683
f 3564//3564 3565//3565 3685//3685
f 3564//3564 3685//3685 3684//3684
f 3565//3565 3566//3566 3686//3686
f 3565//3565 3686//3686 3685//3685
f 3566//3566 3567//3567 3687//3687
f 3566//3566 3687//3687 3686//3686
f 3567//3567 3568//3568 3688//3688
f 3567//3567 3688//3688 3687//3687
f 3568//3568 3569//3569 3689//3689
f 3568//3568 3689//3689 3688//3688
f 3569//3569 3570//3570 3690//3690
f 3569//3569 3690//3690 3689//3689
f 3570//3570 3571//3571 3691//3691
f 3570//3570 3691//3691 3690//3690
f 3571//3571 3572//3572 3692//3692
f 3571//3571 3692//3692 3691//3691
f 3572//3572 3573//3573 3693//3693
f 3572//3572 3693//3693 3692//3692
f 3573//3573 3574//3574 3694//3694
f 3573//3573 3694//3694 3693//3693
f 3574//3574 3575//3575 3695//3695
f 3574//3574 3695//3695 3694//3694
f 3575//3575 3576//3576 3696//3696
f 3575//3575 3696//3696 3695//3695
f 3576//3576 3577//3577 3697//3697
f 3576//3576 3697//3697 3696//3696
f 3577//3577 3578//3578 3698//3698
f 3577//3577 3698//3698 3697//3697
f 3578//3578 3579//3579 3699//3699
f 3578//3578 3699//3699 3698//3698
f 3579//3579 3580//3580 3700//3700
f 3579//3579 3700//3700 3699//3699
f 3580//3580 3581//3581 3701//3701
f 3580//3580 3701//3701 3700//3700
f 3581//3581 3582//3582 3702//3702
f 3581//3581 3702//3702 3701//3701
f 3582//3582 3583//3583 3703//3703
f 3582//3582 3703//3703 3702//3702
f 3583//3583 3584//3584 3704//3704
f 3583//3583 3704//3704 3703//3703
f 3584//3584 3585//3585 3705//3705
f 3584//3584 3705//3705 3704//3704
f 3585//3585 3586//3586 3706//3706
f 3585//3585 3706//3706 3705//3705
f 3586//3586 3587//3587 3707//3707
f 3586//3586 3707//3707 3706//3706
f 3587//3587 3588//3588 3708//3708
f 3587//3587 3708//3708 3707//3707
f 3588//3588 3589//3589 3709//3709
f 3588//3588 3709//3709 3708//3708
f 3589//3589 3590//3590 3710//3710
f 3589//3589 3710//3710 3709//3709
f 3590//3590 3591//3591 3711//3711
f 3590//3590 3711//3711 3710//3710
f 3591//3591 3592//3592 3712//3712
f 3591//3591 3712//3712 3711//3711
f 3592//3592 3593//3593 3713//3713
f 3592//3592 3713//3713 3712//3712
f 3593//3593 3594//3594 3714//3714
f 3593//3593 3714//3714 3713//3713
f 3594//3594 3595//3595 3715//3715
f 3594//3594 3715//3715 3714//3714
f 3595//3595 3596//3596 3716//3716
f 3595//3595 3716//3716 3715//3715
f 3596//3596 3597//3597 3717//3717
f 3596//3596 3717//3717 3716//3716
f 3597//3597 3598//3598 3718//3718
f 3597//3597 3718//3718 3717//3717
f 3598//3598 3599//3599 3719//3719
f 3598//3598 3719//3719 3718//3718
f 3599//3599 3600//3600 3720//3720
f 3599//3599 3720//3720 3719//3719
f 3600//3600 3601//3601 3721//3721
f 3600//3600 3721//3721 3720//3720
f 3601//3601 3602//3602 3722//3722
f 3601//3601 3722//3722 3721//3721
f 3602//3602 3603//3603 3723//3723
f 3602//3602 3723//3723 3722//3722
f 3603//3603 3484//3484 3604//3604
f 3603//3603 3604//3604 3723//3723
f 3604//3604 3605//3605 3725//3725
f 3604//3604 3725//3725 3724//3724
f 3605//3605 3606//3606 3726//3726
f 3605//3605 3726//3726 3725//3725
f 3606//3606 3607//3607 3727//3727
f 3606//3606 3727//3727 3726//3726
f 3607//3607 3608//3608 3728//3728
f 3607//3607 3728//3728 3727//3727
f 3608//3608 3609//3609 3729//3729
f 3608//3608 3729//3729 3728//3728
f 3609//3609 3610//3610 3730//3730
f 3609//3609 3730//3730 3729//3729
f 3610//3610 3611//3611 3731//3731
f 3610//3610 3731//3731 3730//3730
f 3611//3611 3612//3612 3732//3732
f 3611//3611 3732//3732 3731//3731
f 3612//3612 3613//3613 3733//3733
f 3612//3612 3733//3733 3732//3732
f 3613//3613 3614//3614 3734//3734
f 3613//3613 3734//3734 3733//3733
f 3614//3614 3615//3615 3735//3735
f 3614//3614 3735//3735 3734//3734
f 3615//3615 3616//3616 3736//3736
f 3615//3615 3736//3736 3735//3735
f 3616//3616 3617//3617 3737//3737
f 3616//3616 3737//3737 3736//3736
f 3617//3617 3618//3618 3738//3738
f 3617//3617 3738//3738 3737//3737
f 3618//3618 3619//3619 3739//3739
f 3618//3618 3739//3739 3738//3738
f 3619//3619 3620//3620 3740//3740
f 3619//3619 3740//3740 3739//3739
f 3620//3620 3621//3621 3741//3741
f 3620//3620 3741//3741 3740//3740
f 3621//3621 3622//3622 3742//3742
f 3621//3621 3742//3742 3741//3741
f 3622//3622 3623//3623 3743//3743
f 3622//3622 3743//3743 3742//3742
f 3623//3623 3624//3624 3744//3744
f 3623//3623 3744//3744 3743//3743
f 3624//3624 3625//3625 3745//3745
f 3624//3624 3745//3745 3744//3744
f 3625//3625 3626//3626 3746//3746
f 3625//3625 3746//3746 3745//3745
f 3626//3626 3627//3627 3747//3747
f 3626//3626 3747//3747 3746//3746
f 3627//3627 3628//3628 3748//3748
f 3627//3627 3748//3748 3747//3747
f 3628//3628 3629//3629 3749//3749
f 3628//3628 3749//3749 3748//3748
f 3629//3629 3630//3630 3750//3750
f 3629//3629 3750//3750 3749//3749
f 3630//3630 3631//3631 3751//3751
f 3630//3630 3751//3751 3750//3750
f 3631//3631 3632//3632 3752//3752
f 3631//3631 3752//3752 3751//3751
f 3632//3632 3633//3633 3753//3753
f 3632//3632 3753//3753 3752//3752
f 3633//3633 3634//3634 3754//3754
f 3633//3633 3754//3754 3753//3753
f 3634//3634 3635//3635 3755//3755
f 3634//3634 3755//3755 3754//3754
f 3635//3635 3636//3636 3756//3756
f 3635//3635 3756//3756 3755//3755
f 3636//3636 3637//3637 3757//3757
f 3636//3636 3757//3757 3756//3756
f 3637//3637 3638//3638 3758//3758
f 3637//3637 3758//3758 3757//3757
f 3638//3638 3639//3639 3759//3759
f 3638//3638 3759//3759 3758//3758
f 3639//3639 3640//3640 3760//3760
f 3639//3639 3760//3760 3759//3759
f 3640//3640 3641//3641 3761//3761
f 3640//3640 3761//3761 3760//3760
f 3641//3641 3642//3642 3762//3762
f 3641//3641 3762//3762 3761//3761
f 3642//3642 3643//3643 3763//3763
f 3642//3642 3763//3763 3762//3762
f 3643//3643 3644//3644 3764//3764
f 3643//3643 3764//3764 3763//3763
f 3644//3644 3645//3645 3765//3765
f 3644//3644 3765//3765 3764//3764
f 3645//3645 3646//3646 3766//3766
f 3645//3645 3766//3766 3765//3765
f 3646//3646 3647//3647 3767//3767
f 3646//3646 3767//3767 3766//3766
f 3647//3647 3648//3648 3768//3768
f 3647//3647 3768//3768 3767//3767
f 3648//3648 3649//3649 3769//3769
f 3648//3648 3769//3769 3768//3768
f 3649//3649 3650//3650 3770//3770
f 3649//3649 3770//3770 3769//3769
f 3650//3650 3651//3651 3771//3771
f 3650//3650 3771//3771 3770//3770
f 3651//3651 3652//3652 3772//3772
f 3651//3651 3772//3772 3771//3771
f 3652//3652 3653//3653 3773//3773
f 3652//3652 3773//3773 3772//3772
f 3653//3653 3654//3654 3774//3774
f 3653//3653 3774//3774 3773//3773
f 3654//3654 3655//3655 3775//3775
f 3654//3654 3775//3775 3774//3774
f 3655//3655 3656//3656 3776//3776
f 3655//3655 3776//3776 3775//3775
f 3656//3656 3657//3657 3777//3777
f 3656//3656 3777//3777 3776//3776
f 3657//3657 3658//3658 3778//3778
f 3657//3657 3778//3778 3777//3777
f 3658//3658 3659//3659 3779//3779
f 3658//3658 3779//3779 3778//3778
f 3659//3659 3660//3660 3780//3780
f 3659//3659 3780//3780 3779//3779
f 3660//3660 3661//3661 3781//3781
f 3660//3660 3781//3781 3780//3780
f 3661//3661 3662//3662 3782//3782
f 3661//3661 3782//3782 3781//3781
f 3662//3662 3663//3663 3783//3783
f 3662//3662 3783//3783 3782//3782
f 3663//3663 3664//3664 3784//3784
f 3663//3663 3784//3784 3783//3783
f 3664//3664 3665//3665 3785//3785
f 3664//3664 3785//3785 3784//3784
f 3665//3665 3666//3666 3786//3786
f 3665//3665 3786//3786 3785//3785
f 3666//3666 3667//3667 3787//3787
f 3666//3666 3787//3787 3786//3786
f 3667//3667 3668//3668 3788//3788
f 3667//3667 3788//3788 3787//3787
f 3668//3668 3669//3669 3789//3789
f 3668//3668 3789//3789 3788//3788
f 3669//3669 3670//3670 3790//3790
f 3669//3669 3790//3790 3789//3789
f 3670//3670 3671//3671 3791//3791
f 3670//3670 3791//3791 3790//3790
f 3671//3671 3672//3672 3792//3792
f 3671//3671 3792//3792 3791//3791
f 3672//3672 3673//3673 3793//3793
f 3672//3672 3793//3793 3792//3792
f 3673//3673 3674//3674 3794//3794
f 3673//3673 3794//3794 3793//3793
f 3674//3674 3675//3675 3795//3795
f 3674//3674 3795//3795 3794//3794
f 3675//3675 3676//3676 3796//3796
f 3675//3675 3796//3796 3795//3795
f 3676//3676 3677//3677 3797//3797
f 3676//3676 3797//3797 3796//3796
f 3677//3677 3678//3678 3798//3798
f 3677//3677 3798//3798 3797//3797
f 3678//3678 3679//3679 3799//3799
f 3678//3678 3799//3799 3798//3798
f 3679//3679 3680//3680 3800//3800
f 3679//3679 3800//3800 3799//3799
f 3680//3680 3681//3681 3801//3801
f 3680//3680 3801//3801 3800//3800
f 3681//3681 3682//3682 3802//3802
f 3681//3681 3802//3802 3801//3801
f 3682//3682 3683//3683 3803//3803
f 3682//3682 3803//3803 3802//3802
f 3683//3683 3684//3684 3804//3804
f 3683//3683 3804//3804 3803//3803
f 3684//3684 3685//3685 3805//3805
f 3684//3684 3805//3805 3804//3804
f 3685//3685 3686//3686 3806//3806
f 3685//3685 3806//3806 3805//3805
f 3686//3686 3687//3687 3807//3807
f 3686//3686 3807//3807 3806//3806
f 3687//3687 3688//3688 3808//3808
f 3687//3687 3808//3808 3807//3807
f 3688//3688 3689//3689 3809//3809
f 3688//3688 3809//3809 3808//3808
f 3689//3689 3690//3690 3810//3810
f 3689//3689 3810//3810 3809//3809
f 3690//3690 3691//3691 3811//3811
f 3690//3690 3811//3811 3810//3810
f 3691//3691 3692//3692 3812//3812
f 3691//3691 3812//3812 3811//3811
f 3692//3692 3693//3693 3813//3813
f 3692//3692 3813//3813 3812//3812
f 3693//3693 3694//3694 3814//3814
f 3693//3693 3814//3814 3813//3813
f 3694//3694 3695//3695 3815//3815
f 3694//3694 3815//3815 3814//3814
f 3695//3695 3696//3696 3816//3816
f 3695//3695 3816//3816 3815//3815
f 3696//3696 3697//3697 3817//3817
f 3696//3696 3817//3817 3816//3816
f 3697//3697 3698//3698 3818//3818
f 3697//3697 3818//3818 3817//3817
f 3698//3698 3699//3699 3819//3819
f 3698//3698 3819//3819 3818//3818
f 3699//3699 3700//3700 3820//3820
f 3699//3699 3820//3820 3819//3819
f 3700//3700 3701//3701 3821//3821
f 3700//3700 3821//3821 3820//3820
f 3701//3701 3702//3702 3822//3822
f 3701//3701 3822//3822 3821//3821
f 3702//3702 3703//3703 3823//3823
f 3702//3702 3823//3823 3822//3822
f 3703//3703 3704//3704 3824//3824
f 3703//3703 3824//3824 3823//3823
f 3704//3704 3705//3705 3825//3825
f 3704//3704 3825//3825 3824//3824
f 3705//3705 3706//3706 3826//3826
f 3705//3705 3826//3826 3825//3825
f 3706//3706 3707//3707 3827//3827
f 3706//3706 3827//3827 3826//3826
f 3707//3707 3708//3708 3828//3828
f 3707//3707 3828//3828 3827//3827
f 3708//3708 3709//3709 3829//3829
f 3708//3708 3829//3829 3828//3828
f 3709//3709 3710//3710 3830//3830
f 3709//3709 3830//3830 3829//3829
f 3710//3710 3711//3711 3831//3831
f 3710//3710 3831//3831 3830//3830
f 3711//3711 3712//3712 3832//3832
f 3711//3711 3832//3832 3831//3831
f 3712//3712 3713//3713 3833//3833
f 3712//3712 3833//3833 3832//3832
f 3713//3713 3714//3714 3834//3834
f 3713//3713 3834//3834 3833//3833
f 3714//3714 3715//3715 3835//3835
f 3714//3714 3835//3835 3834//3834
f 3715//3715 3716//3716 3836//3836
f 3715//3715 3836//3836 3835//3835
f 3716//3716 3717//3717 3837//3837
f 3716//3716 3837//3837 3836//3836
f 3717//3717 3718//3718 3838//3838
f 3717//3717 3838//3838 3837//3837
f 3718//3718 3719//3719 3839//3839
f 3718//3718 3839//3839 3838//3838
f 3719//3719 3720//3720 3840//3840
f 3719//3719 3840//3840 3839//3839
f 3720//3720 3721//3721 3841//3841
f 3720//3720 3841//3841 3840//3840
f 3721//3721 3722//3722 3842//3842
f 3721//3721 3842//3842 3841//3841
f 3722//3722 3723//3723 3843//3843
f 3722//3722 3843//3843 3842//3842
f 3723//3723 3604//3604 3724//3724
f 3723//3723 3724//3724 3843//3843
f 3724//3724 3725//3725 3845//3845
f 3724//3724 3845//3845 3844//3844
f 3725//3725 3726//3726 3846//3846
f 3725//3725 3846//3846 3845//3845
f 3726//3726 3727//3727 3847//3847
f 3726//3726 3847//3847 3846//3846
f 3727//3727 3728//3728 3848//3848
f 3727//3727 3848//3848 3847//3847
f 3728//3728 3729//3729 3849//3849
f 3728//3728 3849//3849 3848//3848
f 3729//3729 3730//3730 3850//3850
f 3729//3729 3850//3850 3849//3849
f 3730//3730 3731//3731 3851//3851
f 3730//3730 3851//3851 3850//3850
f 3731//3731 3732//3732 3852//3852
f 3731//3731 3852//3852 3851//3851
f 3732//3732 3733//3733 3853//3853
f 3732//3732 3853//3853 3852//3852
f 3733//3733 3734//3734 3854//3854
f 3733//3733 3854//3854 3853//3853
f 3734//3734 3735//3735 3855//3855
f 3734//3734 3855//3855 3854//3854
f 3735//3735 3736//3736 3856//3856
f 3735//3735 3856//3856 3855//3855
f 3736//3736 3737//3737 3857//3857
f 3736//3736 3857//3857 3856//3856
f 3737//3737 3738//3738 3858//3858
f 3737//3737 3858//3858 3857//3857
f 3738//3738 3739//3739 3859//3859
f 3738//3738 3859//3859 3858//3858
f 3739//3739 3740//3740 3860//3860
f 3739//3739 3860//3860 3859//3859
f 3740//3740 3741//3741 3861//3861
f 3740//3740 3861//3861 3860//3860
f 3741//3741 3742//3742 3862//3862
f 3741//3741 3862//3862 3861//3861
f 3742//3742 3743//3743 3863//3863
f 3742//3742 3863//3863 3862//3862
f 3743//3743 3744//3744 3864//3864
f 3743//3743 3864//3864 3863//3863
f 3744//3744 3745//3745 3865//3865
f 3744//3744 3865//3865 3864//3864
f 3745//3745 3746//3746 3866//3866
f 3745//3745 3866//3866 3865//3865
f 3746//3746 3747//3747 3867//3867
f 3746//3746 3867//3867 3866//3866
f 3747//3747 3748//3748 3868//3868
f 3747//3747 3868//3868 3867//3867
f 3748//3748 3749//3749 3869//3869
f 3748//3748 3869//3869 3868//3868
f 3749//3749 3750//3750 3870//3870
f 3749//3749 3870//3870 3869//3869
f 3750//3750 3751//3751 3871//3871
f 3750//3750 3871//3871 3870//3870
f 3751//3751 3752//3752 3872//3872
f 3751//3751 3872//3872 3871//3871
f 3752//3752 3753//3753 3873//3873
f 3752//3752 3873//3873 3872//3872
f 3753//3753 3754//3754 3874//3874
f 3753//3753 3874//3874 3873//3873
f 3754//3754 3755//3755 3875//3875
f 3754//3754 3875//3875 3874//3874
f 3755//3755 3756//3756 3876//3876
f 3755//3755 3876//3876 3875//3875
f 3756//3756 3757//3757 3877//3877
f 3756//3756 3877//3877 3876//3876
f 3757//3757 3758//3758 3878//3878
f 3757//3757 3878//3878 3877//3877
f 3758//3758 3759//3759 3879//3879
f 3758//3758 3879//3879 3878//3878
f 3759//3759 3760//3760 3880//3880
f 3759//3759 3880//3880 3879//3879
f 3760//3760 3761//3761 3881//3881
f 3760//3760 3881//3881 3880//3880
f 3761//3761 3762//3762 3882//3882
f 3761//3761 3882//3882 3881//3881
f 3762//3762 3763//3763 3883//3883
f 3762//3762 3883//3883 3882//3882
f 3763//3763 3764//3764 3884//3884
f 3763//3763 3884//3884 3883//3883
f 3764//3764 3765//3765 3885//3885
f 3764//3764 3885//3885 3884//3884
f 3765//3765 3766//3766 3886//3886
f 3765//3765 3886//3886 3885//3885
f 3766//3766 3767//3767 3887//3887
f 3766//3766 3887//3887 3886//3886
f 3767//3767 3768//3768 3888//3888
f 3767//3767 3888//3888 3887//3887
f 3768//3768 3769//3769 3889//3889
f 3768//3768 3889//3889 3888//3888
f 3769//3769 3770//3770 3890//3890
f 3769//3769 3890//3890 3889//3889
f 3770//3770 3771//3771 3891//3891
f 3770//3770 3891//3891 3890//3890
f 3771//3771 3772//3772 3892//3892
f 3771//3771 3892//3892 3891//3891
f 3772//3772 3773//3773 3893//3893
f 3772//3772 3893//3893 3892//3892
f 3773//3773 3774//3774 3894//3894
f 3773//3773 3894//3894 3893//3893
f 3774//3774 3775//3775 3895//3895
f 3774//3774 3895//3895 3894//3894
f 3775//3775 3776//3776 3896//3896
f 3775//3775 3896//3896 3895//3895
f 3776//3776 3777//3777 3897//3897
f 3776//3776 3897//3897 3896//3896
f 3777//3777 3778//3778 3898//3898
f 3777//3777 3898//3898 3897//3897
f 3778//3778 3779//3779 3899//3899
f 3778//3778 3899//3899 3898//3898
f 3779//3779 3780//3780 3900//3900
f 3779//3779 3900//3900 3899//3899
f 3780//3780 3781//3781 3901//3901
f 3780//3780 3901//3901 3900//3900
f 3781//3781 3782//3782 3902//3902
f 3781//3781 3902//3902 3901//3901
f 3782//3782 3783//3783 3903//3903
f 3782//3782 3903//3903 3902//3902
f 3783//3783 3784//3784 3904//3904
f 3783//3783 3904//3904 3903//3903
f 3784//3784 3785//3785 3905//3905
f 3784//3784 3905//3905 3904//3904
f 3785//3785 3786//3786 3906//3906
f 3785//3785 3906//3906 3905//3905
f 3786//3786 3787//3787 3907//3907
f 3786//3786 3907//3907 3906//3906
f 3787//3787 3788//3788 3908//3908
f 3787//3787 3908//3908 3907//3907
f 3788//3788 3789//3789 3909//3909
f 3788//3788 3909//3909 3908//3908
f 3789//3789 3790//3790 3910//3910
f 3789//3789 3910//3910 3909//3909
f 3790//3790 3791//3791 3911//3911
f 3790//3790 3911//3911 3910//3910
f 3791//3791 3792//3792 3912//3912
f 3791//3791 3912//3912 3911//3911
f 3792//3792 3793//3793 3913//3913
f 3792//3792 3913//3913 3912//3912
f 3793//3793 3794//3794 3914//3914
f 3793//3793 3914//3914 3913//3913
f 3794//3794 3795//3795 3915//3915
f 3794//3794 3915//3915 3914//3914
f 3795//3795 3796//3796 3916//3916
f 3795//3795 3916//3916 3915//3915
f 3796//3796 3797//3797 3917//3917
f 3796//3796 3917//3917 3916//3916
f 3797//3797 3798//3798 3918//3918
f 3797//3797 3918//3918 3917//3917
f 3798//3798 3799//3799 3919//3919
f 3798//3798 3919//3919 3918//3918
f 3799//3799 3800//3800 3920//3920
f 3799//3799 3920//3920 3919//3919
f 3800//3800 3801//3801 3921//3921
f 3800//3800 3921//3921 3920//3920
f 3801//3801 3802//3802 3922//3922
f 3801//3801 3922//3922 3921//3921
f 3802//3802 3803//3803 3923//3923
f 3802//3802 3923//3923 3922//3922
f 3803//3803 3804//3804 3924//3924
f 3803//3803 3924//3924 3923//3923
f 3804//3804 3805//3805 3925//3925
f 3804//3804 3925//3925 3924//3924
f 3805//3805 3806//3806 3926//3926
f 3805//3805 3926//3926 3925//3925
f 3806//3806 3807//3807 3927//3927
f 3806//3806 3927//3927 3926//3926
f 3807//3807 3808//3808 3928//3928
f 3807//3807 3928//3928 3927//3927
f 3808//3808 3809//3809 3929//3929
f 3808//3808 3929//3929 3928//3928
f 3809//3809 3810//3810 3930//3930
f 3809//3809 3930//3930 3929//3929
f 3810//3810 3811//3811 3931//3931
f 3810//3810 3931//3931 3930//3930
f 3811//3811 3812//3812 3932//3932
f 3811//3811 3932//3932 3931//3931
f 3812//3812 3813//3813 3933//3933
f 3812//3812 3933//3933 3932//3932
f 3813//3813 3814//3814 3934//3934
f 3813//3813 3934//3934 3933//3933
f 3814//3814 3815//3815 3935//3935
f 3814//3814 3935//3935 3934//3934
f 3815//3815 3816//3816 3936//3936
f 3815//3815 3936//3936 3935//3935
f 3816//3816 3817//3817 3937//3937
f 3816//3816 3937//3937 3936//3936
f 3817//3817 3818//3818 3938//3938
f 3817//3817 3938//3938 3937//3937
f 3818//3818 3819//3819 3939//3939
f 3818//3818 3939//3939 3938//3938
f 3819//3819 3820//3820 3940//3940
f 3819//3819 3940//3940 3939//3939
f 3820//3820 3821//3821 3941//3941
f 3820//3820 3941//3941 3940//3940
f 3821//3821 3822//3822 3942//3942
f 3821//3821 3942//3942 3941//3941
f 3822//3822 3823//3823 3943//3943
f 3822//3822 3943//3943 3942//3942
f 3823//3823 3824//3824 3944//3944
f 3823//3823 3944//3944 3943//3943
f 3824//3824 3825//3825 3945//3945
f 3824//3824 3945//3945 3944//3944
f 3825//3825 3826//3826 3946//3946
f 3825//3825 3946//3946 3945//3945
f 3826//3826 3827//3827 3947//3947
f 3826//3826 3947//3947 3946//3946
f 3827//3827 3828//3828 3948//3948
f 3827//3827 3948//3948 3947//3947
f 3828//3828 3829//3829 3949//3949
f 3828//3828 3949//3949 3948//3948
f 3829//3829 3830//3830 3950//3950
f 3829//3829 3950//3950 3949//3949
f 3830//3830 3831//3831 3951//3951
f 3830//3830 3951//3951 3950//3950
f 3831//3831 3832//3832 3952//3952
f 3831//3831 3952//3952 3951//3951
f 3832//3832 3833//3833 3953//3953
f 3832//3832 3953//3953 3952//3952
f 3833//3833 3834//3834 3954//3954
f 3833//3833 3954//3954 3953//3953
f 3834//3834 3835//3835 3955//3955
f 3834//3834 3955//3955 3954//3954
f 3835//3835 3836//3836 3956//3956
f 3835//3835 3956//3956 3955//3955
f 3836//3836 3837//3837 3957//3957
f 3836//3836 3957//3957 3956//3956
f 3837//3837 3838//3838 3958//3958
f 3837//3837 3958//3958 3957//3957
f 3838//3838 3839//3839 3959//3959
f 3838//3838 3959//3959 3958//3958
f 3839//3839 3840//3840 3960//3960
f 3839//3839 3960//3960 3959//3959
f 3840//3840 3841//3841 3961//3961
f 3840//3840 3961//3961 3960//3960
f 3841//3841 3842//3842 3962//3962
f 3841//3841 3962//3962 3961//3961
f 3842//3842 3843//3843 3963//3963
f 3842//3842 3963//3963 3962//3962
f 3843//3843 3724//3724 3844//3844
f 3843//3843 3844//3844 3963//3963
f 3844//3844 3845//3845 3965//3965
f 3844//3844 3965//3965 3964//3964
f 3845//3845 3846//3846 3966//3966
f 3845//3845 3966//3966 3965//3965
f 3846//3846 3847//3847 3967//3967
f 3846//3846 3967//3967 3966//3966
f 3847//3847 3848//3848 3968//3968
f 3847//3847 3968//3968 3967//3967
f 3848//3848 3849//3849 3969//3969
f 3848//3848 3969//3969 3968//3968
f 3849//3849 3850//3850 3970//3970
f 3849//3849 3970//3970 3969//3969
f 3850//3850 3851//3851 3971//3971
f 3850//3850 3971//3971 3970//3970
f 3851//3851 3852//3852 3972//3972
f 3851//3851 3972//3972 3971//3971
f 3852//3852 3853//3853 3973//3973
f 3852//3852 3973//3973 3972//3972
f 3853//3853 3854//3854 3974//3974
f 3853//3853 3974//3974 3973//3973
f 3854//3854 3855//3855 3975//3975
f 3854//3854 3975//3975 3974//3974
f 3855//3855 3856//3856 3976//3976
f 3855//3855 3976//3976 3975//3975
f 3856//3856 3857//3857 3977//3977
f 3856//3856 3977//3977 3976//3976
f 3857//3857 3858//3858 3978//3978
f 3857//3857 3978//3978 3977//3977
f 3858//3858 3859//3859 3979//3979
f 3858//3858 3979//3979 3978//3978
f 3859//3859 3860//3860 3980//3980
f 3859//3859 3980//3980 3979//3979
f 3860//3860 3861//3861 3981//3981
f 3860//3860 3981//3981 3980//3980
f 3861//3861 3862//3862 3982//3982
f 3861//3861 3982//3982 3981//3981
f 3862//3862 3863//3863 3983//3983
f 3862//3862 3983//3983 3982//3982
f 3863//3863 3864//3864 3984//3984
f 3863//3863 3984//3984 3983//3983
f 3864//3864 3865//3865 3985//3985
f 3864//3864 3985//3985 3984//3984
f 3865//3865 3866//3866 3986//3986
f 3865//3865 3986//3986 3985//3985
f 3866//3866 3867//3867 3987//3987
f 3866//3866 3987//3987 3986//3986
f 3867//3867 3868//3868 3988//3988
f 3867//3867 3988//3988 3987//3987
f 3868//3868 3869//3869 3989//3989
f 3868//3868 3989//3989 3988//3988
f 3869//3869 3870//3870 3990//3990
f 3869//3869 3990//3990 3989//3989
f 3870//3870 3871//3871 3991//3991
f 3870//3870 3991//3991 3990//3990
f 3871//3871 3872//3872 3992//3992
f 3871//3871 3992//3992 3991//3991
f 3872//3872 3873//3873 3993//3993
f 3872//3872 3993//3993 3992//3992
f 3873//3873 3874//3874 3994//3994
f 3873//3873 3994//3994 3993//3993
f 3874//3874 3875//3875 3995//3995
f 3874//3874 3995//3995 3994//3994
f 3875//3875 3876//3876 3996//3996
f 3875//3875 3996//3996 3995//3995
f 3876//3876 3877//3877 3997//3997
f 3876//3876 3997//3997 3996//3996
f 3877//3877 3878//3878 3998//3998
f 3877//3877 3998//3998 3997//3997
f 3878//3878 3879//3879 3999//3999
f 3878//3878 3999//3999 3998//3998
f 3879//3879 3880//3880 4000//4000
f 3879//3879 4000//4000 3999//3999
f 3880//3880 3881//3881 4001//4001
f 3880//3880 4001//4001 4000//4000
f 3881//3881 3882//3882 4002//4002
f 3881//3881 4002//4002 4001//4001
f 3882//3882 3883//3883 4003//4003
f 3882//3882 4003//4003 4002//4002
f 3883//3883 3884//3884 4004//4004
f 3883//3883 4004//4004 4003//4003
f 3884//3884 3885//3885 4005//4005
f 3884//3884 4005//4005 4004//4004
f 3885//3885 3886//3886 4006//4006
f 3885//3885 4006//4006 4005//4005
f 3886//3886 3887//3887 4007//4007
f 3886//3886 4007//4007 4006//4006
f 3887//3887 3888//3888 4008//4008
f 3887//3887 4008//4008 4007//4007
f 3888//3888 3889//3889 4009//4009
f 3888//3888 4009//4009 4008//4008
f 3889//3889 3890//3890 4010//4010
f 3889//3889 4010//4010 4009//4009
f 3890//3890 3891//3891 4011//4011
f 3890//3890 4011//4011 4010//4010
f 3891//3891 3892//3892 4012//4012
f 3891//3891 4012//4012 4011//4011
f 3892//3892 3893//3893 4013//4013
f 3892//3892 4013//4013 4012//4012
f 3893//3893 3894//3894 4014//4014
f 3893//3893 4014//4014 4013//4013
f 3894//3894 3895//3895 4015//4015
f 3894//3894 4015//4015 4014//4014
f 3895//3895 3896//3896 4016//4016
f 3895//3895 4016//4016 4015//4015
f 3896//3896 3897//3897 4017//4017
f 3896//3896 4017//4017 4016//4016
f 3897//3897 3898//3898 4018//4018
f 3897//3897 4018//4018 4017//4017
f 3898//3898 3899//3899 4019//4019
f 3898//3898 4019//4019 4018//4018
f 3899//3899 3900//3900 4020//4020
f 3899//3899 4020//4020 4019//4019
f 3900//3900 3901//3901 4021//4021
f 3900//3900 4021//4021 4020//4020
f 3901//3901 3902//3902 4022//4022
f 3901//3901 4022//4022 4021//4021
f 3902//3902 3903//3903 4023//4023
f 3902//3902 4023//4023 4022//4022
f 3903//3903 3904//3904 4024//4024
f 3903//3903 4024//4024 4023//4023
f 3904//3904 3905//3905 4025//4025
f 3904//3904 4025//4025 4024//4024
f 3905//3905 3906//3906 4026//4026
f 3905//3905 4026//4026 4025//4025
f 3906//3906 3907//3907 4027//4027
f 3906//3906 4027//4027 4026//4026
f 3907//3907 3908//3908 4028//4028
f 3907//3907 4028//4028 4027//4027
f 3908//3908 3909//3909 4029//4029
f 3908//3908 4029//4029 4028//4028
f 3909//3909 3910//3910 4030//4030
f 3909//3909 4030//4030 4029//4029
f 3910//3910 3911//3911 4031//4031
f 3910//3910 4031//4031 4030//4030
f 3911//3911 3912//3912 4032//4032
f 3911//3911 4032//4032 4031//4031
f 3912//3912 3913//3913 4033//4033
f 3912//3912 4033//4033 4032//4032
f 3913//3913 3914//3914 4034//4034
f 3913//3913 4034//4034 4033//4033
f 3914//3914 3915//3915 4035//4035
f 3914//3914 4035//4035 4034//4034
f 3915//3915 3916//3916 4036//4036
f 3915//3915 4036//4036 4035//4035
f 3916//3916 3917//3917 4037//4037
f 3916//3916 4037//4037 4036//4036
f 3917//3917 3918//3918 4038//4038
f 3917//3917 4038//4038 4037//4037
f 3918//3918 3919//3919 4039//4039
f 3918//3918 4039//4039 4038//4038
f 3919//3919 3920//3920 4040//4040
f 3919//3919 4040//4040 4039//4039
f 3920//3920 3921//3921 4041//4041
f 3920//3920 4041//4041 4040//4040
f 3921//3921 3922//3922 4042//4042
f 3921//3921 4042//4042 4041//4041
f 3922//3922 3923//3923 4043//4043
f 3922//3922 4043//4043 4042//4042
f 3923//3923 3924//3924 4044//4044
f 3923//3923 4044//4044 4043//4043
f 3924//3924 3925//3925 4045//4045
f 3924//3924 4045//4045 4044//4044
f 3925//3925 3926//3926 4046//4046
f 3925//3925 4046//4046 4045//4045
f 3926//3926 3927//3927 4047//4047
f 3926//3926 4047//4047 4046//4046
f 3927//3927 3928//3928 4048//4048
f 3927//3927 4048//4048 4047//4047
f 3928//3928 3929//3929 4049//4049
f 3928//3928 4049//4049 4048//4048
f 3929//3929 3930//3930 4050//4050
f 3929//3929 4050//4050 4049//4049
f 3930//3930 3931//3931 4051//4051
f 3930//3930 4051//4051 4050//4050
f 3931//3931 3932//3932 4052//4052
f 3931//3931 4052//4052 4051//4051
f 3932//3932 3933//3933 4053//4053
f 3932//3932 4053//4053 4052//4052
f 3933//3933 3934//3934 4054//4054
f 3933//3933 4054//4054 4053//4053
f 3934//3934 3935//3935 4055//4055
f 3934//3934 4055//4055 4054//4054
f 3935//3935 3936//3936 4056//4056
f 3935//3935 4056//4056 4055//4055
f 3936//3936 3937//3937 4057//4057
f 3936//3936 4057//4057 4056//4056
f 3937//3937 3938//3938 4058//4058
f 3937//3937 4058//4058 4057//4057
f 3938//3938 3939//3939 4059//4059
f 3938//3938 4059//4059 4058//4058
f 3939//3939 3940//3940 4060//4060
f 3939//3939 4060//4060 4059//4059
f 3940//3940 3941//3941 4061//4061
f 3940//3940 4061//4061 4060//4060
f 3941//3941 3942//3942 4062//4062
f 3941//3941 4062//4062 4061//4061
f 3942//3942 3943//3943 4063//4063
f 3942//3942 4063//4063 4062//4062
f 3943//3943 3944//3944 4064//4064
f 3943//3943 4064//4064 4063//4063
f 3944//3944 3945//3945 4065//4065
f 3944//3944 4065//4065 4064//4064
f 3945//3945 3946//3946 4066//4066
f 3945//3945 4066//4066 4065//4065
f 3946//3946 3947//3947 4067//4067
f 3946//3946 4067//4067 4066//4066
f 3947//3947 3948//3948 4068//4068
f 3947//3947 4068//4068 4067//4067
f 3948//3948 3949//3949 4069//4069
f 3948//3948 4069//4069 4068//4068
f 3949//3949 3950//3950 4070//4070
f 3949//3949 4070//4070 4069//4069
f 3950//3950 3951//3951 4071//4071
f 3950//3950 4071//4071 4070//4070
f 3951//3951 3952//3952 4072//4072
f 3951//3951 4072//4072 4071//4071
f 3952//3952 3953//3953 4073//4073
f 3952//3952 4073//4073 4072//4072
f 3953//3953 3954//3954 4074//4074
f 3953//3953 4074//4074 4073//4073
f 3954//3954 3955//3955 4075//4075
f 3954//3954 4075//4075 4074//4074
f 3955//3955 3956//3956 4076//4076
f 3955//3955 4076//4076 4075//4075
f 3956//3956 3957//3957 4077//4077
f 3956//3956 4077//4077 4076//4076
f 3957//3957 3958//3958 4078//4078
f 3957//3957 4078//4078 4077//4077
f 3958//3958 3959//3959 4079//4079
f 3958//3958 4079//4079 4078//4078
f 3959//3959 3960//3960 4080//4080
f 3959//3959 4080//4080 4079//4079
f 3960//3960 3961//3961 4081//4081
f 3960//3960 4081//4081 4080//4080
f 3961//3961 3962//3962 4082//4082
f 3961//3961 4082//4082 4081//4081
f 3962//3962 3963//3963 4083//4083
f 3962//3962 4083//4083 4082//4082
f 3963//3963 3844//3844 3964//3964
f 3963//3963 3964//3964 4083//4083
f 3964//3964 3965//3965 4085//4085
f 3964//3964 4085//4085 4084//4084
f 3965//3965 3966//3966 4086//4086
f 3965//3965 4086//4086 4085//4085
f 3966//3966 3967//3967 4087//4087
f 3966//3966 4087//4087 4086//4086
f 3967//3967 3968//3968 4088//4088
f 3967//3967 4088//4088 4087//4087
f 3968//3968 3969//3969 4089//4089
f 3968//3968 4089//4089 4088//4088
f 3969//3969 3970//3970 4090//4090
f 3969//3969 4090//4090 4089//4089
f 3970//3970 3971//3971 4091//4091
f 3970//3970 4091//4091 4090//4090
f 3971//3971 3972//3972 4092//4092
f 3971//3971 4092//4092 4091//4091
f 3972//3972 3973//3973 4093//4093
f 3972//3972 4093//4093 4092//4092
f 3973//3973 3974//3974 4094//4094
f 3973//3973 4094//4094 4093//4093
f 3974//3974 3975//3975 4095//4095
f 3974//3974 4095//4095 4094//4094
f 3975//3975 3976//3976 4096//4096
f 3975//3975 4096//4096 4095//4095
f 3976//3976 3977//3977 4097//4097
f 3976//3976 4097//4097 4096//4096
f 3977//3977 3978//3978 4098//4098
f 3977//3977 4098//4098 4097//4097
f 3978//3978 3979//3979 4099//4099
f 3978//3978 4099//4099 4098//4098
f 3979//3979 3980//3980 4100//4100
f 3979//3979 4100//4100 4099//4099
f 3980//3980 3981//3981 4101//4101
f 3980//3980 4101//4101 4100//4100
f 3981//3981 3982//3982 4102//4102
f 3981//3981 4102//4102 4101//4101
f 3982//3982 3983//3983 4103//4103
f 3982//3982 4103//4103 4102//4102
f 3983//3983 3984//3984 4104//4104
f 3983//3983 4104//4104 4103//4103
f 3984//3984 3985//3985 4105//4105
f 3984//3984 4105//4105 4104//4104
f 3985//3985 3986//3986 4106//4106
f 3985//3985 4106//4106 4105//4105
f 3986//3986 3987//3987 4107//4107
f 3986//3986 4107//4107 4106//4106
f 3987//3987 3988//3988 4108//4108
f 3987//3987 4108//4108 4107//4107
f 3988//3988 3989//3989 4109//4109
f 3988//3988 4109//4109 4108//4108
f 3989//3989 3990//3990 4110//4110
f 3989//3989 4110//4110 4109//4109
f 3990//3990 3991//3991 4111//4111
f 3990//3990 4111//4111 4110//4110
f 3991//3991 3992//3992 4112//4112
f 3991//3991 4112//4112 4111//4111
f 3992//3992 3993//3993 4113//4113
f 3992//3992 4113//4113 4112//4112
f 3993//3993 3994//3994 4114//4114
f 3993//3993 4114//4114 4113//4113
f 3994//3994 3995//3995 4115//4115
f 3994//3994 4115//4115 4114//4114
f 3995//3995 3996//3996 4116//4116
f 3995//3995 4116//4116 4115//4115
f 3996//3996 3997//3997 4117//4117
f 3996//3996 4117//4117 4116//4116
f 3997//3997 3998//3998 4118//4118
f 3997//3997 4118//4118 4117//4117
f 3998//3998 3999//3999 4119//4119
f 3998//3998 4119//4119 4118//4118
f 3999//3999 4000//4000 4120//4120
f 3999//3999 4120//4120 4119//4119
f 4000//4000 4001//4001 4121//4121
f 4000//4000 4121//4121 4120//4120
f 4001//4001 4002//4002 4122//4122
f 4001//4001 4122//4122 4121//4121
f 4002//4002 4003//4003 4123//4123
f 4002//4002 4123//4123 4122//4122
f 4003//4003 4004//4004 4124//4124
f 4003//4003 4124//4124 4123//4123
f 4004//4004 4005//4005 4125//4125
f 4004//4004 4125//4125 4124//4124
f 4005//4005 4006//4006 4126//4126
f 4005//4005 4126//4126 4125//4125
f 4006//4006 4007//4007 4127//4127
f 4006//4006 4127//4127 4126//4126
f 4007//4007 4008//4008 4128//4128
f 4007//4007 4128//4128 4127//4127
f 4008//4008 4009//4009 4129//4129
f 4008//4008 4129//4129 4128//4128
f 4009//4009 4010//4010 4130//4130
f 4009//4009 4130//4130 4129//4129
f 4010//4010 4011//4011 4131//4131
f 4010//4010 4131//4131 4130//4130
f 4011//4011 4012//4012 4132//4132
f 4011//4011 4132//4132 4131//4131
f 4012//4012 4013//4013 4133//4133
f 4012//4012 4133//4133 4132//4132
f 4013//4013 4014//4014 4134//4134
f 4013//4013 4134//4134 4133//4133
f 4014//4014 4015//4015 4135//4135
f 4014//4014 4135//4135 4134//4134
f 4015//4015 4016//4016 4136//4136
f 4015//4015 4136//4136 4135//4135
f 4016//4016 4017//4017 4137//4137
f 4016//4016 4137//4137 4136//4136
f 4017//4017 4018//4018 4138//4138
f 4017//4017 4138//4138 4137//4137
f 4018//4018 4019//4019 4139//4139
f 4018//4018 4139//4139 4138//4138
f 4019//4019 4020//4020 4140//4140
f 4019//4019 4140//4140 4139//4139
f 4020//4020 4021//4021 4141//4141
f 4020//4020 4141//4141 4140//4140
f 4021//4021 4022//4022 4142//4142
f 4021//4021 4142//4142 4141//4141
f 4022//4022 4023//4023 4143//4143
f 4022//4022 4143//4143 4142//4142
f 4023//4023 4024//4024 4144//4144
f 4023//4023 4144//4144 4143//4143
f 4024//4024 4025//4025 4145//4145
f 4024//4024 4145//4145 4144//4144
f 4025//4025 4026//4026 4146//4146
f 4025//4025 4146//4146 4145//4145
f 4026//4026 4027//4027 4147//4147
f 4026//4026 4147//4147 4146//4146
f 4027//4027 4028//4028 4148//4148
f 4027//4027 4148//4148 4147//4147
f 4028//4028 4029//4029 4149//4149
f 4028//4028 4149//4149 4148//4148
f 4029//4029 4030//4030 4150//4150
f 4029//4029 4150//4150 4149//4149
f 4030//4030 4031//4031 4151//4151
f 4030//4030 4151//4151 4150//4150
f 4031//4031 4032//4032 4152//4152
f 4031//4031 4152//4152 4151//4151
f 4032//4032 4033//4033 4153//4153
f 4032//4032 4153//4153 4152//4152
f 4033//4033 4034//4034 4154//4154
f 4033//4033 4154//4154 4153//4153
f 4034//4034 4035//4035 4155//4155
f 4034//4034 4155//4155 4154//4154
f 4035//4035 4036//4036 4156//4156
f 4035//4035 4156//4156 4155//4155
f 4036//4036 4037//4037 4157//4157
f 4036//4036 4157//4157 4156//4156
f 4037//4037 4038//4038 4158//4158
f 4037//4037 4158//4158 4157//4157
f 4038//4038 4039//4039 4159//4159
f 4038//4038 4159//4159 4158//4158
f 4039//4039 4040//4040 4160//4160
f 4039//4039 4160//4160 4159//4159
f 4040//4040 4041//4041 4161//4161
f 4040//4040 4161//4161 4160//4160
f 4041//4041 4042//4042 4162//4162
f 4041//4041 4162//4162 4161//4161
f 4042//4042 4043//4043 4163//4163
f 4042//4042 4163//4163 4162//4162
f 4043//4043 4044//4044 4164//4164
f 4043//4043 4164//4164 4163//4163
f 4044//4044 4045//4045 4165//4165
f 4044//4044 4165//4165 4164//4164
f 4045//4045 4046//4046 4166//4166
f 4045//4045 4166//4166 4165//4165
f 4046//4046 4047//4047 4167//4167
f 4046//4046 4167//4167 4166//4166
f 4047//4047 4048//4048 4168//4168
f 4047//4047 4168//4168 4167//4167
f 4048//4048 4049//4049 4169//4169
f 4048//4048 4169//4169 4168//4168
f 4049//4049 4050//4050 4170//4170
f 4049//4049 4170//4170 4169//4169
f 4050//4050 4051//4051 4171//4171
f 4050//4050 4171//4171 4170//4170
f 4051//4051 4052//4052 4172//4172
f 4051//4051 4172//4172 4171//4171
f 4052//4052 4053//4053 4173//4173
f 4052//4052 4173//4173 4172//4172
f 4053//4053 4054//4054 4174//4174
f 4053//4053 4174//4174 4173//4173
f 4054//4054 4055//4055 4175//4175
f 4054//4054 4175//4175 4174//4174
f 4055//4055 4056//4056 4176//4176
f 4055//4055 4176//4176 4175//4175
f 4056//4056 4057//4057 4177//4177
f 4056//4056 4177//4177 4176//4176
f 4057//4057 4058//4058 4178//4178
f 4057//4057 4178//4178 4177//4177
f 4058//4058 4059//4059 4179//4179
f 4058//4058 4179//4179 4178//4178
f 4059//4059 4060//4060 4180//4180
f 4059//4059 4180//4180 4179//4179
f 4060//4060 4061//4061 4181//4181
f 4060//4060 4181//4181 4180//4180
f 4061//4061 4062//4062 4182//4182
f 4061//4061 4182//4182 4181//4181
f 4062//4062 4063//4063 4183//4183
f 4062//4062 4183//4183 4182//4182
f 4063//4063 4064//4064 4184//4184
f 4063//4063 4184//4184 4183//4183
f 4064//4064 4065//4065 4185//4185
f 4064//4064 4185//4185 4184//4184
f 4065//4065 4066//4066 4186//4186
f 4065//4065 4186//4186 4185//4185
f 4066//4066 4067//4067 4187//4187
f 4066//4066 4187//4187 4186//4186
f 4067//4067 4068//4068 4188//4188
f 4067//4067 4188//4188 4187//4187
f 4068//4068 4069//4069 4189//4189
f 4068//4068 4189//4189 4188//4188
f 4069//4069 4070//4070 4190//4190
f 4069//4069 4190//4190 4189//4189
f 4070//4070 4071//4071 4191//4191
f 4070//4070 4191//4191 4190//4190
f 4071//4071 4072//4072 4192//4192
f 4071//4071 4192//4192 4191//4191
f 4072//4072 4073//4073 4193//4193
f 4072//4072 4193//4193 4192//4192
f 4073//4073 4074//4074 4194//4194
f 4073//4073 4194//4194 4193//4193
f 4074//4074 4075//4075 4195//4195
f 4074//4074 4195//4195 4194//4194
f 4075//4075 4076//4076 4196//4196
f 4075//4075 4196//4196 4195//4195
f 4076//4076 4077//4077 4197//4197
f 4076//4076 4197//4197 4196//4196
f 4077//4077 4078//4078 4198//4198
f 4077//4077 4198//4198 4197//4197
f 4078//4078 4079//4079 4199//4199
f 4078//4078 4199//4199 4198//4198
f 4079//4079 4080//4080 4200//4200
f 4079//4079 4200//4200 4199//4199
f 4080//4080 4081//4081 4201//4201
f 4080//4080 4201//4201 4200//4200
f 4081//4081 4082//4082 4202//4202
f 4081//4081 4202//4202 4201//4201
f 4082//4082 4083//4083 4203//4203
f 4082//4082 4203//4203 4202//4202
f 4083//4083 3964//3964 4084//4084
f 4083//4083 4084//4084 4203//4203
f 4084//4084 4085//4085 4205//4205
f 4084//4084 4205//4205 4204//4204
f 4085//4085 4086//4086 4206//4206
f 4085//4085 4206//4206 4205//4205
f 4086//4086 4087//4087 4207//4207
f 4086//4086 4207//4207 4206//4206
f 4087//4087 4088//4088 4208//4208
f 4087//4087 4208//4208 4207//4207
f 4088//4088 4089//4089 4209//4209
f 4088//4088 4209//4209 4208//4208
f 4089//4089 4090//4090 4210//4210
f 4089//4089 4210//4210 4209//4209
f 4090//4090 4091//4091 4211//4211
f 4090//4090 4211//4211 4210//4210
f 4091//4091 4092//4092 4212//4212
f 4091//4091 4212//4212 4211//4211
f 4092//4092 4093//4093 4213//4213
f 4092//4092 4213//4213 4212//4212
f 4093//4093 4094//4094 4214//4214
f 4093//4093 4214//4214 4213//4213
f 4094//4094 4095//4095 4215//4215
f 4094//4094 4215//4215 4214//4214
f 4095//4095 4096//4096 4216//4216
f 4095//4095 4216//4216 4215//4215
f 4096//4096 4097//4097 4217//4217
f 4096//4096 4217//4217 4216//4216
f 4097//4097 4098//4098 4218//4218
f 4097//4097 4218//4218 4217//4217
f 4098//4098 4099//4099 4219//4219
f 4098//4098 4219//4219 4218//4218
f 4099//4099 4100//4100 4220//4220
f 4099//4099 4220//4220 4219//4219
f 4100//4100 4101//4101 4221//4221
f 4100//4100 4221//4221 4220//4220
f 4101//4101 4102//4102 4222//4222
f 4101//4101 4222//4222 4221//4221
f 4102//4102 4103//4103 4223//4223
f 4102//4102 4223//4223 4222//4222
f 4103//4103 4104//4104 4224//4224
f 4103//4103 4224//4224 4223//4223
f 4104//4104 4105//4105 4225//4225
f 4104//4104 4225//4225 4224//4224
f 4105//4105 4106//4106 4226//4226
f 4105//4105 4226//4226 4225//4225
f 4106//4106 4107//4107 4227//4227
f 4106//4106 4227//4227 4226//4226
f 4107//4107 4108//4108 4228//4228
f 4107//4107 4228//4228 4227//4227
f 4108//4108 4109//4109 4229//4229
f 4108//4108 4229//4229 4228//4228
f 4109//4109 4110//4110 4230//4230
f 4109//4109 4230//4230 4229//4229
f 4110//4110 4111//4111 4231//4231
f 4110//4110 4231//4231 4230//4230
f 4111//4111 4112//4112 4232//4232
f 4111//4111 4232//4232 4231//4231
f 4112//4112 4113//4113 4233//4233
f 4112//4112 4233//4233 4232//4232
f 4113//4113 4114//4114 4234//4234
f 4113//4113 4234//4234 4233//4233
f 4114//4114 4115//4115 4235//4235
f 4114//4114 4235//4235 4234//4234
f 4115//4115 4116//4116 4236//4236
f 4115//4115 4236//4236 4235//4235
f 4116//4116 4117//4117 4237//4237
f 4116//4116 4237//4237 4236//4236
f 4117//4117 4118//4118 4238//4238
f 4117//4117 4238//4238 4237//4237
f 4118//4118 4119//4119 4239//4239
f 4118//4118 4239//4239 4238//4238
f 4119//4119 4120//4120 4240//4240
f 4119//4119 4240//4240 4239//4239
f 4120//4120 4121//4121 4241//4241
f 4120//4120 4241//4241 4240//4240
f 4121//4121 4122//4122 4242//4242
f 4121//4121 4242//4242 4241//4241
f 4122//4122 4123//4123 4243//4243
f 4122//4122 4243//4243 4242//4242
f 4123//4123 4124//4124 4244//4244
f 4123//4123 4244//4244 4243//4243
f 4124//4124 4125//4125 4245//4245
f 4124//4124 4245//4245 4244//4244
f 4125//4125 4126//4126 4246//4246
f 4125//4125 4246//4246 4245//4245
f 4126//4126 4127//4127 4247//4247
f 4126//4126 4247//4247 4246//4246
f 4127//4127 4128//4128 4248//4248
f 4127//4127 4248//4248 4247//4247
f 4128//4128 4129//4129 4249//4249
f 4128//4128 4249//4249 4248//4248
f 4129//4129 4130//4130 4250//4250
f 4129//4129 4250//4250 4249//4249
f 4130//4130 4131//4131 4251//4251
f 4130//4130 4251//4251 4250//4250
f 4131//4131 4132//4132 4252//4252
f 4131//4131 4252//4252 4251//4251
f 4132//4132 4133//4133 4253//4253
f 4132//4132 4253//4253 4252//4252
f 4133//4133 4134//4134 4254//4254
f 4133//4133 4254//4254 4253//4253
f 4134//4134 4135//4135 4255//4255
f 4134//4134 4255//4255 4254//4254
f 4135//4135 4136//4136 4256//4256
f 4135//4135 4256//4256 4255//4255
f 4136//4136 4137//4137 4257//4257
f 4136//4136 4257//4257 4256//4256
f 4137//4137 4138//4138 4258//4258
f 4137//4137 4258//4258 4257//4257
f 4138//4138 4139//4139 4259//4259
f 4138//4138 4259//4259 4258//4258
f 4139//4139 4140//4140 4260//4260
f 4139//4139 4260//4260 4259//4259
f 4140//4140 4141//4141 4261//4261
f 4140//4140 4261//4261 4260//4260
f 4141//4141 4142//4142 4262//4262
f 4141//4141 4262//4262 4261//4261
f 4142//4142 4143//4143 4263//4263
f 4142//4142 4263//4263 4262//4262
f 4143//4143 4144//4144 4264//4264
f 4143//4143 4264//4264 4263//4263
f 4144//4144 4145//4145 4265//4265
f 4144//4144 4265//4265 4264//4264
f 4145//4145 4146//4146 4266//4266
f 4145//4145 4266//4266 4265//4265
f 4146//4146 4147//4147 4267//4267
f 4146//4146 4267//4267 4266//4266
f 4147//4147 4148//4148 4268//4268
f 4147//4147 4268//4268 4267//4267
f 4148//4148 4149//4149 4269//4269
f 4148//4148 4269//4269 4268//4268
f 4149//4149 4150//4150 4270//4270
f 4149//4149 4270//4270 4269//4269
f 4150//4150 4151//4151 4271//4271
f 4150//4150 4271//4271 4270//4270
f 4151//4151 4152//4152 4272//4272
f 4151//4151 4272//4272 4271//4271
f 4152//4152 4153//4153 4273//4273
f 4152//4152 4273//4273 4272//4272
f 4153//4153 4154//4154 4274//4274
f 4153//4153 4274//4274 4273//4273
f 4154//4154 4155//4155 4275//4275
f 4154//4154 4275//4275 4274//4274
f 4155//4155 4156//4156 4276//4276
f 4155//4155 4276//4276 4275//4275
f 4156//4156 4157//4157 4277//4277
f 4156//4156 4277//4277 4276//4276
f 4157//4157 4158//4158 4278//4278
f 4157//4157 4278//4278 4277//4277
f 4158//4158 4159//4159 4279//4279
f 4158//4158 4279//4279 4278//4278
f 4159//4159 4160//4160 4280//4280
f 4159//4159 4280//4280 4279//4279
f 4160//4160 4161//4161 4281//4281
f 4160//4160 4281//4281 4280//4280
f 4161//4161 4162//4162 4282//4282
f 4161//4161 4282//4282 4281//4281
f 4162//4162 4163//4163 4283//4283
f 4162//4162 4283//4283 4282//4282
f 4163//4163 4164//4164 4284//4284
f 4163//4163 4284//4284 4283//4283
f 4164//4164 4165//4165 4285//4285
f 4164//4164 4285//4285 4284//4284
f 4165//4165 4166//4166 4286//4286
f 4165//4165 4286//4286 4285//4285
f 4166//4166 4167//4167 4287//4287
f 4166//4166 4287//4287 4286//4286
f 4167//4167 4168//4168 4288//4288
f 4167//4167 4288//4288 4287//4287
f 4168//4168 4169//4169 4289//4289
f 4168//4168 4289//4289 4288//4288
f 4169//4169 4170//4170 4290//4290
f 4169//4169 4290//4290 4289//4289
f 4170//4170 4171//4171 4291//4291
f 4170//4170 4291//4291 4290//4290
f 4171//4171 4172//4172 4292//4292
f 4171//4171 4292//4292 4291//4291
f 4172//4172 4173//4173 4293//4293
f 4172//4172 4293//4293 4292//4292
f 4173//4173 4174//4174 4294//4294
f 4173//4173 4294//4294 4293//4293
f 4174//4174 4175//4175 4295//4295
f 4174//4174 4295//4295 4294//4294
f 4175//4175 4176//4176 4296//4296
f 4175//4175 4296//4296 4295//4295
f 4176//4176 4177//4177 4297//4297
f 4176//4176 4297//4297 4296//4296
f 4177//4177 4178//4178 4298//4298
f 4177//4177 4298//4298 4297//4297
f 4178//4178 4179//4179 4299//4299
f 4178//4178 4299//4299 4298//4298
f 4179//4179 4180//4180 4300//4300
f 4179//4179 4300//4300 4299//4299
f 4180//4180 4181//4181 4301//4301
f 4180//4180 4301//4301 4300//4300
f 4181//4181 4182//4182 4302//4302
f 4181//4181 4302//4302 4301//4301
f 4182//4182 4183//4183 4303//4303
f 4182//4182 4303//4303 4302//4302
f 4183//4183 4184//4184 4304//4304
f 4183//4183 4304//4304 4303//4303
f 4184//4184 4185//4185 4305//4305
f 4184//4184 4305//4305 4304//4304
f 4185//4185 4186//4186 4306//4306
f 4185//4185 4306//4306 4305//4305
f 4186//4186 4187//4187 4307//4307
f 4186//4186 4307//4307 4306//4306
f 4187//4187 4188//4188 4308//4308
f 4187//4187 4308//4308 4307//4307
f 4188//4188 4189//4189 4309//4309
f 4188//4188 4309//4309 4308//4308
f 4189//4189 4190//4190 4310//4310
f 4189//4189 4310//4310 4309//4309
f 4190//4190 4191//4191 4311//4311
f 4190//4190 4311//4311 4310//4310
f 4191//4191 4192//4192 4312//4312
f 4191//4191 4312//4312 4311//4311
f 4192//4192 4193//4193 4313//4313
f 4192//4192 4313//4313 4312//4312
f 4193//4193 4194//4194 4314//4314
f 4193//4193 4314//4314 4313//4313
f 4194//4194 4195//4195 4315//4315
f 4194//4194 4315//4315 4314//4314
f 4195//4195 4196//4196 4316//4316
f 4195//4195 4316//4316 4315//4315
f 4196//4196 4197//4197 4317//4317
f 4196//4196 4317//4317 4316//4316
f 4197//4197 4198//4198 4318//4318
f 4197//4197 4318//4318 4317//4317
f 4198//4198 4199//4199 4319//4319
f 4198//4198 4319//4319 4318//4318
f 4199//4199 4200//4200 4320//4320
f 4199//4199 4320//4320 4319//4319
f 4200//4200 4201//4201 4321//4321
f 4200//4200 4321//4321 4320//4320
f 4201//4201 4202//4202 4322//4322
f 4201//4201 4322//4322 4321//4321
f 4202//4202 4203//4203 4323//4323
f 4202//4202 4323//4323 4322//4322
f 4203//4203 4084//4084 4204//4204
f 4203//4203 4204//4204 4323//4323
f 4204//4204 4205//4205 4325//4325
f 4204//4204 4325//4325 4324//4324
f 4205//4205 4206//4206 4326//4326
f 4205//4205 4326//4326 4325//4325
f 4206//4206 4207//4207 4327//4327
f 4206//4206 4327//4327 4326//4326
f 4207//4207 4208//4208 4328//4328
f 4207//4207 4328//4328 4327//4327
f 4208//4208 4209//4209 4329//4329
f 4208//4208 4329//4329 4328//4328
f 4209//4209 4210//4210 4330//4330
f 4209//4209 4330//4330 4329//4329
f 4210//4210 4211//4211 4331//4331
f 4210//4210 4331//4331 4330//4330
f 4211//4211 4212//4212 4332//4332
f 4211//4211 4332//4332 4331//4331
f 4212//4212 4213//4213 4333//4333
f 4212//4212 4333//4333 4332//4332
f 4213//4213 4214//4214 4334//4334
f 4213//4213 4334//4334 4333//4333
f 4214//4214 4215//4215 4335//4335
f 4214//4214 4335//4335 4334//4334
f 4215//4215 4216//4216 4336//4336
f 4215//4215 4336//4336 4335//4335
f 4216//4216 4217//4217 4337//4337
f 4216//4216 4337//4337 4336//4336
f 4217//4217 4218//4218 4338//4338
f 4217//4217 4338//4338 4337//4337
f 4218//4218 4219//4219 4339//4339
f 4218//4218 4339//4339 4338//4338
f 4219//4219 4220//4220 4340//4340
f 4219//4219 4340//4340 4339//4339
f 4220//4220 4221//4221 4341//4341
f 4220//4220 4341//4341 4340//4340
f 4221//4221 4222//4222 4342//4342
f 4221//4221 4342//4342 4341//4341
f 4222//4222 4223//4223 4343//4343
f 4222//4222 4343//4343 4342//4342
f 4223//4223 4224//4224 4344//4344
f 4223//4223 4344//4344 4343//4343
f 4224//4224 4225//4225 4345//4345
f 4224//4224 4345//4345 4344//4344
f 4225//4225 4226//4226 4346//4346
f 4225//4225 4346//4346 4345//4345
f 4226//4226 4227//4227 4347//4347
f 4226//4226 4347//4347 4346//4346
f 4227//4227 4228//4228 4348//4348
f 4227//4227 4348//4348 4347//4347
f 4228//4228 4229//4229 4349//4349
f 4228//4228 4349//4349 4348//4348
f 4229//4229 4230//4230 4350//4350
f 4229//4229 4350//4350 4349//4349
f 4230//4230 4231//4231 4351//4351
f 4230//4230 4351//4351 4350//4350
f 4231//4231 4232//4232 4352//4352
f 4231//4231 4352//4352 4351//4351
f 4232//4232 4233//4233 4353//4353
f 4232//4232 4353//4353 4352//4352
f 4233//4233 4234//4234 4354//4354
f 4233//4233 4354//4354 4353//4353
f 4234//4234 4235//4235 4355//4355
f 4234//4234 4355//4355 4354//4354
f 4235//4235 4236//4236 4356//4356
f 4235//4235 4356//4356 4355//4355
f 4236//4236 4237//4237 4357//4357
f 4236//4236 4357//4357 4356//4356
f 4237//4237 4238//4238 4358//4358
f 4237//4237 4358//4358 4357//4357
f 4238//4238 4239//4239 4359//4359
f 4238//4238 4359//4359 4358//4358
f 4239//4239 4240//4240 4360//4360
f 4239//4239 4360//4360 4359//4359
f 4240//4240 4241//4241 4361//4361
f 4240//4240 4361//4361 4360//4360
f 4241//4241 4242//4242 4362//4362
f 4241//4241 4362//4362 4361//4361
f 4242//4242 4243//4243 4363//4363
f 4242//4242 4363//4363 4362//4362
f 4243//4243 4244//4244 4364//4364
f 4243//4243 4364//4364 4363//4363
f 4244//4244 4245//4245 4365//4365
f 4244//4244 4365//4365 4364//4364
f 4245//4245 4246//4246 4366//4366
f 4245//4245 4366//4366 4365//4365
f 4246//4246 4247//4247 4367//4367
f 4246//4246 4367//4367 4366//4366
f 4247//4247 4248//4248 4368//4368
f 4247//4247 4368//4368 4367//4367
f 4248//4248 4249//4249 4369//4369
f 4248//4248 4369//4369 4368//4368
f 4249//4249 4250//4250 4370//4370
f 4249//4249 4370//4370 4369//4369
f 4250//4250 4251//4251 4371//4371
f 4250//4250 4371//4371 4370//4370
f 4251//4251 4252//4252 4372//4372
f 4251//4251 4372//4372 4371//4371
f 4252//4252 4253//4253 4373//4373
f 4252//4252 4373//4373 4372//4372
f 4253//4253 4254//4254 4374//4374
f 4253//4253 4374//4374 4373//4373
f 4254//4254 4255//4255 4375//4375
f 4254//4254 4375//4375 4374//4374
f 4255//4255 4256//4256 4376//4376
f 4255//4255 4376//4376 4375//4375
f 4256//4256 4257//4257 4377//4377
f 4256//4256 4377//4377 4376//4376
f 4257//4257 4258//4258 4378//4378
f 4257//4257 4378//4378 4377//4377
f 4258//4258 4259//4259 4379//4379
f 4258//4258 4379//4379 4378//4378
f 4259//4259 4260//4260 4380//4380
f 4259//4259 4380//4380 4379//4379
f 4260//4260 4261//4261 4381//4381
f 4260//4260 4381//4381 4380//4380
f 4261//4261 4262//4262 4382//4382
f 4261//4261 4382//4382 4381//4381
f 4262//4262 4263//4263 4383//4383
f 4262//4262 4383//4383 4382//4382
f 4263//4263 4264//4264 4384//4384
f 4263//4263 4384//4384 4383//4383
f 4264//4264 4265//4265 4385//4385
f 4264//4264 4385//4385 4384//4384
f 4265//4265 4266//4266 4386//4386
f 4265//4265 4386//4386 4385//4385
f 4266//4266 4267//4267 4387//4387
f 4266//4266 4387//4387 4386//4386
f 4267//4267 4268//4268 4388//4388
f 4267//4267 4388//4388 4387//4387
f 4268//4268 4269//4269 4389//4389
f 4268//4268 4389//4389 4388//4388
f 4269//4269 4270//4270 4390//4390
f 4269//4269 4390//4390 4389//4389
f 4270//4270 4271//4271 4391//4391
f 4270//4270 4391//4391 4390//4390
f 4271//4271 4272//4272 4392//4392
f 4271//4271 4392//4392 4391//4391
f 4272//4272 4273//4273 4393//4393
f 4272//4272 4393//4393 4392//4392
f 4273//4273 4274//4274 4394//4394
f 4273//4273 4394//4394 4393//4393
f 4274//4274 4275//4275 4395//4395
f 4274//4274 4395//4395 4394//4394
f 4275//4275 4276//4276 4396//4396
f 4275//4275 4396//4396 4395//4395
f 4276//4276 4277//4277 4397//4397
f 4276//4276 4397//4397 4396//4396
f 4277//4277 4278//4278 4398//4398
f 4277//4277 4398//4398 4397//4397
f 4278//4278 4279//4279 4399//4399
f 4278//4278 4399//4399 4398//4398
f 4279//4279 4280//4280 4400//4400
f 4279//4279 4400//4400 4399//4399
f 4280//4280 4281//4281 4401//4401
f 4280//4280 4401//4401 4400//4400
f 4281//4281 4282//4282 4402//4402
f 4281//4281 4402//4402 4401//4401
f 4282//4282 4283//4283 4403//4403
f 4282//4282 4403//4403 4402//4402
f 4283//4283 4284//4284 4404//4404
f 4283//4283 4404//4404 4403//4403
f 4284//4284 4285//4285 4405//4405
f 4284//4284 4405//4405 4404//4404
f 4285//4285 4286//4286 4406//4406
f 4285//4285 4406//4406 4405//4405
f 4286//4286 4287//4287 4407//4407
f 4286//4286 4407//4407 4406//4406
f 4287//4287 4288//4288 4408//4408
f 4287//4287 4408//4408 4407//4407
f 4288//4288 4289//4289 4409//4409
f 4288//4288 4409//4409 4408//4408
f 4289//4289 4290//4290 4410//4410
f 4289//4289 4410//4410 4409//4409
f 4290//4290 4291//4291 4411//4411
f 4290//4290 4411//4411 4410//4410
f 4291//4291 4292//4292 4412//4412
f 4291//4291 4412//4412 4411//4411
f 4292//4292 4293//4293 4413//4413
f 4292//4292 4413//4413 4412//4412
f 4293//4293 4294//4294 4414//4414
f 4293//4293 4414//4414 4413//4413
f 4294//4294 4295//4295 4415//4415
f 4294//4294 4415//4415 4414//4414
f 4295//4295 4296//4296 4416//4416
f 4295//4295 4416//4416 4415//4415
f 4296//4296 4297//4297 4417//4417
f 4296//4296 4417//4417 4416//4416
f 4297//4297 4298//4298 4418//4418
f 4297//4297 4418//4418 4417//4417
f 4298//4298 4299//4299 4419//4419
f 4298//4298 4419//4419 4418//4418
f 4299//4299 4300//4300 4420//4420
f 4299//4299 4420//4420 4419//4419
f 4300//4300 4301//4301 4421//4421
f 4300//4300 4421//4421 4420//4420
f 4301//4301 4302//4302 4422//4422
f 4301//4301 4422//4422 4421//4421
f 4302//4302 4303//4303 4423//4423
f 4302//4302 4423//4423 4422//4422
f 4303//4303 4304//4304 4424//4424
f 4303//4303 4424//4424 4423//4423
f 4304//4304 4305//4305 4425//4425
f 4304//4304 4425//4425 4424//4424
f 4305//4305 4306//4306 4426//4426
f 4305//4305 4426//4426 4425//4425
f 4306//4306 4307//4307 4427//4427
f 4306//4306 4427//4427 4426//4426
f 4307//4307 4308//4308 4428//4428
f 4307//4307 4428//4428 4427//4427
f 4308//4308 4309//4309 4429//4429
f 4308//4308 4429//4429 4428//4428
f 4309//4309 4310//4310 4430//4430
f 4309//4309 4430//4430 4429//4429
f 4310//4310 4311//4311 4431//4431
f 4310//4310 4431//4431 4430//4430
f 4311//4311 4312//4312 4432//4432
f 4311//4311 4432//4432 4431//4431
f 4312//4312 4313//4313 4433//4433
f 4312//4312 4433//4433 4432//4432
f 4313//4313 4314//4314 4434//4434
f 4313//4313 4434//4434 4433//4433
f 4314//4314 4315//4315 4435//4435
f 4314//4314 4435//4435 4434//4434
f 4315//4315 4316//4316 4436//4436
f 4315//4315 4436//4436 4435//4435
f 4316//4316 4317//4317 4437//4437
f 4316//4316 4437//4437 4436//4436
f 4317//4317 4318//4318 4438//4438
f 4317//4317 4438//4438 4437//4437
f 4318//4318 4319//4319 4439//4439
f 4318//4318 4439//4439 4438//4438
f 4319//4319 4320//4320 4440//4440
f 4319//4319 4440//4440 4439//4439
f 4320//4320 4321//4321 4441//4441
f 4320//4320 4441//4441 4440//4440
f 4321//4321 4322//4322 4442//4442
f 4321//4321 4442//4442 4441//4441
f 4322//4322 4323//4323 4443//4443
f 4322//4322 4443//4443 4442//4442
f 4323//4323 4204//4204 4324//4324
f 4323//4323 4324//4324 4443//4443
f 4324//4324 4325//4325 4445//4445
f 4324//4324 4445//4445 4444//4444
f 4325//4325 4326//4326 4446//4446
f 4325//4325 4446//4446 4445//4445
f 4326//4326 4327//4327 4447//4447
f 4326//4326 4447//4447 4446//4446
f 4327//4327 4328//4328 4448//4448
f 4327//4327 4448//4448 4447//4447
f 4328//4328 4329//4329 4449//4449
f 4328//4328 4449//4449 4448//4448
f 4329//4329 4330//4330 4450//4450
f 4329//4329 4450//4450 4449//4449
f 4330//4330 4331//4331 4451//4451
f 4330//4330 4451//4451 4450//4450
f 4331//4331 4332//4332 4452//4452
f 4331//4331 4452//4452 4451//4451
f 4332//4332 4333//4333 4453//4453
f 4332//4332 4453//4453 4452//4452
f 4333//4333 4334//4334 4454//4454
f 4333//4333 4454//4454 4453//4453
f 4334//4334 4335//4335 4455//4455
f 4334//4334 4455//4455 4454//4454
f 4335//4335 4336//4336 4456//4456
f 4335//4335 4456//4456 4455//4455
f 4336//4336 4337//4337 4457//4457
f 4336//4336 4457//4457 4456//4456
f 4337//4337 4338//4338 4458//4458
f 4337//4337 4458//4458 4457//4457
f 4338//4338 4339//4339 4459//4459
f 4338//4338 4459//4459 4458//4458
f 4339//4339 4340//4340 4460//4460
f 4339//4339 4460//4460 4459//4459
f 4340//4340 4341//4341 4461//4461
f 4340//4340 4461//4461 4460//4460
f 4341//4341 4342//4342 4462//4462
f 4341//4341 4462//4462 4461//4461
f 4342//4342 4343//4343 4463//4463
f 4342//4342 4463//4463 4462//4462
f 4343//4343 4344//4344 4464//4464
f 4343//4343 4464//4464 4463//4463
f 4344//4344 4345//4345 4465//4465
f 4344//4344 4465//4465 4464//4464
f 4345//4345 4346//4346 4466//4466
f 4345//4345 4466//4466 4465//4465
f 4346//4346 4347//4347 4467//4467
f 4346//4346 4467//4467 4466//4466
f 4347//4347 4348//4348 4468//4468
f 4347//4347 4468//4468 4467//4467
f 4348//4348 4349//4349 4469//4469
f 4348//4348 4469//4469 4468//4468
f 4349//4349 4350//4350 4470//4470
f 4349//4349 4470//4470 4469//4469
f 4350//4350 4351//4351 4471//4471
f 4350//4350 4471//4471 4470//4470
f 4351//4351 4352//4352 4472//4472
f 4351//4351 4472//4472 4471//4471
f 4352//4352 4353//4353 4473//4473
f 4352//4352 4473//4473 4472//4472
f 4353//4353 4354//4354 4474//4474
f 4353//4353 4474//4474 4473//4473
f 4354//4354 4355//4355 4475//4475
f 4354//4354 4475//4475 4474//4474
f 4355//4355 4356//4356 4476//4476
f 4355//4355 4476//4476 4475//4475
f 4356//4356 4357//4357 4477//4477
f 4356//4356 4477//4477 4476//4476
f 4357//4357 4358//4358 4478//4478
f 4357//4357 4478//4478 4477//4477
f 4358//4358 4359//4359 4479//4479
f 4358//4358 4479//4479 4478//4478
f 4359//4359 4360//4360 4480//4480
f 4359//4359 4480//4480 4479//4479
f 4360//4360 4361//4361 4481//4481
f 4360//4360 4481//4481 4480//4480
f 4361//4361 4362//4362 4482//4482
f 4361//4361 4482//4482 4481//4481
f 4362//4362 4363//4363 4483//4483
f 4362//4362 4483//4483 4482//4482
f 4363//4363 4364//4364 4484//4484
f 4363//4363 4484//4484 4483//4483
f 4364//4364 4365//4365 4485//4485
f 4364//4364 4485//4485 4484//4484
f 4365//4365 4366//4366 4486//4486
f 4365//4365 4486//4486 4485//4485
f 4366//4366 4367//4367 4487//4487
f 4366//4366 4487//4487 4486//4486
f 4367//4367 4368//4368 4488//4488
f 4367//4367 4488//4488 4487//4487
f 4368//4368 4369//4369 4489//4489
f 4368//4368 4489//4489 4488//4488
f 4369//4369 4370//4370 4490//4490
f 4369//4369 4490//4490 4489//4489
f 4370//4370 4371//4371 4491//4491
f 4370//4370 4491//4491 4490//4490
f 4371//4371 4372//4372 4492//4492
f 4371//4371 4492//4492 4491//4491
f 4372//4372 4373//4373 4493//4493
f 4372//4372 4493//4493 4492//4492
f 4373//4373 4374//4374 4494//4494
f 4373//4373 4494//4494 4493//4493
f 4374//4374 4375//4375 4495//4495
f 4374//4374 4495//4495 4494//4494
f 4375//4375 4376//4376 4496//4496
f 4375//4375 4496//4496 4495//4495
f 4376//4376 4377//4377 4497//4497
f 4376//4376 4497//4497 4496//4496
f 4377//4377 4378//4378 4498//4498
f 4377//4377 4498//4498 4497//4497
f 4378//4378 4379//4379 4499//4499
f 4378//4378 4499//4499 4498//4498
f 4379//4379 4380//4380 4500//4500
f 4379//4379 4500//4500 4499//4499
f 4380//4380 4381//4381 4501//4501
f 4380//4380 4501//4501 4500//4500
f 4381//4381 4382//4382 4502//4502
f 4381//4381 4502//4502 4501//4501
f 4382//4382 4383//4383 4503//4503
f 4382//4382 4503//4503 4502//4502
f 4383//4383 4384//4384 4504//4504
f 4383//4383 4504//4504 4503//4503
f 4384//4384 4385//4385 4505//4505
f 4384//4384 4505//4505 4504//4504
f 4385//4385 4386//4386 4506//4506
f 4385//4385 4506//4506 4505//4505
f 4386//4386 4387//4387 4507//4507
f 4386//4386 4507//4507 4506//4506
f 4387//4387 4388//4388 4508//4508
f 4387//4387 4508//4508 4507//4507
f 4388//4388 4389//4389 4509//4509
f 4388//4388 4509//4509 4508//4508
f 4389//4389 4390//4390 4510//4510
f 4389//4389 4510//4510 4509//4509
f 4390//4390 4391//4391 4511//4511
f 4390//4390 4511//4511 4510//4510
f 4391//4391 4392//4392 4512//4512
f 4391//4391 4512//4512 4511//4511
f 4392//4392 4393//4393 4513//4513
f 4392//4392 4513//4513 4512//4512
f 4393//4393 4394//4394 4514//4514
f 4393//4393 4514//4514 4513//4513
f 4394//4394 4395//4395 4515//4515
f 4394//4394 4515//4515 4514//4514
f 4395//4395 4396//4396 4516//4516
f 4395//4395 4516//4516 4515//4515
f 4396//4396 4397//4397 4517//4517
f 4396//4396 4517//4517 4516//4516
f 4397//4397 4398//4398 4518//4518
f 4397//4397 4518//4518 4517//4517
f 4398//4398 4399//4399 4519//4519
f 4398//4398 4519//4519 4518//4518
f 4399//4399 4400//4400 4520//4520
f 4399//4399 4520//4520 4519//4519
f 4400//4400 4401//4401 4521//4521
f 4400//4400 4521//4521 4520//4520
f 4401//4401 4402//4402 4522//4522
f 4401//4401 4522//4522 4521//4521
f 4402//4402 4403//4403 4523//4523
f 4402//4402 4523//4523 4522//4522
f 4403//4403 4404//4404 4524//4524
f 4403//4403 4524//4524 4523//4523
f 4404//4404 4405//4405 4525//4525
f 4404//4404 4525//4525 4524//4524
f 4405//4405 4406//4406 4526//4526
f 4405//4405 4526//4526 4525//4525
f 4406//4406 4407//4407 4527//4527
f 4406//4406 4527//4527 4526//4526
f 4407//4407 4408//4408 4528//4528
f 4407//4407 4528//4528 4527//4527
f 4408//4408 4409//4409 4529//4529
f 4408//4408 4529//4529 4528//4528
f 4409//4409 4410//4410 4530//4530
f 4409//4409 4530//4530 4529//4529
f 4410//4410 4411//4411 4531//4531
f 4410//4410 4531//4531 4530//4530
f 4411//4411 4412//4412 4532//4532
f 4411//4411 4532//4532 4531//4531
f 4412//4412 4413//4413 4533//4533
f 4412//4412 4533//4533 4532//4532
f 4413//4413 4414//4414 4534//4534
f 4413//4413 4534//4534 4533//4533
f 4414//4414 4415//4415 4535//4535
f 4414//4414 4535//4535 4534//4534
f 4415//4415 4416//4416 4536//4536
f 4415//4415 4536//4536 4535//4535
f 4416//4416 4417//4417 4537//4537
f 4416//4416 4537//4537 4536//4536
f 4417//4417 4418//4418 4538//4538
f 4417//4417 4538//4538 4537//4537
f 4418//4418 4419//4419 4539//4539
f 4418//4418 4539//4539 4538//4538
f 4419//4419 4420//4420 4540//4540
f 4419//4419 4540//4540 4539//4539
f 4420//4420 4421//4421 4541//4541
f 4420//4420 4541//4541 4540//4540
f 4421//4421 4422//4422 4542//4542
f 4421//4421 4542//4542 4541//4541
f 4422//4422 4423//4423 4543//4543
f 4422//4422 4543//4543 4542//4542
f 4423//4423 4424//4424 4544//4544
f 4423//4423 4544//4544 4543//4543
f 4424//4424 4425//4425 4545//4545
f 4424//4424 4545//4545 4544//4544
f 4425//4425 4426//4426 4546//4546
f 4425//4425 4546//4546 4545//4545
f 4426//4426 4427//4427 4547//4547
f 4426//4426 4547//4547 4546//4546
f 4427//4427 4428//4428 4548//4548
f 4427//4427 4548//4548 4547//4547
f 4428//4428 4429//4429 4549//4549
f 4428//4428 4549//4549 4548//4548
f 4429//4429 4430//4430 4550//4550
f 4429//4429 4550//4550 4549//4549
f 4430//4430 4431//4431 4551//4551
f 4430//4430 4551//4551 4550//4550
f 4431//4431 4432//4432 4552//4552
f 4431//4431 4552//4552 4551//4551
f 4432//4432 4433//4433 4553//4553
f 4432//4432 4553//4553 4552//4552
f 4433//4433 4434//4434 4554//4554
f 4433//4433 4554//4554 4553//4553
f 4434//4434 4435//4435 4555//4555
f 4434//4434 4555//4555 4554//4554
f 4435//4435 4436//4436 4556//4556
f 4435//4435 4556//4556 4555//4555
f 4436//4436 4437//4437 4557//4557
f 4436//4436 4557//4557 4556//4556
f 4437//4437 4438//4438 4558//4558
f 4437//4437 4558//4558 4557//4557
f 4438//4438 4439//4439 4559//4559
f 4438//4438 4559//4559 4558//4558
f 4439//4439 4440//4440 4560//4560
f 4439//4439 4560//4560 4559//4559
f 4440//4440 4441//4441 4561//4561
f 4440//4440 4561//4561 4560//4560
f 4441//4441 4442//4442 4562//4562
f 4441//4441 4562//4562 4561//4561
f 4442//4442 4443//4443 4563//4563
f 4442//4442 4563//4563 4562//4562
f 4443//4443 4324//4324 4444//4444
f 4443//4443 4444//4444 4563//4563
f 4444//4444 4445//4445 4565//4565
f 4444//4444 4565//4565 4564//4564
f 4445//4445 4446//4446 4566//4566
f 4445//4445 4566//4566 4565//4565
f 4446//4446 4447//4447 4567//4567
f 4446//4446 4567//4567 4566//4566
f 4447//4447 4448//4448 4568//4568
f 4447//4447 4568//4568 4567//4567
f 4448//4448 4449//4449 4569//4569
f 4448//4448 4569//4569 4568//4568
f 4449//4449 4450//4450 4570//4570
f 4449//4449 4570//4570 4569//4569
f 4450//4450 4451//4451 4571//4571
f 4450//4450 4571//4571 4570//4570
f 4451//4451 4452//4452 4572//4572
f 4451//4451 4572//4572 4571//4571
f 4452//4452 4453//4453 4573//4573
f 4452//4452 4573//4573 4572//4572
f 4453//4453 4454//4454 4574//4574
f 4453//4453 4574//4574 4573//4573
f 4454//4454 4455//4455 4575//4575
f 4454//4454 4575//4575 4574//4574
f 4455//4455 4456//4456 4576//4576
f 4455//4455 4576//4576 4575//4575
f 4456//4456 4457//4457 4577//4577
f 4456//4456 4577//4577 4576//4576
f 4457//4457 4458//4458 4578//4578
f 4457//4457 4578//4578 4577//4577
f 4458//4458 4459//4459 4579//4579
f 4458//4458 4579//4579 4578//4578
f 4459//4459 4460//4460 4580//4580
f 4459//4459 4580//4580 4579//4579
f 4460//4460 4461//4461 4581//4581
f 4460//4460 4581//4581 4580//4580
f 4461//4461 4462//4462 4582//4582
f 4461//4461 4582//4582 4581//4581
f 4462//4462 4463//4463 4583//4583
f 4462//4462 4583//4583 4582//4582
f 4463//4463 4464//4464 4584//4584
f 4463//4463 4584//4584 4583//4583
f 4464//4464 4465//4465 4585//4585
f 4464//4464 4585//4585 4584//4584
f 4465//4465 4466//4466 4586//4586
f 4465//4465 4586//4586 4585//4585
f 4466//4466 4467//4467 4587//4587
f 4466//4466 4587//4587 4586//4586
f 4467//4467 4468//4468 4588//4588
f 4467//4467 4588//4588 4587//4587
f 4468//4468 4469//4469 4589//4589
f 4468//4468 4589//4589 4588//4588
f 4469//4469 4470//4470 4590//4590
f 4469//4469 4590//4590 4589//4589
f 4470//4470 4471//4471 4591//4591
f 4470//4470 4591//4591 4590//4590
f 4471//4471 4472//4472 4592//4592
f 4471//4471 4592//4592 4591//4591
f 4472//4472 4473//4473 4593//4593
f 4472//4472 4593//4593 4592//4592
f 4473//4473 4474//4474 4594//4594
f 4473//4473 4594//4594 4593//4593
f 4474//4474 4475//4475 4595//4595
f 4474//4474 4595//4595 4594//4594
f 4475//4475 4476//4476 4596//4596
f 4475//4475 4596//4596 4595//4595
f 4476//4476 4477//4477 4597//4597
f 4476//4476 4597//4597 4596//4596
f 4477//4477 4478//4478 4598//4598
f 4477//4477 4598//4598 4597//4597
f 4478//4478 4479//4479 4599//4599
f 4478//4478 4599//4599 4598//4598
f 4479//4479 4480//4480 4600//4600
f 4479//4479 4600//4600 4599//4599
f 4480//4480 4481//4481 4601//4601
f 4480//4480 4601//4601 4600//4600
f 4481//4481 4482//4482 4602//4602
f 4481//4481 4602//4602 4601//4601
f 4482//4482 4483//4483 4603//4603
f 4482//4482 4603//4603 4602//4602
f 4483//4483 4484//4484 4604//4604
f 4483//4483 4604//4604 4603//4603
f 4484//4484 4485//4485 4605//4605
f 4484//4484 4605//4605 4604//4604
f 4485//4485 4486//4486 4606//4606
f 4485//4485 4606//4606 4605//4605
f 4486//4486 4487//4487 4607//4607
f 4486//4486 4607//4607 4606//4606
f 4487//4487 4488//4488 4608//4608
f 4487//4487 4608//4608 4607//4607
f 4488//4488 4489//4489 4609//4609
f 4488//4488 4609//4609 4608//4608
f 4489//4489 4490//4490 4610//4610
f 4489//4489 4610//4610 4609//4609
f 4490//4490 4491//4491 4611//4611
f 4490//4490 4611//4611 4610//4610
f 4491//4491 4492//4492 4612//4612
f 4491//4491 4612//4612 4611//4611
f 4492//4492 4493//4493 4613//4613
f 4492//4492 4613//4613 4612//4612
f 4493//4493 4494//4494 4614//4614
f 4493//4493 4614//4614 4613//4613
f 4494//4494 4495//4495 4615//4615
f 4494//4494 4615//4615 4614//4614
f 4495//4495 4496//4496 4616//4616
f 4495//4495 4616//4616 4615//4615
f 4496//4496 4497//4497 4617//4617
f 4496//4496 4617//4617 4616//4616
f 4497//4497 4498//4498 4618//4618
f 4497//4497 4618//4618 4617//4617
f 4498//4498 4499//4499 4619//4619
f 4498//4498 4619//4619 4618//4618
f 4499//4499 4500//4500 4620//4620
f 4499//4499 4620//4620 4619//4619
f 4500//4500 4501//4501 4621//4621
f 4500//4500 4621//4621 4620//4620
f 4501//4501 4502//4502 4622//4622
f 4501//4501 4622//4622 4621//4621
f 4502//4502 4503//4503 4623//4623
f 4502//4502 4623//4623 4622//4622
f 4503//4503 4504//4504 4624//4624
f 4503//4503 4624//4624 4623//4623
f 4504//4504 4505//4505 4625//4625
f 4504//4504 4625//4625 4624//4624
f 4505//4505 4506//4506 4626//4626
f 4505//4505 4626//4626 4625//4625
f 4506//4506 4507//4507 4627//4627
f 4506//4506 4627//4627 4626//4626
f 4507//4507 4508//4508 4628//4628
f 4507//4507 4628//4628 4627//4627
f 4508//4508 4509//4509 4629//4629
f 4508//4508 4629//4629 4628//4628
f 4509//4509 4510//4510 4630//4630
f 4509//4509 4630//4630 4629//4629
f 4510//4510 4511//4511 4631//4631
f 4510//4510 4631//4631 4630//4630
f 4511//4511 4512//4512 4632//4632
f 4511//4511 4632//4632 4631//4631
f 4512//4512 4513//4513 4633//4633
f 4512//4512 4633//4633 4632//4632
f 4513//4513 4514//4514 4634//4634
f 4513//4513 4634//4634 4633//4633
f 4514//4514 4515//4515 4635//4635
f 4514//4514 4635//4635 4634//4634
f 4515//4515 4516//4516 4636//4636
f 4515//4515 4636//4636 4635//4635
f 4516//4516 4517//4517 4637//4637
f 4516//4516 4637//4637 4636//4636
f 4517//4517 4518//4518 4638//4638
f 4517//4517 4638//4638 4637//4637
f 4518//4518 4519//4519 4639//4639
f 4518//4518 4639//4639 4638//4638
f 4519//4519 4520//4520 4640//4640
f 4519//4519 4640//4640 4639//4639
f 4520//4520 4521//4521 4641//4641
f 4520//4520 4641//4641 4640//4640
f 4521//4521 4522//4522 4642//4642
f 4521//4521 4642//4642 4641//4641
f 4522//4522 4523//4523 4643//4643
f 4522//4522 4643//4643 4642//4642
f 4523//4523 4524//4524 4644//4644
f 4523//4523 4644//4644 4643//4643
f 4524//4524 4525//4525 4645//4645
f 4524//4524 4645//4645 4644//4644
f 4525//4525 4526//4526 4646//4646
f 4525//4525 4646//4646 4645//4645
f 4526//4526 4527//4527 4647//4647
f 4526//4526 4647//4647 4646//4646
f 4527//4527 4528//4528 4648//4648
f 4527//4527 4648//4648 4647//4647
f 4528//4528 4529//4529 4649//4649
f 4528//4528 4649//4649 4648//4648
f 4529//4529 4530//4530 4650//4650
f 4529//4529 4650//4650 4649//4649
f 4530//4530 4531//4531 4651//4651
f 4530//4530 4651//4651 4650//4650
f 4531//4531 4532//4532 4652//4652
f 4531//4531 4652//4652 4651//4651
f 4532//4532 4533//4533 4653//4653
f 4532//4532 4653//4653 4652//4652
f 4533//4533 4534//4534 4654//4654
f 4533//4533 4654//4654 4653//4653
f 4534//4534 4535//4535 4655//4655
f 4534//4534 4655//4655 4654//4654
f 4535//4535 4536//4536 4656//4656
f 4535//4535 4656//4656 4655//4655
f 4536//4536 4537//4537 4657//4657
f 4536//4536 4657//4657 4656//4656
f 4537//4537 4538//4538 4658//4658
f 4537//4537 4658//4658 4657//4657
f 4538//4538 4539//4539 4659//4659
f 4538//4538 4659//4659 4658//4658
f 4539//4539 4540//4540 4660//4660
f 4539//4539 4660//4660 4659//4659
f 4540//4540 4541//4541 4661//4661
f 4540//4540 4661//4661 4660//4660
f 4541//4541 4542//4542 4662//4662
f 4541//4541 4662//4662 4661//4661
f 4542//4542 4543//4543 4663//4663
f 4542//4542 4663//4663 4662//4662
f 4543//4543 4544//4544 4664//4664
f 4543//4543 4664//4664 4663//4663
f 4544//4544 4545//4545 4665//4665
f 4544//4544 4665//4665 4664//4664
f 4545//4545 4546//4546 4666//4666
f 4545//4545 4666//4666 4665//4665
f 4546//4546 4547//4547 4667//4667
f 4546//4546 4667//4667 4666//4666
f 4547//4547 4548//4548 4668//4668
f 4547//4547 4668//4668 4667//4667
f 4548//4548 4549//4549 4669//4669
f 4548//4548 4669//4669 4668//4668
f 4549//4549 4550//4550 4670//4670
f 4549//4549 4670//4670 4669//4669
f 4550//4550 4551//4551 4671//4671
f 4550//4550 4671//4671 4670//4670
f 4551//4551 4552//4552 4672//4672
f 4551//4551 4672//4672 4671//4671
f 4552//4552 4553//4553 4673//4673
f 4552//4552 4673//4673 4672//4672
f 4553//4553 4554//4554 4674//4674
f 4553//4553 4674//4674 4673//4673
f 4554//4554 4555//4555 4675//4675
f 4554//4554 4675//4675 4674//4674
f 4555//4555 4556//4556 4676//4676
f 4555//4555 4676//4676 4675//4675
f 4556//4556 4557//4557 4677//4677
f 4556//4556 4677//4677 4676//4676
f 4557//4557 4558//4558 4678//4678
f 4557//4557 4678//4678 4677//4677
f 4558//4558 4559//4559 4679//4679
f 4558//4558 4679//4679 4678//4678
f 4559//4559 4560//4560 4680//4680
f 4559//4559 4680//4680 4679//4679
f 4560//4560 4561//4561 4681//4681
f 4560//4560 4681//4681 4680//4680
f 4561//4561 4562//4562 4682//4682
f 4561//4561 4682//4682 4681//4681
f 4562//4562 4563//4563 4683//4683
f 4562//4562 4683//4683 4682//4682
f 4563//4563 4444//4444 4564//4564
f 4563//4563 4564//4564 4683//4683
f 4564//4564 4565//4565 4685//4685
f 4564//4564 4685//4685 4684//4684
f 4565//4565 4566//4566 4686//4686
f 4565//4565 4686//4686 4685//4685
f 4566//4566 4567//4567 4687//4687
f 4566//4566 4687//4687 4686//4686
f 4567//4567 4568//4568 4688//4688
f 4567//4567 4688//4688 4687//4687
f 4568//4568 4569//4569 4689//4689
f 4568//4568 4689//4689 4688//4688
f 4569//4569 4570//4570 4690//4690
f 4569//4569 4690//4690 4689//4689
f 4570//4570 4571//4571 4691//4691
f 4570//4570 4691//4691 4690//4690
f 4571//4571 4572//4572 4692//4692
f 4571//4571 4692//4692 4691//4691
f 4572//4572 4573//4573 4693//4693
f 4572//4572 4693//4693 4692//4692
f 4573//4573 4574//4574 4694//4694
f 4573//4573 4694//4694 4693//4693
f 4574//4574 4575//4575 4695//4695
f 4574//4574 4695//4695 4694//4694
f 4575//4575 4576//4576 4696//4696
f 4575//4575 4696//4696 4695//4695
f 4576//4576 4577//4577 4697//4697
f 4576//4576 4697//4697 4696//4696
f 4577//4577 4578//4578 4698//4698
f 4577//4577 4698//4698 4697//4697
f 4578//4578 4579//4579 4699//4699
f 4578//4578 4699//4699 4698//4698
f 4579//4579 4580//4580 4700//4700
f 4579//4579 4700//4700 4699//4699
f 4580//4580 4581//4581 4701//4701
f 4580//4580 4701//4701 4700//4700
f 4581//4581 4582//4582 4702//4702
f 4581//4581 4702//4702 4701//4701
f 4582//4582 4583//4583 4703//4703
f 4582//4582 4703//4703 4702//4702
f 4583//4583 4584//4584 4704//4704
f 4583//4583 4704//4704 4703//4703
f 4584//4584 4585//4585 4705//4705
f 4584//4584 4705//4705 4704//4704
f 4585//4585 4586//4586 4706//4706
f 4585//4585 4706//4706 4705//4705
f 4586//4586 4587//4587 4707//4707
f 4586//4586 4707//4707 4706//4706
f 4587//4587 4588//4588 4708//4708
f 4587//4587 4708//4708 4707//4707
f 4588//4588 4589//4589 4709//4709
f 4588//4588 4709//4709 4708//4708
f 4589//4589 4590//4590 4710//4710
f 4589//4589 4710//4710 4709//4709
f 4590//4590 4591//4591 4711//4711
f 4590//4590 4711//4711 4710//4710
f 4591//4591 4592//4592 4712//4712
f 4591//4591 4712//4712 4711//4711
f 4592//4592 4593//4593 4713//4713
f 4592//4592 4713//4713 4712//4712
f 4593//4593 4594//4594 4714//4714
f 4593//4593 4714//4714 4713//4713
f 4594//4594 4595//4595 4715//4715
f 4594//4594 4715//4715 4714//4714
f 4595//4595 4596//4596 4716//4716
f 4595//4595 4716//4716 4715//4715
f 4596//4596 4597//4597 4717//4717
f 4596//4596 4717//4717 4716//4716
f 4597//4597 4598//4598 4718//4718
f 4597//4597 4718//4718 4717//4717
f 4598//4598 4599//4599 4719//4719
f 4598//4598 4719//4719 4718//4718
f 4599//4599 4600//4600 4720//4720
f 4599//4599 4720//4720 4719//4719
f 4600//4600 4601//4601 4721//4721
f 4600//4600 4721//4721 4720//4720
f 4601//4601 4602//4602 4722//4722
f 4601//4601 4722//4722 4721//4721
f 4602//4602 4603//4603 4723//4723
f 4602//4602 4723//4723 4722//4722
f 4603//4603 4604//4604 4724//4724
f 4603//4603 4724//4724 4723//4723
f 4604//4604 4605//4605 4725//4725
f 4604//4604 4725//4725 4724//4724
f 4605//4605 4606//4606 4726//4726
f 4605//4605 4726//4726 4725//4725
f 4606//4606 4607//4607 4727//4727
f 4606//4606 4727//4727 4726//4726
f 4607//4607 4608//4608 4728//4728
f 4607//4607 4728//4728 4727//4727
f 4608//4608 4609//4609 4729//4729
f 4608//4608 4729//4729 4728//4728
f 4609//4609 4610//4610 4730//4730
f 4609//4609 4730//4730 4729//4729
f 4610//4610 4611//4611 4731//4731
f 4610//4610 4731//4731 4730//4730
f 4611//4611 4612//4612 4732//4732
f 4611//4611 4732//4732 4731//4731
f 4612//4612 4613//4613 4733//4733
f 4612//4612 4733//4733 4732//4732
f 4613//4613 4614//4614 4734//4734
f 4613//4613 4734//4734 4733//4733
f 4614//4614 4615//4615 4735//4735
f 4614//4614 4735//4735 4734//4734
f 4615//4615 4616//4616 4736//4736
f 4615//4615 4736//4736 4735//4735
f 4616//4616 4617//4617 4737//4737
f 4616//4616 4737//4737 4736//4736
f 4617//4617 4618//4618 4738//4738
f 4617//4617 4738//4738 4737//4737
f 4618//4618 4619//4619 4739//4739
f 4618//4618 4739//4739 4738//4738
f 4619//4619 4620//4620 4740//4740
f 4619//4619 4740//4740 4739//4739
f 4620//4620 4621//4621 4741//4741
f 4620//4620 4741//4741 4740//4740
f 4621//4621 4622//4622 4742//4742
f 4621//4621 4742//4742 4741//4741
f 4622//4622 4623//4623 4743//4743
f 4622//4622 4743//4743 4742//4742
f 4623//4623 4624//4624 4744//4744
f 4623//4623 4744//4744 4743//4743
f 4624//4624 4625//4625 4745//4745
f 4624//4624 4745//4745 4744//4744
f 4625//4625 4626//4626 4746//4746
f 4625//4625 4746//4746 4745//4745
f 4626//4626 4627//4627 4747//4747
f 4626//4626 4747//4747 4746//4746
f 4627//4627 4628//4628 4748//4748
f 4627//4627 4748//4748 4747//4747
f 4628//4628 4629//4629 4749//4749
f 4628//4628 4749//4749 4748//4748
f 4629//4629 4630//4630 4750//4750
f 4629//4629 4750//4750 4749//4749
f 4630//4630 4631//4631 4751//4751
f 4630//4630 4751//4751 4750//4750
f 4631//4631 4632//4632 4752//4752
f 4631//4631 4752//4752 4751//4751
f 4632//4632 4633//4633 4753//4753
f 4632//4632 4753//4753 4752//4752
f 4633//4633 4634//4634 4754//4754
f 4633//4633 4754//4754 4753//4753
f 4634//4634 4635//4635 4755//4755
f 4634//4634 4755//4755 4754//4754
f 4635//4635 4636//4636 4756//4756
f 4635//4635 4756//4756 4755//4755
f 4636//4636 4637//4637 4757//4757
f 4636//4636 4757//4757 4756//4756
f 4637//4637 4638//4638 4758//4758
f 4637//4637 4758//4758 4757//4757
f 4638//4638 4639//4639 4759//4759
f 4638//4638 4759//4759 4758//4758
f 4639//4639 4640//4640 4760//4760
f 4639//4639 4760//4760 4759//4759
f 4640//4640 4641//4641 4761//4761
f 4640//4640 4761//4761 4760//4760
f 4641//4641 4642//4642 4762//4762
f 4641//4641 4762//4762 4761//4761
f 4642//4642 4643//4643 4763//4763
f 4642//4642 4763//4763 4762//4762
f 4643//4643 4644//4644 4764//4764
f 4643//4643 4764//4764 4763//4763
f 4644//4644 4645//4645 4765//4765
f 4644//4644 4765//4765 4764//4764
f 4645//4645 4646//4646 4766//4766
f 4645//4645 4766//4766 4765//4765
f 4646//4646 4647//4647 4767//4767
f 4646//4646 4767//4767 4766//4766
f 4647//4647 4648//4648 4768//4768
f 4647//4647 4768//4768 4767//4767
f 4648//4648 4649//4649 4769//4769
f 4648//4648 4769//4769 4768//4768
f 4649//4649 4650//4650 4770//4770
f 4649//4649 4770//4770 4769//4769
f 4650//4650 4651//4651 4771//4771
f 4650//4650 4771//4771 4770//4770
f 4651//4651 4652//4652 4772//4772
f 4651//4651 4772//4772 4771//4771
f 4652//4652 4653//4653 4773//4773
f 4652//4652 4773//4773 4772//4772
f 4653//4653 4654//4654 4774//4774
f 4653//4653 4774//4774 4773//4773
f 4654//4654 4655//4655 4775//4775
f 4654//4654 4775//4775 4774//4774
f 4655//4655 4656//4656 4776//4776
f 4655//4655 4776//4776 4775//4775
f 4656//4656 4657//4657 4777//4777
f 4656//4656 4777//4777 4776//4776
f 4657//4657 4658//4658 4778//4778
f 4657//4657 4778//4778 4777//4777
f 4658//4658 4659//4659 4779//4779
f 4658//4658 4779//4779 4778//4778
f 4659//4659 4660//4660 4780//4780
f 4659//4659 4780//4780 4779//4779
f 4660//4660 4661//4661 4781//4781
f 4660//4660 4781//4781 4780//4780
f 4661//4661 4662//4662 4782//4782
f 4661//4661 4782//4782 4781//4781
f 4662//4662 4663//4663 4783//4783
f 4662//4662 4783//4783 4782//4782
f 4663//4663 4664//4664 4784//4784
f 4663//4663 4784//4784 4783//4783
f 4664//4664 4665//4665 4785//4785
f 4664//4664 4785//4785 4784//4784
f 4665//4665 4666//4666 4786//4786
f 4665//4665 4786//4786 4785//4785
f 4666//4666 4667//4667 4787//4787
f 4666//4666 4787//4787 4786//4786
f 4667//4667 4668//4668 4788//4788
f 4667//4667 4788//4788 4787//4787
f 4668//4668 4669//4669 4789//4789
f 4668//4668 4789//4789 4788//4788
f 4669//4669 4670//4670 4790//4790
f 4669//4669 4790//4790 4789//4789
f 4670//4670 4671//4671 4791//4791
f 4670//4670 4791//4791 4790//4790
f 4671//4671 4672//4672 4792//4792
f 4671//4671 4792//4792 4791//4791
f 4672//4672 4673//4673 4793//4793
f 4672//4672 4793//4793 4792//4792
f 4673//4673 4674//4674 4794//4794
f 4673//4673 4794//4794 4793//4793
f 4674//4674 4675//4675 4795//4795
f 4674//4674 4795//4795 4794//4794
f 4675//4675 4676//4676 4796//4796
f 4675//4675 4796//4796 4795//4795
f 4676//4676 4677//4677 4797//4797
f 4676//4676 4797//4797 4796//4796
f 4677//4677 4678//4678 4798//4798
f 4677//4677 4798//4798 4797//4797
f 4678//4678 4679//4679 4799//4799
f 4678//4678 4799//4799 4798//4798
f 4679//4679 4680//4680 4800//4800
f 4679//4679 4800//4800 4799//4799
f 4680//4680 4681//4681 4801//4801
f 4680//4680 4801//4801 4800//4800
f 4681//4681 4682//4682 4802//4802
f 4681//4681 4802//4802 4801//4801
f 4682//4682 4683//4683 4803//4803
f 4682//4682 4803//4803 4802//4802
f 4683//4683 4564//4564 4684//4684
f 4683//4683 4684//4684 4803//4803
f 4684//4684 4685//4685 4805//4805
f 4684//4684 4805//4805 4804//4804
f 4685//4685 4686//4686 4806//4806
f 4685//4685 4806//4806 4805//4805
f 4686//4686 4687//4687 4807//4807
f 4686//4686 4807//4807 4806//4806
f 4687//4687 4688//4688 4808//4808
f 4687//4687 4808//4808 4807//4807
f 4688//4688 4689//4689 4809//4809
f 4688//4688 4809//4809 4808//4808
f 4689//4689 4690//4690 4810//4810
f 4689//4689 4810//4810 4809//4809
f 4690//4690 4691//4691 4811//4811
f 4690//4690 4811//4811 4810//4810
f 4691//4691 4692//4692 4812//4812
f 4691//4691 4812//4812 4811//4811
f 4692//4692 4693//4693 4813//4813
f 4692//4692 4813//4813 4812//4812
f 4693//4693 4694//4694 4814//4814
f 4693//4693 4814//4814 4813//4813
f 4694//4694 4695//4695 4815//4815
f 4694//4694 4815//4815 4814//4814
f 4695//4695 4696//4696 4816//4816
f 4695//4695 4816//4816 4815//4815
f 4696//4696 4697//4697 4817//4817
f 4696//4696 4817//4817 4816//4816
f 4697//4697 4698//4698 4818//4818
f 4697//4697 4818//4818 4817//4817
f 4698//4698 4699//4699 4819//4819
f 4698//4698 4819//4819 4818//4818
f 4699//4699 4700//4700 4820//4820
f 4699//4699 4820//4820 4819//4819
f 4700//4700 4701//4701 4821//4821
f 4700//4700 4821//4821 4820//4820
f 4701//4701 4702//4702 4822//4822
f 4701//4701 4822//4822 4821//4821
f 4702//4702 4703//4703 4823//4823
f 4702//4702 4823//4823 4822//4822
f 4703//4703 4704//4704 4824//4824
f 4703//4703 4824//4824 4823//4823
f 4704//4704 4705//4705 4825//4825
f 4704//4704 4825//4825 4824//4824
f 4705//4705 4706//4706 4826//4826
f 4705//4705 4826//4826 4825//4825
f 4706//4706 4707//4707 4827//4827
f 4706//4706 4827//4827 4826//4826
f 4707//4707 4708//4708 4828//4828
f 4707//4707 4828//4828 4827//4827
f 4708//4708 4709//4709 4829//4829
f 4708//4708 4829//4829 4828//4828
f 4709//4709 4710//4710 4830//4830
f 4709//4709 4830//4830 4829//4829
f 4710//4710 4711//4711 4831//4831
f 4710//4710 4831//4831 4830//4830
f 4711//4711 4712//4712 4832//4832
f 4711//4711 4832//4832 4831//4831
f 4712//4712 4713//4713 4833//4833
f 4712//4712 4833//4833 4832//4832
f 4713//4713 4714//4714 4834//4834
f 4713//4713 4834//4834 4833//4833
f 4714//4714 4715//4715 4835//4835
f 4714//4714 4835//4835 4834//4834
f 4715//4715 4716//4716 4836//4836
f 4715//4715 4836//4836 4835//4835
f 4716//4716 4717//4717 4837//4837
f 4716//4716 4837//4837 4836//4836
f 4717//4717 4718//4718 4838//4838
f 4717//4717 4838//4838 4837//4837
f 4718//4718 4719//4719 4839//4839
f 4718//4718 4839//4839 4838//4838
f 4719//4719 4720//4720 4840//4840
f 4719//4719 4840//4840 4839//4839
f 4720//4720 4721//4721 4841//4841
f 4720//4720 4841//4841 4840//4840
f 4721//4721 4722//4722 4842//4842
f 4721//4721 4842//4842 4841//4841
f 4722//4722 4723//4723 4843//4843
f 4722//4722 4843//4843 4842//4842
f 4723//4723 4724//4724 4844//4844
f 4723//4723 4844//4844 4843//4843
f 4724//4724 4725//4725 4845//4845
f 4724//4724 4845//4845 4844//4844
f 4725//4725 4726//4726 4846//4846
f 4725//4725 4846//4846 4845//4845
f 4726//4726 4727//4727 4847//4847
f 4726//4726 4847//4847 4846//4846
f 4727//4727 4728//4728 4848//4848
f 4727//4727 4848//4848 4847//4847
f 4728//4728 4729//4729 4849//4849
f 4728//4728 4849//4849 4848//4848
f 4729//4729 4730//4730 4850//4850
f 4729//4729 4850//4850 4849//4849
f 4730//4730 4731//4731 4851//4851
f 4730//4730 4851//4851 4850//4850
f 4731//4731 4732//4732 4852//4852
f 4731//4731 4852//4852 4851//4851
f 4732//4732 4733//4733 4853//4853
f 4732//4732 4853//4853 4852//4852
f 4733//4733 4734//4734 4854//4854
f 4733//4733 4854//4854 4853//4853
f 4734//4734 4735//4735 4855//4855
f 4734//4734 4855//4855 4854//4854
f 4735//4735 4736//4736 4856//4856
f 4735//4735 4856//4856 4855//4855
f 4736//4736 4737//4737 4857//4857
f 4736//4736 4857//4857 4856//4856
f 4737//4737 4738//4738 4858//4858
f 4737//4737 4858//4858 4857//4857
f 4738//4738 4739//4739 4859//4859
f 4738//4738 4859//4859 4858//4858
f 4739//4739 4740//4740 4860//4860
f 4739//4739 4860//4860 4859//4859
f 4740//4740 4741//4741 4861//4861
f 4740//4740 4861//4861 4860//4860
f 4741//4741 4742//4742 4862//4862
f 4741//4741 4862//4862 4861//4861
f 4742//4742 4743//4743 4863//4863
f 4742//4742 4863//4863 4862//4862
f 4743//4743 4744//4744 4864//4864
f 4743//4743 4864//4864 4863//4863
f 4744//4744 4745//4745 4865//4865
f 4744//4744 4865//4865 4864//4864
f 4745//4745 4746//4746 4866//4866
f 4745//4745 4866//4866 4865//4865
f 4746//4746 4747//4747 4867//4867
f 4746//4746 4867//4867 4866//4866
f 4747//4747 4748//4748 4868//4868
f 4747//4747 4868//4868 4867//4867
f 4748//4748 4749//4749 4869//4869
f 4748//4748 4869//4869 4868//4868
f 4749//4749 4750//4750 4870//4870
f 4749//4749 4870//4870 4869//4869
f 4750//4750 4751//4751 4871//4871
f 4750//4750 4871//4871 4870//4870
f 4751//4751 4752//4752 4872//4872
f 4751//4751 4872//4872 4871//4871
f 4752//4752 4753//4753 4873//4873
f 4752//4752 4873//4873 4872//4872
f 4753//4753 4754//4754 4874//4874
f 4753//4753 4874//4874 4873//4873
f 4754//4754 4755//4755 4875//4875
f 4754//4754 4875//4875 4874//4874
f 4755//4755 4756//4756 4876//4876
f 4755//4755 4876//4876 4875//4875
f 4756//4756 4757//4757 4877//4877
f 4756//4756 4877//4877 4876//4876
f 4757//4757 4758//4758 4878//4878
f 4757//4757 4878//4878 4877//4877
f 4758//4758 4759//4759 4879//4879
f 4758//4758 4879//4879 4878//4878
f 4759//4759 4760//4760 4880//4880
f 4759//4759 4880//4880 4879//4879
f 4760//4760 4761//4761 4881//4881
f 4760//4760 4881//4881 4880//4880
f 4761//4761 4762//4762 4882//4882
f 4761//4761 4882//4882 4881//4881
f 4762//4762 4763//4763 4883//4883
f 4762//4762 4883//4883 4882//4882
f 4763//4763 4764//4764 4884//4884
f 4763//4763 4884//4884 4883//4883
f 4764//4764 4765//4765 4885//4885
f 4764//4764 4885//4885 4884//4884
f 4765//4765 4766//4766 4886//4886
f 4765//4765 4886//4886 4885//4885
f 4766//4766 4767//4767 4887//4887
f 4766//4766 4887//4887 4886//4886
f 4767//4767 4768//4768 4888//4888
f 4767//4767 4888//4888 4887//4887
f 4768//4768 4769//4769 4889//4889
f 4768//4768 4889//4889 4888//4888
f 4769//4769 4770//4770 4890//4890
f 4769//4769 4890//4890 4889//4889
f 4770//4770 4771//4771 4891//4891
f 4770//4770 4891//4891 4890//4890
f 4771//4771 4772//4772 4892//4892
f 4771//4771 4892//4892 4891//4891
f 4772//4772 4773//4773 4893//4893
f 4772//4772 4893//4893 4892//4892
f 4773//4773 4774//4774 4894//4894
f 4773//4773 4894//4894 4893//4893
f 4774//4774 4775//4775 4895//4895
f 4774//4774 4895//4895 4894//4894
f 4775//4775 4776//4776 4896//4896
f 4775//4775 4896//4896 4895//4895
f 4776//4776 4777//4777 4897//4897
f 4776//4776 4897//4897 4896//4896
f 4777//4777 4778//4778 4898//4898
f 4777//4777 4898//4898 4897//4897
f 4778//4778 4779//4779 4899//4899
f 4778//4778 4899//4899 4898//4898
f 4779//4779 4780//4780 4900//4900
f 4779//4779 4900//4900 4899//4899
f 4780//4780 4781//4781 4901//4901
f 4780//4780 4901//4901 4900//4900
f 4781//4781 4782//4782 4902//4902
f 4781//4781 4902//4902 4901//4901
f 4782//4782 4783//4783 4903//4903
f 4782//4782 4903//4903 4902//4902
f 4783//4783 4784//4784 4904//4904
f 4783//4783 4904//4904 4903//4903
f 4784//4784 4785//4785 4905//4905
f 4784//4784 4905//4905 4904//4904
f 4785//4785 4786//4786 4906//4906
f 4785//4785 4906//4906 4905//4905
f 4786//4786 4787//4787 4907//4907
f 4786//4786 4907//4907 4906//4906
f 4787//4787 4788//4788 4908//4908
f 4787//4787 4908//4908 4907//4907
f 4788//4788 4789//4789 4909//4909
f 4788//4788 4909//4909 4908//4908
f 4789//4789 4790//4790 4910//4910
f 4789//4789 4910//4910 4909//4909
f 4790//4790 4791//4791 4911//4911
f 4790//4790 4911//4911 4910//4910
f 4791//4791 4792//4792 4912//4912
f 4791//4791 4912//4912 4911//4911
f 4792//4792 4793//4793 4913//4913
f 4792//4792 4913//4913 4912//4912
f 4793//4793 4794//4794 4914//4914
f 4793//4793 4914//4914 4913//4913
f 4794//4794 4795//4795 4915//4915
f 4794//4794 4915//4915 4914//4914
f 4795//4795 4796//4796 4916//4916
f 4795//4795 4916//4916 4915//4915
f 4796//4796 4797//4797 4917//4917
f 4796//4796 4917//4917 4916//4916
f 4797//4797 4798//4798 4918//4918
f 4797//4797 4918//4918 4917//4917
f 4798//4798 4799//4799 4919//4919
f 4798//4798 4919//4919 4918//4918
f 4799//4799 4800//4800 4920//4920
f 4799//4799 4920//4920 4919//4919
f 4800//4800 4801//4801 4921//4921
f 4800//4800 4921//4921 4920//4920
f 4801//4801 4802//4802 4922//4922
f 4801//4801 4922//4922 4921//4921
f 4802//4802 4803//4803 4923//4923
f 4802//4802 4923//4923 4922//4922
f 4803//4803 4684//4684 4804//4804
f 4803//4803 4804//4804 4923//4923
f 4804//4804 4805//4805 4925//4925
f 4804//4804 4925//4925 4924//4924
f 4805//4805 4806//4806 4926//4926
f 4805//4805 4926//4926 4925//4925
f 4806//4806 4807//4807 4927//4927
f 4806//4806 4927//4927 4926//4926
f 4807//4807 4808//4808 4928//4928
f 4807//4807 4928//4928 4927//4927
f 4808//4808 4809//4809 4929//4929
f 4808//4808 4929//4929 4928//4928
f 4809//4809 4810//4810 4930//4930
f 4809//4809 4930//4930 4929//4929
f 4810//4810 4811//4811 4931//4931
f 4810//4810 4931//4931 4930//4930
f 4811//4811 4812//4812 4932//4932
f 4811//4811 4932//4932 4931//4931
f 4812//4812 4813//4813 4933//4933
f 4812//4812 4933//4933 4932//4932
f 4813//4813 4814//4814 4934//4934
f 4813//4813 4934//4934 4933//4933
f 4814//4814 4815//4815 4935//4935
f 4814//4814 4935//4935 4934//4934
f 4815//4815 4816//4816 4936//4936
f 4815//4815 4936//4936 4935//4935
f 4816//4816 4817//4817 4937//4937
f 4816//4816 4937//4937 4936//4936
f 4817//4817 4818//4818 4938//4938
f 4817//4817 4938//4938 4937//4937
f 4818//4818 4819//4819 4939//4939
f 4818//4818 4939//4939 4938//4938
f 4819//4819 4820//4820 4940//4940
f 4819//4819 4940//4940 4939//4939
f 4820//4820 4821//4821 4941//4941
f 4820//4820 4941//4941 4940//4940
f 4821//4821 4822//4822 4942//4942
f 4821//4821 4942//4942 4941//4941
f 4822//4822 4823//4823 4943//4943
f 4822//4822 4943//4943 4942//4942
f 4823//4823 4824//4824 4944//4944
f 4823//4823 4944//4944 4943//4943
f 4824//4824 4825//4825 4945//4945
f 4824//4824 4945//4945 4944//4944
f 4825//4825 4826//4826 4946//4946
f 4825//4825 4946//4946 4945//4945
f 4826//4826 4827//4827 4947//4947
f 4826//4826 4947//4947 4946//4946
f 4827//4827 4828//4828 4948//4948
f 4827//4827 4948//4948 4947//4947
f 4828//4828 4829//4829 4949//4949
f 4828//4828 4949//4949 4948//4948
f 4829//4829 4830//4830 4950//4950
f 4829//4829 4950//4950 4949//4949
f 4830//4830 4831//4831 4951//4951
f 4830//4830 4951//4951 4950//4950
f 4831//4831 4832//4832 4952//4952
f 4831//4831 4952//4952 4951//4951
f 4832//4832 4833//4833 4953//4953
f 4832//4832 4953//4953 4952//4952
f 4833//4833 4834//4834 4954//4954
f 4833//4833 4954//4954 4953//4953
f 4834//4834 4835//4835 4955//4955
f 4834//4834 4955//4955 4954//4954
f 4835//4835 4836//4836 4956//4956
f 4835//4835 4956//4956 4955//4955
f 4836//4836 4837//4837 4957//4957
f 4836//4836 4957//4957 4956//4956
f 4837//4837 4838//4838 4958//4958
f 4837//4837 4958//4958 4957//4957
f 4838//4838 4839//4839 4959//4959
f 4838//4838 4959//4959 4958//4958
f 4839//4839 4840//4840 4960//4960
f 4839//4839 4960//4960 4959//4959
f 4840//4840 4841//4841 4961//4961
f 4840//4840 4961//4961 4960//4960
f 4841//4841 4842//4842 4962//4962
f 4841//4841 4962//4962 4961//4961
f 4842//4842 4843//4843 4963//4963
f 4842//4842 4963//4963 4962//4962
f 4843//4843 4844//4844 4964//4964
f 4843//4843 4964//4964 4963//4963
f 4844//4844 4845//4845 4965//4965
f 4844//4844 4965//4965 4964//4964
f 4845//4845 4846//4846 4966//4966
f 4845//4845 4966//4966 4965//4965
f 4846//4846 4847//4847 4967//4967
f 4846//4846 4967//4967 4966//4966
f 4847//4847 4848//4848 4968//4968
f 4847//4847 4968//4968 4967//4967
f 4848//4848 4849//4849 4969//4969
f 4848//4848 4969//4969 4968//4968
f 4849//4849 4850//4850 4970//4970
f 4849//4849 4970//4970 4969//4969
f 4850//4850 4851//4851 4971//4971
f 4850//4850 4971//4971 4970//4970
f 4851//4851 4852//4852 4972//4972
f 4851//4851 4972//4972 4971//4971
f 4852//4852 4853//4853 4973//4973
f 4852//4852 4973//4973 4972//4972
f 4853//4853 4854//4854 4974//4974
f 4853//4853 4974//4974 4973//4973
f 4854//4854 4855//4855 4975//4975
f 4854//4854 4975//4975 4974//4974
f 4855//4855 4856//4856 4976//4976
f 4855//4855 4976//4976 4975//4975
f 4856//4856 4857//4857 4977//4977
f 4856//4856 4977//4977 4976//4976
f 4857//4857 4858//4858 4978//4978
f 4857//4857 4978//4978 4977//4977
f 4858//4858 4859//4859 4979//4979
f 4858//4858 4979//4979 4978//4978
f 4859//4859 4860//4860 4980//4980
f 4859//4859 4980//4980 4979//4979
f 4860//4860 4861//4861 4981//4981
f 4860//4860 4981//4981 4980//4980
f 4861//4861 4862//4862 4982//4982
f 4861//4861 4982//4982 4981//4981
f 4862//4862 4863//4863 4983//4983
f 4862//4862 4983//4983 4982//4982
f 4863//4863 4864//4864 4984//4984
f 4863//4863 4984//4984 4983//4983
f 4864//4864 4865//4865 4985//4985
f 4864//4864 4985//4985 4984//4984
f 4865//4865 4866//4866 4986//4986
f 4865//4865 4986//4986 4985//4985
f 4866//4866 4867//4867 4987//4987
f 4866//4866 4987//4987 4986//4986
f 4867//4867 4868//4868 4988//4988
f 4867//4867 4988//4988 4987//4987
f 4868//4868 4869//4869 4989//4989
f 4868//4868 4989//4989 4988//4988
f 4869//4869 4870//4870 4990//4990
f 4869//4869 4990//4990 4989//4989
f 4870//4870 4871//4871 4991//4991
f 4870//4870 4991//4991 4990//4990
f 4871//4871 4872//4872 4992//4992
f 4871//4871 4992//4992 4991//4991
f 4872//4872 4873//4873 4993//4993
f 4872//4872 4993//4993 4992//4992
f 4873//4873 4874//4874 4994//4994
f 4873//4873 4994//4994 4993//4993
f 4874//4874 4875//4875 4995//4995
f 4874//4874 4995//4995 4994//4994
f 4875//4875 4876//4876 4996//4996
f 4875//4875 4996//4996 4995//4995
f 4876//4876 4877//4877 4997//4997
f 4876//4876 4997//4997 4996//4996
f 4877//4877 4878//4878 4998//4998
f 4877//4877 4998//4998 4997//4997
f 4878//4878 4879//4879 4999//4999
f 4878//4878 4999//4999 4998//4998
f 4879//4879 4880//4880 5000//5000
f 4879//4879 5000//5000 4999//4999
f 4880//4880 4881//4881 5001//5001
f 4880//4880 5001//5001 5000//5000
f 4881//4881 4882//4882 5002//5002
f 4881//4881 5002//5002 5001//5001
f 4882//4882 4883//4883 5003//5003
f 4882//4882 5003//5003 5002//5002
f 4883//4883 4884//4884 5004//5004
f 4883//4883 5004//5004 5003//5003
f 4884//4884 4885//4885 5005//5005
f 4884//4884 5005//5005 5004//5004
f 4885//4885 4886//4886 5006//5006
f 4885//4885 5006//5006 5005//5005
f 4886//4886 4887//4887 5007//5007
f 4886//4886 5007//5007 5006//5006
f 4887//4887 4888//4888 5008//5008
f 4887//4887 5008//5008 5007//5007
f 4888//4888 4889//4889 5009//5009
f 4888//4888 5009//5009 5008//5008
f 4889//4889 4890//4890 5010//5010
f 4889//4889 5010//5010 5009//5009
f 4890//4890 4891//4891 5011//5011
f 4890//4890 5011//5011 5010//5010
f 4891//4891 4892//4892 5012//5012
f 4891//4891 5012//5012 5011//5011
f 4892//4892 4893//4893 5013//5013
f 4892//4892 5013//5013 5012//5012
f 4893//4893 4894//4894 5014//5014
f 4893//4893 5014//5014 5013//5013
f 4894//4894 4895//4895 5015//5015
f 4894//4894 5015//5015 5014//5014
f 4895//4895 4896//4896 5016//5016
f 4895//4895 5016//5016 5015//5015
f 4896//4896 4897//4897 5017//5017
f 4896//4896 5017//5017 5016//5016
f 4897//4897 4898//4898 5018//5018
f 4897//4897 5018//5018 5017//5017
f 4898//4898 4899//4899 5019//5019
f 4898//4898 5019//5019 5018//5018
f 4899//4899 4900//4900 5020//5020
f 4899//4899 5020//5020 5019//5019
f 4900//4900 4901//4901 5021//5021
f 4900//4900 5021//5021 5020//5020
f 4901//4901 4902//4902 5022//5022
f 4901//4901 5022//5022 5021//5021
f 4902//4902 4903//4903 5023//5023
f 4902//4902 5023//5023 5022//5022
f 4903//4903 4904//4904 5024//5024
f 4903//4903 5024//5024 5023//5023
f 4904//4904 4905//4905 5025//5025
f 4904//4904 5025//5025 5024//5024
f 4905//4905 4906//4906 5026//5026
f 4905//4905 5026//5026 5025//5025
f 4906//4906 4907//4907 5027//5027
f 4906//4906 5027//5027 5026//5026
f 4907//4907 4908//4908 5028//5028
f 4907//4907 5028//5028 5027//5027
f 4908//4908 4909//4909 5029//5029
f 4908//4908 5029//5029 5028//5028
f 4909//4909 4910//4910 5030//5030
f 4909//4909 5030//5030 5029//5029
f 4910//4910 4911//4911 5031//5031
f 4910//4910 5031//5031 5030//5030
f 4911//4911 4912//4912 5032//5032
f 4911//4911 5032//5032 5031//5031
f 4912//4912 4913//4913 5033//5033
f 4912//4912 5033//5033 5032//5032
f 4913//4913 4914//4914 5034//5034
f 4913//4913 5034//5034 5033//5033
f 4914//4914 4915//4915 5035//5035
f 4914//4914 5035//5035 5034//5034
f 4915//4915 4916//4916 5036//5036
f 4915//4915 5036//5036 5035//5035
f 4916//4916 4917//4917 5037//5037
f 4916//4916 5037//5037 5036//5036
f 4917//4917 4918//4918 5038//5038
f 4917//4917 5038//5038 5037//5037
f 4918//4918 4919//4919 5039//5039
f 4918//4918 5039//5039 5038//5038
f 4919//4919 4920//4920 5040//5040
f 4919//4919 5040//5040 5039//5039
f 4920//4920 4921//4921 5041//5041
f 4920//4920 5041//5041 5040//5040
f 4921//4921 4922//4922 5042//5042
f 4921//4921 5042//5042 5041//5041
f 4922//4922 4923//4923 5043//5043
f 4922//4922 5043//5043 5042//5042
f 4923//4923 4804//4804 4924//4924
f 4923//4923 4924//4924 5043//5043
f 4924//4924 4925//4925 5045//5045
f 4924//4924 5045//5045 5044//5044
f 4925//4925 4926//4926 5046//5046
f 4925//4925 5046//5046 5045//5045
f 4926//4926 4927//4927 5047//5047
f 4926//4926 5047//5047 5046//5046
f 4927//4927 4928//4928 5048//5048
f 4927//4927 5048//5048 5047//5047
f 4928//4928 4929//4929 5049//5049
f 4928//4928 5049//5049 5048//5048
f 4929//4929 4930//4930 5050//5050
f 4929//4929 5050//5050 5049//5049
f 4930//4930 4931//4931 5051//5051
f 4930//4930 5051//5051 5050//5050
f 4931//4931 4932//4932 5052//5052
f 4931//4931 5052//5052 5051//5051
f 4932//4932 4933//4933 5053//5053
f 4932//4932 5053//5053 5052//5052
f 4933//4933 4934//4934 5054//5054
f 4933//4933 5054//5054 5053//5053
f 4934//4934 4935//4935 5055//5055
f 4934//4934 5055//5055 5054//5054
f 4935//4935 4936//4936 5056//5056
f 4935//4935 5056//5056 5055//5055
f 4936//4936 4937//4937 5057//5057
f 4936//4936 5057//5057 5056//5056
f 4937//4937 4938//4938 5058//5058
f 4937//4937 5058//5058 5057//5057
f 4938//4938 4939//4939 5059//5059
f 4938//4938 5059//5059 5058//5058
f 4939//4939 4940//4940 5060//5060
f 4939//4939 5060//5060 5059//5059
f 4940//4940 4941//4941 5061//5061
f 4940//4940 5061//5061 5060//5060
f 4941//4941 4942//4942 5062//5062
f 4941//4941 5062//5062 5061//5061
f 4942//4942 4943//4943 5063//5063
f 4942//4942 5063//5063 5062//5062
f 4943//4943 4944//4944 5064//5064
f 4943//4943 5064//5064 5063//5063
f 4944//4944 4945//4945 5065//5065
f 4944//4944 5065//5065 5064//5064
f 4945//4945 4946//4946 5066//5066
f 4945//4945 5066//5066 5065//5065
f 4946//4946 4947//4947 5067//5067
f 4946//4946 5067//5067 5066//5066
f 4947//4947 4948//4948 5068//5068
f 4947//4947 5068//5068 5067//5067
f 4948//4948 4949//4949 5069//5069
f 4948//4948 5069//5069 5068//5068
f 4949//4949 4950//4950 5070//5070
f 4949//4949 5070//5070 5069//5069
f 4950//4950 4951//4951 5071//5071
f 4950//4950 5071//5071 5070//5070
f 4951//4951 4952//4952 5072//5072
f 4951//4951 5072//5072 5071//5071
f 4952//4952 4953//4953 5073//5073
f 4952//4952 5073//5073 5072//5072
f 4953//4953 4954//4954 5074//5074
f 4953//4953 5074//5074 5073//5073
f 4954//4954 4955//4955 5075//5075
f 4954//4954 5075//5075 5074//5074
f 4955//4955 4956//4956 5076//5076
f 4955//4955 5076//5076 5075//5075
f 4956//4956 4957//4957 5077//5077
f 4956//4956 5077//5077 5076//5076
f 4957//4957 4958//4958 5078//5078
f 4957//4957 5078//5078 5077//5077
f 4958//4958 4959//4959 5079//5079
f 4958//4958 5079//5079 5078//5078
f 4959//4959 4960//4960 5080//5080
f 4959//4959 5080//5080 5079//5079
f 4960//4960 4961//4961 5081//5081
f 4960//4960 5081//5081 5080//5080
f 4961//4961 4962//4962 5082//5082
f 4961//4961 5082//5082 5081//5081
f 4962//4962 4963//4963 5083//5083
f 4962//4962 5083//5083 5082//5082
f 4963//4963 4964//4964 5084//5084
f 4963//4963 5084//5084 5083//5083
f 4964//4964 4965//4965 5085//5085
f 4964//4964 5085//5085 5084//5084
f 4965//4965 4966//4966 5086//5086
f 4965//4965 5086//5086 5085//5085
f 4966//4966 4967//4967 5087//5087
f 4966//4966 5087//5087 5086//5086
f 4967//4967 4968//4968 5088//5088
f 4967//4967 5088//5088 5087//5087
f 4968//4968 4969//4969 5089//5089
f 4968//4968 5089//5089 5088//5088
f 4969//4969 4970//4970 5090//5090
f 4969//4969 5090//5090 5089//5089
f 4970//4970 4971//4971 5091//5091
f 4970//4970 5091//5091 5090//5090
f 4971//4971 4972//4972 5092//5092
f 4971//4971 5092//5092 5091//5091
f 4972//4972 4973//4973 5093//5093
f 4972//4972 5093//5093 5092//5092
f 4973//4973 4974//4974 5094//5094
f 4973//4973 5094//5094 5093//5093
f 4974//4974 4975//4975 5095//5095
f 4974//4974 5095//5095 5094//5094
f 4975//4975 4976//4976 5096//5096
f 4975//4975 5096//5096 5095//5095
f 4976//4976 4977//4977 5097//5097
f 4976//4976 5097//5097 5096//5096
f 4977//4977 4978//4978 5098//5098
f 4977//4977 5098//5098 5097//5097
f 4978//4978 4979//4979 5099//5099
f 4978//4978 5099//5099 5098//5098
f 4979//4979 4980//4980 5100//5100
f 4979//4979 5100//5100 5099//5099
f 4980//4980 4981//4981 5101//5101
f 4980//4980 5101//5101 5100//5100
f 4981//4981 4982//4982 5102//5102
f 4981//4981 5102//5102 5101//5101
f 4982//4982 4983//4983 5103//5103
f 4982//4982 5103//5103 5102//5102
f 4983//4983 4984//4984 5104//5104
f 4983//4983 5104//5104 5103//5103
f 4984//4984 4985//4985 5105//5105
f 4984//4984 5105//5105 5104//5104
f 4985//4985 4986//4986 5106//5106
f 4985//4985 5106//5106 5105//5105
f 4986//4986 4987//4987 5107//5107
f 4986//4986 5107//5107 5106//5106
f 4987//4987 4988//4988 5108//5108
f 4987//4987 5108//5108 5107//5107
f 4988//4988 4989//4989 5109//5109
f 4988//4988 5109//5109 5108//5108
f 4989//4989 4990//4990 5110//5110
f 4989//4989 5110//5110 5109//5109
f 4990//4990 4991//4991 5111//5111
f 4990//4990 5111//5111 5110//5110
f 4991//4991 4992//4992 5112//5112
f 4991//4991 5112//5112 5111//5111
f 4992//4992 4993//4993 5113//5113
f 4992//4992 5113//5113 5112//5112
f 4993//4993 4994//4994 5114//5114
f 4993//4993 5114//5114 5113//5113
f 4994//4994 4995//4995 5115//5115
f 4994//4994 5115//5115 5114//5114
f 4995//4995 4996//4996 5116//5116
f 4995//4995 5116//5116 5115//5115
f 4996//4996 4997//4997 5117//5117
f 4996//4996 5117//5117 5116//5116
f 4997//4997 4998//4998 5118//5118
f 4997//4997 5118//5118 5117//5117
f 4998//4998 4999//4999 5119//5119
f 4998//4998 5119//5119 5118//5118
f 4999//4999 5000//5000 5120//5120
f 4999//4999 5120//5120 5119//5119
f 5000//5000 5001//5001 5121//5121
f 5000//5000 5121//5121 5120//5120
f 5001//5001 5002//5002 5122//5122
f 5001//5001 5122//5122 5121//5121
f 5002//5002 5003//5003 5123//5123
f 5002//5002 5123//5123 5122//5122
f 5003//5003 5004//5004 5124//5124
f 5003//5003 5124//5124 5123//5123
f 5004//5004 5005//5005 5125//5125
f 5004//5004 5125//5125 5124//5124
f 5005//5005 5006//5006 5126//5126
f 5005//5005 5126//5126 5125//5125
f 5006//5006 5007//5007 5127//5127
f 5006//5006 5127//5127 5126//5126
f 5007//5007 5008//5008 5128//5128
f 5007//5007 5128//5128 5127//5127
f 5008//5008 5009//5009 5129//5129
f 5008//5008 5129//5129 5128//5128
f 5009//5009 5010//5010 5130//5130
f 5009//5009 5130//5130 5129//5129
f 5010//5010 5011//5011 5131//5131
f 5010//5010 5131//5131 5130//5130
f 5011//5011 5012//5012 5132//5132
f 5011//5011 5132//5132 5131//5131
f 5012//5012 5013//5013 5133//5133
f 5012//5012 5133//5133 5132//5132
f 5013//5013 5014//5014 5134//5134
f 5013//5013 5134//5134 5133//5133
f 5014//5014 5015//5015 5135//5135
f 5014//5014 5135//5135 5134//5134
f 5015//5015 5016//5016 5136//5136
f 5015//5015 5136//5136 5135//5135
f 5016//5016 5017//5017 5137//5137
f 5016//5016 5137//5137 5136//5136
f 5017//5017 5018//5018 5138//5138
f 5017//5017 5138//5138 5137//5137
f 5018//5018 5019//5019 5139//5139
f 5018//5018 5139//5139 5138//5138
f 5019//5019 5020//5020 5140//5140
f 5019//5019 5140//5140 5139//5139
f 5020//5020 5021//5021 5141//5141
f 5020//5020 5141//5141 5140//5140
f 5021//5021 5022//5022 5142//5142
f 5021//5021 5142//5142 5141//5141
f 5022//5022 5023//5023 5143//5143
f 5022//5022 5143//5143 5142//5142
f 5023//5023 5024//5024 5144//5144
f 5023//5023 5144//5144 5143//5143
f 5024//5024 5025//5025 5145//5145
f 5024//5024 5145//5145 5144//5144
f 5025//5025 5026//5026 5146//5146
f 5025//5025 5146//5146 5145//5145
f 5026//5026 5027//5027 5147//5147
f 5026//5026 5147//5147 5146//5146
f 5027//5027 5028//5028 5148//5148
f 5027//5027 5148//5148 5147//5147
f 5028//5028 5029//5029 5149//5149
f 5028//5028 5149//5149 5148//5148
f 5029//5029 5030//5030 5150//5150
f 5029//5029 5150//5150 5149//5149
f 5030//5030 5031//5031 5151//5151
f 5030//5030 5151//5151 5150//5150
f 5031//5031 5032//5032 5152//5152
f 5031//5031 5152//5152 5151//5151
f 5032//5032 5033//5033 5153//5153
f 5032//5032 5153//5153 5152//5152
f 5033//5033 5034//5034 5154//5154
f 5033//5033 5154//5154 5153//5153
f 5034//5034 5035//5035 5155//5155
f 5034//5034 5155//5155 5154//5154
f 5035//5035 5036//5036 5156//5156
f 5035//5035 5156//5156 5155//5155
f 5036//5036 5037//5037 5157//5157
f 5036//5036 5157//5157 5156//5156
f 5037//5037 5038//5038 5158//5158
f 5037//5037 5158//5158 5157//5157
f 5038//5038 5039//5039 5159//5159
f 5038//5038 5159//5159 5158//5158
f 5039//5039 5040//5040 5160//5160
f 5039//5039 5160//5160 5159//5159
f 5040//5040 5041//5041 5161//5161
f 5040//5040 5161//5161 5160//5160
f 5041//5041 5042//5042 5162//5162
f 5041//5041 5162//5162 5161//5161
f 5042//5042 5043//5043 5163//5163
f 5042//5042 5163//5163 5162//5162
f 5043//5043 4924//4924 5044//5044
f 5043//5043 5044//5044 5163//5163
f 5044//5044 5045//5045 5165//5165
f 5044//5044 5165//5165 5164//5164
f 5045//5045 5046//5046 5166//5166
f 5045//5045 5166//5166 5165//5165
f 5046//5046 5047//5047 5167//5167
f 5046//5046 5167//5167 5166//5166
f 5047//5047 5048//5048 5168//5168
f 5047//5047 5168//5168 5167//5167
f 5048//5048 5049//5049 5169//5169
f 5048//5048 5169//5169 5168//5168
f 5049//5049 5050//5050 5170//5170
f 5049//5049 5170//5170 5169//5169
f 5050//5050 5051//5051 5171//5171
f 5050//5050 5171//5171 5170//5170
f 5051//5051 5052//5052 5172//5172
f 5051//5051 5172//5172 5171//5171
f 5052//5052 5053//5053 5173//5173
f 5052//5052 5173//5173 5172//5172
f 5053//5053 5054//5054 5174//5174
f 5053//5053 5174//5174 5173//5173
f 5054//5054 5055//5055 5175//5175
f 5054//5054 5175//5175 5174//5174
f 5055//5055 5056//5056 5176//5176
f 5055//5055 5176//5176 5175//5175
f 5056//5056 5057//5057 5177//5177
f 5056//5056 5177//5177 5176//5176
f 5057//5057 5058//5058 5178//5178
f 5057//5057 5178//5178 5177//5177
f 5058//5058 5059//5059 5179//5179
f 5058//5058 5179//5179 5178//5178
f 5059//5059 5060//5060 5180//5180
f 5059//5059 5180//5180 5179//5179
f 5060//5060 5061//5061 5181//5181
f 5060//5060 5181//5181 5180//5180
f 5061//5061 5062//5062 5182//5182
f 5061//5061 5182//5182 5181//5181
f 5062//5062 5063//5063 5183//5183
f 5062//5062 5183//5183 5182//5182
f 5063//5063 5064//5064 5184//5184
f 5063//5063 5184//5184 5183//5183
f 5064//5064 5065//5065 5185//5185
f 5064//5064 5185//5185 5184//5184
f 5065//5065 5066//5066 5186//5186
f 5065//5065 5186//5186 5185//5185
f 5066//5066 5067//5067 5187//5187
f 5066//5066 5187//5187 5186//5186
f 5067//5067 5068//5068 5188//5188
f 5067//5067 5188//5188 5187//5187
f 5068//5068 5069//5069 5189//5189
f 5068//5068 5189//5189 5188//5188
f 5069//5069 5070//5070 5190//5190
f 5069//5069 5190//5190 5189//5189
f 5070//5070 5071//5071 5191//5191
f 5070//5070 5191//5191 5190//5190
f 5071//5071 5072//5072 5192//5192
f 5071//5071 5192//5192 5191//5191
f 5072//5072 5073//5073 5193//5193
f 5072//5072 5193//5193 5192//5192
f 5073//5073 5074//5074 5194//5194
f 5073//5073 5194//5194 5193//5193
f 5074//5074 5075//5075 5195//5195
f 5074//5074 5195//5195 5194//5194
f 5075//5075 5076//5076 5196//5196
f 5075//5075 5196//5196 5195//5195
f 5076//5076 5077//5077 5197//5197
f 5076//5076 5197//5197 5196//5196
f 5077//5077 5078//5078 5198//5198
f 5077//5077 5198//5198 5197//5197
f 5078//5078 5079//5079 5199//5199
f 5078//5078 5199//5199 5198//5198
f 5079//5079 5080//5080 5200//5200
f 5079//5079 5200//5200 5199//5199
f 5080//5080 5081//5081 5201//5201
f 5080//5080 5201//5201 5200//5200
f 5081//5081 5082//5082 5202//5202
f 5081//5081 5202//5202 5201//5201
f 5082//5082 5083//5083 5203//5203
f 5082//5082 5203//5203 5202//5202
f 5083//5083 5084//5084 5204//5204
f 5083//5083 5204//5204 5203//5203
f 5084//5084 5085//5085 5205//5205
f 5084//5084 5205//5205 5204//5204
f 5085//5085 5086//5086 5206//5206
f 5085//5085 5206//5206 5205//5205
f 5086//5086 5087//5087 5207//5207
f 5086//5086 5207//5207 5206//5206
f 5087//5087 5088//5088 5208//5208
f 5087//5087 5208//5208 5207//5207
f 5088//5088 5089//5089 5209//5209
f 5088//5088 5209//5209 5208//5208
f 5089//5089 5090//5090 5210//5210
f 5089//5089 5210//5210 5209//5209
f 5090//5090 5091//5091 5211//5211
f 5090//5090 5211//5211 5210//5210
f 5091//5091 5092//5092 5212//5212
f 5091//5091 5212//5212 5211//5211
f 5092//5092 5093//5093 5213//5213
f 5092//5092 5213//5213 5212//5212
f 5093//5093 5094//5094 5214//5214
f 5093//5093 5214//5214 5213//5213
f 5094//5094 5095//5095 5215//5215
f 5094//5094 5215//5215 5214//5214
f 5095//5095 5096//5096 5216//5216
f 5095//5095 5216//5216 5215//5215
f 5096//5096 5097//5097 5217//5217
f 5096//5096 5217//5217 5216//5216
f 5097//5097 5098//5098 5218//5218
f 5097//5097 5218//5218 5217//5217
f 5098//5098 5099//5099 5219//5219
f 5098//5098 5219//5219 5218//5218
f 5099//5099 5100//5100 5220//5220
f 5099//5099 5220//5220 5219//5219
f 5100//5100 5101//5101 5221//5221
f 5100//5100 5221//5221 5220//5220
f 5101//5101 5102//5102 5222//5222
f 5101//5101 5222//5222 5221//5221
f 5102//5102 5103//5103 5223//5223
f 5102//5102 5223//5223 5222//5222
f 5103//5103 5104//5104 5224//5224
f 5103//5103 5224//5224 5223//5223
f 5104//5104 5105//5105 5225//5225
f 5104//5104 5225//5225 5224//5224
f 5105//5105 5106//5106 5226//5226
f 5105//5105 5226//5226 5225//5225
f 5106//5106 5107//5107 5227//5227
f 5106//5106 5227//5227 5226//5226
f 5107//5107 5108//5108 5228//5228
f 5107//5107 5228//5228 5227//5227
f 5108//5108 5109//5109 5229//5229
f 5108//5108 5229//5229 5228//5228
f 5109//5109 5110//5110 5230//5230
f 5109//5109 5230//5230 5229//5229
f 5110//5110 5111//5111 5231//5231
f 5110//5110 5231//5231 5230//5230
f 5111//5111 5112//5112 5232//5232
f 5111//5111 5232//5232 5231//5231
f 5112//5112 5113//5113 5233//5233
f 5112//5112 5233//5233 5232//5232
f 5113//5113 5114//5114 5234//5234
f 5113//5113 5234//5234 5233//5233
f 5114//5114 5115//5115 5235//5235
f 5114//5114 5235//5235 5234//5234
f 5115//5115 5116//5116 5236//5236
f 5115//5115 5236//5236 5235//5235
f 5116//5116 5117//5117 5237//5237
f 5116//5116 5237//5237 5236//5236
f 5117//5117 5118//5118 5238//5238
f 5117//5117 5238//5238 5237//5237
f 5118//5118 5119//5119 5239//5239
f 5118//5118 5239//5239 5238//5238
f 5119//5119 5120//5120 5240//5240
f 5119//5119 5240//5240 5239//5239
f 5120//5120 5121//5121 5241//5241
f 5120//5120 5241//5241 5240//5240
f 5121//5121 5122//5122 5242//5242
f 5121//5121 5242//5242 5241//5241
f 5122//5122 5123//5123 5243//5243
f 5122//5122 5243//5243 5242//5242
f 5123//5123 5124//5124 5244//5244
f 5123//5123 5244//5244 5243//5243
f 5124//5124 5125//5125 5245//5245
f 5124//5124 5245//5245 5244//5244
f 5125//5125 5126//5126 5246//5246
f 5125//5125 5246//5246 5245//5245
f 5126//5126 5127//5127 5247//5247
f 5126//5126 5247//5247 5246//5246
f 5127//5127 5128//5128 5248//5248
f 5127//5127 5248//5248 5247//5247
f 5128//5128 5129//5129 5249//5249
f 5128//5128 5249//5249 5248//5248
f 5129//5129 5130//5130 5250//5250
f 5129//5129 5250//5250 5249//5249
f 5130//5130 5131//5131 5251//5251
f 5130//5130 5251//5251 5250//5250
f 5131//5131 5132//5132 5252//5252
f 5131//5131 5252//5252 5251//5251
f 5132//5132 5133//5133 5253//5253
f 5132//5132 5253//5253 5252//5252
f 5133//5133 5134//5134 5254//5254
f 5133//5133 5254//5254 5253//5253
f 5134//5134 5135//5135 5255//5255
f 5134//5134 5255//5255 5254//5254
f 5135//5135 5136//5136 5256//5256
f 5135//5135 5256//5256 5255//5255
f 5136//5136 5137//5137 5257//5257
f 5136//5136 5257//5257 5256//5256
f 5137//5137 5138//5138 5258//5258
f 5137//5137 5258//5258 5257//5257
f 5138//5138 5139//5139 5259//5259
f 5138//5138 5259//5259 5258//5258
f 5139//5139 5140//5140 5260//5260
f 5139//5139 5260//5260 5259//5259
f 5140//5140 5141//5141 5261//5261
f 5140//5140 5261//5261 5260//5260
f 5141//5141 5142//5142 5262//5262
f 5141//5141 5262//5262 5261//5261
f 5142//5142 5143//5143 5263//5263
f 5142//5142 5263//5263 5262//5262
f 5143//5143 5144//5144 5264//5264
f 5143//5143 5264//5264 5263//5263
f 5144//5144 5145//5145 5265//5265
f 5144//5144 5265//5265 5264//5264
f 5145//5145 5146//5146 5266//5266
f 5145//5145 5266//5266 5265//5265
f 5146//5146 5147//5147 5267//5267
f 5146//5146 5267//5267 5266//5266
f 5147//5147 5148//5148 5268//5268
f 5147//5147 5268//5268 5267//5267
f 5148//5148 5149//5149 5269//5269
f 5148//5148 5269//5269 5268//5268
f 5149//5149 5150//5150 5270//5270
f 5149//5149 5270//5270 5269//5269
f 5150//5150 5151//5151 5271//5271
f 5150//5150 5271//5271 5270//5270
f 5151//5151 5152//5152 5272//5272
f 5151//5151 5272//5272 5271//5271
f 5152//5152 5153//5153 5273//5273
f 5152//5152 5273//5273 5272//5272
f 5153//5153 5154//5154 5274//5274
f 5153//5153 5274//5274 5273//5273
f 5154//5154 5155//5155 5275//5275
f 5154//5154 5275//5275 5274//5274
f 5155//5155 5156//5156 5276//5276
f 5155//5155 5276//5276 5275//5275
f 5156//5156 5157//5157 5277//5277
f 5156//5156 5277//5277 5276//5276
f 5157//5157 5158//5158 5278//5278
f 5157//5157 5278//5278 5277//5277
f 5158//5158 5159//5159 5279//5279
f 5158//5158 5279//5279 5278//5278
f 5159//5159 5160//5160 5280//5280
f 5159//5159 5280//5280 5279//5279
f 5160//5160 5161//5161 5281//5281
f 5160//5160 5281//5281 5280//5280
f 5161//5161 5162//5162 5282//5282
f 5161//5161 5282//5282 5281//5281
f 5162//5162 5163//5163 5283//5283
f 5162//5162 5283//5283 5282//5282
f 5163//5163 5044//5044 5164//5164
f 5163//5163 5164//5164 5283//5283
f 5164//5164 5165//5165 5285//5285
f 5164//5164 5285//5285 5284//5284
f 5165//5165 5166//5166 5286//5286
f 5165//5165 5286//5286 5285//5285
f 5166//5166 5167//5167 5287//5287
f 5166//5166 5287//5287 5286//5286
f 5167//5167 5168//5168 5288//5288
f 5167//5167 5288//5288 5287//5287
f 5168//5168 5169//5169 5289//5289
f 5168//5168 5289//5289 5288//5288
f 5169//5169 5170//5170 5290//5290
f 5169//5169 5290//5290 5289//5289
f 5170//5170 5171//5171 5291//5291
f 5170//5170 5291//5291 5290//5290
f 5171//5171 5172//5172 5292//5292
f 5171//5171 5292//5292 5291//5291
f 5172//5172 5173//5173 5293//5293
f 5172//5172 5293//5293 5292//5292
f 5173//5173 5174//5174 5294//5294
f 5173//5173 5294//5294 5293//5293
f 5174//5174 5175//5175 5295//5295
f 5174//5174 5295//5295 5294//5294
f 5175//5175 5176//5176 5296//5296
f 5175//5175 5296//5296 5295//5295
f 5176//5176 5177//5177 5297//5297
f 5176//5176 5297//5297 5296//5296
f 5177//5177 5178//5178 5298//5298
f 5177//5177 5298//5298 5297//5297
f 5178//5178 5179//5179 5299//5299
f 5178//5178 5299//5299 5298//5298
f 5179//5179 5180//5180 5300//5300
f 5179//5179 5300//5300 5299//5299
f 5180//5180 5181//5181 5301//5301
f 5180//5180 5301//5301 5300//5300
f 5181//5181 5182//5182 5302//5302
f 5181//5181 5302//5302 5301//5301
f 5182//5182 5183//5183 5303//5303
f 5182//5182 5303//5303 5302//5302
f 5183//5183 5184//5184 5304//5304
f 5183//5183 5304//5304 5303//5303
f 5184//5184 5185//5185 5305//5305
f 5184//5184 5305//5305 5304//5304
f 5185//5185 5186//5186 5306//5306
f 5185//5185 5306//5306 5305//5305
f 5186//5186 5187//5187 5307//5307
f 5186//5186 5307//5307 5306//5306
f 5187//5187 5188//5188 5308//5308
f 5187//5187 5308//5308 5307//5307
f 5188//5188 5189//5189 5309//5309
f 5188//5188 5309//5309 5308//5308
f 5189//5189 5190//5190 5310//5310
f 5189//5189 5310//5310 5309//5309
f 5190//5190 5191//5191 5311//5311
f 5190//5190 5311//5311 5310//5310
f 5191//5191 5192//5192 5312//5312
f 5191//5191 5312//5312 5311//5311
f 5192//5192 5193//5193 5313//5313
f 5192//5192 5313//5313 5312//5312
f 5193//5193 5194//5194 5314//5314
f 5193//5193 5314//5314 5313//5313
f 5194//5194 5195//5195 5315//5315
f 5194//5194 5315//5315 5314//5314
f 5195//5195 5196//5196 5316//5316
f 5195//5195 5316//5316 5315//5315
f 5196//5196 5197//5197 5317//5317
f 5196//5196 5317//5317 5316//5316
f 5197//5197 5198//5198 5318//5318
f 5197//5197 5318//5318 5317//5317
f 5198//5198 5199//5199 5319//5319
f 5198//5198 5319//5319 5318//5318
f 5199//5199 5200//5200 5320//5320
f 5199//5199 5320//5320 5319//5319
f 5200//5200 5201//5201 5321//5321
f 5200//5200 5321//5321 5320//5320
f 5201//5201 5202//5202 5322//5322
f 5201//5201 5322//5322 5321//5321
f 5202//5202 5203//5203 5323//5323
f 5202//5202 5323//5323 5322//5322
f 5203//5203 5204//5204 5324//5324
f 5203//5203 5324//5324 5323//5323
f 5204//5204 5205//5205 5325//5325
f 5204//5204 5325//5325 5324//5324
f 5205//5205 5206//5206 5326//5326
f 5205//5205 5326//5326 5325//5325
f 5206//5206 5207//5207 5327//5327
f 5206//5206 5327//5327 5326//5326
f 5207//5207 5208//5208 5328//5328
f 5207//5207 5328//5328 5327//5327
f 5208//5208 5209//5209 5329//5329
f 5208//5208 5329//5329 5328//5328
f 5209//5209 5210//5210 5330//5330
f 5209//5209 5330//5330 5329//5329
f 5210//5210 5211//5211 5331//5331
f 5210//5210 5331//5331 5330//5330
f 5211//5211 5212//5212 5332//5332
f 5211//5211 5332//5332 5331//5331
f 5212//5212 5213//5213 5333//5333
f 5212//5212 5333//5333 5332//5332
f 5213//5213 5214//5214 5334//5334
f 5213//5213 5334//5334 5333//5333
f 5214//5214 5215//5215 5335//5335
f 5214//5214 5335//5335 5334//5334
f 5215//5215 5216//5216 5336//5336
f 5215//5215 5336//5336 5335//5335
f 5216//5216 5217//5217 5337//5337
f 5216//5216 5337//5337 5336//5336
f 5217//5217 5218//5218 5338//5338
f 5217//5217 5338//5338 5337//5337
f 5218//5218 5219//5219 5339//5339
f 5218//5218 5339//5339 5338//5338
f 5219//5219 5220//5220 5340//5340
f 5219//5219 5340//5340 5339//5339
f 5220//5220 5221//5221 5341//5341
f 5220//5220 5341//5341 5340//5340
f 5221//5221 5222//5222 5342//5342
f 5221//5221 5342//5342 5341//5341
f 5222//5222 5223//5223 5343//5343
f 5222//5222 5343//5343 5342//5342
f 5223//5223 5224//5224 5344//5344
f 5223//5223 5344//5344 5343//5343
f 5224//5224 5225//5225 5345//5345
f 5224//5224 5345//5345 5344//5344
f 5225//5225 5226//5226 5346//5346
f 5225//5225 5346//5346 5345//5345
f 5226//5226 5227//5227 5347//5347
f 5226//5226 5347//5347 5346//5346
f 5227//5227 5228//5228 5348//5348
f 5227//5227 5348//5348 5347//5347
f 5228//5228 5229//5229 5349//5349
f 5228//5228 5349//5349 5348//5348
f 5229//5229 5230//5230 5350//5350
f 5229//5229 5350//5350 5349//5349
f 5230//5230 5231//5231 5351//5351
f 5230//5230 5351//5351 5350//5350
f 5231//5231 5232//5232 5352//5352
f 5231//5231 5352//5352 5351//5351
f 5232//5232 5233//5233 5353//5353
f 5232//5232 5353//5353 5352//5352
f 5233//5233 5234//5234 5354//5354
f 5233//5233 5354//5354 5353//5353
f 5234//5234 5235//5235 5355//5355
f 5234//5234 5355//5355 5354//5354
f 5235//5235 5236//5236 5356//5356
f 5235//5235 5356//5356 5355//5355
f 5236//5236 5237//5237 5357//5357
f 5236//5236 5357//5357 5356//5356
f 5237//5237 5238//5238 5358//5358
f 5237//5237 5358//5358 5357//5357
f 5238//5238 5239//5239 5359//5359
f 5238//5238 5359//5359 5358//5358
f 5239//5239 5240//5240 5360//5360
f 5239//5239 5360//5360 5359//5359
f 5240//5240 5241//5241 5361//5361
f 5240//5240 5361//5361 5360//5360
f 5241//5241 5242//5242 5362//5362
f 5241//5241 5362//5362 5361//5361
f 5242//5242 5243//5243 5363//5363
f 5242//5242 5363//5363 5362//5362
f 5243//5243 5244//5244 5364//5364
f 5243//5243 5364//5364 5363//5363
f 5244//5244 5245//5245 5365//5365
f 5244//5244 5365//5365 5364//5364
f 5245//5245 5246//5246 5366//5366
f 5245//5245 5366//5366 5365//5365
f 5246//5246 5247//5247 5367//5367
f 5246//5246 5367//5367 5366//5366
f 5247//5247 5248//5248 5368//5368
f 5247//5247 5368//5368 5367//5367
f 5248//5248 5249//5249 5369//5369
f 5248//5248 5369//5369 5368//5368
f 5249//5249 5250//5250 5370//5370
f 5249//5249 5370//5370 5369//5369
f 5250//5250 5251//5251 5371//5371
f 5250//5250 5371//5371 5370//5370
f 5251//5251 5252//5252 5372//5372
f 5251//5251 5372//5372 5371//5371
f 5252//5252 5253//5253 5373//5373
f 5252//5252 5373//5373 5372//5372
f 5253//5253 5254//5254 5374//5374
f 5253//5253 5374//5374 5373//5373
f 5254//5254 5255//5255 5375//5375
f 5254//5254 5375//5375 5374//5374
f 5255//5255 5256//5256 5376//5376
f 5255//5255 5376//5376 5375//5375
f 5256//5256 5257//5257 5377//5377
f 5256//5256 5377//5377 5376//5376
f 5257//5257 5258//5258 5378//5378
f 5257//5257 5378//5378 5377//5377
f 5258//5258 5259//5259 5379//5379
f 5258//5258 5379//5379 5378//5378
f 5259//5259 5260//5260 5380//5380
f 5259//5259 5380//5380 5379//5379
f 5260//5260 5261//5261 5381//5381
f 5260//5260 5381//5381 5380//5380
f 5261//5261 5262//5262 5382//5382
f 5261//5261 5382//5382 5381//5381
f 5262//5262 5263//5263 5383//5383
f 5262//5262 5383//5383 5382//5382
f 5263//5263 5264//5264 5384//5384
f 5263//5263 5384//5384 5383//5383
f 5264//5264 5265//5265 5385//5385
f 5264//5264 5385//5385 5384//5384
f 5265//5265 5266//5266 5386//5386
f 5265//5265 5386//5386 5385//5385
f 5266//5266 5267//5267 5387//5387
f 5266//5266 5387//5387 5386//5386
f 5267//5267 5268//5268 5388//5388
f 5267//5267 5388//5388 5387//5387
f 5268//5268 5269//5269 5389//5389
f 5268//5268 5389//5389 5388//5388
f 5269//5269 5270//5270 5390//5390
f 5269//5269 5390//5390 5389//5389
f 5270//5270 5271//5271 5391//5391
f 5270//5270 5391//5391 5390//5390
f 5271//5271 5272//5272 5392//5392
f 5271//5271 5392//5392 5391//5391
f 5272//5272 5273//5273 5393//5393
f 5272//5272 5393//5393 5392//5392
f 5273//5273 5274//5274 5394//5394
f 5273//5273 5394//5394 5393//5393
f 5274//5274 5275//5275 5395//5395
f 5274//5274 5395//5395 5394//5394
f 5275//5275 5276//5276 5396//5396
f 5275//5275 5396//5396 5395//5395
f 5276//5276 5277//5277 5397//5397
f 5276//5276 5397//5397 5396//5396
f 5277//5277 5278//5278 5398//5398
f 5277//5277 5398//5398 5397//5397
f 5278//5278 5279//5279 5399//5399
f 5278//5278 5399//5399 5398//5398
f 5279//5279 5280//5280 5400//5400
f 5279//5279 5400//5400 5399//5399
f 5280//5280 5281//5281 5401//5401
f 5280//5280 5401//5401 5400//5400
f 5281//5281 5282//5282 5402//5402
f 5281//5281 5402//5402 5401//5401
f 5282//5282 5283//5283 5403//5403
f 5282//5282 5403//5403 5402//5402
f 5283//5283 5164//5164 5284//5284
f 5283//5283 5284//5284 5403//5403
f 5284//5284 5285//5285 5404//5404
f 5285//5285 5286//5286 5404//5404
f 5286//5286 5287//5287 5404//5404
f 5287//5287 5288//5288 5404//5404
f 5288//5288 5289//5289 5404//5404
f 5289//5289 5290//5290 5404//5404
f 5290//5290 5291//5291 5404//5404
f 5291//5291 5292//5292 5404//5404
f 5292//5292 5293//5293 5404//5404
f 5293//5293 5294//5294 5404//5404
f 5294//5294 5295//5295 5404//5404
f 5295//5295 5296//5296 5404//5404
f 5296//5296 5297//5297 5404//5404
f 5297//5297 5298//5298 5404//5404
f 5298//5298 5299//5299 5404//5404
f 5299//5299 5300//5300 5404//5404
f 5300//5300 5301//5301 5404//5404
f 5301//5301 5302//5302 5404//5404
f 5302//5302 5303//5303 5404//5404
f 5303//5303 5304//5304 5404//5404
f 5304//5304 5305//5305 5404//5404
f 5305//5305 5306//5306 5404//5404
f 5306//5306 5307//5307 5404//5404
f 5307//5307 5308//5308 5404//5404
f 5308//5308 5309//5309 5404//5404
f 5309//5309 5310//5310 5404//5404
f 5310//5310 5311//5311 5404//5404
f 5311//5311 5312//5312 5404//5404
f 5312//5312 5313//5313 5404//5404
f 5313//5313 5314//5314 5404//5404
f 5314//5314 5315//5315 5404//5404
f 5315//5315 5316//5316 5404//5404
f 5316//5316 5317//5317 5404//5404
f 5317//5317 5318//5318 5404//5404
f 5318//5318 5319//5319 5404//5404
f 5319//5319 5320//5320 5404//5404
f 5320//5320 5321//5321 5404//5404
f 5321//5321 5322//5322 5404//5404
f 5322//5322 5323//5323 5404//5404
f 5323//5323 5324//5324 5404//5404
f 5324//5324 5325//5325 5404//5404
f 5325//5325 5326//5326 5404//5404
f 5326//5326 5327//5327 5404//5404
f 5327//5327 5328//5328 5404//5404
f 5328//5328 5329//5329 5404//5404
f 5329//5329 5330//5330 5404//5404
f 5330//5330 5331//5331 5404//5404
f 5331//5331 5332//5332 5404//5404
f 5332//5332 5333//5333 5404//5404
f 5333//5333 5334//5334 5404//5404
f 5334//5334 5335//5335 5404//5404
f 5335//5335 5336//5336 5404//5404
f 5336//5336 5337//5337 5404//5404
f 5337//5337 5338//5338 5404//5404
f 5338//5338 5339//5339 5404//5404
f 5339//5339 5340//5340 5404//5404
f 5340//5340 5341//5341 5404//5404
f 5341//5341 5342//5342 5404//5404
f 5342//5342 5343//5343 5404//5404
f 5343//5343 5344//5344 5404//5404
f 5344//5344 5345//5345 5404//5404
f 5345//5345 5346//5346 5404//5404
f 5346//5346 5347//5347 5404//5404
f 5347//5347 5348//5348 5404//5404
f 5348//5348 5349//5349 5404//5404
f 5349//5349 5350//5350 5404//5404
f 5350//5350 5351//5351 5404//5404
f 5351//5351 5352//5352 5404//5404
f 5352//5352 5353//5353 5404//5404
f 5353//5353 5354//5354 5404//5404
f 5354//5354 5355//5355 5404//5404
f 5355//5355 5356//5356 5404//5404
f 5356//5356 5357//5357 5404//5404
f 5357//5357 5358//5358 5404//5404
f 5358//5358 5359//5359 5404//5404
f 5359//5359 5360//5360 5404//5404
f 5360//5360 5361//5361 5404//5404
f 5361//5361 5362//5362 5404//5404
f 5362//5362 5363//5363 5404//5404
f 5363//5363 5364//5364 5404//5404
f 5364//5364 5365//5365 5404//5404
f 5365//5365 5366//5366 5404//5404
f 5366//5366 5367//5367 5404//5404
f 5367//5367 5368//5368 5404//5404
f 5368//5368 5369//5369 5404//5404
f 5369//5369 5370//5370 5404//5404
f 5370//5370 5371//5371 5404//5404
f 5371//5371 5372//5372 5404//5404
f 5372//5372 5373//5373 5404//5404
f 5373//5373 5374//5374 5404//5404
f 5374//5374 5375//5375 5404//5404
f 5375//5375 5376//5376 5404//5404
f 5376//5376 5377//5377 5404//5404
f 5377//5377 5378//5378 5404//5404
f 5378//5378 5379//5379 5404//5404
f 5379//5379 5380//5380 5404//5404
f 5380//5380 5381//5381 5404//5404
f 5381//5381 5382//5382 5404//5404
f 5382//5382 5383//5383 5404//5404
f 5383//5383 5384//5384 5404//5404
f 5384//5384 5385//5385 5404//5404
f 5385//5385 5386//5386 5404//5404
f 5386//5386 5387//5387 5404//5404
f 5387//5387 5388//5388 5404//5404
f 5388//5388 5389//5389 5404//5404
f 5389//5389 5390//5390 5404//5404
f 5390//5390 5391//5391 5404//5404
f 5391//5391 5392//5392 5404//5404
f 5392//5392 5393//5393 5404//5404
f 5393//5393 5394//5394 5404//5404
f 5394//5394 5395//5395 5404//5404
f 5395//5395 5396//5396 5404//5404
f 5396//5396 5397//5397 5404//5404
f 5397//5397 5398//5398 5404//5404
f 5398//5398 5399//5399 5404//5404
f 5399//5399 5400//5400 5404//5404
f 5400//5400 5401//5401 5404//5404
f 5401//5401 5402//5402 5404//5404
f 5402//5402 5403//5403 5404//5404
f 5403//5403 5284//5284 5404//5404
usemtl chocolate
f 5405//5405 5407//5407 5406//5406
f 5405//5405 5408//5408 5407//5407
f 5405//5405 5409//5409 5408//5408
f 5405//5405 5410//5410 5409//5409
f 5405//5405 5411//5411 5410//5410
f 5405//5405 5412//5412 5411//5411
f 5405//5405 5413//5413 5412//5412
f 5405//5405 5414//5414 5413//5413
f 5405//5405 5415//5415 5414//5414
f 5405//5405 5416//5416 5415//5415
f 5405//5405 5417//5417 5416//5416
f 5405//5405 5418//5418 5417//5417
f 5405//5405 5419//5419 5418//5418
f 5405//5405 5420//5420 5419//5419
f 5405//5405 5421//5421 5420//5420
f 5405//5405 5422//5422 5421//5421
f 5405//5405 5423//5423 5422//5422
f 5405//5405 5406//5406 5423//5423
f 5406//5406 5407//5407 5425//5425
f 5406//5406 5425//5425 5424//5424
f 5407//5407 5408//5408 5426//5426
f 5407//5407 5426//5426 5425//5425
f 5408//5408 5409//5409 5427//5427
f 5408//5408 5427//5427 5426//5426
f 5409//5409 5410//5410 5428//5428
f 5409//5409 5428//5428 5427//5427
f 5410//5410 5411//5411 5429//5429
f 5410//5410 5429//5429 5428//5428
f 5411//5411 5412//5412 5430//5430
f 5411//5411 5430//5430 5429//5429
f 5412//5412 5413//5413 5431//5431
f 5412//5412 5431//5431 5430//5430
f 5413//5413 5414//5414 5432//5432
f 5413//5413 5432//5432 5431//5431
f 5414//5414 5415//5415 5433//5433
f 5414//5414 5433//5433 5432//5432
f 5415//5415 5416//5416 5434//5434
f 5415//5415 5434//5434 5433//5433
f 5416//5416 5417//5417 5435//5435
f 5416//5416 5435//5435 5434//5434
f 5417//5417 5418//5418 5436//5436
f 5417//5417 5436//5436 5435//5435
f 5418//5418 5419//5419 5437//5437
f 5418//5418 5437//5437 5436//5436
f 5419//5419 5420//5420 5438//5438
f 5419//5419 5438//5438 5437//5437
f 5420//5420 5421//5421 5439//5439
f 5420//5420 5439//5439 5438//5438
f 5421//5421 5422//5422 5440//5440
f 5421//5421 5440//5440 5439//5439
f 5422//5422 5423//5423 5441//5441
f 5422//5422 5441//5441 5440//5440
f 5423//5423 5406//5406 5424//5424
f 5423//5423 5424//5424 5441//5441
f 5424//5424 5425//5425 5443//5443
f 5424//5424 5443//5443 5442//5442
f 5425//5425 5426//5426 5444//5444
f 5425//5425 5444//5444 5443//5443
f 5426//5426 5427//5427 5445//5445
f 5426//5426 5445//5445 5444//5444
f 5427//5427 5428//5428 5446//5446
f 5427//5427 5446//5446 5445//5445
f 5428//5428 5429//5429 5447//5447
f 5428//5428 5447//5447 5446//5446
f 5429//5429 5430//5430 5448//5448
f 5429//5429 5448//5448 5447//5447
f 5430//5430 5431//5431 5449//5449
f 5430//5430 5449//5449 5448//5448
f 5431//5431 5432//5432 5450//5450
f 5431//5431 5450//5450 5449//5449
f 5432//5432 5433//5433 5451//5451
f 5432//5432 5451//5451 5450//5450
f 5433//5433 5434//5434 5452//5452
f 5433//5433 5452//5452 5451//5451
f 5434//5434 5435//5435 5453//5453
f 5434//5434 5453//5453 5452//5452
f 5435//5435 5436//5436 5454//5454
f 5435//5435 5454//5454 5453//5453
f 5436//5436 5437//5437 5455//5455
f 5436//5436 5455//5455 5454//5454
f 5437//5437 5438//5438 5456//5456
f 5437//5437 5456//5456 5455//5455
f 5438//5438 5439//5439 5457//5457
f 5438//5438 5457//5457 5456//5456
f 5439//5439 5440//5440 5458//5458
f 5439//5439 5458//5458 5457//5457
f 5440//5440 5441//5441 5459//5459
f 5440//5440 5459//5459 5458//5458
f 5441//5441 5424//5424 5442//5442
f 5441//5441 5442//5442 5459//5459
f 5442//5442 5443//5443 5461//5461
f 5442//5442 5461//5461 5460//5460
f 5443//5443 5444//5444 5462//5462
f 5443//5443 5462//5462 5461//5461
f 5444//5444 5445//5445 5463//5463
f 5444//5444 5463//5463 5462//5462
f 5445//5445 5446//5446 5464//5464
f 5445//5445 5464//5464 5463//5463
f 5446//5446 5447//5447 5465//5465
f 5446//5446 5465//5465 5464//5464
f 5447//5447 5448//5448 5466//5466
f 5447//5447 5466//5466 5465//5465
f 5448//5448 5449//5449 5467//5467
f 5448//5448 5467//5467 5466//5466
f 5449//5449 5450//5450 5468//5468
f 5449//5449 5468//5468 5467//5467
f 5450//5450 5451//5451 5469//5469
f 5450//5450 5469//5469 5468//5468
f 5451//5451 5452//5452 5470//5470
f 5451//5451 5470//5470 5469//5469
f 5452//5452 5453//5453 5471//5471
f 5452//5452 5471//5471 5470//5470
f 5453//5453 5454//5454 5472//5472
f 5453//5453 5472//5472 5471//5471
f 5454//5454 5455//5455 5473//5473
f 5454//5454 5473//5473 5472//5472
f 5455//5455 5456//5456 5474//5474
f 5455//5455 5474//5474 5473//5473
f 5456//5456 5457//5457 5475//5475
f 5456//5456 5475//5475 5474//5474
f 5457//5457 5458//5458 5476//5476
f 5457//5457 5476//5476 5475//5475
f 5458//5458 5459//5459 5477//5477
f 5458//5458 5477//5477 5476//5476
f 5459//5459 5442//5442 5460//5460
f 5459//5459 5460//5460 5477//5477
f 5460//5460 5461//5461 5479//5479
f 5460//5460 5479//5479 5478//5478
f 5461//5461 5462//5462 5480//5480
f 5461//5461 5480//5480 5479//5479
f 5462//5462 5463//5463 5481//5481
f 5462//5462 5481//5481 5480//5480
f 5463//5463 5464//5464 5482//5482
f 5463//5463 5482//5482 5481//5481
f 5464//5464 5465//5465 5483//5483
f 5464//5464 5483//5483 5482//5482
f 5465//5465 5466//5466 5484//5484
f 5465//5465 5484//5484 5483//5483
f 5466//5466 5467//5467 5485//5485
f 5466//5466 5485//5485 5484//5484
f 5467//5467 5468//5468 5486//5486
f 5467//5467 5486//5486 5485//5485
f 5468//5468 5469//5469 5487//5487
f 5468//5468 5487//5487 5486//5486
f 5469//5469 5470//5470 5488//5488
f 5469//5469 5488//5488 5487//5487
f 5470//5470 5471//5471 5489//5489
f 5470//5470 5489//5489 5488//5488
f 5471//5471 5472//5472 5490//5490
f 5471//5471 5490//5490 5489//5489
f 5472//5472 5473//5473 5491//5491
f 5472//5472 5491//5491 5490//5490
f 5473//5473 5474//5474 5492//5492
f 5473//5473 5492//5492 5491//5491
f 5474//5474 5475//5475 5493//5493
f 5474//5474 5493//5493 5492//5492
f 5475//5475 5476//5476 5494//5494
f 5475//5475 5494//5494 5493//5493
f 5476//5476 5477//5477 5495//5495
f 5476//5476 5495//5495 5494//5494
f 5477//5477 5460//5460 5478//5478
f 5477//5477 5478//5478 5495//5495
f 5478//5478 5479//5479 5497//5497
f 5478//5478 5497//5497 5496//5496
f 5479//5479 5480//5480 5498//5498
f 5479//5479 5498//5498 5497//5497
f 5480//5480 5481//5481 5499//5499
f 5480//5480 5499//5499 5498//5498
f 5481//5481 5482//5482 5500//5500
f 5481//5481 5500//5500 5499//5499
f 5482//5482 5483//5483 5501//5501
f 5482//5482 5501//5501 5500//5500
f 5483//5483 5484//5484 5502//5502
f 5483//5483 5502//5502 5501//5501
f 5484//5484 5485//5485 5503//5503
f 5484//5484 5503//5503 5502//5502
f 5485//5485 5486//5486 5504//5504
f 5485//5485 5504//5504 5503//5503
f 5486//5486 5487//5487 5505//5505
f 5486//5486 5505//5505 5504//5504
f 5487//5487 5488//5488 5506//5506
f 5487//5487 5506//5506 5505//5505
f 5488//5488 5489//5489 5507//5507
f 5488//5488 5507//5507 5506//5506
f 5489//5489 5490//5490 5508//5508
f 5489//5489 5508//5508 5507//5507
f 5490//5490 5491//5491 5509//5509
f 5490//5490 5509//5509 5508//5508
f 5491//5491 5492//5492 5510//5510
f 5491//5491 5510//5510 5509//5509
f 5492//5492 5493//5493 5511//5511
f 5492//5492 5511//5511 5510//5510
f 5493//5493 5494//5494 5512//5512
f 5493//5493 5512//5512 5511//5511
f 5494//5494 5495//5495 5513//5513
f 5494//5494 5513//5513 5512//5512
f 5495//5495 5478//5478 5496//5496
f 5495//5495 5496//5496 5513//5513
f 5496//5496 5497//5497 5515//5515
f 5496//5496 5515//5515 5514//5514
f 5497//5497 5498//5498 5516//5516
f 5497//5497 5516//5516 5515//5515
f 5498//5498 5499//5499 5517//5517
f 5498//5498 5517//5517 5516//5516
f 5499//5499 5500//5500 5518//5518
f 5499//5499 5518//5518 5517//5517
f 5500//5500 5501//5501 5519//5519
f 5500//5500 5519//5519 5518//5518
f 5501//5501 5502//5502 5520//5520
f 5501//5501 5520//5520 5519//5519
f 5502//5502 5503//5503 5521//5521
f 5502//5502 5521//5521 5520//5520
f 5503//5503 5504//5504 5522//5522
f 5503//5503 5522//5522 5521//5521
f 5504//5504 5505//5505 5523//5523
f 5504//5504 5523//5523 5522//5522
f 5505//5505 5506//5506 5524//5524
f 5505//5505 5524//5524 5523//5523
f 5506//5506 5507//5507 5525//5525
f 5506//5506 5525//5525 5524//5524
f 5507//5507 5508//5508 5526//5526
f 5507//5507 5526//5526 5525//5525
f 5508//5508 5509//5509 5527//5527
f 5508//5508 5527//5527 5526//5526
f 5509//5509 5510//5510 5528//5528
f 5509//5509 5528//5528 5527//5527
f 5510//5510 5511//5511 5529//5529
f 5510//5510 5529//5529 5528//5528
f 5511//5511 5512//5512 5530//5530
f 5511//5511 5530//5530 5529//5529
f 5512//5512 5513//5513 5531//5531
f 5512//5512 5531//5531 5530//5530
f 5513//5513 5496//5496 5514//5514
f 5513//5513 5514//5514 5531//5531
f 5514//5514 5515//5515 5533//5533
f 5514//5514 5533//5533 5532//5532
f 5515//5515 5516//5516 5534//5534
f 5515//5515 5534//5534 5533//5533
f 5516//5516 5517//5517 5535//5535
f 5516//5516 5535//5535 5534//5534
f 5517//5517 5518//5518 5536//5536
f 5517//5517 5536//5536 5535//5535
f 5518//5518 5519//5519 5537//5537
f 5518//5518 5537//5537 5536//5536
f 5519//5519 5520//5520 5538//5538
f 5519//5519 5538//5538 5537//5537
f 5520//5520 5521//5521 5539//5539
f 5520//5520 5539//5539 5538//5538
f 5521//5521 5522//5522 5540//5540
f 5521//5521 5540//5540 5539//5539
f 5522//5522 5523//5523 5541//5541
f 5522//5522 5541//5541 5540//5540
f 5523//5523 5524//5524 5542//5542
f 5523//5523 5542//5542 5541//5541
f 5524//5524 5525//5525 5543//5543
f 5524//5524 5543//5543 5542//5542
f 5525//5525 5526//5526 5544//5544
f 5525//5525 5544//5544 5543//5543
f 5526//5526 5527//5527 5545//5545
f 5526//5526 5545//5545 5544//5544
f 5527//5527 5528//5528 5546//5546
f 5527//5527 5546//5546 5545//5545
f 5528//5528 5529//5529 5547//5547
f 5528//5528 5547//5547 5546//5546
f 5529//5529 5530//5530 5548//5548
f 5529//5529 5548//5548 5547//5547
f 5530//5530 5531//5531 5549//5549
f 5530//5530 5549//5549 5548//5548
f 5531//5531 5514//5514 5532//5532
f 5531//5531 5532//5532 5549//5549
f 5532//5532 5533//5533 5551//5551
f 5532//5532 5551//5551 5550//5550
f 5533//5533 5534//5534 5552//5552
f 5533//5533 5552//5552 5551//5551
f 5534//5534 5535//5535 5553//5553
f 5534//5534 5553//5553 5552//5552
f 5535//5535 5536//5536 5554//5554
f 5535//5535 5554//5554 5553//5553
f 5536//5536 5537//5537 5555//5555
f 5536//5536 5555//5555 5554//5554
f 5537//5537 5538//5538 5556//5556
f 5537//5537 5556//5556 5555//5555
f 5538//5538 5539//5539 5557//5557
f 5538//5538 5557//5557 5556//5556
f 5539//5539 5540//5540 5558//5558
f 5539//5539 5558//5558 5557//5557
f 5540//5540 5541//5541 5559//5559
f 5540//5540 5559//5559 5558//5558
f 5541//5541 5542//5542 5560//5560
f 5541//5541 5560//5560 5559//5559
f 5542//5542 5543//5543 5561//5561
f 5542//5542 5561//5561 5560//5560
f 5543//5543 5544//5544 5562//5562
f 5543//5543 5562//5562 5561//5561
f 5544//5544 5545//5545 5563//5563
f 5544//5544 5563//5563 5562//5562
f 5545//5545 5546//5546 5564//5564
f 5545//5545 5564//5564 5563//5563
f 5546//5546 5547//5547 5565//5565
f 5546//5546 5565//5565 5564//5564
f 5547//5547 5548//5548 5566//5566
f 5547//5547 5566//5566 5565//5565
f 5548//5548 5549//5549 5567//5567
f 5548//5548 5567//5567 5566//5566
f 5549//5549 5532//5532 5550//5550
f 5549//5549 5550//5550 5567//5567
f 5550//5550 5551//5551 5569//5569
f 5550//5550 5569//5569 5568//5568
f 5551//5551 5552//5552 5570//5570
f 5551//5551 5570//5570 5569//5569
f 5552//5552 5553//5553 5571//5571
f 5552//5552 5571//5571 5570//5570
f 5553//5553 5554//5554 5572//5572
f 5553//5553 5572//5572 5571//5571
f 5554//5554 5555//5555 5573//5573
f 5554//5554 5573//5573 5572//5572
f 5555//5555 5556//5556 5574//5574
f 5555//5555 5574//5574 5573//5573
f 5556//5556 5557//5557 5575//5575
f 5556//5556 5575//5575 5574//5574
f 5557//5557 5558//5558 5576//5576
f 5557//5557 5576//5576 5575//5575
f 5558//5558 5559//5559 5577//5577
f 5558//5558 5577//5577 5576//5576
f 5559//5559 5560//5560 5578//5578
f 5559//5559 5578//5578 5577//5577
f 5560//5560 5561//5561 5579//5579
f 5560//5560 5579//5579 5578//5578
f 5561//5561 5562//5562 5580//5580
f 5561//5561 5580//5580 5579//5579
f 5562//5562 5563//5563 5581//5581
f 5562//5562 5581//5581 5580//5580
f 5563//5563 5564//5564 5582//5582
f 5563//5563 5582//5582 5581//5581
f 5564//5564 5565//5565 5583//5583
f 5564//5564 5583//5583 5582//5582
f 5565//5565 5566//5566 5584//5584
f 5565//5565 5584//5584 5583//5583
f 5566//5566 5567//5567 5585//5585
f 5566//5566 5585//5585 5584//5584
f 5567//5567 5550//5550 5568//5568
f 5567//5567 5568//5568 5585//5585
f 5568//5568 5569//5569 5587//5587
f 5568//5568 5587//5587 5586//5586
f 5569//5569 5570//5570 5588//5588
f 5569//5569 5588//5588 5587//5587
f 5570//5570 5571//5571 5589//5589
f 5570//5570 5589//5589 5588//5588
f 5571//5571 5572//5572 5590//5590
f 5571//5571 5590//5590 5589//5589
f 5572//5572 5573//5573 5591//5591
f 5572//5572 5591//5591 5590//5590
f 5573//5573 5574//5574 5592//5592
f 5573//5573 5592//5592 5591//5591
f 5574//5574 5575//5575 5593//5593
f 5574//5574 5593//5593 5592//5592
f 5575//5575 5576//5576 5594//5594
f 5575//5575 5594//5594 5593//5593
f 5576//5576 5577//5577 5595//5595
f 5576//5576 5595//5595 5594//5594
f 5577//5577 5578//5578 5596//5596
f 5577//5577 5596//5596 5595//5595
f 5578//5578 5579//5579 5597//5597
f 5578//5578 5597//5597 5596//5596
f 5579//5579 5580//5580 5598//5598
f 5579//5579 5598//5598 5597//5597
f 5580//5580 5581//5581 5599//5599
f 5580//5580 5599//5599 5598//5598
f 5581//5581 5582//5582 5600//5600
f 5581//5581 5600//5600 5599//5599
f 5582//5582 5583//5583 5601//5601
f 5582//5582 5601//5601 5600//5600
f 5583//5583 5584//5584 5602//5602
f 5583//5583 5602//5602 5601//5601
f 5584//5584 5585//5585 5603//5603
f 5584//5584 5603//5603 5602//5602
f 5585//5585 5568//5568 5586//5586
f 5585//5585 5586//5586 5603//5603
f 5586//5586 5587//5587 5604//5604
f 5587//5587 5588//5588 5604//5604
f 5588//5588 5589//5589 5604//5604
f 5589//5589 5590//5590 5604//5604
f 5590//5590 5591//5591 5604//5604
f 5591//5591 5592//5592 5604//5604
f 5592//5592 5593//5593 5604//5604
f 5593//5593 5594//5594 5604//5604
f 5594//5594 5595//5595 5604//5604
f 5595//5595 5596//5596 5604//5604
f 5596//5596 5597//5597 5604//5604
f 5597//5597 5598//5598 5604//5604
f 5598//5598 5599//5599 5604//5604
f 5599//5599 5600//5600 5604//5604
f 5600//5600 5601//5601 5604//5604
f 5601//5601 5602//5602 5604//5604
f 5602//5602 5603//5603 5604//5604
f 5603//5603 5586//5586 5604//5604
f 5605//5605 5607//5607 5606//5606
f 5605//5605 5608//5608 5607//5607
f 5605//5605 5609//5609 5608//5608
f 5605//5605 5610//5610 5609//5609
f 5605//5605 5611//5611 5610//5610
f 5605//5605 5612//5612 5611//5611
f 5605//5605 5613//5613 5612//5612
f 5605//5605 5614//5614 5613//5613
f 5605//5605 5615//5615 5614//5614
f 5605//5605 5616//5616 5615//5615
f 5605//5605 5617//5617 5616//5616
f 5605//5605 5618//5618 5617//5617
f 5605//5605 5619//5619 5618//5618
f 5605//5605 5620//5620 5619//5619
f 5605//5605 5621//5621 5620//5620
f 5605//5605 5622//5622 5621//5621
f 5605//5605 5623//5623 5622//5622
f 5605//5605 5606//5606 5623//5623
f 5606//5606 5607//5607 5625//5625
f 5606//5606 5625//5625 5624//5624
f 5607//5607 5608//5608 5626//5626
f 5607//5607 5626//5626 5625//5625
f 5608//5608 5609//5609 5627//5627
f 5608//5608 5627//5627 5626//5626
f 5609//5609 5610//5610 5628//5628
f 5609//5609 5628//5628 5627//5627
f 5610//5610 5611//5611 5629//5629
f 5610//5610 5629//5629 5628//5628
f 5611//5611 5612//5612 5630//5630
f 5611//5611 5630//5630 5629//5629
f 5612//5612 5613//5613 5631//5631
f 5612//5612 5631//5631 5630//5630
f 5613//5613 5614//5614 5632//5632
f 5613//5613 5632//5632 5631//5631
f 5614//5614 5615//5615 5633//5633
f 5614//5614 5633//5633 5632//5632
f 5615//5615 5616//5616 5634//5634
f 5615//5615 5634//5634 5633//5633
f 5616//5616 5617//5617 5635//5635
f 5616//5616 5635//5635 5634//5634
f 5617//5617 5618//5618 5636//5636
f 5617//5617 5636//5636 5635//5635
f 5618//5618 5619//5619 5637//5637
f 5618//5618 5637//5637 5636//5636
f 5619//5619 5620//5620 5638//5638
f 5619//5619 5638//5638 5637//5637
f 5620//5620 5621//5621 5639//5639
f 5620//5620 5639//5639 5638//5638
f 5621//5621 5622//5622 5640//5640
f 5621//5621 5640//5640 5639//5639
f 5622//5622 5623//5623 5641//5641
f 5622//5622 5641//5641 5640//5640
f 5623//5623 5606//5606 5624//5624
f 5623//5623 5624//5624 5641//5641
f 5624//5624 5625//5625 5643//5643
f 5624//5624 5643//5643 5642//5642
f 5625//5625 5626//5626 5644//5644
f 5625//5625 5644//5644 5643//5643
f 5626//5626 5627//5627 5645//5645
f 5626//5626 5645//5645 5644//5644
f 5627//5627 5628//5628 5646//5646
f 5627//5627 5646//5646 5645//5645
f 5628//5628 5629//5629 5647//5647
f 5628//5628 5647//5647 5646//5646
f 5629//5629 5630//5630 5648//5648
f 5629//5629 5648//5648 5647//5647
f 5630//5630 5631//5631 5649//5649
f 5630//5630 5649//5649 5648//5648
f 5631//5631 5632//5632 5650//5650
f 5631//5631 5650//5650 5649//5649
f 5632//5632 5633//5633 5651//5651
f 5632//5632 5651//5651 5650//5650
f 5633//5633 5634//5634 5652//5652
f 5633//5633 5652//5652 5651//5651
f 5634//5634 5635//5635 5653//5653
f 5634//5634 5653//5653 5652//5652
f 5635//5635 5636//5636 5654//5654
f 5635//5635 5654//5654 5653//5653
f 5636//5636 5637//5637 5655//5655
f 5636//5636 5655//5655 5654//5654
f 5637//5637 5638//5638 5656//5656
f 5637//5637 5656//5656 5655//5655
f 5638//5638 5639//5639 5657//5657
f 5638//5638 5657//5657 5656//5656
f 5639//5639 5640//5640 5658//5658
f 5639//5639 5658//5658 5657//5657
f 5640//5640 5641//5641 5659//5659
f 5640//5640 5659//5659 5658//5658
f 5641//5641 5624//5624 5642//5642
f 5641//5641 5642//5642 5659//5659
f 5642//5642 5643//5643 5661//5661
f 5642//5642 5661//5661 5660//5660
f 5643//5643 5644//5644 5662//5662
f 5643//5643 5662//5662 5661//5661
f 5644//5644 5645//5645 5663//5663
f 5644//5644 5663//5663 5662//5662
f 5645//5645 5646//5646 5664//5664
f 5645//5645 5664//5664 5663//5663
f 5646//5646 5647//5647 5665//5665
f 5646//5646 5665//5665 5664//5664
f 5647//5647 5648//5648 5666//5666
f 5647//5647 5666//5666 5665//5665
f 5648//5648 5649//5649 5667//5667
f 5648//5648 5667//5667 5666//5666
f 5649//5649 5650//5650 5668//5668
f 5649//5649 5668//5668 5667//5667
f 5650//5650 5651//5651 5669//5669
f 5650//5650 5669//5669 5668//5668
f 5651//5651 5652//5652 5670//5670
f 5651//5651 5670//5670 5669//5669
f 5652//5652 5653//5653 5671//5671
f 5652//5652 5671//5671 5670//5670
f 5653//5653 5654//5654 5672//5672
f 5653//5653 5672//5672 5671//5671
f 5654//5654 5655//5655 5673//5673
f 5654//5654 5673//5673 5672//5672
f 5655//5655 5656//5656 5674//5674
f 5655//5655 5674//5674 5673//5673
f 5656//5656 5657//5657 5675//5675
f 5656//5656 5675//5675 5674//5674
f 5657//5657 5658//5658 5676//5676
f 5657//5657 5676//5676 5675//5675
f 5658//5658 5659//5659 5677//5677
f 5658//5658 5677//5677 5676//5676
f 5659//5659 5642//5642 5660//5660
f 5659//5659 5660//5660 5677//5677
f 5660//5660 5661//5661 5679//5679
f 5660//5660 5679//5679 5678//5678
f 5661//5661 5662//5662 5680//5680
f 5661//5661 5680//5680 5679//5679
f 5662//5662 5663//5663 5681//5681
f 5662//5662 5681//5681 5680//5680
f 5663//5663 5664//5664 5682//5682
f 5663//5663 5682//5682 5681//5681
f 5664//5664 5665//5665 5683//5683
f 5664//5664 5683//5683 5682//5682
f 5665//5665 5666//5666 5684//5684
f 5665//5665 5684//5684 5683//5683
f 5666//5666 5667//5667 5685//5685
f 5666//5666 5685//5685 5684//5684
f 5667//5667 5668//5668 5686//5686
f 5667//5667 5686//5686 5685//5685
f 5668//5668 5669//5669 5687//5687
f 5668//5668 5687//5687 5686//5686
f 5669//5669 5670//5670 5688//5688
f 5669//5669 5688//5688 5687//5687
f 5670//5670 5671//5671 5689//5689
f 5670//5670 5689//5689 5688//5688
f 5671//5671 5672//5672 5690//5690
f 5671//5671 5690//5690 5689//5689
f 5672//5672 5673//5673 5691//5691
f 5672//5672 5691//5691 5690//5690
f 5673//5673 5674//5674 5692//5692
f 5673//5673 5692//5692 5691//5691
f 5674//5674 5675//5675 5693//5693
f 5674//5674 5693//5693 5692//5692
f 5675//5675 5676//5676 5694//5694
f 5675//5675 5694//5694 5693//5693
f 5676//5676 5677//5677 5695//5695
f 5676//5676 5695//5695 5694//5694
f 5677//5677 5660//5660 5678//5678
f 5677//5677 5678//5678 5695//5695
f 5678//5678 5679//5679 5697//5697
f 5678//5678 5697//5697 5696//5696
f 5679//5679 5680//5680 5698//5698
f 5679//5679 5698//5698 5697//5697
f 5680//5680 5681//5681 5699//5699
f 5680//5680 5699//5699 5698//5698
f 5681//5681 5682//5682 5700//5700
f 5681//5681 5700//5700 5699//5699
f 5682//5682 5683//5683 5701//5701
f 5682//5682 5701//5701 5700//5700
f 5683//5683 5684//5684 5702//5702
f 5683//5683 5702//5702 5701//5701
f 5684//5684 5685//5685 5703//5703
f 5684//5684 5703//5703 5702//5702
f 5685//5685 5686//5686 5704//5704
f 5685//5685 5704//5704 5703//5703
f 5686//5686 5687//5687 5705//5705
f 5686//5686 5705//5705 5704//5704
f 5687//5687 5688//5688 5706//5706
f 5687//5687 5706//5706 5705//5705
f 5688//5688 5689//5689 5707//5707
f 5688//5688 5707//5707 5706//5706
f 5689//5689 5690//5690 5708//5708
f 5689//5689 5708//5708 5707//5707
f 5690//5690 5691//5691 5709//5709
f 5690//5690 5709//5709 5708//5708
f 5691//5691 5692//5692 5710//5710
f 5691//5691 5710//5710 5709//5709
f 5692//5692 5693//5693 5711//5711
f 5692//5692 5711//5711 5710//5710
f 5693//5693 5694//5694 5712//5712
f 5693//5693 5712//5712 5711//5711
f 5694//5694 5695//5695 5713//5713
f 5694//5694 5713//5713 5712//5712
f 5695//5695 5678//5678 5696//5696
f 5695//5695 5696//5696 5713//5713
f 5696//5696 5697//5697 5715//5715
f 5696//5696 5715//5715 5714//5714
f 5697//5697 5698//5698 5716//5716
f 5697//5697 5716//5716 5715//5715
f 5698//5698 5699//5699 5717//5717
f 5698//5698 5717//5717 5716//5716
f 5699//5699 5700//5700 5718//5718
f 5699//5699 5718//5718 5717//5717
f 5700//5700 5701//5701 5719//5719
f 5700//5700 5719//5719 5718//5718
f 5701//5701 5702//5702 5720//5720
f 5701//5701 5720//5720 5719//5719
f 5702//5702 5703//5703 5721//5721
f 5702//5702 5721//5721 5720//5720
f 5703//5703 5704//5704 5722//5722
f 5703//5703 5722//5722 5721//5721
f 5704//5704 5705//5705 5723//5723
f 5704//5704 5723//5723 5722//5722
f 5705//5705 5706//5706 5724//5724
f 5705//5705 5724//5724 5723//5723
f 5706//5706 5707//5707 5725//5725
f 5706//5706 5725//5725 5724//5724
f 5707//5707 5708//5708 5726//5726
f 5707//5707 5726//5726 5725//5725
f 5708//5708 5709//5709 5727//5727
f 5708//5708 5727//5727 5726//5726
f 5709//5709 5710//5710 5728//5728
f 5709//5709 5728//5728 5727//5727
f 5710//5710 5711//5711 5729//5729
f 5710//5710 5729//5729 5728//5728
f 5711//5711 5712//5712 5730//5730
f 5711//5711 5730//5730 5729//5729
f 5712//5712 5713//5713 5731//5731
f 5712//5712 5731//5731 5730//5730
f 5713//5713 5696//5696 5714//5714
f 5713//5713 5714//5714 5731//5731
f 5714//5714 5715//5715 5733//5733
f 5714//5714 5733//5733 5732//5732
f 5715//5715 5716//5716 5734//5734
f 5715//5715 5734//5734 5733//5733
f 5716//5716 5717//5717 5735//5735
f 5716//5716 5735//5735 5734//5734
f 5717//5717 5718//5718 5736//5736
f 5717//5717 5736//5736 5735//5735
f 5718//5718 5719//5719 5737//5737
f 5718//5718 5737//5737 5736//5736
f 5719//5719 5720//5720 5738//5738
f 5719//5719 5738//5738 5737//5737
f 5720//5720 5721//5721 5739//5739
f 5720//5720 5739//5739 5738//5738
f 5721//5721 5722//5722 5740//5740
f 5721//5721 5740//5740 5739//5739
f 5722//5722 5723//5723 5741//5741
f 5722//5722 5741//5741 5740//5740
f 5723//5723 5724//5724 5742//5742
f 5723//5723 5742//5742 5741//5741
f 5724//5724 5725//5725 5743//5743
f 5724//5724 5743//5743 5742//5742
f 5725//5725 5726//5726 5744//5744
f 5725//5725 5744//5744 5743//5743
f 5726//5726 5727//5727 5745//5745
f 5726//5726 5745//5745 5744//5744
f 5727//5727 5728//5728 5746//5746
f 5727//5727 5746//5746 5745//5745
f 5728//5728 5729//5729 5747//5747
f 5728//5728 5747//5747 5746//5746
f 5729//5729 5730//5730 5748//5748
f 5729//5729 5748//5748 5747//5747
f 5730//5730 5731//5731 5749//5749
f 5730//5730 5749//5749 5748//5748
f 5731//5731 5714//5714 5732//5732
f 5731//5731 5732//5732 5749//5749
f 5732//5732 5733//5733 5751//5751
f 5732//5732 5751//5751 5750//5750
f 5733//5733 5734//5734 5752//5752
f 5733//5733 5752//5752 5751//5751
f 5734//5734 5735//5735 5753//5753
f 5734//5734 5753//5753 5752//5752
f 5735//5735 5736//5736 5754//5754
f 5735//5735 5754//5754 5753//5753
f 5736//5736 5737//5737 5755//5755
f 5736//5736 5755//5755 5754//5754
f 5737//5737 5738//5738 5756//5756
f 5737//5737 5756//5756 5755//5755
f 5738//5738 5739//5739 5757//5757
f 5738//5738 5757//5757 5756//5756
f 5739//5739 5740//5740 5758//5758
f 5739//5739 5758//5758 5757//5757
f 5740//5740 5741//5741 5759//5759
f 5740//5740 5759//5759 5758//5758
f 5741//5741 5742//5742 5760//5760
f 5741//5741 5760//5760 5759//5759
f 5742//5742 5743//5743 5761//5761
f 5742//5742 5761//5761 5760//5760
f 5743//5743 5744//5744 5762//5762
f 5743//5743 5762//5762 5761//5761
f 5744//5744 5745//5745 5763//5763
f 5744//5744 5763//5763 5762//5762
f 5745//5745 5746//5746 5764//5764
f 5745//5745 5764//5764 5763//5763
f 5746//5746 5747//5747 5765//5765
f 5746//5746 5765//5765 5764//5764
f 5747//5747 5748//5748 5766//5766
f 5747//5747 5766//5766 5765//5765
f 5748//5748 5749//5749 5767//5767
f 5748//5748 5767//5767 5766//5766
f 5749//5749 5732//5732 5750//5750
f 5749//5749 5750//5750 5767//5767
f 5750//5750 5751//5751 5769//5769
f 5750//5750 5769//5769 5768//5768
f 5751//5751 5752//5752 5770//5770
f 5751//5751 5770//5770 5769//5769
f 5752//5752 5753//5753 5771//5771
f 5752//5752 5771//5771 5770//5770
f 5753//5753 5754//5754 5772//5772
f 5753//5753 5772//5772 5771//5771
f 5754//5754 5755//5755 5773//5773
f 5754//5754 5773//5773 5772//5772
f 5755//5755 5756//5756 5774//5774
f 5755//5755 5774//5774 5773//5773
f 5756//5756 5757//5757 5775//5775
f 5756//5756 5775//5775 5774//5774
f 5757//5757 5758//5758 5776//5776
f 5757//5757 5776//5776 5775//5775
f 5758//5758 5759//5759 5777//5777
f 5758//5758 5777//5777 5776//5776
f 5759//5759 5760//5760 5778//5778
f 5759//5759 5778//5778 5777//5777
f 5760//5760 5761//5761 5779//5779
f 5760//5760 5779//5779 5778//5778
f 5761//5761 5762//5762 5780//5780
f 5761//5761 5780//5780 5779//5779
f 5762//5762 5763//5763 5781//5781
f 5762//5762 5781//5781 5780//5780
f 5763//5763 5764//5764 5782//5782
f 5763//5763 5782//5782 5781//5781
f 5764//5764 5765//5765 5783//5783
f 5764//5764 5783//5783 5782//5782
f 5765//5765 5766//5766 5784//5784
f 5765//5765 5784//5784 5783//5783
f 5766//5766 5767//5767 5785//5785
f 5766//5766 5785//5785 5784//5784
f 5767//5767 5750//5750 5768//5768
f 5767//5767 5768//5768 5785//5785
f 5768//5768 5769//5769 5787//5787
f 5768//5768 5787//5787 5786//5786
f 5769//5769 5770//5770 5788//5788
f 5769//5769 5788//5788 5787//5787
f 5770//5770 5771//5771 5789//5789
f 5770//5770 5789//5789 5788//5788
f 5771//5771 5772//5772 5790//5790
f 5771//5771 5790//5790 5789//5789
f 5772//5772 5773//5773 5791//5791
f 5772//5772 5791//5791 5790//5790
f 5773//5773 5774//5774 5792//5792
f 5773//5773 5792//5792 5791//5791
f 5774//5774 5775//5775 5793//5793
f 5774//5774 5793//5793 5792//5792
f 5775//5775 5776//5776 5794//5794
f 5775//5775 5794//5794 5793//5793
f 5776//5776 5777//5777 5795//5795
f 5776//5776 5795//5795 5794//5794
f 5777//5777 5778//5778 5796//5796
f 5777//5777 5796//5796 5795//5795
f 5778//5778 5779//5779 5797//5797
f 5778//5778 5797//5797 5796//5796
f 5779//5779 5780//5780 5798//5798
f 5779//5779 5798//5798 5797//5797
f 5780//5780 5781//5781 5799//5799
f 5780//5780 5799//5799 5798//5798
f 5781//5781 5782//5782 5800//5800
f 5781//5781 5800//5800 5799//5799
f 5782//5782 5783//5783 5801//5801
f 5782//5782 5801//5801 5800//5800
f 5783//5783 5784//5784 5802//5802
f 5783//5783 5802//5802 5801//5801
f 5784//5784 5785//5785 5803//5803
f 5784//5784 5803//5803 5802//5802
f 5785//5785 5768//5768 5786//5786
f 5785//5785 5786//5786 5803//5803
f 5786//5786 5787//5787 5804//5804
f 5787//5787 5788//5788 5804//5804
f 5788//5788 5789//5789 5804//5804
f 5789//5789 5790//5790 5804//5804
f 5790//5790 5791//5791 5804//5804
f 5791//5791 5792//5792 5804//5804
f 5792//5792 5793//5793 5804//5804
f 5793//5793 5794//5794 5804//5804
f 5794//5794 5795//5795 5804//5804
f 5795//5795 5796//5796 5804//5804
f 5796//5796 5797//5797 5804//5804
f 5797//5797 5798//5798 5804//5804
f 5798//5798 5799//5799 5804//5804
f 5799//5799 5800//5800 5804//5804
f 5800//5800 5801//5801 5804//5804
f 5801//5801 5802//5802 5804//5804
f 5802//5802 5803//5803 5804//5804
f 5803//5803 5786//5786 5804//5804
f 5805//5805 5807//5807 5806//5806
f 5805//5805 5808//5808 5807//5807
f 5805//5805 5809//5809 5808//5808
f 5805//5805 5810//5810 5809//5809
f 5805//5805 5811//5811 5810//5810
f 5805//5805 5812//5812 5811//5811
f 5805//5805 5813//5813 5812//5812
f 5805//5805 5814//5814 5813//5813
f 5805//5805 5815//5815 5814//5814
f 5805//5805 5816//5816 5815//5815
f 5805//5805 5817//5817 5816//5816
f 5805//5805 5818//5818 5817//5817
f 5805//5805 5819//5819 5818//5818
f 5805//5805 5820//5820 5819//5819
f 5805//5805 5821//5821 5820//5820
f 5805//5805 5822//5822 5821//5821
f 5805//5805 5823//5823 5822//5822
f 5805//5805 5806//5806 5823//5823
f 5806//5806 5807//5807 5825//5825
f 5806//5806 5825//5825 5824//5824
f 5807//5807 5808//5808 5826//5826
f 5807//5807 5826//5826 5825//5825
f 5808//5808 5809//5809 5827//5827
f 5808//5808 5827//5827 5826//5826
f 5809//5809 5810//5810 5828//5828
f 5809//5809 5828//5828 5827//5827
f 5810//5810 5811//5811 5829//5829
f 5810//5810 5829//5829 5828//5828
f 5811//5811 5812//5812 5830//5830
f 5811//5811 5830//5830 5829//5829
f 5812//5812 5813//5813 5831//5831
f 5812//5812 5831//5831 5830//5830
f 5813//5813 5814//5814 5832//5832
f 5813//5813 5832//5832 5831//5831
f 5814//5814 5815//5815 5833//5833
f 5814//5814 5833//5833 5832//5832
f 5815//5815 5816//5816 5834//5834
f 5815//5815 5834//5834 5833//5833
f 5816//5816 5817//5817 5835//5835
f 5816//5816 5835//5835 5834//5834
f 5817//5817 5818//5818 5836//5836
f 5817//5817 5836//5836 5835//5835
f 5818//5818 5819//5819 5837//5837
f 5818//5818 5837//5837 5836//5836
f 5819//5819 5820//5820 5838//5838
f 5819//5819 5838//5838 5837//5837
f 5820//5820 5821//5821 5839//5839
f 5820//5820 5839//5839 5838//5838
f 5821//5821 5822//5822 5840//5840
f 5821//5821 5840//5840 5839//5839
f 5822//5822 5823//5823 5841//5841
f 5822//5822 5841//5841 5840//5840
f 5823//5823 5806//5806 5824//5824
f 5823//5823 5824//5824 5841//5841
f 5824//5824 5825//5825 5843//5843
f 5824//5824 5843//5843 5842//5842
f 5825//5825 5826//5826 5844//5844
f 5825//5825 5844//5844 5843//5843
f 5826//5826 5827//5827 5845//5845
f 5826//5826 5845//5845 5844//5844
f 5827//5827 5828//5828 5846//5846
f 5827//5827 5846//5846 5845//5845
f 5828//5828 5829//5829 5847//5847
f 5828//5828 5847//5847 5846//5846
f 5829//5829 5830//5830 5848//5848
f 5829//5829 5848//5848 5847//5847
f 5830//5830 5831//5831 5849//5849
f 5830//5830 5849//5849 5848//5848
f 5831//5831 5832//5832 5850//5850
f 5831//5831 5850//5850 5849//5849
f 5832//5832 5833//5833 5851//5851
f 5832//5832 5851//5851 5850//5850
f 5833//5833 5834//5834 5852//5852
f 5833//5833 5852//5852 5851//5851
f 5834//5834 5835//5835 5853//5853
f 5834//5834 5853//5853 5852//5852
f 5835//5835 5836//5836 5854//5854
f 5835//5835 5854//5854 5853//5853
f 5836//5836 5837//5837 5855//5855
f 5836//5836 5855//5855 5854//5854
f 5837//5837 5838//5838 5856//5856
f 5837//5837 5856//5856 5855//5855
f 5838//5838 5839//5839 5857//5857
f 5838//5838 5857//5857 5856//5856
f 5839//5839 5840//5840 5858//5858
f 5839//5839 5858//5858 5857//5857
f 5840//5840 5841//5841 5859//5859
f 5840//5840 5859//5859 5858//5858
f 5841//5841 5824//5824 5842//5842
f 5841//5841 5842//5842 5859//5859
f 5842//5842 5843//5843 5861//5861
f 5842//5842 5861//5861 5860//5860
f 5843//5843 5844//5844 5862//5862
f 5843//5843 5862//5862 5861//5861
f 5844//5844 5845//5845 5863//5863
f 5844//5844 5863//5863 5862//5862
f 5845//5845 5846//5846 5864//5864
f 5845//5845 5864//5864 5863//5863
f 5846//5846 5847//5847 5865//5865
f 5846//5846 5865//5865 5864//5864
f 5847//5847 5848//5848 5866//5866
f 5847//5847 5866//5866 5865//5865
f 5848//5848 5849//5849 5867//5867
f 5848//5848 5867//5867 5866//5866
f 5849//5849 5850//5850 5868//5868
f 5849//5849 5868//5868 5867//5867
f 5850//5850 5851//5851 5869//5869
f 5850//5850 5869//5869 5868//5868
f 5851//5851 5852//5852 5870//5870
f 5851//5851 5870//5870 5869//5869
f 5852//5852 5853//5853 5871//5871
f 5852//5852 5871//5871 5870//5870
f 5853//5853 5854//5854 5872//5872
f 5853//5853 5872//5872 5871//5871
f 5854//5854 5855//5855 5873//5873
f 5854//5854 5873//5873 5872//5872
f 5855//5855 5856//5856 5874//5874
f 5855//5855 5874//5874 5873//5873
f 5856//5856 5857//5857 5875//5875
f 5856//5856 5875//5875 5874//5874
f 5857//5857 5858//5858 5876//5876
f 5857//5857 5876//5876 5875//5875
f 5858//5858 5859//5859 5877//5877
f 5858//5858 5877//5877 5876//5876
f 5859//5859 5842//5842 5860//5860
f 5859//5859 5860//5860 5877//5877
f 5860//5860 5861//5861 5879//5879
f 5860//5860 5879//5879 5878//5878
f 5861//5861 5862//5862 5880//5880
f 5861//5861 5880//5880 5879//5879
f 5862//5862 5863//5863 5881//5881
f 5862//5862 5881//5881 5880//5880
f 5863//5863 5864//5864 5882//5882
f 5863//5863 5882//5882 5881//5881
f 5864//5864 5865//5865 5883//5883
f 5864//5864 5883//5883 5882//5882
f 5865//5865 5866//5866 5884//5884
f 5865//5865 5884//5884 5883//5883
f 5866//5866 5867//5867 5885//5885
f 5866//5866 5885//5885 5884//5884
f 5867//5867 5868//5868 5886//5886
f 5867//5867 5886//5886 5885//5885
f 5868//5868 5869//5869 5887//5887
f 5868//5868 5887//5887 5886//5886
f 5869//5869 5870//5870 5888//5888
f 5869//5869 5888//5888 5887//5887
f 5870//5870 5871//5871 5889//5889
f 5870//5870 5889//5889 5888//5888
f 5871//5871 5872//5872 5890//5890
f 5871//5871 5890//5890 5889//5889
f 5872//5872 5873//5873 5891//5891
f 5872//5872 5891//5891 5890//5890
f 5873//5873 5874//5874 5892//5892
f 5873//5873 5892//5892 5891//5891
f 5874//5874 5875//5875 5893//5893
f 5874//5874 5893//5893 5892//5892
f 5875//5875 5876//5876 5894//5894
f 5875//5875 5894//5894 5893//5893
f 5876//5876 5877//5877 5895//5895
f 5876//5876 5895//5895 5894//5894
f 5877//5877 5860//5860 5878//5878
f 5877//5877 5878//5878 5895//5895
f 5878//5878 5879//5879 5897//5897
f 5878//5878 5897//5897 5896//5896
f 5879//5879 5880//5880 5898//5898
f 5879//5879 5898//5898 5897//5897
f 5880//5880 5881//5881 5899//5899
f 5880//5880 5899//5899 5898//5898
f 5881//5881 5882//5882 5900//5900
f 5881//5881 5900//5900 5899//5899
f 5882//5882 5883//5883 5901//5901
f 5882//5882 5901//5901 5900//5900
f 5883//5883 5884//5884 5902//5902
f 5883//5883 5902//5902 5901//5901
f 5884//5884 5885//5885 5903//5903
f 5884//5884 5903//5903 5902//5902
f 5885//5885 5886//5886 5904//5904
f 5885//5885 5904//5904 5903//5903
f 5886//5886 5887//5887 5905//5905
f 5886//5886 5905//5905 5904//5904
f 5887//5887 5888//5888 5906//5906
f 5887//5887 5906//5906 5905//5905
f 5888//5888 5889//5889 5907//5907
f 5888//5888 5907//5907 5906//5906
f 5889//5889 5890//5890 5908//5908
f 5889//5889 5908//5908 5907//5907
f 5890//5890 5891//5891 5909//5909
f 5890//5890 5909//5909 5908//5908
f 5891//5891 5892//5892 5910//5910
f 5891//5891 5910//5910 5909//5909
f 5892//5892 5893//5893 5911//5911
f 5892//5892 5911//5911 5910//5910
f 5893//5893 5894//5894 5912//5912
f 5893//5893 5912//5912 5911//5911
f 5894//5894 5895//5895 5913//5913
f 5894//5894 5913//5913 5912//5912
f 5895//5895 5878//5878 5896//5896
f 5895//5895 5896//5896 5913//5913
f 5896//5896 5897//5897 5915//5915
f 5896//5896 5915//5915 5914//5914
f 5897//5897 5898//5898 5916//5916
f 5897//5897 5916//5916 5915//5915
f 5898//5898 5899//5899 5917//5917
f 5898//5898 5917//5917 5916//5916
f 5899//5899 5900//5900 5918//5918
f 5899//5899 5918//5918 5917//5917
f 5900//5900 5901//5901 5919//5919
f 5900//5900 5919//5919 5918//5918
f 5901//5901 5902//5902 5920//5920
f 5901//5901 5920//5920 5919//5919
f 5902//5902 5903//5903 5921//5921
f 5902//5902 5921//5921 5920//5920
f 5903//5903 5904//5904 5922//5922
f 5903//5903 5922//5922 5921//5921
f 5904//5904 5905//5905 5923//5923
f 5904//5904 5923//5923 5922//5922
f 5905//5905 5906//5906 5924//5924
f 5905//5905 5924//5924 5923//5923
f 5906//5906 5907//5907 5925//5925
f 5906//5906 5925//5925 5924//5924
f 5907//5907 5908//5908 5926//5926
f 5907//5907 5926//5926 5925//5925
f 5908//5908 5909//5909 5927//5927
f 5908//5908 5927//5927 5926//5926
f 5909//5909 5910//5910 5928//5928
f 5909//5909 5928//5928 5927//5927
f 5910//5910 5911//5911 5929//5929
f 5910//5910 5929//5929 5928//5928
f 5911//5911 5912//5912 5930//5930
f 5911//5911 5930//5930 5929//5929
f 5912//5912 5913//5913 5931//5931
f 5912//5912 5931//5931 5930//5930
f 5913//5913 5896//5896 5914//5914
f 5913//5913 5914//5914 5931//5931
f 5914//5914 5915//5915 5933//5933
f 5914//5914 5933//5933 5932//5932
f 5915//5915 5916//5916 5934//5934
f 5915//5915 5934//5934 5933//5933
f 5916//5916 5917//5917 5935//5935
f 5916//5916 5935//5935 5934//5934
f 5917//5917 5918//5918 5936//5936
f 5917//5917 5936//5936 5935//5935
f 5918//5918 5919//5919 5937//5937
f 5918//5918 5937//5937 5936//5936
f 5919//5919 5920//5920 5938//5938
f 5919//5919 5938//5938 5937//5937
f 5920//5920 5921//5921 5939//5939
f 5920//5920 5939//5939 5938//5938
f 5921//5921 5922//5922 5940//5940
f 5921//5921 5940//5940 5939//5939
f 5922//5922 5923//5923 5941//5941
f 5922//5922 5941//5941 5940//5940
f 5923//5923 5924//5924 5942//5942
f 5923//5923 5942//5942 5941//5941
f 5924//5924 5925//5925 5943//5943
f 5924//5924 5943//5943 5942//5942
f 5925//5925 5926//5926 5944//5944
f 5925//5925 5944//5944 5943//5943
f 5926//5926 5927//5927 5945//5945
f 5926//5926 5945//5945 5944//5944
f 5927//5927 5928//5928 5946//5946
f 5927//5927 5946//5946 5945//5945
f 5928//5928 5929//5929 5947//5947
f 5928//5928 5947//5947 5946//5946
f 5929//5929 5930//5930 5948//5948
f 5929//5929 5948//5948 5947//5947
f 5930//5930 5931//5931 5949//5949
f 5930//5930 5949//5949 5948//5948
f 5931//5931 5914//5914 5932//5932
f 5931//5931 5932//5932 5949//5949
f 5932//5932 5933//5933 5951//5951
f 5932//5932 5951//5951 5950//5950
f 5933//5933 5934//5934 5952//5952
f 5933//5933 5952//5952 5951//5951
f 5934//5934 5935//5935 5953//5953
f 5934//5934 5953//5953 5952//5952
f 5935//5935 5936//5936 5954//5954
f 5935//5935 5954//5954 5953//5953
f 5936//5936 5937//5937 5955//5955
f 5936//5936 5955//5955 5954//5954
f 5937//5937 5938//5938 5956//5956
f 5937//5937 5956//5956 5955//5955
f 5938//5938 5939//5939 5957//5957
f 5938//5938 5957//5957 5956//5956
f 5939//5939 5940//5940 5958//5958
f 5939//5939 5958//5958 5957//5957
f 5940//5940 5941//5941 5959//5959
f 5940//5940 5959//5959 5958//5958
f 5941//5941 5942//5942 5960//5960
f 5941//5941 5960//5960 5959//5959
f 5942//5942 5943//5943 5961//5961
f 5942//5942 5961//5961 5960//5960
f 5943//5943 5944//5944 5962//5962
f 5943//5943 5962//5962 5961//5961
f 5944//5944 5945//5945 5963//5963
f 5944//5944 5963//5963 5962//5962
f 5945//5945 5946//5946 5964//5964
f 5945//5945 5964//5964 5963//5963
f 5946//5946 5947//5947 5965//5965
f 5946//5946 5965//5965 5964//5964
f 5947//5947 5948//5948 5966//5966
f 5947//5947 5966//5966 5965//5965
f 5948//5948 5949//5949 5967//5967
f 5948//5948 5967//5967 5966//5966
f 5949//5949 5932//5932 5950//5950
f 5949//5949 5950//5950 5967//5967
f 5950//5950 5951//5951 5969//5969
f 5950//5950 5969//5969 5968//5968
f 5951//5951 5952//5952 5970//5970
f 5951//5951 5970//5970 5969//5969
f 5952//5952 5953//5953 5971//5971
f 5952//5952 5971//5971 5970//5970
f 5953//5953 5954//5954 5972//5972
f 5953//5953 5972//5972 5971//5971
f 5954//5954 5955//5955 5973//5973
f 5954//5954 5973//5973 5972//5972
f 5955//5955 5956//5956 5974//5974
f 5955//5955 5974//5974 5973//5973
f 5956//5956 5957//5957 5975//5975
f 5956//5956 5975//5975 5974//5974
f 5957//5957 5958//5958 5976//5976
f 5957//5957 5976//5976 5975//5975
f 5958//5958 5959//5959 5977//5977
f 5958//5958 5977//5977 5976//5976
f 5959//5959 5960//5960 5978//5978
f 5959//5959 5978//5978 5977//5977
f 5960//5960 5961//5961 5979//5979
f 5960//5960 5979//5979 5978//5978
f 5961//5961 5962//5962 5980//5980
f 5961//5961 5980//5980 5979//5979
f 5962//5962 5963//5963 5981//5981
f 5962//5962 5981//5981 5980//5980
f 5963//5963 5964//5964 5982//5982
f 5963//5963 5982//5982 5981//5981
f 5964//5964 5965//5965 5983//5983
f 5964//5964 5983//5983 5982//5982
f 5965//5965 5966//5966 5984//5984
f 5965//5965 5984//5984 5983//5983
f 5966//5966 5967//5967 5985//5985
f 5966//5966 5985//5985 5984//5984
f 5967//5967 5950//5950 5968//5968
f 5967//5967 5968//5968 5985//5985
f 5968//5968 5969//5969 5987//5987
f 5968//5968 5987//5987 5986//5986
f 5969//5969 5970//5970 5988//5988
f 5969//5969 5988//5988 5987//5987
f 5970//5970 5971//5971 5989//5989
f 5970//5970 5989//5989 5988//5988
f 5971//5971 5972//5972 5990//5990
f 5971//5971 5990//5990 5989//5989
f 5972//5972 5973//5973 5991//5991
f 5972//5972 5991//5991 5990//5990
f 5973//5973 5974//5974 5992//5992
f 5973//5973 5992//5992 5991//5991
f 5974//5974 5975//5975 5993//5993
f 5974//5974 5993//5993 5992//5992
f 5975//5975 5976//5976 5994//5994
f 5975//5975 5994//5994 5993//5993
f 5976//5976 5977//5977 5995//5995
f 5976//5976 5995//5995 5994//5994
f 5977//5977 5978//5978 5996//5996
f 5977//5977 5996//5996 5995//5995
f 5978//5978 5979//5979 5997//5997
f 5978//5978 5997//5997 5996//5996
f 5979//5979 5980//5980 5998//5998
f 5979//5979 5998//5998 5997//5997
f 5980//5980 5981//5981 5999//5999
f 5980//5980 5999//5999 5998//5998
f 5981//5981 5982//5982 6000//6000
f 5981//5981 6000//6000 5999//5999
f 5982//5982 5983//5983 6001//6001
f 5982//5982 6001//6001 6000//6000
f 5983//5983 5984//5984 6002//6002
f 5983//5983 6002//6002 6001//6001
f 5984//5984 5985//5985 6003//6003
f 5984//5984 6003//6003 6002//6002
f 5985//5985 5968//5968 5986//5986
f 5985//5985 5986//5986 6003//6003
f 5986//5986 5987//5987 6004//6004
f 5987//5987 5988//5988 6004//6004
f 5988//5988 5989//5989 6004//6004
f 5989//5989 5990//5990 6004//6004
f 5990//5990 5991//5991 6004//6004
f 5991//5991 5992//5992 6004//6004
f 5992//5992 5993//5993 6004//6004
f 5993//5993 5994//5994 6004//6004
f 5994//5994 5995//5995 6004//6004
f 5995//5995 5996//5996 6004//6004
f 5996//5996 5997//5997 6004//6004
f 5997//5997 5998//5998 6004//6004
f 5998//5998 5999//5999 6004//6004
f 5999//5999 6000//6000 6004//6004
f 6000//6000 6001//6001 6004//6004
f 6001//6001 6002//6002 6004//6004
f 6002//6002 6003//6003 6004//6004
f 6003//6003 5986//5986 6004//6004
f 6005//6005 6007//6007 6006//6006
f 6005//6005 6008//6008 6007//6007
f 6005//6005 6009//6009 6008//6008
f 6005//6005 6010//6010 6009//6009
f 6005//6005 6011//6011 6010//6010
f 6005//6005 6012//6012 6011//6011
f 6005//6005 6013//6013 6012//6012
f 6005//6005 6014//6014 6013//6013
f 6005//6005 6015//6015 6014//6014
f 6005//6005 6016//6016 6015//6015
f 6005//6005 6017//6017 6016//6016
f 6005//6005 6018//6018 6017//6017
f 6005//6005 6019//6019 6018//6018
f 6005//6005 6020//6020 6019//6019
f 6005//6005 6021//6021 6020//6020
f 6005//6005 6022//6022 6021//6021
f 6005//6005 6023//6023 6022//6022
f 6005//6005 6006//6006 6023//6023
f 6006//6006 6007//6007 6025//6025
f 6006//6006 6025//6025 6024//6024
f 6007//6007 6008//6008 6026//6026
f 6007//6007 6026//6026 6025//6025
f 6008//6008 6009//6009 6027//6027
f 6008//6008 6027//6027 6026//6026
f 6009//6009 6010//6010 6028//6028
f 6009//6009 6028//6028 6027//6027
f 6010//6010 6011//6011 6029//6029
f 6010//6010 6029//6029 6028//6028
f 6011//6011 6012//6012 6030//6030
f 6011//6011 6030//6030 6029//6029
f 6012//6012 6013//6013 6031//6031
f 6012//6012 6031//6031 6030//6030
f 6013//6013 6014//6014 6032//6032
f 6013//6013 6032//6032 6031//6031
f 6014//6014 6015//6015 6033//6033
f 6014//6014 6033//6033 6032//6032
f 6015//6015 6016//6016 6034//6034
f 6015//6015 6034//6034 6033//6033
f 6016//6016 6017//6017 6035//6035
f 6016//6016 6035//6035 6034//6034
f 6017//6017 6018//6018 6036//6036
f 6017//6017 6036//6036 6035//6035
f 6018//6018 6019//6019 6037//6037
f 6018//6018 6037//6037 6036//6036
f 6019//6019 6020//6020 6038//6038
f 6019//6019 6038//6038 6037//6037
f 6020//6020 6021//6021 6039//6039
f 6020//6020 6039//6039 6038//6038
f 6021//6021 6022//6022 6040//6040
f 6021//6021 6040//6040 6039//6039
f 6022//6022 6023//6023 6041//6041
f 6022//6022 6041//6041 6040//6040
f 6023//6023 6006//6006 6024//6024
f 6023//6023 6024//6024 6041//6041
f 6024//6024 6025//6025 6043//6043
f 6024//6024 6043//6043 6042//6042
f 6025//6025 6026//6026 6044//6044
f 6025//6025 6044//6044 6043//6043
f 6026//6026 6027//6027 6045//6045
f 6026//6026 6045//6045 6044//6044
f 6027//6027 6028//6028 6046//6046
f 6027//6027 6046//6046 6045//6045
f 6028//6028 6029//6029 6047//6047
f 6028//6028 6047//6047 6046//6046
f 6029//6029 6030//6030 6048//6048
f 6029//6029 6048//6048 6047//6047
f 6030//6030 6031//6031 6049//6049
f 6030//6030 6049//6049 6048//6048
f 6031//6031 6032//6032 6050//6050
f 6031//6031 6050//6050 6049//6049
f 6032//6032 6033//6033 6051//6051
f 6032//6032 6051//6051 6050//6050
f 6033//6033 6034//6034 6052//6052
f 6033//6033 6052//6052 6051//6051
f 6034//6034 6035//6035 6053//6053
f 6034//6034 6053//6053 6052//6052
f 6035//6035 6036//6036 6054//6054
f 6035//6035 6054//6054 6053//6053
f 6036//6036 6037//6037 6055//6055
f 6036//6036 6055//6055 6054//6054
f 6037//6037 6038//6038 6056//6056
f 6037//6037 6056//6056 6055//6055
f 6038//6038 6039//6039 6057//6057
f 6038//6038 6057//6057 6056//6056
f 6039//6039 6040//6040 6058//6058
f 6039//6039 6058//6058 6057//6057
f 6040//6040 6041//6041 6059//6059
f 6040//6040 6059//6059 6058//6058
f 6041//6041 6024//6024 6042//6042
f 6041//6041 6042//6042 6059//6059
f 6042//6042 6043//6043 6061//6061
f 6042//6042 6061//6061 6060//6060
f 6043//6043 6044//6044 6062//6062
f 6043//6043 6062//6062 6061//6061
f 6044//6044 6045//6045 6063//6063
f 6044//6044 6063//6063 6062//6062
f 6045//6045 6046//6046 6064//6064
f 6045//6045 6064//6064 6063//6063
f 6046//6046 6047//6047 6065//6065
f 6046//6046 6065//6065 6064//6064
f 6047//6047 6048//6048 6066//6066
f 6047//6047 6066//6066 6065//6065
f 6048//6048 6049//6049 6067//6067
f 6048//6048 6067//6067 6066//6066
f 6049//6049 6050//6050 6068//6068
f 6049//6049 6068//6068 6067//6067
f 6050//6050 6051//6051 6069//6069
f 6050//6050 6069//6069 6068//6068
f 6051//6051 6052//6052 6070//6070
f 6051//6051 6070//6070 6069//6069
f 6052//6052 6053//6053 6071//6071
f 6052//6052 6071//6071 6070//6070
f 6053//6053 6054//6054 6072//6072
f 6053//6053 6072//6072 6071//6071
f 6054//6054 6055//6055 6073//6073
f 6054//6054 6073//6073 6072//6072
f 6055//6055 6056//6056 6074//6074
f 6055//6055 6074//6074 6073//6073
f 6056//6056 6057//6057 6075//6075
f 6056//6056 6075//6075 6074//6074
f 6057//6057 6058//6058 6076//6076
f 6057//6057 6076//6076 6075//6075
f 6058//6058 6059//6059 6077//6077
f 6058//6058 6077//6077 6076//6076
f 6059//6059 6042//6042 6060//6060
f 6059//6059 6060//6060 6077//6077
f 6060//6060 6061//6061 6079//6079
f 6060//6060 6079//6079 6078//6078
f 6061//6061 6062//6062 6080//6080
f 6061//6061 6080//6080 6079//6079
f 6062//6062 6063//6063 6081//6081
f 6062//6062 6081//6081 6080//6080
f 6063//6063 6064//6064 6082//6082
f 6063//6063 6082//6082 6081//6081
f 6064//6064 6065//6065 6083//6083
f 6064//6064 6083//6083 6082//6082
f 6065//6065 6066//6066 6084//6084
f 6065//6065 6084//6084 6083//6083
f 6066//6066 6067//6067 6085//6085
f 6066//6066 6085//6085 6084//6084
f 6067//6067 6068//6068 6086//6086
f 6067//6067 6086//6086 6085//6085
f 6068//6068 6069//6069 6087//6087
f 6068//6068 6087//6087 6086//6086
f 6069//6069 6070//6070 6088//6088
f 6069//6069 6088//6088 6087//6087
f 6070//6070 6071//6071 6089//6089
f 6070//6070 6089//6089 6088//6088
f 6071//6071 6072//6072 6090//6090
f 6071//6071 6090//6090 6089//6089
f 6072//6072 6073//6073 6091//6091
f 6072//6072 6091//6091 6090//6090
f 6073//6073 6074//6074 6092//6092
f 6073//6073 6092//6092 6091//6091
f 6074//6074 6075//6075 6093//6093
f 6074//6074 6093//6093 6092//6092
f 6075//6075 6076//6076 6094//6094
f 6075//6075 6094//6094 6093//6093
f 6076//6076 6077//6077 6095//6095
f 6076//6076 6095//6095 6094//6094
f 6077//6077 6060//6060 6078//6078
f 6077//6077 6078//6078 6095//6095
f 6078//6078 6079//6079 6097//6097
f 6078//6078 6097//6097 6096//6096
f 6079//6079 6080//6080 6098//6098
f 6079//6079 6098//6098 6097//6097
f 6080//6080 6081//6081 6099//6099
f 6080//6080 6099//6099 6098//6098
f 6081//6081 6082//6082 6100//6100
f 6081//6081 6100//6100 6099//6099
f 6082//6082 6083//6083 6101//6101
f 6082//6082 6101//6101 6100//6100
f 6083//6083 6084//6084 6102//6102
f 6083//6083 6102//6102 6101//6101
f 6084//6084 6085//6085 6103//6103
f 6084//6084 6103//6103 6102//6102
f 6085//6085 6086//6086 6104//6104
f 6085//6085 6104//6104 6103//6103
f 6086//6086 6087//6087 6105//6105
f 6086//6086 6105//6105 6104//6104
f 6087//6087 6088//6088 6106//6106
f 6087//6087 6106//6106 6105//6105
f 6088//6088 6089//6089 6107//6107
f 6088//6088 6107//6107 6106//6106
f 6089//6089 6090//6090 6108//6108
f 6089//6089 6108//6108 6107//6107
f 6090//6090 6091//6091 6109//6109
f 6090//6090 6109//6109 6108//6108
f 6091//6091 6092//6092 6110//6110
f 6091//6091 6110//6110 6109//6109
f 6092//6092 6093//6093 6111//6111
f 6092//6092 6111//6111 6110//6110
f 6093//6093 6094//6094 6112//6112
f 6093//6093 6112//6112 6111//6111
f 6094//6094 6095//6095 6113//6113
f 6094//6094 6113//6113 6112//6112
f 6095//6095 6078//6078 6096//6096
f 6095//6095 6096//6096 6113//6113
f 6096//6096 6097//6097 6115//6115
f 6096//6096 6115//6115 6114//6114
f 6097//6097 6098//6098 6116//6116
f 6097//6097 6116//6116 6115//6115
f 6098//6098 6099//6099 6117//6117
f 6098//6098 6117//6117 6116//6116
f 6099//6099 6100//6100 6118//6118
f 6099//6099 6118//6118 6117//6117
f 6100//6100 6101//6101 6119//6119
f 6100//6100 6119//6119 6118//6118
f 6101//6101 6102//6102 6120//6120
f 6101//6101 6120//6120 6119//6119
f 6102//6102 6103//6103 6121//6121
f 6102//6102 6121//6121 6120//6120
f 6103//6103 6104//6104 6122//6122
f 6103//6103 6122//6122 6121//6121
f 6104//6104 6105//6105 6123//6123
f 6104//6104 6123//6123 6122//6122
f 6105//6105 6106//6106 6124//6124
f 6105//6105 6124//6124 6123//6123
f 6106//6106 6107//6107 6125//6125
f 6106//6106 6125//6125 6124//6124
f 6107//6107 6108//6108 6126//6126
f 6107//6107 6126//6126 6125//6125
f 6108//6108 6109//6109 6127//6127
f 6108//6108 6127//6127 6126//6126
f 6109//6109 6110//6110 6128//6128
f 6109//6109 6128//6128 6127//6127
f 6110//6110 6111//6111 6129//6129
f 6110//6110 6129//6129 6128//6128
f 6111//6111 6112//6112 6130//6130
f 6111//6111 6130//6130 6129//6129
f 6112//6112 6113//6113 6131//6131
f 6112//6112 6131//6131 6130//6130
f 6113//6113 6096//6096 6114//6114
f 6113//6113 6114//6114 6131//6131
f 6114//6114 6115//6115 6133//6133
f 6114//6114 6133//6133 6132//6132
f 6115//6115 6116//6116 6134//6134
f 6115//6115 6134//6134 6133//6133
f 6116//6116 6117//6117 6135//6135
f 6116//6116 6135//6135 6134//6134
f 6117//6117 6118//6118 6136//6136
f 6117//6117 6136//6136 6135//6135
f 6118//6118 6119//6119 6137//6137
f 6118//6118 6137//6137 6136//6136
f 6119//6119 6120//6120 6138//6138
f 6119//6119 6138//6138 6137//6137
f 6120//6120 6121//6121 6139//6139
f 6120//6120 6139//6139 6138//6138
f 6121//6121 6122//6122 6140//6140
f 6121//6121 6140//6140 6139//6139
f 6122//6122 6123//6123 6141//6141
f 6122//6122 6141//6141 6140//6140
f 6123//6123 6124//6124 6142//6142
f 6123//6123 6142//6142 6141//6141
f 6124//6124 6125//6125 6143//6143
f 6124//6124 6143//6143 6142//6142
f 6125//6125 6126//6126 6144//6144
f 6125//6125 6144//6144 6143//6143
f 6126//6126 6127//6127 6145//6145
f 6126//6126 6145//6145 6144//6144
f 6127//6127 6128//6128 6146//6146
f 6127//6127 6146//6146 6145//6145
f 6128//6128 6129//6129 6147//6147
f 6128//6128 6147//6147 6146//6146
f 6129//6129 6130//6130 6148//6148
f 6129//6129 6148//6148 6147//6147
f 6130//6130 6131//6131 6149//6149
f 6130//6130 6149//6149 6148//6148
f 6131//6131 6114//6114 6132//6132
f 6131//6131 6132//6132 6149//6149
f 6132//6132 6133//6133 6151//6151
f 6132//6132 6151//6151 6150//6150
f 6133//6133 6134//6134 6152//6152
f 6133//6133 6152//6152 6151//6151
f 6134//6134 6135//6135 6153//6153
f 6134//6134 6153//6153 6152//6152
f 6135//6135 6136//6136 6154//6154
f 6135//6135 6154//6154 6153//6153
f 6136//6136 6137//6137 6155//6155
f 6136//6136 6155//6155 6154//6154
f 6137//6137 6138//6138 6156//6156
f 6137//6137 6156//6156 6155//6155
f 6138//6138 6139//6139 6157//6157
f 6138//6138 6157//6157 6156//6156
f 6139//6139 6140//6140 6158//6158
f 6139//6139 6158//6158 6157//6157
f 6140//6140 6141//6141 6159//6159
f 6140//6140 6159//6159 6158//6158
f 6141//6141 6142//6142 6160//6160
f 6141//6141 6160//6160 6159//6159
f 6142//6142 6143//6143 6161//6161
f 6142//6142 6161//6161 6160//6160
f 6143//6143 6144//6144 6162//6162
f 6143//6143 6162//6162 6161//6161
f 6144//6144 6145//6145 6163//6163
f 6144//6144 6163//6163 6162//6162
f 6145//6145 6146//6146 6164//6164
f 6145//6145 6164//6164 6163//6163
f 6146//6146 6147//6147 6165//6165
f 6146//6146 6165//6165 6164//6164
f 6147//6147 6148//6148 6166//6166
f 6147//6147 6166//6166 6165//6165
f 6148//6148 6149//6149 6167//6167
f 6148//6148 6167//6167 6166//6166
f 6149//6149 6132//6132 6150//6150
f 6149//6149 6150//6150 6167//6167
f 6150//6150 6151//6151 6169//6169
f 6150//6150 6169//6169 6168//6168
f 6151//6151 6152//6152 6170//6170
f 6151//6151 6170//6170 6169//6169
f 6152//6152 6153//6153 6171//6171
f 6152//6152 6171//6171 6170//6170
f 6153//6153 6154//6154 6172//6172
f 6153//6153 6172//6172 6171//6171
f 6154//6154 6155//6155 6173//6173
f 6154//6154 6173//6173 6172//6172
f 6155//6155 6156//6156 6174//6174
f 6155//6155 6174//6174 6173//6173
f 6156//6156 6157//6157 6175//6175
f 6156//6156 6175//6175 6174//6174
f 6157//6157 6158//6158 6176//6176
f 6157//6157 6176//6176 6175//6175
f 6158//6158 6159//6159 6177//6177
f 6158//6158 6177//6177 6176//6176
f 6159//6159 6160//6160 6178//6178
f 6159//6159 6178//6178 6177//6177
f 6160//6160 6161//6161 6179//6179
f 6160//6160 6179//6179 6178//6178
f 6161//6161 6162//6162 6180//6180
f 6161//6161 6180//6180 6179//6179
f 6162//6162 6163//6163 6181//6181
f 6162//6162 6181//6181 6180//6180
f 6163//6163 6164//6164 6182//6182
f 6163//6163 6182//6182 6181//6181
f 6164//6164 6165//6165 6183//6183
f 6164//6164 6183//6183 6182//6182
f 6165//6165 6166//6166 6184//6184
f 6165//6165 6184//6184 6183//6183
f 6166//6166 6167//6167 6185//6185
f 6166//6166 6185//6185 6184//6184
f 6167//6167 6150//6150 6168//6168
f 6167//6167 6168//6168 6185//6185
f 6168//6168 6169//6169 6187//6187
f 6168//6168 6187//6187 6186//6186
f 6169//6169 6170//6170 6188//6188
f 6169//6169 6188//6188 6187//6187
f 6170//6170 6171//6171 6189//6189
f 6170//6170 6189//6189 6188//6188
f 6171//6171 6172//6172 6190//6190
f 6171//6171 6190//6190 6189//6189
f 6172//6172 6173//6173 6191//6191
f 6172//6172 6191//6191 6190//6190
f 6173//6173 6174//6174 6192//6192
f 6173//6173 6192//6192 6191//6191
f 6174//6174 6175//6175 6193//6193
f 6174//6174 6193//6193 6192//6192
f 6175//6175 6176//6176 6194//6194
f 6175//6175 6194//6194 6193//6193
f 6176//6176 6177//6177 6195//6195
f 6176//6176 6195//6195 6194//6194
f 6177//6177 6178//6178 6196//6196
f 6177//6177 6196//6196 6195//6195
f 6178//6178 6179//6179 6197//6197
f 6178//6178 6197//6197 6196//6196
f 6179//6179 6180//6180 6198//6198
f 6179//6179 6198//6198 6197//6197
f 6180//6180 6181//6181 6199//6199
f 6180//6180 6199//6199 6198//6198
f 6181//6181 6182//6182 6200//6200
f 6181//6181 6200//6200 6199//6199
f 6182//6182 6183//6183 6201//6201
f 6182//6182 6201//6201 6200//6200
f 6183//6183 6184//6184 6202//6202
f 6183//6183 6202//6202 6201//6201
f 6184//6184 6185//6185 6203//6203
f 6184//6184 6203//6203 6202//6202
f 6185//6185 6168//6168 6186//6186
f 6185//6185 6186//6186 6203//6203
f 6186//6186 6187//6187 6204//6204
f 6187//6187 6188//6188 6204//6204
f 6188//6188 6189//6189 6204//6204
f 6189//6189 6190//6190 6204//6204
f 6190//6190 6191//6191 6204//6204
f 6191//6191 6192//6192 6204//6204
f 6192//6192 6193//6193 6204//6204
f 6193//6193 6194//6194 6204//6204
f 6194//6194 6195//6195 6204//6204
f 6195//6195 6196//6196 6204//6204
f 6196//6196 6197//6197 6204//6204
f 6197//6197 6198//6198 6204//6204
f 6198//6198 6199//6199 6204//6204
f 6199//6199 6200//6200 6204//6204
f 6200//6200 6201//6201 6204//6204
f 6201//6201 6202//6202 6204//6204
f 6202//6202 6203//6203 6204//6204
f 6203//6203 6186//6186 6204//6204
f 6205//6205 6207//6207 6206//6206
f 6205//6205 6208//6208 6207//6207
f 6205//6205 6209//6209 6208//6208
f 6205//6205 6210//6210 6209//6209
f 6205//6205 6211//6211 6210//6210
f 6205//6205 6212//6212 6211//6211
f 6205//6205 6213//6213 6212//6212
f 6205//6205 6214//6214 6213//6213
f 6205//6205 6215//6215 6214//6214
f 6205//6205 6216//6216 6215//6215
f 6205//6205 6217//6217 6216//6216
f 6205//6205 6218//6218 6217//6217
f 6205//6205 6219//6219 6218//6218
f 6205//6205 6220//6220 6219//6219
f 6205//6205 6221//6221 6220//6220
f 6205//6205 6222//6222 6221//6221
f 6205//6205 6223//6223 6222//6222
f 6205//6205 6206//6206 6223//6223
f 6206//6206 6207//6207 6225//6225
f 6206//6206 6225//6225 6224//6224
f 6207//6207 6208//6208 6226//6226
f 6207//6207 6226//6226 6225//6225
f 6208//6208 6209//6209 6227//6227
f 6208//6208 6227//6227 6226//6226
f 6209//6209 6210//6210 6228//6228
f 6209//6209 6228//6228 6227//6227
f 6210//6210 6211//6211 6229//6229
f 6210//6210 6229//6229 6228//6228
f 6211//6211 6212//6212 6230//6230
f 6211//6211 6230//6230 6229//6229
f 6212//6212 6213//6213 6231//6231
f 6212//6212 6231//6231 6230//6230
f 6213//6213 6214//6214 6232//6232
f 6213//6213 6232//6232 6231//6231
f 6214//6214 6215//6215 6233//6233
f 6214//6214 6233//6233 6232//6232
f 6215//6215 6216//6216 6234//6234
f 6215//6215 6234//6234 6233//6233
f 6216//6216 6217//6217 6235//6235
f 6216//6216 6235//6235 6234//6234
f 6217//6217 6218//6218 6236//6236
f 6217//6217 6236//6236 6235//6235
f 6218//6218 6219//6219 6237//6237
f 6218//6218 6237//6237 6236//6236
f 6219//6219 6220//6220 6238//6238
f 6219//6219 6238//6238 6237//6237
f 6220//6220 6221//6221 6239//6239
f 6220//6220 6239//6239 6238//6238
f 6221//6221 6222//6222 6240//6240
f 6221//6221 6240//6240 6239//6239
f 6222//6222 6223//6223 6241//6241
f 6222//6222 6241//6241 6240//6240
f 6223//6223 6206//6206 6224//6224
f 6223//6223 6224//6224 6241//6241
f 6224//6224 6225//6225 6243//6243
f 6224//6224 6243//6243 6242//6242
f 6225//6225 6226//6226 6244//6244
f 6225//6225 6244//6244 6243//6243
f 6226//6226 6227//6227 6245//6245
f 6226//6226 6245//6245 6244//6244
f 6227//6227 6228//6228 6246//6246
f 6227//6227 6246//6246 6245//6245
f 6228//6228 6229//6229 6247//6247
f 6228//6228 6247//6247 6246//6246
f 6229//6229 6230//6230 6248//6248
f 6229//6229 6248//6248 6247//6247
f 6230//6230 6231//6231 6249//6249
f 6230//6230 6249//6249 6248//6248
f 6231//6231 6232//6232 6250//6250
f 6231//6231 6250//6250 6249//6249
f 6232//6232 6233//6233 6251//6251
f 6232//6232 6251//6251 6250//6250
f 6233//6233 6234//6234 6252//6252
f 6233//6233 6252//6252 6251//6251
f 6234//6234 6235//6235 6253//6253
f 6234//6234 6253//6253 6252//6252
f 6235//6235 6236//6236 6254//6254
f 6235//6235 6254//6254 6253//6253
f 6236//6236 6237//6237 6255//6255
f 6236//6236 6255//6255 6254//6254
f 6237//6237 6238//6238 6256//6256
f 6237//6237 6256//6256 6255//6255
f 6238//6238 6239//6239 6257//6257
f 6238//6238 6257//6257 6256//6256
f 6239//6239 6240//6240 6258//6258
f 6239//6239 6258//6258 6257//6257
f 6240//6240 6241//6241 6259//6259
f 6240//6240 6259//6259 6258//6258
f 6241//6241 6224//6224 6242//6242
f 6241//6241 6242//6242 6259//6259
f 6242//6242 6243//6243 6261//6261
f 6242//6242 6261//6261 6260//6260
f 6243//6243 6244//6244 6262//6262
f 6243//6243 6262//6262 6261//6261
f 6244//6244 6245//6245 6263//6263
f 6244//6244 6263//6263 6262//6262
f 6245//6245 6246//6246 6264//6264
f 6245//6245 6264//6264 6263//6263
f 6246//6246 6247//6247 6265//6265
f 6246//6246 6265//6265 6264//6264
f 6247//6247 6248//6248 6266//6266
f 6247//6247 6266//6266 6265//6265
f 6248//6248 6249//6249 6267//6267
f 6248//6248 6267//6267 6266//6266
f 6249//6249 6250//6250 6268//6268
f 6249//6249 6268//6268 6267//6267
f 6250//6250 6251//6251 6269//6269
f 6250//6250 6269//6269 6268//6268
f 6251//6251 6252//6252 6270//6270
f 6251//6251 6270//6270 6269//6269
f 6252//6252 6253//6253 6271//6271
f 6252//6252 6271//6271 6270//6270
f 6253//6253 6254//6254 6272//6272
f 6253//6253 6272//6272 6271//6271
f 6254//6254 6255//6255 6273//6273
f 6254//6254 6273//6273 6272//6272
f 6255//6255 6256//6256 6274//6274
f 6255//6255 6274//6274 6273//6273
f 6256//6256 6257//6257 6275//6275
f 6256//6256 6275//6275 6274//6274
f 6257//6257 6258//6258 6276//6276
f 6257//6257 6276//6276 6275//6275
f 6258//6258 6259//6259 6277//6277
f 6258//6258 6277//6277 6276//6276
f 6259//6259 6242//6242 6260//6260
f 6259//6259 6260//6260 6277//6277
f 6260//6260 6261//6261 6279//6279
f 6260//6260 6279//6279 6278//6278
f 6261//6261 6262//6262 6280//6280
f 6261//6261 6280//6280 6279//6279
f 6262//6262 6263//6263 6281//6281
f 6262//6262 6281//6281 6280//6280
f 6263//6263 6264//6264 6282//6282
f 6263//6263 6282//6282 6281//6281
f 6264//6264 6265//6265 6283//6283
f 6264//6264 6283//6283 6282//6282
f 6265//6265 6266//6266 6284//6284
f 6265//6265 6284//6284 6283//6283
f 6266//6266 6267//6267 6285//6285
f 6266//6266 6285//6285 6284//6284
f 6267//6267 6268//6268 6286//6286
f 6267//6267 6286//6286 6285//6285
f 6268//6268 6269//6269 6287//6287
f 6268//6268 6287//6287 6286//6286
f 6269//6269 6270//6270 6288//6288
f 6269//6269 6288//6288 6287//6287
f 6270//6270 6271//6271 6289//6289
f 6270//6270 6289//6289 6288//6288
f 6271//6271 6272//6272 6290//6290
f 6271//6271 6290//6290 6289//6289
f 6272//6272 6273//6273 6291//6291
f 6272//6272 6291//6291 6290//6290
f 6273//6273 6274//6274 6292//6292
f 6273//6273 6292//6292 6291//6291
f 6274//6274 6275//6275 6293//6293
f 6274//6274 6293//6293 6292//6292
f 6275//6275 6276//6276 6294//6294
f 6275//6275 6294//6294 6293//6293
f 6276//6276 6277//6277 6295//6295
f 6276//6276 6295//6295 6294//6294
f 6277//6277 6260//6260 6278//6278
f 6277//6277 6278//6278 6295//6295
f 6278//6278 6279//6279 6297//6297
f 6278//6278 6297//6297 6296//6296
f 6279//6279 6280//6280 6298//6298
f 6279//6279 6298//6298 6297//6297
f 6280//6280 6281//6281 6299//6299
f 6280//6280 6299//6299 6298//6298
f 6281//6281 6282//6282 6300//6300
f 6281//6281 6300//6300 6299//6299
f 6282//6282 6283//6283 6301//6301
f 6282//6282 6301//6301 6300//6300
f 6283//6283 6284//6284 6302//6302
f 6283//6283 6302//6302 6301//6301
f 6284//6284 6285//6285 6303//6303
f 6284//6284 6303//6303 6302//6302
f 6285//6285 6286//6286 6304//6304
f 6285//6285 6304//6304 6303//6303
f 6286//6286 6287//6287 6305//6305
f 6286//6286 6305//6305 6304//6304
f 6287//6287 6288//6288 6306//6306
f 6287//6287 6306//6306 6305//6305
f 6288//6288 6289//6289 6307//6307
f 6288//6288 6307//6307 6306//6306
f 6289//6289 6290//6290 6308//6308
f 6289//6289 6308//6308 6307//6307
f 6290//6290 6291//6291 6309//6309
f 6290//6290 6309//6309 6308//6308
f 6291//6291 6292//6292 6310//6310
f 6291//6291 6310//6310 6309//6309
f 6292//6292 6293//6293 6311//6311
f 6292//6292 6311//6311 6310//6310
f 6293//6293 6294//6294 6312//6312
f 6293//6293 6312//6312 6311//6311
f 6294//6294 6295//6295 6313//6313
f 6294//6294 6313//6313 6312//6312
f 6295//6295 6278//6278 6296//6296
f 6295//6295 6296//6296 6313//6313
f 6296//6296 6297//6297 6315//6315
f 6296//6296 6315//6315 6314//6314
f 6297//6297 6298//6298 6316//6316
f 6297//6297 6316//6316 6315//6315
f 6298//6298 6299//6299 6317//6317
f 6298//6298 6317//6317 6316//6316
f 6299//6299 6300//6300 6318//6318
f 6299//6299 6318//6318 6317//6317
f 6300//6300 6301//6301 6319//6319
f 6300//6300 6319//6319 6318//6318
f 6301//6301 6302//6302 6320//6320
f 6301//6301 6320//6320 6319//6319
f 6302//6302 6303//6303 6321//6321
f 6302//6302 6321//6321 6320//6320
f 6303//6303 6304//6304 6322//6322
f 6303//6303 6322//6322 6321//6321
f 6304//6304 6305//6305 6323//6323
f 6304//6304 6323//6323 6322//6322
f 6305//6305 6306//6306 6324//6324
f 6305//6305 6324//6324 6323//6323
f 6306//6306 6307//6307 6325//6325
f 6306//6306 6325//6325 6324//6324
f 6307//6307 6308//6308 6326//6326
f 6307//6307 6326//6326 6325//6325
f 6308//6308 6309//6309 6327//6327
f 6308//6308 6327//6327 6326//6326
f 6309//6309 6310//6310 6328//6328
f 6309//6309 6328//6328 6327//6327
f 6310//6310 6311//6311 6329//6329
f 6310//6310 6329//6329 6328//6328
f 6311//6311 6312//6312 6330//6330
f 6311//6311 6330//6330 6329//6329
f 6312//6312 6313//6313 6331//6331
f 6312//6312 6331//6331 6330//6330
f 6313//6313 6296//6296 6314//6314
f 6313//6313 6314//6314 6331//6331
f 6314//6314 6315//6315 6333//6333
f 6314//6314 6333//6333 6332//6332
f 6315//6315 6316//6316 6334//6334
f 6315//6315 6334//6334 6333//6333
f 6316//6316 6317//6317 6335//6335
f 6316//6316 6335//6335 6334//6334
f 6317//6317 6318//6318 6336//6336
f 6317//6317 6336//6336 6335//6335
f 6318//6318 6319//6319 6337//6337
f 6318//6318 6337//6337 6336//6336
f 6319//6319 6320//6320 6338//6338
f 6319//6319 6338//6338 6337//6337
f 6320//6320 6321//6321 6339//6339
f 6320//6320 6339//6339 6338//6338
f 6321//6321 6322//6322 6340//6340
f 6321//6321 6340//6340 6339//6339
f 6322//6322 6323//6323 6341//6341
f 6322//6322 6341//6341 6340//6340
f 6323//6323 6324//6324 6342//6342
f 6323//6323 6342//6342 6341//6341
f 6324//6324 6325//6325 6343//6343
f 6324//6324 6343//6343 6342//6342
f 6325//6325 6326//6326 6344//6344
f 6325//6325 6344//6344 6343//6343
f 6326//6326 6327//6327 6345//6345
f 6326//6326 6345//6345 6344//6344
f 6327//6327 6328//6328 6346//6346
f 6327//6327 6346//6346 6345//6345
f 6328//6328 6329//6329 6347//6347
f 6328//6328 6347//6347 6346//6346
f 6329//6329 6330//6330 6348//6348
f 6329//6329 6348//6348 6347//6347
f 6330//6330 6331//6331 6349//6349
f 6330//6330 6349//6349 6348//6348
f 6331//6331 6314//6314 6332//6332
f 6331//6331 6332//6332 6349//6349
f 6332//6332 6333//6333 6351//6351
f 6332//6332 6351//6351 6350//6350
f 6333//6333 6334//6334 6352//6352
f 6333//6333 6352//6352 6351//6351
f 6334//6334 6335//6335 6353//6353
f 6334//6334 6353//6353 6352//6352
f 6335//6335 6336//6336 6354//6354
f 6335//6335 6354//6354 6353//6353
f 6336//6336 6337//6337 6355//6355
f 6336//6336 6355//6355 6354//6354
f 6337//6337 6338//6338 6356//6356
f 6337//6337 6356//6356 6355//6355
f 6338//6338 6339//6339 6357//6357
f 6338//6338 6357//6357 6356//6356
f 6339//6339 6340//6340 6358//6358
f 6339//6339 6358//6358 6357//6357
f 6340//6340 6341//6341 6359//6359
f 6340//6340 6359//6359 6358//6358
f 6341//6341 6342//6342 6360//6360
f 6341//6341 6360//6360 6359//6359
f 6342//6342 6343//6343 6361//6361
f 6342//6342 6361//6361 6360//6360
f 6343//6343 6344//6344 6362//6362
f 6343//6343 6362//6362 6361//6361
f 6344//6344 6345//6345 6363//6363
f 6344//6344 6363//6363 6362//6362
f 6345//6345 6346//6346 6364//6364
f 6345//6345 6364//6364 6363//6363
f 6346//6346 6347//6347 6365//6365
f 6346//6346 6365//6365 6364//6364
f 6347//6347 6348//6348 6366//6366
f 6347//6347 6366//6366 6365//6365
f 6348//6348 6349//6349 6367//6367
f 6348//6348 6367//6367 6366//6366
f 6349//6349 6332//6332 6350//6350
f 6349//6349 6350//6350 6367//6367
f 6350//6350 6351//6351 6369//6369
f 6350//6350 6369//6369 6368//6368
f 6351//6351 6352//6352 6370//6370
f 6351//6351 6370//6370 6369//6369
f 6352//6352 6353//6353 6371//6371
f 6352//6352 6371//6371 6370//6370
f 6353//6353 6354//6354 6372//6372
f 6353//6353 6372//6372 6371//6371
f 6354//6354 6355//6355 6373//6373
f 6354//6354 6373//6373 6372//6372
f 6355//6355 6356//6356 6374//6374
f 6355//6355 6374//6374 6373//6373
f 6356//6356 6357//6357 6375//6375
f 6356//6356 6375//6375 6374//6374
f 6357//6357 6358//6358 6376//6376
f 6357//6357 6376//6376 6375//6375
f 6358//6358 6359//6359 6377//6377
f 6358//6358 6377//6377 6376//6376
f 6359//6359 6360//6360 6378//6378
f 6359//6359 6378//6378 6377//6377
f 6360//6360 6361//6361 6379//6379
f 6360//6360 6379//6379 6378//6378
f 6361//6361 6362//6362 6380//6380
f 6361//6361 6380//6380 6379//6379
f 6362//6362 6363//6363 6381//6381
f 6362//6362 6381//6381 6380//6380
f 6363//6363 6364//6364 6382//6382
f 6363//6363 6382//6382 6381//6381
f 6364//6364 6365//6365 6383//6383
f 6364//6364 6383//6383 6382//6382
f 6365//6365 6366//6366 6384//6384
f 6365//6365 6384//6384 6383//6383
f 6366//6366 6367//6367 6385//6385
f 6366//6366 6385//6385 6384//6384
f 6367//6367 6350//6350 6368//6368
f 6367//6367 6368//6368 6385//6385
f 6368//6368 6369//6369 6387//6387
f 6368//6368 6387//6387 6386//6386
f 6369//6369 6370//6370 6388//6388
f 6369//6369 6388//6388 6387//6387
f 6370//6370 6371//6371 6389//6389
f 6370//6370 6389//6389 6388//6388
f 6371//6371 6372//6372 6390//6390
f 6371//6371 6390//6390 6389//6389
f 6372//6372 6373//6373 6391//6391
f 6372//6372 6391//6391 6390//6390
f 6373//6373 6374//6374 6392//6392
f 6373//6373 6392//6392 6391//6391
f 6374//6374 6375//6375 6393//6393
f 6374//6374 6393//6393 6392//6392
f 6375//6375 6376//6376 6394//6394
f 6375//6375 6394//6394 6393//6393
f 6376//6376 6377//6377 6395//6395
f 6376//6376 6395//6395 6394//6394
f 6377//6377 6378//6378 6396//6396
f 6377//6377 6396//6396 6395//6395
f 6378//6378 6379//6379 6397//6397
f 6378//6378 6397//6397 6396//6396
f 6379//6379 6380//6380 6398//6398
f 6379//6379 6398//6398 6397//6397
f 6380//6380 6381//6381 6399//6399
f 6380//6380 6399//6399 6398//6398
f 6381//6381 6382//6382 6400//6400
f 6381//6381 6400//6400 6399//6399
f 6382//6382 6383//6383 6401//6401
f 6382//6382 6401//6401 6400//6400
f 6383//6383 6384//6384 6402//6402
f 6383//6383 6402//6402 6401//6401
f 6384//6384 6385//6385 6403//6403
f 6384//6384 6403//6403 6402//6402
f 6385//6385 6368//6368 6386//6386
f 6385//6385 6386//6386 6403//6403
f 6386//6386 6387//6387 6404//6404
f 6387//6387 6388//6388 6404//6404
f 6388//6388 6389//6389 6404//6404
f 6389//6389 6390//6390 6404//6404
f 6390//6390 6391//6391 6404//6404
f 6391//6391 6392//6392 6404//6404
f 6392//6392 6393//6393 6404//6404
f 6393//6393 6394//6394 6404//6404
f 6394//6394 6395//6395 6404//6404
f 6395//6395 6396//6396 6404//6404
f 6396//6396 6397//6397 6404//6404
f 6397//6397 6398//6398 6404//6404
f 6398//6398 6399//6399 6404//6404
f 6399//6399 6400//6400 6404//6404
f 6400//6400 6401//6401 6404//6404
f 6401//6401 6402//6402 6404//6404
f 6402//6402 6403//6403 6404//6404
f 6403//6403 6386//6386 6404//6404
f 6405//6405 6407//6407 6406//6406
f 6405//6405 6408//6408 6407//6407
f 6405//6405 6409//6409 6408//6408
f 6405//6405 6410//6410 6409//6409
f 6405//6405 6411//6411 6410//6410
f 6405//6405 6412//6412 6411//6411
f 6405//6405 6413//6413 6412//6412
f 6405//6405 6414//6414 6413//6413
f 6405//6405 6415//6415 6414//6414
f 6405//6405 6416//6416 6415//6415
f 6405//6405 6417//6417 6416//6416
f 6405//6405 6418//6418 6417//6417
f 6405//6405 6419//6419 6418//6418
f 6405//6405 6420//6420 6419//6419
f 6405//6405 6421//6421 6420//6420
f 6405//6405 6422//6422 6421//6421
f 6405//6405 6423//6423 6422//6422
f 6405//6405 6406//6406 6423//6423
f 6406//6406 6407//6407 6425//6425
f 6406//6406 6425//6425 6424//6424
f 6407//6407 6408//6408 6426//6426
f 6407//6407 6426//6426 6425//6425
f 6408//6408 6409//6409 6427//6427
f 6408//6408 6427//6427 6426//6426
f 6409//6409 6410//6410 6428//6428
f 6409//6409 6428//6428 6427//6427
f 6410//6410 6411//6411 6429//6429
f 6410//6410 6429//6429 6428//6428
f 6411//6411 6412//6412 6430//6430
f 6411//6411 6430//6430 6429//6429
f 6412//6412 6413//6413 6431//6431
f 6412//6412 6431//6431 6430//6430
f 6413//6413 6414//6414 6432//6432
f 6413//6413 6432//6432 6431//6431
f 6414//6414 6415//6415 6433//6433
f 6414//6414 6433//6433 6432//6432
f 6415//6415 6416//6416 6434//6434
f 6415//6415 6434//6434 6433//6433
f 6416//6416 6417//6417 6435//6435
f 6416//6416 6435//6435 6434//6434
f 6417//6417 6418//6418 6436//6436
f 6417//6417 6436//6436 6435//6435
f 6418//6418 6419//6419 6437//6437
f 6418//6418 6437//6437 6436//6436
f 6419//6419 6420//6420 6438//6438
f 6419//6419 6438//6438 6437//6437
f 6420//6420 6421//6421 6439//6439
f 6420//6420 6439//6439 6438//6438
f 6421//6421 6422//6422 6440//6440
f 6421//6421 6440//6440 6439//6439
f 6422//6422 6423//6423 6441//6441
f 6422//6422 6441//6441 6440//6440
f 6423//6423 6406//6406 6424//6424
f 6423//6423 6424//6424 6441//6441
f 6424//6424 6425//6425 6443//6443
f 6424//6424 6443//6443 6442//6442
f 6425//6425 6426//6426 6444//6444
f 6425//6425 6444//6444 6443//6443
f 6426//6426 6427//6427 6445//6445
f 6426//6426 6445//6445 6444//6444
f 6427//6427 6428//6428 6446//6446
f 6427//6427 6446//6446 6445//6445
f 6428//6428 6429//6429 6447//6447
f 6428//6428 6447//6447 6446//6446
f 6429//6429 6430//6430 6448//6448
f 6429//6429 6448//6448 6447//6447
f 6430//6430 6431//6431 6449//6449
f 6430//6430 6449//6449 6448//6448
f 6431//6431 6432//6432 6450//6450
f 6431//6431 6450//6450 6449//6449
f 6432//6432 6433//6433 6451//6451
f 6432//6432 6451//6451 6450//6450
f 6433//6433 6434//6434 6452//6452
f 6433//6433 6452//6452 6451//6451
f 6434//6434 6435//6435 6453//6453
f 6434//6434 6453//6453 6452//6452
f 6435//6435 6436//6436 6454//6454
f 6435//6435 6454//6454 6453//6453
f 6436//6436 6437//6437 6455//6455
f 6436//6436 6455//6455 6454//6454
f 6437//6437 6438//6438 6456//6456
f 6437//6437 6456//6456 6455//6455
f 6438//6438 6439//6439 6457//6457
f 6438//6438 6457//6457 6456//6456
f 6439//6439 6440//6440 6458//6458
f 6439//6439 6458//6458 6457//6457
f 6440//6440 6441//6441 6459//6459
f 6440//6440 6459//6459 6458//6458
f 6441//6441 6424//6424 6442//6442
f 6441//6441 6442//6442 6459//6459
f 6442//6442 6443//6443 6461//6461
f 6442//6442 6461//6461 6460//6460
f 6443//6443 6444//6444 6462//6462
f 6443//6443 6462//6462 6461//6461
f 6444//6444 6445//6445 6463//6463
f 6444//6444 6463//6463 6462//6462
f 6445//6445 6446//6446 6464//6464
f 6445//6445 6464//6464 6463//6463
f 6446//6446 6447//6447 6465//6465
f 6446//6446 6465//6465 6464//6464
f 6447//6447 6448//6448 6466//6466
f 6447//6447 6466//6466 6465//6465
f 6448//6448 6449//6449 6467//6467
f 6448//6448 6467//6467 6466//6466
f 6449//6449 6450//6450 6468//6468
f 6449//6449 6468//6468 6467//6467
f 6450//6450 6451//6451 6469//6469
f 6450//6450 6469//6469 6468//6468
f 6451//6451 6452//6452 6470//6470
f 6451//6451 6470//6470 6469//6469
f 6452//6452 6453//6453 6471//6471
f 6452//6452 6471//6471 6470//6470
f 6453//6453 6454//6454 6472//6472
f 6453//6453 6472//6472 6471//6471
f 6454//6454 6455//6455 6473//6473
f 6454//6454 6473//6473 6472//6472
f 6455//6455 6456//6456 6474//6474
f 6455//6455 6474//6474 6473//6473
f 6456//6456 6457//6457 6475//6475
f 6456//6456 6475//6475 6474//6474
f 6457//6457 6458//6458 6476//6476
f 6457//6457 6476//6476 6475//6475
f 6458//6458 6459//6459 6477//6477
f 6458//6458 6477//6477 6476//6476
f 6459//6459 6442//6442 6460//6460
f 6459//6459 6460//6460 6477//6477
f 6460//6460 6461//6461 6479//6479
f 6460//6460 6479//6479 6478//6478
f 6461//6461 6462//6462 6480//6480
f 6461//6461 6480//6480 6479//6479
f 6462//6462 6463//6463 6481//6481
f 6462//6462 6481//6481 6480//6480
f 6463//6463 6464//6464 6482//6482
f 6463//6463 6482//6482 6481//6481
f 6464//6464 6465//6465 6483//6483
f 6464//6464 6483//6483 6482//6482
f 6465//6465 6466//6466 6484//6484
f 6465//6465 6484//6484 6483//6483
f 6466//6466 6467//6467 6485//6485
f 6466//6466 6485//6485 6484//6484
f 6467//6467 6468//6468 6486//6486
f 6467//6467 6486//6486 6485//6485
f 6468//6468 6469//6469 6487//6487
f 6468//6468 6487//6487 6486//6486
f 6469//6469 6470//6470 6488//6488
f 6469//6469 6488//6488 6487//6487
f 6470//6470 6471//6471 6489//6489
f 6470//6470 6489//6489 6488//6488
f 6471//6471 6472//6472 6490//6490
f 6471//6471 6490//6490 6489//6489
f 6472//6472 6473//6473 6491//6491
f 6472//6472 6491//6491 6490//6490
f 6473//6473 6474//6474 6492//6492
f 6473//6473 6492//6492 6491//6491
f 6474//6474 6475//6475 6493//6493
f 6474//6474 6493//6493 6492//6492
f 6475//6475 6476//6476 6494//6494
f 6475//6475 6494//6494 6493//6493
f 6476//6476 6477//6477 6495//6495
f 6476//6476 6495//6495 6494//6494
f 6477//6477 6460//6460 6478//6478
f 6477//6477 6478//6478 6495//6495
f 6478//6478 6479//6479 6497//6497
f 6478//6478 6497//6497 6496//6496
f 6479//6479 6480//6480 6498//6498
f 6479//6479 6498//6498 6497//6497
f 6480//6480 6481//6481 6499//6499
f 6480//6480 6499//6499 6498//6498
f 6481//6481 6482//6482 6500//6500
f 6481//6481 6500//6500 6499//6499
f 6482//6482 6483//6483 6501//6501
f 6482//6482 6501//6501 6500//6500
f 6483//6483 6484//6484 6502//6502
f 6483//6483 6502//6502 6501//6501
f 6484//6484 6485//6485 6503//6503
f 6484//6484 6503//6503 6502//6502
f 6485//6485 6486//6486 6504//6504
f 6485//6485 6504//6504 6503//6503
f 6486//6486 6487//6487 6505//6505
f 6486//6486 6505//6505 6504//6504
f 6487//6487 6488//6488 6506//6506
f 6487//6487 6506//6506 6505//6505
f 6488//6488 6489//6489 6507//6507
f 6488//6488 6507//6507 6506//6506
f 6489//6489 6490//6490 6508//6508
f 6489//6489 6508//6508 6507//6507
f 6490//6490 6491//6491 6509//6509
f 6490//6490 6509//6509 6508//6508
f 6491//6491 6492//6492 6510//6510
f 6491//6491 6510//6510 6509//6509
f 6492//6492 6493//6493 6511//6511
f 6492//6492 6511//6511 6510//6510
f 6493//6493 6494//6494 6512//6512
f 6493//6493 6512//6512 6511//6511
f 6494//6494 6495//6495 6513//6513
f 6494//6494 6513//6513 6512//6512
f 6495//6495 6478//6478 6496//6496
f 6495//6495 6496//6496 6513//6513
f 6496//6496 6497//6497 6515//6515
f 6496//6496 6515//6515 6514//6514
f 6497//6497 6498//6498 6516//6516
f 6497//6497 6516//6516 6515//6515
f 6498//6498 6499//6499 6517//6517
f 6498//6498 6517//6517 6516//6516
f 6499//6499 6500//6500 6518//6518
f 6499//6499 6518//6518 6517//6517
f 6500//6500 6501//6501 6519//6519
f 6500//6500 6519//6519 6518//6518
f 6501//6501 6502//6502 6520//6520
f 6501//6501 6520//6520 6519//6519
f 6502//6502 6503//6503 6521//6521
f 6502//6502 6521//6521 6520//6520
f 6503//6503 6504//6504 6522//6522
f 6503//6503 6522//6522 6521//6521
f 6504//6504 6505//6505 6523//6523
f 6504//6504 6523//6523 6522//6522
f 6505//6505 6506//6506 6524//6524
f 6505//6505 6524//6524 6523//6523
f 6506//6506 6507//6507 6525//6525
f 6506//6506 6525//6525 6524//6524
f 6507//6507 6508//6508 6526//6526
f 6507//6507 6526//6526 6525//6525
f 6508//6508 6509//6509 6527//6527
f 6508//6508 6527//6527 6526//6526
f 6509//6509 6510//6510 6528//6528
f 6509//6509 6528//6528 6527//6527
f 6510//6510 6511//6511 6529//6529
f 6510//6510 6529//6529 6528//6528
f 6511//6511 6512//6512 6530//6530
f 6511//6511 6530//6530 6529//6529
f 6512//6512 6513//6513 6531//6531
f 6512//6512 6531//6531 6530//6530
f 6513//6513 6496//6496 6514//6514
f 6513//6513 6514//6514 6531//6531
f 6514//6514 6515//6515 6533//6533
f 6514//6514 6533//6533 6532//6532
f 6515//6515 6516//6516 6534//6534
f 6515//6515 6534//6534 6533//6533
f 6516//6516 6517//6517 6535//6535
f 6516//6516 6535//6535 6534//6534
f 6517//6517 6518//6518 6536//6536
f 6517//6517 6536//6536 6535//6535
f 6518//6518 6519//6519 6537//6537
f 6518//6518 6537//6537 6536//6536
f 6519//6519 6520//6520 6538//6538
f 6519//6519 6538//6538 6537//6537
f 6520//6520 6521//6521 6539//6539
f 6520//6520 6539//6539 6538//6538
f 6521//6521 6522//6522 6540//6540
f 6521//6521 6540//6540 6539//6539
f 6522//6522 6523//6523 6541//6541
f 6522//6522 6541//6541 6540//6540
f 6523//6523 6524//6524 6542//6542
f 6523//6523 6542//6542 6541//6541
f 6524//6524 6525//6525 6543//6543
f 6524//6524 6543//6543 6542//6542
f 6525//6525 6526//6526 6544//6544
f 6525//6525 6544//6544 6543//6543
f 6526//6526 6527//6527 6545//6545
f 6526//6526 6545//6545 6544//6544
f 6527//6527 6528//6528 6546//6546
f 6527//6527 6546//6546 6545//6545
f 6528//6528 6529//6529 6547//6547
f 6528//6528 6547//6547 6546//6546
f 6529//6529 6530//6530 6548//6548
f 6529//6529 6548//6548 6547//6547
f 6530//6530 6531//6531 6549//6549
f 6530//6530 6549//6549 6548//6548
f 6531//6531 6514//6514 6532//6532
f 6531//6531 6532//6532 6549//6549
f 6532//6532 6533//6533 6551//6551
f 6532//6532 6551//6551 6550//6550
f 6533//6533 6534//6534 6552//6552
f 6533//6533 6552//6552 6551//6551
f 6534//6534 6535//6535 6553//6553
f 6534//6534 6553//6553 6552//6552
f 6535//6535 6536//6536 6554//6554
f 6535//6535 6554//6554 6553//6553
f 6536//6536 6537//6537 6555//6555
f 6536//6536 6555//6555 6554//6554
f 6537//6537 6538//6538 6556//6556
f 6537//6537 6556//6556 6555//6555
f 6538//6538 6539//6539 6557//6557
f 6538//6538 6557//6557 6556//6556
f 6539//6539 6540//6540 6558//6558
f 6539//6539 6558//6558 6557//6557
f 6540//6540 6541//6541 6559//6559
f 6540//6540 6559//6559 6558//6558
f 6541//6541 6542//6542 6560//6560
f 6541//6541 6560//6560 6559//6559
f 6542//6542 6543//6543 6561//6561
f 6542//6542 6561//6561 6560//6560
f 6543//6543 6544//6544 6562//6562
f 6543//6543 6562//6562 6561//6561
f 6544//6544 6545//6545 6563//6563
f 6544//6544 6563//6563 6562//6562
f 6545//6545 6546//6546 6564//6564
f 6545//6545 6564//6564 6563//6563
f 6546//6546 6547//6547 6565//6565
f 6546//6546 6565//6565 6564//6564
f 6547//6547 6548//6548 6566//6566
f 6547//6547 6566//6566 6565//6565
f 6548//6548 6549//6549 6567//6567
f 6548//6548 6567//6567 6566//6566
f 6549//6549 6532//6532 6550//6550
f 6549//6549 6550//6550 6567//6567
f 6550//6550 6551//6551 6569//6569
f 6550//6550 6569//6569 6568//6568
f 6551//6551 6552//6552 6570//6570
f 6551//6551 6570//6570 6569//6569
f 6552//6552 6553//6553 6571//6571
f 6552//6552 6571//6571 6570//6570
f 6553//6553 6554//6554 6572//6572
f 6553//6553 6572//6572 6571//6571
f 6554//6554 6555//6555 6573//6573
f 6554//6554 6573//6573 6572//6572
f 6555//6555 6556//6556 6574//6574
f 6555//6555 6574//6574 6573//6573
f 6556//6556 6557//6557 6575//6575
f 6556//6556 6575//6575 6574//6574
f 6557//6557 6558//6558 6576//6576
f 6557//6557 6576//6576 6575//6575
f 6558//6558 6559//6559 6577//6577
f 6558//6558 6577//6577 6576//6576
f 6559//6559 6560//6560 6578//6578
f 6559//6559 6578//6578 6577//6577
f 6560//6560 6561//6561 6579//6579
f 6560//6560 6579//6579 6578//6578
f 6561//6561 6562//6562 6580//6580
f 6561//6561 6580//6580 6579//6579
f 6562//6562 6563//6563 6581//6581
f 6562//6562 6581//6581 6580//6580
f 6563//6563 6564//6564 6582//6582
f 6563//6563 6582//6582 6581//6581
f 6564//6564 6565//6565 6583//6583
f 6564//6564 6583//6583 6582//6582
f 6565//6565 6566//6566 6584//6584
f 6565//6565 6584//6584 6583//6583
f 6566//6566 6567//6567 6585//6585
f 6566//6566 6585//6585 6584//6584
f 6567//6567 6550//6550 6568//6568
f 6567//6567 6568//6568 6585//6585
f 6568//6568 6569//6569 6587//6587
f 6568//6568 6587//6587 6586//6586
f 6569//6569 6570//6570 6588//6588
f 6569//6569 6588//6588 6587//6587
f 6570//6570 6571//6571 6589//6589
f 6570//6570 6589//6589 6588//6588
f 6571//6571 6572//6572 6590//6590
f 6571//6571 6590//6590 6589//6589
f 6572//6572 6573//6573 6591//6591
f 6572//6572 6591//6591 6590//6590
f 6573//6573 6574//6574 6592//6592
f 6573//6573 6592//6592 6591//6591
f 6574//6574 6575//6575 6593//6593
f 6574//6574 6593//6593 6592//6592
f 6575//6575 6576//6576 6594//6594
f 6575//6575 6594//6594 6593//6593
f 6576//6576 6577//6577 6595//6595
f 6576//6576 6595//6595 6594//6594
f 6577//6577 6578//6578 6596//6596
f 6577//6577 6596//6596 6595//6595
f 6578//6578 6579//6579 6597//6597
f 6578//6578 6597//6597 6596//6596
f 6579//6579 6580//6580 6598//6598
f 6579//6579 6598//6598 6597//6597
f 6580//6580 6581//6581 6599//6599
f 6580//6580 6599//6599 6598//6598
f 6581//6581 6582//6582 6600//6600
f 6581//6581 6600//6600 6599//6599
f 6582//6582 6583//6583 6601//6601
f 6582//6582 6601//6601 6600//6600
f 6583//6583 6584//6584 6602//6602
f 6583//6583 6602//6602 6601//6601
f 6584//6584 6585//6585 6603//6603
f 6584//6584 6603//6603 6602//6602
f 6585//6585 6568//6568 6586//6586
f 6585//6585 6586//6586 6603//6603
f 6586//6586 6587//6587 6604//6604
f 6587//6587 6588//6588 6604//6604
f 6588//6588 6589//6589 6604//6604
f 6589//6589 6590//6590 6604//6604
f 6590//6590 6591//6591 6604//6604
f 6591//6591 6592//6592 6604//6604
f 6592//6592 6593//6593 6604//6604
f 6593//6593 6594//6594 6604//6604
f 6594//6594 6595//6595 6604//6604
f 6595//6595 6596//6596 6604//6604
f 6596//6596 6597//6597 6604//6604
f 6597//6597 6598//6598 6604//6604
f 6598//6598 6599//6599 6604//6604
f 6599//6599 6600//6600 6604//6604
f 6600//6600 6601//6601 6604//6604
f 6601//6601 6602//6602 6604//6604
f 6602//6602 6603//6603 6604//6604
f 6603//6603 6586//6586 6604//6604
f 6605//6605 6607//6607 6606//6606
f 6605//6605 6608//6608 6607//6607
f 6605//6605 6609//6609 6608//6608
f 6605//6605 6610//6610 6609//6609
f 6605//6605 6611//6611 6610//6610
f 6605//6605 6612//6612 6611//6611
f 6605//6605 6613//6613 6612//6612
f 6605//6605 6614//6614 6613//6613
f 6605//6605 6615//6615 6614//6614
f 6605//6605 6616//6616 6615//6615
f 6605//6605 6617//6617 6616//6616
f 6605//6605 6618//6618 6617//6617
f 6605//6605 6619//6619 6618//6618
f 6605//6605 6620//6620 6619//6619
f 6605//6605 6621//6621 6620//6620
f 6605//6605 6622//6622 6621//6621
f 6605//6605 6623//6623 6622//6622
f 6605//6605 6606//6606 6623//6623
f 6606//6606 6607//6607 6625//6625
f 6606//6606 6625//6625 6624//6624
f 6607//6607 6608//6608 6626//6626
f 6607//6607 6626//6626 6625//6625
f 6608//6608 6609//6609 6627//6627
f 6608//6608 6627//6627 6626//6626
f 6609//6609 6610//6610 6628//6628
f 6609//6609 6628//6628 6627//6627
f 6610//6610 6611//6611 6629//6629
f 6610//6610 6629//6629 6628//6628
f 6611//6611 6612//6612 6630//6630
f 6611//6611 6630//6630 6629//6629
f 6612//6612 6613//6613 6631//6631
f 6612//6612 6631//6631 6630//6630
f 6613//6613 6614//6614 6632//6632
f 6613//6613 6632//6632 6631//6631
f 6614//6614 6615//6615 6633//6633
f 6614//6614 6633//6633 6632//6632
f 6615//6615 6616//6616 6634//6634
f 6615//6615 6634//6634 6633//6633
f 6616//6616 6617//6617 6635//6635
f 6616//6616 6635//6635 6634//6634
f 6617//6617 6618//6618 6636//6636
f 6617//6617 6636//6636 6635//6635
f 6618//6618 6619//6619 6637//6637
f 6618//6618 6637//6637 6636//6636
f 6619//6619 6620//6620 6638//6638
f 6619//6619 6638//6638 6637//6637
f 6620//6620 6621//6621 6639//6639
f 6620//6620 6639//6639 6638//6638
f 6621//6621 6622//6622 6640//6640
f 6621//6621 6640//6640 6639//6639
f 6622//6622 6623//6623 6641//6641
f 6622//6622 6641//6641 6640//6640
f 6623//6623 6606//6606 6624//6624
f 6623//6623 6624//6624 6641//6641
f 6624//6624 6625//6625 6643//6643
f 6624//6624 6643//6643 6642//6642
f 6625//6625 6626//6626 6644//6644
f 6625//6625 6644//6644 6643//6643
f 6626//6626 6627//6627 6645//6645
f 6626//6626 6645//6645 6644//6644
f 6627//6627 6628//6628 6646//6646
f 6627//6627 6646//6646 6645//6645
f 6628//6628 6629//6629 6647//6647
f 6628//6628 6647//6647 6646//6646
f 6629//6629 6630//6630 6648//6648
f 6629//6629 6648//6648 6647//6647
f 6630//6630 6631//6631 6649//6649
f 6630//6630 6649//6649 6648//6648
f 6631//6631 6632//6632 6650//6650
f 6631//6631 6650//6650 6649//6649
f 6632//6632 6633//6633 6651//6651
f 6632//6632 6651//6651 6650//6650
f 6633//6633 6634//6634 6652//6652
f 6633//6633 6652//6652 6651//6651
f 6634//6634 6635//6635 6653//6653
f 6634//6634 6653//6653 6652//6652
f 6635//6635 6636//6636 6654//6654
f 6635//6635 6654//6654 6653//6653
f 6636//6636 6637//6637 6655//6655
f 6636//6636 6655//6655 6654//6654
f 6637//6637 6638//6638 6656//6656
f 6637//6637 6656//6656 6655//6655
f 6638//6638 6639//6639 6657//6657
f 6638//6638 6657//6657 6656//6656
f 6639//6639 6640//6640 6658//6658
f 6639//6639 6658//6658 6657//6657
f 6640//6640 6641//6641 6659//6659
f 6640//6640 6659//6659 6658//6658
f 6641//6641 6624//6624 6642//6642
f 6641//6641 6642//6642 6659//6659
f 6642//6642 6643//6643 6661//6661
f 6642//6642 6661//6661 6660//6660
f 6643//6643 6644//6644 6662//6662
f 6643//6643 6662//6662 6661//6661
f 6644//6644 6645//6645 6663//6663
f 6644//6644 6663//6663 6662//6662
f 6645//6645 6646//6646 6664//6664
f 6645//6645 6664//6664 6663//6663
f 6646//6646 6647//6647 6665//6665
f 6646//6646 6665//6665 6664//6664
f 6647//6647 6648//6648 6666//6666
f 6647//6647 6666//6666 6665//6665
f 6648//6648 6649//6649 6667//6667
f 6648//6648 6667//6667 6666//6666
f 6649//6649 6650//6650 6668//6668
f 6649//6649 6668//6668 6667//6667
f 6650//6650 6651//6651 6669//6669
f 6650//6650 6669//6669 6668//6668
f 6651//6651 6652//6652 6670//6670
f 6651//6651 6670//6670 6669//6669
f 6652//6652 6653//6653 6671//6671
f 6652//6652 6671//6671 6670//6670
f 6653//6653 6654//6654 6672//6672
f 6653//6653 6672//6672 6671//6671
f 6654//6654 6655//6655 6673//6673
f 6654//6654 6673//6673 6672//6672
f 6655//6655 6656//6656 6674//6674
f 6655//6655 6674//6674 6673//6673
f 6656//6656 6657//6657 6675//6675
f 6656//6656 6675//6675 6674//6674
f 6657//6657 6658//6658 6676//6676
f 6657//6657 6676//6676 6675//6675
f 6658//6658 6659//6659 6677//6677
f 6658//6658 6677//6677 6676//6676
f 6659//6659 6642//6642 6660//6660
f 6659//6659 6660//6660 6677//6677
f 6660//6660 6661//6661 6679//6679
f 6660//6660 6679//6679 6678//6678
f 6661//6661 6662//6662 6680//6680
f 6661//6661 6680//6680 6679//6679
f 6662//6662 6663//6663 6681//6681
f 6662//6662 6681//6681 6680//6680
f 6663//6663 6664//6664 6682//6682
f 6663//6663 6682//6682 6681//6681
f 6664//6664 6665//6665 6683//6683
f 6664//6664 6683//6683 6682//6682
f 6665//6665 6666//6666 6684//6684
f 6665//6665 6684//6684 6683//6683
f 6666//6666 6667//6667 6685//6685
f 6666//6666 6685//6685 6684//6684
f 6667//6667 6668//6668 6686//6686
f 6667//6667 6686//6686 6685//6685
f 6668//6668 6669//6669 6687//6687
f 6668//6668 6687//6687 6686//6686
f 6669//6669 6670//6670 6688//6688
f 6669//6669 6688//6688 6687//6687
f 6670//6670 6671//6671 6689//6689
f 6670//6670 6689//6689 6688//6688
f 6671//6671 6672//6672 6690//6690
f 6671//6671 6690//6690 6689//6689
f 6672//6672 6673//6673 6691//6691
f 6672//6672 6691//6691 6690//6690
f 6673//6673 6674//6674 6692//6692
f 6673//6673 6692//6692 6691//6691
f 6674//6674 6675//6675 6693//6693
f 6674//6674 6693//6693 6692//6692
f 6675//6675 6676//6676 6694//6694
f 6675//6675 6694//6694 6693//6693
f 6676//6676 6677//6677 6695//6695
f 6676//6676 6695//6695 6694//6694
f 6677//6677 6660//6660 6678//6678
f 6677//6677 6678//6678 6695//6695
f 6678//6678 6679//6679 6697//6697
f 6678//6678 6697//6697 6696//6696
f 6679//6679 6680//6680 6698//6698
f 6679//6679 6698//6698 6697//6697
f 6680//6680 6681//6681 6699//6699
f 6680//6680 6699//6699 6698//6698
f 6681//6681 6682//6682 6700//6700
f 6681//6681 6700//6700 6699//6699
f 6682//6682 6683//6683 6701//6701
f 6682//6682 6701//6701 6700//6700
f 6683//6683 6684//6684 6702//6702
f 6683//6683 6702//6702 6701//6701
f 6684//6684 6685//6685 6703//6703
f 6684//6684 6703//6703 6702//6702
f 6685//6685 6686//6686 6704//6704
f 6685//6685 6704//6704 6703//6703
f 6686//6686 6687//6687 6705//6705
f 6686//6686 6705//6705 6704//6704
f 6687//6687 6688//6688 6706//6706
f 6687//6687 6706//6706 6705//6705
f 6688//6688 6689//6689 6707//6707
f 6688//6688 6707//6707 6706//6706
f 6689//6689 6690//6690 6708//6708
f 6689//6689 6708//6708 6707//6707
f 6690//6690 6691//6691 6709//6709
f 6690//6690 6709//6709 6708//6708
f 6691//6691 6692//6692 6710//6710
f 6691//6691 6710//6710 6709//6709
f 6692//6692 6693//6693 6711//6711
f 6692//6692 6711//6711 6710//6710
f 6693//6693 6694//6694 6712//6712
f 6693//6693 6712//6712 6711//6711
f 6694//6694 6695//6695 6713//6713
f 6694//6694 6713//6713 6712//6712
f 6695//6695 6678//6678 6696//6696
f 6695//6695 6696//6696 6713//6713
f 6696//6696 6697//6697 6715//6715
f 6696//6696 6715//6715 6714//6714
f 6697//6697 6698//6698 6716//6716
f 6697//6697 6716//6716 6715//6715
f 6698//6698 6699//6699 6717//6717
f 6698//6698 6717//6717 6716//6716
f 6699//6699 6700//6700 6718//6718
f 6699//6699 6718//6718 6717//6717
f 6700//6700 6701//6701 6719//6719
f 6700//6700 6719//6719 6718//6718
f 6701//6701 6702//6702 6720//6720
f 6701//6701 6720//6720 6719//6719
f 6702//6702 6703//6703 6721//6721
f 6702//6702 6721//6721 6720//6720
f 6703//6703 6704//6704 6722//6722
f 6703//6703 6722//6722 6721//6721
f 6704//6704 6705//6705 6723//6723
f 6704//6704 6723//6723 6722//6722
f 6705//6705 6706//6706 6724//6724
f 6705//6705 6724//6724 6723//6723
f 6706//6706 6707//6707 6725//6725
f 6706//6706 6725//6725 6724//6724
f 6707//6707 6708//6708 6726//6726
f 6707//6707 6726//6726 6725//6725
f 6708//6708 6709//6709 6727//6727
f 6708//6708 6727//6727 6726//6726
f 6709//6709 6710//6710 6728//6728
f 6709//6709 6728//6728 6727//6727
f 6710//6710 6711//6711 6729//6729
f 6710//6710 6729//6729 6728//6728
f 6711//6711 6712//6712 6730//6730
f 6711//6711 6730//6730 6729//6729
f 6712//6712 6713//6713 6731//6731
f 6712//6712 6731//6731 6730//6730
f 6713//6713 6696//6696 6714//6714
f 6713//6713 6714//6714 6731//6731
f 6714//6714 6715//6715 6733//6733
f 6714//6714 6733//6733 6732//6732
f 6715//6715 6716//6716 6734//6734
f 6715//6715 6734//6734 6733//6733
f 6716//6716 6717//6717 6735//6735
f 6716//6716 6735//6735 6734//6734
f 6717//6717 6718//6718 6736//6736
f 6717//6717 6736//6736 6735//6735
f 6718//6718 6719//6719 6737//6737
f 6718//6718 6737//6737 6736//6736
f 6719//6719 6720//6720 6738//6738
f 6719//6719 6738//6738 6737//6737
f 6720//6720 6721//6721 6739//6739
f 6720//6720 6739//6739 6738//6738
f 6721//6721 6722//6722 6740//6740
f 6721//6721 6740//6740 6739//6739
f 6722//6722 6723//6723 6741//6741
f 6722//6722 6741//6741 6740//6740
f 6723//6723 6724//6724 6742//6742
f 6723//6723 6742//6742 6741//6741
f 6724//6724 6725//6725 6743//6743
f 6724//6724 6743//6743 6742//6742
f 6725//6725 6726//6726 6744//6744
f 6725//6725 6744//6744 6743//6743
f 6726//6726 6727//6727 6745//6745
f 6726//6726 6745//6745 6744//6744
f 6727//6727 6728//6728 6746//6746
f 6727//6727 6746//6746 6745//6745
f 6728//6728 6729//6729 6747//6747
f 6728//6728 6747//6747 6746//6746
f 6729//6729 6730//6730 6748//6748
f 6729//6729 6748//6748 6747//6747
f 6730//6730 6731//6731 6749//6749
f 6730//6730 6749//6749 6748//6748
f 6731//6731 6714//6714 6732//6732
f 6731//6731 6732//6732 6749//6749
f 6732//6732 6733//6733 6751//6751
f 6732//6732 6751//6751 6750//6750
f 6733//6733 6734//6734 6752//6752
f 6733//6733 6752//6752 6751//6751
f 6734//6734 6735//6735 6753//6753
f 6734//6734 6753//6753 6752//6752
f 6735//6735 6736//6736 6754//6754
f 6735//6735 6754//6754 6753//6753
f 6736//6736 6737//6737 6755//6755
f 6736//6736 6755//6755 6754//6754
f 6737//6737 6738//6738 6756//6756
f 6737//6737 6756//6756 6755//6755
f 6738//6738 6739//6739 6757//6757
f 6738//6738 6757//6757 6756//6756
f 6739//6739 6740//6740 6758//6758
f 6739//6739 6758//6758 6757//6757
f 6740//6740 6741//6741 6759//6759
f 6740//6740 6759//6759 6758//6758
f 6741//6741 6742//6742 6760//6760
f 6741//6741 6760//6760 6759//6759
f 6742//6742 6743//6743 6761//6761
f 6742//6742 6761//6761 6760//6760
f 6743//6743 6744//6744 6762//6762
f 6743//6743 6762//6762 6761//6761
f 6744//6744 6745//6745 6763//6763
f 6744//6744 6763//6763 6762//6762
f 6745//6745 6746//6746 6764//6764
f 6745//6745 6764//6764 6763//6763
f 6746//6746 6747//6747 6765//6765
f 6746//6746 6765//6765 6764//6764
f 6747//6747 6748//6748 6766//6766
f 6747//6747 6766//6766 6765//6765
f 6748//6748 6749//6749 6767//6767
f 6748//6748 6767//6767 6766//6766
f 6749//6749 6732//6732 6750//6750
f 6749//6749 6750//6750 6767//6767
f 6750//6750 6751//6751 6769//6769
f 6750//6750 6769//6769 6768//6768
f 6751//6751 6752//6752 6770//6770
f 6751//6751 6770//6770 6769//6769
f 6752//6752 6753//6753 6771//6771
f 6752//6752 6771//6771 6770//6770
f 6753//6753 6754//6754 6772//6772
f 6753//6753 6772//6772 6771//6771
f 6754//6754 6755//6755 6773//6773
f 6754//6754 6773//6773 6772//6772
f 6755//6755 6756//6756 6774//6774
f 6755//6755 6774//6774 6773//6773
f 6756//6756 6757//6757 6775//6775
f 6756//6756 6775//6775 6774//6774
f 6757//6757 6758//6758 6776//6776
f 6757//6757 6776//6776 6775//6775
f 6758//6758 6759//6759 6777//6777
f 6758//6758 6777//6777 6776//6776
f 6759//6759 6760//6760 6778//6778
f 6759//6759 6778//6778 6777//6777
f 6760//6760 6761//6761 6779//6779
f 6760//6760 6779//6779 6778//6778
f 6761//6761 6762//6762 6780//6780
f 6761//6761 6780//6780 6779//6779
f 6762//6762 6763//6763 6781//6781
f 6762//6762 6781//6781 6780//6780
f 6763//6763 6764//6764 6782//6782
f 6763//6763 6782//6782 6781//6781
f 6764//6764 6765//6765 6783//6783
f 6764//6764 6783//6783 6782//6782
f 6765//6765 6766//6766 6784//6784
f 6765//6765 6784//6784 6783//6783
f 6766//6766 6767//6767 6785//6785
f 6766//6766 6785//6785 6784//6784
f 6767//6767 6750//6750 6768//6768
f 6767//6767 6768//6768 6785//6785
f 6768//6768 6769//6769 6787//6787
f 6768//6768 6787//6787 6786//6786
f 6769//6769 6770//6770 6788//6788
f 6769//6769 6788//6788 6787//6787
f 6770//6770 6771//6771 6789//6789
f 6770//6770 6789//6789 6788//6788
f 6771//6771 6772//6772 6790//6790
f 6771//6771 6790//6790 6789//6789
f 6772//6772 6773//6773 6791//6791
f 6772//6772 6791//6791 6790//6790
f 6773//6773 6774//6774 6792//6792
f 6773//6773 6792//6792 6791//6791
f 6774//6774 6775//6775 6793//6793
f 6774//6774 6793//6793 6792//6792
f 6775//6775 6776//6776 6794//6794
f 6775//6775 6794//6794 6793//6793
f 6776//6776 6777//6777 6795//6795
f 6776//6776 6795//6795 6794//6794
f 6777//6777 6778//6778 6796//6796
f 6777//6777 6796//6796 6795//6795
f 6778//6778 6779//6779 6797//6797
f 6778//6778 6797//6797 6796//6796
f 6779//6779 6780//6780 6798//6798
f 6779//6779 6798//6798 6797//6797
f 6780//6780 6781//6781 6799//6799
f 6780//6780 6799//6799 6798//6798
f 6781//6781 6782//6782 6800//6800
f 6781//6781 6800//6800 6799//6799
f 6782//6782 6783//6783 6801//6801
f 6782//6782 6801//6801 6800//6800
f 6783//6783 6784//6784 6802//6802
f 6783//6783 6802//6802 6801//6801
f 6784//6784 6785//6785 6803//6803
f 6784//6784 6803//6803 6802//6802
f 6785//6785 6768//6768 6786//6786
f 6785//6785 6786//6786 6803//6803
f 6786//6786 6787//6787 6804//6804
f 6787//6787 6788//6788 6804//6804
f 6788//6788 6789//6789 6804//6804
f 6789//6789 6790//6790 6804//6804
f 6790//6790 6791//6791 6804//6804
f 6791//6791 6792//6792 6804//6804
f 6792//6792 6793//6793 6804//6804
f 6793//6793 6794//6794 6804//6804
f 6794//6794 6795//6795 6804//6804
f 6795//6795 6796//6796 6804//6804
f 6796//6796 6797//6797 6804//6804
f 6797//6797 6798//6798 6804//6804
f 6798//6798 6799//6799 6804//6804
f 6799//6799 6800//6800 6804//6804
f 6800//6800 6801//6801 6804//6804
f 6801//6801 6802//6802 6804//6804
f 6802//6802 6803//6803 6804//6804
f 6803//6803 6786//6786 6804//6804
f 6805//6805 6807//6807 6806//6806
f 6805//6805 6808//6808 6807//6807
f 6805//6805 6809//6809 6808//6808
f 6805//6805 6810//6810 6809//6809
f 6805//6805 6811//6811 6810//6810
f 6805//6805 6812//6812 6811//6811
f 6805//6805 6813//6813 6812//6812
f 6805//6805 6814//6814 6813//6813
f 6805//6805 6815//6815 6814//6814
f 6805//6805 6816//6816 6815//6815
f 6805//6805 6817//6817 6816//6816
f 6805//6805 6818//6818 6817//6817
f 6805//6805 6819//6819 6818//6818
f 6805//6805 6820//6820 6819//6819
f 6805//6805 6821//6821 6820//6820
f 6805//6805 6822//6822 6821//6821
f 6805//6805 6823//6823 6822//6822
f 6805//6805 6806//6806 6823//6823
f 6806//6806 6807//6807 6825//6825
f 6806//6806 6825//6825 6824//6824
f 6807//6807 6808//6808 6826//6826
f 6807//6807 6826//6826 6825//6825
f 6808//6808 6809//6809 6827//6827
f 6808//6808 6827//6827 6826//6826
f 6809//6809 6810//6810 6828//6828
f 6809//6809 6828//6828 6827//6827
f 6810//6810 6811//6811 6829//6829
f 6810//6810 6829//6829 6828//6828
f 6811//6811 6812//6812 6830//6830
f 6811//6811 6830//6830 6829//6829
f 6812//6812 6813//6813 6831//6831
f 6812//6812 6831//6831 6830//6830
f 6813//6813 6814//6814 6832//6832
f 6813//6813 6832//6832 6831//6831
f 6814//6814 6815//6815 6833//6833
f 6814//6814 6833//6833 6832//6832
f 6815//6815 6816//6816 6834//6834
f 6815//6815 6834//6834 6833//6833
f 6816//6816 6817//6817 6835//6835
f 6816//6816 6835//6835 6834//6834
f 6817//6817 6818//6818 6836//6836
f 6817//6817 6836//6836 6835//6835
f 6818//6818 6819//6819 6837//6837
f 6818//6818 6837//6837 6836//6836
f 6819//6819 6820//6820 6838//6838
f 6819//6819 6838//6838 6837//6837
f 6820//6820 6821//6821 6839//6839
f 6820//6820 6839//6839 6838//6838
f 6821//6821 6822//6822 6840//6840
f 6821//6821 6840//6840 6839//6839
f 6822//6822 6823//6823 6841//6841
f 6822//6822 6841//6841 6840//6840
f 6823//6823 6806//6806 6824//6824
f 6823//6823 6824//6824 6841//6841
f 6824//6824 6825//6825 6843//6843
f 6824//6824 6843//6843 6842//6842
f 6825//6825 6826//6826 6844//6844
f 6825//6825 6844//6844 6843//6843
f 6826//6826 6827//6827 6845//6845
f 6826//6826 6845//6845 6844//6844
f 6827//6827 6828//6828 6846//6846
f 6827//6827 6846//6846 6845//6845
f 6828//6828 6829//6829 6847//6847
f 6828//6828 6847//6847 6846//6846
f 6829//6829 6830//6830 6848//6848
f 6829//6829 6848//6848 6847//6847
f 6830//6830 6831//6831 6849//6849
f 6830//6830 6849//6849 6848//6848
f 6831//6831 6832//6832 6850//6850
f 6831//6831 6850//6850 6849//6849
f 6832//6832 6833//6833 6851//6851
f 6832//6832 6851//6851 6850//6850
f 6833//6833 6834//6834 6852//6852
f 6833//6833 6852//6852 6851//6851
f 6834//6834 6835//6835 6853//6853
f 6834//6834 6853//6853 6852//6852
f 6835//6835 6836//6836 6854//6854
f 6835//6835 6854//6854 6853//6853
f 6836//6836 6837//6837 6855//6855
f 6836//6836 6855//6855 6854//6854
f 6837//6837 6838//6838 6856//6856
f 6837//6837 6856//6856 6855//6855
f 6838//6838 6839//6839 6857//6857
f 6838//6838 6857//6857 6856//6856
f 6839//6839 6840//6840 6858//6858
f 6839//6839 6858//6858 6857//6857
f 6840//6840 6841//6841 6859//6859
f 6840//6840 6859//6859 6858//6858
f 6841//6841 6824//6824 6842//6842
f 6841//6841 6842//6842 6859//6859
f 6842//6842 6843//6843 6861//6861
f 6842//6842 6861//6861 6860//6860
f 6843//6843 6844//6844 6862//6862
f 6843//6843 6862//6862 6861//6861
f 6844//6844 6845//6845 6863//6863
f 6844//6844 6863//6863 6862//6862
f 6845//6845 6846//6846 6864//6864
f 6845//6845 6864//6864 6863//6863
f 6846//6846 6847//6847 6865//6865
f 6846//6846 6865//6865 6864//6864
f 6847//6847 6848//6848 6866//6866
f 6847//6847 6866//6866 6865//6865
f 6848//6848 6849//6849 6867//6867
f 6848//6848 6867//6867 6866//6866
f 6849//6849 6850//6850 6868//6868
f 6849//6849 6868//6868 6867//6867
f 6850//6850 6851//6851 6869//6869
f 6850//6850 6869//6869 6868//6868
f 6851//6851 6852//6852 6870//6870
f 6851//6851 6870//6870 6869//6869
f 6852//6852 6853//6853 6871//6871
f 6852//6852 6871//6871 6870//6870
f 6853//6853 6854//6854 6872//6872
f 6853//6853 6872//6872 6871//6871
f 6854//6854 6855//6855 6873//6873
f 6854//6854 6873//6873 6872//6872
f 6855//6855 6856//6856 6874//6874
f 6855//6855 6874//6874 6873//6873
f 6856//6856 6857//6857 6875//6875
f 6856//6856 6875//6875 6874//6874
f 6857//6857 6858//6858 6876//6876
f 6857//6857 6876//6876 6875//6875
f 6858//6858 6859//6859 6877//6877
f 6858//6858 6877//6877 6876//6876
f 6859//6859 6842//6842 6860//6860
f 6859//6859 6860//6860 6877//6877
f 6860//6860 6861//6861 6879//6879
f 6860//6860 6879//6879 6878//6878
f 6861//6861 6862//6862 6880//6880
f 6861//6861 6880//6880 6879//6879
f 6862//6862 6863//6863 6881//6881
f 6862//6862 6881//6881 6880//6880
f 6863//6863 6864//6864 6882//6882
f 6863//6863 6882//6882 6881//6881
f 6864//6864 6865//6865 6883//6883
f 6864//6864 6883//6883 6882//6882
f 6865//6865 6866//6866 6884//6884
f 6865//6865 6884//6884 6883//6883
f 6866//6866 6867//6867 6885//6885
f 6866//6866 6885//6885 6884//6884
f 6867//6867 6868//6868 6886//6886
f 6867//6867 6886//6886 6885//6885
f 6868//6868 6869//6869 6887//6887
f 6868//6868 6887//6887 6886//6886
f 6869//6869 6870//6870 6888//6888
f 6869//6869 6888//6888 6887//6887
f 6870//6870 6871//6871 6889//6889
f 6870//6870 6889//6889 6888//6888
f 6871//6871 6872//6872 6890//6890
f 6871//6871 6890//6890 6889//6889
f 6872//6872 6873//6873 6891//6891
f 6872//6872 6891//6891 6890//6890
f 6873//6873 6874//6874 6892//6892
f 6873//6873 6892//6892 6891//6891
f 6874//6874 6875//6875 6893//6893
f 6874//6874 6893//6893 6892//6892
f 6875//6875 6876//6876 6894//6894
f 6875//6875 6894//6894 6893//6893
f 6876//6876 6877//6877 6895//6895
f 6876//6876 6895//6895 6894//6894
f 6877//6877 6860//6860 6878//6878
f 6877//6877 6878//6878 6895//6895
f 6878//6878 6879//6879 6897//6897
f 6878//6878 6897//6897 6896//6896
f 6879//6879 6880//6880 6898//6898
f 6879//6879 6898//6898 6897//6897
f 6880//6880 6881//6881 6899//6899
f 6880//6880 6899//6899 6898//6898
f 6881//6881 6882//6882 6900//6900
f 6881//6881 6900//6900 6899//6899
f 6882//6882 6883//6883 6901//6901
f 6882//6882 6901//6901 6900//6900
f 6883//6883 6884//6884 6902//6902
f 6883//6883 6902//6902 6901//6901
f 6884//6884 6885//6885 6903//6903
f 6884//6884 6903//6903 6902//6902
f 6885//6885 6886//6886 6904//6904
f 6885//6885 6904//6904 6903//6903
f 6886//6886 6887//6887 6905//6905
f 6886//6886 6905//6905 6904//6904
f 6887//6887 6888//6888 6906//6906
f 6887//6887 6906//6906 6905//6905
f 6888//6888 6889//6889 6907//6907
f 6888//6888 6907//6907 6906//6906
f 6889//6889 6890//6890 6908//6908
f 6889//6889 6908//6908 6907//6907
f 6890//6890 6891//6891 6909//6909
f 6890//6890 6909//6909 6908//6908
f 6891//6891 6892//6892 6910//6910
f 6891//6891 6910//6910 6909//6909
f 6892//6892 6893//6893 6911//6911
f 6892//6892 6911//6911 6910//6910
f 6893//6893 6894//6894 6912//6912
f 6893//6893 6912//6912 6911//6911
f 6894//6894 6895//6895 6913//6913
f 6894//6894 6913//6913 6912//6912
f 6895//6895 6878//6878 6896//6896
f 6895//6895 6896//6896 6913//6913
f 6896//6896 6897//6897 6915//6915
f 6896//6896 6915//6915 6914//6914
f 6897//6897 6898//6898 6916//6916
f 6897//6897 6916//6916 6915//6915
f 6898//6898 6899//6899 6917//6917
f 6898//6898 6917//6917 6916//6916
f 6899//6899 6900//6900 6918//6918
f 6899//6899 6918//6918 6917//6917
f 6900//6900 6901//6901 6919//6919
f 6900//6900 6919//6919 6918//6918
f 6901//6901 6902//6902 6920//6920
f 6901//6901 6920//6920 6919//6919
f 6902//6902 6903//6903 6921//6921
f 6902//6902 6921//6921 6920//6920
f 6903//6903 6904//6904 6922//6922
f 6903//6903 6922//6922 6921//6921
f 6904//6904 6905//6905 6923//6923
f 6904//6904 6923//6923 6922//6922
f 6905//6905 6906//6906 6924//6924
f 6905//6905 6924//6924 6923//6923
f 6906//6906 6907//6907 6925//6925
f 6906//6906 6925//6925 6924//6924
f 6907//6907 6908//6908 6926//6926
f 6907//6907 6926//6926 6925//6925
f 6908//6908 6909//6909 6927//6927
f 6908//6908 6927//6927 6926//6926
f 6909//6909 6910//6910 6928//6928
f 6909//6909 6928//6928 6927//6927
f 6910//6910 6911//6911 6929//6929
f 6910//6910 6929//6929 6928//6928
f 6911//6911 6912//6912 6930//6930
f 6911//6911 6930//6930 6929//6929
f 6912//6912 6913//6913 6931//6931
f 6912//6912 6931//6931 6930//6930
f 6913//6913 6896//6896 6914//6914
f 6913//6913 6914//6914 6931//6931
f 6914//6914 6915//6915 6933//6933
f 6914//6914 6933//6933 6932//6932
f 6915//6915 6916//6916 6934//6934
f 6915//6915 6934//6934 6933//6933
f 6916//6916 6917//6917 6935//6935
f 6916//6916 6935//6935 6934//6934
f 6917//6917 6918//6918 6936//6936
f 6917//6917 6936//6936 6935//6935
f 6918//6918 6919//6919 6937//6937
f 6918//6918 6937//6937 6936//6936
f 6919//6919 6920//6920 6938//6938
f 6919//6919 6938//6938 6937//6937
f 6920//6920 6921//6921 6939//6939
f 6920//6920 6939//6939 6938//6938
f 6921//6921 6922//6922 6940//6940
f 6921//6921 6940//6940 6939//6939
f 6922//6922 6923//6923 6941//6941
f 6922//6922 6941//6941 6940//6940
f 6923//6923 6924//6924 6942//6942
f 6923//6923 6942//6942 6941//6941
f 6924//6924 6925//6925 6943//6943
f 6924//6924 6943//6943 6942//6942
f 6925//6925 6926//6926 6944//6944
f 6925//6925 6944//6944 6943//6943
f 6926//6926 6927//6927 6945//6945
f 6926//6926 6945//6945 6944//6944
f 6927//6927 6928//6928 6946//6946
f 6927//6927 6946//6946 6945//6945
f 6928//6928 6929//6929 6947//6947
f 6928//6928 6947//6947 6946//6946
f 6929//6929 6930//6930 6948//6948
f 6929//6929 6948//6948 6947//6947
f 6930//6930 6931//6931 6949//6949
f 6930//6930 6949//6949 6948//6948
f 6931//6931 6914//6914 6932//6932
f 6931//6931 6932//6932 6949//6949
f 6932//6932 6933//6933 6951//6951
f 6932//6932 6951//6951 6950//6950
f 6933//6933 6934//6934 6952//6952
f 6933//6933 6952//6952 6951//6951
f 6934//6934 6935//6935 6953//6953
f 6934//6934 6953//6953 6952//6952
f 6935//6935 6936//6936 6954//6954
f 6935//6935 6954//6954 6953//6953
f 6936//6936 6937//6937 6955//6955
f 6936//6936 6955//6955 6954//6954
f 6937//6937 6938//6938 6956//6956
f 6937//6937 6956//6956 6955//6955
f 6938//6938 6939//6939 6957//6957
f 6938//6938 6957//6957 6956//6956
f 6939//6939 6940//6940 6958//6958
f 6939//6939 6958//6958 6957//6957
f 6940//6940 6941//6941 6959//6959
f 6940//6940 6959//6959 6958//6958
f 6941//6941 6942//6942 6960//6960
f 6941//6941 6960//6960 6959//6959
f 6942//6942 6943//6943 6961//6961
f 6942//6942 6961//6961 6960//6960
f 6943//6943 6944//6944 6962//6962
f 6943//6943 6962//6962 6961//6961
f 6944//6944 6945//6945 6963//6963
f 6944//6944 6963//6963 6962//6962
f 6945//6945 6946//6946 6964//6964
f 6945//6945 6964//6964 6963//6963
f 6946//6946 6947//6947 6965//6965
f 6946//6946 6965//6965 6964//6964
f 6947//6947 6948//6948 6966//6966
f 6947//6947 6966//6966 6965//6965
f 6948//6948 6949//6949 6967//6967
f 6948//6948 6967//6967 6966//6966
f 6949//6949 6932//6932 6950//6950
f 6949//6949 6950//6950 6967//6967
f 6950//6950 6951//6951 6969//6969
f 6950//6950 6969//6969 6968//6968
f 6951//6951 6952//6952 6970//6970
f 6951//6951 6970//6970 6969//6969
f 6952//6952 6953//6953 6971//6971
f 6952//6952 6971//6971 6970//6970
f 6953//6953 6954//6954 6972//6972
f 6953//6953 6972//6972 6971//6971
f 6954//6954 6955//6955 6973//6973
f 6954//6954 6973//6973 6972//6972
f 6955//6955 6956//6956 6974//6974
f 6955//6955 6974//6974 6973//6973
f 6956//6956 6957//6957 6975//6975
f 6956//6956 6975//6975 6974//6974
f 6957//6957 6958//6958 6976//6976
f 6957//6957 6976//6976 6975//6975
f 6958//6958 6959//6959 6977//6977
f 6958//6958 6977//6977 6976//6976
f 6959//6959 6960//6960 6978//6978
f 6959//6959 6978//6978 6977//6977
f 6960//6960 6961//6961 6979//6979
f 6960//6960 6979//6979 6978//6978
f 6961//6961 6962//6962 6980//6980
f 6961//6961 6980//6980 6979//6979
f 6962//6962 6963//6963 6981//6981
f 6962//6962 6981//6981 6980//6980
f 6963//6963 6964//6964 6982//6982
f 6963//6963 6982//6982 6981//6981
f 6964//6964 6965//6965 6983//6983
f 6964//6964 6983//6983 6982//6982
f 6965//6965 6966//6966 6984//6984
f 6965//6965 6984//6984 6983//6983
f 6966//6966 6967//6967 6985//6985
f 6966//6966 6985//6985 6984//6984
f 6967//6967 6950//6950 6968//6968
f 6967//6967 6968//6968 6985//6985
f 6968//6968 6969//6969 6987//6987
f 6968//6968 6987//6987 6986//6986
f 6969//6969 6970//6970 6988//6988
f 6969//6969 6988//6988 6987//6987
f 6970//6970 6971//6971 6989//6989
f 6970//6970 6989//6989 6988//6988
f 6971//6971 6972//6972 6990//6990
f 6971//6971 6990//6990 6989//6989
f 6972//6972 6973//6973 6991//6991
f 6972//6972 6991//6991 6990//6990
f 6973//6973 6974//6974 6992//6992
f 6973//6973 6992//6992 6991//6991
f 6974//6974 6975//6975 6993//6993
f 6974//6974 6993//6993 6992//6992
f 6975//6975 6976//6976 6994//6994
f 6975//6975 6994//6994 6993//6993
f 6976//6976 6977//6977 6995//6995
f 6976//6976 6995//6995 6994//6994
f 6977//6977 6978//6978 6996//6996
f 6977//6977 6996//6996 6995//6995
f 6978//6978 6979//6979 6997//6997
f 6978//6978 6997//6997 6996//6996
f 6979//6979 6980//6980 6998//6998
f 6979//6979 6998//6998 6997//6997
f 6980//6980 6981//6981 6999//6999
f 6980//6980 6999//6999 6998//6998
f 6981//6981 6982//6982 7000//7000
f 6981//6981 7000//7000 6999//6999
f 6982//6982 6983//6983 7001//7001
f 6982//6982 7001//7001 7000//7000
f 6983//6983 6984//6984 7002//7002
f 6983//6983 7002//7002 7001//7001
f 6984//6984 6985//6985 7003//7003
f 6984//6984 7003//7003 7002//7002
f 6985//6985 6968//6968 6986//6986
f 6985//6985 6986//6986 7003//7003
f 6986//6986 6987//6987 7004//7004
f 6987//6987 6988//6988 7004//7004
f 6988//6988 6989//6989 7004//7004
f 6989//6989 6990//6990 7004//7004
f 6990//6990 6991//6991 7004//7004
f 6991//6991 6992//6992 7004//7004
f 6992//6992 6993//6993 7004//7004
f 6993//6993 6994//6994 7004//7004
f 6994//6994 6995//6995 7004//7004
f 6995//6995 6996//6996 7004//7004
f 6996//6996 6997//6997 7004//7004
f 6997//6997 6998//6998 7004//7004
f 6998//6998 6999//6999 7004//7004
f 6999//6999 7000//7000 7004//7004
f 7000//7000 7001//7001 7004//7004
f 7001//7001 7002//7002 7004//7004
f 7002//7002 7003//7003 7004//7004
f 7003//7003 6986//6986 7004//7004
f 7005//7005 7007//7007 7006//7006
f 7005//7005 7008//7008 7007//7007
f 7005//7005 7009//7009 7008//7008
f 7005//7005 7010//7010 7009//7009
f 7005//7005 7011//7011 7010//7010
f 7005//7005 7012//7012 7011//7011
f 7005//7005 7013//7013 7012//7012
f 7005//7005 7014//7014 7013//7013
f 7005//7005 7015//7015 7014//7014
f 7005//7005 7016//7016 7015//7015
f 7005//7005 7017//7017 7016//7016
f 7005//7005 7018//7018 7017//7017
f 7005//7005 7019//7019 7018//7018
f 7005//7005 7020//7020 7019//7019
f 7005//7005 7021//7021 7020//7020
f 7005//7005 7022//7022 7021//7021
f 7005//7005 7023//7023 7022//7022
f 7005//7005 7006//7006 7023//7023
f 7006//7006 7007//7007 7025//7025
f 7006//7006 7025//7025 7024//7024
f 7007//7007 7008//7008 7026//7026
f 7007//7007 7026//7026 7025//7025
f 7008//7008 7009//7009 7027//7027
f 7008//7008 7027//7027 7026//7026
f 7009//7009 7010//7010 7028//7028
f 7009//7009 7028//7028 7027//7027
f 7010//7010 7011//7011 7029//7029
f 7010//7010 7029//7029 7028//7028
f 7011//7011 7012//7012 7030//7030
f 7011//7011 7030//7030 7029//7029
f 7012//7012 7013//7013 7031//7031
f 7012//7012 7031//7031 7030//7030
f 7013//7013 7014//7014 7032//7032
f 7013//7013 7032//7032 7031//7031
f 7014//7014 7015//7015 7033//7033
f 7014//7014 7033//7033 7032//7032
f 7015//7015 7016//7016 7034//7034
f 7015//7015 7034//7034 7033//7033
f 7016//7016 7017//7017 7035//7035
f 7016//7016 7035//7035 7034//7034
f 7017//7017 7018//7018 7036//7036
f 7017//7017 7036//7036 7035//7035
f 7018//7018 7019//7019 7037//7037
f 7018//7018 7037//7037 7036//7036
f 7019//7019 7020//7020 7038//7038
f 7019//7019 7038//7038 7037//7037
f 7020//7020 7021//7021 7039//7039
f 7020//7020 7039//7039 7038//7038
f 7021//7021 7022//7022 7040//7040
f 7021//7021 7040//7040 7039//7039
f 7022//7022 7023//7023 7041//7041
f 7022//7022 7041//7041 7040//7040
f 7023//7023 7006//7006 7024//7024
f 7023//7023 7024//7024 7041//7041
f 7024//7024 7025//7025 7043//7043
f 7024//7024 7043//7043 7042//7042
f 7025//7025 7026//7026 7044//7044
f 7025//7025 7044//7044 7043//7043
f 7026//7026 7027//7027 7045//7045
f 7026//7026 7045//7045 7044//7044
f 7027//7027 7028//7028 7046//7046
f 7027//7027 7046//7046 7045//7045
f 7028//7028 7029//7029 7047//7047
f 7028//7028 7047//7047 7046//7046
f 7029//7029 7030//7030 7048//7048
f 7029//7029 7048//7048 7047//7047
f 7030//7030 7031//7031 7049//7049
f 7030//7030 7049//7049 7048//7048
f 7031//7031 7032//7032 7050//7050
f 7031//7031 7050//7050 7049//7049
f 7032//7032 7033//7033 7051//7051
f 7032//7032 7051//7051 7050//7050
f 7033//7033 7034//7034 7052//7052
f 7033//7033 7052//7052 7051//7051
f 7034//7034 7035//7035 7053//7053
f 7034//7034 7053//7053 7052//7052
f 7035//7035 7036//7036 7054//7054
f 7035//7035 7054//7054 7053//7053
f 7036//7036 7037//7037 7055//7055
f 7036//7036 7055//7055 7054//7054
f 7037//7037 7038//7038 7056//7056
f 7037//7037 7056//7056 7055//7055
f 7038//7038 7039//7039 7057//7057
f 7038//7038 7057//7057 7056//7056
f 7039//7039 7040//7040 7058//7058
f 7039//7039 7058//7058 7057//7057
f 7040//7040 7041//7041 7059//7059
f 7040//7040 7059//7059 7058//7058
f 7041//7041 7024//7024 7042//7042
f 7041//7041 7042//7042 7059//7059
f 7042//7042 7043//7043 7061//7061
f 7042//7042 7061//7061 7060//7060
f 7043//7043 7044//7044 7062//7062
f 7043//7043 7062//7062 7061//7061
f 7044//7044 7045//7045 7063//7063
f 7044//7044 7063//7063 7062//7062
f 7045//7045 7046//7046 7064//7064
f 7045//7045 7064//7064 7063//7063
f 7046//7046 7047//7047 7065//7065
f 7046//7046 7065//7065 7064//7064
f 7047//7047 7048//7048 7066//7066
f 7047//7047 7066//7066 7065//7065
f 7048//7048 7049//7049 7067//7067
f 7048//7048 7067//7067 7066//7066
f 7049//7049 7050//7050 7068//7068
f 7049//7049 7068//7068 7067//7067
f 7050//7050 7051//7051 7069//7069
f 7050//7050 7069//7069 7068//7068
f 7051//7051 7052//7052 7070//7070
f 7051//7051 7070//7070 7069//7069
f 7052//7052 7053//7053 7071//7071
f 7052//7052 7071//7071 7070//7070
f 7053//7053 7054//7054 7072//7072
f 7053//7053 7072//7072 7071//7071
f 7054//7054 7055//7055 7073//7073
f 7054//7054 7073//7073 7072//7072
f 7055//7055 7056//7056 7074//7074
f 7055//7055 7074//7074 7073//7073
f 7056//7056 7057//7057 7075//7075
f 7056//7056 7075//7075 7074//7074
f 7057//7057 7058//7058 7076//7076
f 7057//7057 7076//7076 7075//7075
f 7058//7058 7059//7059 7077//7077
f 7058//7058 7077//7077 7076//7076
f 7059//7059 7042//7042 7060//7060
f 7059//7059 7060//7060 7077//7077
f 7060//7060 7061//7061 7079//7079
f 7060//7060 7079//7079 7078//7078
f 7061//7061 7062//7062 7080//7080
f 7061//7061 7080//7080 7079//7079
f 7062//7062 7063//7063 7081//7081
f 7062//7062 7081//7081 7080//7080
f 7063//7063 7064//7064 7082//7082
f 7063//7063 7082//7082 7081//7081
f 7064//7064 7065//7065 7083//7083
f 7064//7064 7083//7083 7082//7082
f 7065//7065 7066//7066 7084//7084
f 7065//7065 7084//7084 7083//7083
f 7066//7066 7067//7067 7085//7085
f 7066//7066 7085//7085 7084//7084
f 7067//7067 7068//7068 7086//7086
f 7067//7067 7086//7086 7085//7085
f 7068//7068 7069//7069 7087//7087
f 7068//7068 7087//7087 7086//7086
f 7069//7069 7070//7070 7088//7088
f 7069//7069 7088//7088 7087//7087
f 7070//7070 7071//7071 7089//7089
f 7070//7070 7089//7089 7088//7088
f 7071//7071 7072//7072 7090//7090
f 7071//7071 7090//7090 7089//7089
f 7072//7072 7073//7073 7091//7091
f 7072//7072 7091//7091 7090//7090
f 7073//7073 7074//7074 7092//7092
f 7073//7073 7092//7092 7091//7091
f 7074//7074 7075//7075 7093//7093
f 7074//7074 7093//7093 7092//7092
f 7075//7075 7076//7076 7094//7094
f 7075//7075 7094//7094 7093//7093
f 7076//7076 7077//7077 7095//7095
f 7076//7076 7095//7095 7094//7094
f 7077//7077 7060//7060 7078//7078
f 7077//7077 7078//7078 7095//7095
f 7078//7078 7079//7079 7097//7097
f 7078//7078 7097//7097 7096//7096
f 7079//7079 7080//7080 7098//7098
f 7079//7079 7098//7098 7097//7097
f 7080//7080 7081//7081 7099//7099
f 7080//7080 7099//7099 7098//7098
f 7081//7081 7082//7082 7100//7100
f 7081//7081 7100//7100 7099//7099
f 7082//7082 7083//7083 7101//7101
f 7082//7082 7101//7101 7100//7100
f 7083//7083 7084//7084 7102//7102
f 7083//7083 7102//7102 7101//7101
f 7084//7084 7085//7085 7103//7103
f 7084//7084 7103//7103 7102//7102
f 7085//7085 7086//7086 7104//7104
f 7085//7085 7104//7104 7103//7103
f 7086//7086 7087//7087 7105//7105
f 7086//7086 7105//7105 7104//7104
f 7087//7087 7088//7088 7106//7106
f 7087//7087 7106//7106 7105//7105
f 7088//7088 7089//7089 7107//7107
f 7088//7088 7107//7107 7106//7106
f 7089//7089 7090//7090 7108//7108
f 7089//7089 7108//7108 7107//7107
f 7090//7090 7091//7091 7109//7109
f 7090//7090 7109//7109 7108//7108
f 7091//7091 7092//7092 7110//7110
f 7091//7091 7110//7110 7109//7109
f 7092//7092 7093//7093 7111//7111
f 7092//7092 7111//7111 7110//7110
f 7093//7093 7094//7094 7112//7112
f 7093//7093 7112//7112 7111//7111
f 7094//7094 7095//7095 7113//7113
f 7094//7094 7113//7113 7112//7112
f 7095//7095 7078//7078 7096//7096
f 7095//7095 7096//7096 7113//7113
f 7096//7096 7097//7097 7115//7115
f 7096//7096 7115//7115 7114//7114
f 7097//7097 7098//7098 7116//7116
f 7097//7097 7116//7116 7115//7115
f 7098//7098 7099//7099 7117//7117
f 7098//7098 7117//7117 7116//7116
f 7099//7099 7100//7100 7118//7118
f 7099//7099 7118//7118 7117//7117
f 7100//7100 7101//7101 7119//7119
f 7100//7100 7119//7119 7118//7118
f 7101//7101 7102//7102 7120//7120
f 7101//7101 7120//7120 7119//7119
f 7102//7102 7103//7103 7121//7121
f 7102//7102 7121//7121 7120//7120
f 7103//7103 7104//7104 7122//7122
f 7103//7103 7122//7122 7121//7121
f 7104//7104 7105//7105 7123//7123
f 7104//7104 7123//7123 7122//7122
f 7105//7105 7106//7106 7124//7124
f 7105//7105 7124//7124 7123//7123
f 7106//7106 7107//7107 7125//7125
f 7106//7106 7125//7125 7124//7124
f 7107//7107 7108//7108 7126//7126
f 7107//7107 7126//7126 7125//7125
f 7108//7108 7109//7109 7127//7127
f 7108//7108 7127//7127 7126//7126
f 7109//7109 7110//7110 7128//7128
f 7109//7109 7128//7128 7127//7127
f 7110//7110 7111//7111 7129//7129
f 7110//7110 7129//7129 7128//7128
f 7111//7111 7112//7112 7130//7130
f 7111//7111 7130//7130 7129//7129
f 7112//7112 7113//7113 7131//7131
f 7112//7112 7131//7131 7130//7130
f 7113//7113 7096//7096 7114//7114
f 7113//7113 7114//7114 7131//7131
f 7114//7114 7115//7115 7133//7133
f 7114//7114 7133//7133 7132//7132
f 7115//7115 7116//7116 7134//7134
f 7115//7115 7134//7134 7133//7133
f 7116//7116 7117//7117 7135//7135
f 7116//7116 7135//7135 7134//7134
f 7117//7117 7118//7118 7136//7136
f 7117//7117 7136//7136 7135//7135
f 7118//7118 7119//7119 7137//7137
f 7118//7118 7137//7137 7136//7136
f 7119//7119 7120//7120 7138//7138
f 7119//7119 7138//7138 7137//7137
f 7120//7120 7121//7121 7139//7139
f 7120//7120 7139//7139 7138//7138
f 7121//7121 7122//7122 7140//7140
f 7121//7121 7140//7140 7139//7139
f 7122//7122 7123//7123 7141//7141
f 7122//7122 7141//7141 7140//7140
f 7123//7123 7124//7124 7142//7142
f 7123//7123 7142//7142 7141//7141
f 7124//7124 7125//7125 7143//7143
f 7124//7124 7143//7143 7142//7142
f 7125//7125 7126//7126 7144//7144
f 7125//7125 7144//7144 7143//7143
f 7126//7126 7127//7127 7145//7145
f 7126//7126 7145//7145 7144//7144
f 7127//7127 7128//7128 7146//7146
f 7127//7127 7146//7146 7145//7145
f 7128//7128 7129//7129 7147//7147
f 7128//7128 7147//7147 7146//7146
f 7129//7129 7130//7130 7148//7148
f 7129//7129 7148//7148 7147//7147
f 7130//7130 7131//7131 7149//7149
f 7130//7130 7149//7149 7148//7148
f 7131//7131 7114//7114 7132//7132
f 7131//7131 7132//7132 7149//7149
f 7132//7132 7133//7133 7151//7151
f 7132//7132 7151//7151 7150//7150
f 7133//7133 7134//7134 7152//7152
f 7133//7133 7152//7152 7151//7151
f 7134//7134 7135//7135 7153//7153
f 7134//7134 7153//7153 7152//7152
f 7135//7135 7136//7136 7154//7154
f 7135//7135 7154//7154 7153//7153
f 7136//7136 7137//7137 7155//7155
f 7136//7136 7155//7155 7154//7154
f 7137//7137 7138//7138 7156//7156
f 7137//7137 7156//7156 7155//7155
f 7138//7138 7139//7139 7157//7157
f 7138//7138 7157//7157 7156//7156
f 7139//7139 7140//7140 7158//7158
f 7139//7139 7158//7158 7157//7157
f 7140//7140 7141//7141 7159//7159
f 7140//7140 7159//7159 7158//7158
f 7141//7141 7142//7142 7160//7160
f 7141//7141 7160//7160 7159//7159
f 7142//7142 7143//7143 7161//7161
f 7142//7142 7161//7161 7160//7160
f 7143//7143 7144//7144 7162//7162
f 7143//7143 7162//7162 7161//7161
f 7144//7144 7145//7145 7163//7163
f 7144//7144 7163//7163 7162//7162
f 7145//7145 7146//7146 7164//7164
f 7145//7145 7164//7164 7163//7163
f 7146//7146 7147//7147 7165//7165
f 7146//7146 7165//7165 7164//7164
f 7147//7147 7148//7148 7166//7166
f 7147//7147 7166//7166 7165//7165
f 7148//7148 7149//7149 7167//7167
f 7148//7148 7167//7167 7166//7166
f 7149//7149 7132//7132 7150//7150
f 7149//7149 7150//7150 7167//7167
f 7150//7150 7151//7151 7169//7169
f 7150//7150 7169//7169 7168//7168
f 7151//7151 7152//7152 7170//7170
f 7151//7151 7170//7170 7169//7169
f 7152//7152 7153//7153 7171//7171
f 7152//7152 7171//7171 7170//7170
f 7153//7153 7154//7154 7172//7172
f 7153//7153 7172//7172 7171//7171
f 7154//7154 7155//7155 7173//7173
f 7154//7154 7173//7173 7172//7172
f 7155//7155 7156//7156 7174//7174
f 7155//7155 7174//7174 7173//7173
f 7156//7156 7157//7157 7175//7175
f 7156//7156 7175//7175 7174//7174
f 7157//7157 7158//7158 7176//7176
f 7157//7157 7176//7176 7175//7175
f 7158//7158 7159//7159 7177//7177
f 7158//7158 7177//7177 7176//7176
f 7159//7159 7160//7160 7178//7178
f 7159//7159 7178//7178 7177//7177
f 7160//7160 7161//7161 7179//7179
f 7160//7160 7179//7179 7178//7178
f 7161//7161 7162//7162 7180//7180
f 7161//7161 7180//7180 7179//7179
f 7162//7162 7163//7163 7181//7181
f 7162//7162 7181//7181 7180//7180
f 7163//7163 7164//7164 7182//7182
f 7163//7163 7182//7182 7181//7181
f 7164//7164 7165//7165 7183//7183
f 7164//7164 7183//7183 7182//7182
f 7165//7165 7166//7166 7184//7184
f 7165//7165 7184//7184 7183//7183
f 7166//7166 7167//7167 7185//7185
f 7166//7166 7185//7185 7184//7184
f 7167//7167 7150//7150 7168//7168
f 7167//7167 7168//7168 7185//7185
f 7168//7168 7169//7169 7187//7187
f 7168//7168 7187//7187 7186//7186
f 7169//7169 7170//7170 7188//7188
f 7169//7169 7188//7188 7187//7187
f 7170//7170 7171//7171 7189//7189
f 7170//7170 7189//7189 7188//7188
f 7171//7171 7172//7172 7190//7190
f 7171//7171 7190//7190 7189//7189
f 7172//7172 7173//7173 7191//7191
f 7172//7172 7191//7191 7190//7190
f 7173//7173 7174//7174 7192//7192
f 7173//7173 7192//7192 7191//7191
f 7174//7174 7175//7175 7193//7193
f 7174//7174 7193//7193 7192//7192
f 7175//7175 7176//7176 7194//7194
f 7175//7175 7194//7194 7193//7193
f 7176//7176 7177//7177 7195//7195
f 7176//7176 7195//7195 7194//7194
f 7177//7177 7178//7178 7196//7196
f 7177//7177 7196//7196 7195//7195
f 7178//7178 7179//7179 7197//7197
f 7178//7178 7197//7197 7196//7196
f 7179//7179 7180//7180 7198//7198
f 7179//7179 7198//7198 7197//7197
f 7180//7180 7181//7181 7199//7199
f 7180//7180 7199//7199 7198//7198
f 7181//7181 7182//7182 7200//7200
f 7181//7181 7200//7200 7199//7199
f 7182//7182 7183//7183 7201//7201
f 7182//7182 7201//7201 7200//7200
f 7183//7183 7184//7184 7202//7202
f 7183//7183 7202//7202 7201//7201
f 7184//7184 7185//7185 7203//7203
f 7184//7184 7203//7203 7202//7202
f 7185//7185 7168//7168 7186//7186
f 7185//7185 7186//7186 7203//7203
f 7186//7186 7187//7187 7204//7204
f 7187//7187 7188//7188 7204//7204
f 7188//7188 7189//7189 7204//7204
f 7189//7189 7190//7190 7204//7204
f 7190//7190 7191//7191 7204//7204
f 7191//7191 7192//7192 7204//7204
f 7192//7192 7193//7193 7204//7204
f 7193//7193 7194//7194 7204//7204
f 7194//7194 7195//7195 7204//7204
f 7195//7195 7196//7196 7204//7204
f 7196//7196 7197//7197 7204//7204
f 7197//7197 7198//7198 7204//7204
f 7198//7198 7199//7199 7204//7204
f 7199//7199 7200//7200 7204//7204
f 7200//7200 7201//7201 7204//7204
f 7201//7201 7202//7202 7204//7204
f 7202//7202 7203//7203 7204//7204
f 7203//7203 7186//7186 7204//7204
